articleName,quantity,netRevenue,vatAmount,dueAmount,hourStart,date,hour,dayOfWeek
Dr Oetker Ofenfrische Peperoni Salami,1.0,3.69,0.26,3.95,2026-01-01 20:00:00,2026-01-01,20,3
"Leergut 0,25 EUR",2.0,0.42,0.08,0.5,2026-01-01 20:00:00,2026-01-01,20,3
"Red Bull 0,25",2.0,2.86,0.54,3.4,2026-01-01 20:00:00,2026-01-01,20,3
Protein Bar Chocolate,3.0,2.8,0.2,3.0,2026-01-02 19:00:00,2026-01-02,19,4
Shot Himbeere Ingwer 60ml,1.0,1.85,0.35,2.2,2026-01-03 00:00:00,2026-01-03,0,5
"Leergut 0,15 EUR",1.0,0.13,0.02,0.15,2026-01-03 15:00:00,2026-01-03,15,5
"Leergut 0,25 EUR",1.0,0.21,0.04,0.25,2026-01-03 15:00:00,2026-01-03,15,5
"Red Bull 0,25",1.0,1.43,0.27,1.7,2026-01-03 15:00:00,2026-01-03,15,5
FUZE T PFIRSICH,1.0,1.43,0.27,1.7,2026-01-03 15:00:00,2026-01-03,15,5
Koro Protein Bar Pistachio,1.0,2.71,0.19,2.9,2026-01-04 13:00:00,2026-01-04,13,6
Koro Protein Bar Schoko Brownie,1.0,2.34,0.16,2.5,2026-01-04 13:00:00,2026-01-04,13,6
Haribo Goldbären 100g,1.0,0.93,0.07,1.0,2026-01-04 14:00:00,2026-01-04,14,6
"Leergut 0,25 EUR",1.0,0.21,0.04,0.25,2026-01-04 19:00:00,2026-01-04,19,6
DPG Vitamin Well Hydrate,1.0,1.64,0.31,1.95,2026-01-04 19:00:00,2026-01-04,19,6
"Leergut 0,15 EUR",3.0,0.39,0.06,0.45,2026-01-04 22:00:00,2026-01-04,22,6
"Leergut 0,25 EUR",1.0,0.21,0.04,0.25,2026-01-04 22:00:00,2026-01-04,22,6
"Red Bull 0,25",1.0,1.43,0.27,1.7,2026-01-04 22:00:00,2026-01-04,22,6
Teinacher Mango Maracuja,1.0,1.34,0.26,1.6,2026-01-04 22:00:00,2026-01-04,22,6
Teinacher Apfelschorle,1.0,1.34,0.26,1.6,2026-01-04 22:00:00,2026-01-04,22,6
FUZE T PFIRSICH,1.0,1.43,0.27,1.7,2026-01-04 22:00:00,2026-01-04,22,6
Kinder Country,1.0,0.47,0.03,0.5,2026-01-05 14:00:00,2026-01-05,14,0
Protein Bar Caramell Toffee,1.0,0.93,0.07,1.0,2026-01-05 16:00:00,2026-01-05,16,0
Protein Bar Chocolate,1.0,0.93,0.07,1.0,2026-01-05 16:00:00,2026-01-05,16,0
Protein Bar Vanilla Stracci,1.0,0.94,0.06,1.0,2026-01-05 16:00:00,2026-01-05,16,0
Shot Himbeere Ingwer 60ml,1.0,1.85,0.35,2.2,2026-01-05 22:00:00,2026-01-05,22,0
Shot Kurkuma Orange 60ml,1.0,1.85,0.35,2.2,2026-01-05 22:00:00,2026-01-05,22,0
Shot Beetroot 60ml,1.0,1.85,0.35,2.2,2026-01-05 22:00:00,2026-01-05,22,0
Shot Cucumber Ginger 60ml,1.0,1.85,0.35,2.2,2026-01-05 22:00:00,2026-01-05,22,0
Koro Protein Bar Pistachio,2.0,5.42,0.38,5.8,2026-01-05 22:00:00,2026-01-05,22,0
Bio H Milch 1l Nature,1.0,2.1,0.15,2.25,2026-01-06 13:00:00,2026-01-06,13,1
"Leergut 0,25 EUR",1.0,0.21,0.04,0.25,2026-01-06 14:00:00,2026-01-06,14,1
"Red Bull 0,25",1.0,1.43,0.27,1.7,2026-01-06 14:00:00,2026-01-06,14,1
Hofeis Mango 130ml,1.0,2.34,0.16,2.5,2026-01-06 17:00:00,2026-01-06,17,1
Bellezini Focaccine Rosemary,1.0,2.34,0.16,2.5,2026-01-06 17:00:00,2026-01-06,17,1
Bellezini Focaccine Basil 12 x 150 g,1.0,2.34,0.16,2.5,2026-01-06 17:00:00,2026-01-06,17,1
GIANT Flapjack Raspberry,1.0,1.12,0.08,1.2,2026-01-06 17:00:00,2026-01-06,17,1
Apfelchips,1.0,2.79,0.21,3.0,2026-01-06 17:00:00,2026-01-06,17,1
M Candy Schokoerdnüsse,1.0,1.78,0.12,1.9,2026-01-06 18:00:00,2026-01-06,18,1
Shot Himbeere Ingwer 60ml,1.0,1.85,0.35,2.2,2026-01-06 18:00:00,2026-01-06,18,1
Carrot and sea buckthorn shot 60ml,1.0,1.84,0.36,2.2,2026-01-06 18:00:00,2026-01-06,18,1
Shot Kurkuma Orange 60ml,1.0,1.84,0.36,2.2,2026-01-06 18:00:00,2026-01-06,18,1
Shot Beetroot 60ml,1.0,1.85,0.35,2.2,2026-01-06 18:00:00,2026-01-06,18,1
Shot Cucumber Ginger 60ml,1.0,1.85,0.35,2.2,2026-01-06 18:00:00,2026-01-06,18,1
Shot Ginger Apple 60ml,1.0,1.85,0.35,2.2,2026-01-06 18:00:00,2026-01-06,18,1
ichoc Choco Cookie,1.0,3.27,0.23,3.5,2026-01-06 18:00:00,2026-01-06,18,1
"Leergut 0,25 EUR",12.0,2.52,0.48,3.0,2026-01-06 18:00:00,2026-01-06,18,1
DPG Vitamin Well Reload,4.0,6.56,1.24,7.8,2026-01-06 18:00:00,2026-01-06,18,1
DPG Vitamin Well Hydrate,4.0,6.56,1.24,7.8,2026-01-06 18:00:00,2026-01-06,18,1
DPG Vitamin Well Prepare,4.0,6.56,1.24,7.8,2026-01-06 18:00:00,2026-01-06,18,1
Laugenbrezel mit Pfeffer,1.0,1.68,0.12,1.8,2026-01-07 10:00:00,2026-01-07,10,2
Steiner´s High Protein Fussili,1.0,3.64,0.25,3.89,2026-01-07 12:00:00,2026-01-07,12,2
Filly Nut Donut,1.0,1.4,0.1,1.5,2026-01-07 13:00:00,2026-01-07,13,2
Mikrowe Pommes extra dünn,1.0,1.87,0.13,2.0,2026-01-07 13:00:00,2026-01-07,13,2
XL Laugenbrezel 130g FG,1.0,1.31,0.09,1.4,2026-01-07 13:00:00,2026-01-07,13,2
"Leergut 0,25 EUR",1.0,0.21,0.04,0.25,2026-01-07 13:00:00,2026-01-07,13,2
"Red Bull Sugar Free 0,25",1.0,1.43,0.27,1.7,2026-01-07 13:00:00,2026-01-07,13,2
Protein Bar Chocolate,4.0,3.74,0.26,4.0,2026-01-07 15:00:00,2026-01-07,15,2
Apfelchips,1.0,2.8,0.2,3.0,2026-01-07 15:00:00,2026-01-07,15,2
"Leergut 0,15 EUR",2.0,0.25,0.05,0.3,2026-01-07 15:00:00,2026-01-07,15,2
"Coca Cola Zero 0,4L Glas Mehrweg",2.0,2.52,0.48,3.0,2026-01-07 15:00:00,2026-01-07,15,2
Kinder Country,3.0,1.4,0.1,1.5,2026-01-07 17:00:00,2026-01-07,17,2
Koro Protein Bar Schoko Brownie,1.0,2.34,0.16,2.5,2026-01-07 17:00:00,2026-01-07,17,2
"Leergut 0,15 EUR",2.0,0.25,0.05,0.3,2026-01-07 17:00:00,2026-01-07,17,2
"Coca Cola Zero 0,4L Glas Mehrweg",2.0,2.52,0.48,3.0,2026-01-07 17:00:00,2026-01-07,17,2
Dosenturm Unsere Besten,1.0,13.93,0.97,14.9,2026-01-07 19:00:00,2026-01-07,19,2
Koro Protein Bar Pistachio,2.0,5.42,0.38,5.8,2026-01-08 08:00:00,2026-01-08,8,3
Ritter Sport Edel Vollmilch 100g,1.0,1.78,0.12,1.9,2026-01-08 12:00:00,2026-01-08,12,3
Laugenbrezel mit Butter,1.0,1.68,0.12,1.8,2026-01-08 13:00:00,2026-01-08,13,3
Mexicana Stange,1.0,1.68,0.12,1.8,2026-01-08 13:00:00,2026-01-08,13,3
HOMEMADE BUN HAM,1.0,2.34,0.16,2.5,2026-01-08 13:00:00,2026-01-08,13,3
Shot Himbeere Ingwer 60ml,1.0,1.85,0.35,2.2,2026-01-08 13:00:00,2026-01-08,13,3
Carrot and sea buckthorn shot 60ml,1.0,1.85,0.35,2.2,2026-01-08 13:00:00,2026-01-08,13,3
Shot Ginger Apple 60ml,1.0,1.85,0.35,2.2,2026-01-08 13:00:00,2026-01-08,13,3
Koro Protein Bar Pistachio,1.0,2.71,0.19,2.9,2026-01-08 13:00:00,2026-01-08,13,3
"Leergut 0,25 EUR",2.0,0.42,0.08,0.5,2026-01-08 13:00:00,2026-01-08,13,3
"Red Bull Sugar Free 0,25",1.0,1.43,0.27,1.7,2026-01-08 13:00:00,2026-01-08,13,3
DPG Vitamin Well Hydrate,1.0,1.64,0.31,1.95,2026-01-08 13:00:00,2026-01-08,13,3
Kinder Country,2.0,0.93,0.07,1.0,2026-01-08 14:00:00,2026-01-08,14,3
Shot Ginger Apple 60ml,1.0,1.85,0.35,2.2,2026-01-08 14:00:00,2026-01-08,14,3
GIANT Flapjack Pecanut,1.0,1.12,0.08,1.2,2026-01-08 14:00:00,2026-01-08,14,3
Airwaves Menth & Eucalypt Box,1.0,2.71,0.19,2.9,2026-01-08 14:00:00,2026-01-08,14,3
"Leergut 0,08 EUR",1.0,0.07,0.01,0.08,2026-01-08 14:00:00,2026-01-08,14,3
"Leergut 0,15 EUR",1.0,0.13,0.02,0.15,2026-01-08 14:00:00,2026-01-08,14,3
Welde Alkoholfrei,1.0,1.43,0.27,1.7,2026-01-08 14:00:00,2026-01-08,14,3
"Coca Cola Zero 0,4L Glas Mehrweg",1.0,1.26,0.24,1.5,2026-01-08 14:00:00,2026-01-08,14,3
Laugenbrezel mit Butter,1.0,1.68,0.12,1.8,2026-01-08 16:00:00,2026-01-08,16,3
HOMEMADE BUN HAM,1.0,2.34,0.16,2.5,2026-01-08 17:00:00,2026-01-08,17,3
Duschdas Dusche Sport 225ml Flasche Alte,1.0,3.32,0.63,3.95,2026-01-08 19:00:00,2026-01-08,19,3
HOMEMADE BUN Veggie Laugenecke Tom Moz,2.0,4.67,0.33,5.0,2026-01-08 19:00:00,2026-01-08,19,3
Smothie Froosh  Strawberry 250ml,1.0,2.02,0.38,2.4,2026-01-08 19:00:00,2026-01-08,19,3
Koro Protein Bar Schoko Brownie,2.0,4.67,0.33,5.0,2026-01-08 19:00:00,2026-01-08,19,3
Chili & Lime Chili & Lima24 Beutel á 4,2.0,2.24,0.16,2.4,2026-01-08 21:00:00,2026-01-08,21,3
Milka Alpenmilch,1.0,2.15,0.15,2.3,2026-01-08 21:00:00,2026-01-08,21,3
Gefüllter Triple Chocolate Muffin,1.0,2.06,0.14,2.2,2026-01-08 21:00:00,2026-01-08,21,3
HOMEMADE BUN Cheese,1.0,1.78,0.12,1.9,2026-01-08 21:00:00,2026-01-08,21,3
"Leergut 0,15 EUR",1.0,0.13,0.02,0.15,2026-01-08 21:00:00,2026-01-08,21,3
Teinacher still 0.7,1.0,1.01,0.19,1.2,2026-01-08 21:00:00,2026-01-08,21,3
HOMEMADE Breakfastcup 285g,1.0,2.9,0.2,3.1,2026-01-08 22:00:00,2026-01-08,22,3
Shot Himbeere Ingwer 60ml,1.0,1.85,0.35,2.2,2026-01-08 22:00:00,2026-01-08,22,3
XL Laugenbrezel 130g FG,1.0,1.31,0.09,1.4,2026-01-09 11:00:00,2026-01-09,11,4
"Leergut 0,15 EUR",1.0,0.13,0.02,0.15,2026-01-09 13:00:00,2026-01-09,13,4
"Leergut 0,25 EUR",2.0,0.42,0.08,0.5,2026-01-09 13:00:00,2026-01-09,13,4
Red Bull Green Edition,1.0,1.43,0.27,1.7,2026-01-09 13:00:00,2026-01-09,13,4
"Red Bull Sugar Free 0,25",1.0,1.43,0.27,1.7,2026-01-09 13:00:00,2026-01-09,13,4
"Mezzo Mix 0,4L Glas Mehrweg",1.0,1.26,0.24,1.5,2026-01-09 13:00:00,2026-01-09,13,4
Shot Himbeere Ingwer 60ml,1.0,1.85,0.35,2.2,2026-01-09 14:00:00,2026-01-09,14,4
LARQ TWIST BOTTLE Granite White 740ml,1.0,41.12,2.88,44.0,2026-01-09 14:00:00,2026-01-09,14,4
LARQ TWIST BOTTLE  Obsidian Black 740ml,1.0,41.12,2.88,44.0,2026-01-09 14:00:00,2026-01-09,14,4
"Leergut 0,25 EUR",1.0,0.21,0.04,0.25,2026-01-09 14:00:00,2026-01-09,14,4
DPG Vitamin Well Reload,1.0,1.64,0.31,1.95,2026-01-09 14:00:00,2026-01-09,14,4
"Leergut 0,25 EUR",1.0,0.21,0.04,0.25,2026-01-09 15:00:00,2026-01-09,15,4
"Red Bull Sugar Free 0,25",1.0,1.43,0.27,1.7,2026-01-09 15:00:00,2026-01-09,15,4
Oreo Classic,1.0,2.71,0.19,2.9,2026-01-09 17:00:00,2026-01-09,17,4
Soft Protein Riegel Salted Peanut Carame,1.0,2.99,0.21,3.2,2026-01-09 17:00:00,2026-01-09,17,4
"Leergut 0,15 EUR",1.0,0.13,0.02,0.15,2026-01-09 17:00:00,2026-01-09,17,4
Teinacher classic,1.0,1.01,0.19,1.2,2026-01-09 17:00:00,2026-01-09,17,4
Kinder Bueno 43g Ferrero,1.0,0.93,0.07,1.0,2026-01-10 19:00:00,2026-01-10,19,5
Mikrowe Pommes extra dünn,1.0,1.87,0.13,2.0,2026-01-10 22:00:00,2026-01-10,22,5
"Bio creamy cocos fairness 37,5g",2.0,2.24,0.16,2.4,2026-01-10 22:00:00,2026-01-10,22,5
GO FRESH Tuna Sandwich,1.0,3.55,0.25,3.8,2026-01-11 12:00:00,2026-01-11,12,6
Koro Protein Bar Pistachio,1.0,2.71,0.19,2.9,2026-01-11 12:00:00,2026-01-11,12,6
Always Ultra,1.0,3.74,0.26,4.0,2026-01-11 13:00:00,2026-01-11,13,6
Bio H Milch 1l Nature,1.0,2.1,0.15,2.25,2026-01-11 13:00:00,2026-01-11,13,6
Shot Kurkuma Orange 60ml,1.0,1.85,0.35,2.2,2026-01-11 14:00:00,2026-01-11,14,6
Shot Ginger Apple 60ml,1.0,1.85,0.35,2.2,2026-01-11 14:00:00,2026-01-11,14,6
Ritter Sport Edel Vollmilch 100g,2.0,3.56,0.24,3.8,2026-01-11 18:00:00,2026-01-11,18,6
Haribo Tropifrutti 100g. 30St.,1.0,0.93,0.07,1.0,2026-01-11 18:00:00,2026-01-11,18,6
XL Laugenbrezel 130g FG,1.0,1.31,0.09,1.4,2026-01-12 10:00:00,2026-01-12,10,0
GO FRESH Tuna Sandwich,1.0,3.55,0.25,3.8,2026-01-12 12:00:00,2026-01-12,12,0
GO FRESH Sandw Käse,1.0,3.55,0.25,3.8,2026-01-12 12:00:00,2026-01-12,12,0
Mars Riegel Mars 2 Pack 70g,1.0,1.12,0.08,1.2,2026-01-12 13:00:00,2026-01-12,13,0
GIANT Flapjack Raspberry,1.0,1.12,0.08,1.2,2026-01-12 13:00:00,2026-01-12,13,0
"Leergut 0,25 EUR",2.0,0.42,0.08,0.5,2026-01-12 15:00:00,2026-01-12,15,0
"Red Bull Sugar Free 0,25",1.0,1.43,0.27,1.7,2026-01-12 15:00:00,2026-01-12,15,0
Red Bull Summer Edition,1.0,1.43,0.27,1.7,2026-01-12 15:00:00,2026-01-12,15,0
HOMEMADE BUN Cheese,1.0,1.78,0.12,1.9,2026-01-12 17:00:00,2026-01-12,17,0
HOMEMADE BUN HAM,1.0,2.33,0.17,2.5,2026-01-12 17:00:00,2026-01-12,17,0
Chili & Lime Chili & Lima24 Beutel á 4,1.0,1.12,0.08,1.2,2026-01-12 18:00:00,2026-01-12,18,0
GO FRESH Sanw Schink Goud,1.0,3.55,0.25,3.8,2026-01-12 18:00:00,2026-01-12,18,0
Beef Jerky Original,1.0,2.34,0.16,2.5,2026-01-12 19:00:00,2026-01-12,19,0
"Leergut 0,15 EUR",1.0,0.13,0.02,0.15,2026-01-12 19:00:00,2026-01-12,19,0
"Leergut 0,25 EUR",1.0,0.21,0.04,0.25,2026-01-12 19:00:00,2026-01-12,19,0
"Powerade Mountain Blast 0,5l PEW",1.0,1.34,0.26,1.6,2026-01-12 19:00:00,2026-01-12,19,0
Teinacher still 0.7,1.0,1.01,0.19,1.2,2026-01-12 19:00:00,2026-01-12,19,0
GO FRESH Sandw Käse,1.0,3.55,0.25,3.8,2026-01-12 20:00:00,2026-01-12,20,0
Koro Protein Bar Pistachio,2.0,5.42,0.38,5.8,2026-01-12 20:00:00,2026-01-12,20,0
Cashews gerös,1.0,2.06,0.14,2.2,2026-01-12 21:00:00,2026-01-12,21,0
Fairy Original Spülmittel,1.0,2.76,0.19,2.95,2026-01-12 21:00:00,2026-01-12,21,0
"Leergut 0,25 EUR",1.0,0.21,0.04,0.25,2026-01-13 09:00:00,2026-01-13,9,1
DPG Vitamin Well Hydrate,1.0,1.64,0.31,1.95,2026-01-13 09:00:00,2026-01-13,9,1
Mexicana Stange,1.0,1.68,0.12,1.8,2026-01-13 10:00:00,2026-01-13,10,1
Croissant Schnecke,1.0,1.68,0.12,1.8,2026-01-13 10:00:00,2026-01-13,10,1
Koro Protein Bar Schoko Brownie,2.0,4.67,0.33,5.0,2026-01-13 13:00:00,2026-01-13,13,1
Chili & Lime Chili & Lima24 Beutel á 4,1.0,1.12,0.08,1.2,2026-01-13 14:00:00,2026-01-13,14,1
Hanuta 2er 44g,1.0,0.93,0.07,1.0,2026-01-13 14:00:00,2026-01-13,14,1
HOMEMADE BUN Cheese,1.0,1.78,0.12,1.9,2026-01-13 16:00:00,2026-01-13,16,1
"Leergut 0,15 EUR",1.0,0.13,0.02,0.15,2026-01-13 16:00:00,2026-01-13,16,1
"Leergut 0,25 EUR",2.0,0.42,0.08,0.5,2026-01-13 16:00:00,2026-01-13,16,1
"Red Bull Sugar Free 0,25",1.0,1.43,0.27,1.7,2026-01-13 16:00:00,2026-01-13,16,1
"Mezzo Mix 0,4L Glas Mehrweg",1.0,1.26,0.24,1.5,2026-01-13 16:00:00,2026-01-13,16,1
Red Bull Sea Blue Edition,1.0,1.43,0.27,1.7,2026-01-13 16:00:00,2026-01-13,16,1
Cashews gerös,2.0,4.12,0.28,4.4,2026-01-13 17:00:00,2026-01-13,17,1
Haribo Goldbären 100g,1.0,0.93,0.07,1.0,2026-01-13 17:00:00,2026-01-13,17,1
Cashews gerös,1.0,2.06,0.14,2.2,2026-01-13 18:00:00,2026-01-13,18,1
HOMEMADE Breakfastcup 285g,1.0,2.9,0.2,3.1,2026-01-13 23:00:00,2026-01-13,23,1
Shot Himbeere Ingwer 60ml,1.0,1.85,0.35,2.2,2026-01-13 23:00:00,2026-01-13,23,1
Rexona Deo Cotton Dry,1.0,3.28,0.62,3.9,2026-01-14 13:00:00,2026-01-14,13,2
"Leergut 0,25 EUR",2.0,0.42,0.08,0.5,2026-01-14 13:00:00,2026-01-14,13,2
Red Bull Green Edition,1.0,1.43,0.27,1.7,2026-01-14 13:00:00,2026-01-14,13,2
"Red Bull 0,25",1.0,1.43,0.27,1.7,2026-01-14 13:00:00,2026-01-14,13,2
Wick Zitrone ohne Zucker,1.0,2.06,0.14,2.2,2026-01-14 14:00:00,2026-01-14,14,2
Pistazien ger,1.0,2.34,0.16,2.5,2026-01-14 14:00:00,2026-01-14,14,2
GO FRESH Sandw Käse,1.0,3.55,0.25,3.8,2026-01-14 14:00:00,2026-01-14,14,2
Hanuta 2er 44g,1.0,0.93,0.07,1.0,2026-01-14 14:00:00,2026-01-14,14,2
Shot Cucumber Ginger 60ml,1.0,1.85,0.35,2.2,2026-01-14 14:00:00,2026-01-14,14,2
Koro Protein Bar Pistachio,2.0,5.42,0.38,5.8,2026-01-14 14:00:00,2026-01-14,14,2
Koro Protein Bar Schoko Brownie,1.0,2.34,0.16,2.5,2026-01-14 14:00:00,2026-01-14,14,2
Gepa Schokolade Noir Edelbitter 100g,1.0,2.56,0.19,2.75,2026-01-14 14:00:00,2026-01-14,14,2
"Leergut 0,25 EUR",2.0,0.42,0.08,0.5,2026-01-14 14:00:00,2026-01-14,14,2
"Red Bull Sugar Free 0,25",2.0,2.86,0.54,3.4,2026-01-14 14:00:00,2026-01-14,14,2
Oreo Classic,1.0,2.71,0.19,2.9,2026-01-14 15:00:00,2026-01-14,15,2
Brezeln,1.0,1.78,0.12,1.9,2026-01-14 15:00:00,2026-01-14,15,2
M Cooky Gloria Gebäckmisc,1.0,2.81,0.19,3.0,2026-01-14 15:00:00,2026-01-14,15,2
Brown Donut,1.0,1.4,0.1,1.5,2026-01-14 15:00:00,2026-01-14,15,2
Mars Riegel Mars 2 Pack 70g,1.0,1.12,0.08,1.2,2026-01-14 15:00:00,2026-01-14,15,2
GIANT Flapjack Raspberry,2.0,2.24,0.16,2.4,2026-01-14 15:00:00,2026-01-14,15,2
Takis Blue Heat,1.0,2.19,0.16,2.35,2026-01-14 15:00:00,2026-01-14,15,2
HOMEMADE BUN Veggie Laugenecke Tom Moz,1.0,2.34,0.16,2.5,2026-01-14 16:00:00,2026-01-14,16,2
mB Eier frisch ML,1.0,2.76,0.19,2.95,2026-01-14 17:00:00,2026-01-14,17,2
Snickers Protein Riegel,1.0,2.99,0.21,3.2,2026-01-14 17:00:00,2026-01-14,17,2
Mars Protein 50g,1.0,2.99,0.21,3.2,2026-01-14 17:00:00,2026-01-14,17,2
Rexona Deo Men Cobalt Dry,1.0,3.28,0.62,3.9,2026-01-14 18:00:00,2026-01-14,18,2
Red Band Briket Sup. Sauer 200St. Dose,1.0,6.45,0.45,6.9,2026-01-14 18:00:00,2026-01-14,18,2
"Leergut 0,25 EUR",1.0,0.21,0.04,0.25,2026-01-14 20:00:00,2026-01-14,20,2
DPG Vitamin Well Hydrate,1.0,1.64,0.31,1.95,2026-01-14 20:00:00,2026-01-14,20,2
Nussschnecke,1.0,2.34,0.16,2.5,2026-01-14 21:00:00,2026-01-14,21,2
Laugenbrezel mit Butter,1.0,1.68,0.12,1.8,2026-01-15 08:00:00,2026-01-15,8,3
Rexona Deo Men Cobalt Dry,1.0,3.28,0.62,3.9,2026-01-15 09:00:00,2026-01-15,9,3
Shot Himbeere Ingwer 60ml,2.0,3.69,0.71,4.4,2026-01-15 09:00:00,2026-01-15,9,3
"Leergut 0,15 EUR",1.0,0.13,0.02,0.15,2026-01-15 09:00:00,2026-01-15,9,3
"Leergut 0,25 EUR",1.0,0.21,0.04,0.25,2026-01-15 09:00:00,2026-01-15,9,3
DPG Vitamin Well Reload,1.0,1.64,0.31,1.95,2026-01-15 09:00:00,2026-01-15,9,3
Teinacher still 0.7,1.0,1.01,0.19,1.2,2026-01-15 09:00:00,2026-01-15,9,3
Koro Protein Bar Pistachio,1.0,2.71,0.19,2.9,2026-01-15 12:00:00,2026-01-15,12,3
KitKat,1.0,0.93,0.07,1.0,2026-01-15 14:00:00,2026-01-15,14,3
Duplo,3.0,1.41,0.09,1.5,2026-01-15 14:00:00,2026-01-15,14,3
Kinderriegel,2.0,0.94,0.06,1.0,2026-01-15 14:00:00,2026-01-15,14,3
Snickers Riegel  2 Pack,1.0,1.11,0.09,1.2,2026-01-15 14:00:00,2026-01-15,14,3
La Monegaque Sardinen mit Zitrone,1.0,3.5,0.25,3.75,2026-01-15 14:00:00,2026-01-15,14,3
Oreo Classic,1.0,2.71,0.19,2.9,2026-01-15 17:00:00,2026-01-15,17,3
GIANT Flapjack Pecanut,1.0,1.12,0.08,1.2,2026-01-15 17:00:00,2026-01-15,17,3
La Magnum Almond,1.0,2.52,0.18,2.7,2026-01-15 18:00:00,2026-01-15,18,3
XL Laugenbrezel 130g FG,1.0,1.31,0.09,1.4,2026-01-15 22:00:00,2026-01-15,22,3
HOMEMADE Breakfastcup 285g,1.0,2.9,0.2,3.1,2026-01-15 22:00:00,2026-01-15,22,3
Shot Himbeere Ingwer 60ml,1.0,1.85,0.35,2.2,2026-01-15 22:00:00,2026-01-15,22,3
Laugenbrezel mit Butter,1.0,1.68,0.12,1.8,2026-01-16 11:00:00,2026-01-16,11,4
Brown Donut,1.0,1.4,0.1,1.5,2026-01-16 11:00:00,2026-01-16,11,4
Pistazien ger,1.0,2.34,0.16,2.5,2026-01-16 13:00:00,2026-01-16,13,4
Kinderriegel,1.0,0.47,0.03,0.5,2026-01-16 13:00:00,2026-01-16,13,4
Gaudenz Cuvée Rot Weingut Knipser,1.0,10.0,1.9,11.9,2026-01-16 13:00:00,2026-01-16,13,4
Kinder Bueno 43g Ferrero,1.0,0.93,0.07,1.0,2026-01-16 14:00:00,2026-01-16,14,4
"Leergut 0,15 EUR",1.0,0.13,0.02,0.15,2026-01-16 14:00:00,2026-01-16,14,4
"Leergut 0,25 EUR",2.0,0.42,0.08,0.5,2026-01-16 14:00:00,2026-01-16,14,4
"Red Bull Sugar Free 0,25",2.0,2.86,0.54,3.4,2026-01-16 14:00:00,2026-01-16,14,4
FUZE T PFIRSICH,1.0,1.43,0.27,1.7,2026-01-16 14:00:00,2026-01-16,14,4
"Leergut 0,25 EUR",1.0,0.21,0.04,0.25,2026-01-16 15:00:00,2026-01-16,15,4
DPG Vitamin Well Reload,1.0,1.64,0.31,1.95,2026-01-16 15:00:00,2026-01-16,15,4
Shot Himbeere Ingwer 60ml,1.0,1.85,0.35,2.2,2026-01-16 17:00:00,2026-01-16,17,4
"Leergut 0,25 EUR",2.0,0.42,0.08,0.5,2026-01-16 17:00:00,2026-01-16,17,4
"Red Bull Sugar Free 0,25",2.0,2.86,0.54,3.4,2026-01-16 17:00:00,2026-01-16,17,4
"Leergut 0,15 EUR",1.0,0.13,0.02,0.15,2026-01-17 23:00:00,2026-01-17,23,5
"Mezzo Mix 0,4L Glas Mehrweg",1.0,1.26,0.24,1.5,2026-01-17 23:00:00,2026-01-17,23,5
GO FRESH Sanw Schink Goud,1.0,3.55,0.25,3.8,2026-01-18 10:00:00,2026-01-18,10,6
GO FRESH Sandw Pute Ei,1.0,3.55,0.25,3.8,2026-01-18 16:00:00,2026-01-18,16,6
Manner Neapolitaner Schnitten 75g,1.0,0.93,0.07,1.0,2026-01-18 17:00:00,2026-01-18,17,6
M Cooky Spritzgebäck,1.0,1.88,0.12,2.0,2026-01-18 17:00:00,2026-01-18,17,6
Twix Xtra 75g,1.0,1.12,0.08,1.2,2026-01-18 17:00:00,2026-01-18,17,6
"Leergut 0,15 EUR",2.0,0.26,0.04,0.3,2026-01-18 17:00:00,2026-01-18,17,6
"Leergut 0,25 EUR",2.0,0.41,0.09,0.5,2026-01-18 17:00:00,2026-01-18,17,6
"Red Bull Sugar Free 0,25",2.0,2.86,0.54,3.4,2026-01-18 17:00:00,2026-01-18,17,6
"Mezzo Mix 0,4L Glas Mehrweg",2.0,2.52,0.48,3.0,2026-01-18 17:00:00,2026-01-18,17,6
Gaudenz Cuvée Rot Weingut Knipser,1.0,10.0,1.9,11.9,2026-01-18 19:00:00,2026-01-18,19,6
Airwaves Menth & Eucalypt Box,1.0,2.71,0.19,2.9,2026-01-18 22:00:00,2026-01-18,22,6
Protein Bar Chocolate,5.0,4.65,0.35,5.0,2026-01-19 10:00:00,2026-01-19,10,0
Beef Jerky Original,2.0,4.7,0.3,5.0,2026-01-19 10:00:00,2026-01-19,10,0
Filly Nut Donut,1.0,1.4,0.1,1.5,2026-01-19 13:00:00,2026-01-19,13,0
Koro Protein Bar Peanut Chocolate,1.0,2.06,0.14,2.2,2026-01-19 13:00:00,2026-01-19,13,0
"Leergut 0,25 EUR",2.0,0.42,0.08,0.5,2026-01-19 13:00:00,2026-01-19,13,0
DPG Vitamin Well Reload,1.0,1.64,0.31,1.95,2026-01-19 13:00:00,2026-01-19,13,0
Untou Bio Matcha Lime,1.0,1.34,0.26,1.6,2026-01-19 13:00:00,2026-01-19,13,0
XL Laugenbrezel 130g FG,1.0,1.31,0.09,1.4,2026-01-19 15:00:00,2026-01-19,15,0
Tempo fresh to go Protect,1.0,1.68,0.32,2.0,2026-01-19 15:00:00,2026-01-19,15,0
HOMEMADE BUN Salami,1.0,2.33,0.17,2.5,2026-01-19 15:00:00,2026-01-19,15,0
HOMEMADE BUN Veggie Laugenecke Tom Moz,1.0,2.34,0.16,2.5,2026-01-19 15:00:00,2026-01-19,15,0
Koro Protein Bar Schoko Brownie,1.0,2.34,0.16,2.5,2026-01-19 15:00:00,2026-01-19,15,0
Soft Protein Riegel Salted Peanut Carame,1.0,2.99,0.21,3.2,2026-01-19 15:00:00,2026-01-19,15,0
Aramark Seasoning Mix,3.0,10.9,0.77,11.67,2026-01-19 15:00:00,2026-01-19,15,0
"Leergut 0,15 EUR",2.0,0.26,0.04,0.3,2026-01-19 15:00:00,2026-01-19,15,0
"Leergut 0,25 EUR",2.0,0.41,0.09,0.5,2026-01-19 15:00:00,2026-01-19,15,0
"Red Bull Sugar Free 0,25",1.0,1.43,0.27,1.7,2026-01-19 15:00:00,2026-01-19,15,0
"Mezzo Mix 0,4L Glas Mehrweg",1.0,1.26,0.24,1.5,2026-01-19 15:00:00,2026-01-19,15,0
"Coca Cola Zero 0,4L Glas Mehrweg",1.0,1.26,0.24,1.5,2026-01-19 15:00:00,2026-01-19,15,0
Red Bull Summer Edition,1.0,1.43,0.27,1.7,2026-01-19 15:00:00,2026-01-19,15,0
Kinder Bueno 43g Ferrero,1.0,0.93,0.07,1.0,2026-01-20 10:00:00,2026-01-20,10,1
"Leergut 0,25 EUR",1.0,0.21,0.04,0.25,2026-01-20 10:00:00,2026-01-20,10,1
"Red Bull 0,25",1.0,1.43,0.27,1.7,2026-01-20 10:00:00,2026-01-20,10,1
Nivea Creme,1.0,2.44,0.46,2.9,2026-01-20 11:00:00,2026-01-20,11,1
HANDL Veggie Almjäger,1.0,2.61,0.18,2.79,2026-01-20 11:00:00,2026-01-20,11,1
Steiner´s High Protein Spätzle,2.0,7.27,0.51,7.78,2026-01-20 13:00:00,2026-01-20,13,1
"Leergut 0,15 EUR",1.0,0.13,0.02,0.15,2026-01-20 14:00:00,2026-01-20,14,1
"Coca Cola 0,4L Glas Mehrweg",1.0,1.26,0.24,1.5,2026-01-20 14:00:00,2026-01-20,14,1
Koro Protein Bar Pistachio,1.0,2.71,0.19,2.9,2026-01-20 15:00:00,2026-01-20,15,1
Koro Protein Bar Peanut Chocolate,1.0,2.06,0.14,2.2,2026-01-20 15:00:00,2026-01-20,15,1
"Leergut 0,25 EUR",2.0,0.42,0.08,0.5,2026-01-20 15:00:00,2026-01-20,15,1
Red Bull Green Edition,1.0,1.43,0.27,1.7,2026-01-20 15:00:00,2026-01-20,15,1
"Red Bull 0,25",1.0,1.43,0.27,1.7,2026-01-20 15:00:00,2026-01-20,15,1
Knoppers,1.0,0.47,0.03,0.5,2026-01-20 16:00:00,2026-01-20,16,1
Kinder Country,1.0,0.46,0.04,0.5,2026-01-20 16:00:00,2026-01-20,16,1
"Leergut 0,25 EUR",1.0,0.21,0.04,0.25,2026-01-20 16:00:00,2026-01-20,16,1
Red Bull Green Edition,1.0,1.43,0.27,1.7,2026-01-20 16:00:00,2026-01-20,16,1
Koro Protein Bar Pistachio,1.0,2.71,0.19,2.9,2026-01-20 17:00:00,2026-01-20,17,1
Croissant Schnecke,2.0,3.36,0.24,3.6,2026-01-20 18:00:00,2026-01-20,18,1
Haribo Tropifrutti 100g. 30St.,1.0,0.94,0.06,1.0,2026-01-20 18:00:00,2026-01-20,18,1
Saltletts Sticks 75g,1.0,0.65,0.05,0.7,2026-01-20 18:00:00,2026-01-20,18,1
"Leergut 0,25 EUR",1.0,0.21,0.04,0.25,2026-01-20 18:00:00,2026-01-20,18,1
DPG Vitamin Well Hydrate,1.0,1.64,0.31,1.95,2026-01-20 18:00:00,2026-01-20,18,1
Beef Jerky Original,1.0,2.33,0.17,2.5,2026-01-20 19:00:00,2026-01-20,19,1
Twix Xtra 75g,1.0,1.12,0.08,1.2,2026-01-20 19:00:00,2026-01-20,19,1
HOMEMADE BUN Veggie Laugenecke Tom Moz,1.0,2.34,0.16,2.5,2026-01-20 19:00:00,2026-01-20,19,1
HOMEMADE BUN Salami,1.0,2.33,0.17,2.5,2026-01-20 21:00:00,2026-01-20,21,1
HOMEMADE BUN Veggie Laugenecke Tom Moz,1.0,2.34,0.16,2.5,2026-01-20 21:00:00,2026-01-20,21,1
"Leergut 0,25 EUR",4.0,0.84,0.16,1.0,2026-01-20 21:00:00,2026-01-20,21,1
"Powerade Mountain Blast 0,5l PEW",1.0,1.34,0.26,1.6,2026-01-20 21:00:00,2026-01-20,21,1
"Monster Energy 0,5l",1.0,1.85,0.35,2.2,2026-01-20 21:00:00,2026-01-20,21,1
Red Bull Green Edition,1.0,1.43,0.27,1.7,2026-01-20 21:00:00,2026-01-20,21,1
Red Bull Summer Edition,1.0,1.43,0.27,1.7,2026-01-20 21:00:00,2026-01-20,21,1
HOMEMADE Breakfastcup 285g,1.0,2.9,0.2,3.1,2026-01-21 00:00:00,2026-01-21,0,2
Shot Himbeere Ingwer 60ml,1.0,1.85,0.35,2.2,2026-01-21 00:00:00,2026-01-21,0,2
HOMEMADE BUN Salami,1.0,2.33,0.17,2.5,2026-01-21 09:00:00,2026-01-21,9,2
HOMEMADE BUN Veggie Laugenecke Tom Moz,1.0,2.34,0.16,2.5,2026-01-21 09:00:00,2026-01-21,9,2
"Leergut 0,25 EUR",3.0,0.63,0.12,0.75,2026-01-21 09:00:00,2026-01-21,9,2
"Powerade Mountain Blast 0,5l PEW",1.0,1.34,0.26,1.6,2026-01-21 09:00:00,2026-01-21,9,2
"Monster Energy 0,5l",1.0,1.85,0.35,2.2,2026-01-21 09:00:00,2026-01-21,9,2
Red Bull Green Edition,1.0,1.43,0.27,1.7,2026-01-21 09:00:00,2026-01-21,9,2
Protein Bar Vanilla Stracci,1.0,0.93,0.07,1.0,2026-01-21 11:00:00,2026-01-21,11,2
Black Truffle Trufa Negra 24 Beutel á,1.0,1.12,0.08,1.2,2026-01-21 14:00:00,2026-01-21,14,2
Red Band Briket Sup. Sauer 200St. Dose,1.0,6.45,0.45,6.9,2026-01-21 14:00:00,2026-01-21,14,2
Gepa Schokolade Noir Edelbitter 100g,1.0,2.57,0.18,2.75,2026-01-21 14:00:00,2026-01-21,14,2
Kinder Bueno 43g Ferrero,1.0,0.93,0.07,1.0,2026-01-21 16:00:00,2026-01-21,16,2
Filly Nut Donut,1.0,1.4,0.1,1.5,2026-01-21 16:00:00,2026-01-21,16,2
M&M Peanut,1.0,0.93,0.07,1.0,2026-01-21 16:00:00,2026-01-21,16,2
Beef Jerky Original,1.0,2.34,0.16,2.5,2026-01-21 16:00:00,2026-01-21,16,2
Croissant Schnecke,1.0,1.69,0.11,1.8,2026-01-21 16:00:00,2026-01-21,16,2
Hanuta 2er 44g,1.0,0.93,0.07,1.0,2026-01-21 16:00:00,2026-01-21,16,2
GIANT Flapjack Hazelnut,1.0,1.12,0.08,1.2,2026-01-21 16:00:00,2026-01-21,16,2
"Leergut 0,15 EUR",1.0,0.13,0.02,0.15,2026-01-21 16:00:00,2026-01-21,16,2
FUZE T ZITRONE,1.0,1.43,0.27,1.7,2026-01-21 16:00:00,2026-01-21,16,2
"Leergut 0,25 EUR",1.0,0.21,0.04,0.25,2026-01-21 18:00:00,2026-01-21,18,2
DPG Vitamin Well Prepare,1.0,1.64,0.31,1.95,2026-01-21 18:00:00,2026-01-21,18,2
HOMEMADE Breakfastcup 285g,1.0,2.9,0.2,3.1,2026-01-21 21:00:00,2026-01-21,21,2
Koro Protein Bar Schoko Brownie,1.0,2.34,0.16,2.5,2026-01-22 07:00:00,2026-01-22,7,3
Schinken Käse Croissant Snack,1.0,1.68,0.12,1.8,2026-01-22 09:00:00,2026-01-22,9,3
Oreo Classic,1.0,2.71,0.19,2.9,2026-01-22 13:00:00,2026-01-22,13,3
M Cooky Spritzgebäck,1.0,1.87,0.13,2.0,2026-01-22 13:00:00,2026-01-22,13,3
Laugenbrezel mit Butter,1.0,1.68,0.12,1.8,2026-01-22 13:00:00,2026-01-22,13,3
Gefüllter Triple Chocolate Muffin,2.0,4.12,0.28,4.4,2026-01-22 13:00:00,2026-01-22,13,3
Twix Xtra 75g,1.0,1.13,0.07,1.2,2026-01-22 13:00:00,2026-01-22,13,3
Kitkat Chunky 40g Nestlé,1.0,0.93,0.07,1.0,2026-01-22 13:00:00,2026-01-22,13,3
Haribo Tropifrutti 100g. 30St.,1.0,0.94,0.06,1.0,2026-01-22 13:00:00,2026-01-22,13,3
Saltletts Sticks 75g,1.0,0.65,0.05,0.7,2026-01-22 13:00:00,2026-01-22,13,3
Smothie Froosh Pineapple 250ml,1.0,2.02,0.38,2.4,2026-01-22 13:00:00,2026-01-22,13,3
"Leergut 0,25 EUR",1.0,0.21,0.04,0.25,2026-01-22 13:00:00,2026-01-22,13,3
"Red Bull 0,25",1.0,1.43,0.27,1.7,2026-01-22 13:00:00,2026-01-22,13,3
Manner Neapolitaner Schnitten 75g,1.0,0.93,0.07,1.0,2026-01-22 14:00:00,2026-01-22,14,3
Beef Jerky Original,2.0,4.68,0.32,5.0,2026-01-22 14:00:00,2026-01-22,14,3
GO FRESH Sandw SweetChili,1.0,3.55,0.25,3.8,2026-01-22 14:00:00,2026-01-22,14,3
Laugenbrezel mit Butter,1.0,1.68,0.12,1.8,2026-01-22 14:00:00,2026-01-22,14,3
Snickers Protein Riegel,1.0,2.99,0.21,3.2,2026-01-22 15:00:00,2026-01-22,15,3
Mars Protein 50g,1.0,2.99,0.21,3.2,2026-01-22 15:00:00,2026-01-22,15,3
Aramark Seasoning Mix,1.0,3.64,0.25,3.89,2026-01-22 15:00:00,2026-01-22,15,3
Berliner Brezel 70g FB,1.0,1.68,0.12,1.8,2026-01-22 17:00:00,2026-01-22,17,3
"Leergut 0,25 EUR",1.0,0.21,0.04,0.25,2026-01-22 17:00:00,2026-01-22,17,3
"Red Bull Sugar Free 0,25",1.0,1.43,0.27,1.7,2026-01-22 17:00:00,2026-01-22,17,3
Disposable cutlery set,1.0,0.25,0.05,0.3,2026-01-22 18:00:00,2026-01-22,18,3
GO FRESH Salatmix Italia,1.0,6.45,0.45,6.9,2026-01-22 18:00:00,2026-01-22,18,3
GO FRESH Wrap Chicken Chi,1.0,3.55,0.25,3.8,2026-01-22 18:00:00,2026-01-22,18,3
HOMEMADE Breakfastcup 285g,1.0,2.9,0.2,3.1,2026-01-22 18:00:00,2026-01-22,18,3
"Leergut 0,15 EUR",1.0,0.13,0.02,0.15,2026-01-22 18:00:00,2026-01-22,18,3
"Leergut 0,25 EUR",1.0,0.21,0.04,0.25,2026-01-22 18:00:00,2026-01-22,18,3
"Powerade Mountain Blast 0,5l PEW",1.0,1.35,0.25,1.6,2026-01-22 18:00:00,2026-01-22,18,3
"Coca Cola Zero 0,4L Glas Mehrweg",1.0,1.26,0.24,1.5,2026-01-22 18:00:00,2026-01-22,18,3
HOMEMADE BUN Salami,1.0,2.34,0.16,2.5,2026-01-22 19:00:00,2026-01-22,19,3
"Leergut 0,08 EUR",2.0,0.14,0.02,0.16,2026-01-22 19:00:00,2026-01-22,19,3
"Leergut 0,15 EUR",2.0,0.25,0.05,0.3,2026-01-22 19:00:00,2026-01-22,19,3
Teinacher Mineralwasser Naturell 0.33,1.0,1.01,0.19,1.2,2026-01-22 19:00:00,2026-01-22,19,3
Teinacher Johannisbeer Holunder,1.0,1.34,0.26,1.6,2026-01-22 19:00:00,2026-01-22,19,3
Welde Slow,1.0,1.43,0.27,1.7,2026-01-22 19:00:00,2026-01-22,19,3
Welde Alkoholfrei,1.0,1.43,0.27,1.7,2026-01-22 19:00:00,2026-01-22,19,3
Shot Himbeere Ingwer 60ml,1.0,1.85,0.35,2.2,2026-01-22 23:00:00,2026-01-22,23,3
Shot Himbeere Ingwer 60ml,2.0,3.7,0.7,4.4,2026-01-23 13:00:00,2026-01-23,13,4
Koro Protein Bar Pistachio,1.0,2.71,0.19,2.9,2026-01-23 13:00:00,2026-01-23,13,4
Koro Protein Bar Peanut Chocolate,1.0,2.06,0.14,2.2,2026-01-23 13:00:00,2026-01-23,13,4
Hofeis Mango 130ml,1.0,2.34,0.16,2.5,2026-01-23 14:00:00,2026-01-23,14,4
Gefüllter Triple Chocolate Muffin,1.0,2.06,0.14,2.2,2026-01-23 14:00:00,2026-01-23,14,4
Smothie Froosh Pineapple 250ml,1.0,2.02,0.38,2.4,2026-01-23 14:00:00,2026-01-23,14,4
Smothie Froosh  Strawberry 250ml,1.0,2.01,0.39,2.4,2026-01-23 14:00:00,2026-01-23,14,4
Bio cookies & choc fairness 45g,1.0,1.12,0.08,1.2,2026-01-23 14:00:00,2026-01-23,14,4
Bio poppy & vanilla fairness 45g,1.0,1.12,0.08,1.2,2026-01-23 14:00:00,2026-01-23,14,4
"Leergut 0,25 EUR",1.0,0.21,0.04,0.25,2026-01-23 14:00:00,2026-01-23,14,4
DPG Vitamin Well Reload,1.0,1.64,0.31,1.95,2026-01-23 14:00:00,2026-01-23,14,4
"Leergut 0,25 EUR",1.0,0.21,0.04,0.25,2026-01-23 16:00:00,2026-01-23,16,4
"Red Bull Sugar Free 0,25",1.0,1.43,0.27,1.7,2026-01-23 16:00:00,2026-01-23,16,4
HOMEMADE Breakfastcup 285g,1.0,2.9,0.2,3.1,2026-01-23 18:00:00,2026-01-23,18,4
Brown Donut,2.0,2.8,0.2,3.0,2026-01-23 21:00:00,2026-01-23,21,4
Disposable cutlery set,1.0,0.25,0.05,0.3,2026-01-24 10:00:00,2026-01-24,10,5
BiFi Roll,2.0,2.62,0.18,2.8,2026-01-24 10:00:00,2026-01-24,10,5
HOMEMADE Breakfastcup 285g,1.0,2.89,0.21,3.1,2026-01-24 10:00:00,2026-01-24,10,5
GO FRESH Sandw Pute Ei,1.0,3.55,0.25,3.8,2026-01-24 16:00:00,2026-01-24,16,5
Barebells Caramel Choco 55g,1.0,3.09,0.21,3.3,2026-01-25 13:00:00,2026-01-25,13,6
GO FRESH Sandw SweetChili,1.0,3.55,0.25,3.8,2026-01-25 13:00:00,2026-01-25,13,6
Dr Oetker Ofenfrische Peperoni Salami,1.0,3.69,0.26,3.95,2026-01-25 13:00:00,2026-01-25,13,6
Bio H Milch 1l Nature,1.0,2.1,0.15,2.25,2026-01-25 13:00:00,2026-01-25,13,6
"Mezzo Mix 0,4L Glas Mehrweg",1.0,1.26,0.24,1.5,2026-01-25 13:00:00,2026-01-25,13,6
"Coca Cola Zero 0,4L Glas Mehrweg",1.0,1.26,0.24,1.5,2026-01-25 13:00:00,2026-01-25,13,6
Kinder Bueno 43g Ferrero,1.0,0.93,0.07,1.0,2026-01-25 14:00:00,2026-01-25,14,6
"Leergut 0,25 EUR",1.0,0.21,0.04,0.25,2026-01-25 14:00:00,2026-01-25,14,6
"Powerade Mountain Blast 0,5l PEW",1.0,1.34,0.26,1.6,2026-01-25 14:00:00,2026-01-25,14,6
Protein Bar Chocolate,4.0,3.74,0.26,4.0,2026-01-25 15:00:00,2026-01-25,15,6
Beef Jerky Original,1.0,2.34,0.16,2.5,2026-01-25 16:00:00,2026-01-25,16,6
Ritter Sport Nougat 100g,1.0,1.78,0.12,1.9,2026-01-25 16:00:00,2026-01-25,16,6
"Leergut 0,25 EUR",1.0,0.21,0.04,0.25,2026-01-25 16:00:00,2026-01-25,16,6
Red Bull Green Edition,1.0,1.43,0.27,1.7,2026-01-25 16:00:00,2026-01-25,16,6
DPG Vitamin Well Reload,2.0,3.28,0.62,3.9,2026-01-25 16:00:00,2026-01-25,16,6
Grauburgunder | Weingut Oliver Zeter,1.0,10.0,1.9,11.9,2026-01-26 11:00:00,2026-01-26,11,0
GIANT Flapjack Hazelnut,1.0,1.12,0.08,1.2,2026-01-26 15:00:00,2026-01-26,15,0
Bio poppy & vanilla fairness 45g,1.0,1.12,0.08,1.2,2026-01-26 15:00:00,2026-01-26,15,0
"Bio creamy cocos fairness 37,5g",1.0,1.12,0.08,1.2,2026-01-26 15:00:00,2026-01-26,15,0
"Leergut 0,25 EUR",1.0,0.21,0.04,0.25,2026-01-26 15:00:00,2026-01-26,15,0
Untou Bio Matcha Zitrone,1.0,1.34,0.26,1.6,2026-01-26 15:00:00,2026-01-26,15,0
"Leergut 0,15 EUR",1.0,0.13,0.02,0.15,2026-01-26 16:00:00,2026-01-26,16,0
"Leergut 0,25 EUR",1.0,0.21,0.04,0.25,2026-01-26 16:00:00,2026-01-26,16,0
"Red Bull Sugar Free 0,25",1.0,1.43,0.27,1.7,2026-01-26 16:00:00,2026-01-26,16,0
"Mezzo Mix 0,4L Glas Mehrweg",1.0,1.26,0.24,1.5,2026-01-26 16:00:00,2026-01-26,16,0
Rexona Deo Men Cobalt Dry,1.0,3.28,0.62,3.9,2026-01-26 17:00:00,2026-01-26,17,0
Koro Protein Bar Schoko Brownie,1.0,2.34,0.16,2.5,2026-01-26 17:00:00,2026-01-26,17,0
Laugenbrezel mit Butter,2.0,3.36,0.24,3.6,2026-01-26 19:00:00,2026-01-26,19,0
Twix Xtra 75g,1.0,1.12,0.08,1.2,2026-01-26 19:00:00,2026-01-26,19,0
HOMEMADE BUN Salami,1.0,2.34,0.16,2.5,2026-01-26 19:00:00,2026-01-26,19,0
Duschdas Shower For Men,1.0,3.32,0.63,3.95,2026-01-26 20:00:00,2026-01-26,20,0
HOMEMADE Breakfastcup 285g,1.0,2.9,0.2,3.1,2026-01-26 20:00:00,2026-01-26,20,0
XL Laugenbrezel 130g FG,1.0,1.31,0.09,1.4,2026-01-27 10:00:00,2026-01-27,10,1
Toothpaste Blenda Med,1.0,1.6,0.3,1.9,2026-01-27 11:00:00,2026-01-27,11,1
OralB Classic Car 35 Mit,1.0,0.92,0.18,1.1,2026-01-27 11:00:00,2026-01-27,11,1
Gepa Schokolade Noir Edelbitter 100g,1.0,2.57,0.18,2.75,2026-01-27 11:00:00,2026-01-27,11,1
"Leergut 0,15 EUR",2.0,0.25,0.05,0.3,2026-01-27 13:00:00,2026-01-27,13,1
"Coca Cola Zero 0,4L Glas Mehrweg",2.0,2.52,0.48,3.0,2026-01-27 13:00:00,2026-01-27,13,1
Kinder Bueno 43g Ferrero,1.0,0.93,0.07,1.0,2026-01-27 14:00:00,2026-01-27,14,1
Knoppers,1.0,0.47,0.03,0.5,2026-01-27 14:00:00,2026-01-27,14,1
"Leergut 0,15 EUR",1.0,0.13,0.02,0.15,2026-01-27 14:00:00,2026-01-27,14,1
"Coca Cola Zero 0,4L Glas Mehrweg",1.0,1.26,0.24,1.5,2026-01-27 14:00:00,2026-01-27,14,1
Oreo Classic,1.0,2.71,0.19,2.9,2026-01-27 15:00:00,2026-01-27,15,1
Laugenbrezel mit Butter,1.0,1.68,0.12,1.8,2026-01-27 15:00:00,2026-01-27,15,1
Gefüllter Triple Chocolate Muffin,1.0,2.06,0.14,2.2,2026-01-27 15:00:00,2026-01-27,15,1
M&M Peanut,1.0,0.93,0.07,1.0,2026-01-27 16:00:00,2026-01-27,16,1
Oreo Classic,2.0,5.41,0.39,5.8,2026-01-27 16:00:00,2026-01-27,16,1
M Cooky Spritzgebäck,3.0,5.61,0.39,6.0,2026-01-27 16:00:00,2026-01-27,16,1
Pringles Hot & Spicy,1.0,1.31,0.09,1.4,2026-01-27 16:00:00,2026-01-27,16,1
Pringles Original,1.0,1.31,0.09,1.4,2026-01-27 16:00:00,2026-01-27,16,1
Ritter Sport Edel Vollmilch 100g,1.0,1.78,0.12,1.9,2026-01-27 16:00:00,2026-01-27,16,1
Haribo Goldbären 100g,1.0,0.93,0.07,1.0,2026-01-27 16:00:00,2026-01-27,16,1
HOMEMADE BUN VEGAN,1.0,2.34,0.16,2.5,2026-01-27 16:00:00,2026-01-27,16,1
HOMEMADE BUN Cheese,1.0,1.78,0.12,1.9,2026-01-27 17:00:00,2026-01-27,17,1
Koro Protein Bar Schoko Brownie,2.0,4.67,0.33,5.0,2026-01-27 17:00:00,2026-01-27,17,1
Snickers Ice Cream Eisrie,1.0,2.34,0.16,2.5,2026-01-27 18:00:00,2026-01-27,18,1
HOMEMADE BUN Salami,1.0,2.34,0.16,2.5,2026-01-27 18:00:00,2026-01-27,18,1
Brezeln,1.0,1.77,0.13,1.9,2026-01-27 19:00:00,2026-01-27,19,1
Pringles Sweet Paprika,1.0,1.31,0.09,1.4,2026-01-27 19:00:00,2026-01-27,19,1
GIANT Flapjack Pecanut,1.0,1.12,0.08,1.2,2026-01-27 19:00:00,2026-01-27,19,1
"Leergut 0,15 EUR",1.0,0.13,0.02,0.15,2026-01-27 19:00:00,2026-01-27,19,1
"Mezzo Mix 0,4L Glas Mehrweg",1.0,1.26,0.24,1.5,2026-01-27 19:00:00,2026-01-27,19,1
Bio cookies & choc fairness 45g,1.0,1.12,0.08,1.2,2026-01-27 21:00:00,2026-01-27,21,1
Parking disc,1.0,1.26,0.24,1.5,2026-01-28 07:00:00,2026-01-28,7,2
Laugenbrezel mit Butter,1.0,1.68,0.12,1.8,2026-01-28 07:00:00,2026-01-28,7,2
Beef Jerky Original,1.0,2.34,0.16,2.5,2026-01-28 11:00:00,2026-01-28,11,2
"Leergut 0,25 EUR",1.0,0.21,0.04,0.25,2026-01-28 11:00:00,2026-01-28,11,2
Red Bull Sea Blue Edition,1.0,1.07,0.2,1.27,2026-01-28 11:00:00,2026-01-28,11,2
"Leergut 0,25 EUR",1.0,0.21,0.04,0.25,2026-01-28 13:00:00,2026-01-28,13,2
"Red Bull Sugar Free 0,25",1.0,1.07,0.2,1.27,2026-01-28 13:00:00,2026-01-28,13,2
Knoppers,1.0,0.47,0.03,0.5,2026-01-28 14:00:00,2026-01-28,14,2
"Leergut 0,15 EUR",1.0,0.13,0.02,0.15,2026-01-28 14:00:00,2026-01-28,14,2
"Coca Cola Zero 0,4L Glas Mehrweg",1.0,1.26,0.24,1.5,2026-01-28 14:00:00,2026-01-28,14,2
"Leergut 0,25 EUR",3.0,0.63,0.12,0.75,2026-01-28 15:00:00,2026-01-28,15,2
"Powerade Mountain Blast 0,5l PEW",1.0,1.34,0.26,1.6,2026-01-28 15:00:00,2026-01-28,15,2
Red Bull Green Edition,1.0,0.71,0.14,0.85,2026-01-28 15:00:00,2026-01-28,15,2
"Red Bull 0,25",1.0,0.72,0.13,0.85,2026-01-28 15:00:00,2026-01-28,15,2
GO FRESH Tuna Sandwich,1.0,3.55,0.25,3.8,2026-01-28 16:00:00,2026-01-28,16,2
Kaffee SAP Kaffee 1000gr.,1.0,25.24,1.76,27.0,2026-01-28 16:00:00,2026-01-28,16,2
HOMEMADE BUN VEGAN,1.0,2.34,0.16,2.5,2026-01-28 17:00:00,2026-01-28,17,2
Oreo Classic,1.0,2.71,0.19,2.9,2026-01-28 18:00:00,2026-01-28,18,2
Rexona Deo Cotton Dry,1.0,3.28,0.62,3.9,2026-01-29 09:00:00,2026-01-29,9,3
Haribo Tropifrutti 100g. 30St.,1.0,0.93,0.07,1.0,2026-01-29 14:00:00,2026-01-29,14,3
"Leergut 0,25 EUR",1.0,0.21,0.04,0.25,2026-01-29 14:00:00,2026-01-29,14,3
"Red Bull 0,25",1.0,1.07,0.2,1.27,2026-01-29 14:00:00,2026-01-29,14,3
HOMEMADE BUN Cheese,1.0,1.78,0.12,1.9,2026-01-29 15:00:00,2026-01-29,15,3
HOMEMADE BUN Salami,1.0,2.33,0.17,2.5,2026-01-29 15:00:00,2026-01-29,15,3
Cashews gerös,1.0,2.06,0.14,2.2,2026-01-29 16:00:00,2026-01-29,16,3
Koro Protein Bar Pistachio,1.0,2.71,0.19,2.9,2026-01-29 16:00:00,2026-01-29,16,3
Gefüllter Triple Chocolate Muffin,1.0,2.06,0.14,2.2,2026-01-29 17:00:00,2026-01-29,17,3
Snickers Riegel  2 Pack,1.0,1.12,0.08,1.2,2026-01-29 17:00:00,2026-01-29,17,3
Bellezini Focaccine Basil 12 x 150 g,1.0,2.34,0.16,2.5,2026-01-29 17:00:00,2026-01-29,17,3
Koro Protein Bar Schoko Brownie,1.0,2.34,0.16,2.5,2026-01-29 18:00:00,2026-01-29,18,3
Koro Protein Bar Butter Cups,1.0,2.33,0.17,2.5,2026-01-29 18:00:00,2026-01-29,18,3
"Leergut 0,25 EUR",1.0,0.21,0.04,0.25,2026-01-29 19:00:00,2026-01-29,19,3
DPG Vitamin Well Reload,1.0,1.64,0.31,1.95,2026-01-29 19:00:00,2026-01-29,19,3
HOMEMADE Breakfastcup 285g,1.0,2.9,0.2,3.1,2026-01-29 22:00:00,2026-01-29,22,3
Shot Himbeere Ingwer 60ml,1.0,1.85,0.35,2.2,2026-01-29 22:00:00,2026-01-29,22,3
Airwaves Menth & Eucalypt Box,1.0,2.71,0.19,2.9,2026-01-30 11:00:00,2026-01-30,11,4
Duplo,2.0,0.94,0.06,1.0,2026-01-30 14:00:00,2026-01-30,14,4
M Cooky Spritzgebäck,1.0,1.87,0.13,2.0,2026-01-30 14:00:00,2026-01-30,14,4
Hanuta 2er 44g,1.0,0.93,0.07,1.0,2026-01-30 14:00:00,2026-01-30,14,4
BIO Hafer Drink Moccaccino 12 x 235ml Oa,1.0,1.89,0.36,2.25,2026-01-30 14:00:00,2026-01-30,14,4
"Leergut 0,25 EUR",3.0,0.63,0.12,0.75,2026-01-30 14:00:00,2026-01-30,14,4
"Red Bull Sugar Free 0,25",1.0,1.07,0.2,1.27,2026-01-30 14:00:00,2026-01-30,14,4
DPG Vitamin Well Reload,1.0,1.64,0.31,1.95,2026-01-30 14:00:00,2026-01-30,14,4
YFood Trink Vanilla,1.0,4.58,0.32,4.9,2026-01-30 14:00:00,2026-01-30,14,4
Protein Bar Chocolate,2.0,1.87,0.13,2.0,2026-01-30 15:00:00,2026-01-30,15,4
Berliner Brezel 70g FB,1.0,1.68,0.12,1.8,2026-01-30 17:00:00,2026-01-30,17,4
Filly Nut Donut,1.0,1.4,0.1,1.5,2026-01-30 17:00:00,2026-01-30,17,4
GIANT Flapjack Pecanut,2.0,2.24,0.16,2.4,2026-01-30 17:00:00,2026-01-30,17,4
Koro Protein Bar Pistachio,1.0,2.71,0.19,2.9,2026-01-30 19:00:00,2026-01-30,19,4
Koro Protein Bar Peanut Chocolate,1.0,2.06,0.14,2.2,2026-01-30 19:00:00,2026-01-30,19,4
Protein Bar Chocolate,4.0,3.74,0.26,4.0,2026-01-31 14:00:00,2026-01-31,14,5
Disposable cutlery set,1.0,0.25,0.05,0.3,2026-01-31 14:00:00,2026-01-31,14,5
HOMEMADE Breakfastcup 285g,1.0,2.9,0.2,3.1,2026-01-31 14:00:00,2026-01-31,14,5
"Leergut 0,25 EUR",1.0,0.21,0.04,0.25,2026-01-31 14:00:00,2026-01-31,14,5
YFood Trink Vanilla,1.0,4.57,0.33,4.9,2026-01-31 14:00:00,2026-01-31,14,5
"Leergut 0,15 EUR",1.0,0.13,0.02,0.15,2026-01-31 15:00:00,2026-01-31,15,5
"Coca Cola Zero 0,4L Glas Mehrweg",1.0,1.26,0.24,1.5,2026-01-31 15:00:00,2026-01-31,15,5
Twix Xtra 75g,1.0,1.12,0.08,1.2,2026-02-01 11:00:00,2026-02-01,11,6
HANDL Almwurzerl,1.0,3.69,0.26,3.95,2026-02-01 11:00:00,2026-02-01,11,6
"Leergut 0,15 EUR",2.0,0.25,0.05,0.3,2026-02-01 11:00:00,2026-02-01,11,6
"Leergut 0,25 EUR",1.0,0.21,0.04,0.25,2026-02-01 11:00:00,2026-02-01,11,6
"Powerade Mountain Blast 0,5l PEW",1.0,1.34,0.26,1.6,2026-02-01 11:00:00,2026-02-01,11,6
"Mezzo Mix 0,4L Glas Mehrweg",1.0,1.26,0.24,1.5,2026-02-01 11:00:00,2026-02-01,11,6
"Coca Cola Zero 0,4L Glas Mehrweg",1.0,1.26,0.24,1.5,2026-02-01 11:00:00,2026-02-01,11,6
Filly Nut Donut,1.0,1.4,0.1,1.5,2026-02-01 14:00:00,2026-02-01,14,6
"Leergut 0,25 EUR",1.0,0.21,0.04,0.25,2026-02-01 14:00:00,2026-02-01,14,6
Red Bull Green Edition,1.0,1.07,0.2,1.27,2026-02-01 14:00:00,2026-02-01,14,6
"Leergut 0,15 EUR",2.0,0.25,0.05,0.3,2026-02-01 15:00:00,2026-02-01,15,6
Teinacher Apfelschorle,2.0,2.69,0.51,3.2,2026-02-01 15:00:00,2026-02-01,15,6
HOMEMADE Breakfastcup 285g,1.0,2.9,0.2,3.1,2026-02-01 17:00:00,2026-02-01,17,6
Shot Cucumber Ginger 60ml,1.0,1.85,0.35,2.2,2026-02-01 17:00:00,2026-02-01,17,6
Koro Protein Bar Pistachio,1.0,2.71,0.19,2.9,2026-02-01 17:00:00,2026-02-01,17,6
Koro Protein Bar Peanut Chocolate,1.0,2.06,0.14,2.2,2026-02-01 17:00:00,2026-02-01,17,6
Berliner Brezel 70g FB,1.0,1.68,0.12,1.8,2026-02-01 18:00:00,2026-02-01,18,6
"Leergut 0,25 EUR",2.0,0.42,0.08,0.5,2026-02-01 18:00:00,2026-02-01,18,6
"Powerade Mountain Blast 0,5l PEW",1.0,1.34,0.26,1.6,2026-02-01 18:00:00,2026-02-01,18,6
YFood Trink Vanilla,1.0,4.58,0.32,4.9,2026-02-01 18:00:00,2026-02-01,18,6
Bio H Milch 1l Nature,2.0,4.2,0.3,4.5,2026-02-01 19:00:00,2026-02-01,19,6
Barilla Spaghetti,1.0,2.34,0.16,2.5,2026-02-01 19:00:00,2026-02-01,19,6
GO FRESH Wrap Tomat Mozza,1.0,3.55,0.25,3.8,2026-02-01 23:00:00,2026-02-01,23,6
Gefüllter Triple Chocolate Muffin,1.0,2.06,0.14,2.2,2026-02-01 23:00:00,2026-02-01,23,6
Twix Xtra 75g,1.0,1.12,0.08,1.2,2026-02-02 13:00:00,2026-02-02,13,0
GIANT Flapjack Raspberry,2.0,2.24,0.16,2.4,2026-02-02 13:00:00,2026-02-02,13,0
"Leergut 0,25 EUR",1.0,0.21,0.04,0.25,2026-02-02 13:00:00,2026-02-02,13,0
"Red Bull Sugar Free 0,25",1.0,1.07,0.2,1.27,2026-02-02 13:00:00,2026-02-02,13,0
"Leergut 0,25 EUR",1.0,0.21,0.04,0.25,2026-02-02 14:00:00,2026-02-02,14,0
"Powerade Mountain Blast 0,5l PEW",1.0,1.34,0.26,1.6,2026-02-02 14:00:00,2026-02-02,14,0
Laugenbrezel mit Butter,1.0,1.68,0.12,1.8,2026-02-02 15:00:00,2026-02-02,15,0
Laugenbrezel mit Pfeffer,1.0,1.68,0.12,1.8,2026-02-02 15:00:00,2026-02-02,15,0
Nussschnecke,1.0,2.34,0.16,2.5,2026-02-02 15:00:00,2026-02-02,15,0
Haribo Goldbären 100g,1.0,0.93,0.07,1.0,2026-02-02 15:00:00,2026-02-02,15,0
Haribo Color Rado 100g,1.0,0.93,0.07,1.0,2026-02-02 15:00:00,2026-02-02,15,0
HOMEMADE BUN VEGAN,1.0,2.34,0.16,2.5,2026-02-02 17:00:00,2026-02-02,17,0
HOMEMADE Breakfastcup 285g,1.0,2.9,0.2,3.1,2026-02-02 20:00:00,2026-02-02,20,0
Beef Jerky Original,1.0,1.64,0.11,1.75,2026-02-03 10:00:00,2026-02-03,10,1
"Leergut 0,25 EUR",1.0,0.21,0.04,0.25,2026-02-03 10:00:00,2026-02-03,10,1
"Red Bull Sugar Free 0,25",1.0,1.07,0.2,1.27,2026-02-03 10:00:00,2026-02-03,10,1
Kinder Bueno 43g Ferrero,1.0,0.93,0.07,1.0,2026-02-03 11:00:00,2026-02-03,11,1
"Leergut 0,25 EUR",1.0,0.21,0.04,0.25,2026-02-03 11:00:00,2026-02-03,11,1
"Red Bull 0,25",1.0,1.07,0.2,1.27,2026-02-03 11:00:00,2026-02-03,11,1
Beef Jerky Original,2.0,3.28,0.22,3.5,2026-02-03 13:00:00,2026-02-03,13,1
"Leergut 0,25 EUR",10.0,2.1,0.4,2.5,2026-02-03 13:00:00,2026-02-03,13,1
Red Bull White Edition,5.0,5.33,1.02,6.35,2026-02-03 13:00:00,2026-02-03,13,1
"Red Bull 0,25",3.0,2.15,0.4,2.55,2026-02-03 13:00:00,2026-02-03,13,1
"Red Bull Sugar Free 0,25",1.0,0.71,0.14,0.85,2026-02-03 13:00:00,2026-02-03,13,1
Red Bull Summer Edition,1.0,1.07,0.2,1.27,2026-02-03 13:00:00,2026-02-03,13,1
Thermobecher 480ml Bambus & Edelstahl,1.0,14.29,2.71,17.0,2026-02-03 14:00:00,2026-02-03,14,1
HOMEMADE BUN VEGAN,1.0,2.34,0.16,2.5,2026-02-03 14:00:00,2026-02-03,14,1
Koro Protein Bar Schoko Brownie,1.0,2.33,0.17,2.5,2026-02-03 14:00:00,2026-02-03,14,1
GIANT Flapjack Hazelnut,1.0,1.12,0.08,1.2,2026-02-03 18:00:00,2026-02-03,18,1
"Leergut 0,25 EUR",1.0,0.21,0.04,0.25,2026-02-03 18:00:00,2026-02-03,18,1
"Powerade Mountain Blast 0,5l PEW",1.0,1.34,0.26,1.6,2026-02-03 18:00:00,2026-02-03,18,1
Protein Bar Vanilla Stracci,1.0,0.93,0.07,1.0,2026-02-03 19:00:00,2026-02-03,19,1
Laugenbrezel mit Butter,1.0,1.68,0.12,1.8,2026-02-03 19:00:00,2026-02-03,19,1
Twix Xtra 75g,1.0,1.12,0.08,1.2,2026-02-03 19:00:00,2026-02-03,19,1
Laugenbrezel mit Butter,1.0,1.68,0.12,1.8,2026-02-03 20:00:00,2026-02-03,20,1
HOMEMADE BUN Cheese,1.0,1.78,0.12,1.9,2026-02-03 20:00:00,2026-02-03,20,1
Red Band Briket Sup. Sauer 200St. Dose,1.0,6.45,0.45,6.9,2026-02-03 21:00:00,2026-02-03,21,1
HOMEMADE BUN Veggie Laugenecke Tom Moz,1.0,2.34,0.16,2.5,2026-02-03 23:00:00,2026-02-03,23,1
HOMEMADE Breakfastcup 285g,1.0,2.9,0.2,3.1,2026-02-03 23:00:00,2026-02-03,23,1
KitKat,2.0,1.86,0.14,2.0,2026-02-04 14:00:00,2026-02-04,14,2
Protein Bar Vanilla Stracci,1.0,0.93,0.07,1.0,2026-02-04 14:00:00,2026-02-04,14,2
Kinder Country,1.0,0.47,0.03,0.5,2026-02-04 14:00:00,2026-02-04,14,2
Snickers Riegel  2 Pack,1.0,1.13,0.07,1.2,2026-02-04 14:00:00,2026-02-04,14,2
Gepa Schokolade Noir Edelbitter 100g,1.0,2.57,0.18,2.75,2026-02-04 14:00:00,2026-02-04,14,2
Gaudenz Cuvée Rot Weingut Knipser,1.0,10.0,1.9,11.9,2026-02-04 15:00:00,2026-02-04,15,2
Berliner Brezel 70g FB,1.0,1.68,0.12,1.8,2026-02-04 17:00:00,2026-02-04,17,2
HOMEMADE BUN HAM,2.0,4.68,0.32,5.0,2026-02-04 17:00:00,2026-02-04,17,2
Beef Jerky Original,1.0,1.64,0.11,1.75,2026-02-04 20:00:00,2026-02-04,20,2
HOMEMADE BUN Cheese,1.0,1.78,0.12,1.9,2026-02-04 20:00:00,2026-02-04,20,2
Bifi Roll XXL,1.0,1.96,0.14,2.1,2026-02-04 20:00:00,2026-02-04,20,2
"Leergut 0,25 EUR",2.0,0.42,0.08,0.5,2026-02-04 20:00:00,2026-02-04,20,2
"Powerade Mountain Blast 0,5l PEW",2.0,2.69,0.51,3.2,2026-02-04 20:00:00,2026-02-04,20,2
GO FRESH Wrap Chicken Chi,1.0,3.55,0.25,3.8,2026-02-04 21:00:00,2026-02-04,21,2
Brown Donut,1.0,1.4,0.1,1.5,2026-02-04 21:00:00,2026-02-04,21,2
Smothie Froosh Mango 250ml,1.0,2.02,0.38,2.4,2026-02-04 21:00:00,2026-02-04,21,2
Laugenbrezel mit Butter,1.0,1.68,0.12,1.8,2026-02-05 09:00:00,2026-02-05,9,3
Brown Donut,1.0,1.4,0.1,1.5,2026-02-05 09:00:00,2026-02-05,9,3
Steiner´s High Protein Spätzle,2.0,7.27,0.51,7.78,2026-02-05 13:00:00,2026-02-05,13,3
KitKat,1.0,0.93,0.07,1.0,2026-02-05 14:00:00,2026-02-05,14,3
Duplo,2.0,0.94,0.06,1.0,2026-02-05 14:00:00,2026-02-05,14,3
Griesson Schoko Mountain Cookies 125g,1.0,1.68,0.12,1.8,2026-02-05 14:00:00,2026-02-05,14,3
Protein Bar Chocolate,1.0,0.93,0.07,1.0,2026-02-05 14:00:00,2026-02-05,14,3
Studentenfutt,1.0,1.87,0.13,2.0,2026-02-05 14:00:00,2026-02-05,14,3
Kinder Country,1.0,0.47,0.03,0.5,2026-02-05 14:00:00,2026-02-05,14,3
Mein Glück aus Mandeln,2.0,7.94,0.56,8.5,2026-02-05 14:00:00,2026-02-05,14,3
Koro Protein Bar Pistachio,2.0,5.41,0.39,5.8,2026-02-05 14:00:00,2026-02-05,14,3
Koro Protein Bar Schoko Brownie,1.0,2.34,0.16,2.5,2026-02-05 14:00:00,2026-02-05,14,3
Koro Protein Bar Peanut Chocolate,1.0,2.06,0.14,2.2,2026-02-05 14:00:00,2026-02-05,14,3
Gepa Schokolade Noir Edelbitter 100g,2.0,5.14,0.36,5.5,2026-02-05 14:00:00,2026-02-05,14,3
"Leergut 0,25 EUR",2.0,0.42,0.08,0.5,2026-02-05 14:00:00,2026-02-05,14,3
"Red Bull Sugar Free 0,25",1.0,1.07,0.2,1.27,2026-02-05 14:00:00,2026-02-05,14,3
DPG Vitamin Well Reload,1.0,1.64,0.31,1.95,2026-02-05 14:00:00,2026-02-05,14,3
Filly Nut Donut,1.0,1.4,0.1,1.5,2026-02-05 16:00:00,2026-02-05,16,3
Brezeln,1.0,1.78,0.12,1.9,2026-02-05 16:00:00,2026-02-05,16,3
Laugenbrezel mit Butter,1.0,1.68,0.12,1.8,2026-02-05 16:00:00,2026-02-05,16,3
Gefüllter Triple Chocolate Muffin,2.0,4.11,0.29,4.4,2026-02-05 16:00:00,2026-02-05,16,3
HOMEMADE BUN HAM,1.0,2.34,0.16,2.5,2026-02-05 16:00:00,2026-02-05,16,3
Manner Neapolitaner Schnitten 75g,1.0,0.93,0.07,1.0,2026-02-05 17:00:00,2026-02-05,17,3
Berliner Brezel 70g FB,1.0,1.68,0.12,1.8,2026-02-05 17:00:00,2026-02-05,17,3
HOMEMADE BUN HAM,1.0,2.34,0.16,2.5,2026-02-05 17:00:00,2026-02-05,17,3
HOMEMADE BUN Salami,1.0,2.34,0.16,2.5,2026-02-05 17:00:00,2026-02-05,17,3
Bio cookies & choc fairness 45g,1.0,1.13,0.07,1.2,2026-02-05 17:00:00,2026-02-05,17,3
Beef Jerky Original,4.0,6.56,0.44,7.0,2026-02-05 18:00:00,2026-02-05,18,3
BiFi Veggie Roll XXL,1.0,1.96,0.14,2.1,2026-02-05 18:00:00,2026-02-05,18,3
GO FRESH Wrap Tomat Mozza,1.0,3.55,0.25,3.8,2026-02-05 18:00:00,2026-02-05,18,3
GO FRESH Tuna Sandwich,1.0,3.54,0.26,3.8,2026-02-05 18:00:00,2026-02-05,18,3
HOMEMADE BUN Cheese,1.0,1.78,0.12,1.9,2026-02-05 21:00:00,2026-02-05,21,3
HOMEMADE Breakfastcup 285g,1.0,2.9,0.2,3.1,2026-02-05 22:00:00,2026-02-05,22,3
HOMEMADE BUN VEGAN,1.0,2.34,0.16,2.5,2026-02-06 08:00:00,2026-02-06,8,4
Currywurst Snack,1.0,1.68,0.12,1.8,2026-02-06 10:00:00,2026-02-06,10,4
Kinder Bueno 43g Ferrero,1.0,0.93,0.07,1.0,2026-02-06 11:00:00,2026-02-06,11,4
Beef Jerky Original,1.0,1.64,0.11,1.75,2026-02-06 11:00:00,2026-02-06,11,4
"Leergut 0,25 EUR",1.0,0.21,0.04,0.25,2026-02-06 11:00:00,2026-02-06,11,4
Red Bull Summer Edition,1.0,1.07,0.2,1.27,2026-02-06 11:00:00,2026-02-06,11,4
Koro Protein Bar Pistachio,1.0,2.71,0.19,2.9,2026-02-06 13:00:00,2026-02-06,13,4
Koro Protein Bar Schoko Brownie,1.0,2.34,0.16,2.5,2026-02-06 13:00:00,2026-02-06,13,4
Koro Protein Bar Peanut Chocolate,1.0,2.06,0.14,2.2,2026-02-06 13:00:00,2026-02-06,13,4
Bio poppy & vanilla fairness 45g,1.0,1.12,0.08,1.2,2026-02-06 13:00:00,2026-02-06,13,4
"Leergut 0,25 EUR",1.0,0.21,0.04,0.25,2026-02-06 13:00:00,2026-02-06,13,4
"Red Bull Sugar Free 0,25",1.0,1.07,0.2,1.27,2026-02-06 13:00:00,2026-02-06,13,4
"Leergut 0,08 EUR",2.0,0.13,0.03,0.16,2026-02-06 14:00:00,2026-02-06,14,4
Welde Slow,2.0,2.86,0.54,3.4,2026-02-06 14:00:00,2026-02-06,14,4
XL Laugenbrezel 130g FG,1.0,1.31,0.09,1.4,2026-02-06 16:00:00,2026-02-06,16,4
Kinderriegel,1.0,0.47,0.03,0.5,2026-02-06 16:00:00,2026-02-06,16,4
"Bio double milk fairness 37,5g",1.0,1.01,0.19,1.2,2026-02-06 16:00:00,2026-02-06,16,4
"Leergut 0,15 EUR",2.0,0.25,0.05,0.3,2026-02-06 16:00:00,2026-02-06,16,4
"Mezzo Mix 0,4L Glas Mehrweg",1.0,1.26,0.24,1.5,2026-02-06 16:00:00,2026-02-06,16,4
"Coca Cola Zero 0,4L Glas Mehrweg",1.0,1.26,0.24,1.5,2026-02-06 16:00:00,2026-02-06,16,4
Filly Nut Donut,1.0,1.4,0.1,1.5,2026-02-06 17:00:00,2026-02-06,17,4
HOMEMADE BUN HAM,1.0,2.34,0.16,2.5,2026-02-06 17:00:00,2026-02-06,17,4
"Leergut 0,08 EUR",3.0,0.2,0.04,0.24,2026-02-06 17:00:00,2026-02-06,17,4
Welde Slow,3.0,4.29,0.81,5.1,2026-02-06 17:00:00,2026-02-06,17,4
HOMEMADE BUN HAM,1.0,2.34,0.16,2.5,2026-02-06 18:00:00,2026-02-06,18,4
HOMEMADE BUN Veggie Laugenecke Tom Moz,1.0,2.34,0.16,2.5,2026-02-06 18:00:00,2026-02-06,18,4
Airwaves Menth & Eucalypt Box,1.0,2.7,0.2,2.9,2026-02-06 18:00:00,2026-02-06,18,4
DPG Vitamin Well Hydrate,1.0,1.64,0.31,1.95,2026-02-07 20:00:00,2026-02-07,20,5
Protein Bar Caramell Toffee,1.0,0.93,0.07,1.0,2026-02-07 23:00:00,2026-02-07,23,5
HOMEMADE BUN Veggie Laugenecke Tom Moz,1.0,2.34,0.16,2.5,2026-02-07 23:00:00,2026-02-07,23,5
Protein Bar Chocolate,2.0,1.86,0.14,2.0,2026-02-08 14:00:00,2026-02-08,14,6
GO FRESH Sandw Pute Ei,1.0,3.55,0.25,3.8,2026-02-08 14:00:00,2026-02-08,14,6
HOMEMADE BUN Cheese,1.0,1.78,0.12,1.9,2026-02-08 14:00:00,2026-02-08,14,6
Shot Ginger Apple 60ml,1.0,1.85,0.35,2.2,2026-02-08 14:00:00,2026-02-08,14,6
GO FRESH Tuna Sandwich,1.0,3.55,0.25,3.8,2026-02-08 15:00:00,2026-02-08,15,6
Teinacher Apfelschorle,1.0,1.34,0.26,1.6,2026-02-08 15:00:00,2026-02-08,15,6
Black Truffle Trufa Negra 24 Beutel á,1.0,1.12,0.08,1.2,2026-02-08 16:00:00,2026-02-08,16,6
Airwaves Menth & Eucalypt Box,1.0,2.71,0.19,2.9,2026-02-08 16:00:00,2026-02-08,16,6
Heitlinger Pinot Bois,1.0,9.66,1.84,11.5,2026-02-08 16:00:00,2026-02-08,16,6
Graci Laboratories Functional Meal Buckw,1.0,1.68,0.12,1.8,2026-02-08 17:00:00,2026-02-08,17,6
GIANT Flapjack Hazelnut,1.0,1.12,0.08,1.2,2026-02-08 17:00:00,2026-02-08,17,6
"Leergut 0,25 EUR",1.0,0.21,0.04,0.25,2026-02-08 17:00:00,2026-02-08,17,6
Red Bull Summer Edition,1.0,1.07,0.2,1.27,2026-02-08 17:00:00,2026-02-08,17,6
DPG Vitamin Well Reload,2.0,3.28,0.62,3.9,2026-02-08 18:00:00,2026-02-08,18,6
Coffee Cup Small,1.0,1.26,0.24,1.5,2026-02-09 10:00:00,2026-02-09,10,0
Coffee Cup Small,1.0,1.26,0.24,1.5,2026-02-09 11:00:00,2026-02-09,11,0
Barebells Soft Protein Coco Choco 55g,1.0,3.08,0.22,3.3,2026-02-09 12:00:00,2026-02-09,12,0
Pringles Hot & Spicy,1.0,1.31,0.09,1.4,2026-02-09 13:00:00,2026-02-09,13,0
GIANT Flapjack Raspberry,1.0,1.12,0.08,1.2,2026-02-09 13:00:00,2026-02-09,13,0
GIANT Flapjack Hazelnut,1.0,1.12,0.08,1.2,2026-02-09 13:00:00,2026-02-09,13,0
Haribo Goldbären 100g,1.0,0.93,0.07,1.0,2026-02-09 14:00:00,2026-02-09,14,0
Haribo Color Rado 100g,3.0,2.81,0.19,3.0,2026-02-09 14:00:00,2026-02-09,14,0
"Leergut 0,25 EUR",1.0,0.21,0.04,0.25,2026-02-09 16:00:00,2026-02-09,16,0
DPG Vitamin Well Hydrate,1.0,1.64,0.31,1.95,2026-02-09 16:00:00,2026-02-09,16,0
Fe Yogurette,1.0,2.34,0.16,2.5,2026-02-09 17:00:00,2026-02-09,17,0
Manner Neapolitaner Schnitten 75g,1.0,0.93,0.07,1.0,2026-02-09 18:00:00,2026-02-09,18,0
Twix Ice Cream Eisriegel,1.0,2.34,0.16,2.5,2026-02-09 18:00:00,2026-02-09,18,0
"Leergut 0,15 EUR",1.0,0.13,0.02,0.15,2026-02-09 21:00:00,2026-02-09,21,0
"Coca Cola Zero 0,4L Glas Mehrweg",1.0,1.26,0.24,1.5,2026-02-09 21:00:00,2026-02-09,21,0
BiFi Roll,1.0,1.31,0.09,1.4,2026-02-09 23:00:00,2026-02-09,23,0
Beef Jerky Original,1.0,1.64,0.11,1.75,2026-02-10 09:00:00,2026-02-10,9,1
Bio cookies & choc fairness 45g,1.0,1.12,0.08,1.2,2026-02-10 09:00:00,2026-02-10,9,1
Soft Protein Riegel Salted Peanut Carame,1.0,2.99,0.21,3.2,2026-02-10 09:00:00,2026-02-10,9,1
HOMEMADE BUN Cheese,1.0,1.78,0.12,1.9,2026-02-10 11:00:00,2026-02-10,11,1
Barebells Caramel Choco 55g,1.0,3.08,0.22,3.3,2026-02-10 13:00:00,2026-02-10,13,1
Croissant Schnecke,1.0,1.68,0.12,1.8,2026-02-10 13:00:00,2026-02-10,13,1
GIANT Flapjack Hazelnut,1.0,1.12,0.08,1.2,2026-02-10 13:00:00,2026-02-10,13,1
BIO Hafer Drink Cappuccino Oatly,1.0,1.89,0.36,2.25,2026-02-10 13:00:00,2026-02-10,13,1
Koro Protein Bar Schoko Brownie,1.0,2.34,0.16,2.5,2026-02-10 13:00:00,2026-02-10,13,1
Soft Protein Riegel Salted Peanut Carame,1.0,2.99,0.21,3.2,2026-02-10 13:00:00,2026-02-10,13,1
"Leergut 0,15 EUR",2.0,0.26,0.04,0.3,2026-02-10 13:00:00,2026-02-10,13,1
"Leergut 0,25 EUR",3.0,0.63,0.12,0.75,2026-02-10 13:00:00,2026-02-10,13,1
"Red Bull 0,25",1.0,1.07,0.2,1.27,2026-02-10 13:00:00,2026-02-10,13,1
"Red Bull Sugar Free 0,25",1.0,1.07,0.2,1.27,2026-02-10 13:00:00,2026-02-10,13,1
"Coca Cola 0,4L Glas Mehrweg",1.0,1.26,0.24,1.5,2026-02-10 13:00:00,2026-02-10,13,1
"Coca Cola Zero 0,4L Glas Mehrweg",1.0,1.26,0.24,1.5,2026-02-10 13:00:00,2026-02-10,13,1
Red Bull Summer Edition,1.0,1.07,0.2,1.27,2026-02-10 13:00:00,2026-02-10,13,1
Protein Bar Chocolate,2.0,1.87,0.13,2.0,2026-02-10 15:00:00,2026-02-10,15,1
Beef Jerky Sweet & Hot,1.0,1.64,0.11,1.75,2026-02-10 15:00:00,2026-02-10,15,1
"Leergut 0,25 EUR",1.0,0.21,0.04,0.25,2026-02-10 15:00:00,2026-02-10,15,1
"Red Bull Sugar Free 0,25",1.0,1.07,0.2,1.27,2026-02-10 15:00:00,2026-02-10,15,1
M&M Peanut,1.0,0.93,0.07,1.0,2026-02-10 16:00:00,2026-02-10,16,1
Haribo Color Rado 100g,1.0,0.94,0.06,1.0,2026-02-10 16:00:00,2026-02-10,16,1
Filly Nut Donut,1.0,1.4,0.1,1.5,2026-02-10 17:00:00,2026-02-10,17,1
Laugenbrezel mit Butter,1.0,1.69,0.11,1.8,2026-02-10 17:00:00,2026-02-10,17,1
Snickers Riegel  2 Pack,1.0,1.12,0.08,1.2,2026-02-10 17:00:00,2026-02-10,17,1
Twix Xtra 75g,1.0,1.12,0.08,1.2,2026-02-10 17:00:00,2026-02-10,17,1
HOMEMADE BUN HAM,1.0,2.34,0.16,2.5,2026-02-10 17:00:00,2026-02-10,17,1
HOMEMADE BUN Salami,1.0,2.34,0.16,2.5,2026-02-10 17:00:00,2026-02-10,17,1
HOMEMADE BUN Veggie Laugenecke Tom Moz,1.0,2.34,0.16,2.5,2026-02-10 17:00:00,2026-02-10,17,1
Smothie Froosh Blueberry 250ml,1.0,2.02,0.38,2.4,2026-02-10 17:00:00,2026-02-10,17,1
"Leergut 0,25 EUR",2.0,0.42,0.08,0.5,2026-02-10 17:00:00,2026-02-10,17,1
"Powerade Mountain Blast 0,5l PEW",1.0,1.34,0.26,1.6,2026-02-10 17:00:00,2026-02-10,17,1
"Red Bull 0,25",1.0,1.07,0.2,1.27,2026-02-10 17:00:00,2026-02-10,17,1
Laugenbrezel mit Butter,1.0,1.68,0.12,1.8,2026-02-10 18:00:00,2026-02-10,18,1
Twix Xtra 75g,1.0,1.12,0.08,1.2,2026-02-10 18:00:00,2026-02-10,18,1
La Nogger Choc,1.0,1.87,0.13,2.0,2026-02-10 19:00:00,2026-02-10,19,1
GIANT Flapjack Hazelnut,1.0,1.12,0.08,1.2,2026-02-10 19:00:00,2026-02-10,19,1
Parking disc,1.0,1.26,0.24,1.5,2026-02-10 20:00:00,2026-02-10,20,1
"Leergut 0,08 EUR",3.0,0.2,0.04,0.24,2026-02-10 20:00:00,2026-02-10,20,1
Welde Slow,3.0,4.29,0.81,5.1,2026-02-10 20:00:00,2026-02-10,20,1
Protein Bar Vanilla Stracci,1.0,0.93,0.07,1.0,2026-02-11 14:00:00,2026-02-11,14,2
Filly Nut Donut,1.0,1.41,0.09,1.5,2026-02-11 14:00:00,2026-02-11,14,2
"Leergut 0,25 EUR",1.0,0.21,0.04,0.25,2026-02-11 14:00:00,2026-02-11,14,2
DPG Vitamin Well Hydrate,1.0,1.64,0.31,1.95,2026-02-11 14:00:00,2026-02-11,14,2
Bone dry Spätburgunder Rosé,1.0,10.0,1.9,11.9,2026-02-11 15:00:00,2026-02-11,15,2
"Leergut 0,15 EUR",1.0,0.13,0.02,0.15,2026-02-11 15:00:00,2026-02-11,15,2
"Leergut 0,25 EUR",6.0,1.26,0.24,1.5,2026-02-11 15:00:00,2026-02-11,15,2
Red Bull Green Edition,1.0,1.06,0.21,1.27,2026-02-11 15:00:00,2026-02-11,15,2
"Red Bull Sugar Free 0,25",1.0,1.07,0.2,1.27,2026-02-11 15:00:00,2026-02-11,15,2
DPG Vitamin Well Hydrate,1.0,1.64,0.31,1.95,2026-02-11 15:00:00,2026-02-11,15,2
Teinacher Mango Maracuja,1.0,1.34,0.26,1.6,2026-02-11 15:00:00,2026-02-11,15,2
Untou Bio Matcha Zitrone,1.0,1.34,0.26,1.6,2026-02-11 15:00:00,2026-02-11,15,2
Red Bull Summer Edition,2.0,2.14,0.4,2.54,2026-02-11 15:00:00,2026-02-11,15,2
Griesson Schoko Mountain Cookies 125g,1.0,1.68,0.12,1.8,2026-02-11 16:00:00,2026-02-11,16,2
Oreo Classic,1.0,2.71,0.19,2.9,2026-02-11 16:00:00,2026-02-11,16,2
Leibniz Schokokeks VM,1.0,3.69,0.26,3.95,2026-02-11 16:00:00,2026-02-11,16,2
HOMEMADE BUN VEGAN,1.0,2.34,0.16,2.5,2026-02-11 16:00:00,2026-02-11,16,2
GIANT Flapjack Raspberry,1.0,1.12,0.08,1.2,2026-02-11 16:00:00,2026-02-11,16,2
BIO Hafer Drink Moccaccino 12 x 235ml Oa,1.0,1.89,0.36,2.25,2026-02-11 16:00:00,2026-02-11,16,2
Mars Riegel Mars 2 Pack 70g,1.0,1.12,0.08,1.2,2026-02-11 17:00:00,2026-02-11,17,2
"Leergut 0,15 EUR",1.0,0.13,0.02,0.15,2026-02-11 17:00:00,2026-02-11,17,2
"Coca Cola Zero 0,4L Glas Mehrweg",1.0,1.26,0.24,1.5,2026-02-11 17:00:00,2026-02-11,17,2
M&M Peanut,3.0,2.8,0.2,3.0,2026-02-11 18:00:00,2026-02-11,18,2
"Leergut 0,08 EUR",8.0,0.54,0.1,0.64,2026-02-11 18:00:00,2026-02-11,18,2
Welde Slow,5.0,7.14,1.36,8.5,2026-02-11 18:00:00,2026-02-11,18,2
Welde Alkoholfrei,3.0,4.29,0.81,5.1,2026-02-11 18:00:00,2026-02-11,18,2
Cashews gerös,1.0,2.06,0.14,2.2,2026-02-11 20:00:00,2026-02-11,20,2
HOMEMADE BUN HAM,1.0,2.33,0.17,2.5,2026-02-11 20:00:00,2026-02-11,20,2
La Cornetto Haselnuss,2.0,3.74,0.26,4.0,2026-02-11 21:00:00,2026-02-11,21,2
HOMEMADE BUN HAM,1.0,2.34,0.16,2.5,2026-02-11 21:00:00,2026-02-11,21,2
Bio cookies & choc fairness 45g,1.0,1.12,0.08,1.2,2026-02-11 21:00:00,2026-02-11,21,2
HOMEMADE BUN Salami,1.0,2.34,0.16,2.5,2026-02-12 08:00:00,2026-02-12,8,3
Airwaves Menth & Eucalypt,1.0,0.93,0.07,1.0,2026-02-12 13:00:00,2026-02-12,13,3
M&M Peanut,1.0,0.93,0.07,1.0,2026-02-12 13:00:00,2026-02-12,13,3
Snickers Riegel  2 Pack,1.0,1.12,0.08,1.2,2026-02-12 13:00:00,2026-02-12,13,3
Shot Beetroot 60ml,1.0,1.85,0.35,2.2,2026-02-12 13:00:00,2026-02-12,13,3
Shot Ginger Apple 60ml,1.0,1.85,0.35,2.2,2026-02-12 13:00:00,2026-02-12,13,3
"Leergut 0,25 EUR",1.0,0.21,0.04,0.25,2026-02-12 13:00:00,2026-02-12,13,3
DPG Vitamin Well Prepare,1.0,1.64,0.31,1.95,2026-02-12 13:00:00,2026-02-12,13,3
"Leergut 0,25 EUR",1.0,0.21,0.04,0.25,2026-02-12 15:00:00,2026-02-12,15,3
DPG Vitamin Well Reload,1.0,1.64,0.31,1.95,2026-02-12 15:00:00,2026-02-12,15,3
Manner Neapolitaner Schnitten 75g,2.0,1.87,0.13,2.0,2026-02-12 16:00:00,2026-02-12,16,3
Cashews gerös,1.0,2.06,0.14,2.2,2026-02-12 16:00:00,2026-02-12,16,3
Haribo Goldbären 100g,1.0,0.93,0.07,1.0,2026-02-12 16:00:00,2026-02-12,16,3
HOMEMADE BUN Salami,1.0,2.34,0.16,2.5,2026-02-12 16:00:00,2026-02-12,16,3
"Leergut 0,25 EUR",1.0,0.21,0.04,0.25,2026-02-12 16:00:00,2026-02-12,16,3
DPG Vitamin Well Reload,1.0,1.64,0.31,1.95,2026-02-12 16:00:00,2026-02-12,16,3
Protein Bar Chocolate,1.0,0.93,0.07,1.0,2026-02-12 17:00:00,2026-02-12,17,3
Protein Bar Vanilla Stracci,1.0,0.93,0.07,1.0,2026-02-12 17:00:00,2026-02-12,17,3
Filly Nut Donut,1.0,1.4,0.1,1.5,2026-02-12 17:00:00,2026-02-12,17,3
Airwaves Menth & Eucalypt,1.0,0.93,0.07,1.0,2026-02-12 17:00:00,2026-02-12,17,3
Snickers Protein Riegel,1.0,3.0,0.2,3.2,2026-02-12 17:00:00,2026-02-12,17,3
Gefüllter Triple Chocolate Muffin,1.0,2.06,0.14,2.2,2026-02-12 17:00:00,2026-02-12,17,3
HOMEMADE BUN Cheese,1.0,1.78,0.12,1.9,2026-02-12 17:00:00,2026-02-12,17,3
HOMEMADE BUN Salami,1.0,2.34,0.16,2.5,2026-02-12 17:00:00,2026-02-12,17,3
HOMEMADE BUN Veggie Laugenecke Tom Moz,1.0,2.34,0.16,2.5,2026-02-12 17:00:00,2026-02-12,17,3
"Yayla Ayran Tetra 0,25L",1.0,1.01,0.19,1.2,2026-02-12 17:00:00,2026-02-12,17,3
"Leergut 0,25 EUR",1.0,0.21,0.04,0.25,2026-02-12 17:00:00,2026-02-12,17,3
"Red Bull Sugar Free 0,25",1.0,1.07,0.2,1.27,2026-02-12 17:00:00,2026-02-12,17,3
Airwaves Menth & Eucalypt,1.0,0.93,0.07,1.0,2026-02-12 18:00:00,2026-02-12,18,3
HOMEMADE BUN HAM,1.0,2.33,0.17,2.5,2026-02-12 18:00:00,2026-02-12,18,3
HOMEMADE BUN Veggie Laugenecke Tom Moz,1.0,2.34,0.16,2.5,2026-02-12 18:00:00,2026-02-12,18,3
Laugenbrezel mit Butter,1.0,1.68,0.12,1.8,2026-02-12 19:00:00,2026-02-12,19,3
HOMEMADE BUN Cheese,1.0,1.78,0.12,1.9,2026-02-12 21:00:00,2026-02-12,21,3
Brown Donut,1.0,1.4,0.1,1.5,2026-02-12 22:00:00,2026-02-12,22,3
Beef Jerky Original,1.0,1.64,0.11,1.75,2026-02-13 08:00:00,2026-02-13,8,4
"Leergut 0,25 EUR",1.0,0.21,0.04,0.25,2026-02-13 08:00:00,2026-02-13,8,4
"Red Bull Sugar Free 0,25",1.0,1.07,0.2,1.27,2026-02-13 08:00:00,2026-02-13,8,4
Tempo Klassik Taschentücher,1.0,2.69,0.51,3.2,2026-02-13 09:00:00,2026-02-13,9,4
Protein Bar Chocolate,1.0,0.93,0.07,1.0,2026-02-13 12:00:00,2026-02-13,12,4
"Theo Birnen Balsamico Essig 0,5l",2.0,16.64,1.16,17.8,2026-02-13 12:00:00,2026-02-13,12,4
Mentos Gum Pure Frost,1.0,3.27,0.23,3.5,2026-02-13 12:00:00,2026-02-13,12,4
HOMEMADE Breakfastcup 285g,1.0,2.9,0.2,3.1,2026-02-13 12:00:00,2026-02-13,12,4
Shot Himbeere Ingwer 60ml,1.0,1.85,0.35,2.2,2026-02-13 12:00:00,2026-02-13,12,4
HIP Oat Milk Chocolate Salty Pretzels,1.0,3.69,0.26,3.95,2026-02-13 12:00:00,2026-02-13,12,4
"Leergut 0,15 EUR",1.0,0.13,0.02,0.15,2026-02-13 12:00:00,2026-02-13,12,4
"Coca Cola Zero 0,4L Glas Mehrweg",1.0,1.26,0.24,1.5,2026-02-13 12:00:00,2026-02-13,12,4
Becky's DUO Cakes,1.0,0.45,0.09,0.54,2026-02-13 12:00:00,2026-02-13,12,4
Natural Happiness Nut & Fruit Mix,2.0,2.68,0.51,3.19,2026-02-13 12:00:00,2026-02-13,12,4
TOPVALU Joynuts Caramel Coffee,1.0,2.49,0.47,2.96,2026-02-13 12:00:00,2026-02-13,12,4
Snickers Ice Cream Eisrie,1.0,2.34,0.16,2.5,2026-02-13 13:00:00,2026-02-13,13,4
Soft Protein Riegel Salted Peanut Carame,1.0,2.99,0.21,3.2,2026-02-13 13:00:00,2026-02-13,13,4
"Leergut 0,25 EUR",1.0,0.21,0.04,0.25,2026-02-13 13:00:00,2026-02-13,13,4
DPG Vitamin Well Reload,1.0,1.64,0.31,1.95,2026-02-13 13:00:00,2026-02-13,13,4
La Nogger Choc,1.0,1.87,0.13,2.0,2026-02-13 14:00:00,2026-02-13,14,4
Snickers Protein Riegel,1.0,2.99,0.21,3.2,2026-02-13 15:00:00,2026-02-13,15,4
Haribo Color Rado 100g,1.0,0.93,0.07,1.0,2026-02-13 15:00:00,2026-02-13,15,4
Aramark Seasoning Mix,1.0,3.64,0.25,3.89,2026-02-13 15:00:00,2026-02-13,15,4
"Leergut 0,15 EUR",1.0,0.13,0.02,0.15,2026-02-13 15:00:00,2026-02-13,15,4
"Coca Cola Zero 0,4L Glas Mehrweg",1.0,1.26,0.24,1.5,2026-02-13 15:00:00,2026-02-13,15,4
Koro Protein Bar Butter Cups,1.0,2.34,0.16,2.5,2026-02-13 18:00:00,2026-02-13,18,4
"Leergut 0,15 EUR",1.0,0.13,0.02,0.15,2026-02-13 18:00:00,2026-02-13,18,4
Teinacher classic,1.0,1.01,0.19,1.2,2026-02-13 18:00:00,2026-02-13,18,4
GO FRESH Wrap Chicken Chi,1.0,3.55,0.25,3.8,2026-02-13 20:00:00,2026-02-13,20,4
Twix Xtra 75g,1.0,1.12,0.08,1.2,2026-02-13 20:00:00,2026-02-13,20,4
Koro Protein Bar Peanut Chocolate,1.0,2.06,0.14,2.2,2026-02-13 21:00:00,2026-02-13,21,4
"Leergut 0,25 EUR",1.0,0.21,0.04,0.25,2026-02-13 21:00:00,2026-02-13,21,4
Red Bull White Edition,1.0,1.07,0.2,1.27,2026-02-13 21:00:00,2026-02-13,21,4
Airwaves Menth & Eucalypt,6.0,5.6,0.4,6.0,2026-02-14 12:00:00,2026-02-14,12,5
HOMEMADE Breakfastcup 285g,1.0,2.9,0.2,3.1,2026-02-14 12:00:00,2026-02-14,12,5
"Leergut 0,25 EUR",7.0,1.47,0.28,1.75,2026-02-14 12:00:00,2026-02-14,12,5
DPG Vitamin Well Reload,4.0,6.55,1.25,7.8,2026-02-14 12:00:00,2026-02-14,12,5
DPG Vitamin Well Hydrate,1.0,1.64,0.31,1.95,2026-02-14 12:00:00,2026-02-14,12,5
DPG Vitamin Well Prepare,2.0,3.28,0.62,3.9,2026-02-14 12:00:00,2026-02-14,12,5
Nutella Glas 450g Glas,1.0,4.63,0.32,4.95,2026-02-15 14:00:00,2026-02-15,14,6
"Leergut 0,25 EUR",2.0,0.42,0.08,0.5,2026-02-15 14:00:00,2026-02-15,14,6
DPG Vitamin Well Prepare,1.0,1.64,0.31,1.95,2026-02-15 14:00:00,2026-02-15,14,6
Untou Bio Matcha Zitrone,1.0,1.34,0.26,1.6,2026-02-15 14:00:00,2026-02-15,14,6
La Cornetto Haselnuss,2.0,3.74,0.26,4.0,2026-02-15 16:00:00,2026-02-15,16,6
"Leergut 0,25 EUR",1.0,0.21,0.04,0.25,2026-02-15 16:00:00,2026-02-15,16,6
"Hochwald Eisschoko 0,25l Dose",1.0,1.31,0.09,1.4,2026-02-15 16:00:00,2026-02-15,16,6
Griesson Schoko Mountain Cookies 125g,1.0,1.69,0.11,1.8,2026-02-15 18:00:00,2026-02-15,18,6
M&M Peanut,1.0,0.93,0.07,1.0,2026-02-15 18:00:00,2026-02-15,18,6
"Leergut 0,08 EUR",1.0,0.07,0.01,0.08,2026-02-15 18:00:00,2026-02-15,18,6
"Leergut 0,15 EUR",1.0,0.13,0.02,0.15,2026-02-15 18:00:00,2026-02-15,18,6
Welde Slow,1.0,1.43,0.27,1.7,2026-02-15 18:00:00,2026-02-15,18,6
FUZE T PFIRSICH,1.0,1.43,0.27,1.7,2026-02-15 18:00:00,2026-02-15,18,6
Twix Xtra 75g,1.0,1.12,0.08,1.2,2026-02-15 19:00:00,2026-02-15,19,6
Koro Protein Bar Pistachio,1.0,2.71,0.19,2.9,2026-02-16 13:00:00,2026-02-16,13,0
Gepa Schokolade Noir Edelbitter 100g,1.0,2.57,0.18,2.75,2026-02-16 13:00:00,2026-02-16,13,0
"Leergut 0,15 EUR",2.0,0.26,0.04,0.3,2026-02-16 13:00:00,2026-02-16,13,0
"Leergut 0,25 EUR",3.0,0.62,0.13,0.75,2026-02-16 13:00:00,2026-02-16,13,0
Red Bull Green Edition,1.0,1.07,0.2,1.27,2026-02-16 13:00:00,2026-02-16,13,0
"Red Bull Sugar Free 0,25",1.0,1.06,0.21,1.27,2026-02-16 13:00:00,2026-02-16,13,0
Red Bull Zero,1.0,1.07,0.2,1.27,2026-02-16 13:00:00,2026-02-16,13,0
"Coca Cola Zero 0,4L Glas Mehrweg",2.0,2.52,0.48,3.0,2026-02-16 13:00:00,2026-02-16,13,0
Oreo Classic,1.0,2.71,0.19,2.9,2026-02-16 15:00:00,2026-02-16,15,0
Leibniz Schokokeks VM,1.0,3.7,0.25,3.95,2026-02-16 15:00:00,2026-02-16,15,0
Brown Donut,1.0,1.4,0.1,1.5,2026-02-16 15:00:00,2026-02-16,15,0
"Snack Nüsse, geröstet & gesalzen",1.0,3.5,0.25,3.75,2026-02-16 15:00:00,2026-02-16,15,0
Filly Nut Donut,1.0,1.4,0.1,1.5,2026-02-16 17:00:00,2026-02-16,17,0
M&M Peanut,1.0,0.93,0.07,1.0,2026-02-16 17:00:00,2026-02-16,17,0
Snickers Protein Riegel,1.0,3.0,0.2,3.2,2026-02-16 17:00:00,2026-02-16,17,0
Snickers Riegel  2 Pack,1.0,1.12,0.08,1.2,2026-02-16 17:00:00,2026-02-16,17,0
Carrot and sea buckthorn shot 60ml,1.0,1.85,0.35,2.2,2026-02-16 17:00:00,2026-02-16,17,0
Bio poppy & vanilla fairness 45g,1.0,1.12,0.08,1.2,2026-02-16 19:00:00,2026-02-16,19,0
Beef Jerky Original,1.0,1.64,0.11,1.75,2026-02-16 20:00:00,2026-02-16,20,0
BiFi Carazza,1.0,1.21,0.09,1.3,2026-02-16 20:00:00,2026-02-16,20,0
Koro Protein Bar Schoko Brownie,1.0,2.34,0.16,2.5,2026-02-16 20:00:00,2026-02-16,20,0
"Leergut 0,25 EUR",2.0,0.42,0.08,0.5,2026-02-16 20:00:00,2026-02-16,20,0
"Powerade Mountain Blast 0,5l PEW",1.0,1.34,0.26,1.6,2026-02-16 20:00:00,2026-02-16,20,0
DPG Vitamin Well Reload,1.0,1.64,0.31,1.95,2026-02-16 20:00:00,2026-02-16,20,0
HOMEMADE Breakfastcup 285g,1.0,2.9,0.2,3.1,2026-02-17 09:00:00,2026-02-17,9,1
HOMEMADE BUN VEGAN,1.0,2.34,0.16,2.5,2026-02-17 10:00:00,2026-02-17,10,1
Koro Protein Bar Schoko Brownie,1.0,2.33,0.17,2.5,2026-02-17 10:00:00,2026-02-17,10,1
"Leergut 0,25 EUR",1.0,0.21,0.04,0.25,2026-02-17 11:00:00,2026-02-17,11,1
"Powerade Mountain Blast 0,5l PEW",1.0,1.34,0.26,1.6,2026-02-17 11:00:00,2026-02-17,11,1
"Leergut 0,25 EUR",1.0,0.21,0.04,0.25,2026-02-17 12:00:00,2026-02-17,12,1
Red Bull Zero,1.0,1.07,0.2,1.27,2026-02-17 12:00:00,2026-02-17,12,1
Gefüllter Triple Chocolate Muffin,1.0,2.06,0.14,2.2,2026-02-17 13:00:00,2026-02-17,13,1
Shot Himbeere Ingwer 60ml,1.0,1.85,0.35,2.2,2026-02-17 13:00:00,2026-02-17,13,1
"Leergut 0,15 EUR",1.0,0.13,0.02,0.15,2026-02-17 13:00:00,2026-02-17,13,1
"Leergut 0,25 EUR",2.0,0.42,0.08,0.5,2026-02-17 13:00:00,2026-02-17,13,1
Hochwald Eis Macchiato,1.0,1.31,0.09,1.4,2026-02-17 13:00:00,2026-02-17,13,1
"Coca Cola Zero 0,4L Glas Mehrweg",1.0,1.26,0.24,1.5,2026-02-17 13:00:00,2026-02-17,13,1
Untou Bio Matcha Zitrone,1.0,1.34,0.26,1.6,2026-02-17 13:00:00,2026-02-17,13,1
Knoppers,2.0,0.94,0.06,1.0,2026-02-17 15:00:00,2026-02-17,15,1
BLACK FOREST ICE CREAM Vanille 100ml Bio,1.0,2.34,0.16,2.5,2026-02-17 15:00:00,2026-02-17,15,1
BLACK FOREST ICE CREAM Schokolade 100ml,1.0,2.34,0.16,2.5,2026-02-17 15:00:00,2026-02-17,15,1
Beef Jerky Original,1.0,1.64,0.11,1.75,2026-02-17 15:00:00,2026-02-17,15,1
Haribo Color Rado 100g,1.0,0.93,0.07,1.0,2026-02-17 15:00:00,2026-02-17,15,1
The Yeah Blend Green Matcha Latte Powder,1.0,14.58,1.02,15.6,2026-02-17 15:00:00,2026-02-17,15,1
Koro Protein Bar Peanut Chocolate,1.0,2.06,0.14,2.2,2026-02-17 15:00:00,2026-02-17,15,1
"Leergut 0,15 EUR",1.0,0.13,0.02,0.15,2026-02-17 15:00:00,2026-02-17,15,1
"Leergut 0,25 EUR",2.0,0.42,0.08,0.5,2026-02-17 15:00:00,2026-02-17,15,1
"Hochwald Eiskaffee 0,25l Dose",1.0,1.3,0.1,1.4,2026-02-17 15:00:00,2026-02-17,15,1
"Red Bull 0,25",1.0,1.07,0.2,1.27,2026-02-17 15:00:00,2026-02-17,15,1
"Coca Cola 0,4L Glas Mehrweg",1.0,1.26,0.24,1.5,2026-02-17 15:00:00,2026-02-17,15,1
Brezeln,1.0,1.78,0.12,1.9,2026-02-17 16:00:00,2026-02-17,16,1
"Leergut 0,25 EUR",2.0,0.42,0.08,0.5,2026-02-17 16:00:00,2026-02-17,16,1
Red Bull Summer Edition,2.0,2.13,0.41,2.54,2026-02-17 16:00:00,2026-02-17,16,1
Protein Bar Caramell Toffee,1.0,0.93,0.07,1.0,2026-02-17 17:00:00,2026-02-17,17,1
Protein Bar Vanilla Stracci,1.0,0.94,0.06,1.0,2026-02-17 17:00:00,2026-02-17,17,1
HOMEMADE BUN HAM,1.0,2.34,0.16,2.5,2026-02-17 18:00:00,2026-02-17,18,1
HOMEMADE Breakfastcup 285g,1.0,2.89,0.21,3.1,2026-02-17 18:00:00,2026-02-17,18,1
"Leergut 0,08 EUR",1.0,0.07,0.01,0.08,2026-02-17 20:00:00,2026-02-17,20,1
"Leergut 0,15 EUR",1.0,0.13,0.02,0.15,2026-02-17 20:00:00,2026-02-17,20,1
"Leergut 0,25 EUR",3.0,0.62,0.13,0.75,2026-02-17 20:00:00,2026-02-17,20,1
DPG Vitamin Well Reload,1.0,1.64,0.31,1.95,2026-02-17 20:00:00,2026-02-17,20,1
DPG Vitamin Well Hydrate,1.0,1.64,0.31,1.95,2026-02-17 20:00:00,2026-02-17,20,1
DPG Vitamin Well Prepare,1.0,1.64,0.31,1.95,2026-02-17 20:00:00,2026-02-17,20,1
Teinacher Johannisbeer Holunder,1.0,1.34,0.26,1.6,2026-02-17 20:00:00,2026-02-17,20,1
Welde Naturradler,1.0,1.43,0.27,1.7,2026-02-17 20:00:00,2026-02-17,20,1
"Leergut 0,15 EUR",1.0,0.13,0.02,0.15,2026-02-17 21:00:00,2026-02-17,21,1
Teinacher Johannisbeer Holunder,1.0,1.34,0.26,1.6,2026-02-17 21:00:00,2026-02-17,21,1
Laugenbrezel mit Pfeffer,1.0,1.68,0.12,1.8,2026-02-18 08:00:00,2026-02-18,8,2
Airwaves Menth & Eucalypt Box,1.0,2.71,0.19,2.9,2026-02-18 08:00:00,2026-02-18,8,2
M&M Peanut,1.0,0.93,0.07,1.0,2026-02-18 14:00:00,2026-02-18,14,2
Hanuta 2er 44g,1.0,0.94,0.06,1.0,2026-02-18 14:00:00,2026-02-18,14,2
Kinderriegel,1.0,0.47,0.03,0.5,2026-02-18 14:00:00,2026-02-18,14,2
Twix Xtra 75g,1.0,1.12,0.08,1.2,2026-02-18 14:00:00,2026-02-18,14,2
Protein Bar Chocolate,1.0,0.93,0.07,1.0,2026-02-18 15:00:00,2026-02-18,15,2
"Leergut 0,25 EUR",2.0,0.42,0.08,0.5,2026-02-18 15:00:00,2026-02-18,15,2
"Powerade Mountain Blast 0,5l PEW",1.0,1.34,0.26,1.6,2026-02-18 15:00:00,2026-02-18,15,2
Red Bull Green Edition,1.0,1.07,0.2,1.27,2026-02-18 15:00:00,2026-02-18,15,2
GIANT Flapjack Hazelnut,1.0,1.12,0.08,1.2,2026-02-18 16:00:00,2026-02-18,16,2
"Leergut 0,25 EUR",1.0,0.21,0.04,0.25,2026-02-18 16:00:00,2026-02-18,16,2
Untou Bio Matcha Lime,1.0,1.34,0.26,1.6,2026-02-18 16:00:00,2026-02-18,16,2
Koro Protein Bar Pistachio,1.0,2.71,0.19,2.9,2026-02-18 17:00:00,2026-02-18,17,2
Becky's DUO Cakes,-1.0,-0.45,-0.09,-0.54,2026-02-18 17:00:00,2026-02-18,17,2
Natural Happiness Nut & Fruit Mix,-2.0,-2.68,-0.51,-3.19,2026-02-18 17:00:00,2026-02-18,17,2
TOPVALU Joynuts Caramel Coffee,-1.0,-2.49,-0.47,-2.96,2026-02-18 17:00:00,2026-02-18,17,2
Protein Bar Caramell Toffee,1.0,0.93,0.07,1.0,2026-02-18 19:00:00,2026-02-18,19,2
"Bio double milk fairness 37,5g",1.0,1.01,0.19,1.2,2026-02-18 19:00:00,2026-02-18,19,2
"Bio hazel nougat fairness 37,5g",1.0,1.01,0.19,1.2,2026-02-18 19:00:00,2026-02-18,19,2
Disposable cutlery set,1.0,0.25,0.05,0.3,2026-02-18 20:00:00,2026-02-18,20,2
GO FRESH Pastasalad Chicken,1.0,3.27,0.23,3.5,2026-02-18 20:00:00,2026-02-18,20,2
Fe Yogurette,1.0,2.34,0.16,2.5,2026-02-18 20:00:00,2026-02-18,20,2
XL Laugenbrezel 130g FG,1.0,1.31,0.09,1.4,2026-02-19 08:00:00,2026-02-19,8,3
HOMEMADE BUN HAM,1.0,2.34,0.16,2.5,2026-02-19 09:00:00,2026-02-19,9,3
"Leergut 0,25 EUR",1.0,0.21,0.04,0.25,2026-02-19 09:00:00,2026-02-19,9,3
"Monster Energy 0,5l",1.0,1.85,0.35,2.2,2026-02-19 09:00:00,2026-02-19,9,3
Cashews gerös,1.0,2.06,0.14,2.2,2026-02-19 11:00:00,2026-02-19,11,3
Protein Bar Chocolate,2.0,1.87,0.13,2.0,2026-02-19 12:00:00,2026-02-19,12,3
Protein Bar Vanilla Stracci,1.0,0.93,0.07,1.0,2026-02-19 12:00:00,2026-02-19,12,3
Ritter Sport Edel Vollmilch 100g,1.0,1.78,0.12,1.9,2026-02-19 13:00:00,2026-02-19,13,3
Koro Protein Bar Pistachio,1.0,2.71,0.19,2.9,2026-02-19 13:00:00,2026-02-19,13,3
Kinder Bueno 43g Ferrero,1.0,0.93,0.07,1.0,2026-02-19 14:00:00,2026-02-19,14,3
"Leergut 0,25 EUR",1.0,0.21,0.04,0.25,2026-02-19 14:00:00,2026-02-19,14,3
"Red Bull 0,25",1.0,1.07,0.2,1.27,2026-02-19 14:00:00,2026-02-19,14,3
M&M Peanut,1.0,0.93,0.07,1.0,2026-02-19 16:00:00,2026-02-19,16,3
Laugenbrezel mit Butter,1.0,1.68,0.12,1.8,2026-02-19 16:00:00,2026-02-19,16,3
Laugenbrezel mit Pfeffer,1.0,1.68,0.12,1.8,2026-02-19 16:00:00,2026-02-19,16,3
"Leergut 0,25 EUR",1.0,0.21,0.04,0.25,2026-02-19 16:00:00,2026-02-19,16,3
"Powerade Mountain Blast 0,5l PEW",1.0,1.34,0.26,1.6,2026-02-19 16:00:00,2026-02-19,16,3
Nissin Cup Noodles Chicke,1.0,2.43,0.17,2.6,2026-02-19 17:00:00,2026-02-19,17,3
Snickers Riegel  2 Pack,1.0,1.12,0.08,1.2,2026-02-19 17:00:00,2026-02-19,17,3
HOMEMADE BUN VEGAN,1.0,2.34,0.16,2.5,2026-02-19 17:00:00,2026-02-19,17,3
Koro Protein Bar Butter Cups,1.0,2.34,0.16,2.5,2026-02-19 17:00:00,2026-02-19,17,3
"Leergut 0,25 EUR",1.0,0.21,0.04,0.25,2026-02-19 17:00:00,2026-02-19,17,3
"Red Bull 0,25",1.0,1.07,0.2,1.27,2026-02-19 17:00:00,2026-02-19,17,3
Oet Baguette Salami,1.0,3.27,0.23,3.5,2026-02-19 20:00:00,2026-02-19,20,3
Cashews gerös,1.0,2.06,0.14,2.2,2026-02-19 20:00:00,2026-02-19,20,3
GIANT Flapjack Hazelnut,1.0,1.12,0.08,1.2,2026-02-19 20:00:00,2026-02-19,20,3
HOMEMADE BUN HAM,1.0,2.34,0.16,2.5,2026-02-20 10:00:00,2026-02-20,10,4
Gefüllter Triple Chocolate Muffin,1.0,2.06,0.14,2.2,2026-02-20 14:00:00,2026-02-20,14,4
Smothie Froosh Pineapple 250ml,1.0,2.02,0.38,2.4,2026-02-20 14:00:00,2026-02-20,14,4
Koro Protein Bar Pistachio,1.0,2.71,0.19,2.9,2026-02-20 14:00:00,2026-02-20,14,4
Koro Protein Bar Butter Cups,1.0,2.34,0.16,2.5,2026-02-20 14:00:00,2026-02-20,14,4
"Leergut 0,15 EUR",1.0,0.13,0.02,0.15,2026-02-20 14:00:00,2026-02-20,14,4
"Leergut 0,25 EUR",4.0,0.84,0.16,1.0,2026-02-20 14:00:00,2026-02-20,14,4
Red Bull Green Edition,1.0,1.07,0.2,1.27,2026-02-20 14:00:00,2026-02-20,14,4
"Red Bull 0,25",2.0,1.78,0.34,2.12,2026-02-20 14:00:00,2026-02-20,14,4
"Coca Cola Zero 0,4L Glas Mehrweg",1.0,1.26,0.24,1.5,2026-02-20 14:00:00,2026-02-20,14,4
Red Bull Summer Edition,1.0,0.71,0.14,0.85,2026-02-20 14:00:00,2026-02-20,14,4
Soft Protein Riegel Salted Peanut Carame,1.0,2.99,0.21,3.2,2026-02-20 15:00:00,2026-02-20,15,4
Griesson Schoko Mountain Cookies 125g,1.0,1.68,0.12,1.8,2026-02-20 16:00:00,2026-02-20,16,4
Oreo Classic,1.0,2.71,0.19,2.9,2026-02-20 16:00:00,2026-02-20,16,4
Leibniz Schokokeks VM,1.0,3.69,0.26,3.95,2026-02-20 16:00:00,2026-02-20,16,4
M Cooky Spritzgebäck,1.0,1.87,0.13,2.0,2026-02-20 16:00:00,2026-02-20,16,4
Gefüllter Triple Chocolate Muffin,1.0,2.06,0.14,2.2,2026-02-20 16:00:00,2026-02-20,16,4
Brown Donut,1.0,1.4,0.1,1.5,2026-02-20 16:00:00,2026-02-20,16,4
GIANT Flapjack Pecanut,1.0,1.12,0.08,1.2,2026-02-20 16:00:00,2026-02-20,16,4
"Leergut 0,08 EUR",5.0,0.34,0.06,0.4,2026-02-20 16:00:00,2026-02-20,16,4
Welde Slow,5.0,7.14,1.36,8.5,2026-02-20 16:00:00,2026-02-20,16,4
Filly Nut Donut,1.0,1.41,0.09,1.5,2026-02-20 17:00:00,2026-02-20,17,4
Airwaves Menth & Eucalypt,1.0,0.93,0.07,1.0,2026-02-20 17:00:00,2026-02-20,17,4
"Leergut 0,08 EUR",3.0,0.2,0.04,0.24,2026-02-20 17:00:00,2026-02-20,17,4
Welde Slow,1.0,1.43,0.27,1.7,2026-02-20 17:00:00,2026-02-20,17,4
Welde Weizen,2.0,3.19,0.61,3.8,2026-02-20 17:00:00,2026-02-20,17,4
Filly Nut Donut,1.0,1.4,0.1,1.5,2026-02-20 18:00:00,2026-02-20,18,4
Manner Neapolitaner Schnitten 75g,2.0,1.87,0.13,2.0,2026-02-21 12:00:00,2026-02-21,12,5
Wheat Germ & Tomato Cuori 250g,1.0,3.64,0.26,3.9,2026-02-21 12:00:00,2026-02-21,12,5
Bellezini Focaccine Rosemary,1.0,2.34,0.16,2.5,2026-02-21 12:00:00,2026-02-21,12,5
Bio poppy & vanilla fairness 45g,1.0,1.12,0.08,1.2,2026-02-21 12:00:00,2026-02-21,12,5
"Bio creamy cocos fairness 37,5g",1.0,1.12,0.08,1.2,2026-02-21 12:00:00,2026-02-21,12,5
Aramark Seasoning Mix,1.0,3.64,0.25,3.89,2026-02-21 12:00:00,2026-02-21,12,5
Koro Protein Bar Pistachio,1.0,2.71,0.19,2.9,2026-02-21 19:00:00,2026-02-21,19,5
GO FRESH Wrap Chicken Chi,1.0,3.55,0.25,3.8,2026-02-21 21:00:00,2026-02-21,21,5
Protein Bar Vanilla Stracci,1.0,0.93,0.07,1.0,2026-02-22 00:00:00,2026-02-22,0,6
DPG Vitamin Well Hydrate,1.0,1.64,0.31,1.95,2026-02-22 00:00:00,2026-02-22,0,6
GO FRESH Sandw Pute Ei,1.0,3.55,0.25,3.8,2026-02-22 10:00:00,2026-02-22,10,6
Koro Protein Bar Pistachio,1.0,2.71,0.19,2.9,2026-02-22 10:00:00,2026-02-22,10,6
Manner Neapolitaner Schnitten 75g,1.0,0.93,0.07,1.0,2026-02-22 15:00:00,2026-02-22,15,6
Studentenfutt,1.0,1.87,0.13,2.0,2026-02-22 15:00:00,2026-02-22,15,6
La Magnum Classic,1.0,2.52,0.18,2.7,2026-02-22 15:00:00,2026-02-22,15,6
Herta Finesse Schinken 100g,1.0,3.27,0.23,3.5,2026-02-22 15:00:00,2026-02-22,15,6
GO FRESH Wrap Thunfisch,1.0,3.55,0.25,3.8,2026-02-22 15:00:00,2026-02-22,15,6
Twix Ice Cream Eisriegel,2.0,4.68,0.32,5.0,2026-02-22 15:00:00,2026-02-22,15,6
Snickers Riegel  2 Pack,1.0,1.12,0.08,1.2,2026-02-22 15:00:00,2026-02-22,15,6
Ritter Sport Edel Vollmilch 100g,1.0,1.78,0.12,1.9,2026-02-22 15:00:00,2026-02-22,15,6
Mein Glück aus Mandeln,1.0,3.98,0.27,4.25,2026-02-22 15:00:00,2026-02-22,15,6
"Leergut 0,15 EUR",2.0,0.25,0.05,0.3,2026-02-22 15:00:00,2026-02-22,15,6
Teinacher Mango Maracuja,1.0,1.34,0.26,1.6,2026-02-22 15:00:00,2026-02-22,15,6
FUZE T PFIRSICH,1.0,1.43,0.27,1.7,2026-02-22 15:00:00,2026-02-22,15,6
Mars Riegel Mars 2 Pack 70g,1.0,1.12,0.08,1.2,2026-02-22 21:00:00,2026-02-22,21,6
"Leergut 0,25 EUR",1.0,0.21,0.04,0.25,2026-02-22 21:00:00,2026-02-22,21,6
YFood Trink Vanilla,1.0,4.58,0.32,4.9,2026-02-22 21:00:00,2026-02-22,21,6
"Leergut 0,25 EUR",1.0,0.21,0.04,0.25,2026-02-23 09:00:00,2026-02-23,9,0
Red Bull Blue Edition,1.0,1.07,0.2,1.27,2026-02-23 09:00:00,2026-02-23,9,0
"Leergut 0,25 EUR",2.0,0.42,0.08,0.5,2026-02-23 10:00:00,2026-02-23,10,0
Red Bull White Edition,1.0,1.06,0.21,1.27,2026-02-23 10:00:00,2026-02-23,10,0
Red Bull Green Edition,1.0,1.07,0.2,1.27,2026-02-23 10:00:00,2026-02-23,10,0
Beef Jerky Original,1.0,1.64,0.11,1.75,2026-02-23 11:00:00,2026-02-23,11,0
HOMEMADE BUN Salami,1.0,2.33,0.17,2.5,2026-02-23 11:00:00,2026-02-23,11,0
Koro Protein Bar Pistachio,1.0,2.71,0.19,2.9,2026-02-23 13:00:00,2026-02-23,13,0
"Leergut 0,25 EUR",2.0,0.42,0.08,0.5,2026-02-23 13:00:00,2026-02-23,13,0
"Red Bull 0,25",1.0,0.72,0.13,0.85,2026-02-23 13:00:00,2026-02-23,13,0
Red Bull Zero,1.0,0.71,0.14,0.85,2026-02-23 13:00:00,2026-02-23,13,0
Toothpaste Blenda Med,1.0,1.6,0.3,1.9,2026-02-23 14:00:00,2026-02-23,14,0
OralB Classic Car 35 Mit,1.0,0.92,0.18,1.1,2026-02-23 14:00:00,2026-02-23,14,0
Duplo,1.0,0.47,0.03,0.5,2026-02-23 16:00:00,2026-02-23,16,0
Kinderriegel,1.0,0.47,0.03,0.5,2026-02-23 16:00:00,2026-02-23,16,0
Haribo Color Rado 100g,3.0,2.81,0.19,3.0,2026-02-23 16:00:00,2026-02-23,16,0
GIANT Flapjack Hazelnut,1.0,1.12,0.08,1.2,2026-02-23 16:00:00,2026-02-23,16,0
GIANT Flapjack Pecanut,1.0,1.12,0.08,1.2,2026-02-23 16:00:00,2026-02-23,16,0
Bio poppy & vanilla fairness 45g,1.0,1.12,0.08,1.2,2026-02-23 16:00:00,2026-02-23,16,0
"Bio double milk fairness 37,5g",1.0,1.01,0.19,1.2,2026-02-23 16:00:00,2026-02-23,16,0
"Bio hazel nougat fairness 37,5g",1.0,1.01,0.19,1.2,2026-02-23 16:00:00,2026-02-23,16,0
XL Laugenbrezel 130g FG,1.0,1.31,0.09,1.4,2026-02-23 17:00:00,2026-02-23,17,0
"Bio creamy cocos fairness 37,5g",1.0,1.12,0.08,1.2,2026-02-23 17:00:00,2026-02-23,17,0
Laugenbrezel mit Butter,1.0,1.68,0.12,1.8,2026-02-23 19:00:00,2026-02-23,19,0
Twix Xtra 75g,1.0,1.12,0.08,1.2,2026-02-23 19:00:00,2026-02-23,19,0
GIANT Flapjack Hazelnut,1.0,1.12,0.08,1.2,2026-02-23 19:00:00,2026-02-23,19,0
Bio cookies & choc fairness 45g,1.0,1.12,0.08,1.2,2026-02-23 19:00:00,2026-02-23,19,0
Laugenbrezel mit Butter,1.0,1.68,0.12,1.8,2026-02-23 20:00:00,2026-02-23,20,0
HOMEMADE BUN Cheese,1.0,1.78,0.12,1.9,2026-02-23 20:00:00,2026-02-23,20,0
"Leergut 0,25 EUR",1.0,0.21,0.04,0.25,2026-02-23 20:00:00,2026-02-23,20,0
"Red Bull 0,25",1.0,1.07,0.2,1.27,2026-02-23 20:00:00,2026-02-23,20,0
Wiener im Glas 390g,1.0,5.14,0.36,5.5,2026-02-23 22:00:00,2026-02-23,22,0
"Leergut 0,25 EUR",1.0,0.21,0.04,0.25,2026-02-23 22:00:00,2026-02-23,22,0
DPG Vitamin Well Reload,1.0,1.64,0.31,1.95,2026-02-23 22:00:00,2026-02-23,22,0
Duschdas Shower For Men,1.0,3.32,0.63,3.95,2026-02-24 08:00:00,2026-02-24,8,1
HOMEMADE BUN Salami,1.0,2.34,0.16,2.5,2026-02-24 09:00:00,2026-02-24,9,1
HOMEMADE BUN Veggie Laugenecke Tom Moz,1.0,2.34,0.16,2.5,2026-02-24 09:00:00,2026-02-24,9,1
"Leergut 0,25 EUR",3.0,0.63,0.12,0.75,2026-02-24 09:00:00,2026-02-24,9,1
"Monster Energy 0,5l",3.0,5.55,1.05,6.6,2026-02-24 09:00:00,2026-02-24,9,1
Laugenbrezel mit Butter,1.0,1.68,0.12,1.8,2026-02-24 10:00:00,2026-02-24,10,1
HOMEMADE BUN HAM,1.0,2.34,0.16,2.5,2026-02-24 10:00:00,2026-02-24,10,1
Snickers Ice Cream Eisrie,1.0,2.34,0.16,2.5,2026-02-24 11:00:00,2026-02-24,11,1
Mars Ice Cream Eisriegel,1.0,2.33,0.17,2.5,2026-02-24 11:00:00,2026-02-24,11,1
Fe Yogurette,1.0,2.34,0.16,2.5,2026-02-24 11:00:00,2026-02-24,11,1
Shot Himbeere Ingwer 60ml,1.0,1.84,0.36,2.2,2026-02-24 11:00:00,2026-02-24,11,1
Shot Ginger Apple 60ml,1.0,1.85,0.35,2.2,2026-02-24 11:00:00,2026-02-24,11,1
"Leergut 0,15 EUR",1.0,0.13,0.02,0.15,2026-02-24 11:00:00,2026-02-24,11,1
"Leergut 0,25 EUR",2.0,0.42,0.08,0.5,2026-02-24 11:00:00,2026-02-24,11,1
DPG Vitamin Well Hydrate,1.0,1.64,0.31,1.95,2026-02-24 11:00:00,2026-02-24,11,1
DPG Vitamin Well Prepare,1.0,1.64,0.31,1.95,2026-02-24 11:00:00,2026-02-24,11,1
Teinacher Johannisbeer Holunder,1.0,1.34,0.26,1.6,2026-02-24 11:00:00,2026-02-24,11,1
HOMEMADE BUN Salami,1.0,2.34,0.16,2.5,2026-02-24 13:00:00,2026-02-24,13,1
Manner Neapolitaner Schnitten 75g,2.0,1.86,0.14,2.0,2026-02-24 15:00:00,2026-02-24,15,1
Mentos Gum Pure Frost,1.0,3.28,0.22,3.5,2026-02-24 15:00:00,2026-02-24,15,1
Haribo Color Rado 100g,1.0,0.93,0.07,1.0,2026-02-24 15:00:00,2026-02-24,15,1
Koro Protein Bar Butter Cups,1.0,2.34,0.16,2.5,2026-02-24 15:00:00,2026-02-24,15,1
"Leergut 0,25 EUR",1.0,0.21,0.04,0.25,2026-02-24 15:00:00,2026-02-24,15,1
DPG Vitamin Well Prepare,1.0,1.64,0.31,1.95,2026-02-24 15:00:00,2026-02-24,15,1
Mionetto Treviso Prosecco Frizzante,1.0,6.64,1.26,7.9,2026-02-24 16:00:00,2026-02-24,16,1
"Leergut 0,15 EUR",1.0,0.13,0.02,0.15,2026-02-24 16:00:00,2026-02-24,16,1
Teinacher Mango Maracuja,1.0,1.34,0.26,1.6,2026-02-24 16:00:00,2026-02-24,16,1
Koro Protein Bar Peanut Chocolate,1.0,2.06,0.14,2.2,2026-02-24 17:00:00,2026-02-24,17,1
"Leergut 0,25 EUR",1.0,0.21,0.04,0.25,2026-02-24 17:00:00,2026-02-24,17,1
Red Bull White Edition,1.0,1.07,0.2,1.27,2026-02-24 17:00:00,2026-02-24,17,1
Kinder Bueno 43g Ferrero,1.0,0.93,0.07,1.0,2026-02-24 18:00:00,2026-02-24,18,1
Koro Protein Bar Schoko Brownie,1.0,2.34,0.16,2.5,2026-02-24 22:00:00,2026-02-24,22,1
"Leergut 0,08 EUR",2.0,0.13,0.03,0.16,2026-02-24 22:00:00,2026-02-24,22,1
"Moretti Beer 0,33L",2.0,3.36,0.64,4.0,2026-02-24 22:00:00,2026-02-24,22,1
Haribo Goldbären 100g,1.0,0.93,0.07,1.0,2026-02-25 10:00:00,2026-02-25,10,2
Haribo Color Rado 100g,1.0,0.93,0.07,1.0,2026-02-25 10:00:00,2026-02-25,10,2
HOMEMADE BUN Salami,1.0,2.35,0.15,2.5,2026-02-25 10:00:00,2026-02-25,10,2
HOMEMADE BUN Veggie Laugenecke Tom Moz,1.0,2.34,0.16,2.5,2026-02-25 10:00:00,2026-02-25,10,2
Filly Nut Donut,1.0,1.4,0.1,1.5,2026-02-25 12:00:00,2026-02-25,12,2
Snickers Riegel  2 Pack,1.0,1.12,0.08,1.2,2026-02-25 12:00:00,2026-02-25,12,2
Soft Protein Riegel Salted Peanut Carame,1.0,2.99,0.21,3.2,2026-02-25 12:00:00,2026-02-25,12,2
"Leergut 0,25 EUR",1.0,0.21,0.04,0.25,2026-02-25 12:00:00,2026-02-25,12,2
Red Bull Zero,1.0,1.07,0.2,1.27,2026-02-25 12:00:00,2026-02-25,12,2
Kinderriegel,1.0,0.47,0.03,0.5,2026-02-25 13:00:00,2026-02-25,13,2
GIANT Flapjack Raspberry,2.0,2.24,0.16,2.4,2026-02-25 13:00:00,2026-02-25,13,2
Bio poppy & vanilla fairness 45g,2.0,2.24,0.16,2.4,2026-02-25 13:00:00,2026-02-25,13,2
"Bio hazel nougat fairness 37,5g",1.0,1.01,0.19,1.2,2026-02-25 13:00:00,2026-02-25,13,2
"Leergut 0,15 EUR",1.0,0.13,0.02,0.15,2026-02-25 13:00:00,2026-02-25,13,2
"Leergut 0,25 EUR",1.0,0.21,0.04,0.25,2026-02-25 13:00:00,2026-02-25,13,2
Red Bull Zero,1.0,1.07,0.2,1.27,2026-02-25 13:00:00,2026-02-25,13,2
"Coca Cola Zero 0,4L Glas Mehrweg",1.0,1.26,0.24,1.5,2026-02-25 13:00:00,2026-02-25,13,2
BIO Hafer Drink Moccaccino 12 x 235ml Oa,1.0,1.89,0.36,2.25,2026-02-25 14:00:00,2026-02-25,14,2
Koro Protein Bar Peanut Chocolate,1.0,2.06,0.14,2.2,2026-02-25 15:00:00,2026-02-25,15,2
"Leergut 0,15 EUR",1.0,0.13,0.02,0.15,2026-02-25 15:00:00,2026-02-25,15,2
"Leergut 0,25 EUR",1.0,0.21,0.04,0.25,2026-02-25 15:00:00,2026-02-25,15,2
"Coca Cola Zero 0,4L Glas Mehrweg",1.0,1.26,0.24,1.5,2026-02-25 15:00:00,2026-02-25,15,2
Untou Bio Matcha Zitrone,1.0,1.34,0.26,1.6,2026-02-25 15:00:00,2026-02-25,15,2
Croissant Schnecke,1.0,1.68,0.12,1.8,2026-02-25 16:00:00,2026-02-25,16,2
Shot Ginger Apple 60ml,2.0,3.7,0.7,4.4,2026-02-25 16:00:00,2026-02-25,16,2
Beef Jerky Original,1.0,1.64,0.11,1.75,2026-02-25 18:00:00,2026-02-25,18,2
La Magnum Almond,1.0,2.53,0.17,2.7,2026-02-25 18:00:00,2026-02-25,18,2
La Cornetto Haselnuss,1.0,1.87,0.13,2.0,2026-02-25 18:00:00,2026-02-25,18,2
GO FRESH Wrap Chicken Chi,1.0,3.55,0.25,3.8,2026-02-25 18:00:00,2026-02-25,18,2
GO FRESH Sandw Pute Ei,1.0,3.55,0.25,3.8,2026-02-25 18:00:00,2026-02-25,18,2
Haribo Goldbären 100g,1.0,0.93,0.07,1.0,2026-02-25 18:00:00,2026-02-25,18,2
HOMEMADE BUN Cheese,1.0,1.78,0.12,1.9,2026-02-25 18:00:00,2026-02-25,18,2
Mionetto Treviso Prosecco Frizzante,1.0,6.64,1.26,7.9,2026-02-25 18:00:00,2026-02-25,18,2
"Bio creamy cocos fairness 37,5g",4.0,4.48,0.32,4.8,2026-02-25 18:00:00,2026-02-25,18,2
"Leergut 0,08 EUR",5.0,0.33,0.07,0.4,2026-02-25 18:00:00,2026-02-25,18,2
"Leergut 0,25 EUR",1.0,0.21,0.04,0.25,2026-02-25 18:00:00,2026-02-25,18,2
"Red Bull Sugar Free 0,25",1.0,1.07,0.2,1.27,2026-02-25 18:00:00,2026-02-25,18,2
Welde Slow,2.0,2.86,0.54,3.4,2026-02-25 18:00:00,2026-02-25,18,2
Welde Alkoholfrei,2.0,2.86,0.54,3.4,2026-02-25 18:00:00,2026-02-25,18,2
"Moretti Beer 0,33L",1.0,1.68,0.32,2.0,2026-02-25 18:00:00,2026-02-25,18,2
Hanuta 2er 44g,1.0,0.93,0.07,1.0,2026-02-25 20:00:00,2026-02-25,20,2
"Leergut 0,08 EUR",1.0,0.07,0.01,0.08,2026-02-26 09:00:00,2026-02-26,9,3
"Leergut 0,25 EUR",3.0,0.63,0.12,0.75,2026-02-26 09:00:00,2026-02-26,9,3
"Red Bull Sugar Free 0,25",2.0,2.14,0.4,2.54,2026-02-26 09:00:00,2026-02-26,9,3
DPG Vitamin Well Reload,1.0,1.63,0.32,1.95,2026-02-26 09:00:00,2026-02-26,9,3
Welde Slow,1.0,1.43,0.27,1.7,2026-02-26 09:00:00,2026-02-26,9,3
Knoppers,1.0,0.47,0.03,0.5,2026-02-26 10:00:00,2026-02-26,10,3
Duplo,1.0,0.47,0.03,0.5,2026-02-26 10:00:00,2026-02-26,10,3
HOMEMADE BUN Salami,1.0,2.34,0.16,2.5,2026-02-26 10:00:00,2026-02-26,10,3
Coffee Cup Small,1.0,1.26,0.24,1.5,2026-02-26 10:00:00,2026-02-26,10,3
Coffee Cup Big1,2.0,3.36,0.64,4.0,2026-02-26 10:00:00,2026-02-26,10,3
Heitlinger Pinot Bois,1.0,9.67,1.83,11.5,2026-02-26 10:00:00,2026-02-26,10,3
"Leergut 0,15 EUR",6.0,0.75,0.15,0.9,2026-02-26 10:00:00,2026-02-26,10,3
Teinacher Heidelbeer Eistee,1.0,1.34,0.26,1.6,2026-02-26 10:00:00,2026-02-26,10,3
Teinacher Mango Maracuja,1.0,1.35,0.25,1.6,2026-02-26 10:00:00,2026-02-26,10,3
Teinacher Johannisbeer Holunder,1.0,1.34,0.26,1.6,2026-02-26 10:00:00,2026-02-26,10,3
Teinacher Apfelschorle,1.0,1.34,0.26,1.6,2026-02-26 10:00:00,2026-02-26,10,3
"Coca Cola Zero 0,4L Glas Mehrweg",2.0,2.52,0.48,3.0,2026-02-26 10:00:00,2026-02-26,10,3
Graci Laboratories Funtional Meal Cousco,1.0,1.68,0.12,1.8,2026-02-26 11:00:00,2026-02-26,11,3
Disposable cutlery set,1.0,0.25,0.05,0.3,2026-02-26 12:00:00,2026-02-26,12,3
"Bio hazel nougat fairness 37,5g",1.0,1.01,0.19,1.2,2026-02-26 12:00:00,2026-02-26,12,3
Shot Himbeere Ingwer 60ml,2.0,3.7,0.7,4.4,2026-02-26 13:00:00,2026-02-26,13,3
Shot Ginger Apple 60ml,1.0,1.85,0.35,2.2,2026-02-26 13:00:00,2026-02-26,13,3
Starbucks Caramel Macchiato,1.0,2.76,0.19,2.95,2026-02-26 14:00:00,2026-02-26,14,3
Koro Protein Bar Schoko Brownie,2.0,4.68,0.32,5.0,2026-02-26 14:00:00,2026-02-26,14,3
Manner Neapolitaner Schnitten 75g,1.0,0.93,0.07,1.0,2026-02-26 15:00:00,2026-02-26,15,3
BiFi Carazza,1.0,1.22,0.08,1.3,2026-02-26 15:00:00,2026-02-26,15,3
Hansaplast Sensitive,1.0,2.94,0.56,3.5,2026-02-26 15:00:00,2026-02-26,15,3
"Leergut 0,15 EUR",1.0,0.13,0.02,0.15,2026-02-26 15:00:00,2026-02-26,15,3
"Coca Cola 0,4L Glas Mehrweg",1.0,1.26,0.24,1.5,2026-02-26 15:00:00,2026-02-26,15,3
Mars Ice Cream Eisriegel,1.0,2.34,0.16,2.5,2026-02-26 16:00:00,2026-02-26,16,3
Filly Nut Donut,1.0,1.4,0.1,1.5,2026-02-26 16:00:00,2026-02-26,16,3
Cashews gerös,1.0,2.06,0.14,2.2,2026-02-26 16:00:00,2026-02-26,16,3
La Magnum Almond,1.0,2.52,0.18,2.7,2026-02-26 16:00:00,2026-02-26,16,3
"Leergut 0,25 EUR",1.0,0.21,0.04,0.25,2026-02-26 16:00:00,2026-02-26,16,3
DPG Vitamin Well Hydrate,1.0,1.64,0.31,1.95,2026-02-26 16:00:00,2026-02-26,16,3
HOMEMADE BUN Cheese,2.0,3.56,0.24,3.8,2026-02-26 21:00:00,2026-02-26,21,3
Filly Nut Donut,1.0,1.4,0.1,1.5,2026-02-27 13:00:00,2026-02-27,13,4
Kinderriegel,2.0,0.93,0.07,1.0,2026-02-27 13:00:00,2026-02-27,13,4
Koro Protein Bar Peanut Chocolate,1.0,2.06,0.14,2.2,2026-02-27 13:00:00,2026-02-27,13,4
Bio poppy & vanilla fairness 45g,2.0,2.25,0.15,2.4,2026-02-27 13:00:00,2026-02-27,13,4
"Bio hazel nougat fairness 37,5g",2.0,2.02,0.38,2.4,2026-02-27 13:00:00,2026-02-27,13,4
"Leergut 0,15 EUR",1.0,0.13,0.02,0.15,2026-02-27 13:00:00,2026-02-27,13,4
"Coca Cola Zero 0,4L Glas Mehrweg",2.0,2.52,0.48,3.0,2026-02-27 13:00:00,2026-02-27,13,4
ARAMARK BIO Pfeffer schwarz 40g Mühle,1.0,2.34,0.16,2.5,2026-02-27 14:00:00,2026-02-27,14,4
Pistazien ger,1.0,2.33,0.17,2.5,2026-02-27 14:00:00,2026-02-27,14,4
Shot Ginger Apple 60ml,1.0,1.85,0.35,2.2,2026-02-27 15:00:00,2026-02-27,15,4
Disposable barbecue,1.0,2.08,0.39,2.47,2026-02-27 16:00:00,2026-02-27,16,4
Starbucks Cappuccino,1.0,2.76,0.19,2.95,2026-02-27 16:00:00,2026-02-27,16,4
GO FRESH Tuna Sandwich,1.0,3.55,0.25,3.8,2026-02-27 21:00:00,2026-02-27,21,4
Twix Xtra 75g,1.0,1.12,0.08,1.2,2026-02-27 21:00:00,2026-02-27,21,4
"Yayla Ayran Tetra 0,25L",1.0,1.01,0.19,1.2,2026-02-27 21:00:00,2026-02-27,21,4
"Leergut 0,15 EUR",2.0,0.25,0.05,0.3,2026-02-28 11:00:00,2026-02-28,11,5
"Coca Cola 0,4L Glas Mehrweg",2.0,2.52,0.48,3.0,2026-02-28 11:00:00,2026-02-28,11,5
BLACK FOREST ICE CREAM Schwarzw. Kirsch,1.0,2.33,0.17,2.5,2026-03-01 14:00:00,2026-03-01,14,6
BF ICE CREAM Weiße Schokolade & Waldbeer,1.0,2.34,0.16,2.5,2026-03-01 14:00:00,2026-03-01,14,6
Hofeis Mango 130ml,2.0,4.67,0.33,5.0,2026-03-01 17:00:00,2026-03-01,17,6
"Leergut 0,25 EUR",1.0,0.21,0.04,0.25,2026-03-01 17:00:00,2026-03-01,17,6
Untou Bio Matcha Lime,1.0,1.34,0.26,1.6,2026-03-01 17:00:00,2026-03-01,17,6
Bio H Milch 1l Nature,1.0,2.1,0.15,2.25,2026-03-01 19:00:00,2026-03-01,19,6
Berliner Brezel 70g FB,1.0,1.68,0.12,1.8,2026-03-01 21:00:00,2026-03-01,21,6
Barebells Soft Protein Coco Choco 55g,1.0,3.09,0.21,3.3,2026-03-01 21:00:00,2026-03-01,21,6
Oreo Classic,1.0,2.71,0.19,2.9,2026-03-01 21:00:00,2026-03-01,21,6
Snickers Ice Cream Eisrie,1.0,2.34,0.16,2.5,2026-03-02 13:00:00,2026-03-02,13,0
Mentos Gum Pure Frost,1.0,3.27,0.23,3.5,2026-03-02 14:00:00,2026-03-02,14,0
HOMEMADE BUN Salami,1.0,2.34,0.16,2.5,2026-03-02 14:00:00,2026-03-02,14,0
Starbucks Caffé Latte,1.0,2.76,0.19,2.95,2026-03-02 14:00:00,2026-03-02,14,0
HofEis Joghurt Heidelbeere 130ml,1.0,2.34,0.16,2.5,2026-03-02 15:00:00,2026-03-02,15,0
BF ICE CREAM Weiße Schokolade & Waldbeer,1.0,2.34,0.16,2.5,2026-03-02 15:00:00,2026-03-02,15,0
La Magnum Almond,1.0,2.52,0.18,2.7,2026-03-02 15:00:00,2026-03-02,15,0
Protein Bar Caramell Toffee,1.0,0.93,0.07,1.0,2026-03-02 16:00:00,2026-03-02,16,0
Chili & Lime Chili & Lima24 Beutel á 4,2.0,2.24,0.16,2.4,2026-03-02 16:00:00,2026-03-02,16,0
M&M Peanut,1.0,0.93,0.07,1.0,2026-03-02 16:00:00,2026-03-02,16,0
Beef Jerky Original,1.0,2.34,0.16,2.5,2026-03-02 16:00:00,2026-03-02,16,0
La Magnum Almond,1.0,2.52,0.18,2.7,2026-03-02 16:00:00,2026-03-02,16,0
Snickers Riegel  2 Pack,1.0,1.12,0.08,1.2,2026-03-02 16:00:00,2026-03-02,16,0
HOMEMADE BUN HAM,1.0,2.34,0.16,2.5,2026-03-02 16:00:00,2026-03-02,16,0
HANDL Veggie Almjäger,1.0,2.61,0.18,2.79,2026-03-02 16:00:00,2026-03-02,16,0
"Leergut 0,15 EUR",1.0,0.13,0.02,0.15,2026-03-02 16:00:00,2026-03-02,16,0
"Leergut 0,25 EUR",1.0,0.21,0.04,0.25,2026-03-02 16:00:00,2026-03-02,16,0
"Red Bull Sugar Free 0,25",1.0,1.07,0.2,1.27,2026-03-02 16:00:00,2026-03-02,16,0
Teinacher Mango Maracuja,1.0,1.34,0.26,1.6,2026-03-02 16:00:00,2026-03-02,16,0
GO FRESH Tuna Sandwich,1.0,3.55,0.25,3.8,2026-03-02 18:00:00,2026-03-02,18,0
Koro Protein Bar Butter Cups,1.0,2.34,0.16,2.5,2026-03-02 18:00:00,2026-03-02,18,0
HOMEMADE BUN Cheese,1.0,1.78,0.12,1.9,2026-03-02 19:00:00,2026-03-02,19,0
Koro Protein Bar Pistachio,1.0,2.71,0.19,2.9,2026-03-02 19:00:00,2026-03-02,19,0
Jagdwurst 200g Dose,1.0,3.64,0.26,3.9,2026-03-02 20:00:00,2026-03-02,20,0
Laugenbrezel mit Butter,1.0,1.68,0.12,1.8,2026-03-02 21:00:00,2026-03-02,21,0
Laugenbrezel mit Pfeffer,1.0,1.68,0.12,1.8,2026-03-02 21:00:00,2026-03-02,21,0
HOMEMADE BUN VEGAN,1.0,2.34,0.16,2.5,2026-03-02 21:00:00,2026-03-02,21,0
XL Laugenbrezel 130g FG,1.0,1.31,0.09,1.4,2026-03-03 11:00:00,2026-03-03,11,1
HOMEMADE BUN HAM,1.0,2.33,0.17,2.5,2026-03-03 11:00:00,2026-03-03,11,1
Airwaves Menth & Eucalypt,1.0,0.93,0.07,1.0,2026-03-03 13:00:00,2026-03-03,13,1
HOMEMADE BUN Salami,1.0,2.34,0.16,2.5,2026-03-03 13:00:00,2026-03-03,13,1
Koro Protein Bar Pistachio,1.0,2.71,0.19,2.9,2026-03-03 13:00:00,2026-03-03,13,1
Koro Protein Bar Peanut Chocolate,1.0,2.06,0.14,2.2,2026-03-03 13:00:00,2026-03-03,13,1
"Leergut 0,25 EUR",3.0,0.63,0.12,0.75,2026-03-03 13:00:00,2026-03-03,13,1
Red Bull Green Edition,1.0,1.07,0.2,1.27,2026-03-03 13:00:00,2026-03-03,13,1
Red Bull Zero,2.0,2.13,0.41,2.54,2026-03-03 13:00:00,2026-03-03,13,1
"Leergut 0,25 EUR",1.0,0.21,0.04,0.25,2026-03-03 14:00:00,2026-03-03,14,1
DPG Vitamin Well Reload,1.0,1.64,0.31,1.95,2026-03-03 14:00:00,2026-03-03,14,1
"Leergut 0,15 EUR",1.0,0.13,0.02,0.15,2026-03-03 15:00:00,2026-03-03,15,1
Teinacher Mango Maracuja,1.0,1.34,0.26,1.6,2026-03-03 15:00:00,2026-03-03,15,1
Knoppers,1.0,0.47,0.03,0.5,2026-03-03 16:00:00,2026-03-03,16,1
Duplo,1.0,0.46,0.04,0.5,2026-03-03 16:00:00,2026-03-03,16,1
Haribo Goldbären 100g,1.0,0.93,0.07,1.0,2026-03-03 16:00:00,2026-03-03,16,1
Koro Protein Bar Pistachio,1.0,2.71,0.19,2.9,2026-03-03 16:00:00,2026-03-03,16,1
Cashews gerös,1.0,2.06,0.14,2.2,2026-03-03 17:00:00,2026-03-03,17,1
Twix Xtra 75g,1.0,1.12,0.08,1.2,2026-03-03 17:00:00,2026-03-03,17,1
Haribo Color Rado 100g,1.0,0.93,0.07,1.0,2026-03-03 17:00:00,2026-03-03,17,1
Saltletts Sticks 75g,1.0,0.65,0.05,0.7,2026-03-03 17:00:00,2026-03-03,17,1
Koro Protein Bar Pistachio,1.0,2.71,0.19,2.9,2026-03-03 17:00:00,2026-03-03,17,1
Koro Protein Bar Butter Cups,1.0,2.34,0.16,2.5,2026-03-03 17:00:00,2026-03-03,17,1
HofEis Joghurt Heidelbeere 130ml,1.0,2.34,0.16,2.5,2026-03-03 18:00:00,2026-03-03,18,1
Nissin Cup Noodles Chicke,2.0,4.86,0.34,5.2,2026-03-03 18:00:00,2026-03-03,18,1
Pringles Original,1.0,1.31,0.09,1.4,2026-03-03 18:00:00,2026-03-03,18,1
Laugenbrezel mit Butter,1.0,1.68,0.12,1.8,2026-03-03 18:00:00,2026-03-03,18,1
HOMEMADE BUN HAM,1.0,2.34,0.16,2.5,2026-03-03 18:00:00,2026-03-03,18,1
Shot Ginger Apple 60ml,1.0,1.85,0.35,2.2,2026-03-03 18:00:00,2026-03-03,18,1
Koro Protein Bar Schoko Brownie,1.0,2.34,0.16,2.5,2026-03-03 18:00:00,2026-03-03,18,1
LARQ TWIST BOTTLE  Obsidian Black 740ml,1.0,41.12,2.88,44.0,2026-03-03 18:00:00,2026-03-03,18,1
Beef Jerky Sweet & Hot,1.0,2.34,0.16,2.5,2026-03-03 19:00:00,2026-03-03,19,1
Laugenbrezel mit Pfeffer,1.0,1.68,0.12,1.8,2026-03-03 19:00:00,2026-03-03,19,1
HOMEMADE BUN Cheese,1.0,1.78,0.12,1.9,2026-03-03 19:00:00,2026-03-03,19,1
Koro Protein Bar Peanut Chocolate,1.0,2.06,0.14,2.2,2026-03-03 19:00:00,2026-03-03,19,1
HANDL Veggie Almjäger,1.0,2.61,0.18,2.79,2026-03-03 19:00:00,2026-03-03,19,1
"Leergut 0,15 EUR",2.0,0.25,0.05,0.3,2026-03-03 19:00:00,2026-03-03,19,1
Teinacher still 0.7,1.0,1.01,0.19,1.2,2026-03-03 19:00:00,2026-03-03,19,1
"Mezzo Mix 0,4L Glas Mehrweg",1.0,1.26,0.24,1.5,2026-03-03 19:00:00,2026-03-03,19,1
"Leergut 0,08 EUR",5.0,0.34,0.06,0.4,2026-03-03 21:00:00,2026-03-03,21,1
Welde Alkoholfrei,5.0,7.14,1.36,8.5,2026-03-03 21:00:00,2026-03-03,21,1
HOMEMADE Breakfastcup 285g,1.0,2.9,0.2,3.1,2026-03-04 00:00:00,2026-03-04,0,2
Shot Himbeere Ingwer 60ml,1.0,1.85,0.35,2.2,2026-03-04 00:00:00,2026-03-04,0,2
HOMEMADE BUN Veggie Laugenecke Tom Moz,1.0,2.34,0.16,2.5,2026-03-04 09:00:00,2026-03-04,9,2
Koro Protein Bar Schoko Brownie,1.0,2.34,0.16,2.5,2026-03-04 13:00:00,2026-03-04,13,2
"Leergut 0,08 EUR",1.0,0.07,0.01,0.08,2026-03-04 13:00:00,2026-03-04,13,2
"Leergut 0,25 EUR",1.0,0.21,0.04,0.25,2026-03-04 13:00:00,2026-03-04,13,2
Red Bull Zero,1.0,1.07,0.2,1.27,2026-03-04 13:00:00,2026-03-04,13,2
Welde Alkoholfrei,1.0,1.43,0.27,1.7,2026-03-04 13:00:00,2026-03-04,13,2
Beef Jerky Original,1.0,2.34,0.16,2.5,2026-03-04 14:00:00,2026-03-04,14,2
La Nogger Choc,1.0,1.87,0.13,2.0,2026-03-04 14:00:00,2026-03-04,14,2
"Leergut 0,25 EUR",1.0,0.21,0.04,0.25,2026-03-04 14:00:00,2026-03-04,14,2
"Red Bull Sugar Free 0,25",1.0,1.07,0.2,1.27,2026-03-04 14:00:00,2026-03-04,14,2
Mentos Gum Pure Frost,1.0,3.27,0.23,3.5,2026-03-04 15:00:00,2026-03-04,15,2
Hanuta 2er 44g,1.0,0.93,0.07,1.0,2026-03-04 15:00:00,2026-03-04,15,2
Shot Himbeere Ingwer 60ml,1.0,1.85,0.35,2.2,2026-03-04 15:00:00,2026-03-04,15,2
Shot Cucumber Ginger 60ml,1.0,1.85,0.35,2.2,2026-03-04 15:00:00,2026-03-04,15,2
Shot Ginger Apple 60ml,1.0,1.85,0.35,2.2,2026-03-04 15:00:00,2026-03-04,15,2
"Leergut 0,15 EUR",1.0,0.13,0.02,0.15,2026-03-04 15:00:00,2026-03-04,15,2
"Coca Cola 0,4L Glas Mehrweg",1.0,1.26,0.24,1.5,2026-03-04 15:00:00,2026-03-04,15,2
Filly Nut Donut,1.0,1.4,0.1,1.5,2026-03-04 16:00:00,2026-03-04,16,2
La Magnum Almond,1.0,2.52,0.18,2.7,2026-03-04 16:00:00,2026-03-04,16,2
Snickers Riegel  2 Pack,1.0,1.12,0.08,1.2,2026-03-04 16:00:00,2026-03-04,16,2
Starbucks Cappuccino,2.0,5.52,0.38,5.9,2026-03-04 16:00:00,2026-03-04,16,2
ichoc Choco Cookie,1.0,3.27,0.23,3.5,2026-03-04 16:00:00,2026-03-04,16,2
"Leergut 0,15 EUR",2.0,0.25,0.05,0.3,2026-03-04 16:00:00,2026-03-04,16,2
"Leergut 0,25 EUR",1.0,0.21,0.04,0.25,2026-03-04 16:00:00,2026-03-04,16,2
"Hochwald Eiskaffee 0,25l Dose",1.0,1.31,0.09,1.4,2026-03-04 16:00:00,2026-03-04,16,2
"Coca Cola Zero 0,4L Glas Mehrweg",2.0,2.52,0.48,3.0,2026-03-04 16:00:00,2026-03-04,16,2
BLACK FOREST ICE CREAM Schokolade 100ml,4.0,9.35,0.65,10.0,2026-03-04 17:00:00,2026-03-04,17,2
HOMEMADE Breakfastcup 285g,1.0,2.9,0.2,3.1,2026-03-04 19:00:00,2026-03-04,19,2
"Snack Nüsse, geröstet & gesalzen",1.0,3.5,0.25,3.75,2026-03-05 01:00:00,2026-03-05,1,3
"Leergut 0,25 EUR",4.0,0.84,0.16,1.0,2026-03-05 01:00:00,2026-03-05,1,3
"Red Bull Sugar Free 0,25",2.0,2.13,0.41,2.54,2026-03-05 01:00:00,2026-03-05,1,3
Red Bull Zero,2.0,2.14,0.4,2.54,2026-03-05 01:00:00,2026-03-05,1,3
XL Laugenbrezel 130g FG,1.0,1.31,0.09,1.4,2026-03-05 09:00:00,2026-03-05,9,3
Laugenbrezel mit Butter,1.0,1.68,0.12,1.8,2026-03-05 11:00:00,2026-03-05,11,3
HOMEMADE BUN HAM,1.0,2.34,0.16,2.5,2026-03-05 11:00:00,2026-03-05,11,3
La Magnum Almond,1.0,2.53,0.17,2.7,2026-03-05 13:00:00,2026-03-05,13,3
La Magnum Classic,1.0,2.52,0.18,2.7,2026-03-05 13:00:00,2026-03-05,13,3
HOMEMADE BUN VEGAN,1.0,2.33,0.17,2.5,2026-03-05 13:00:00,2026-03-05,13,3
Bellezini Focaccine Rosemary,1.0,2.34,0.16,2.5,2026-03-05 13:00:00,2026-03-05,13,3
"Leergut 0,08 EUR",1.0,0.07,0.01,0.08,2026-03-05 13:00:00,2026-03-05,13,3
Welde Alkoholfrei,1.0,1.43,0.27,1.7,2026-03-05 13:00:00,2026-03-05,13,3
Leibniz Schokokeks VM,1.0,3.69,0.26,3.95,2026-03-05 14:00:00,2026-03-05,14,3
Koro Protein Bar Pistachio,1.0,2.71,0.19,2.9,2026-03-05 14:00:00,2026-03-05,14,3
"Leergut 0,25 EUR",2.0,0.42,0.08,0.5,2026-03-05 14:00:00,2026-03-05,14,3
Red Bull Green Edition,1.0,1.07,0.2,1.27,2026-03-05 14:00:00,2026-03-05,14,3
Red Bull Summer Edition,1.0,1.06,0.21,1.27,2026-03-05 14:00:00,2026-03-05,14,3
M&M Peanut,1.0,0.93,0.07,1.0,2026-03-05 15:00:00,2026-03-05,15,3
"Leergut 0,15 EUR",1.0,0.13,0.02,0.15,2026-03-05 15:00:00,2026-03-05,15,3
"Coca Cola Zero 0,4L Glas Mehrweg",1.0,1.26,0.24,1.5,2026-03-05 15:00:00,2026-03-05,15,3
Berliner Brezel 70g FB,1.0,1.68,0.12,1.8,2026-03-05 16:00:00,2026-03-05,16,3
HofEis Omas Apfelkuchen 130ml,1.0,2.33,0.17,2.5,2026-03-05 16:00:00,2026-03-05,16,3
Gefüllter Triple Chocolate Muffin,1.0,2.06,0.14,2.2,2026-03-05 16:00:00,2026-03-05,16,3
Nussschnecke,1.0,2.34,0.16,2.5,2026-03-05 16:00:00,2026-03-05,16,3
Red Band Briket Sup. Sauer 200St. Dose,1.0,6.45,0.45,6.9,2026-03-05 16:00:00,2026-03-05,16,3
Croissant Schnecke,1.0,1.68,0.12,1.8,2026-03-05 17:00:00,2026-03-05,17,3
Shot Himbeere Ingwer 60ml,2.0,3.7,0.7,4.4,2026-03-05 17:00:00,2026-03-05,17,3
"Leergut 0,25 EUR",2.0,0.42,0.08,0.5,2026-03-05 17:00:00,2026-03-05,17,3
DPG Vitamin Well Hydrate,2.0,3.28,0.62,3.9,2026-03-05 17:00:00,2026-03-05,17,3
"Leergut 0,08 EUR",3.0,0.2,0.04,0.24,2026-03-05 18:00:00,2026-03-05,18,3
Welde Naturradler,3.0,4.29,0.81,5.1,2026-03-05 18:00:00,2026-03-05,18,3
Snickers Ice Cream Eisrie,2.0,4.67,0.33,5.0,2026-03-05 19:00:00,2026-03-05,19,3
"Leergut 0,08 EUR",6.0,0.41,0.07,0.48,2026-03-05 19:00:00,2026-03-05,19,3
"Leergut 0,15 EUR",2.0,0.25,0.05,0.3,2026-03-05 19:00:00,2026-03-05,19,3
Welde Slow,1.0,1.43,0.27,1.7,2026-03-05 19:00:00,2026-03-05,19,3
Welde Naturradler,2.0,2.86,0.54,3.4,2026-03-05 19:00:00,2026-03-05,19,3
Welde Alkoholfrei,2.0,2.86,0.54,3.4,2026-03-05 19:00:00,2026-03-05,19,3
"Mezzo Mix 0,4L Glas Mehrweg",1.0,1.26,0.24,1.5,2026-03-05 19:00:00,2026-03-05,19,3
"Coca Cola Zero 0,4L Glas Mehrweg",1.0,1.26,0.24,1.5,2026-03-05 19:00:00,2026-03-05,19,3
Welde Weizen,1.0,1.59,0.31,1.9,2026-03-05 19:00:00,2026-03-05,19,3
Laugenbrezel mit Butter,1.0,1.68,0.12,1.8,2026-03-05 20:00:00,2026-03-05,20,3
HOMEMADE BUN Cheese,1.0,1.78,0.12,1.9,2026-03-05 20:00:00,2026-03-05,20,3
HOMEMADE Breakfastcup 285g,1.0,2.9,0.2,3.1,2026-03-05 22:00:00,2026-03-05,22,3
Shot Himbeere Ingwer 60ml,1.0,1.85,0.35,2.2,2026-03-05 22:00:00,2026-03-05,22,3
HOMEMADE BUN Veggie Laugenecke Tom Moz,1.0,2.34,0.16,2.5,2026-03-06 09:00:00,2026-03-06,9,4
Rexona Deo Men Cobalt Dry,1.0,3.28,0.62,3.9,2026-03-06 10:00:00,2026-03-06,10,4
HOMEMADE BUN Salami,1.0,2.34,0.16,2.5,2026-03-06 10:00:00,2026-03-06,10,4
"Leergut 0,25 EUR",2.0,0.42,0.08,0.5,2026-03-06 13:00:00,2026-03-06,13,4
Red Bull Green Edition,2.0,2.14,0.4,2.54,2026-03-06 13:00:00,2026-03-06,13,4
Cashews gerös,1.0,2.06,0.14,2.2,2026-03-06 15:00:00,2026-03-06,15,4
Filly Nut Donut,1.0,1.4,0.1,1.5,2026-03-06 19:00:00,2026-03-06,19,4
GO FRESH Sanw Schink Goud,1.0,3.55,0.25,3.8,2026-03-06 19:00:00,2026-03-06,19,4
Twix Xtra 75g,1.0,1.12,0.08,1.2,2026-03-06 19:00:00,2026-03-06,19,4
"Leergut 0,25 EUR",2.0,0.42,0.08,0.5,2026-03-06 19:00:00,2026-03-06,19,4
DPG Vitamin Well Reload,2.0,3.28,0.62,3.9,2026-03-06 19:00:00,2026-03-06,19,4
GIANT Flapjack Raspberry,1.0,1.12,0.08,1.2,2026-03-06 20:00:00,2026-03-06,20,4
Koro Protein Bar Pistachio,1.0,2.71,0.19,2.9,2026-03-06 20:00:00,2026-03-06,20,4
GO FRESH Sandw SweetChili,1.0,3.55,0.25,3.8,2026-03-06 22:00:00,2026-03-06,22,4
"Leergut 0,15 EUR",1.0,0.13,0.02,0.15,2026-03-06 22:00:00,2026-03-06,22,4
Teinacher Apfelschorle,1.0,1.34,0.26,1.6,2026-03-06 22:00:00,2026-03-06,22,4
Hanuta 2er 44g,1.0,0.93,0.07,1.0,2026-03-07 00:00:00,2026-03-07,0,5
Kinder Country,1.0,0.47,0.03,0.5,2026-03-07 00:00:00,2026-03-07,0,5
Coffee Cup Big1,1.0,1.68,0.32,2.0,2026-03-07 00:00:00,2026-03-07,0,5
Coffee Cup Small,2.0,2.52,0.48,3.0,2026-03-07 01:00:00,2026-03-07,1,5
"Leergut 0,25 EUR",3.0,0.63,0.12,0.75,2026-03-07 13:00:00,2026-03-07,13,5
"Red Bull Sugar Free 0,25",2.0,2.13,0.41,2.54,2026-03-07 13:00:00,2026-03-07,13,5
Red Bull Zero,1.0,1.07,0.2,1.27,2026-03-07 13:00:00,2026-03-07,13,5
HofEis Stracciatella 130ml,1.0,2.34,0.16,2.5,2026-03-07 16:00:00,2026-03-07,16,5
HofEis Erdbeere Sorbet 130ml,1.0,2.33,0.17,2.5,2026-03-07 16:00:00,2026-03-07,16,5
BF ICE CREAM Haselnuss 100ml Bio Vegan,1.0,2.33,0.17,2.5,2026-03-07 16:00:00,2026-03-07,16,5
Koro Protein Bar Schoko Brownie,1.0,2.34,0.16,2.5,2026-03-07 16:00:00,2026-03-07,16,5
"Leergut 0,15 EUR",1.0,0.13,0.02,0.15,2026-03-07 16:00:00,2026-03-07,16,5
"Coca Cola Zero 0,4L Glas Mehrweg",1.0,1.26,0.24,1.5,2026-03-07 16:00:00,2026-03-07,16,5
Disposable cutlery set,1.0,0.25,0.05,0.3,2026-03-07 17:00:00,2026-03-07,17,5
Twix Ice Cream Eisriegel,1.0,2.34,0.16,2.5,2026-03-07 17:00:00,2026-03-07,17,5
HOMEMADE Breakfastcup 285g,2.0,5.79,0.41,6.2,2026-03-07 17:00:00,2026-03-07,17,5
"Leergut 0,15 EUR",1.0,0.13,0.02,0.15,2026-03-07 17:00:00,2026-03-07,17,5
"Leergut 0,25 EUR",2.0,0.42,0.08,0.5,2026-03-07 17:00:00,2026-03-07,17,5
Red Bull White Edition,2.0,2.13,0.41,2.54,2026-03-07 17:00:00,2026-03-07,17,5
Teinacher Mango Maracuja,1.0,1.35,0.25,1.6,2026-03-07 17:00:00,2026-03-07,17,5
GO FRESH Wrap Linse Falaf,1.0,3.55,0.25,3.8,2026-03-08 13:00:00,2026-03-08,13,6
Brown Donut,1.0,1.4,0.1,1.5,2026-03-08 13:00:00,2026-03-08,13,6
Smothie Froosh Blueberry 250ml,1.0,2.02,0.38,2.4,2026-03-08 13:00:00,2026-03-08,13,6
Coffee Cup Big1,1.0,1.68,0.32,2.0,2026-03-08 13:00:00,2026-03-08,13,6
Bio H Milch 1l Nature,1.0,2.1,0.15,2.25,2026-03-08 15:00:00,2026-03-08,15,6
Haribo Goldbären 100g,1.0,0.93,0.07,1.0,2026-03-08 15:00:00,2026-03-08,15,6
"Mostbuben  Stille Apfelsaftschorle 0,5",1.0,1.68,0.32,2.0,2026-03-08 15:00:00,2026-03-08,15,6
Koro Protein Bar Schoko Brownie,1.0,2.34,0.16,2.5,2026-03-08 15:00:00,2026-03-08,15,6
Coffee Cup Big1,1.0,1.69,0.31,2.0,2026-03-08 15:00:00,2026-03-08,15,6
"Leergut 0,08 EUR",4.0,0.27,0.05,0.32,2026-03-08 15:00:00,2026-03-08,15,6
"Leergut 0,15 EUR",1.0,0.13,0.02,0.15,2026-03-08 15:00:00,2026-03-08,15,6
"Leergut 0,25 EUR",1.0,0.21,0.04,0.25,2026-03-08 15:00:00,2026-03-08,15,6
Teinacher Mango Maracuja,1.0,1.34,0.26,1.6,2026-03-08 15:00:00,2026-03-08,15,6
Welde Naturradler,4.0,5.71,1.09,6.8,2026-03-08 15:00:00,2026-03-08,15,6
Untou Bio Matcha Lime,1.0,1.34,0.26,1.6,2026-03-08 15:00:00,2026-03-08,15,6
BiFi Veggie Roll XXL,1.0,1.96,0.14,2.1,2026-03-08 17:00:00,2026-03-08,17,6
Erbsenprotein Milchersatz Barista 1l Vly,1.0,2.73,0.52,3.25,2026-03-08 17:00:00,2026-03-08,17,6
GO FRESH Tuna Sandwich,1.0,3.55,0.25,3.8,2026-03-09 11:00:00,2026-03-09,11,0
"Leergut 0,25 EUR",1.0,0.21,0.04,0.25,2026-03-09 11:00:00,2026-03-09,11,0
"Red Bull 0,25",1.0,1.07,0.2,1.27,2026-03-09 11:00:00,2026-03-09,11,0
GIANT Flapjack Pecanut,1.0,1.12,0.08,1.2,2026-03-09 13:00:00,2026-03-09,13,0
"Bio double milk fairness 37,5g",1.0,1.01,0.19,1.2,2026-03-09 13:00:00,2026-03-09,13,0
"Leergut 0,15 EUR",2.0,0.25,0.05,0.3,2026-03-09 13:00:00,2026-03-09,13,0
"Coca Cola Zero 0,4L Glas Mehrweg",2.0,2.52,0.48,3.0,2026-03-09 13:00:00,2026-03-09,13,0
GIANT Flapjack Raspberry,1.0,1.12,0.08,1.2,2026-03-09 14:00:00,2026-03-09,14,0
Griesson Schoko Mountain Cookies 125g,1.0,1.69,0.11,1.8,2026-03-09 15:00:00,2026-03-09,15,0
Protein Bar Chocolate,1.0,0.93,0.07,1.0,2026-03-09 15:00:00,2026-03-09,15,0
M&M Peanut,1.0,0.93,0.07,1.0,2026-03-09 15:00:00,2026-03-09,15,0
Red Band Briket Sup. Sauer 200St. Dose,1.0,6.45,0.45,6.9,2026-03-09 15:00:00,2026-03-09,15,0
Haribo Goldbären 100g,1.0,0.93,0.07,1.0,2026-03-09 15:00:00,2026-03-09,15,0
Koro Protein Bar Pistachio,1.0,2.71,0.19,2.9,2026-03-09 15:00:00,2026-03-09,15,0
LARQ Twist Bottle Seaside Mint 740ml,1.0,41.12,2.88,44.0,2026-03-09 15:00:00,2026-03-09,15,0
"Leergut 0,15 EUR",5.0,0.64,0.11,0.75,2026-03-09 15:00:00,2026-03-09,15,0
"Coca Cola 0,4L Glas Mehrweg",1.0,1.26,0.24,1.5,2026-03-09 15:00:00,2026-03-09,15,0
"Coca Cola Zero 0,4L Glas Mehrweg",2.0,2.52,0.48,3.0,2026-03-09 15:00:00,2026-03-09,15,0
FUZE T PFIRSICH,1.0,1.43,0.27,1.7,2026-03-09 15:00:00,2026-03-09,15,0
FUZE T ZITRONE,1.0,1.43,0.27,1.7,2026-03-09 15:00:00,2026-03-09,15,0
Protein Bar Chocolate,2.0,1.87,0.13,2.0,2026-03-09 16:00:00,2026-03-09,16,0
BiFi Carazza,1.0,1.21,0.09,1.3,2026-03-09 16:00:00,2026-03-09,16,0
HOMEMADE BUN Cheese,1.0,1.78,0.12,1.9,2026-03-09 17:00:00,2026-03-09,17,0
"Bio double milk fairness 37,5g",1.0,1.01,0.19,1.2,2026-03-09 17:00:00,2026-03-09,17,0
"Leergut 0,25 EUR",2.0,0.42,0.08,0.5,2026-03-09 17:00:00,2026-03-09,17,0
"Red Bull 0,25",1.0,0.72,0.13,0.85,2026-03-09 17:00:00,2026-03-09,17,0
Red Bull Zero,1.0,0.71,0.14,0.85,2026-03-09 17:00:00,2026-03-09,17,0
HOMEMADE BUN HAM,1.0,2.34,0.16,2.5,2026-03-09 18:00:00,2026-03-09,18,0
Koro Protein Bar Pistachio,1.0,2.71,0.19,2.9,2026-03-09 18:00:00,2026-03-09,18,0
Brezeln,1.0,1.78,0.12,1.9,2026-03-09 19:00:00,2026-03-09,19,0
Laugenbrezel mit Butter,1.0,1.68,0.12,1.8,2026-03-09 19:00:00,2026-03-09,19,0
Manner Neapolitaner Schnitten 75g,1.0,0.94,0.06,1.0,2026-03-09 21:00:00,2026-03-09,21,0
Protein Bar Vanilla Stracci,1.0,0.93,0.07,1.0,2026-03-09 21:00:00,2026-03-09,21,0
M&M Peanut,1.0,0.93,0.07,1.0,2026-03-09 21:00:00,2026-03-09,21,0
HOMEMADE BUN HAM,1.0,2.34,0.16,2.5,2026-03-09 21:00:00,2026-03-09,21,0
HOMEMADE Breakfastcup 285g,1.0,2.9,0.2,3.1,2026-03-09 21:00:00,2026-03-09,21,0
"Leergut 0,15 EUR",1.0,0.13,0.02,0.15,2026-03-09 21:00:00,2026-03-09,21,0
Teinacher Apfelschorle,1.0,1.34,0.26,1.6,2026-03-09 21:00:00,2026-03-09,21,0
Oreo Classic,1.0,2.71,0.19,2.9,2026-03-10 08:00:00,2026-03-10,8,1
Laugenbrezel mit Butter,1.0,1.68,0.12,1.8,2026-03-10 08:00:00,2026-03-10,8,1
HOMEMADE Breakfastcup 285g,1.0,2.9,0.2,3.1,2026-03-10 08:00:00,2026-03-10,8,1
Smothie Froosh Pineapple 250ml,1.0,2.02,0.38,2.4,2026-03-10 08:00:00,2026-03-10,8,1
Laugenbrezel mit Butter,1.0,1.68,0.12,1.8,2026-03-10 10:00:00,2026-03-10,10,1
La Magnum Classic,2.0,5.05,0.35,5.4,2026-03-10 13:00:00,2026-03-10,13,1
"Leergut 0,25 EUR",2.0,0.42,0.08,0.5,2026-03-10 13:00:00,2026-03-10,13,1
Red Bull Blue Edition,1.0,1.06,0.21,1.27,2026-03-10 13:00:00,2026-03-10,13,1
Red Bull Summer Edition,1.0,1.07,0.2,1.27,2026-03-10 13:00:00,2026-03-10,13,1
KitKat,2.0,1.87,0.13,2.0,2026-03-10 14:00:00,2026-03-10,14,1
Protein Bar Vanilla Stracci,1.0,0.93,0.07,1.0,2026-03-10 14:00:00,2026-03-10,14,1
Airwaves Menth & Eucalypt,1.0,0.93,0.07,1.0,2026-03-10 14:00:00,2026-03-10,14,1
GIANT Yoghurt Flapjack Banana,1.0,1.12,0.08,1.2,2026-03-10 15:00:00,2026-03-10,15,1
Koro Protein Bar Pistachio,2.0,5.42,0.38,5.8,2026-03-10 15:00:00,2026-03-10,15,1
BLACK FOREST ICE CREAM Schokolade 100ml,4.0,9.34,0.66,10.0,2026-03-10 16:00:00,2026-03-10,16,1
BF ICE CREAM Weiße Schokolade & Waldbeer,1.0,2.34,0.16,2.5,2026-03-10 16:00:00,2026-03-10,16,1
Beef Jerky Original,1.0,2.34,0.16,2.5,2026-03-10 16:00:00,2026-03-10,16,1
Gefüllter Triple Chocolate Muffin,1.0,2.06,0.14,2.2,2026-03-10 16:00:00,2026-03-10,16,1
"Leergut 0,25 EUR",1.0,0.21,0.04,0.25,2026-03-10 16:00:00,2026-03-10,16,1
"Red Bull Sugar Free 0,25",1.0,1.07,0.2,1.27,2026-03-10 16:00:00,2026-03-10,16,1
Kinder Bueno 43g Ferrero,1.0,0.93,0.07,1.0,2026-03-10 17:00:00,2026-03-10,17,1
La Magnum Almond,1.0,2.52,0.18,2.7,2026-03-10 17:00:00,2026-03-10,17,1
Koro Protein Bar Pistachio,1.0,2.71,0.19,2.9,2026-03-10 17:00:00,2026-03-10,17,1
Gefüllter Triple Chocolate Muffin,1.0,2.06,0.14,2.2,2026-03-10 19:00:00,2026-03-10,19,1
HOMEMADE BUN Cheese,1.0,1.78,0.12,1.9,2026-03-10 19:00:00,2026-03-10,19,1
HOMEMADE BUN Veggie Laugenecke Tom Moz,2.0,4.66,0.34,5.0,2026-03-10 19:00:00,2026-03-10,19,1
Protein Bar Chocolate,2.0,1.86,0.14,2.0,2026-03-10 21:00:00,2026-03-10,21,1
Protein Bar Vanilla Stracci,1.0,0.93,0.07,1.0,2026-03-10 21:00:00,2026-03-10,21,1
HOMEMADE BUN Cheese,1.0,1.79,0.11,1.9,2026-03-10 21:00:00,2026-03-10,21,1
Shot Himbeere Ingwer 60ml,1.0,1.85,0.35,2.2,2026-03-10 23:00:00,2026-03-10,23,1
Markenbutter Alu,2.0,6.17,0.43,6.6,2026-03-11 08:00:00,2026-03-11,8,2
GO FRESH Sandw SweetChili,1.0,3.55,0.25,3.8,2026-03-11 10:00:00,2026-03-11,10,2
HOMEMADE BUN Cheese,1.0,1.78,0.12,1.9,2026-03-11 10:00:00,2026-03-11,10,2
"Leergut 0,25 EUR",1.0,0.21,0.04,0.25,2026-03-11 10:00:00,2026-03-11,10,2
"Red Bull 0,25",1.0,1.07,0.2,1.27,2026-03-11 10:00:00,2026-03-11,10,2
Wick Blau ohne Zucker,1.0,2.06,0.14,2.2,2026-03-11 12:00:00,2026-03-11,12,2
Gepa Schokolade Noir Edelbitter 100g,1.0,2.57,0.18,2.75,2026-03-11 13:00:00,2026-03-11,13,2
"Leergut 0,25 EUR",3.0,0.63,0.12,0.75,2026-03-11 13:00:00,2026-03-11,13,2
Red Bull Zero,1.0,1.07,0.2,1.27,2026-03-11 13:00:00,2026-03-11,13,2
Red Bull Summer Edition,2.0,2.13,0.41,2.54,2026-03-11 13:00:00,2026-03-11,13,2
HOMEMADE BUN VEGAN,1.0,2.34,0.16,2.5,2026-03-11 14:00:00,2026-03-11,14,2
Griesson Schoko Mountain Cookies 125g,1.0,1.69,0.11,1.8,2026-03-11 15:00:00,2026-03-11,15,2
Protein Bar Caramell Toffee,1.0,0.93,0.07,1.0,2026-03-11 15:00:00,2026-03-11,15,2
M&M Peanut,1.0,0.93,0.07,1.0,2026-03-11 15:00:00,2026-03-11,15,2
Pringles Original,1.0,1.31,0.09,1.4,2026-03-11 15:00:00,2026-03-11,15,2
Beef Jerky Sweet & Hot,1.0,2.34,0.16,2.5,2026-03-11 16:00:00,2026-03-11,16,2
Cashews gerös,1.0,2.06,0.14,2.2,2026-03-11 16:00:00,2026-03-11,16,2
HOMEMADE Breakfastcup 285g,1.0,2.9,0.2,3.1,2026-03-11 16:00:00,2026-03-11,16,2
Shot Cucumber Ginger 60ml,1.0,1.85,0.35,2.2,2026-03-11 16:00:00,2026-03-11,16,2
"Leergut 0,15 EUR",2.0,0.25,0.05,0.3,2026-03-11 16:00:00,2026-03-11,16,2
"Coca Cola 0,4L Glas Mehrweg",1.0,1.26,0.24,1.5,2026-03-11 16:00:00,2026-03-11,16,2
"Coca Cola Zero 0,4L Glas Mehrweg",1.0,1.26,0.24,1.5,2026-03-11 16:00:00,2026-03-11,16,2
Filly Nut Donut,1.0,1.4,0.1,1.5,2026-03-11 17:00:00,2026-03-11,17,2
Snickers Riegel  2 Pack,1.0,1.12,0.08,1.2,2026-03-11 17:00:00,2026-03-11,17,2
HOMEMADE BUN Salami,1.0,2.34,0.16,2.5,2026-03-11 17:00:00,2026-03-11,17,2
GIANT Yoghurt Flapjack Banana,1.0,1.12,0.08,1.2,2026-03-11 17:00:00,2026-03-11,17,2
Kölln Hafer Porridge Frucht 375g,1.0,5.38,0.37,5.75,2026-03-11 18:00:00,2026-03-11,18,2
GO FRESH Wrap Chicken Chi,1.0,3.55,0.25,3.8,2026-03-11 18:00:00,2026-03-11,18,2
Laugenbrezel mit Butter,1.0,1.68,0.12,1.8,2026-03-11 18:00:00,2026-03-11,18,2
Apfelchips,1.0,2.8,0.2,3.0,2026-03-11 18:00:00,2026-03-11,18,2
"Leergut 0,25 EUR",1.0,0.21,0.04,0.25,2026-03-11 18:00:00,2026-03-11,18,2
"Hochwald Eiskaffee 0,25l Dose",1.0,1.31,0.09,1.4,2026-03-11 18:00:00,2026-03-11,18,2
Protein Bar Vanilla Stracci,1.0,0.93,0.07,1.0,2026-03-11 19:00:00,2026-03-11,19,2
Nissin Cup Noodles Chicke,2.0,4.86,0.34,5.2,2026-03-11 19:00:00,2026-03-11,19,2
GIANT Yoghurt Flapjack Banana,1.0,1.12,0.08,1.2,2026-03-11 19:00:00,2026-03-11,19,2
Koro Protein Bar Schoko Brownie,1.0,2.34,0.16,2.5,2026-03-11 19:00:00,2026-03-11,19,2
"Leergut 0,25 EUR",3.0,0.63,0.12,0.75,2026-03-11 20:00:00,2026-03-11,20,2
DPG Vitamin Well Reload,3.0,4.92,0.93,5.85,2026-03-11 20:00:00,2026-03-11,20,2
HOMEMADE BUN Cheese,1.0,1.78,0.12,1.9,2026-03-11 21:00:00,2026-03-11,21,2
Protein Bar Chocolate,1.0,0.93,0.07,1.0,2026-03-12 09:00:00,2026-03-12,9,3
HOMEMADE BUN HAM,1.0,2.34,0.16,2.5,2026-03-12 09:00:00,2026-03-12,9,3
HOMEMADE BUN Salami,1.0,2.34,0.16,2.5,2026-03-12 09:00:00,2026-03-12,9,3
XL Laugenbrezel 130g FG,1.0,1.31,0.09,1.4,2026-03-12 10:00:00,2026-03-12,10,3
Airwaves Menth & Eucalypt Box,1.0,2.71,0.19,2.9,2026-03-12 11:00:00,2026-03-12,11,3
"Leergut 0,25 EUR",2.0,0.42,0.08,0.5,2026-03-12 11:00:00,2026-03-12,11,3
"Red Bull 0,25",1.0,0.72,0.13,0.85,2026-03-12 11:00:00,2026-03-12,11,3
Red Bull Summer Edition,1.0,0.71,0.14,0.85,2026-03-12 11:00:00,2026-03-12,11,3
BLACK FOREST ICE CREAM Vanille 100ml Bio,1.0,2.34,0.16,2.5,2026-03-12 12:00:00,2026-03-12,12,3
"Leergut 0,25 EUR",4.0,0.84,0.16,1.0,2026-03-12 12:00:00,2026-03-12,12,3
"Red Bull 0,25",2.0,1.43,0.27,1.7,2026-03-12 12:00:00,2026-03-12,12,3
"Red Bull Sugar Free 0,25",1.0,0.72,0.13,0.85,2026-03-12 12:00:00,2026-03-12,12,3
Red Bull Blue Edition,1.0,0.71,0.14,0.85,2026-03-12 12:00:00,2026-03-12,12,3
Protein Bar Vanilla Stracci,1.0,0.93,0.07,1.0,2026-03-12 13:00:00,2026-03-12,13,3
"Leergut 0,25 EUR",2.0,0.42,0.08,0.5,2026-03-12 13:00:00,2026-03-12,13,3
Red Bull Green Edition,1.0,1.07,0.2,1.27,2026-03-12 13:00:00,2026-03-12,13,3
"Red Bull 0,25",1.0,1.07,0.2,1.27,2026-03-12 13:00:00,2026-03-12,13,3
BLACK FOREST ICE CREAM Vanille 100ml Bio,1.0,2.34,0.16,2.5,2026-03-12 14:00:00,2026-03-12,14,3
BF ICE CREAM Himbeere Fichte 100ml Bio V,1.0,2.34,0.16,2.5,2026-03-12 14:00:00,2026-03-12,14,3
Twix Ice Cream Eisriegel,1.0,2.34,0.16,2.5,2026-03-12 14:00:00,2026-03-12,14,3
Bio cookies & choc fairness 45g,1.0,1.12,0.08,1.2,2026-03-12 14:00:00,2026-03-12,14,3
"Leergut 0,15 EUR",2.0,0.26,0.04,0.3,2026-03-12 16:00:00,2026-03-12,16,3
"Coca Cola Zero 0,4L Glas Mehrweg",2.0,2.52,0.48,3.0,2026-03-12 16:00:00,2026-03-12,16,3
Manner Neapolitaner Schnitten 75g,1.0,0.93,0.07,1.0,2026-03-12 18:00:00,2026-03-12,18,3
Protein Bar Vanilla Stracci,1.0,0.93,0.07,1.0,2026-03-12 18:00:00,2026-03-12,18,3
Laugenbrezel mit Butter,1.0,1.69,0.11,1.8,2026-03-12 18:00:00,2026-03-12,18,3
HOMEMADE BUN Cheese,1.0,1.78,0.12,1.9,2026-03-12 19:00:00,2026-03-12,19,3
Chili & Lime Chili & Lima24 Beutel á 4,1.0,1.12,0.08,1.2,2026-03-12 20:00:00,2026-03-12,20,3
Disposable cutlery set,3.0,0.75,0.15,0.9,2026-03-12 20:00:00,2026-03-12,20,3
Nissin Cup Noodles Chicke,3.0,7.29,0.51,7.8,2026-03-12 20:00:00,2026-03-12,20,3
HOMEMADE BUN Cheese,1.0,1.78,0.12,1.9,2026-03-12 20:00:00,2026-03-12,20,3
GIANT Flapjack Pecanut,1.0,1.12,0.08,1.2,2026-03-12 20:00:00,2026-03-12,20,3
GIANT Yoghurt Flapjack Banana,1.0,1.12,0.08,1.2,2026-03-12 20:00:00,2026-03-12,20,3
HOMEMADE Breakfastcup 285g,1.0,2.9,0.2,3.1,2026-03-12 22:00:00,2026-03-12,22,3
Shot Himbeere Ingwer 60ml,1.0,1.85,0.35,2.2,2026-03-12 22:00:00,2026-03-12,22,3
"Leergut 0,25 EUR",1.0,0.21,0.04,0.25,2026-03-13 12:00:00,2026-03-13,12,4
Red Bull Green Edition,1.0,1.07,0.2,1.27,2026-03-13 12:00:00,2026-03-13,12,4
GO FRESH Wrap Chicken Chi,1.0,3.55,0.25,3.8,2026-03-13 14:00:00,2026-03-13,14,4
Shot Beetroot 60ml,1.0,1.85,0.35,2.2,2026-03-13 14:00:00,2026-03-13,14,4
Koro Protein Bar Pistachio,1.0,2.71,0.19,2.9,2026-03-13 14:00:00,2026-03-13,14,4
"Leergut 0,15 EUR",2.0,0.25,0.05,0.3,2026-03-13 16:00:00,2026-03-13,16,4
"Leergut 0,25 EUR",2.0,0.42,0.08,0.5,2026-03-13 16:00:00,2026-03-13,16,4
DPG Vitamin Well Reload,1.0,1.64,0.31,1.95,2026-03-13 16:00:00,2026-03-13,16,4
DPG Vitamin Well Prepare,1.0,1.64,0.31,1.95,2026-03-13 16:00:00,2026-03-13,16,4
"Mezzo Mix 0,4L Glas Mehrweg",1.0,1.26,0.24,1.5,2026-03-13 16:00:00,2026-03-13,16,4
"Coca Cola Zero 0,4L Glas Mehrweg",1.0,1.26,0.24,1.5,2026-03-13 16:00:00,2026-03-13,16,4
Protein Bar Vanilla Stracci,1.0,0.93,0.07,1.0,2026-03-13 17:00:00,2026-03-13,17,4
"Leergut 0,25 EUR",1.0,0.21,0.04,0.25,2026-03-13 17:00:00,2026-03-13,17,4
DPG Vitamin Well Reload,1.0,1.64,0.31,1.95,2026-03-13 17:00:00,2026-03-13,17,4
"Leergut 0,08 EUR",5.0,0.34,0.06,0.4,2026-03-13 18:00:00,2026-03-13,18,4
Welde Slow,2.0,2.86,0.54,3.4,2026-03-13 18:00:00,2026-03-13,18,4
Welde Alkoholfrei,2.0,2.86,0.54,3.4,2026-03-13 18:00:00,2026-03-13,18,4
"Moretti Beer 0,33L",1.0,1.68,0.32,2.0,2026-03-13 18:00:00,2026-03-13,18,4
"Leergut 0,08 EUR",1.0,0.07,0.01,0.08,2026-03-13 19:00:00,2026-03-13,19,4
"Moretti Beer 0,33L",1.0,1.68,0.32,2.0,2026-03-13 19:00:00,2026-03-13,19,4
Filly Nut Donut,1.0,1.4,0.1,1.5,2026-03-13 20:00:00,2026-03-13,20,4
GIANT Yoghurt Flapjack Banana,1.0,1.12,0.08,1.2,2026-03-13 20:00:00,2026-03-13,20,4
"Leergut 0,15 EUR",1.0,0.13,0.02,0.15,2026-03-13 20:00:00,2026-03-13,20,4
Teinacher still 0.7,1.0,1.01,0.19,1.2,2026-03-13 20:00:00,2026-03-13,20,4
GIANT Yoghurt Flapjack Banana,1.0,1.12,0.08,1.2,2026-03-13 21:00:00,2026-03-13,21,4
"Leergut 0,25 EUR",1.0,0.21,0.04,0.25,2026-03-13 22:00:00,2026-03-13,22,4
DPG Vitamin Well Reload,1.0,1.64,0.31,1.95,2026-03-13 22:00:00,2026-03-13,22,4
GO FRESH Sandw Pute Ei,1.0,3.55,0.25,3.8,2026-03-14 15:00:00,2026-03-14,15,5
Koro Protein Bar Pistachio,1.0,2.71,0.19,2.9,2026-03-14 19:00:00,2026-03-14,19,5
Protein Bar Vanilla Stracci,1.0,0.93,0.07,1.0,2026-03-14 23:00:00,2026-03-14,23,5
Barebells Caramel Choco 55g,1.0,3.09,0.21,3.3,2026-03-14 23:00:00,2026-03-14,23,5
"Leergut 0,15 EUR",2.0,0.25,0.05,0.3,2026-03-14 23:00:00,2026-03-14,23,5
"Coca Cola Zero 0,4L Glas Mehrweg",2.0,2.52,0.48,3.0,2026-03-14 23:00:00,2026-03-14,23,5
Coffee Cup Small,2.0,2.52,0.48,3.0,2026-03-15 00:00:00,2026-03-15,0,6
Kinder Bueno 43g Ferrero,1.0,0.93,0.07,1.0,2026-03-15 02:00:00,2026-03-15,2,6
KitKat,1.0,0.93,0.07,1.0,2026-03-15 02:00:00,2026-03-15,2,6
Paprika Chips,1.0,2.35,0.15,2.5,2026-03-15 02:00:00,2026-03-15,2,6
Starbucks Cappuccino,1.0,2.76,0.19,2.95,2026-03-15 11:00:00,2026-03-15,11,6
Stick Lembke Tee Minze Lavendel & Verben,1.0,4.62,0.33,4.95,2026-03-15 11:00:00,2026-03-15,11,6
Always Ultra,1.0,3.74,0.26,4.0,2026-03-15 13:00:00,2026-03-15,13,6
Graci Laboratories Muesli NutsBig Tube,1.0,5.28,0.37,5.65,2026-03-15 13:00:00,2026-03-15,13,6
GIANT Yoghurt Flapjack Banana,1.0,1.12,0.08,1.2,2026-03-15 14:00:00,2026-03-15,14,6
Mars Riegel Mars 2 Pack 70g,1.0,1.12,0.08,1.2,2026-03-15 15:00:00,2026-03-15,15,6
Alpro Haferdrink Barista Glutenfrei,1.0,1.97,0.38,2.35,2026-03-15 15:00:00,2026-03-15,15,6
Aufstrich Wie Leberwurst,1.0,2.57,0.18,2.75,2026-03-15 15:00:00,2026-03-15,15,6
"Leergut 0,25 EUR",4.0,0.84,0.16,1.0,2026-03-15 15:00:00,2026-03-15,15,6
DPG Vitamin Well Reload,2.0,3.28,0.62,3.9,2026-03-15 15:00:00,2026-03-15,15,6
DPG Vitamin Well Prepare,1.0,1.64,0.31,1.95,2026-03-15 15:00:00,2026-03-15,15,6
YFood Trink Vanilla,1.0,4.58,0.32,4.9,2026-03-15 15:00:00,2026-03-15,15,6
Hofeis Knusperkeks 130ml,1.0,2.34,0.16,2.5,2026-03-15 18:00:00,2026-03-15,18,6
Tempo Klassik Taschentücher,1.0,2.69,0.51,3.2,2026-03-15 18:00:00,2026-03-15,18,6
La Nogger Choc,1.0,1.87,0.13,2.0,2026-03-15 18:00:00,2026-03-15,18,6
Pringles Original,2.0,2.62,0.18,2.8,2026-03-15 18:00:00,2026-03-15,18,6
Airwaves Menth & Eucalypt Box,1.0,2.71,0.19,2.9,2026-03-16 08:00:00,2026-03-16,8,0
Pistazien ger,1.0,2.34,0.16,2.5,2026-03-16 12:00:00,2026-03-16,12,0
Twix Xtra 75g,1.0,1.12,0.08,1.2,2026-03-16 12:00:00,2026-03-16,12,0
Koro Protein Bar Butter Cups,1.0,2.34,0.16,2.5,2026-03-16 13:00:00,2026-03-16,13,0
M Cooky Gloria Gebäckmisc,1.0,2.8,0.2,3.0,2026-03-16 14:00:00,2026-03-16,14,0
"Leergut 0,15 EUR",1.0,0.13,0.02,0.15,2026-03-16 14:00:00,2026-03-16,14,0
"Leergut 0,25 EUR",4.0,0.84,0.16,1.0,2026-03-16 14:00:00,2026-03-16,14,0
Red Bull Green Edition,4.0,4.27,0.81,5.08,2026-03-16 14:00:00,2026-03-16,14,0
"Coca Cola Zero 0,4L Glas Mehrweg",1.0,1.26,0.24,1.5,2026-03-16 14:00:00,2026-03-16,14,0
Kinder Country,1.0,0.47,0.03,0.5,2026-03-16 15:00:00,2026-03-16,15,0
Bio poppy & vanilla fairness 45g,1.0,1.12,0.08,1.2,2026-03-16 15:00:00,2026-03-16,15,0
"Leergut 0,15 EUR",2.0,0.26,0.04,0.3,2026-03-16 15:00:00,2026-03-16,15,0
"Leergut 0,25 EUR",1.0,0.2,0.05,0.25,2026-03-16 15:00:00,2026-03-16,15,0
Red Bull Zero,1.0,1.07,0.2,1.27,2026-03-16 15:00:00,2026-03-16,15,0
"Coca Cola Zero 0,4L Glas Mehrweg",2.0,2.52,0.48,3.0,2026-03-16 15:00:00,2026-03-16,15,0
Berliner Brezel 70g FB,1.0,1.68,0.12,1.8,2026-03-16 16:00:00,2026-03-16,16,0
BF ICE CREAM Haselnuss 100ml Bio Vegan,1.0,2.34,0.16,2.5,2026-03-16 16:00:00,2026-03-16,16,0
HOMEMADE BUN Cheese,1.0,1.78,0.12,1.9,2026-03-16 16:00:00,2026-03-16,16,0
Smothie Froosh Pineapple 250ml,1.0,2.02,0.38,2.4,2026-03-16 16:00:00,2026-03-16,16,0
Shot Ginger Apple 60ml,1.0,1.85,0.35,2.2,2026-03-16 16:00:00,2026-03-16,16,0
"Leergut 0,15 EUR",1.0,0.13,0.02,0.15,2026-03-16 16:00:00,2026-03-16,16,0
"Leergut 0,25 EUR",2.0,0.42,0.08,0.5,2026-03-16 16:00:00,2026-03-16,16,0
Red Bull Green Edition,1.0,1.06,0.21,1.27,2026-03-16 16:00:00,2026-03-16,16,0
Teinacher Apfelschorle,1.0,1.34,0.26,1.6,2026-03-16 16:00:00,2026-03-16,16,0
Red Bull Summer Edition,1.0,1.07,0.2,1.27,2026-03-16 16:00:00,2026-03-16,16,0
Protein Bar Chocolate,1.0,0.93,0.07,1.0,2026-03-16 17:00:00,2026-03-16,17,0
Kinderriegel,1.0,0.47,0.03,0.5,2026-03-16 17:00:00,2026-03-16,17,0
HOMEMADE BUN Cheese,1.0,1.78,0.12,1.9,2026-03-16 17:00:00,2026-03-16,17,0
GO FRESH Sandw Pute Ei,1.0,3.56,0.24,3.8,2026-03-16 18:00:00,2026-03-16,18,0
Laugenbrezel mit Butter,1.0,1.68,0.12,1.8,2026-03-16 18:00:00,2026-03-16,18,0
Laugenbrezel mit Pfeffer,1.0,1.68,0.12,1.8,2026-03-16 18:00:00,2026-03-16,18,0
Hanuta 2er 44g,1.0,0.93,0.07,1.0,2026-03-16 18:00:00,2026-03-16,18,0
Snickers Riegel  2 Pack,1.0,1.12,0.08,1.2,2026-03-16 18:00:00,2026-03-16,18,0
Haribo Goldbären 100g,1.0,0.93,0.07,1.0,2026-03-16 18:00:00,2026-03-16,18,0
HOMEMADE Breakfastcup 285g,1.0,2.9,0.2,3.1,2026-03-16 18:00:00,2026-03-16,18,0
BIO Hafer Drink Cappuccino Oatly,2.0,3.78,0.72,4.5,2026-03-16 18:00:00,2026-03-16,18,0
"Snack Nüsse, geröstet & gesalzen",1.0,3.51,0.24,3.75,2026-03-16 18:00:00,2026-03-16,18,0
"Leergut 0,15 EUR",1.0,0.13,0.02,0.15,2026-03-16 18:00:00,2026-03-16,18,0
"Leergut 0,25 EUR",3.0,0.63,0.12,0.75,2026-03-16 18:00:00,2026-03-16,18,0
Red Bull White Edition,1.0,1.07,0.2,1.27,2026-03-16 18:00:00,2026-03-16,18,0
Red Bull Green Edition,1.0,0.72,0.13,0.85,2026-03-16 18:00:00,2026-03-16,18,0
"Red Bull 0,25",1.0,0.71,0.14,0.85,2026-03-16 18:00:00,2026-03-16,18,0
Teinacher still 0.7,1.0,1.01,0.19,1.2,2026-03-16 18:00:00,2026-03-16,18,0
Protein Bar Caramell Toffee,1.0,0.93,0.07,1.0,2026-03-16 19:00:00,2026-03-16,19,0
Graci Müsli High Power,1.0,3.65,0.25,3.9,2026-03-16 19:00:00,2026-03-16,19,0
Filly Nut Donut,1.0,1.4,0.1,1.5,2026-03-16 19:00:00,2026-03-16,19,0
La Magnum Almond,1.0,2.52,0.18,2.7,2026-03-16 19:00:00,2026-03-16,19,0
"Leergut 0,25 EUR",2.0,0.42,0.08,0.5,2026-03-16 19:00:00,2026-03-16,19,0
DPG Vitamin Well Reload,1.0,1.64,0.31,1.95,2026-03-16 19:00:00,2026-03-16,19,0
DPG Vitamin Well Hydrate,1.0,1.64,0.31,1.95,2026-03-16 19:00:00,2026-03-16,19,0
Pringles SourCream & Onion,1.0,1.31,0.09,1.4,2026-03-16 21:00:00,2026-03-16,21,0
GIANT Yoghurt Flapjack Banana,1.0,1.12,0.08,1.2,2026-03-16 21:00:00,2026-03-16,21,0
"Leergut 0,25 EUR",2.0,0.42,0.08,0.5,2026-03-16 21:00:00,2026-03-16,21,0
DPG Vitamin Well Hydrate,2.0,3.28,0.62,3.9,2026-03-16 21:00:00,2026-03-16,21,0
"Leergut 0,25 EUR",2.0,0.42,0.08,0.5,2026-03-17 09:00:00,2026-03-17,9,1
"Red Bull 0,25",1.0,0.72,0.13,0.85,2026-03-17 09:00:00,2026-03-17,9,1
Red Bull Zero,1.0,0.71,0.14,0.85,2026-03-17 09:00:00,2026-03-17,9,1
Gilette Disposable razor,1.0,3.11,0.59,3.7,2026-03-17 10:00:00,2026-03-17,10,1
HOMEMADE BUN Cheese,1.0,1.78,0.12,1.9,2026-03-17 11:00:00,2026-03-17,11,1
"Leergut 0,25 EUR",1.0,0.21,0.04,0.25,2026-03-17 11:00:00,2026-03-17,11,1
DPG Vitamin Well Reload,1.0,1.64,0.31,1.95,2026-03-17 11:00:00,2026-03-17,11,1
Nussschnecke,1.0,2.34,0.16,2.5,2026-03-17 13:00:00,2026-03-17,13,1
Red Band Schnuller Cola 100St. Dose,1.0,6.45,0.45,6.9,2026-03-17 13:00:00,2026-03-17,13,1
La Magnum Almond,1.0,2.52,0.18,2.7,2026-03-17 14:00:00,2026-03-17,14,1
Haribo Goldbären 100g,2.0,1.86,0.14,2.0,2026-03-17 14:00:00,2026-03-17,14,1
Shot Himbeere Ingwer 60ml,1.0,1.84,0.36,2.2,2026-03-17 14:00:00,2026-03-17,14,1
Shot Cucumber Ginger 60ml,1.0,1.85,0.35,2.2,2026-03-17 14:00:00,2026-03-17,14,1
Shot Ginger Apple 60ml,1.0,1.85,0.35,2.2,2026-03-17 14:00:00,2026-03-17,14,1
Koro Protein Bar Schoko Brownie,2.0,4.68,0.32,5.0,2026-03-17 14:00:00,2026-03-17,14,1
"Bio hazel nougat fairness 37,5g",1.0,1.01,0.19,1.2,2026-03-17 14:00:00,2026-03-17,14,1
"Leergut 0,15 EUR",5.0,0.65,0.1,0.75,2026-03-17 14:00:00,2026-03-17,14,1
"Leergut 0,25 EUR",8.0,1.67,0.33,2.0,2026-03-17 14:00:00,2026-03-17,14,1
Red Bull Zero,1.0,1.07,0.2,1.27,2026-03-17 14:00:00,2026-03-17,14,1
DPG Vitamin Well Reload,3.0,4.92,0.93,5.85,2026-03-17 14:00:00,2026-03-17,14,1
DPG Vitamin Well Hydrate,1.0,1.64,0.31,1.95,2026-03-17 14:00:00,2026-03-17,14,1
DPG Vitamin Well Prepare,3.0,4.92,0.93,5.85,2026-03-17 14:00:00,2026-03-17,14,1
"Coca Cola Zero 0,4L Glas Mehrweg",5.0,6.3,1.2,7.5,2026-03-17 14:00:00,2026-03-17,14,1
Beef Jerky Original,1.0,2.34,0.16,2.5,2026-03-17 15:00:00,2026-03-17,15,1
"Leergut 0,25 EUR",1.0,0.21,0.04,0.25,2026-03-17 15:00:00,2026-03-17,15,1
"Red Bull Sugar Free 0,25",1.0,1.07,0.2,1.27,2026-03-17 15:00:00,2026-03-17,15,1
Manner Neapolitaner Schnitten 75g,1.0,0.93,0.07,1.0,2026-03-17 16:00:00,2026-03-17,16,1
Kinderriegel,1.0,0.47,0.03,0.5,2026-03-17 16:00:00,2026-03-17,16,1
"Leergut 0,25 EUR",2.0,0.42,0.08,0.5,2026-03-17 16:00:00,2026-03-17,16,1
DPG Vitamin Well Reload,1.0,1.64,0.31,1.95,2026-03-17 16:00:00,2026-03-17,16,1
DPG Vitamin Well Hydrate,1.0,1.64,0.31,1.95,2026-03-17 16:00:00,2026-03-17,16,1
Laugenbrezel mit Butter,1.0,1.68,0.12,1.8,2026-03-17 17:00:00,2026-03-17,17,1
"Leergut 0,25 EUR",1.0,0.21,0.04,0.25,2026-03-17 17:00:00,2026-03-17,17,1
"Red Bull Sugar Free 0,25",1.0,1.07,0.2,1.27,2026-03-17 17:00:00,2026-03-17,17,1
Duschdas Shower For Men,1.0,3.32,0.63,3.95,2026-03-17 18:00:00,2026-03-17,18,1
Kinder Country,1.0,0.47,0.03,0.5,2026-03-17 18:00:00,2026-03-17,18,1
Berliner Brezel 70g FB,1.0,1.68,0.12,1.8,2026-03-17 20:00:00,2026-03-17,20,1
HOMEMADE BUN Cheese,1.0,1.78,0.12,1.9,2026-03-17 20:00:00,2026-03-17,20,1
Shot Beetroot 60ml,3.0,5.55,1.05,6.6,2026-03-17 20:00:00,2026-03-17,20,1
Koro Protein Bar Pistachio,2.0,5.42,0.38,5.8,2026-03-17 20:00:00,2026-03-17,20,1
BF ICE CREAM Himbeere Fichte 100ml Bio V,1.0,2.33,0.17,2.5,2026-03-17 21:00:00,2026-03-17,21,1
Koro Protein Bar Schoko Brownie,1.0,2.34,0.16,2.5,2026-03-17 21:00:00,2026-03-17,21,1
"LÅNGLUR - Fruit  smoothie, yellow/added",1.0,0.83,0.16,0.99,2026-03-17 21:00:00,2026-03-17,21,1
HOMEMADE Breakfastcup 285g,1.0,2.9,0.2,3.1,2026-03-17 23:00:00,2026-03-17,23,1
Shot Himbeere Ingwer 60ml,1.0,1.85,0.35,2.2,2026-03-17 23:00:00,2026-03-17,23,1
"Leergut 0,25 EUR",1.0,0.21,0.04,0.25,2026-03-18 09:00:00,2026-03-18,9,2
DPG Vitamin Well Reload,1.0,1.64,0.31,1.95,2026-03-18 09:00:00,2026-03-18,9,2
Berliner Brezel 70g FB,1.0,1.68,0.12,1.8,2026-03-18 10:00:00,2026-03-18,10,2
La Magnum Almond,1.0,2.52,0.18,2.7,2026-03-18 10:00:00,2026-03-18,10,2
XL Laugenbrezel 130g FG,1.0,1.31,0.09,1.4,2026-03-18 10:00:00,2026-03-18,10,2
Shot Ginger Apple 60ml,1.0,1.85,0.35,2.2,2026-03-18 10:00:00,2026-03-18,10,2
DRYCK BLÅBÄR - Blueberry syrup,1.0,2.93,0.56,3.49,2026-03-18 10:00:00,2026-03-18,10,2
KAFFEREP - Oat biscuits,1.0,1.86,0.13,1.99,2026-03-18 10:00:00,2026-03-18,10,2
FAZER - Milk chocolate tablet,1.0,2.33,0.16,2.49,2026-03-18 10:00:00,2026-03-18,10,2
"Leergut 0,25 EUR",1.0,0.21,0.04,0.25,2026-03-18 11:00:00,2026-03-18,11,2
"Red Bull 0,25",1.0,1.07,0.2,1.27,2026-03-18 11:00:00,2026-03-18,11,2
Brown Donut,1.0,1.4,0.1,1.5,2026-03-18 12:00:00,2026-03-18,12,2
"Leergut 0,25 EUR",2.0,0.42,0.08,0.5,2026-03-18 12:00:00,2026-03-18,12,2
Red Bull White Edition,1.0,1.07,0.2,1.27,2026-03-18 12:00:00,2026-03-18,12,2
Red Bull Zero,1.0,1.07,0.2,1.27,2026-03-18 12:00:00,2026-03-18,12,2
Barebells Soft Protein Coco Choco 55g,1.0,3.08,0.22,3.3,2026-03-18 13:00:00,2026-03-18,13,2
Brown Donut,1.0,1.4,0.1,1.5,2026-03-18 13:00:00,2026-03-18,13,2
"Leergut 0,25 EUR",2.0,0.42,0.08,0.5,2026-03-18 13:00:00,2026-03-18,13,2
Red Bull Green Edition,1.0,0.71,0.14,0.85,2026-03-18 13:00:00,2026-03-18,13,2
"Red Bull 0,25",1.0,0.72,0.13,0.85,2026-03-18 13:00:00,2026-03-18,13,2
"Leergut 0,25 EUR",1.0,0.21,0.04,0.25,2026-03-18 14:00:00,2026-03-18,14,2
"Powerade Mountain Blast 0,5l PEW",1.0,1.34,0.26,1.6,2026-03-18 14:00:00,2026-03-18,14,2
Manner Neapolitaner Schnitten 75g,1.0,0.93,0.07,1.0,2026-03-18 15:00:00,2026-03-18,15,2
Beef Jerky Original,1.0,2.34,0.16,2.5,2026-03-18 15:00:00,2026-03-18,15,2
Protein Bar Vanilla Stracci,1.0,0.93,0.07,1.0,2026-03-18 16:00:00,2026-03-18,16,2
Berliner Brezel 70g FB,1.0,1.68,0.12,1.8,2026-03-18 16:00:00,2026-03-18,16,2
Chili & Lime Chili & Lima24 Beutel á 4,1.0,1.12,0.08,1.2,2026-03-18 16:00:00,2026-03-18,16,2
GO FRESH Sandw Pute Ei,1.0,3.55,0.25,3.8,2026-03-18 16:00:00,2026-03-18,16,2
Thermobecher 360ml Bambus & Edelstahl,1.0,12.61,2.39,15.0,2026-03-18 16:00:00,2026-03-18,16,2
"Leergut 0,25 EUR",1.0,0.21,0.04,0.25,2026-03-18 16:00:00,2026-03-18,16,2
DPG Vitamin Well Prepare,1.0,1.64,0.31,1.95,2026-03-18 16:00:00,2026-03-18,16,2
HOMEMADE BUN VEGAN,1.0,2.34,0.16,2.5,2026-03-18 17:00:00,2026-03-18,17,2
"Leergut 0,15 EUR",2.0,0.25,0.05,0.3,2026-03-18 17:00:00,2026-03-18,17,2
Teinacher Johannisbeer Holunder,1.0,1.34,0.26,1.6,2026-03-18 17:00:00,2026-03-18,17,2
Teinacher classic,1.0,1.01,0.19,1.2,2026-03-18 17:00:00,2026-03-18,17,2
GO FRESH Wrap Chicken Chi,1.0,3.55,0.25,3.8,2026-03-18 18:00:00,2026-03-18,18,2
GO FRESH Wrap Linse Falaf,1.0,3.55,0.25,3.8,2026-03-18 18:00:00,2026-03-18,18,2
GO FRESH Sandw SweetChili,1.0,3.55,0.25,3.8,2026-03-18 18:00:00,2026-03-18,18,2
Laugenbrezel mit Butter,1.0,1.68,0.12,1.8,2026-03-18 18:00:00,2026-03-18,18,2
HOMEMADE BUN HAM,1.0,2.34,0.16,2.5,2026-03-18 18:00:00,2026-03-18,18,2
"Leergut 0,15 EUR",1.0,0.13,0.02,0.15,2026-03-18 18:00:00,2026-03-18,18,2
"Coca Cola Zero 0,4L Glas Mehrweg",1.0,1.26,0.24,1.5,2026-03-18 18:00:00,2026-03-18,18,2
Bellezini Bruschettine Tomato & Oregano,1.0,2.34,0.16,2.5,2026-03-18 19:00:00,2026-03-18,19,2
"Leergut 0,08 EUR",4.0,0.27,0.05,0.32,2026-03-18 19:00:00,2026-03-18,19,2
Welde Slow,4.0,5.71,1.09,6.8,2026-03-18 19:00:00,2026-03-18,19,2
GO FRESH Pastasalad Chicken,1.0,3.27,0.23,3.5,2026-03-18 20:00:00,2026-03-18,20,2
Laugenbrezel mit Butter,1.0,1.68,0.12,1.8,2026-03-18 20:00:00,2026-03-18,20,2
HOMEMADE Breakfastcup 285g,1.0,2.9,0.2,3.1,2026-03-18 20:00:00,2026-03-18,20,2
"Leergut 0,08 EUR",1.0,0.07,0.01,0.08,2026-03-18 20:00:00,2026-03-18,20,2
Welde Weizen,1.0,1.6,0.3,1.9,2026-03-18 20:00:00,2026-03-18,20,2
HOMEMADE BUN Cheese,1.0,1.78,0.12,1.9,2026-03-18 23:00:00,2026-03-18,23,2
"Leergut 0,08 EUR",1.0,0.07,0.01,0.08,2026-03-18 23:00:00,2026-03-18,23,2
"Leergut 0,25 EUR",1.0,0.21,0.04,0.25,2026-03-18 23:00:00,2026-03-18,23,2
Red Bull Zero,1.0,1.07,0.2,1.27,2026-03-18 23:00:00,2026-03-18,23,2
Welde Slow,1.0,1.43,0.27,1.7,2026-03-18 23:00:00,2026-03-18,23,2
Schinken Käse Croissant Snack,1.0,1.68,0.12,1.8,2026-03-19 08:00:00,2026-03-19,8,3
BIO Hafer Drink Cappuccino Oatly,1.0,1.89,0.36,2.25,2026-03-19 08:00:00,2026-03-19,8,3
Protein Bar Caramell Toffee,1.0,0.93,0.07,1.0,2026-03-19 09:00:00,2026-03-19,9,3
Protein Bar Chocolate,1.0,0.93,0.07,1.0,2026-03-19 09:00:00,2026-03-19,9,3
Protein Bar Vanilla Stracci,1.0,0.94,0.06,1.0,2026-03-19 09:00:00,2026-03-19,9,3
Laugenbrezel mit Butter,1.0,1.69,0.11,1.8,2026-03-19 09:00:00,2026-03-19,9,3
BIO Hafer Drink Moccaccino 12 x 235ml Oa,1.0,1.89,0.36,2.25,2026-03-19 12:00:00,2026-03-19,12,3
La Nogger Choc,1.0,1.87,0.13,2.0,2026-03-19 13:00:00,2026-03-19,13,3
Koro Protein Bar Schoko Brownie,1.0,2.34,0.16,2.5,2026-03-19 13:00:00,2026-03-19,13,3
Kinder Bueno 43g Ferrero,1.0,0.93,0.07,1.0,2026-03-19 14:00:00,2026-03-19,14,3
La Magnum Almond,1.0,2.52,0.18,2.7,2026-03-19 14:00:00,2026-03-19,14,3
Kinder Country,2.0,0.94,0.06,1.0,2026-03-19 14:00:00,2026-03-19,14,3
Cashews gerös,1.0,2.06,0.14,2.2,2026-03-19 15:00:00,2026-03-19,15,3
HofEis Joghurt Heidelbeere 130ml,1.0,2.34,0.16,2.5,2026-03-19 16:00:00,2026-03-19,16,3
La Nogger Choc,1.0,1.87,0.13,2.0,2026-03-19 16:00:00,2026-03-19,16,3
La Magnum Almond,1.0,2.52,0.18,2.7,2026-03-19 16:00:00,2026-03-19,16,3
HOMEMADE BUN VEGAN,1.0,2.34,0.16,2.5,2026-03-19 16:00:00,2026-03-19,16,3
HOMEMADE Breakfastcup 285g,1.0,2.9,0.2,3.1,2026-03-19 16:00:00,2026-03-19,16,3
"Leergut 0,15 EUR",1.0,0.13,0.02,0.15,2026-03-19 16:00:00,2026-03-19,16,3
"Mezzo Mix 0,4L Glas Mehrweg",1.0,1.26,0.24,1.5,2026-03-19 16:00:00,2026-03-19,16,3
HOMEMADE BUN HAM,2.0,4.67,0.33,5.0,2026-03-19 17:00:00,2026-03-19,17,3
DRYCK BLÅBÄR - Blueberry syrup,-1.0,-2.93,-0.56,-3.49,2026-03-19 17:00:00,2026-03-19,17,3
KAFFEREP - Oat biscuits,-1.0,-1.86,-0.13,-1.99,2026-03-19 17:00:00,2026-03-19,17,3
FAZER - Milk chocolate tablet,-1.0,-2.33,-0.16,-2.49,2026-03-19 17:00:00,2026-03-19,17,3
Hofeis Knusperkeks 130ml,1.0,2.34,0.16,2.5,2026-03-19 18:00:00,2026-03-19,18,3
BLACK FOREST ICE CREAM Schokolade 100ml,1.0,2.34,0.16,2.5,2026-03-19 18:00:00,2026-03-19,18,3
BLACK FOREST ICE CREAM Schwarzw. Kirsch,1.0,2.34,0.16,2.5,2026-03-19 18:00:00,2026-03-19,18,3
Paprika Chips,1.0,2.33,0.17,2.5,2026-03-19 18:00:00,2026-03-19,18,3
HOMEMADE BUN Cheese,1.0,1.78,0.12,1.9,2026-03-19 19:00:00,2026-03-19,19,3
HOMEMADE BUN Veggie Laugenecke Tom Moz,1.0,2.33,0.17,2.5,2026-03-19 19:00:00,2026-03-19,19,3
Beef Jerky Sweet & Hot,1.0,2.34,0.16,2.5,2026-03-20 10:00:00,2026-03-20,10,4
"Leergut 0,25 EUR",1.0,0.21,0.04,0.25,2026-03-20 10:00:00,2026-03-20,10,4
"Red Bull 0,25",1.0,1.07,0.2,1.27,2026-03-20 10:00:00,2026-03-20,10,4
Duplo,1.0,0.47,0.03,0.5,2026-03-20 13:00:00,2026-03-20,13,4
Starbucks Caffé Latte,1.0,2.76,0.19,2.95,2026-03-20 13:00:00,2026-03-20,13,4
Shot Cucumber Ginger 60ml,1.0,1.85,0.35,2.2,2026-03-20 14:00:00,2026-03-20,14,4
Shot Ginger Apple 60ml,2.0,3.7,0.7,4.4,2026-03-20 14:00:00,2026-03-20,14,4
La Nogger Choc,2.0,3.74,0.26,4.0,2026-03-20 15:00:00,2026-03-20,15,4
Twix Ice Cream Eisriegel,1.0,2.33,0.17,2.5,2026-03-20 15:00:00,2026-03-20,15,4
"Leergut 0,25 EUR",7.0,1.47,0.28,1.75,2026-03-20 15:00:00,2026-03-20,15,4
Red Bull Green Edition,2.0,1.79,0.33,2.12,2026-03-20 15:00:00,2026-03-20,15,4
"Red Bull 0,25",3.0,2.14,0.41,2.55,2026-03-20 15:00:00,2026-03-20,15,4
Red Bull Sea Blue Edition,1.0,0.71,0.14,0.85,2026-03-20 15:00:00,2026-03-20,15,4
Red Bull Summer Edition,1.0,0.72,0.13,0.85,2026-03-20 15:00:00,2026-03-20,15,4
Snickers Ice Cream Eisrie,1.0,2.34,0.16,2.5,2026-03-20 16:00:00,2026-03-20,16,4
La Nogger Choc,1.0,1.87,0.13,2.0,2026-03-20 16:00:00,2026-03-20,16,4
Nussschnecke,1.0,2.34,0.16,2.5,2026-03-20 16:00:00,2026-03-20,16,4
Berliner Brezel 70g FB,2.0,3.36,0.24,3.6,2026-03-20 18:00:00,2026-03-20,18,4
GO FRESH Tuna Sandwich,1.0,3.55,0.25,3.8,2026-03-20 18:00:00,2026-03-20,18,4
GO FRESH Sandw Käse,1.0,3.55,0.25,3.8,2026-03-20 18:00:00,2026-03-20,18,4
GO FRESH Sandw SweetChili,1.0,3.56,0.24,3.8,2026-03-20 18:00:00,2026-03-20,18,4
Smothie Froosh Pineapple 250ml,1.0,2.02,0.38,2.4,2026-03-20 18:00:00,2026-03-20,18,4
"Leergut 0,15 EUR",1.0,0.13,0.02,0.15,2026-03-20 18:00:00,2026-03-20,18,4
"Leergut 0,25 EUR",2.0,0.42,0.08,0.5,2026-03-20 18:00:00,2026-03-20,18,4
Red Bull Zero,1.0,1.06,0.21,1.27,2026-03-20 18:00:00,2026-03-20,18,4
Teinacher Apfelschorle,1.0,1.34,0.26,1.6,2026-03-20 18:00:00,2026-03-20,18,4
Red Bull Summer Edition,1.0,1.07,0.2,1.27,2026-03-20 18:00:00,2026-03-20,18,4
"Leergut 0,25 EUR",2.0,0.42,0.08,0.5,2026-03-20 19:00:00,2026-03-20,19,4
"Red Bull 0,25",1.0,0.71,0.14,0.85,2026-03-20 19:00:00,2026-03-20,19,4
Red Bull Summer Edition,1.0,0.72,0.13,0.85,2026-03-20 19:00:00,2026-03-20,19,4
GO FRESH Wrap Tomat Mozza,1.0,3.55,0.25,3.8,2026-03-20 20:00:00,2026-03-20,20,4
Croissant Schnecke,1.0,1.68,0.12,1.8,2026-03-20 20:00:00,2026-03-20,20,4
Snickers Riegel  2 Pack,1.0,1.13,0.07,1.2,2026-03-20 20:00:00,2026-03-20,20,4
Haribo Color Rado 100g,1.0,0.93,0.07,1.0,2026-03-20 20:00:00,2026-03-20,20,4
Shot Ginger Apple 60ml,1.0,1.85,0.35,2.2,2026-03-20 20:00:00,2026-03-20,20,4
Brown Donut,2.0,2.8,0.2,3.0,2026-03-20 23:00:00,2026-03-20,23,4
"Leergut 0,15 EUR",1.0,0.13,0.02,0.15,2026-03-20 23:00:00,2026-03-20,23,4
Teinacher classic,1.0,1.01,0.19,1.2,2026-03-20 23:00:00,2026-03-20,23,4
BLACK FOREST ICE CREAM Vanille 100ml Bio,1.0,2.34,0.16,2.5,2026-03-21 11:00:00,2026-03-21,11,5
GIANT Flapjack Blueberry,1.0,1.12,0.08,1.2,2026-03-21 11:00:00,2026-03-21,11,5
GIANT Flapjack Raspberry,2.0,2.24,0.16,2.4,2026-03-21 11:00:00,2026-03-21,11,5
GIANT Flapjack Pecanut,1.0,1.12,0.08,1.2,2026-03-21 11:00:00,2026-03-21,11,5
"Leergut 0,25 EUR",1.0,0.21,0.04,0.25,2026-03-21 11:00:00,2026-03-21,11,5
Red Bull Zero,1.0,1.07,0.2,1.27,2026-03-21 11:00:00,2026-03-21,11,5
GO FRESH Tuna Sandwich,1.0,3.55,0.25,3.8,2026-03-21 13:00:00,2026-03-21,13,5
GO FRESH Sandw Salam Edam,1.0,3.55,0.25,3.8,2026-03-21 13:00:00,2026-03-21,13,5
Nussschnecke,1.0,2.34,0.16,2.5,2026-03-21 13:00:00,2026-03-21,13,5
Smothie Froosh Pineapple 250ml,2.0,4.03,0.77,4.8,2026-03-21 13:00:00,2026-03-21,13,5
"Leergut 0,25 EUR",4.0,0.84,0.16,1.0,2026-03-21 13:00:00,2026-03-21,13,5
Red Bull Green Edition,1.0,1.07,0.2,1.27,2026-03-21 13:00:00,2026-03-21,13,5
Red Bull Zero,1.0,1.07,0.2,1.27,2026-03-21 13:00:00,2026-03-21,13,5
DPG Vitamin Well Reload,1.0,1.63,0.32,1.95,2026-03-21 13:00:00,2026-03-21,13,5
Red Bull Summer Edition,1.0,1.07,0.2,1.27,2026-03-21 13:00:00,2026-03-21,13,5
Koro Protein Bar Pistachio,1.0,2.71,0.19,2.9,2026-03-21 14:00:00,2026-03-21,14,5
"Leergut 0,25 EUR",1.0,0.21,0.04,0.25,2026-03-22 12:00:00,2026-03-22,12,6
"Monster Energy 0,5l",1.0,1.85,0.35,2.2,2026-03-22 12:00:00,2026-03-22,12,6
La Nogger Choc,1.0,1.87,0.13,2.0,2026-03-22 17:00:00,2026-03-22,17,6
La Cornetto Haselnuss,1.0,1.87,0.13,2.0,2026-03-22 17:00:00,2026-03-22,17,6
GO FRESH Wrap Chicken Chi,1.0,3.55,0.25,3.8,2026-03-22 17:00:00,2026-03-22,17,6
GO FRESH Wrap Tomat Mozza,1.0,3.55,0.25,3.8,2026-03-22 17:00:00,2026-03-22,17,6
Twix Ice Cream Eisriegel,1.0,2.34,0.16,2.5,2026-03-22 17:00:00,2026-03-22,17,6
Starbucks Cappuccino,2.0,5.51,0.39,5.9,2026-03-22 17:00:00,2026-03-22,17,6
"Leergut 0,15 EUR",1.0,0.13,0.02,0.15,2026-03-22 17:00:00,2026-03-22,17,6
"Leergut 0,25 EUR",2.0,0.42,0.08,0.5,2026-03-22 17:00:00,2026-03-22,17,6
"Red Bull 0,25",2.0,2.14,0.4,2.54,2026-03-22 17:00:00,2026-03-22,17,6
Teinacher Apfelschorle,1.0,1.34,0.26,1.6,2026-03-22 17:00:00,2026-03-22,17,6
GO FRESH Wrap Linse Falaf,1.0,3.55,0.25,3.8,2026-03-22 20:00:00,2026-03-22,20,6
"Leergut 0,08 EUR",2.0,0.13,0.03,0.16,2026-03-22 20:00:00,2026-03-22,20,6
"Leergut 0,15 EUR",1.0,0.13,0.02,0.15,2026-03-22 20:00:00,2026-03-22,20,6
"Coca Cola Zero 0,4L Glas Mehrweg",1.0,1.26,0.24,1.5,2026-03-22 20:00:00,2026-03-22,20,6
Welde Weizen,2.0,3.19,0.61,3.8,2026-03-22 20:00:00,2026-03-22,20,6
HOMEMADE BUN Cheese,1.0,1.78,0.12,1.9,2026-03-23 11:00:00,2026-03-23,11,0
"Leergut 0,25 EUR",1.0,0.21,0.04,0.25,2026-03-23 11:00:00,2026-03-23,11,0
DPG Vitamin Well Reload,1.0,1.64,0.31,1.95,2026-03-23 11:00:00,2026-03-23,11,0
Filly Nut Donut,1.0,1.4,0.1,1.5,2026-03-23 12:00:00,2026-03-23,12,0
"Leergut 0,25 EUR",2.0,0.42,0.08,0.5,2026-03-23 12:00:00,2026-03-23,12,0
"Red Bull 0,25",1.0,0.72,0.13,0.85,2026-03-23 12:00:00,2026-03-23,12,0
Red Bull Blue Edition,1.0,0.71,0.14,0.85,2026-03-23 12:00:00,2026-03-23,12,0
HOMEMADE BUN VEGAN,1.0,2.33,0.17,2.5,2026-03-23 13:00:00,2026-03-23,13,0
GIANT Flapjack Blueberry,1.0,1.12,0.08,1.2,2026-03-23 13:00:00,2026-03-23,13,0
GIANT Flapjack Raspberry,2.0,2.24,0.16,2.4,2026-03-23 13:00:00,2026-03-23,13,0
Koro Protein Bar Schoko Brownie,1.0,2.34,0.16,2.5,2026-03-23 13:00:00,2026-03-23,13,0
"Leergut 0,08 EUR",1.0,0.07,0.01,0.08,2026-03-23 13:00:00,2026-03-23,13,0
Welde Alkoholfrei,1.0,1.43,0.27,1.7,2026-03-23 13:00:00,2026-03-23,13,0
HofEis Stracciatella 130ml,1.0,2.34,0.16,2.5,2026-03-23 14:00:00,2026-03-23,14,0
La Magnum Classic,1.0,2.52,0.18,2.7,2026-03-23 14:00:00,2026-03-23,14,0
GO FRESH Sandw Salam Edam,1.0,3.55,0.25,3.8,2026-03-23 14:00:00,2026-03-23,14,0
Laugenbrezel mit Pfeffer,1.0,1.68,0.12,1.8,2026-03-23 14:00:00,2026-03-23,14,0
"Leergut 0,15 EUR",2.0,0.25,0.05,0.3,2026-03-23 14:00:00,2026-03-23,14,0
"Leergut 0,25 EUR",2.0,0.42,0.08,0.5,2026-03-23 14:00:00,2026-03-23,14,0
DPG Vitamin Well Hydrate,2.0,3.28,0.62,3.9,2026-03-23 14:00:00,2026-03-23,14,0
"Coca Cola 0,4L Glas Mehrweg",1.0,1.26,0.24,1.5,2026-03-23 14:00:00,2026-03-23,14,0
"Coca Cola Zero 0,4L Glas Mehrweg",1.0,1.26,0.24,1.5,2026-03-23 14:00:00,2026-03-23,14,0
Airwaves Menth & Eucalypt,2.0,1.86,0.14,2.0,2026-03-23 15:00:00,2026-03-23,15,0
Hanuta 2er 44g,1.0,0.93,0.07,1.0,2026-03-23 15:00:00,2026-03-23,15,0
"Leergut 0,15 EUR",2.0,0.26,0.04,0.3,2026-03-23 15:00:00,2026-03-23,15,0
"Leergut 0,25 EUR",1.0,0.21,0.04,0.25,2026-03-23 15:00:00,2026-03-23,15,0
DPG Vitamin Well Reload,1.0,1.64,0.31,1.95,2026-03-23 15:00:00,2026-03-23,15,0
"Mezzo Mix 0,4L Glas Mehrweg",1.0,1.26,0.24,1.5,2026-03-23 15:00:00,2026-03-23,15,0
"Coca Cola Zero 0,4L Glas Mehrweg",1.0,1.26,0.24,1.5,2026-03-23 15:00:00,2026-03-23,15,0
Sunny Bites Banana Chips,1.0,0.83,0.16,0.99,2026-03-23 15:00:00,2026-03-23,15,0
Milk Chocolate Style Raisins,1.0,1.67,0.32,1.99,2026-03-23 15:00:00,2026-03-23,15,0
Filly Nut Donut,1.0,1.4,0.1,1.5,2026-03-23 16:00:00,2026-03-23,16,0
Smothie Froosh Pineapple 250ml,1.0,2.02,0.38,2.4,2026-03-23 16:00:00,2026-03-23,16,0
Koro Protein Bar Schoko Brownie,1.0,2.34,0.16,2.5,2026-03-23 16:00:00,2026-03-23,16,0
Pringles Hot & Spicy,1.0,1.31,0.09,1.4,2026-03-23 17:00:00,2026-03-23,17,0
Gefüllter Triple Chocolate Muffin,1.0,2.06,0.14,2.2,2026-03-23 18:00:00,2026-03-23,18,0
"Yayla Ayran Tetra 0,25L",1.0,1.01,0.19,1.2,2026-03-23 18:00:00,2026-03-23,18,0
Beef Jerky Original,1.0,2.34,0.16,2.5,2026-03-23 19:00:00,2026-03-23,19,0
Laugenbrezel mit Butter,1.0,1.68,0.12,1.8,2026-03-23 19:00:00,2026-03-23,19,0
Laugenbrezel mit Pfeffer,1.0,1.68,0.12,1.8,2026-03-23 19:00:00,2026-03-23,19,0
Snickers Riegel  2 Pack,1.0,1.12,0.08,1.2,2026-03-23 19:00:00,2026-03-23,19,0
Koro Protein Bar Pistachio,1.0,2.71,0.19,2.9,2026-03-23 19:00:00,2026-03-23,19,0
Koro Protein Bar Butter Cups,1.0,2.34,0.16,2.5,2026-03-23 19:00:00,2026-03-23,19,0
"Leergut 0,25 EUR",1.0,0.21,0.04,0.25,2026-03-23 19:00:00,2026-03-23,19,0
"Powerade Mountain Blast 0,5l PEW",1.0,1.34,0.26,1.6,2026-03-23 19:00:00,2026-03-23,19,0
Berliner Brezel 70g FB,1.0,1.68,0.12,1.8,2026-03-23 20:00:00,2026-03-23,20,0
Laugenbrezel mit Butter,1.0,1.68,0.12,1.8,2026-03-23 20:00:00,2026-03-23,20,0
Smothie Froosh Pineapple 250ml,2.0,4.03,0.77,4.8,2026-03-23 20:00:00,2026-03-23,20,0
"Leergut 0,25 EUR",2.0,0.42,0.08,0.5,2026-03-23 20:00:00,2026-03-23,20,0
Red Bull Green Edition,1.0,1.07,0.2,1.27,2026-03-23 20:00:00,2026-03-23,20,0
Red Bull Summer Edition,1.0,1.07,0.2,1.27,2026-03-23 20:00:00,2026-03-23,20,0
Beef Jerky Original,1.0,2.34,0.16,2.5,2026-03-24 09:00:00,2026-03-24,9,1
"Leergut 0,25 EUR",2.0,0.42,0.08,0.5,2026-03-24 09:00:00,2026-03-24,9,1
"Red Bull 0,25",1.0,1.07,0.2,1.27,2026-03-24 09:00:00,2026-03-24,9,1
"Red Bull Sugar Free 0,25",1.0,1.07,0.2,1.27,2026-03-24 09:00:00,2026-03-24,9,1
Berliner Brezel 70g FB,1.0,1.68,0.12,1.8,2026-03-24 10:00:00,2026-03-24,10,1
"Leergut 0,25 EUR",1.0,0.21,0.04,0.25,2026-03-24 10:00:00,2026-03-24,10,1
"Monster Energy 0,5l",1.0,1.85,0.35,2.2,2026-03-24 10:00:00,2026-03-24,10,1
Shot Himbeere Ingwer 60ml,1.0,1.84,0.36,2.2,2026-03-24 11:00:00,2026-03-24,11,1
"Leergut 0,25 EUR",3.0,0.63,0.12,0.75,2026-03-24 11:00:00,2026-03-24,11,1
DPG Vitamin Well Reload,1.0,1.64,0.31,1.95,2026-03-24 11:00:00,2026-03-24,11,1
DPG Vitamin Well Hydrate,2.0,3.28,0.62,3.9,2026-03-24 11:00:00,2026-03-24,11,1
KitKat,1.0,0.93,0.07,1.0,2026-03-24 12:00:00,2026-03-24,12,1
Filly Nut Donut,1.0,1.4,0.1,1.5,2026-03-24 12:00:00,2026-03-24,12,1
Brown Donut,1.0,1.4,0.1,1.5,2026-03-24 12:00:00,2026-03-24,12,1
"Leergut 0,15 EUR",3.0,0.39,0.06,0.45,2026-03-24 12:00:00,2026-03-24,12,1
"Leergut 0,25 EUR",3.0,0.62,0.13,0.75,2026-03-24 12:00:00,2026-03-24,12,1
"Powerade Mountain Blast 0,5l PEW",1.0,1.34,0.26,1.6,2026-03-24 12:00:00,2026-03-24,12,1
Red Bull Green Edition,1.0,1.07,0.2,1.27,2026-03-24 12:00:00,2026-03-24,12,1
DPG Vitamin Well Reload,1.0,1.65,0.3,1.95,2026-03-24 12:00:00,2026-03-24,12,1
Teinacher Mango Maracuja,1.0,1.34,0.26,1.6,2026-03-24 12:00:00,2026-03-24,12,1
Teinacher Johannisbeer Holunder,1.0,1.34,0.26,1.6,2026-03-24 12:00:00,2026-03-24,12,1
"Coca Cola 0,4L Glas Mehrweg",1.0,1.26,0.24,1.5,2026-03-24 12:00:00,2026-03-24,12,1
HOMEMADE BUN VEGAN,1.0,2.34,0.16,2.5,2026-03-24 13:00:00,2026-03-24,13,1
"Leergut 0,08 EUR",2.0,0.13,0.03,0.16,2026-03-24 13:00:00,2026-03-24,13,1
Welde Alkoholfrei,2.0,2.86,0.54,3.4,2026-03-24 13:00:00,2026-03-24,13,1
"Leergut 0,15 EUR",1.0,0.13,0.02,0.15,2026-03-24 14:00:00,2026-03-24,14,1
"Coca Cola Zero 0,4L Glas Mehrweg",1.0,1.26,0.24,1.5,2026-03-24 14:00:00,2026-03-24,14,1
Duplo,1.0,0.47,0.03,0.5,2026-03-24 15:00:00,2026-03-24,15,1
GO FRESH Sandw Salam Edam,1.0,3.55,0.25,3.8,2026-03-24 15:00:00,2026-03-24,15,1
"Leergut 0,15 EUR",1.0,0.13,0.02,0.15,2026-03-24 15:00:00,2026-03-24,15,1
"Leergut 0,25 EUR",1.0,0.21,0.04,0.25,2026-03-24 15:00:00,2026-03-24,15,1
DPG Vitamin Well Hydrate,1.0,1.64,0.31,1.95,2026-03-24 15:00:00,2026-03-24,15,1
"Coca Cola Zero 0,4L Glas Mehrweg",1.0,1.26,0.24,1.5,2026-03-24 15:00:00,2026-03-24,15,1
Lunchbox 800ml Edelstahl,1.0,13.45,2.55,16.0,2026-03-24 16:00:00,2026-03-24,16,1
Haribo Color Rado 100g,1.0,0.93,0.07,1.0,2026-03-24 17:00:00,2026-03-24,17,1
HOMEMADE BUN HAM,1.0,2.34,0.16,2.5,2026-03-24 17:00:00,2026-03-24,17,1
HOMEMADE BUN VEGAN,1.0,2.34,0.16,2.5,2026-03-24 17:00:00,2026-03-24,17,1
"Leergut 0,15 EUR",1.0,0.13,0.02,0.15,2026-03-24 17:00:00,2026-03-24,17,1
"Mezzo Mix 0,4L Glas Mehrweg",1.0,1.26,0.24,1.5,2026-03-24 17:00:00,2026-03-24,17,1
La Magnum Almond,1.0,2.52,0.18,2.7,2026-03-24 18:00:00,2026-03-24,18,1
GIANT Yoghurt Flapjack Banana,1.0,1.12,0.08,1.2,2026-03-24 18:00:00,2026-03-24,18,1
Koro Protein Bar Pistachio,2.0,5.42,0.38,5.8,2026-03-24 19:00:00,2026-03-24,19,1
Smothie Froosh Mango 250ml,1.0,2.01,0.39,2.4,2026-03-24 21:00:00,2026-03-24,21,1
"Leergut 0,25 EUR",3.0,0.63,0.12,0.75,2026-03-24 21:00:00,2026-03-24,21,1
Red Bull Green Edition,1.0,1.07,0.2,1.27,2026-03-24 21:00:00,2026-03-24,21,1
DPG Vitamin Well Reload,1.0,1.64,0.31,1.95,2026-03-24 21:00:00,2026-03-24,21,1
Red Bull Summer Edition,1.0,1.07,0.2,1.27,2026-03-24 21:00:00,2026-03-24,21,1
HOMEMADE BUN Salami,1.0,2.34,0.16,2.5,2026-03-24 22:00:00,2026-03-24,22,1
GIANT Flapjack Hazelnut,1.0,1.12,0.08,1.2,2026-03-24 22:00:00,2026-03-24,22,1
"Leergut 0,15 EUR",1.0,0.13,0.02,0.15,2026-03-24 22:00:00,2026-03-24,22,1
"Coca Cola Zero 0,4L Glas Mehrweg",1.0,1.26,0.24,1.5,2026-03-24 22:00:00,2026-03-24,22,1
HOMEMADE Breakfastcup 285g,1.0,2.9,0.2,3.1,2026-03-25 00:00:00,2026-03-25,0,2
Shot Himbeere Ingwer 60ml,1.0,1.85,0.35,2.2,2026-03-25 00:00:00,2026-03-25,0,2
Koro Protein Bar Pistachio,2.0,5.42,0.38,5.8,2026-03-25 13:00:00,2026-03-25,13,2
"Leergut 0,25 EUR",2.0,0.42,0.08,0.5,2026-03-25 13:00:00,2026-03-25,13,2
"Red Bull Sugar Free 0,25",1.0,1.07,0.2,1.27,2026-03-25 13:00:00,2026-03-25,13,2
Red Bull Blue Edition,1.0,1.07,0.2,1.27,2026-03-25 13:00:00,2026-03-25,13,2
Zahnbürste Bambus,1.0,5.8,1.1,6.9,2026-03-25 14:00:00,2026-03-25,14,2
Koro Protein Bar Schoko Brownie,1.0,2.34,0.16,2.5,2026-03-25 14:00:00,2026-03-25,14,2
"Leergut 0,08 EUR",1.0,0.07,0.01,0.08,2026-03-25 14:00:00,2026-03-25,14,2
Welde Alkoholfrei,1.0,1.43,0.27,1.7,2026-03-25 14:00:00,2026-03-25,14,2
GO FRESH Wrap Thunfisch,1.0,3.55,0.25,3.8,2026-03-25 15:00:00,2026-03-25,15,2
HOMEMADE BUN HAM,1.0,2.34,0.16,2.5,2026-03-25 15:00:00,2026-03-25,15,2
HOMEMADE Breakfastcup 285g,1.0,2.9,0.2,3.1,2026-03-25 15:00:00,2026-03-25,15,2
"Leergut 0,15 EUR",1.0,0.13,0.02,0.15,2026-03-25 15:00:00,2026-03-25,15,2
Teinacher still 0.7,1.0,1.01,0.19,1.2,2026-03-25 15:00:00,2026-03-25,15,2
Protein Bar Chocolate,1.0,0.93,0.07,1.0,2026-03-25 16:00:00,2026-03-25,16,2
Airwaves Menth & Eucalypt,1.0,0.93,0.07,1.0,2026-03-25 16:00:00,2026-03-25,16,2
GO FRESH Sandw SweetChili,1.0,3.55,0.25,3.8,2026-03-25 16:00:00,2026-03-25,16,2
Shot Cucumber Ginger 60ml,1.0,1.85,0.35,2.2,2026-03-25 16:00:00,2026-03-25,16,2
Koro Protein Bar Pistachio,3.0,8.13,0.57,8.7,2026-03-25 16:00:00,2026-03-25,16,2
Soft Protein Riegel Salted Peanut Carame,1.0,2.99,0.21,3.2,2026-03-25 16:00:00,2026-03-25,16,2
"Leergut 0,25 EUR",1.0,0.21,0.04,0.25,2026-03-25 16:00:00,2026-03-25,16,2
DPG Vitamin Well Reload,1.0,1.64,0.31,1.95,2026-03-25 16:00:00,2026-03-25,16,2
HOMEMADE BUN HAM,1.0,2.34,0.16,2.5,2026-03-25 19:00:00,2026-03-25,19,2
HOMEMADE Breakfastcup 285g,1.0,2.9,0.2,3.1,2026-03-25 19:00:00,2026-03-25,19,2
Nivea Creme,1.0,2.44,0.46,2.9,2026-03-26 11:00:00,2026-03-26,11,3
Twix Xtra 75g,1.0,1.12,0.08,1.2,2026-03-26 11:00:00,2026-03-26,11,3
Smothie Froosh Mango 250ml,2.0,4.03,0.77,4.8,2026-03-26 11:00:00,2026-03-26,11,3
Smothie Froosh Pineapple 250ml,1.0,2.02,0.38,2.4,2026-03-26 11:00:00,2026-03-26,11,3
"Leergut 0,15 EUR",1.0,0.13,0.02,0.15,2026-03-26 11:00:00,2026-03-26,11,3
"Leergut 0,25 EUR",1.0,0.21,0.04,0.25,2026-03-26 11:00:00,2026-03-26,11,3
"Red Bull 0,25",1.0,1.07,0.2,1.27,2026-03-26 11:00:00,2026-03-26,11,3
"Coca Cola Zero 0,4L Glas Mehrweg",1.0,1.26,0.24,1.5,2026-03-26 11:00:00,2026-03-26,11,3
BIO Hafer Drink Cappuccino Oatly,1.0,1.89,0.36,2.25,2026-03-26 12:00:00,2026-03-26,12,3
Protein Bar Caramell Toffee,1.0,0.93,0.07,1.0,2026-03-26 13:00:00,2026-03-26,13,3
Graci Müsli High Beautiful,1.0,3.64,0.26,3.9,2026-03-26 13:00:00,2026-03-26,13,3
Graci Müsli light,1.0,3.64,0.26,3.9,2026-03-26 13:00:00,2026-03-26,13,3
"Theo Pflaumen Balsamico 0,5l",1.0,8.32,0.58,8.9,2026-03-26 13:00:00,2026-03-26,13,3
"Theo Weisskirsch Balsamico 0,5l",1.0,12.07,0.83,12.9,2026-03-26 13:00:00,2026-03-26,13,3
Gaudenz Cuvée Rot Weingut Knipser,3.0,30.0,5.7,35.7,2026-03-26 13:00:00,2026-03-26,13,3
"Leergut 0,25 EUR",1.0,0.21,0.04,0.25,2026-03-26 13:00:00,2026-03-26,13,3
"Red Bull Sugar Free 0,25",1.0,1.07,0.2,1.27,2026-03-26 13:00:00,2026-03-26,13,3
Protein Bar Chocolate,1.0,0.93,0.07,1.0,2026-03-26 14:00:00,2026-03-26,14,3
Barebells Caramel Choco 55g,1.0,3.09,0.21,3.3,2026-03-26 14:00:00,2026-03-26,14,3
Snickers Protein Riegel,1.0,2.99,0.21,3.2,2026-03-26 14:00:00,2026-03-26,14,3
Haribo Goldbären 100g,3.0,2.8,0.2,3.0,2026-03-26 14:00:00,2026-03-26,14,3
Koro Protein Bar Schoko Brownie,2.0,4.68,0.32,5.0,2026-03-26 14:00:00,2026-03-26,14,3
Bio poppy & vanilla fairness 45g,1.0,1.12,0.08,1.2,2026-03-26 14:00:00,2026-03-26,14,3
"Leergut 0,08 EUR",1.0,0.07,0.01,0.08,2026-03-26 14:00:00,2026-03-26,14,3
Welde Alkoholfrei,1.0,1.43,0.27,1.7,2026-03-26 14:00:00,2026-03-26,14,3
Griesson Schoko Mountain Cookies 125g,1.0,1.68,0.12,1.8,2026-03-26 15:00:00,2026-03-26,15,3
Nussschnecke,1.0,2.34,0.16,2.5,2026-03-26 15:00:00,2026-03-26,15,3
"Leergut 0,25 EUR",3.0,0.63,0.12,0.75,2026-03-26 15:00:00,2026-03-26,15,3
DPG Vitamin Well Hydrate,1.0,1.64,0.31,1.95,2026-03-26 15:00:00,2026-03-26,15,3
Red Bull Sea Blue Edition,1.0,1.06,0.21,1.27,2026-03-26 15:00:00,2026-03-26,15,3
Red Bull Summer Edition,1.0,1.07,0.2,1.27,2026-03-26 15:00:00,2026-03-26,15,3
Airwaves Menth & Eucalypt,1.0,0.93,0.07,1.0,2026-03-26 17:00:00,2026-03-26,17,3
Studentenfutt,1.0,1.87,0.13,2.0,2026-03-26 17:00:00,2026-03-26,17,3
HOMEMADE BUN HAM,1.0,2.34,0.16,2.5,2026-03-26 17:00:00,2026-03-26,17,3
"Yayla Ayran Tetra 0,25L",1.0,1.01,0.19,1.2,2026-03-26 17:00:00,2026-03-26,17,3
GIANT Yoghurt Flapjack Banana,1.0,1.12,0.08,1.2,2026-03-26 17:00:00,2026-03-26,17,3
Mahi Sauce Carolina Reaper & Pineapple,1.0,3.69,0.26,3.95,2026-03-26 17:00:00,2026-03-26,17,3
"Bio creamy cocos fairness 37,5g",1.0,1.12,0.08,1.2,2026-03-26 17:00:00,2026-03-26,17,3
"Leergut 0,15 EUR",1.0,0.13,0.02,0.15,2026-03-26 17:00:00,2026-03-26,17,3
"Leergut 0,25 EUR",1.0,0.21,0.04,0.25,2026-03-26 17:00:00,2026-03-26,17,3
Red Bull Blue Edition,1.0,1.07,0.2,1.27,2026-03-26 17:00:00,2026-03-26,17,3
"Coca Cola Zero 0,4L Glas Mehrweg",1.0,1.26,0.24,1.5,2026-03-26 17:00:00,2026-03-26,17,3
"Leergut 0,25 EUR",1.0,0.21,0.04,0.25,2026-03-26 18:00:00,2026-03-26,18,3
DPG Vitamin Well Reload,1.0,1.64,0.31,1.95,2026-03-26 18:00:00,2026-03-26,18,3
HOMEMADE BUN Cheese,2.0,3.55,0.25,3.8,2026-03-26 19:00:00,2026-03-26,19,3
"Leergut 0,25 EUR",2.0,0.42,0.08,0.5,2026-03-26 19:00:00,2026-03-26,19,3
Red Bull Green Edition,1.0,1.06,0.21,1.27,2026-03-26 19:00:00,2026-03-26,19,3
Red Bull Summer Edition,1.0,1.07,0.2,1.27,2026-03-26 19:00:00,2026-03-26,19,3
Kinder Bueno 43g Ferrero,1.0,0.93,0.07,1.0,2026-03-26 20:00:00,2026-03-26,20,3
HOMEMADE BUN Veggie Laugenecke Tom Moz,1.0,2.34,0.16,2.5,2026-03-26 21:00:00,2026-03-26,21,3
HOMEMADE BUN HAM,1.0,2.34,0.16,2.5,2026-03-27 09:00:00,2026-03-27,9,4
Graci Müsli light,1.0,3.64,0.26,3.9,2026-03-27 10:00:00,2026-03-27,10,4
Butcher Lasagne Yeah,1.0,4.58,0.32,4.9,2026-03-27 10:00:00,2026-03-27,10,4
Butcher Chick Curry Ki 400g,1.0,5.24,0.36,5.6,2026-03-27 10:00:00,2026-03-27,10,4
XL Laugenbrezel 130g FG,1.0,1.31,0.09,1.4,2026-03-27 11:00:00,2026-03-27,11,4
Soft Protein Riegel Salted Peanut Carame,1.0,2.99,0.21,3.2,2026-03-27 12:00:00,2026-03-27,12,4
"Leergut 0,25 EUR",1.0,0.21,0.04,0.25,2026-03-27 12:00:00,2026-03-27,12,4
DPG Vitamin Well Reload,1.0,1.64,0.31,1.95,2026-03-27 12:00:00,2026-03-27,12,4
"Leergut 0,15 EUR",1.0,0.13,0.02,0.15,2026-03-27 13:00:00,2026-03-27,13,4
"Leergut 0,25 EUR",1.0,0.21,0.04,0.25,2026-03-27 13:00:00,2026-03-27,13,4
Red Bull Zero,1.0,1.07,0.2,1.27,2026-03-27 13:00:00,2026-03-27,13,4
"Coca Cola Zero 0,4L Glas Mehrweg",1.0,1.26,0.24,1.5,2026-03-27 13:00:00,2026-03-27,13,4
"Leergut 0,15 EUR",1.0,0.13,0.02,0.15,2026-03-27 14:00:00,2026-03-27,14,4
FUZE T ZITRONE,1.0,1.43,0.27,1.7,2026-03-27 14:00:00,2026-03-27,14,4
Kinder Bueno 43g Ferrero,1.0,0.93,0.07,1.0,2026-03-27 15:00:00,2026-03-27,15,4
Coffee Cup Big1,1.0,1.68,0.32,2.0,2026-03-27 15:00:00,2026-03-27,15,4
"Leergut 0,15 EUR",3.0,0.38,0.07,0.45,2026-03-27 15:00:00,2026-03-27,15,4
"Leergut 0,25 EUR",1.0,0.21,0.04,0.25,2026-03-27 15:00:00,2026-03-27,15,4
"Powerade Mountain Blast 0,5l PEW",1.0,1.34,0.26,1.6,2026-03-27 15:00:00,2026-03-27,15,4
Teinacher Heidelbeer Eistee,1.0,1.35,0.25,1.6,2026-03-27 15:00:00,2026-03-27,15,4
Teinacher Mineralwasser Naturell 0.33,1.0,1.01,0.19,1.2,2026-03-27 15:00:00,2026-03-27,15,4
Teinacher Mango Maracuja,1.0,1.34,0.26,1.6,2026-03-27 15:00:00,2026-03-27,15,4
Duplo,1.0,0.46,0.04,0.5,2026-03-27 16:00:00,2026-03-27,16,4
Griesson Schoko Mountain Cookies 125g,2.0,3.36,0.24,3.6,2026-03-27 16:00:00,2026-03-27,16,4
Kinder Country,1.0,0.47,0.03,0.5,2026-03-27 16:00:00,2026-03-27,16,4
Kinderriegel,1.0,0.47,0.03,0.5,2026-03-27 16:00:00,2026-03-27,16,4
Starbucks Caffé Latte,1.0,2.76,0.19,2.95,2026-03-27 16:00:00,2026-03-27,16,4
Starbucks Caramel Macchiato,1.0,2.76,0.19,2.95,2026-03-27 16:00:00,2026-03-27,16,4
Filly Nut Donut,1.0,1.4,0.1,1.5,2026-03-27 17:00:00,2026-03-27,17,4
La Magnum Almond,1.0,2.52,0.18,2.7,2026-03-27 17:00:00,2026-03-27,17,4
La Magnum Classic,1.0,2.52,0.18,2.7,2026-03-27 17:00:00,2026-03-27,17,4
GO FRESH Wrap Linse Falaf,1.0,3.55,0.25,3.8,2026-03-27 17:00:00,2026-03-27,17,4
Berliner Brezel 70g FB,1.0,1.68,0.12,1.8,2026-03-27 19:00:00,2026-03-27,19,4
GO FRESH Tuna Sandwich,1.0,3.55,0.25,3.8,2026-03-27 19:00:00,2026-03-27,19,4
Snickers Riegel  2 Pack,1.0,1.12,0.08,1.2,2026-03-27 19:00:00,2026-03-27,19,4
Smothie Froosh Pineapple 250ml,1.0,2.02,0.38,2.4,2026-03-27 19:00:00,2026-03-27,19,4
Bellezini Bruschettine Tomato & Oregano,1.0,2.34,0.16,2.5,2026-03-27 19:00:00,2026-03-27,19,4
"Snack Nüsse, geröstet & gesalzen",1.0,3.5,0.25,3.75,2026-03-27 19:00:00,2026-03-27,19,4
"Leergut 0,25 EUR",3.0,0.63,0.12,0.75,2026-03-27 19:00:00,2026-03-27,19,4
Red Bull Green Edition,1.0,1.07,0.2,1.27,2026-03-27 19:00:00,2026-03-27,19,4
DPG Vitamin Well Reload,1.0,1.63,0.32,1.95,2026-03-27 19:00:00,2026-03-27,19,4
Red Bull Summer Edition,1.0,1.07,0.2,1.27,2026-03-27 19:00:00,2026-03-27,19,4
Pringles Original,1.0,1.31,0.09,1.4,2026-03-28 15:00:00,2026-03-28,15,5
Mahi Sauce Chipotle Smoked Jalapeno,1.0,3.69,0.26,3.95,2026-03-28 15:00:00,2026-03-28,15,5
"Leergut 0,25 EUR",2.0,0.42,0.08,0.5,2026-03-28 15:00:00,2026-03-28,15,5
Untou Bio Matcha Lime,1.0,1.35,0.25,1.6,2026-03-28 15:00:00,2026-03-28,15,5
Untou Bio Matcha Zitrone,1.0,1.34,0.26,1.6,2026-03-28 15:00:00,2026-03-28,15,5
Protein Bar Chocolate,1.0,0.93,0.07,1.0,2026-03-29 11:00:00,2026-03-29,11,6
"Leergut 0,25 EUR",1.0,0.21,0.04,0.25,2026-03-29 11:00:00,2026-03-29,11,6
"Powerade Mountain Blast 0,5l PEW",1.0,1.34,0.26,1.6,2026-03-29 11:00:00,2026-03-29,11,6
Griesson Schoko Mountain Cookies 125g,1.0,1.69,0.11,1.8,2026-03-29 13:00:00,2026-03-29,13,6
Haribo Goldbären 100g,1.0,0.93,0.07,1.0,2026-03-29 13:00:00,2026-03-29,13,6
Shot Himbeere Ingwer 60ml,1.0,1.85,0.35,2.2,2026-03-29 13:00:00,2026-03-29,13,6
Coffee Cup Small,1.0,1.26,0.24,1.5,2026-03-29 13:00:00,2026-03-29,13,6
Chili & Lime Chili & Lima24 Beutel á 4,1.0,1.12,0.08,1.2,2026-03-29 16:00:00,2026-03-29,16,6
Dr. Oetker Ofenfrische 4 Käse,1.0,3.7,0.25,3.95,2026-03-29 16:00:00,2026-03-29,16,6
Bio H Milch 1l Nature,1.0,2.1,0.15,2.25,2026-03-29 16:00:00,2026-03-29,16,6
Brown Donut,1.0,1.4,0.1,1.5,2026-03-29 16:00:00,2026-03-29,16,6
"Leergut 0,25 EUR",1.0,0.21,0.04,0.25,2026-03-29 17:00:00,2026-03-29,17,6
"Powerade Mountain Blast 0,5l PEW",1.0,1.34,0.26,1.6,2026-03-29 17:00:00,2026-03-29,17,6
Leibniz Schokokeks VM,1.0,3.69,0.26,3.95,2026-03-30 09:00:00,2026-03-30,9,0
Manner Neapolitaner Schnitten 75g,1.0,0.93,0.07,1.0,2026-03-30 13:00:00,2026-03-30,13,0
Chili & Lime Chili & Lima24 Beutel á 4,1.0,1.12,0.08,1.2,2026-03-30 13:00:00,2026-03-30,13,0
Black Truffle Trufa Negra 24 Beutel á,1.0,1.13,0.07,1.2,2026-03-30 13:00:00,2026-03-30,13,0
La Nogger Choc,1.0,1.87,0.13,2.0,2026-03-30 13:00:00,2026-03-30,13,0
"Leergut 0,15 EUR",1.0,0.13,0.02,0.15,2026-03-30 13:00:00,2026-03-30,13,0
"Leergut 0,25 EUR",2.0,0.42,0.08,0.5,2026-03-30 13:00:00,2026-03-30,13,0
"Coca Cola 0,4L Glas Mehrweg",1.0,1.26,0.24,1.5,2026-03-30 13:00:00,2026-03-30,13,0
Red Bull Sea Blue Edition,1.0,1.06,0.21,1.27,2026-03-30 13:00:00,2026-03-30,13,0
Red Bull Summer Edition,1.0,1.07,0.2,1.27,2026-03-30 13:00:00,2026-03-30,13,0
Mars Ice Cream Eisriegel,1.0,2.34,0.16,2.5,2026-03-30 14:00:00,2026-03-30,14,0
Koro Protein Bar Schoko Brownie,2.0,4.67,0.33,5.0,2026-03-30 14:00:00,2026-03-30,14,0
Manner Neapolitaner Schnitten 75g,1.0,0.93,0.07,1.0,2026-03-30 15:00:00,2026-03-30,15,0
Filly Nut Donut,1.0,1.4,0.1,1.5,2026-03-30 16:00:00,2026-03-30,16,0
Snickers Riegel  2 Pack,1.0,1.12,0.08,1.2,2026-03-30 16:00:00,2026-03-30,16,0
HOMEMADE BUN HAM,1.0,2.33,0.17,2.5,2026-03-30 16:00:00,2026-03-30,16,0
HOMEMADE BUN VEGAN,2.0,4.68,0.32,5.0,2026-03-30 16:00:00,2026-03-30,16,0
Shot Himbeere Ingwer 60ml,2.0,3.7,0.7,4.4,2026-03-30 18:00:00,2026-03-30,18,0
HOMEMADE Breakfastcup 285g,1.0,2.9,0.2,3.1,2026-03-30 19:00:00,2026-03-30,19,0
Kinder Bueno 43g Ferrero,1.0,0.94,0.06,1.0,2026-03-31 08:00:00,2026-03-31,8,1
Protein Bar Vanilla Stracci,1.0,0.93,0.07,1.0,2026-03-31 08:00:00,2026-03-31,8,1
"Leergut 0,15 EUR",1.0,0.13,0.02,0.15,2026-03-31 08:00:00,2026-03-31,8,1
FUZE T PFIRSICH,1.0,1.43,0.27,1.7,2026-03-31 08:00:00,2026-03-31,8,1
"Leergut 0,25 EUR",2.0,0.42,0.08,0.5,2026-03-31 11:00:00,2026-03-31,11,1
"Red Bull 0,25",1.0,0.72,0.13,0.85,2026-03-31 11:00:00,2026-03-31,11,1
Red Bull Summer Edition,1.0,0.71,0.14,0.85,2026-03-31 11:00:00,2026-03-31,11,1
Kinder Bueno 43g Ferrero,1.0,0.93,0.07,1.0,2026-03-31 12:00:00,2026-03-31,12,1
Koro Protein Bar Pistachio,2.0,5.42,0.38,5.8,2026-03-31 12:00:00,2026-03-31,12,1
"Leergut 0,15 EUR",2.0,0.26,0.04,0.3,2026-03-31 12:00:00,2026-03-31,12,1
"Leergut 0,25 EUR",1.0,0.2,0.05,0.25,2026-03-31 12:00:00,2026-03-31,12,1
Red Bull Zero,1.0,1.07,0.2,1.27,2026-03-31 12:00:00,2026-03-31,12,1
"Coca Cola Zero 0,4L Glas Mehrweg",2.0,2.52,0.48,3.0,2026-03-31 12:00:00,2026-03-31,12,1
Shot Himbeere Ingwer 60ml,2.0,3.7,0.7,4.4,2026-03-31 13:00:00,2026-03-31,13,1
Shot Ginger Apple 60ml,1.0,1.85,0.35,2.2,2026-03-31 13:00:00,2026-03-31,13,1
Kinder Bueno 43g Ferrero,1.0,0.93,0.07,1.0,2026-03-31 14:00:00,2026-03-31,14,1
Haribo Goldbären 100g,1.0,0.94,0.06,1.0,2026-03-31 14:00:00,2026-03-31,14,1
Beef Jerky Original,10.0,16.36,1.14,17.5,2026-03-31 15:00:00,2026-03-31,15,1
"Mostbuben  Stille Apfelsaftschorle 0,5",1.0,1.68,0.32,2.0,2026-03-31 15:00:00,2026-03-31,15,1
Apfelchips,1.0,2.81,0.19,3.0,2026-03-31 15:00:00,2026-03-31,15,1
Koro Protein Bar Pistachio,2.0,5.42,0.38,5.8,2026-03-31 15:00:00,2026-03-31,15,1
Bio poppy & vanilla fairness 45g,1.0,1.12,0.08,1.2,2026-03-31 15:00:00,2026-03-31,15,1
KitKat,1.0,0.93,0.07,1.0,2026-03-31 16:00:00,2026-03-31,16,1
Griesson Schoko Mountain Cookies 125g,1.0,1.69,0.11,1.8,2026-03-31 16:00:00,2026-03-31,16,1
GO FRESH Wrap Linse Falaf,1.0,3.55,0.25,3.8,2026-03-31 16:00:00,2026-03-31,16,1
HOMEMADE BUN HAM,1.0,2.34,0.16,2.5,2026-03-31 16:00:00,2026-03-31,16,1
Bio poppy & vanilla fairness 45g,1.0,1.12,0.08,1.2,2026-03-31 16:00:00,2026-03-31,16,1
"Leergut 0,15 EUR",3.0,0.38,0.07,0.45,2026-03-31 16:00:00,2026-03-31,16,1
"Leergut 0,25 EUR",2.0,0.42,0.08,0.5,2026-03-31 16:00:00,2026-03-31,16,1
"Red Bull Sugar Free 0,25",1.0,1.06,0.21,1.27,2026-03-31 16:00:00,2026-03-31,16,1
Red Bull Zero,1.0,1.07,0.2,1.27,2026-03-31 16:00:00,2026-03-31,16,1
"Coca Cola Zero 0,4L Glas Mehrweg",3.0,3.78,0.72,4.5,2026-03-31 16:00:00,2026-03-31,16,1
Shot Kurkuma Orange 60ml,1.0,1.85,0.35,2.2,2026-03-31 17:00:00,2026-03-31,17,1
Koro Protein Bar Pistachio,1.0,2.71,0.19,2.9,2026-03-31 17:00:00,2026-03-31,17,1
"Leergut 0,15 EUR",2.0,0.26,0.04,0.3,2026-03-31 17:00:00,2026-03-31,17,1
"Leergut 0,25 EUR",1.0,0.21,0.04,0.25,2026-03-31 17:00:00,2026-03-31,17,1
Red Bull White Edition,1.0,1.07,0.2,1.27,2026-03-31 17:00:00,2026-03-31,17,1
"Coca Cola Zero 0,4L Glas Mehrweg",2.0,2.52,0.48,3.0,2026-03-31 17:00:00,2026-03-31,17,1
Airwaves Menth & Eucalypt,4.0,3.74,0.26,4.0,2026-03-31 19:00:00,2026-03-31,19,1
GIANT Flapjack Blueberry,1.0,1.12,0.08,1.2,2026-03-31 19:00:00,2026-03-31,19,1
"Leergut 0,25 EUR",2.0,0.42,0.08,0.5,2026-03-31 19:00:00,2026-03-31,19,1
DPG Vitamin Well Reload,2.0,3.28,0.62,3.9,2026-03-31 19:00:00,2026-03-31,19,1
HOMEMADE Breakfastcup 285g,1.0,2.9,0.2,3.1,2026-03-31 22:00:00,2026-03-31,22,1
Shot Himbeere Ingwer 60ml,1.0,1.85,0.35,2.2,2026-03-31 22:00:00,2026-03-31,22,1
HOMEMADE BUN Cheese,1.0,1.78,0.12,1.9,2026-04-01 08:00:00,2026-04-01,8,2
"Leergut 0,25 EUR",1.0,0.21,0.04,0.25,2026-04-01 10:00:00,2026-04-01,10,2
DPG Vitamin Well Reload,1.0,1.64,0.31,1.95,2026-04-01 10:00:00,2026-04-01,10,2
Airwaves Menth & Eucalypt,1.0,0.93,0.07,1.0,2026-04-01 11:00:00,2026-04-01,11,2
Soft Protein Riegel Salted Peanut Carame,1.0,2.99,0.21,3.2,2026-04-01 12:00:00,2026-04-01,12,2
"Leergut 0,25 EUR",1.0,0.21,0.04,0.25,2026-04-01 12:00:00,2026-04-01,12,2
Red Bull Green Edition,1.0,1.07,0.2,1.27,2026-04-01 12:00:00,2026-04-01,12,2
Knoppers,1.0,0.47,0.03,0.5,2026-04-01 13:00:00,2026-04-01,13,2
Protein Bar Caramell Toffee,2.0,1.87,0.13,2.0,2026-04-01 13:00:00,2026-04-01,13,2
Airwaves Menth & Eucalypt,1.0,0.93,0.07,1.0,2026-04-01 13:00:00,2026-04-01,13,2
Barebells Caramel Choco 55g,1.0,3.08,0.22,3.3,2026-04-01 13:00:00,2026-04-01,13,2
Hofeis Mango 130ml,1.0,2.34,0.16,2.5,2026-04-01 13:00:00,2026-04-01,13,2
Snickers Protein Riegel,1.0,2.99,0.21,3.2,2026-04-01 13:00:00,2026-04-01,13,2
Laugenbrezel mit Butter,1.0,1.68,0.12,1.8,2026-04-01 13:00:00,2026-04-01,13,2
Kinderriegel,1.0,0.47,0.03,0.5,2026-04-01 13:00:00,2026-04-01,13,2
BIO Hafer Drink Moccaccino 12 x 235ml Oa,1.0,1.89,0.36,2.25,2026-04-01 13:00:00,2026-04-01,13,2
"Leergut 0,25 EUR",1.0,0.21,0.04,0.25,2026-04-01 13:00:00,2026-04-01,13,2
"Red Bull Sugar Free 0,25",1.0,1.07,0.2,1.27,2026-04-01 13:00:00,2026-04-01,13,2
Kinder Bueno 43g Ferrero,1.0,0.93,0.07,1.0,2026-04-01 14:00:00,2026-04-01,14,2
Mais Dose Glas,1.0,2.34,0.16,2.5,2026-04-01 14:00:00,2026-04-01,14,2
Erbsen Möhren Dose Glas,1.0,4.02,0.28,4.3,2026-04-01 14:00:00,2026-04-01,14,2
Barilla Fusilli,2.0,4.67,0.33,5.0,2026-04-01 14:00:00,2026-04-01,14,2
Gewürzgurken Durach,2.0,4.86,0.34,5.2,2026-04-01 14:00:00,2026-04-01,14,2
"Leergut 0,25 EUR",2.0,0.42,0.08,0.5,2026-04-01 14:00:00,2026-04-01,14,2
DPG Vitamin Well Reload,1.0,1.64,0.31,1.95,2026-04-01 14:00:00,2026-04-01,14,2
DPG Vitamin Well Hydrate,1.0,1.64,0.31,1.95,2026-04-01 14:00:00,2026-04-01,14,2
Protein Bar Caramell Toffee,1.0,0.93,0.07,1.0,2026-04-01 16:00:00,2026-04-01,16,2
Protein Bar Vanilla Stracci,1.0,0.94,0.06,1.0,2026-04-01 16:00:00,2026-04-01,16,2
Berliner Brezel 70g FB,1.0,1.68,0.12,1.8,2026-04-01 16:00:00,2026-04-01,16,2
Gefüllter Triple Chocolate Muffin,1.0,2.06,0.14,2.2,2026-04-01 16:00:00,2026-04-01,16,2
Nussschnecke,1.0,2.33,0.17,2.5,2026-04-01 16:00:00,2026-04-01,16,2
Kinder Country,1.0,0.47,0.03,0.5,2026-04-01 16:00:00,2026-04-01,16,2
Smothie Froosh Pineapple 250ml,1.0,2.01,0.39,2.4,2026-04-01 16:00:00,2026-04-01,16,2
Koro Protein Bar Schoko Brownie,1.0,2.34,0.16,2.5,2026-04-01 16:00:00,2026-04-01,16,2
"Leergut 0,25 EUR",3.0,0.63,0.12,0.75,2026-04-01 16:00:00,2026-04-01,16,2
Red Bull Green Edition,1.0,1.07,0.2,1.27,2026-04-01 16:00:00,2026-04-01,16,2
DPG Vitamin Well Reload,1.0,1.64,0.31,1.95,2026-04-01 16:00:00,2026-04-01,16,2
Red Bull Summer Edition,1.0,1.07,0.2,1.27,2026-04-01 16:00:00,2026-04-01,16,2
Koro Protein Bar Schoko Brownie,2.0,4.67,0.33,5.0,2026-04-01 17:00:00,2026-04-01,17,2
Beef Jerky Original,6.0,9.82,0.68,10.5,2026-04-01 18:00:00,2026-04-01,18,2
Beef Jerky Sweet & Hot,15.0,24.54,1.71,26.25,2026-04-01 18:00:00,2026-04-01,18,2
Proteinaufstrich Paprika Pfeffer,1.0,2.56,0.19,2.75,2026-04-01 18:00:00,2026-04-01,18,2
Steiner´s High Protein Fussili,1.0,3.63,0.26,3.89,2026-04-01 18:00:00,2026-04-01,18,2
Gefüllter Triple Chocolate Muffin,1.0,2.06,0.14,2.2,2026-04-01 20:00:00,2026-04-01,20,2
HOMEMADE Breakfastcup 285g,1.0,2.9,0.2,3.1,2026-04-01 23:00:00,2026-04-01,23,2
Shot Himbeere Ingwer 60ml,1.0,1.85,0.35,2.2,2026-04-01 23:00:00,2026-04-01,23,2
XL Laugenbrezel 130g FG,1.0,1.31,0.09,1.4,2026-04-02 07:00:00,2026-04-02,7,3
Schinken Käse Croissant Snack,1.0,1.68,0.12,1.8,2026-04-02 08:00:00,2026-04-02,8,3
Currywurst Snack,1.0,1.68,0.12,1.8,2026-04-02 08:00:00,2026-04-02,8,3
Koro Protein Bar Pistachio,1.0,2.71,0.19,2.9,2026-04-02 11:00:00,2026-04-02,11,3
"Leergut 0,25 EUR",1.0,0.21,0.04,0.25,2026-04-02 12:00:00,2026-04-02,12,3
DPG Vitamin Well Reload,1.0,1.64,0.31,1.95,2026-04-02 12:00:00,2026-04-02,12,3
La Nogger Choc,1.0,1.87,0.13,2.0,2026-04-02 13:00:00,2026-04-02,13,3
Koro Protein Bar Schoko Brownie,1.0,2.34,0.16,2.5,2026-04-02 13:00:00,2026-04-02,13,3
Knoppers,2.0,0.93,0.07,1.0,2026-04-02 15:00:00,2026-04-02,15,3
ichoc Salty Pretzel vegan 80g,1.0,3.27,0.23,3.5,2026-04-02 15:00:00,2026-04-02,15,3
ichoc Jackfruit Coconut vegan 80g,1.0,3.27,0.23,3.5,2026-04-02 15:00:00,2026-04-02,15,3
Hofeis Mango 130ml,1.0,2.34,0.16,2.5,2026-04-02 15:00:00,2026-04-02,15,3
Beef Jerky Original,2.0,3.27,0.23,3.5,2026-04-02 15:00:00,2026-04-02,15,3
Kinderriegel,4.0,1.87,0.13,2.0,2026-04-02 15:00:00,2026-04-02,15,3
Haribo Goldbären 100g,2.0,1.87,0.13,2.0,2026-04-02 15:00:00,2026-04-02,15,3
Smothie Froosh Blueberry 250ml,1.0,2.02,0.38,2.4,2026-04-02 15:00:00,2026-04-02,15,3
Smothie Froosh Mango 250ml,1.0,2.01,0.39,2.4,2026-04-02 15:00:00,2026-04-02,15,3
GO FRESH Sanw Schink Goud,1.0,3.55,0.25,3.8,2026-04-02 16:00:00,2026-04-02,16,3
Ritter Sport Edel Vollmilch 100g,1.0,1.78,0.12,1.9,2026-04-02 16:00:00,2026-04-02,16,3
Shot Himbeere Ingwer 60ml,1.0,1.85,0.35,2.2,2026-04-02 23:00:00,2026-04-02,23,3
Hanuta 2er 44g,1.0,0.93,0.07,1.0,2026-04-03 09:00:00,2026-04-03,9,4
Gepa Schokolade Vollmilch 100g Bio Voll,1.0,2.2,0.15,2.35,2026-04-03 09:00:00,2026-04-03,9,4
Wies Gefl Mortadella     100g,1.0,1.68,0.12,1.8,2026-04-03 10:00:00,2026-04-03,10,4
Hofeis Knusperkeks 130ml,1.0,2.34,0.16,2.5,2026-04-03 14:00:00,2026-04-03,14,4
Bone dry Spätburgunder Rosé,1.0,9.99,1.91,11.9,2026-04-03 14:00:00,2026-04-03,14,4
"Leergut 0,08 EUR",1.0,0.07,0.01,0.08,2026-04-03 14:00:00,2026-04-03,14,4
"Leergut 0,25 EUR",2.0,0.42,0.08,0.5,2026-04-03 14:00:00,2026-04-03,14,4
"Red Bull 0,25",2.0,2.14,0.4,2.54,2026-04-03 14:00:00,2026-04-03,14,4
Welde Naturradler,1.0,1.43,0.27,1.7,2026-04-03 14:00:00,2026-04-03,14,4
Beef Jerky Sweet & Hot,1.0,1.64,0.11,1.75,2026-04-03 16:00:00,2026-04-03,16,4
Paprika Chips,1.0,2.34,0.16,2.5,2026-04-03 16:00:00,2026-04-03,16,4
BiFi Roll,1.0,1.31,0.09,1.4,2026-04-03 16:00:00,2026-04-03,16,4
GO FRESH Wrap Chicken Chi,1.0,3.55,0.25,3.8,2026-04-03 16:00:00,2026-04-03,16,4
Twix Xtra 75g,1.0,1.12,0.08,1.2,2026-04-03 16:00:00,2026-04-03,16,4
Starbucks Caffé Latte,1.0,2.76,0.19,2.95,2026-04-03 16:00:00,2026-04-03,16,4
Starbucks Caramel Macchiato,1.0,2.75,0.2,2.95,2026-04-03 16:00:00,2026-04-03,16,4
"Snack Nüsse, BBQ",1.0,3.5,0.25,3.75,2026-04-03 16:00:00,2026-04-03,16,4
"Leergut 0,15 EUR",1.0,0.13,0.02,0.15,2026-04-03 16:00:00,2026-04-03,16,4
"Leergut 0,25 EUR",1.0,0.21,0.04,0.25,2026-04-03 16:00:00,2026-04-03,16,4
"Red Bull 0,25",1.0,1.07,0.2,1.27,2026-04-03 16:00:00,2026-04-03,16,4
Teinacher Apfelschorle,1.0,1.34,0.26,1.6,2026-04-03 16:00:00,2026-04-03,16,4
HofEis Erdbeere Sorbet 130ml,1.0,2.33,0.17,2.5,2026-04-03 17:00:00,2026-04-03,17,4
Brezeln,1.0,1.78,0.12,1.9,2026-04-03 17:00:00,2026-04-03,17,4
"Leergut 0,25 EUR",2.0,0.42,0.08,0.5,2026-04-03 18:00:00,2026-04-03,18,4
"Red Bull Sugar Free 0,25",2.0,2.13,0.41,2.54,2026-04-03 18:00:00,2026-04-03,18,4
BF ICE CREAM Himbeere Fichte 100ml Bio V,2.0,4.67,0.33,5.0,2026-04-03 21:00:00,2026-04-03,21,4
Black Truffle Trufa Negra 24 Beutel á,1.0,1.12,0.08,1.2,2026-04-03 23:00:00,2026-04-03,23,4
HofEis Erdbeere Sorbet 130ml,1.0,2.33,0.17,2.5,2026-04-03 23:00:00,2026-04-03,23,4
BLACK FOREST ICE CREAM Vanille 100ml Bio,1.0,2.34,0.16,2.5,2026-04-03 23:00:00,2026-04-03,23,4
Smothie Froosh  Strawberry 250ml,1.0,2.02,0.38,2.4,2026-04-03 23:00:00,2026-04-03,23,4
"Leergut 0,15 EUR",7.0,0.88,0.17,1.05,2026-04-03 23:00:00,2026-04-03,23,4
Teinacher Apfelschorle,3.0,4.02,0.78,4.8,2026-04-03 23:00:00,2026-04-03,23,4
Teinacher classic,2.0,2.02,0.38,2.4,2026-04-03 23:00:00,2026-04-03,23,4
"Mezzo Mix 0,4L Glas Mehrweg",2.0,2.52,0.48,3.0,2026-04-03 23:00:00,2026-04-03,23,4
Brezeln,1.0,1.78,0.12,1.9,2026-04-05 12:00:00,2026-04-05,12,6
Paprika Chips,1.0,2.34,0.16,2.5,2026-04-05 12:00:00,2026-04-05,12,6
Fe Yogurette,2.0,4.67,0.33,5.0,2026-04-05 12:00:00,2026-04-05,12,6
Red Band Briket Sup. Sauer 200St. Dose,1.0,6.44,0.46,6.9,2026-04-05 12:00:00,2026-04-05,12,6
"Leergut 0,25 EUR",9.0,1.89,0.36,2.25,2026-04-05 12:00:00,2026-04-05,12,6
"Red Bull 0,25",6.0,6.42,1.2,7.62,2026-04-05 12:00:00,2026-04-05,12,6
Red Bull Blue Edition,1.0,1.07,0.2,1.27,2026-04-05 12:00:00,2026-04-05,12,6
DPG Vitamin Well Reload,2.0,3.26,0.64,3.9,2026-04-05 12:00:00,2026-04-05,12,6
Weizenmehl Typ 405 1kg,1.0,1.5,0.1,1.6,2026-04-05 13:00:00,2026-04-05,13,6
Twix Xtra 75g,1.0,1.12,0.08,1.2,2026-04-05 13:00:00,2026-04-05,13,6
KitKat,1.0,0.93,0.07,1.0,2026-04-05 15:00:00,2026-04-05,15,6
Black Truffle Trufa Negra 24 Beutel á,1.0,1.12,0.08,1.2,2026-04-05 15:00:00,2026-04-05,15,6
Tempo Klassik Taschentücher,1.0,2.69,0.51,3.2,2026-04-05 15:00:00,2026-04-05,15,6
Fe Yogurette,1.0,2.34,0.16,2.5,2026-04-05 15:00:00,2026-04-05,15,6
Salami  Regio Di Parma 80gr,2.0,6.45,0.45,6.9,2026-04-05 16:00:00,2026-04-05,16,6
GO FRESH Tuna Sandwich,1.0,3.55,0.25,3.8,2026-04-05 22:00:00,2026-04-05,22,6
"Leergut 0,08 EUR",6.0,0.42,0.06,0.48,2026-04-05 22:00:00,2026-04-05,22,6
"Leergut 0,25 EUR",4.0,0.82,0.18,1.0,2026-04-05 22:00:00,2026-04-05,22,6
Red Bull White Edition,2.0,2.14,0.4,2.54,2026-04-05 22:00:00,2026-04-05,22,6
Red Bull Green Edition,1.0,1.06,0.21,1.27,2026-04-05 22:00:00,2026-04-05,22,6
Welde Slow,4.0,5.72,1.08,6.8,2026-04-05 22:00:00,2026-04-05,22,6
Welde Weizen,2.0,3.18,0.62,3.8,2026-04-05 22:00:00,2026-04-05,22,6
Red Bull Summer Edition,1.0,1.07,0.2,1.27,2026-04-05 22:00:00,2026-04-05,22,6
Household sponge Zellulose,1.0,2.11,0.39,2.5,2026-04-06 11:00:00,2026-04-06,11,0
"Leergut 0,15 EUR",1.0,0.13,0.02,0.15,2026-04-06 11:00:00,2026-04-06,11,0
Teinacher Mango Maracuja,1.0,1.34,0.26,1.6,2026-04-06 11:00:00,2026-04-06,11,0
HofEis Stracciatella 130ml,1.0,2.34,0.16,2.5,2026-04-06 14:00:00,2026-04-06,14,0
HofEis Joghurt Heidelbeere 130ml,2.0,4.67,0.33,5.0,2026-04-06 14:00:00,2026-04-06,14,0
Hofeis Mango 130ml,1.0,2.34,0.16,2.5,2026-04-06 14:00:00,2026-04-06,14,0
HofEis Erdbeere Sorbet 130ml,1.0,2.34,0.16,2.5,2026-04-06 15:00:00,2026-04-06,15,0
Hofeis Knusperkeks 130ml,2.0,4.67,0.33,5.0,2026-04-06 15:00:00,2026-04-06,15,0
BLACK FOREST ICE CREAM Vanille 100ml Bio,3.0,7.02,0.48,7.5,2026-04-06 15:00:00,2026-04-06,15,0
BLACK FOREST ICE CREAM Schokolade 100ml,1.0,2.33,0.17,2.5,2026-04-06 15:00:00,2026-04-06,15,0
Smothie Froosh Mango 250ml,1.0,2.02,0.38,2.4,2026-04-06 15:00:00,2026-04-06,15,0
GIANT Flapjack Hazelnut,1.0,1.12,0.08,1.2,2026-04-06 15:00:00,2026-04-06,15,0
"Snack Nüsse, BBQ",1.0,3.51,0.24,3.75,2026-04-06 15:00:00,2026-04-06,15,0
Bio H Milch 1l Nature,1.0,2.1,0.15,2.25,2026-04-06 17:00:00,2026-04-06,17,0
Protein Bar Caramell Toffee,2.0,1.86,0.14,2.0,2026-04-06 20:00:00,2026-04-06,20,0
Protein Bar Chocolate,1.0,0.94,0.06,1.0,2026-04-06 20:00:00,2026-04-06,20,0
"Leergut 0,25 EUR",2.0,0.42,0.08,0.5,2026-04-06 20:00:00,2026-04-06,20,0
"Powerade Mountain Blast 0,5l PEW",1.0,1.34,0.26,1.6,2026-04-06 20:00:00,2026-04-06,20,0
"Red Bull Sugar Free 0,25",1.0,1.07,0.2,1.27,2026-04-06 20:00:00,2026-04-06,20,0
Nissin Cup Veggie Miso,1.0,2.43,0.17,2.6,2026-04-06 22:00:00,2026-04-06,22,0
GO FRESH Tuna Sandwich,1.0,3.55,0.25,3.8,2026-04-06 22:00:00,2026-04-06,22,0
Red Band Briket Sup. Sauer 200St. Dose,1.0,6.45,0.45,6.9,2026-04-06 22:00:00,2026-04-06,22,0
Smothie Froosh Pineapple 250ml,1.0,2.02,0.38,2.4,2026-04-06 22:00:00,2026-04-06,22,0
"Leergut 0,25 EUR",2.0,0.42,0.08,0.5,2026-04-06 22:00:00,2026-04-06,22,0
Red Bull Green Edition,1.0,1.06,0.21,1.27,2026-04-06 22:00:00,2026-04-06,22,0
Red Bull Summer Edition,1.0,1.07,0.2,1.27,2026-04-06 22:00:00,2026-04-06,22,0
Protein Bar Caramell Toffee,1.0,0.93,0.07,1.0,2026-04-07 07:00:00,2026-04-07,7,1
"Leergut 0,25 EUR",1.0,0.21,0.04,0.25,2026-04-07 07:00:00,2026-04-07,7,1
"Red Bull Sugar Free 0,25",1.0,1.07,0.2,1.27,2026-04-07 07:00:00,2026-04-07,7,1
Koro Protein Bar Pistachio,1.0,2.71,0.19,2.9,2026-04-07 12:00:00,2026-04-07,12,1
"Leergut 0,15 EUR",1.0,0.13,0.02,0.15,2026-04-07 12:00:00,2026-04-07,12,1
"Coca Cola Zero 0,4L Glas Mehrweg",1.0,1.26,0.24,1.5,2026-04-07 12:00:00,2026-04-07,12,1
Snickers Ice Cream Eisrie,2.0,4.68,0.32,5.0,2026-04-07 13:00:00,2026-04-07,13,1
La Magnum Almond,1.0,2.52,0.18,2.7,2026-04-07 13:00:00,2026-04-07,13,1
Koro Protein Bar Schoko Brownie,1.0,2.34,0.16,2.5,2026-04-07 13:00:00,2026-04-07,13,1
"Leergut 0,08 EUR",1.0,0.07,0.01,0.08,2026-04-07 13:00:00,2026-04-07,13,1
"Leergut 0,25 EUR",4.0,0.84,0.16,1.0,2026-04-07 13:00:00,2026-04-07,13,1
Red Bull Green Edition,2.0,2.13,0.41,2.54,2026-04-07 13:00:00,2026-04-07,13,1
"Red Bull Sugar Free 0,25",1.0,1.07,0.2,1.27,2026-04-07 13:00:00,2026-04-07,13,1
DPG Vitamin Well Hydrate,1.0,1.64,0.31,1.95,2026-04-07 13:00:00,2026-04-07,13,1
Welde Alkoholfrei,1.0,1.43,0.27,1.7,2026-04-07 13:00:00,2026-04-07,13,1
Mars Ice Cream Eisriegel,1.0,2.34,0.16,2.5,2026-04-07 15:00:00,2026-04-07,15,1
La Magnum Almond,1.0,2.52,0.18,2.7,2026-04-07 15:00:00,2026-04-07,15,1
Koro Protein Bar Pistachio,1.0,2.71,0.19,2.9,2026-04-07 15:00:00,2026-04-07,15,1
Chili & Lime Chili & Lima24 Beutel á 4,1.0,1.12,0.08,1.2,2026-04-07 16:00:00,2026-04-07,16,1
Barebells Soft Protein Coco Choco 55g,1.0,3.08,0.22,3.3,2026-04-07 16:00:00,2026-04-07,16,1
Beef Jerky Sweet & Hot,2.0,3.28,0.22,3.5,2026-04-07 16:00:00,2026-04-07,16,1
Studentenfutt,1.0,1.87,0.13,2.0,2026-04-07 16:00:00,2026-04-07,16,1
GO FRESH Wrap Linse Falaf,1.0,3.55,0.25,3.8,2026-04-07 16:00:00,2026-04-07,16,1
"Leergut 0,25 EUR",1.0,0.21,0.04,0.25,2026-04-07 16:00:00,2026-04-07,16,1
DPG Vitamin Well Reload,1.0,1.64,0.31,1.95,2026-04-07 16:00:00,2026-04-07,16,1
Berliner Brezel 70g FB,1.0,1.68,0.12,1.8,2026-04-07 17:00:00,2026-04-07,17,1
Nissin Cup Veggie Miso,1.0,2.43,0.17,2.6,2026-04-07 17:00:00,2026-04-07,17,1
GO FRESH Wrap Tomat Mozza,1.0,3.55,0.25,3.8,2026-04-07 17:00:00,2026-04-07,17,1
HOMEMADE BUN Cheese,1.0,1.78,0.12,1.9,2026-04-07 17:00:00,2026-04-07,17,1
Smothie Froosh Pineapple 250ml,1.0,2.02,0.38,2.4,2026-04-07 17:00:00,2026-04-07,17,1
"Leergut 0,25 EUR",2.0,0.42,0.08,0.5,2026-04-07 17:00:00,2026-04-07,17,1
Red Bull Green Edition,1.0,1.06,0.21,1.27,2026-04-07 17:00:00,2026-04-07,17,1
Red Bull Summer Edition,1.0,1.07,0.2,1.27,2026-04-07 17:00:00,2026-04-07,17,1
Kitkat Chunky 40g Nestlé,1.0,0.93,0.07,1.0,2026-04-07 18:00:00,2026-04-07,18,1
Haribo Tropifrutti 100g. 30St.,1.0,0.93,0.07,1.0,2026-04-07 18:00:00,2026-04-07,18,1
HOMEMADE BUN HAM,1.0,2.34,0.16,2.5,2026-04-07 18:00:00,2026-04-07,18,1
GIANT Yoghurt Flapjack Banana,2.0,2.24,0.16,2.4,2026-04-07 18:00:00,2026-04-07,18,1
Beef Jerky Sweet & Hot,1.0,1.64,0.11,1.75,2026-04-07 19:00:00,2026-04-07,19,1
"Yayla Ayran Tetra 0,25L",1.0,1.01,0.19,1.2,2026-04-07 19:00:00,2026-04-07,19,1
GIANT Flapjack Hazelnut,1.0,1.12,0.08,1.2,2026-04-07 19:00:00,2026-04-07,19,1
"Leergut 0,25 EUR",1.0,0.21,0.04,0.25,2026-04-07 19:00:00,2026-04-07,19,1
"Powerade Mountain Blast 0,5l PEW",1.0,1.34,0.26,1.6,2026-04-07 19:00:00,2026-04-07,19,1
HOMEMADE Breakfastcup 285g,1.0,2.9,0.2,3.1,2026-04-07 22:00:00,2026-04-07,22,1
Shot Himbeere Ingwer 60ml,1.0,1.85,0.35,2.2,2026-04-07 22:00:00,2026-04-07,22,1
XL Laugenbrezel 130g FG,1.0,1.31,0.09,1.4,2026-04-08 07:00:00,2026-04-08,7,2
HOMEMADE BUN VEGAN,1.0,2.34,0.16,2.5,2026-04-08 07:00:00,2026-04-08,7,2
Koro Protein Bar Schoko Brownie,1.0,2.34,0.16,2.5,2026-04-08 11:00:00,2026-04-08,11,2
"Leergut 0,08 EUR",1.0,0.07,0.01,0.08,2026-04-08 11:00:00,2026-04-08,11,2
Welde Alkoholfrei,1.0,1.43,0.27,1.7,2026-04-08 11:00:00,2026-04-08,11,2
HOMEMADE BUN HAM,1.0,2.34,0.16,2.5,2026-04-08 12:00:00,2026-04-08,12,2
Koro Protein Bar Pistachio,1.0,2.71,0.19,2.9,2026-04-08 12:00:00,2026-04-08,12,2
Koro Protein Bar Peanut Chocolate,1.0,2.06,0.14,2.2,2026-04-08 12:00:00,2026-04-08,12,2
Soft Protein Riegel Salted Peanut Carame,1.0,2.99,0.21,3.2,2026-04-08 12:00:00,2026-04-08,12,2
La Cornetto Haselnuss,1.0,1.87,0.13,2.0,2026-04-08 13:00:00,2026-04-08,13,2
GIANT Flapjack Raspberry,2.0,2.24,0.16,2.4,2026-04-08 13:00:00,2026-04-08,13,2
Protein Bar Chocolate,1.0,0.93,0.07,1.0,2026-04-08 14:00:00,2026-04-08,14,2
HOMEMADE BUN VEGAN,1.0,2.34,0.16,2.5,2026-04-08 14:00:00,2026-04-08,14,2
"Leergut 0,08 EUR",1.0,0.07,0.01,0.08,2026-04-08 14:00:00,2026-04-08,14,2
"Leergut 0,25 EUR",1.0,0.21,0.04,0.25,2026-04-08 14:00:00,2026-04-08,14,2
"Red Bull Sugar Free 0,25",1.0,1.07,0.2,1.27,2026-04-08 14:00:00,2026-04-08,14,2
Welde Alkoholfrei,1.0,1.43,0.27,1.7,2026-04-08 14:00:00,2026-04-08,14,2
Beef Jerky Original,3.0,4.91,0.34,5.25,2026-04-08 15:00:00,2026-04-08,15,2
La Nogger Choc,1.0,1.87,0.13,2.0,2026-04-08 15:00:00,2026-04-08,15,2
La Magnum Almond,1.0,2.52,0.18,2.7,2026-04-08 15:00:00,2026-04-08,15,2
Starbucks Caramel Macchiato,1.0,2.76,0.19,2.95,2026-04-08 15:00:00,2026-04-08,15,2
"Leergut 0,25 EUR",1.0,0.21,0.04,0.25,2026-04-08 15:00:00,2026-04-08,15,2
"Red Bull Sugar Free 0,25",1.0,1.07,0.2,1.27,2026-04-08 15:00:00,2026-04-08,15,2
XL Laugenbrezel 130g FG,1.0,1.31,0.09,1.4,2026-04-09 07:00:00,2026-04-09,7,3
Koro Protein Bar Schoko Brownie,1.0,2.33,0.17,2.5,2026-04-09 07:00:00,2026-04-09,7,3
HOMEMADE BUN HAM,1.0,2.34,0.16,2.5,2026-04-09 09:00:00,2026-04-09,9,3
HOMEMADE Breakfastcup 285g,1.0,2.9,0.2,3.1,2026-04-09 09:00:00,2026-04-09,9,3
GO FRESH Sandw Pute Ei,1.0,3.55,0.25,3.8,2026-04-09 11:00:00,2026-04-09,11,3
Kinderriegel,1.0,0.47,0.03,0.5,2026-04-09 11:00:00,2026-04-09,11,3
Protein Bar Caramell Toffee,1.0,0.93,0.07,1.0,2026-04-09 12:00:00,2026-04-09,12,3
"Leergut 0,15 EUR",3.0,0.39,0.06,0.45,2026-04-09 12:00:00,2026-04-09,12,3
"Coca Cola Zero 0,4L Glas Mehrweg",3.0,3.78,0.72,4.5,2026-04-09 12:00:00,2026-04-09,12,3
Laugenbrezel mit Butter,1.0,1.68,0.12,1.8,2026-04-09 13:00:00,2026-04-09,13,3
Protein Bar Caramell Toffee,1.0,0.93,0.07,1.0,2026-04-09 14:00:00,2026-04-09,14,3
Protein Bar Chocolate,1.0,0.93,0.07,1.0,2026-04-09 14:00:00,2026-04-09,14,3
Protein Bar Vanilla Stracci,1.0,0.93,0.07,1.0,2026-04-09 14:00:00,2026-04-09,14,3
Snickers Ice Cream Eisrie,1.0,2.35,0.15,2.5,2026-04-09 14:00:00,2026-04-09,14,3
M&M Peanut,1.0,0.93,0.07,1.0,2026-04-09 14:00:00,2026-04-09,14,3
Koro Protein Bar Pistachio,2.0,5.42,0.38,5.8,2026-04-09 14:00:00,2026-04-09,14,3
"Leergut 0,15 EUR",2.0,0.26,0.04,0.3,2026-04-09 14:00:00,2026-04-09,14,3
"Leergut 0,25 EUR",1.0,0.21,0.04,0.25,2026-04-09 14:00:00,2026-04-09,14,3
"Red Bull 0,25",1.0,1.07,0.2,1.27,2026-04-09 14:00:00,2026-04-09,14,3
"Coca Cola 0,4L Glas Mehrweg",2.0,2.52,0.48,3.0,2026-04-09 14:00:00,2026-04-09,14,3
"Leergut 0,25 EUR",2.0,0.42,0.08,0.5,2026-04-09 15:00:00,2026-04-09,15,3
"Red Bull 0,25",1.0,1.07,0.2,1.27,2026-04-09 15:00:00,2026-04-09,15,3
"Red Bull Sugar Free 0,25",1.0,1.06,0.21,1.27,2026-04-09 15:00:00,2026-04-09,15,3
"Leergut 0,15 EUR",1.0,0.13,0.02,0.15,2026-04-09 16:00:00,2026-04-09,16,3
"Leergut 0,25 EUR",2.0,0.42,0.08,0.5,2026-04-09 16:00:00,2026-04-09,16,3
Red Bull White Edition,1.0,1.07,0.2,1.27,2026-04-09 16:00:00,2026-04-09,16,3
"Red Bull 0,25",1.0,1.06,0.21,1.27,2026-04-09 16:00:00,2026-04-09,16,3
"Coca Cola Zero 0,4L Glas Mehrweg",1.0,1.26,0.24,1.5,2026-04-09 16:00:00,2026-04-09,16,3
"Leergut 0,15 EUR",1.0,0.13,0.02,0.15,2026-04-09 17:00:00,2026-04-09,17,3
Teinacher classic,1.0,1.01,0.19,1.2,2026-04-09 17:00:00,2026-04-09,17,3
Disposable cutlery set,1.0,0.25,0.05,0.3,2026-04-09 18:00:00,2026-04-09,18,3
Laugenbrezel mit Butter,1.0,1.68,0.12,1.8,2026-04-09 18:00:00,2026-04-09,18,3
Laugenbrezel mit Pfeffer,1.0,1.68,0.12,1.8,2026-04-09 18:00:00,2026-04-09,18,3
"Yayla Ayran Tetra 0,25L",1.0,1.01,0.19,1.2,2026-04-09 18:00:00,2026-04-09,18,3
Mein Glück aus Mandeln,1.0,3.98,0.27,4.25,2026-04-09 18:00:00,2026-04-09,18,3
Koro Protein Bar Peanut Chocolate,1.0,2.06,0.14,2.2,2026-04-09 18:00:00,2026-04-09,18,3
Bio poppy & vanilla fairness 45g,1.0,1.12,0.08,1.2,2026-04-09 18:00:00,2026-04-09,18,3
"Bio creamy cocos fairness 37,5g",1.0,1.12,0.08,1.2,2026-04-09 18:00:00,2026-04-09,18,3
Black Truffle Trufa Negra 24 Beutel á,1.0,1.12,0.08,1.2,2026-04-10 09:00:00,2026-04-10,9,4
HOMEMADE BUN HAM,1.0,2.34,0.16,2.5,2026-04-10 09:00:00,2026-04-10,9,4
GIANT Yoghurt Flapjack Banana,1.0,1.12,0.08,1.2,2026-04-10 12:00:00,2026-04-10,12,4
"Leergut 0,25 EUR",1.0,0.21,0.04,0.25,2026-04-10 12:00:00,2026-04-10,12,4
Red Bull Green Edition,1.0,1.07,0.2,1.27,2026-04-10 12:00:00,2026-04-10,12,4
La Magnum Almond,1.0,2.52,0.18,2.7,2026-04-10 13:00:00,2026-04-10,13,4
"Leergut 0,25 EUR",2.0,0.42,0.08,0.5,2026-04-10 13:00:00,2026-04-10,13,4
"Red Bull 0,25",2.0,2.13,0.41,2.54,2026-04-10 13:00:00,2026-04-10,13,4
Nissin Cup Noodles Chicke,2.0,4.86,0.34,5.2,2026-04-10 14:00:00,2026-04-10,14,4
GO FRESH Wrap Chicken Chi,1.0,3.55,0.25,3.8,2026-04-10 14:00:00,2026-04-10,14,4
"Leergut 0,08 EUR",1.0,0.07,0.01,0.08,2026-04-10 14:00:00,2026-04-10,14,4
"Moretti Beer 0,33L",1.0,1.68,0.32,2.0,2026-04-10 14:00:00,2026-04-10,14,4
"Leergut 0,25 EUR",2.0,0.42,0.08,0.5,2026-04-10 15:00:00,2026-04-10,15,4
DPG Vitamin Well Hydrate,1.0,1.64,0.31,1.95,2026-04-10 15:00:00,2026-04-10,15,4
YFood Trink Vanilla,1.0,4.58,0.32,4.9,2026-04-10 15:00:00,2026-04-10,15,4
GO FRESH Wrap Linse Falaf,1.0,3.56,0.24,3.8,2026-04-11 11:00:00,2026-04-11,11,5
Haribo Color Rado 100g,1.0,0.93,0.07,1.0,2026-04-11 11:00:00,2026-04-11,11,5
Smothie Froosh Mango 250ml,1.0,2.02,0.38,2.4,2026-04-11 11:00:00,2026-04-11,11,5
Snickers Ice Cream Eisrie,1.0,2.34,0.16,2.5,2026-04-11 14:00:00,2026-04-11,14,5
Mars Ice Cream Eisriegel,1.0,2.33,0.17,2.5,2026-04-11 14:00:00,2026-04-11,14,5
HOMEMADE BUN VEGAN,1.0,2.34,0.16,2.5,2026-04-11 17:00:00,2026-04-11,17,5
GIANT Flapjack Blueberry,1.0,1.12,0.08,1.2,2026-04-11 17:00:00,2026-04-11,17,5
"Leergut 0,25 EUR",2.0,0.42,0.08,0.5,2026-04-11 17:00:00,2026-04-11,17,5
DPG Vitamin Well Reload,2.0,3.28,0.62,3.9,2026-04-11 17:00:00,2026-04-11,17,5
Kinder Country,2.0,0.93,0.07,1.0,2026-04-11 19:00:00,2026-04-11,19,5
"Leergut 0,15 EUR",1.0,0.13,0.02,0.15,2026-04-11 19:00:00,2026-04-11,19,5
Teinacher still 0.7,1.0,1.01,0.19,1.2,2026-04-11 19:00:00,2026-04-11,19,5
"Leergut 0,15 EUR",2.0,0.26,0.04,0.3,2026-04-11 22:00:00,2026-04-11,22,5
"Leergut 0,25 EUR",1.0,0.21,0.04,0.25,2026-04-11 22:00:00,2026-04-11,22,5
"Hochwald Eisschoko 0,25l Dose",1.0,1.31,0.09,1.4,2026-04-11 22:00:00,2026-04-11,22,5
FUZE T PFIRSICH,2.0,2.86,0.54,3.4,2026-04-11 22:00:00,2026-04-11,22,5
Snickers Riegel  2 Pack,1.0,1.12,0.08,1.2,2026-04-12 11:00:00,2026-04-12,11,6
"Leergut 0,25 EUR",1.0,0.21,0.04,0.25,2026-04-13 11:00:00,2026-04-13,11,0
"Red Bull Sugar Free 0,25",1.0,1.07,0.2,1.27,2026-04-13 11:00:00,2026-04-13,11,0
"Leergut 0,15 EUR",1.0,0.13,0.02,0.15,2026-04-13 12:00:00,2026-04-13,12,0
"Coca Cola Zero 0,4L Glas Mehrweg",1.0,1.26,0.24,1.5,2026-04-13 12:00:00,2026-04-13,12,0
Beef Jerky Original,1.0,1.64,0.11,1.75,2026-04-13 14:00:00,2026-04-13,14,0
Disposable cutlery set,1.0,0.25,0.05,0.3,2026-04-13 14:00:00,2026-04-13,14,0
GO FRESH Pastasalat Lyoner Erbse,1.0,3.27,0.23,3.5,2026-04-13 14:00:00,2026-04-13,14,0
Barebells Caramel Choco 55g,1.0,3.08,0.22,3.3,2026-04-13 16:00:00,2026-04-13,16,0
"Bio creamy cocos fairness 37,5g",1.0,1.12,0.08,1.2,2026-04-13 16:00:00,2026-04-13,16,0
"Leergut 0,08 EUR",2.0,0.13,0.03,0.16,2026-04-13 16:00:00,2026-04-13,16,0
Welde Slow,2.0,2.86,0.54,3.4,2026-04-13 16:00:00,2026-04-13,16,0
Snickers Ice Cream Eisrie,1.0,2.34,0.16,2.5,2026-04-13 17:00:00,2026-04-13,17,0
Laugenbrezel mit Pfeffer,1.0,1.68,0.12,1.8,2026-04-13 17:00:00,2026-04-13,17,0
Snickers Riegel  2 Pack,1.0,1.12,0.08,1.2,2026-04-13 17:00:00,2026-04-13,17,0
HOMEMADE BUN HAM,1.0,2.34,0.16,2.5,2026-04-13 17:00:00,2026-04-13,17,0
HOMEMADE BUN VEGAN,1.0,2.34,0.16,2.5,2026-04-13 17:00:00,2026-04-13,17,0
"Yayla Ayran Tetra 0,25L",2.0,2.02,0.38,2.4,2026-04-13 17:00:00,2026-04-13,17,0
"Snack Nüsse, BBQ",1.0,3.5,0.25,3.75,2026-04-13 17:00:00,2026-04-13,17,0
Beef Jerky Sweet & Hot,1.0,1.64,0.11,1.75,2026-04-13 18:00:00,2026-04-13,18,0
Snickers Riegel  2 Pack,1.0,1.12,0.08,1.2,2026-04-13 18:00:00,2026-04-13,18,0
"Leergut 0,25 EUR",1.0,0.21,0.04,0.25,2026-04-13 18:00:00,2026-04-13,18,0
"Powerade Mountain Blast 0,5l PEW",1.0,1.34,0.26,1.6,2026-04-13 18:00:00,2026-04-13,18,0
Knoppers,2.0,0.93,0.07,1.0,2026-04-13 19:00:00,2026-04-13,19,0
Pringles Sweet Paprika,1.0,1.31,0.09,1.4,2026-04-13 19:00:00,2026-04-13,19,0
"Leergut 0,25 EUR",1.0,0.21,0.04,0.25,2026-04-13 19:00:00,2026-04-13,19,0
"Red Bull 0,25",1.0,1.07,0.2,1.27,2026-04-13 19:00:00,2026-04-13,19,0
Manner Neapolitaner Schnitten 75g,1.0,0.93,0.07,1.0,2026-04-13 21:00:00,2026-04-13,21,0
GO FRESH Sanw Schink Goud,1.0,3.55,0.25,3.8,2026-04-14 08:00:00,2026-04-14,8,1
"Leergut 0,25 EUR",1.0,0.21,0.04,0.25,2026-04-14 08:00:00,2026-04-14,8,1
"Red Bull Sugar Free 0,25",1.0,1.07,0.2,1.27,2026-04-14 08:00:00,2026-04-14,8,1
"Leergut 0,15 EUR",7.0,0.88,0.17,1.05,2026-04-14 09:00:00,2026-04-14,9,1
Teinacher Mango Maracuja,1.0,1.34,0.26,1.6,2026-04-14 09:00:00,2026-04-14,9,1
"Mezzo Mix 0,4L Glas Mehrweg",1.0,1.26,0.24,1.5,2026-04-14 09:00:00,2026-04-14,9,1
"Coca Cola 0,4L Glas Mehrweg",1.0,1.26,0.24,1.5,2026-04-14 09:00:00,2026-04-14,9,1
FUZE T PFIRSICH,2.0,2.86,0.54,3.4,2026-04-14 09:00:00,2026-04-14,9,1
FUZE T ZITRONE,2.0,2.86,0.54,3.4,2026-04-14 09:00:00,2026-04-14,9,1
Laugenbrezel mit Butter,1.0,1.68,0.12,1.8,2026-04-14 10:00:00,2026-04-14,10,1
"Leergut 0,15 EUR",1.0,0.13,0.02,0.15,2026-04-14 10:00:00,2026-04-14,10,1
Teinacher classic,1.0,1.01,0.19,1.2,2026-04-14 10:00:00,2026-04-14,10,1
"Leergut 0,25 EUR",1.0,0.21,0.04,0.25,2026-04-14 11:00:00,2026-04-14,11,1
"Red Bull 0,25",1.0,1.07,0.2,1.27,2026-04-14 11:00:00,2026-04-14,11,1
Bio cookies & choc fairness 45g,1.0,1.12,0.08,1.2,2026-04-14 12:00:00,2026-04-14,12,1
Kinder Bueno 43g Ferrero,1.0,0.93,0.07,1.0,2026-04-14 13:00:00,2026-04-14,13,1
Cashews gerös,1.0,2.06,0.14,2.2,2026-04-14 13:00:00,2026-04-14,13,1
La Magnum Almond,1.0,2.52,0.18,2.7,2026-04-14 13:00:00,2026-04-14,13,1
"Leergut 0,25 EUR",1.0,0.21,0.04,0.25,2026-04-14 13:00:00,2026-04-14,13,1
"Red Bull 0,25",1.0,1.07,0.2,1.27,2026-04-14 13:00:00,2026-04-14,13,1
Starbucks Caramel Macchiato,1.0,2.76,0.19,2.95,2026-04-14 14:00:00,2026-04-14,14,1
"Leergut 0,15 EUR",1.0,0.13,0.02,0.15,2026-04-14 14:00:00,2026-04-14,14,1
"Leergut 0,25 EUR",2.0,0.42,0.08,0.5,2026-04-14 14:00:00,2026-04-14,14,1
Red Bull Green Edition,1.0,1.07,0.2,1.27,2026-04-14 14:00:00,2026-04-14,14,1
"Red Bull 0,25",1.0,1.06,0.21,1.27,2026-04-14 14:00:00,2026-04-14,14,1
"Coca Cola 0,4L Glas Mehrweg",1.0,1.26,0.24,1.5,2026-04-14 14:00:00,2026-04-14,14,1
Berliner Brezel 70g FB,1.0,1.68,0.12,1.8,2026-04-14 15:00:00,2026-04-14,15,1
Griesson Schoko Mountain Cookies 125g,1.0,1.68,0.12,1.8,2026-04-14 16:00:00,2026-04-14,16,1
M&M Peanut,1.0,0.93,0.07,1.0,2026-04-14 16:00:00,2026-04-14,16,1
GO FRESH Sanw Schink Goud,1.0,3.55,0.25,3.8,2026-04-14 16:00:00,2026-04-14,16,1
GO FRESH Sandw Käse,1.0,3.56,0.24,3.8,2026-04-14 16:00:00,2026-04-14,16,1
Haribo Tropifrutti 100g. 30St.,1.0,0.93,0.07,1.0,2026-04-14 16:00:00,2026-04-14,16,1
HOMEMADE BUN Cheese,2.0,3.56,0.24,3.8,2026-04-14 16:00:00,2026-04-14,16,1
Koro Protein Bar Pistachio,1.0,2.71,0.19,2.9,2026-04-14 16:00:00,2026-04-14,16,1
Bio poppy & vanilla fairness 45g,1.0,1.12,0.08,1.2,2026-04-14 16:00:00,2026-04-14,16,1
"Leergut 0,15 EUR",2.0,0.25,0.05,0.3,2026-04-14 16:00:00,2026-04-14,16,1
"Leergut 0,25 EUR",1.0,0.21,0.04,0.25,2026-04-14 16:00:00,2026-04-14,16,1
"Red Bull Sugar Free 0,25",1.0,1.07,0.2,1.27,2026-04-14 16:00:00,2026-04-14,16,1
"Coca Cola 0,4L Glas Mehrweg",1.0,1.26,0.24,1.5,2026-04-14 16:00:00,2026-04-14,16,1
FUZE T ZITRONE,1.0,1.43,0.27,1.7,2026-04-14 16:00:00,2026-04-14,16,1
Parking disc,1.0,1.26,0.24,1.5,2026-04-14 17:00:00,2026-04-14,17,1
Rexona Deo Men Cobalt Dry,1.0,3.28,0.62,3.9,2026-04-14 17:00:00,2026-04-14,17,1
Haarbürste Bambus,1.0,10.0,1.9,11.9,2026-04-14 17:00:00,2026-04-14,17,1
Stick Lembke Tee Minze Limette Hibiskus,1.0,4.63,0.32,4.95,2026-04-14 17:00:00,2026-04-14,17,1
"Leergut 0,25 EUR",2.0,0.42,0.08,0.5,2026-04-14 17:00:00,2026-04-14,17,1
"Red Bull 0,25",1.0,1.07,0.2,1.27,2026-04-14 17:00:00,2026-04-14,17,1
DPG Vitamin Well Prepare,1.0,1.64,0.31,1.95,2026-04-14 17:00:00,2026-04-14,17,1
Protein Bar Caramell Toffee,1.0,0.93,0.07,1.0,2026-04-14 18:00:00,2026-04-14,18,1
Protein Bar Vanilla Stracci,2.0,1.86,0.14,2.0,2026-04-14 18:00:00,2026-04-14,18,1
Koro Protein Bar Pistachio,2.0,5.42,0.38,5.8,2026-04-14 18:00:00,2026-04-14,18,1
"Leergut 0,25 EUR",2.0,0.42,0.08,0.5,2026-04-14 18:00:00,2026-04-14,18,1
"Red Bull Sugar Free 0,25",1.0,1.07,0.2,1.27,2026-04-14 18:00:00,2026-04-14,18,1
DPG Vitamin Well Hydrate,1.0,1.64,0.31,1.95,2026-04-14 18:00:00,2026-04-14,18,1
Protein Bar Vanilla Stracci,1.0,0.93,0.07,1.0,2026-04-14 19:00:00,2026-04-14,19,1
HOMEMADE BUN Salami,1.0,2.34,0.16,2.5,2026-04-14 19:00:00,2026-04-14,19,1
Koro Protein Bar Pistachio,1.0,2.71,0.19,2.9,2026-04-14 20:00:00,2026-04-14,20,1
Oreo Classic,1.0,2.71,0.19,2.9,2026-04-14 22:00:00,2026-04-14,22,1
Pringles Sweet Paprika,1.0,1.31,0.09,1.4,2026-04-14 22:00:00,2026-04-14,22,1
"Leergut 0,15 EUR",1.0,0.13,0.02,0.15,2026-04-14 22:00:00,2026-04-14,22,1
"Coca Cola Zero 0,4L Glas Mehrweg",1.0,1.26,0.24,1.5,2026-04-14 22:00:00,2026-04-14,22,1
Barebells Soft Protein Coco Choco 55g,1.0,3.08,0.22,3.3,2026-04-15 09:00:00,2026-04-15,9,2
HOMEMADE BUN Cheese,1.0,1.78,0.12,1.9,2026-04-15 09:00:00,2026-04-15,9,2
Smothie Froosh Blueberry 250ml,1.0,2.01,0.39,2.4,2026-04-15 09:00:00,2026-04-15,9,2
"Leergut 0,15 EUR",1.0,0.13,0.02,0.15,2026-04-15 09:00:00,2026-04-15,9,2
"Leergut 0,25 EUR",2.0,0.42,0.08,0.5,2026-04-15 09:00:00,2026-04-15,9,2
"Red Bull Sugar Free 0,25",1.0,1.07,0.2,1.27,2026-04-15 09:00:00,2026-04-15,9,2
DPG Vitamin Well Reload,1.0,1.64,0.31,1.95,2026-04-15 09:00:00,2026-04-15,9,2
FUZE T ZITRONE,1.0,1.43,0.27,1.7,2026-04-15 09:00:00,2026-04-15,9,2
"Leergut 0,25 EUR",2.0,0.42,0.08,0.5,2026-04-15 11:00:00,2026-04-15,11,2
"Red Bull 0,25",1.0,1.07,0.2,1.27,2026-04-15 11:00:00,2026-04-15,11,2
"Red Bull Sugar Free 0,25",1.0,1.07,0.2,1.27,2026-04-15 11:00:00,2026-04-15,11,2
HOMEMADE BUN Salami,1.0,2.34,0.16,2.5,2026-04-15 12:00:00,2026-04-15,12,2
Mahi Sauce Carolina Reaper & Pineapple,2.0,7.38,0.52,7.9,2026-04-15 12:00:00,2026-04-15,12,2
Koro Protein Bar Pistachio,1.0,2.71,0.19,2.9,2026-04-15 12:00:00,2026-04-15,12,2
"Leergut 0,15 EUR",1.0,0.13,0.02,0.15,2026-04-15 12:00:00,2026-04-15,12,2
"Leergut 0,25 EUR",2.0,0.42,0.08,0.5,2026-04-15 12:00:00,2026-04-15,12,2
"Hochwald Eiskaffee 0,25l Dose",1.0,1.31,0.09,1.4,2026-04-15 12:00:00,2026-04-15,12,2
DPG Vitamin Well Hydrate,1.0,1.64,0.31,1.95,2026-04-15 12:00:00,2026-04-15,12,2
"Coca Cola Zero 0,4L Glas Mehrweg",1.0,1.26,0.24,1.5,2026-04-15 12:00:00,2026-04-15,12,2
Airwaves Menth & Eucalypt,5.0,4.67,0.33,5.0,2026-04-15 13:00:00,2026-04-15,13,2
Always Ultra,1.0,3.74,0.26,4.0,2026-04-15 13:00:00,2026-04-15,13,2
Airwaves Menth & Eucalypt Box,1.0,2.71,0.19,2.9,2026-04-15 13:00:00,2026-04-15,13,2
GO FRESH Sanw Schink Goud,1.0,3.55,0.25,3.8,2026-04-15 14:00:00,2026-04-15,14,2
Pringles SourCream & Onion,1.0,1.31,0.09,1.4,2026-04-15 14:00:00,2026-04-15,14,2
Protein Bar Chocolate,1.0,0.93,0.07,1.0,2026-04-15 17:00:00,2026-04-15,17,2
BF ICE CREAM Himbeere Fichte 100ml Bio V,2.0,4.67,0.33,5.0,2026-04-15 17:00:00,2026-04-15,17,2
HOMEMADE BUN HAM,2.0,4.67,0.33,5.0,2026-04-15 17:00:00,2026-04-15,17,2
HOMEMADE BUN Veggie Laugenecke Tom Moz,1.0,2.34,0.16,2.5,2026-04-15 17:00:00,2026-04-15,17,2
HOMEMADE Breakfastcup 285g,1.0,2.9,0.2,3.1,2026-04-15 17:00:00,2026-04-15,17,2
Koro Protein Bar Peanut Chocolate,1.0,2.06,0.14,2.2,2026-04-15 17:00:00,2026-04-15,17,2
Koro Protein Bar Butter Cups,1.0,2.34,0.16,2.5,2026-04-15 17:00:00,2026-04-15,17,2
Riegel Vegan Peanut Caramel 55g Barebell,1.0,2.69,0.51,3.2,2026-04-15 17:00:00,2026-04-15,17,2
"Leergut 0,08 EUR",4.0,0.27,0.05,0.32,2026-04-15 17:00:00,2026-04-15,17,2
"Leergut 0,15 EUR",1.0,0.12,0.03,0.15,2026-04-15 17:00:00,2026-04-15,17,2
Teinacher Johannisbeer Holunder,1.0,1.34,0.26,1.6,2026-04-15 17:00:00,2026-04-15,17,2
Welde Slow,4.0,5.72,1.08,6.8,2026-04-15 17:00:00,2026-04-15,17,2
Laugenbrezel mit Butter,1.0,1.68,0.12,1.8,2026-04-15 18:00:00,2026-04-15,18,2
Snickers Riegel  2 Pack,1.0,1.12,0.08,1.2,2026-04-15 18:00:00,2026-04-15,18,2
"Leergut 0,25 EUR",1.0,0.21,0.04,0.25,2026-04-15 18:00:00,2026-04-15,18,2
YFood Trink Vanilla,1.0,4.58,0.32,4.9,2026-04-15 18:00:00,2026-04-15,18,2
"Leergut 0,25 EUR",1.0,0.21,0.04,0.25,2026-04-15 19:00:00,2026-04-15,19,2
YFood Trink Vanilla,1.0,4.58,0.32,4.9,2026-04-15 19:00:00,2026-04-15,19,2
Toothpaste Blenda Med,1.0,1.6,0.3,1.9,2026-04-16 08:00:00,2026-04-16,8,3
Laugenbrezel mit Butter,1.0,1.68,0.12,1.8,2026-04-16 08:00:00,2026-04-16,8,3
XL Laugenbrezel 130g FG,1.0,1.31,0.09,1.4,2026-04-16 08:00:00,2026-04-16,8,3
Starbucks Cappuccino,3.0,8.28,0.57,8.85,2026-04-16 08:00:00,2026-04-16,8,3
BIO Hafer Drink Cappuccino Oatly,1.0,1.89,0.36,2.25,2026-04-16 08:00:00,2026-04-16,8,3
"Leergut 0,25 EUR",3.0,0.63,0.12,0.75,2026-04-16 08:00:00,2026-04-16,8,3
"Red Bull Sugar Free 0,25",3.0,4.29,0.81,5.1,2026-04-16 08:00:00,2026-04-16,8,3
Starbucks Caffé Latte,1.0,2.76,0.19,2.95,2026-04-16 09:00:00,2026-04-16,9,3
"Leergut 0,25 EUR",2.0,0.42,0.08,0.5,2026-04-16 09:00:00,2026-04-16,9,3
"Red Bull Sugar Free 0,25",2.0,2.86,0.54,3.4,2026-04-16 09:00:00,2026-04-16,9,3
Beef Jerky Original,1.0,2.34,0.16,2.5,2026-04-16 10:00:00,2026-04-16,10,3
Kitkat Chunky 40g Nestlé,1.0,0.93,0.07,1.0,2026-04-16 10:00:00,2026-04-16,10,3
Haribo Goldbären 100g,1.0,0.93,0.07,1.0,2026-04-16 10:00:00,2026-04-16,10,3
Haribo Color Rado 100g,2.0,1.87,0.13,2.0,2026-04-16 10:00:00,2026-04-16,10,3
Starbucks Caffé Latte,1.0,2.76,0.19,2.95,2026-04-16 10:00:00,2026-04-16,10,3
Starbucks Caramel Macchiato,3.0,8.28,0.57,8.85,2026-04-16 10:00:00,2026-04-16,10,3
Smothie Froosh  Strawberry 250ml,1.0,2.02,0.38,2.4,2026-04-16 10:00:00,2026-04-16,10,3
"Leergut 0,15 EUR",2.0,0.26,0.04,0.3,2026-04-16 10:00:00,2026-04-16,10,3
"Leergut 0,25 EUR",2.0,0.42,0.08,0.5,2026-04-16 10:00:00,2026-04-16,10,3
"Hochwald Eiskaffee 0,25l Dose",1.0,1.31,0.09,1.4,2026-04-16 10:00:00,2026-04-16,10,3
"Monster Energy 0,5l",1.0,1.85,0.35,2.2,2026-04-16 10:00:00,2026-04-16,10,3
Teinacher Mineralwasser Naturell 0.33,1.0,1.01,0.19,1.2,2026-04-16 10:00:00,2026-04-16,10,3
Teinacher still 0.7,1.0,1.01,0.19,1.2,2026-04-16 10:00:00,2026-04-16,10,3
Protein Bar Chocolate,1.0,0.93,0.07,1.0,2026-04-16 11:00:00,2026-04-16,11,3
"Leergut 0,25 EUR",4.0,0.84,0.16,1.0,2026-04-16 11:00:00,2026-04-16,11,3
"Red Bull 0,25",1.0,1.43,0.27,1.7,2026-04-16 11:00:00,2026-04-16,11,3
"Red Bull Sugar Free 0,25",3.0,4.29,0.81,5.1,2026-04-16 11:00:00,2026-04-16,11,3
La Nogger Choc,1.0,1.87,0.13,2.0,2026-04-16 12:00:00,2026-04-16,12,3
Twix Ice Cream Eisriegel,1.0,2.34,0.16,2.5,2026-04-16 12:00:00,2026-04-16,12,3
"Leergut 0,15 EUR",3.0,0.39,0.06,0.45,2026-04-16 12:00:00,2026-04-16,12,3
Teinacher Mango Maracuja,1.0,1.34,0.26,1.6,2026-04-16 12:00:00,2026-04-16,12,3
"Coca Cola Zero 0,4L Glas Mehrweg",2.0,2.52,0.48,3.0,2026-04-16 12:00:00,2026-04-16,12,3
Kinder Bueno 43g Ferrero,1.0,0.93,0.07,1.0,2026-04-16 13:00:00,2026-04-16,13,3
Bio cookies & choc fairness 45g,1.0,1.12,0.08,1.2,2026-04-16 13:00:00,2026-04-16,13,3
Bio honey almond fairness 45g,1.0,1.12,0.08,1.2,2026-04-16 13:00:00,2026-04-16,13,3
"Bio creamy cocos fairness 37,5g",1.0,1.12,0.08,1.2,2026-04-16 13:00:00,2026-04-16,13,3
"Leergut 0,15 EUR",1.0,0.13,0.02,0.15,2026-04-16 13:00:00,2026-04-16,13,3
"Leergut 0,25 EUR",1.0,0.21,0.04,0.25,2026-04-16 13:00:00,2026-04-16,13,3
Red Bull White Edition,1.0,1.43,0.27,1.7,2026-04-16 13:00:00,2026-04-16,13,3
"Coca Cola 0,4L Glas Mehrweg",1.0,1.26,0.24,1.5,2026-04-16 13:00:00,2026-04-16,13,3
Manner Neapolitaner Schnitten 75g,4.0,3.74,0.26,4.0,2026-04-16 15:00:00,2026-04-16,15,3
Chili & Lime Chili & Lima24 Beutel á 4,2.0,2.24,0.16,2.4,2026-04-16 15:00:00,2026-04-16,15,3
Black Truffle Trufa Negra 24 Beutel á,1.0,1.12,0.08,1.2,2026-04-16 15:00:00,2026-04-16,15,3
Airwaves Menth & Eucalypt,1.0,0.93,0.07,1.0,2026-04-16 15:00:00,2026-04-16,15,3
HofEis Omas Apfelkuchen 130ml,1.0,2.34,0.16,2.5,2026-04-16 15:00:00,2026-04-16,15,3
Mentos Gum Pure Frost,1.0,3.28,0.22,3.5,2026-04-16 15:00:00,2026-04-16,15,3
La Magnum Classic,2.0,5.04,0.36,5.4,2026-04-16 15:00:00,2026-04-16,15,3
Mars Riegel Mars 2 Pack 70g,1.0,1.12,0.08,1.2,2026-04-16 15:00:00,2026-04-16,15,3
Kitkat Chunky 40g Nestlé,1.0,0.93,0.07,1.0,2026-04-16 15:00:00,2026-04-16,15,3
Haribo Goldbären 100g,4.0,3.72,0.28,4.0,2026-04-16 15:00:00,2026-04-16,15,3
Starbucks Cappuccino,1.0,2.76,0.19,2.95,2026-04-16 15:00:00,2026-04-16,15,3
Koro Protein Bar Pistachio,2.0,5.42,0.38,5.8,2026-04-16 15:00:00,2026-04-16,15,3
"Leergut 0,15 EUR",2.0,0.26,0.04,0.3,2026-04-16 15:00:00,2026-04-16,15,3
Teinacher Johannisbeer Holunder,1.0,1.34,0.26,1.6,2026-04-16 15:00:00,2026-04-16,15,3
Teinacher classic,1.0,1.01,0.19,1.2,2026-04-16 15:00:00,2026-04-16,15,3
Hofeis Mango 130ml,2.0,4.66,0.34,5.0,2026-04-16 16:00:00,2026-04-16,16,3
Hofeis Knusperkeks 130ml,1.0,2.34,0.16,2.5,2026-04-16 16:00:00,2026-04-16,16,3
Kinder Country,1.0,0.47,0.03,0.5,2026-04-16 16:00:00,2026-04-16,16,3
Hofeis Knusperkeks 130ml,1.0,2.33,0.17,2.5,2026-04-16 17:00:00,2026-04-16,17,3
BF ICE CREAM Haselnuss 100ml Bio Vegan,1.0,2.34,0.16,2.5,2026-04-16 17:00:00,2026-04-16,17,3
GO FRESH Tuna Sandwich,1.0,3.55,0.25,3.8,2026-04-16 17:00:00,2026-04-16,17,3
La Magnum Almond,1.0,2.53,0.17,2.7,2026-04-16 18:00:00,2026-04-16,18,3
La Magnum Classic,1.0,2.52,0.18,2.7,2026-04-16 18:00:00,2026-04-16,18,3
HOMEMADE BUN HAM,1.0,2.34,0.16,2.5,2026-04-16 18:00:00,2026-04-16,18,3
"Leergut 0,08 EUR",1.0,0.07,0.01,0.08,2026-04-16 18:00:00,2026-04-16,18,3
"Leergut 0,25 EUR",4.0,0.84,0.16,1.0,2026-04-16 18:00:00,2026-04-16,18,3
Red Bull Green Edition,1.0,1.43,0.27,1.7,2026-04-16 18:00:00,2026-04-16,18,3
DPG Vitamin Well Reload,2.0,3.27,0.63,3.9,2026-04-16 18:00:00,2026-04-16,18,3
Welde Alkoholfrei,1.0,1.43,0.27,1.7,2026-04-16 18:00:00,2026-04-16,18,3
Red Bull Summer Edition,1.0,1.43,0.27,1.7,2026-04-16 18:00:00,2026-04-16,18,3
Kinder Bueno 43g Ferrero,1.0,0.93,0.07,1.0,2026-04-16 20:00:00,2026-04-16,20,3
Paprika Chips,1.0,2.34,0.16,2.5,2026-04-16 20:00:00,2026-04-16,20,3
HOMEMADE Breakfastcup 285g,1.0,2.9,0.2,3.1,2026-04-16 20:00:00,2026-04-16,20,3
Shot Himbeere Ingwer 60ml,1.0,1.85,0.35,2.2,2026-04-16 20:00:00,2026-04-16,20,3
"Leergut 0,15 EUR",1.0,0.13,0.02,0.15,2026-04-16 20:00:00,2026-04-16,20,3
"Coca Cola Zero 0,4L Glas Mehrweg",1.0,1.26,0.24,1.5,2026-04-16 20:00:00,2026-04-16,20,3
KitKat,1.0,0.93,0.07,1.0,2026-04-16 21:00:00,2026-04-16,21,3
"Leergut 0,15 EUR",1.0,0.13,0.02,0.15,2026-04-16 21:00:00,2026-04-16,21,3
"Coca Cola Zero 0,4L Glas Mehrweg",1.0,1.26,0.24,1.5,2026-04-16 21:00:00,2026-04-16,21,3
GO FRESH Sandw Pute Ei,1.0,3.55,0.25,3.8,2026-04-17 10:00:00,2026-04-17,10,4
XL Laugenbrezel 130g FG,1.0,1.31,0.09,1.4,2026-04-17 10:00:00,2026-04-17,10,4
"Leergut 0,25 EUR",1.0,0.21,0.04,0.25,2026-04-17 10:00:00,2026-04-17,10,4
"Red Bull 0,25",1.0,1.07,0.2,1.27,2026-04-17 10:00:00,2026-04-17,10,4
BiFi Carazza,1.0,1.21,0.09,1.3,2026-04-17 11:00:00,2026-04-17,11,4
"Mostbuben  Stille Apfelsaftschorle 0,5",1.0,1.68,0.32,2.0,2026-04-17 11:00:00,2026-04-17,11,4
Apfelchips,1.0,2.81,0.19,3.0,2026-04-17 11:00:00,2026-04-17,11,4
Bio honey almond fairness 45g,1.0,1.12,0.08,1.2,2026-04-17 11:00:00,2026-04-17,11,4
Bio poppy & vanilla fairness 45g,1.0,1.12,0.08,1.2,2026-04-17 11:00:00,2026-04-17,11,4
"Bio double milk fairness 37,5g",1.0,1.01,0.19,1.2,2026-04-17 11:00:00,2026-04-17,11,4
"Bio creamy cocos fairness 37,5g",1.0,1.12,0.08,1.2,2026-04-17 11:00:00,2026-04-17,11,4
Kinder Country,1.0,0.47,0.03,0.5,2026-04-17 13:00:00,2026-04-17,13,4
Household sponge Zellulose,1.0,2.1,0.4,2.5,2026-04-17 13:00:00,2026-04-17,13,4
Airwaves Menth & Eucalypt Box,1.0,2.71,0.19,2.9,2026-04-17 13:00:00,2026-04-17,13,4
"Leergut 0,15 EUR",1.0,0.13,0.02,0.15,2026-04-17 13:00:00,2026-04-17,13,4
"Leergut 0,25 EUR",4.0,0.84,0.16,1.0,2026-04-17 13:00:00,2026-04-17,13,4
"Red Bull 0,25",2.0,2.14,0.4,2.54,2026-04-17 13:00:00,2026-04-17,13,4
"Red Bull Sugar Free 0,25",2.0,2.14,0.4,2.54,2026-04-17 13:00:00,2026-04-17,13,4
"Coca Cola Zero 0,4L Glas Mehrweg",1.0,1.26,0.24,1.5,2026-04-17 13:00:00,2026-04-17,13,4
HOMEMADE Breakfastcup 285g,1.0,2.9,0.2,3.1,2026-04-17 14:00:00,2026-04-17,14,4
"Leergut 0,15 EUR",1.0,0.13,0.02,0.15,2026-04-17 14:00:00,2026-04-17,14,4
"Leergut 0,25 EUR",2.0,0.42,0.08,0.5,2026-04-17 14:00:00,2026-04-17,14,4
Red Bull Green Edition,1.0,1.07,0.2,1.27,2026-04-17 14:00:00,2026-04-17,14,4
"Red Bull Sugar Free 0,25",1.0,1.06,0.21,1.27,2026-04-17 14:00:00,2026-04-17,14,4
"Mezzo Mix 0,4L Glas Mehrweg",1.0,1.26,0.24,1.5,2026-04-17 14:00:00,2026-04-17,14,4
Protein Bar Vanilla Stracci,1.0,0.93,0.07,1.0,2026-04-17 15:00:00,2026-04-17,15,4
GO FRESH Sandw Salam Edam,1.0,3.55,0.25,3.8,2026-04-17 16:00:00,2026-04-17,16,4
"Leergut 0,25 EUR",5.0,1.05,0.2,1.25,2026-04-17 16:00:00,2026-04-17,16,4
Red Bull White Edition,1.0,1.06,0.21,1.27,2026-04-17 16:00:00,2026-04-17,16,4
Red Bull Green Edition,1.0,1.07,0.2,1.27,2026-04-17 16:00:00,2026-04-17,16,4
"Red Bull 0,25",1.0,0.71,0.14,0.85,2026-04-17 16:00:00,2026-04-17,16,4
"Red Bull Sugar Free 0,25",1.0,1.07,0.2,1.27,2026-04-17 16:00:00,2026-04-17,16,4
Red Bull Sea Blue Edition,1.0,0.72,0.13,0.85,2026-04-17 16:00:00,2026-04-17,16,4
KitKat,1.0,0.93,0.07,1.0,2026-04-18 16:00:00,2026-04-18,16,5
Chili & Lime Chili & Lima24 Beutel á 4,3.0,3.36,0.24,3.6,2026-04-18 16:00:00,2026-04-18,16,5
Filly Nut Donut,1.0,1.4,0.1,1.5,2026-04-18 16:00:00,2026-04-18,16,5
Paprika Chips,1.0,2.34,0.16,2.5,2026-04-18 16:00:00,2026-04-18,16,5
Pringles Original,1.0,1.31,0.09,1.4,2026-04-18 16:00:00,2026-04-18,16,5
Smothie Froosh Pineapple 250ml,1.0,2.02,0.38,2.4,2026-04-18 16:00:00,2026-04-18,16,5
"Yayla Ayran Tetra 0,25L",1.0,1.01,0.19,1.2,2026-04-18 16:00:00,2026-04-18,16,5
"Leergut 0,15 EUR",1.0,0.13,0.02,0.15,2026-04-18 16:00:00,2026-04-18,16,5
"Leergut 0,25 EUR",1.0,0.21,0.04,0.25,2026-04-18 16:00:00,2026-04-18,16,5
"Powerade Mountain Blast 0,5l PEW",1.0,1.34,0.26,1.6,2026-04-18 16:00:00,2026-04-18,16,5
FUZE T PFIRSICH,1.0,1.43,0.27,1.7,2026-04-18 16:00:00,2026-04-18,16,5
Bio H Milch 1l Nature,1.0,2.1,0.15,2.25,2026-04-19 08:00:00,2026-04-19,8,6
mB Eier frisch ML,1.0,2.75,0.2,2.95,2026-04-19 11:00:00,2026-04-19,11,6
Pistazien ger,1.0,2.34,0.16,2.5,2026-04-19 11:00:00,2026-04-19,11,6
Gouda i. Scheiben frisch 100gr,1.0,2.34,0.16,2.5,2026-04-19 11:00:00,2026-04-19,11,6
Hofeis Mango 130ml,1.0,2.34,0.16,2.5,2026-04-19 16:00:00,2026-04-19,16,6
Hofeis Knusperkeks 130ml,1.0,2.34,0.16,2.5,2026-04-19 16:00:00,2026-04-19,16,6
La Magnum Classic,1.0,2.52,0.18,2.7,2026-04-19 16:00:00,2026-04-19,16,6
"Leergut 0,25 EUR",1.0,0.21,0.04,0.25,2026-04-19 17:00:00,2026-04-19,17,6
DPG Vitamin Well Reload,1.0,1.64,0.31,1.95,2026-04-19 17:00:00,2026-04-19,17,6
La Nogger Choc,2.0,3.74,0.26,4.0,2026-04-19 19:00:00,2026-04-19,19,6
La Magnum Almond,4.0,10.09,0.71,10.8,2026-04-19 19:00:00,2026-04-19,19,6
"Leergut 0,25 EUR",1.0,0.21,0.04,0.25,2026-04-20 08:00:00,2026-04-20,8,0
"Red Bull Sugar Free 0,25",1.0,1.07,0.2,1.27,2026-04-20 08:00:00,2026-04-20,8,0
"Leergut 0,25 EUR",6.0,1.26,0.24,1.5,2026-04-20 09:00:00,2026-04-20,9,0
Red Bull Green Edition,1.0,0.71,0.14,0.85,2026-04-20 09:00:00,2026-04-20,9,0
"Red Bull 0,25",3.0,2.16,0.39,2.55,2026-04-20 09:00:00,2026-04-20,9,0
Red Bull Sea Blue Edition,1.0,0.71,0.14,0.85,2026-04-20 09:00:00,2026-04-20,9,0
Red Bull Summer Edition,1.0,0.71,0.14,0.85,2026-04-20 09:00:00,2026-04-20,9,0
XL Laugenbrezel 130g FG,1.0,1.31,0.09,1.4,2026-04-20 10:00:00,2026-04-20,10,0
Filly Nut Donut,1.0,1.4,0.1,1.5,2026-04-20 11:00:00,2026-04-20,11,0
Coffee Cup Big1,2.0,3.36,0.64,4.0,2026-04-20 11:00:00,2026-04-20,11,0
Koro Protein Bar Pistachio,1.0,2.71,0.19,2.9,2026-04-20 12:00:00,2026-04-20,12,0
"Leergut 0,25 EUR",1.0,0.21,0.04,0.25,2026-04-20 12:00:00,2026-04-20,12,0
"Red Bull 0,25",1.0,1.07,0.2,1.27,2026-04-20 12:00:00,2026-04-20,12,0
Duplo,2.0,0.93,0.07,1.0,2026-04-20 13:00:00,2026-04-20,13,0
M&M Peanut,1.0,0.93,0.07,1.0,2026-04-20 13:00:00,2026-04-20,13,0
Parking disc,1.0,1.26,0.24,1.5,2026-04-20 13:00:00,2026-04-20,13,0
Laugenbrezel mit Butter,1.0,1.68,0.12,1.8,2026-04-20 13:00:00,2026-04-20,13,0
"Leergut 0,15 EUR",3.0,0.38,0.07,0.45,2026-04-20 13:00:00,2026-04-20,13,0
"Leergut 0,25 EUR",4.0,0.84,0.16,1.0,2026-04-20 13:00:00,2026-04-20,13,0
Red Bull Green Edition,1.0,0.71,0.14,0.85,2026-04-20 13:00:00,2026-04-20,13,0
"Red Bull 0,25",3.0,2.15,0.4,2.55,2026-04-20 13:00:00,2026-04-20,13,0
"Coca Cola 0,4L Glas Mehrweg",1.0,1.26,0.24,1.5,2026-04-20 13:00:00,2026-04-20,13,0
"Coca Cola Zero 0,4L Glas Mehrweg",2.0,2.52,0.48,3.0,2026-04-20 13:00:00,2026-04-20,13,0
Filly Nut Donut,1.0,1.4,0.1,1.5,2026-04-20 15:00:00,2026-04-20,15,0
GO FRESH Sandw Pute Ei,1.0,3.56,0.24,3.8,2026-04-20 17:00:00,2026-04-20,17,0
HOMEMADE BUN VEGAN,1.0,2.34,0.16,2.5,2026-04-20 17:00:00,2026-04-20,17,0
HOMEMADE Breakfastcup 285g,1.0,2.9,0.2,3.1,2026-04-20 17:00:00,2026-04-20,17,0
"Snack Nüsse, geröstet & gesalzen",1.0,3.5,0.25,3.75,2026-04-20 17:00:00,2026-04-20,17,0
"Leergut 0,08 EUR",1.0,0.07,0.01,0.08,2026-04-20 17:00:00,2026-04-20,17,0
"Leergut 0,25 EUR",4.0,0.84,0.16,1.0,2026-04-20 17:00:00,2026-04-20,17,0
"Red Bull 0,25",4.0,2.86,0.54,3.4,2026-04-20 17:00:00,2026-04-20,17,0
"Moretti Beer 0,33L",1.0,1.68,0.32,2.0,2026-04-20 17:00:00,2026-04-20,17,0
HOMEMADE BUN Salami,1.0,2.34,0.16,2.5,2026-04-20 18:00:00,2026-04-20,18,0
"Leergut 0,25 EUR",1.0,0.21,0.04,0.25,2026-04-20 18:00:00,2026-04-20,18,0
"Red Bull 0,25",1.0,1.07,0.2,1.27,2026-04-20 18:00:00,2026-04-20,18,0
XL Laugenbrezel 130g FG,1.0,1.31,0.09,1.4,2026-04-20 19:00:00,2026-04-20,19,0
Ritter Sport Nougat 100g,1.0,1.78,0.12,1.9,2026-04-20 19:00:00,2026-04-20,19,0
Haribo Goldbären 100g,1.0,0.93,0.07,1.0,2026-04-20 19:00:00,2026-04-20,19,0
Haribo Color Rado 100g,1.0,0.93,0.07,1.0,2026-04-20 19:00:00,2026-04-20,19,0
HOMEMADE BUN Cheese,1.0,1.78,0.12,1.9,2026-04-20 19:00:00,2026-04-20,19,0
HOMEMADE BUN Veggie Laugenecke Tom Moz,1.0,2.34,0.16,2.5,2026-04-20 19:00:00,2026-04-20,19,0
Gepa Schokolade Vollmilch 100g Bio Voll,1.0,2.19,0.16,2.35,2026-04-20 19:00:00,2026-04-20,19,0
"Leergut 0,15 EUR",1.0,0.13,0.02,0.15,2026-04-20 19:00:00,2026-04-20,19,0
"Coca Cola 0,4L Glas Mehrweg",1.0,1.26,0.24,1.5,2026-04-20 19:00:00,2026-04-20,19,0
HOMEMADE BUN HAM,1.0,2.34,0.16,2.5,2026-04-20 20:00:00,2026-04-20,20,0
Toothpaste Blenda Med,1.0,1.6,0.3,1.9,2026-04-21 08:00:00,2026-04-21,8,1
OralB Classic Car 35 Mit,1.0,0.92,0.18,1.1,2026-04-21 08:00:00,2026-04-21,8,1
Laugenbrezel mit Butter,1.0,1.68,0.12,1.8,2026-04-21 08:00:00,2026-04-21,8,1
XL Laugenbrezel 130g FG,1.0,1.31,0.09,1.4,2026-04-21 08:00:00,2026-04-21,8,1
HOMEMADE BUN Veggie Laugenecke Tom Moz,1.0,2.34,0.16,2.5,2026-04-21 08:00:00,2026-04-21,8,1
"Leergut 0,25 EUR",1.0,0.21,0.04,0.25,2026-04-21 08:00:00,2026-04-21,8,1
"Red Bull Sugar Free 0,25",1.0,1.07,0.2,1.27,2026-04-21 08:00:00,2026-04-21,8,1
Graci Müsli High Power,1.0,3.64,0.26,3.9,2026-04-21 09:00:00,2026-04-21,9,1
Graci Müsli High Power,1.0,3.64,0.26,3.9,2026-04-21 10:00:00,2026-04-21,10,1
"Leergut 0,15 EUR",1.0,0.13,0.02,0.15,2026-04-21 12:00:00,2026-04-21,12,1
Teinacher Mango Maracuja,1.0,1.34,0.26,1.6,2026-04-21 12:00:00,2026-04-21,12,1
Kinder Bueno 43g Ferrero,1.0,0.93,0.07,1.0,2026-04-21 13:00:00,2026-04-21,13,1
La Magnum Almond,1.0,2.52,0.18,2.7,2026-04-21 13:00:00,2026-04-21,13,1
"Leergut 0,15 EUR",1.0,0.13,0.02,0.15,2026-04-21 13:00:00,2026-04-21,13,1
"Leergut 0,25 EUR",1.0,0.21,0.04,0.25,2026-04-21 13:00:00,2026-04-21,13,1
"Red Bull 0,25",1.0,1.07,0.2,1.27,2026-04-21 13:00:00,2026-04-21,13,1
"Coca Cola Zero 0,4L Glas Mehrweg",1.0,1.26,0.24,1.5,2026-04-21 13:00:00,2026-04-21,13,1
Beef Jerky Sweet & Hot,1.0,1.64,0.11,1.75,2026-04-21 15:00:00,2026-04-21,15,1
Koro Protein Bar Pistachio,1.0,2.71,0.19,2.9,2026-04-21 15:00:00,2026-04-21,15,1
Snack Nüsse Honig & Salz,1.0,3.5,0.25,3.75,2026-04-21 17:00:00,2026-04-21,17,1
Airwaves Menth & Eucalypt Box,1.0,2.71,0.19,2.9,2026-04-21 17:00:00,2026-04-21,17,1
Mars Ice Cream Eisriegel,1.0,2.34,0.16,2.5,2026-04-21 18:00:00,2026-04-21,18,1
GO FRESH Sanw Schink Goud,1.0,3.55,0.25,3.8,2026-04-21 18:00:00,2026-04-21,18,1
HOMEMADE BUN Veggie Laugenecke Tom Moz,1.0,2.34,0.16,2.5,2026-04-21 18:00:00,2026-04-21,18,1
"Yayla Ayran Tetra 0,25L",1.0,1.01,0.19,1.2,2026-04-21 18:00:00,2026-04-21,18,1
Koro Protein Bar Peanut Chocolate,1.0,2.06,0.14,2.2,2026-04-21 18:00:00,2026-04-21,18,1
"Bio double milk fairness 37,5g",1.0,1.01,0.19,1.2,2026-04-21 18:00:00,2026-04-21,18,1
"Leergut 0,25 EUR",1.0,0.21,0.04,0.25,2026-04-21 18:00:00,2026-04-21,18,1
DPG Vitamin Well Hydrate,1.0,1.64,0.31,1.95,2026-04-21 18:00:00,2026-04-21,18,1
HOMEMADE Breakfastcup 285g,1.0,2.9,0.2,3.1,2026-04-21 20:00:00,2026-04-21,20,1
Shot Himbeere Ingwer 60ml,1.0,1.85,0.35,2.2,2026-04-21 20:00:00,2026-04-21,20,1
GO FRESH Wrap Tomat Mozza,1.0,3.55,0.25,3.8,2026-04-22 12:00:00,2026-04-22,12,2
GIANT Flapjack Raspberry,2.0,2.24,0.16,2.4,2026-04-22 12:00:00,2026-04-22,12,2
GIANT Flapjack Pecanut,1.0,1.12,0.08,1.2,2026-04-22 12:00:00,2026-04-22,12,2
Koro Protein Bar Pistachio,1.0,2.71,0.19,2.9,2026-04-22 12:00:00,2026-04-22,12,2
"Bio double milk fairness 37,5g",1.0,1.01,0.19,1.2,2026-04-22 12:00:00,2026-04-22,12,2
Pringles Original,1.0,1.31,0.09,1.4,2026-04-22 13:00:00,2026-04-22,13,2
"Leergut 0,25 EUR",4.0,0.84,0.16,1.0,2026-04-22 13:00:00,2026-04-22,13,2
"Red Bull 0,25",2.0,1.79,0.33,2.12,2026-04-22 13:00:00,2026-04-22,13,2
"Red Bull Sugar Free 0,25",1.0,1.07,0.2,1.27,2026-04-22 13:00:00,2026-04-22,13,2
Red Bull Sea Blue Edition,1.0,0.71,0.14,0.85,2026-04-22 13:00:00,2026-04-22,13,2
Snickers Ice Cream Eisrie,1.0,2.34,0.16,2.5,2026-04-22 15:00:00,2026-04-22,15,2
BF ICE CREAM Himbeere Fichte 100ml Bio V,1.0,2.34,0.16,2.5,2026-04-22 15:00:00,2026-04-22,15,2
La Nogger Choc,3.0,5.61,0.39,6.0,2026-04-22 15:00:00,2026-04-22,15,2
La Magnum Almond,2.0,5.04,0.36,5.4,2026-04-22 15:00:00,2026-04-22,15,2
"Leergut 0,25 EUR",1.0,0.21,0.04,0.25,2026-04-22 15:00:00,2026-04-22,15,2
Red Bull Green Edition,1.0,1.07,0.2,1.27,2026-04-22 15:00:00,2026-04-22,15,2
"Leergut 0,15 EUR",1.0,0.13,0.02,0.15,2026-04-22 16:00:00,2026-04-22,16,2
"Coca Cola Zero 0,4L Glas Mehrweg",1.0,1.26,0.24,1.5,2026-04-22 16:00:00,2026-04-22,16,2
Chili & Lime Chili & Lima24 Beutel á 4,1.0,1.12,0.08,1.2,2026-04-22 17:00:00,2026-04-22,17,2
Black Truffle Trufa Negra 24 Beutel á,1.0,1.12,0.08,1.2,2026-04-22 17:00:00,2026-04-22,17,2
HOMEMADE BUN HAM,1.0,2.34,0.16,2.5,2026-04-22 17:00:00,2026-04-22,17,2
GO FRESH Wrap Chicken Chi,1.0,3.55,0.25,3.8,2026-04-22 18:00:00,2026-04-22,18,2
Snickers Protein Riegel,1.0,2.98,0.22,3.2,2026-04-22 19:00:00,2026-04-22,19,2
HOMEMADE BUN VEGAN,1.0,2.34,0.16,2.5,2026-04-22 19:00:00,2026-04-22,19,2
HANDL Veggie Almjäger,1.0,2.61,0.18,2.79,2026-04-22 19:00:00,2026-04-22,19,2
HOMEMADE Breakfastcup 285g,1.0,2.9,0.2,3.1,2026-04-22 20:00:00,2026-04-22,20,2
GIANT Flapjack Raspberry,1.0,1.12,0.08,1.2,2026-04-22 20:00:00,2026-04-22,20,2
GIANT Yoghurt Flapjack Banana,1.0,1.12,0.08,1.2,2026-04-22 20:00:00,2026-04-22,20,2
Graci Laboratories Muesli Fruits Big Tu,1.0,5.28,0.37,5.65,2026-04-22 21:00:00,2026-04-22,21,2
Protein Bar Chocolate,1.0,0.93,0.07,1.0,2026-04-23 08:00:00,2026-04-23,8,3
Mionetto Treviso Prosecco Frizzante,1.0,6.64,1.26,7.9,2026-04-23 08:00:00,2026-04-23,8,3
"Leergut 0,15 EUR",1.0,0.13,0.02,0.15,2026-04-23 08:00:00,2026-04-23,8,3
"Coca Cola Zero 0,4L Glas Mehrweg",1.0,1.26,0.24,1.5,2026-04-23 08:00:00,2026-04-23,8,3
"Leergut 0,25 EUR",1.0,0.21,0.04,0.25,2026-04-23 09:00:00,2026-04-23,9,3
DPG Vitamin Well Hydrate,1.0,1.64,0.31,1.95,2026-04-23 09:00:00,2026-04-23,9,3
XL Laugenbrezel 130g FG,1.0,1.31,0.09,1.4,2026-04-23 10:00:00,2026-04-23,10,3
KitKat,1.0,0.93,0.07,1.0,2026-04-23 12:00:00,2026-04-23,12,3
La Magnum Almond,1.0,2.52,0.18,2.7,2026-04-23 12:00:00,2026-04-23,12,3
Twix Ice Cream Eisriegel,2.0,4.68,0.32,5.0,2026-04-23 12:00:00,2026-04-23,12,3
Twix Xtra 75g,1.0,1.12,0.08,1.2,2026-04-23 12:00:00,2026-04-23,12,3
Starbucks Caffé Latte,1.0,2.75,0.2,2.95,2026-04-23 12:00:00,2026-04-23,12,3
Takis Blue Heat,1.0,2.2,0.15,2.35,2026-04-23 12:00:00,2026-04-23,12,3
"Leergut 0,08 EUR",1.0,0.07,0.01,0.08,2026-04-23 12:00:00,2026-04-23,12,3
"Leergut 0,15 EUR",1.0,0.13,0.02,0.15,2026-04-23 12:00:00,2026-04-23,12,3
"Leergut 0,25 EUR",2.0,0.42,0.08,0.5,2026-04-23 12:00:00,2026-04-23,12,3
"Red Bull 0,25",2.0,1.43,0.27,1.7,2026-04-23 12:00:00,2026-04-23,12,3
Teinacher classic,1.0,1.01,0.19,1.2,2026-04-23 12:00:00,2026-04-23,12,3
"Moretti Beer 0,33L",1.0,1.68,0.32,2.0,2026-04-23 12:00:00,2026-04-23,12,3
Chili & Lime Chili & Lima24 Beutel á 4,1.0,1.12,0.08,1.2,2026-04-23 13:00:00,2026-04-23,13,3
Black Truffle Trufa Negra 24 Beutel á,1.0,1.12,0.08,1.2,2026-04-23 13:00:00,2026-04-23,13,3
HofEis Omas Apfelkuchen 130ml,1.0,2.34,0.16,2.5,2026-04-23 13:00:00,2026-04-23,13,3
Hofeis Knusperkeks 130ml,1.0,2.34,0.16,2.5,2026-04-23 13:00:00,2026-04-23,13,3
Leibniz Butterkeks,1.0,3.69,0.26,3.95,2026-04-23 13:00:00,2026-04-23,13,3
HOMEMADE BUN Veggie Laugenecke Tom Moz,1.0,2.33,0.17,2.5,2026-04-23 13:00:00,2026-04-23,13,3
"Bio creamy cocos fairness 37,5g",1.0,1.12,0.08,1.2,2026-04-23 13:00:00,2026-04-23,13,3
Steiner´s High Protein Fussili,1.0,3.64,0.25,3.89,2026-04-23 13:00:00,2026-04-23,13,3
Steiner´s Low Carb Pancakes,1.0,4.07,0.28,4.35,2026-04-23 13:00:00,2026-04-23,13,3
"Leergut 0,15 EUR",2.0,0.25,0.05,0.3,2026-04-23 14:00:00,2026-04-23,14,3
Teinacher classic,1.0,1.01,0.19,1.2,2026-04-23 14:00:00,2026-04-23,14,3
"Coca Cola Zero 0,4L Glas Mehrweg",1.0,1.26,0.24,1.5,2026-04-23 14:00:00,2026-04-23,14,3
Nussschnecke,1.0,2.34,0.16,2.5,2026-04-23 16:00:00,2026-04-23,16,3
Starbucks Cappuccino,1.0,2.75,0.2,2.95,2026-04-23 16:00:00,2026-04-23,16,3
Laugenbrezel mit Butter,1.0,1.68,0.12,1.8,2026-04-23 17:00:00,2026-04-23,17,3
Brown Donut,1.0,1.4,0.1,1.5,2026-04-23 17:00:00,2026-04-23,17,3
"Leergut 0,15 EUR",1.0,0.13,0.02,0.15,2026-04-23 17:00:00,2026-04-23,17,3
"Coca Cola Zero 0,4L Glas Mehrweg",1.0,1.26,0.24,1.5,2026-04-23 17:00:00,2026-04-23,17,3
Smothie Froosh Pineapple 250ml,1.0,2.02,0.38,2.4,2026-04-23 18:00:00,2026-04-23,18,3
Snickers Protein Riegel,1.0,2.99,0.21,3.2,2026-04-23 19:00:00,2026-04-23,19,3
GO FRESH Sandw Käse,1.0,3.55,0.25,3.8,2026-04-23 19:00:00,2026-04-23,19,3
HOMEMADE BUN VEGAN,1.0,2.34,0.16,2.5,2026-04-23 19:00:00,2026-04-23,19,3
HOMEMADE Breakfastcup 285g,1.0,2.9,0.2,3.1,2026-04-23 20:00:00,2026-04-23,20,3
Laugenbrezel mit Pfeffer,1.0,1.68,0.12,1.8,2026-04-23 22:00:00,2026-04-23,22,3
HOMEMADE BUN Veggie Laugenecke Tom Moz,1.0,2.34,0.16,2.5,2026-04-23 22:00:00,2026-04-23,22,3
Mahi Sauce Carolina Reaper & Pineapple,1.0,3.69,0.26,3.95,2026-04-24 08:00:00,2026-04-24,8,4
"Leergut 0,15 EUR",1.0,0.13,0.02,0.15,2026-04-24 08:00:00,2026-04-24,8,4
"Coca Cola Zero 0,4L Glas Mehrweg",1.0,1.26,0.24,1.5,2026-04-24 08:00:00,2026-04-24,8,4
"Leergut 0,25 EUR",4.0,0.84,0.16,1.0,2026-04-24 09:00:00,2026-04-24,9,4
"Red Bull 0,25",3.0,2.14,0.41,2.55,2026-04-24 09:00:00,2026-04-24,9,4
Red Bull Sea Blue Edition,1.0,0.72,0.13,0.85,2026-04-24 09:00:00,2026-04-24,9,4
Airwaves Menth & Eucalypt,1.0,0.93,0.07,1.0,2026-04-24 12:00:00,2026-04-24,12,4
La Magnum Classic,1.0,2.52,0.18,2.7,2026-04-24 12:00:00,2026-04-24,12,4
GIANT Yoghurt Flapjack Banana,1.0,1.12,0.08,1.2,2026-04-24 12:00:00,2026-04-24,12,4
Riegel Vegan Peanut Caramel 55g Barebell,1.0,2.69,0.51,3.2,2026-04-24 12:00:00,2026-04-24,12,4
"Leergut 0,08 EUR",1.0,0.07,0.01,0.08,2026-04-24 12:00:00,2026-04-24,12,4
"Leergut 0,15 EUR",1.0,0.12,0.03,0.15,2026-04-24 12:00:00,2026-04-24,12,4
"Leergut 0,25 EUR",2.0,0.42,0.08,0.5,2026-04-24 12:00:00,2026-04-24,12,4
Red Bull Green Edition,1.0,0.71,0.14,0.85,2026-04-24 12:00:00,2026-04-24,12,4
"Red Bull 0,25",1.0,0.72,0.13,0.85,2026-04-24 12:00:00,2026-04-24,12,4
Teinacher Mango Maracuja,1.0,1.34,0.26,1.6,2026-04-24 12:00:00,2026-04-24,12,4
Welde Alkoholfrei,1.0,1.43,0.27,1.7,2026-04-24 12:00:00,2026-04-24,12,4
"Leergut 0,15 EUR",1.0,0.13,0.02,0.15,2026-04-24 14:00:00,2026-04-24,14,4
"Coca Cola Zero 0,4L Glas Mehrweg",1.0,1.26,0.24,1.5,2026-04-24 14:00:00,2026-04-24,14,4
GO FRESH Sandw Käse,2.0,7.1,0.5,7.6,2026-04-24 15:00:00,2026-04-24,15,4
Koro Protein Bar Pistachio,2.0,5.42,0.38,5.8,2026-04-24 16:00:00,2026-04-24,16,4
"Leergut 0,25 EUR",2.0,0.42,0.08,0.5,2026-04-24 16:00:00,2026-04-24,16,4
"Red Bull 0,25",1.0,0.72,0.13,0.85,2026-04-24 16:00:00,2026-04-24,16,4
Red Bull Sea Blue Edition,1.0,0.71,0.14,0.85,2026-04-24 16:00:00,2026-04-24,16,4
HofEis Joghurt Heidelbeere 130ml,1.0,2.34,0.16,2.5,2026-04-24 17:00:00,2026-04-24,17,4
BLACK FOREST ICE CREAM Schokolade 100ml,1.0,2.33,0.17,2.5,2026-04-24 17:00:00,2026-04-24,17,4
La Cornetto Haselnuss,1.0,1.87,0.13,2.0,2026-04-24 17:00:00,2026-04-24,17,4
Smothie Froosh Mango 250ml,1.0,2.02,0.38,2.4,2026-04-24 17:00:00,2026-04-24,17,4
Smothie Froosh Pineapple 250ml,1.0,2.02,0.38,2.4,2026-04-24 17:00:00,2026-04-24,17,4
"Snack Nüsse, BBQ",1.0,3.5,0.25,3.75,2026-04-24 17:00:00,2026-04-24,17,4
"Leergut 0,08 EUR",2.0,0.14,0.02,0.16,2026-04-24 17:00:00,2026-04-24,17,4
"Leergut 0,25 EUR",2.0,0.42,0.08,0.5,2026-04-24 17:00:00,2026-04-24,17,4
DPG Vitamin Well Hydrate,1.0,1.64,0.31,1.95,2026-04-24 17:00:00,2026-04-24,17,4
DPG Vitamin Well Prepare,1.0,1.64,0.31,1.95,2026-04-24 17:00:00,2026-04-24,17,4
Welde Slow,2.0,2.86,0.54,3.4,2026-04-24 17:00:00,2026-04-24,17,4
HOMEMADE Breakfastcup 285g,1.0,2.9,0.2,3.1,2026-04-24 20:00:00,2026-04-24,20,4
"Leergut 0,15 EUR",2.0,0.25,0.05,0.3,2026-04-25 15:00:00,2026-04-25,15,5
"Leergut 0,25 EUR",1.0,0.21,0.04,0.25,2026-04-25 15:00:00,2026-04-25,15,5
DPG Vitamin Well Prepare,1.0,1.64,0.31,1.95,2026-04-25 15:00:00,2026-04-25,15,5
"Coca Cola Zero 0,4L Glas Mehrweg",2.0,2.52,0.48,3.0,2026-04-25 15:00:00,2026-04-25,15,5
BiFi Roll,1.0,1.31,0.09,1.4,2026-04-26 14:00:00,2026-04-26,14,6
"Leergut 0,25 EUR",5.0,1.05,0.2,1.25,2026-04-26 14:00:00,2026-04-26,14,6
Red Bull Green Edition,2.0,2.14,0.4,2.54,2026-04-26 14:00:00,2026-04-26,14,6
"Red Bull 0,25",1.0,0.71,0.14,0.85,2026-04-26 14:00:00,2026-04-26,14,6
DPG Vitamin Well Reload,1.0,1.64,0.31,1.95,2026-04-26 14:00:00,2026-04-26,14,6
Red Bull Sea Blue Edition,1.0,0.71,0.14,0.85,2026-04-26 14:00:00,2026-04-26,14,6
Mikrowe Pommes extra dünn,2.0,3.74,0.26,4.0,2026-04-26 18:00:00,2026-04-26,18,6
Pringles Original,1.0,1.31,0.09,1.4,2026-04-26 18:00:00,2026-04-26,18,6
Erdnussflips,1.0,1.78,0.12,1.9,2026-04-26 20:00:00,2026-04-26,20,6
Berliner Brezel 70g FB,1.0,1.68,0.12,1.8,2026-04-26 21:00:00,2026-04-26,21,6
Barebells Caramel Choco 55g,1.0,3.08,0.22,3.3,2026-04-26 21:00:00,2026-04-26,21,6
Beef Jerky Original,1.0,2.34,0.16,2.5,2026-04-26 21:00:00,2026-04-26,21,6
Mars Riegel Mars 2 Pack 70g,1.0,1.12,0.08,1.2,2026-04-26 21:00:00,2026-04-26,21,6
"Leergut 0,25 EUR",1.0,0.21,0.04,0.25,2026-04-26 21:00:00,2026-04-26,21,6
YFood Trink Vanilla,2.0,9.16,0.64,9.8,2026-04-26 21:00:00,2026-04-26,21,6
Teinacher classic,1.0,1.01,0.19,1.2,2026-04-26 21:00:00,2026-04-26,21,6
HOMEMADE Breakfastcup 285g,2.0,5.79,0.41,6.2,2026-04-27 07:00:00,2026-04-27,7,0
Koro Protein Bar Pistachio,1.0,2.71,0.19,2.9,2026-04-27 08:00:00,2026-04-27,8,0
"Leergut 0,25 EUR",1.0,0.21,0.04,0.25,2026-04-27 09:00:00,2026-04-27,9,0
DPG Vitamin Well Hydrate,1.0,1.64,0.31,1.95,2026-04-27 09:00:00,2026-04-27,9,0
HOMEMADE BUN Cheese,1.0,1.78,0.12,1.9,2026-04-27 10:00:00,2026-04-27,10,0
"Leergut 0,25 EUR",1.0,0.21,0.04,0.25,2026-04-27 10:00:00,2026-04-27,10,0
DPG Vitamin Well Prepare,1.0,1.64,0.31,1.95,2026-04-27 10:00:00,2026-04-27,10,0
Kinder Bueno 43g Ferrero,1.0,0.93,0.07,1.0,2026-04-27 12:00:00,2026-04-27,12,0
Protein Bar Chocolate,1.0,0.93,0.07,1.0,2026-04-27 12:00:00,2026-04-27,12,0
Shot Beetroot 60ml,1.0,1.85,0.35,2.2,2026-04-27 12:00:00,2026-04-27,12,0
Shot Cucumber Ginger 60ml,1.0,1.85,0.35,2.2,2026-04-27 12:00:00,2026-04-27,12,0
Shot Ginger Apple 60ml,2.0,3.69,0.71,4.4,2026-04-27 12:00:00,2026-04-27,12,0
GIANT Flapjack Raspberry,1.0,1.13,0.07,1.2,2026-04-27 12:00:00,2026-04-27,12,0
Koro Protein Bar Pistachio,2.0,5.42,0.38,5.8,2026-04-27 12:00:00,2026-04-27,12,0
"Leergut 0,25 EUR",1.0,0.21,0.04,0.25,2026-04-27 12:00:00,2026-04-27,12,0
DPG Vitamin Well Prepare,1.0,1.64,0.31,1.95,2026-04-27 12:00:00,2026-04-27,12,0
HOMEMADE BUN HAM,1.0,2.34,0.16,2.5,2026-04-27 14:00:00,2026-04-27,14,0
Shot Himbeere Ingwer 60ml,2.0,3.69,0.71,4.4,2026-04-27 14:00:00,2026-04-27,14,0
Koro Protein Bar Pistachio,2.0,5.42,0.38,5.8,2026-04-27 14:00:00,2026-04-27,14,0
"Leergut 0,25 EUR",2.0,0.42,0.08,0.5,2026-04-27 14:00:00,2026-04-27,14,0
DPG Vitamin Well Hydrate,2.0,3.28,0.62,3.9,2026-04-27 14:00:00,2026-04-27,14,0
Currywurst im Glas 390g,1.0,6.17,0.43,6.6,2026-04-27 15:00:00,2026-04-27,15,0
Apfelchips,1.0,2.8,0.2,3.0,2026-04-27 15:00:00,2026-04-27,15,0
Toothpaste Blenda Med,1.0,1.6,0.3,1.9,2026-04-27 16:00:00,2026-04-27,16,0
GO FRESH Sandw Käse,1.0,3.55,0.25,3.8,2026-04-27 16:00:00,2026-04-27,16,0
Kinder Bueno 43g Ferrero,1.0,0.93,0.07,1.0,2026-04-27 17:00:00,2026-04-27,17,0
HOMEMADE BUN Cheese,1.0,1.78,0.12,1.9,2026-04-27 17:00:00,2026-04-27,17,0
Aramark Seasoning Mix,1.0,3.64,0.25,3.89,2026-04-27 17:00:00,2026-04-27,17,0
Beef Jerky Original,1.0,1.64,0.11,1.75,2026-04-27 18:00:00,2026-04-27,18,0
GO FRESH Wrap Tomat Mozza,1.0,3.55,0.25,3.8,2026-04-27 18:00:00,2026-04-27,18,0
Laugenbrezel mit Butter,2.0,3.36,0.24,3.6,2026-04-27 18:00:00,2026-04-27,18,0
Snickers Riegel  2 Pack,1.0,1.12,0.08,1.2,2026-04-27 18:00:00,2026-04-27,18,0
Grauburgunder | Weingut Oliver Zeter,1.0,10.0,1.9,11.9,2026-04-27 18:00:00,2026-04-27,18,0
"Leergut 0,15 EUR",7.0,0.89,0.16,1.05,2026-04-27 18:00:00,2026-04-27,18,0
"Leergut 0,25 EUR",1.0,0.21,0.04,0.25,2026-04-27 18:00:00,2026-04-27,18,0
"Red Bull 0,25",1.0,1.07,0.2,1.27,2026-04-27 18:00:00,2026-04-27,18,0
Teinacher Heidelbeer Eistee,1.0,1.34,0.26,1.6,2026-04-27 18:00:00,2026-04-27,18,0
Teinacher Mango Maracuja,3.0,4.04,0.76,4.8,2026-04-27 18:00:00,2026-04-27,18,0
Teinacher Johannisbeer Holunder,1.0,1.34,0.26,1.6,2026-04-27 18:00:00,2026-04-27,18,0
Teinacher classic,1.0,1.01,0.19,1.2,2026-04-27 18:00:00,2026-04-27,18,0
"Coca Cola Zero 0,4L Glas Mehrweg",1.0,1.26,0.24,1.5,2026-04-27 18:00:00,2026-04-27,18,0
Protein Bar Caramell Toffee,4.0,3.73,0.27,4.0,2026-04-27 19:00:00,2026-04-27,19,0
HOMEMADE BUN Veggie Laugenecke Tom Moz,1.0,2.34,0.16,2.5,2026-04-27 19:00:00,2026-04-27,19,0
GIANT Flapjack Raspberry,1.0,1.12,0.08,1.2,2026-04-27 19:00:00,2026-04-27,19,0
OralB Classic Car 35 Mit,1.0,0.92,0.18,1.1,2026-04-27 20:00:00,2026-04-27,20,0
GO FRESH Sandw SweetChili,1.0,3.55,0.25,3.8,2026-04-27 20:00:00,2026-04-27,20,0
HOMEMADE BUN VEGAN,1.0,2.34,0.16,2.5,2026-04-27 20:00:00,2026-04-27,20,0
GIANT Yoghurt Flapjack Banana,1.0,1.12,0.08,1.2,2026-04-27 20:00:00,2026-04-27,20,0
Airwaves Menth & Eucalypt Box,1.0,2.71,0.19,2.9,2026-04-27 20:00:00,2026-04-27,20,0
Bio cookies & choc fairness 45g,2.0,2.25,0.15,2.4,2026-04-28 07:00:00,2026-04-28,7,1
Bio honey almond fairness 45g,2.0,2.24,0.16,2.4,2026-04-28 07:00:00,2026-04-28,7,1
Bio poppy & vanilla fairness 45g,2.0,2.24,0.16,2.4,2026-04-28 07:00:00,2026-04-28,7,1
"Bio creamy cocos fairness 37,5g",2.0,2.24,0.16,2.4,2026-04-28 07:00:00,2026-04-28,7,1
"Bio hazel nougat fairness 37,5g",2.0,2.02,0.38,2.4,2026-04-28 07:00:00,2026-04-28,7,1
HOMEMADE BUN Salami,1.0,2.34,0.16,2.5,2026-04-28 08:00:00,2026-04-28,8,1
Wick Blau ohne Zucker,1.0,2.06,0.14,2.2,2026-04-28 09:00:00,2026-04-28,9,1
XL Laugenbrezel 130g FG,1.0,1.31,0.09,1.4,2026-04-28 10:00:00,2026-04-28,10,1
"Leergut 0,25 EUR",2.0,0.42,0.08,0.5,2026-04-28 10:00:00,2026-04-28,10,1
Red Bull Green Edition,1.0,1.06,0.21,1.27,2026-04-28 10:00:00,2026-04-28,10,1
Red Bull Sea Blue Edition,1.0,1.07,0.2,1.27,2026-04-28 10:00:00,2026-04-28,10,1
"Leergut 0,25 EUR",1.0,0.21,0.04,0.25,2026-04-28 11:00:00,2026-04-28,11,1
"Red Bull 0,25",1.0,1.07,0.2,1.27,2026-04-28 11:00:00,2026-04-28,11,1
"Leergut 0,25 EUR",4.0,0.84,0.16,1.0,2026-04-28 12:00:00,2026-04-28,12,1
Red Bull White Edition,1.0,0.71,0.14,0.85,2026-04-28 12:00:00,2026-04-28,12,1
"Red Bull 0,25",3.0,2.15,0.4,2.55,2026-04-28 12:00:00,2026-04-28,12,1
Riegel Vegan Peanut Caramel 55g Barebell,1.0,2.69,0.51,3.2,2026-04-28 13:00:00,2026-04-28,13,1
"Leergut 0,08 EUR",1.0,0.07,0.01,0.08,2026-04-28 13:00:00,2026-04-28,13,1
Welde Alkoholfrei,1.0,1.43,0.27,1.7,2026-04-28 13:00:00,2026-04-28,13,1
Berliner Brezel 70g FB,2.0,3.36,0.24,3.6,2026-04-28 14:00:00,2026-04-28,14,1
HOMEMADE BUN Cheese,1.0,1.78,0.12,1.9,2026-04-28 14:00:00,2026-04-28,14,1
Smothie Froosh Pineapple 250ml,1.0,2.02,0.38,2.4,2026-04-28 14:00:00,2026-04-28,14,1
Koro Protein Bar Pistachio,2.0,5.42,0.38,5.8,2026-04-28 14:00:00,2026-04-28,14,1
"Leergut 0,15 EUR",4.0,0.52,0.08,0.6,2026-04-28 14:00:00,2026-04-28,14,1
"Leergut 0,25 EUR",3.0,0.62,0.13,0.75,2026-04-28 14:00:00,2026-04-28,14,1
Red Bull Green Edition,2.0,1.78,0.34,2.12,2026-04-28 14:00:00,2026-04-28,14,1
"Red Bull 0,25",1.0,0.72,0.13,0.85,2026-04-28 14:00:00,2026-04-28,14,1
Teinacher Mineralwasser Naturell 0.33,2.0,2.02,0.38,2.4,2026-04-28 14:00:00,2026-04-28,14,1
"Coca Cola 0,4L Glas Mehrweg",1.0,1.26,0.24,1.5,2026-04-28 14:00:00,2026-04-28,14,1
"Coca Cola Zero 0,4L Glas Mehrweg",1.0,1.26,0.24,1.5,2026-04-28 14:00:00,2026-04-28,14,1
BiFi Carazza,1.0,1.21,0.09,1.3,2026-04-28 15:00:00,2026-04-28,15,1
Nussschnecke,1.0,2.34,0.16,2.5,2026-04-28 15:00:00,2026-04-28,15,1
Snickers Riegel  2 Pack,1.0,1.12,0.08,1.2,2026-04-28 15:00:00,2026-04-28,15,1
Smothie Froosh Mango 250ml,1.0,2.02,0.38,2.4,2026-04-28 15:00:00,2026-04-28,15,1
Smothie Froosh Pineapple 250ml,1.0,2.02,0.38,2.4,2026-04-28 15:00:00,2026-04-28,15,1
Smothie Froosh  Strawberry 250ml,1.0,2.02,0.38,2.4,2026-04-28 15:00:00,2026-04-28,15,1
"Leergut 0,15 EUR",1.0,0.13,0.02,0.15,2026-04-28 15:00:00,2026-04-28,15,1
Teinacher classic,1.0,1.01,0.19,1.2,2026-04-28 15:00:00,2026-04-28,15,1
Kinder Bueno 43g Ferrero,1.0,0.93,0.07,1.0,2026-04-28 16:00:00,2026-04-28,16,1
Laugenbrezel mit Butter,1.0,1.68,0.12,1.8,2026-04-28 16:00:00,2026-04-28,16,1
HOMEMADE BUN HAM,1.0,2.34,0.16,2.5,2026-04-28 16:00:00,2026-04-28,16,1
Smothie Froosh  Strawberry 250ml,1.0,2.02,0.38,2.4,2026-04-28 16:00:00,2026-04-28,16,1
Laugenbrezel mit Butter,1.0,1.68,0.12,1.8,2026-04-28 17:00:00,2026-04-28,17,1
"Leergut 0,08 EUR",5.0,0.34,0.06,0.4,2026-04-28 17:00:00,2026-04-28,17,1
"Leergut 0,25 EUR",1.0,0.21,0.04,0.25,2026-04-28 17:00:00,2026-04-28,17,1
DPG Vitamin Well Hydrate,1.0,1.64,0.31,1.95,2026-04-28 17:00:00,2026-04-28,17,1
Welde Slow,5.0,7.14,1.36,8.5,2026-04-28 17:00:00,2026-04-28,17,1
HOMEMADE BUN HAM,1.0,2.34,0.16,2.5,2026-04-28 18:00:00,2026-04-28,18,1
"Yayla Ayran Tetra 0,25L",1.0,1.01,0.19,1.2,2026-04-28 18:00:00,2026-04-28,18,1
Beef Jerky Sweet & Hot,1.0,1.64,0.11,1.75,2026-04-28 19:00:00,2026-04-28,19,1
HOMEMADE BUN Cheese,1.0,1.78,0.12,1.9,2026-04-28 19:00:00,2026-04-28,19,1
GIANT Yoghurt Flapjack Banana,1.0,1.12,0.08,1.2,2026-04-28 19:00:00,2026-04-28,19,1
Studentenfutt,1.0,1.87,0.13,2.0,2026-04-28 20:00:00,2026-04-28,20,1
"Leergut 0,25 EUR",2.0,0.42,0.08,0.5,2026-04-28 20:00:00,2026-04-28,20,1
Red Bull Blue Edition,1.0,1.06,0.21,1.27,2026-04-28 20:00:00,2026-04-28,20,1
Red Bull Sea Blue Edition,1.0,1.07,0.2,1.27,2026-04-28 20:00:00,2026-04-28,20,1
Protein Bar Caramell Toffee,4.0,3.72,0.28,4.0,2026-04-28 21:00:00,2026-04-28,21,1
HOMEMADE BUN Veggie Laugenecke Tom Moz,1.0,2.35,0.15,2.5,2026-04-28 21:00:00,2026-04-28,21,1
GIANT Flapjack Blueberry,1.0,1.13,0.07,1.2,2026-04-28 21:00:00,2026-04-28,21,1
"Leergut 0,25 EUR",1.0,0.21,0.04,0.25,2026-04-28 21:00:00,2026-04-28,21,1
"Red Bull 0,25",1.0,1.07,0.2,1.27,2026-04-28 21:00:00,2026-04-28,21,1
Shot Himbeere Ingwer 60ml,1.0,1.85,0.35,2.2,2026-04-28 22:00:00,2026-04-28,22,1
OralB Classic Car 35 Mit,2.0,1.85,0.35,2.2,2026-04-29 07:00:00,2026-04-29,7,2
Laugenbrezel mit Butter,1.0,1.68,0.12,1.8,2026-04-29 08:00:00,2026-04-29,8,2
HOMEMADE BUN VEGAN,1.0,2.34,0.16,2.5,2026-04-29 09:00:00,2026-04-29,9,2
HOMEMADE BUN Cheese,1.0,1.78,0.12,1.9,2026-04-29 10:00:00,2026-04-29,10,2
BLACK FOREST ICE CREAM Schokolade 100ml,1.0,2.34,0.16,2.5,2026-04-29 13:00:00,2026-04-29,13,2
Disposable cutlery set,1.0,0.25,0.05,0.3,2026-04-29 13:00:00,2026-04-29,13,2
La Magnum Almond,1.0,2.52,0.18,2.7,2026-04-29 13:00:00,2026-04-29,13,2
Snickers Riegel  2 Pack,1.0,1.12,0.08,1.2,2026-04-29 13:00:00,2026-04-29,13,2
Smothie Froosh Mango 250ml,1.0,2.02,0.38,2.4,2026-04-29 13:00:00,2026-04-29,13,2
Stick Lembke Tee Minze Lavendel & Verben,1.0,4.63,0.32,4.95,2026-04-29 13:00:00,2026-04-29,13,2
Gepa Schokolade Noir Edelbitter 100g,1.0,2.57,0.18,2.75,2026-04-29 13:00:00,2026-04-29,13,2
"Leergut 0,15 EUR",2.0,0.26,0.04,0.3,2026-04-29 13:00:00,2026-04-29,13,2
"Leergut 0,25 EUR",4.0,0.84,0.16,1.0,2026-04-29 13:00:00,2026-04-29,13,2
Red Bull White Edition,1.0,1.07,0.2,1.27,2026-04-29 13:00:00,2026-04-29,13,2
"Red Bull 0,25",3.0,2.5,0.47,2.97,2026-04-29 13:00:00,2026-04-29,13,2
"Coca Cola Zero 0,4L Glas Mehrweg",2.0,2.52,0.48,3.0,2026-04-29 13:00:00,2026-04-29,13,2
Filly Nut Donut,1.0,1.4,0.1,1.5,2026-04-29 14:00:00,2026-04-29,14,2
M&M Peanut,1.0,0.93,0.07,1.0,2026-04-29 14:00:00,2026-04-29,14,2
Laugenbrezel mit Pfeffer,1.0,1.68,0.12,1.8,2026-04-29 14:00:00,2026-04-29,14,2
Snickers Riegel  2 Pack,1.0,1.12,0.08,1.2,2026-04-29 14:00:00,2026-04-29,14,2
"Leergut 0,15 EUR",2.0,0.26,0.04,0.3,2026-04-29 14:00:00,2026-04-29,14,2
"Leergut 0,25 EUR",1.0,0.21,0.04,0.25,2026-04-29 14:00:00,2026-04-29,14,2
DPG Vitamin Well Hydrate,1.0,1.64,0.31,1.95,2026-04-29 14:00:00,2026-04-29,14,2
"Coca Cola 0,4L Glas Mehrweg",1.0,1.26,0.24,1.5,2026-04-29 14:00:00,2026-04-29,14,2
"Coca Cola Zero 0,4L Glas Mehrweg",1.0,1.26,0.24,1.5,2026-04-29 14:00:00,2026-04-29,14,2
Snickers Ice Cream Eisrie,3.0,7.01,0.49,7.5,2026-04-29 15:00:00,2026-04-29,15,2
La Nogger Choc,1.0,1.87,0.13,2.0,2026-04-29 15:00:00,2026-04-29,15,2
La Cornetto Haselnuss,1.0,1.87,0.13,2.0,2026-04-29 15:00:00,2026-04-29,15,2
HOMEMADE BUN Cheese,1.0,1.78,0.12,1.9,2026-04-29 16:00:00,2026-04-29,16,2
Laugenbrezel mit Butter,1.0,1.68,0.12,1.8,2026-04-29 17:00:00,2026-04-29,17,2
Brown Donut,1.0,1.4,0.1,1.5,2026-04-29 17:00:00,2026-04-29,17,2
Haribo Goldbären 100g,1.0,0.93,0.07,1.0,2026-04-29 17:00:00,2026-04-29,17,2
GO FRESH Tuna Sandwich,1.0,3.55,0.25,3.8,2026-04-29 18:00:00,2026-04-29,18,2
HOMEMADE BUN VEGAN,1.0,2.34,0.16,2.5,2026-04-29 18:00:00,2026-04-29,18,2
"Yayla Ayran Tetra 0,25L",2.0,2.02,0.38,2.4,2026-04-29 18:00:00,2026-04-29,18,2
"Leergut 0,25 EUR",2.0,0.42,0.08,0.5,2026-04-29 18:00:00,2026-04-29,18,2
Red Bull Green Edition,1.0,0.71,0.14,0.85,2026-04-29 18:00:00,2026-04-29,18,2
"Red Bull 0,25",1.0,0.72,0.13,0.85,2026-04-29 18:00:00,2026-04-29,18,2
Protein Bar Chocolate,1.0,0.93,0.07,1.0,2026-04-29 19:00:00,2026-04-29,19,2
Laugenbrezel mit Pfeffer,1.0,1.68,0.12,1.8,2026-04-29 19:00:00,2026-04-29,19,2
Koro Protein Bar Schoko Brownie,1.0,2.34,0.16,2.5,2026-04-29 19:00:00,2026-04-29,19,2
"Leergut 0,15 EUR",1.0,0.13,0.02,0.15,2026-04-29 19:00:00,2026-04-29,19,2
Teinacher still 0.7,1.0,1.01,0.19,1.2,2026-04-29 19:00:00,2026-04-29,19,2
La Magnum Almond,1.0,2.52,0.18,2.7,2026-04-29 20:00:00,2026-04-29,20,2
GO FRESH Sandw Käse,1.0,3.55,0.25,3.8,2026-04-29 20:00:00,2026-04-29,20,2
XL Laugenbrezel 130g FG,1.0,1.31,0.09,1.4,2026-04-30 07:00:00,2026-04-30,7,3
"Leergut 0,25 EUR",1.0,0.21,0.04,0.25,2026-04-30 08:00:00,2026-04-30,8,3
DPG Vitamin Well Reload,1.0,1.64,0.31,1.95,2026-04-30 08:00:00,2026-04-30,8,3
Coffee Cup Big1,1.0,1.68,0.32,2.0,2026-04-30 10:00:00,2026-04-30,10,3
Black Truffle Trufa Negra 24 Beutel á,1.0,1.12,0.08,1.2,2026-04-30 11:00:00,2026-04-30,11,3
Mentos Gum Pure Frost,1.0,3.27,0.23,3.5,2026-04-30 11:00:00,2026-04-30,11,3
BiFi Roll,1.0,1.31,0.09,1.4,2026-04-30 11:00:00,2026-04-30,11,3
Nussschnecke,1.0,2.34,0.16,2.5,2026-04-30 11:00:00,2026-04-30,11,3
Mars Protein 50g,1.0,2.99,0.21,3.2,2026-04-30 11:00:00,2026-04-30,11,3
HOMEMADE BUN VEGAN,1.0,2.33,0.17,2.5,2026-04-30 11:00:00,2026-04-30,11,3
Mahi Marinade Peri Peri Hot,1.0,3.08,0.22,3.3,2026-04-30 11:00:00,2026-04-30,11,3
Mahi Sauce Chipotle Smoked Jalapeno,1.0,3.7,0.25,3.95,2026-04-30 11:00:00,2026-04-30,11,3
Koro Protein Bar Schoko Brownie,1.0,2.34,0.16,2.5,2026-04-30 11:00:00,2026-04-30,11,3
"Leergut 0,08 EUR",1.0,0.07,0.01,0.08,2026-04-30 11:00:00,2026-04-30,11,3
"Leergut 0,15 EUR",1.0,0.13,0.02,0.15,2026-04-30 11:00:00,2026-04-30,11,3
"Leergut 0,25 EUR",1.0,0.21,0.04,0.25,2026-04-30 11:00:00,2026-04-30,11,3
"Red Bull 0,25",1.0,1.07,0.2,1.27,2026-04-30 11:00:00,2026-04-30,11,3
Teinacher Johannisbeer Holunder,1.0,1.34,0.26,1.6,2026-04-30 11:00:00,2026-04-30,11,3
Welde Alkoholfrei,1.0,1.43,0.27,1.7,2026-04-30 11:00:00,2026-04-30,11,3
M Candy Schokoerdnüsse,1.0,1.78,0.12,1.9,2026-04-30 12:00:00,2026-04-30,12,3
Saltletts Sticks 75g,1.0,0.65,0.05,0.7,2026-04-30 12:00:00,2026-04-30,12,3
Shot Himbeere Ingwer 60ml,1.0,1.85,0.35,2.2,2026-04-30 12:00:00,2026-04-30,12,3
"Leergut 0,15 EUR",2.0,0.25,0.05,0.3,2026-04-30 12:00:00,2026-04-30,12,3
"Leergut 0,25 EUR",1.0,0.21,0.04,0.25,2026-04-30 12:00:00,2026-04-30,12,3
"Red Bull 0,25",1.0,1.07,0.2,1.27,2026-04-30 12:00:00,2026-04-30,12,3
"Mezzo Mix 0,4L Glas Mehrweg",1.0,1.26,0.24,1.5,2026-04-30 12:00:00,2026-04-30,12,3
"Coca Cola Zero 0,4L Glas Mehrweg",1.0,1.26,0.24,1.5,2026-04-30 12:00:00,2026-04-30,12,3
Mars Ice Cream Eisriegel,1.0,2.34,0.16,2.5,2026-04-30 13:00:00,2026-04-30,13,3
La Magnum Almond,1.0,2.52,0.18,2.7,2026-04-30 15:00:00,2026-04-30,15,3
BF ICE CREAM Himbeere Fichte 100ml Bio V,1.0,2.33,0.17,2.5,2026-04-30 16:00:00,2026-04-30,16,3
BF ICE CREAM Weiße Schokolade & Waldbeer,1.0,2.34,0.16,2.5,2026-04-30 16:00:00,2026-04-30,16,3
"Leergut 0,15 EUR",3.0,0.38,0.07,0.45,2026-04-30 16:00:00,2026-04-30,16,3
Teinacher Mango Maracuja,1.0,1.35,0.25,1.6,2026-04-30 16:00:00,2026-04-30,16,3
Teinacher Johannisbeer Holunder,1.0,1.34,0.26,1.6,2026-04-30 16:00:00,2026-04-30,16,3
Teinacher classic,1.0,1.01,0.19,1.2,2026-04-30 16:00:00,2026-04-30,16,3
Kinder Bueno 43g Ferrero,1.0,0.93,0.07,1.0,2026-04-30 17:00:00,2026-04-30,17,3
Protein Bar Vanilla Stracci,1.0,0.93,0.07,1.0,2026-04-30 17:00:00,2026-04-30,17,3
GO FRESH Sandw Pute Ei,1.0,3.55,0.25,3.8,2026-04-30 17:00:00,2026-04-30,17,3
Koro Protein Bar Schoko Brownie,1.0,2.35,0.15,2.5,2026-04-30 17:00:00,2026-04-30,17,3
"Leergut 0,25 EUR",1.0,0.21,0.04,0.25,2026-04-30 18:00:00,2026-04-30,18,3
DPG Vitamin Well Hydrate,1.0,1.64,0.31,1.95,2026-04-30 18:00:00,2026-04-30,18,3
Hanuta 2er 44g,1.0,0.93,0.07,1.0,2026-04-30 19:00:00,2026-04-30,19,3
Shot Himbeere Ingwer 60ml,1.0,1.85,0.35,2.2,2026-04-30 19:00:00,2026-04-30,19,3
HOMEMADE Breakfastcup 285g,1.0,2.9,0.2,3.1,2026-04-30 20:00:00,2026-04-30,20,3
Shot Himbeere Ingwer 60ml,1.0,1.85,0.35,2.2,2026-04-30 20:00:00,2026-04-30,20,3
Wheat Germ & Tomato Cuori 250g,1.0,3.64,0.26,3.9,2026-04-30 21:00:00,2026-04-30,21,3
Chili & Lime Chili & Lima24 Beutel á 4,1.0,1.12,0.08,1.2,2026-04-30 21:00:00,2026-04-30,21,3
Black Truffle Trufa Negra 24 Beutel á,1.0,1.12,0.08,1.2,2026-04-30 21:00:00,2026-04-30,21,3
Oreo Classic,1.0,2.71,0.19,2.9,2026-04-30 21:00:00,2026-04-30,21,3
Bone dry Spätburgunder Rosé,1.0,10.0,1.9,11.9,2026-04-30 21:00:00,2026-04-30,21,3
"Leergut 0,08 EUR",1.0,0.07,0.01,0.08,2026-04-30 21:00:00,2026-04-30,21,3
"Moretti Beer 0,33L",1.0,1.68,0.32,2.0,2026-04-30 21:00:00,2026-04-30,21,3
Herta Finesse Schinken 100g,1.0,3.27,0.23,3.5,2026-05-01 01:00:00,2026-05-01,1,4
Mein Glück aus Mandeln,1.0,3.97,0.28,4.25,2026-05-01 01:00:00,2026-05-01,1,4
"Leergut 0,15 EUR",3.0,0.39,0.06,0.45,2026-05-01 12:00:00,2026-05-01,12,4
"Leergut 0,25 EUR",2.0,0.42,0.08,0.5,2026-05-01 12:00:00,2026-05-01,12,4
"Red Bull 0,25",2.0,2.13,0.41,2.54,2026-05-01 12:00:00,2026-05-01,12,4
"Coca Cola Zero 0,4L Glas Mehrweg",2.0,2.52,0.48,3.0,2026-05-01 12:00:00,2026-05-01,12,4
FUZE T PFIRSICH,1.0,1.43,0.27,1.7,2026-05-01 12:00:00,2026-05-01,12,4
Beef Jerky Original,1.0,2.34,0.16,2.5,2026-05-01 14:00:00,2026-05-01,14,4
Snickers Protein Riegel,2.0,5.98,0.42,6.4,2026-05-01 14:00:00,2026-05-01,14,4
Pringles SourCream & Onion,1.0,1.31,0.09,1.4,2026-05-01 14:00:00,2026-05-01,14,4
Beef Jerky Original,1.0,2.34,0.16,2.5,2026-05-01 20:00:00,2026-05-01,20,4
Snickers Riegel  2 Pack,1.0,1.12,0.08,1.2,2026-05-01 20:00:00,2026-05-01,20,4
Saltletts Sticks 75g,1.0,0.65,0.05,0.7,2026-05-01 20:00:00,2026-05-01,20,4
"Leergut 0,25 EUR",1.0,0.21,0.04,0.25,2026-05-01 20:00:00,2026-05-01,20,4
Red Bull Blue Edition,1.0,1.43,0.27,1.7,2026-05-01 20:00:00,2026-05-01,20,4
Protein Bar Chocolate,1.0,0.93,0.07,1.0,2026-05-02 10:00:00,2026-05-02,10,5
Brezeln,1.0,1.78,0.12,1.9,2026-05-02 10:00:00,2026-05-02,10,5
Koro Protein Bar Schoko Brownie,1.0,2.34,0.16,2.5,2026-05-02 10:00:00,2026-05-02,10,5
"Bio creamy cocos fairness 37,5g",1.0,1.12,0.08,1.2,2026-05-02 10:00:00,2026-05-02,10,5
"Leergut 0,25 EUR",5.0,1.05,0.2,1.25,2026-05-02 10:00:00,2026-05-02,10,5
"Red Bull 0,25",2.0,2.12,0.42,2.54,2026-05-02 10:00:00,2026-05-02,10,5
Red Bull Blue Edition,2.0,2.14,0.4,2.54,2026-05-02 10:00:00,2026-05-02,10,5
DPG Vitamin Well Hydrate,1.0,1.64,0.31,1.95,2026-05-02 10:00:00,2026-05-02,10,5
Barebells Soft Protein Coco Choco 55g,2.0,6.17,0.43,6.6,2026-05-02 12:00:00,2026-05-02,12,5
GO FRESH Wrap Tomat Mozza,1.0,3.55,0.25,3.8,2026-05-02 12:00:00,2026-05-02,12,5
GO FRESH Wrap Linse Falaf,1.0,3.55,0.25,3.8,2026-05-02 12:00:00,2026-05-02,12,5
Mars Protein 50g,1.0,2.99,0.21,3.2,2026-05-02 12:00:00,2026-05-02,12,5
Smothie Froosh Pineapple 250ml,1.0,2.02,0.38,2.4,2026-05-02 12:00:00,2026-05-02,12,5
Shot Beetroot 60ml,1.0,1.85,0.35,2.2,2026-05-02 12:00:00,2026-05-02,12,5
Shot Cucumber Ginger 60ml,1.0,1.85,0.35,2.2,2026-05-02 12:00:00,2026-05-02,12,5
Koro Protein Bar Schoko Brownie,2.0,4.67,0.33,5.0,2026-05-02 12:00:00,2026-05-02,12,5
"Leergut 0,25 EUR",1.0,0.21,0.04,0.25,2026-05-02 12:00:00,2026-05-02,12,5
DPG Vitamin Well Reload,1.0,1.64,0.31,1.95,2026-05-02 12:00:00,2026-05-02,12,5
Shot Himbeere Ingwer 60ml,2.0,3.7,0.7,4.4,2026-05-02 20:00:00,2026-05-02,20,5
Zewa UltraSoft Toilettenp,1.0,2.94,0.56,3.5,2026-05-03 10:00:00,2026-05-03,10,6
Manner Neapolitaner Schnitten 75g,1.0,0.93,0.07,1.0,2026-05-03 11:00:00,2026-05-03,11,6
HOMEMADE Breakfastcup 285g,1.0,2.9,0.2,3.1,2026-05-03 13:00:00,2026-05-03,13,6
"Leergut 0,25 EUR",4.0,0.84,0.16,1.0,2026-05-03 13:00:00,2026-05-03,13,6
"Red Bull 0,25",3.0,3.93,0.74,4.67,2026-05-03 13:00:00,2026-05-03,13,6
Red Bull Blue Edition,1.0,1.06,0.21,1.27,2026-05-03 13:00:00,2026-05-03,13,6
GO FRESH Wrap Chicken Chi,1.0,3.56,0.24,3.8,2026-05-03 15:00:00,2026-05-03,15,6
Kitkat Chunky 40g Nestlé,1.0,0.93,0.07,1.0,2026-05-03 15:00:00,2026-05-03,15,6
"Leergut 0,15 EUR",1.0,0.13,0.02,0.15,2026-05-03 15:00:00,2026-05-03,15,6
"Leergut 0,25 EUR",1.0,0.21,0.04,0.25,2026-05-03 15:00:00,2026-05-03,15,6
"Monster Energy 0,5l",1.0,1.85,0.35,2.2,2026-05-03 15:00:00,2026-05-03,15,6
"Mezzo Mix 0,4L Glas Mehrweg",1.0,1.26,0.24,1.5,2026-05-03 15:00:00,2026-05-03,15,6
Beef Jerky Original,1.0,2.34,0.16,2.5,2026-05-03 16:00:00,2026-05-03,16,6
Paprika Chips,1.0,2.33,0.17,2.5,2026-05-03 16:00:00,2026-05-03,16,6
"Leergut 0,15 EUR",1.0,0.13,0.02,0.15,2026-05-03 16:00:00,2026-05-03,16,6
"Leergut 0,25 EUR",1.0,0.21,0.04,0.25,2026-05-03 16:00:00,2026-05-03,16,6
"Monster Energy 0,5l",1.0,1.85,0.35,2.2,2026-05-03 16:00:00,2026-05-03,16,6
Teinacher classic,1.0,1.01,0.19,1.2,2026-05-03 16:00:00,2026-05-03,16,6
"Yayla Ayran Tetra 0,25L",1.0,1.01,0.19,1.2,2026-05-03 17:00:00,2026-05-03,17,6
Bio cookies & choc fairness 45g,1.0,1.12,0.08,1.2,2026-05-03 17:00:00,2026-05-03,17,6
"Leergut 0,25 EUR",1.0,0.21,0.04,0.25,2026-05-03 17:00:00,2026-05-03,17,6
DPG Vitamin Well Hydrate,1.0,1.64,0.31,1.95,2026-05-03 17:00:00,2026-05-03,17,6
"Leergut 0,25 EUR",1.0,0.21,0.04,0.25,2026-05-04 09:00:00,2026-05-04,9,0
DPG Vitamin Well Reload,1.0,1.64,0.31,1.95,2026-05-04 09:00:00,2026-05-04,9,0
Barebells Soft Protein Coco Choco 55g,1.0,3.08,0.22,3.3,2026-05-04 10:00:00,2026-05-04,10,0
"Leergut 0,25 EUR",2.0,0.42,0.08,0.5,2026-05-04 10:00:00,2026-05-04,10,0
"Red Bull 0,25",2.0,1.43,0.27,1.7,2026-05-04 10:00:00,2026-05-04,10,0
Tempo fresh to go Protect,1.0,1.68,0.32,2.0,2026-05-04 11:00:00,2026-05-04,11,0
Koro Protein Bar Schoko Brownie,2.0,4.67,0.33,5.0,2026-05-04 12:00:00,2026-05-04,12,0
"Leergut 0,15 EUR",2.0,0.25,0.05,0.3,2026-05-04 12:00:00,2026-05-04,12,0
"Coca Cola Zero 0,4L Glas Mehrweg",2.0,2.52,0.48,3.0,2026-05-04 12:00:00,2026-05-04,12,0
"Leergut 0,25 EUR",2.0,0.42,0.08,0.5,2026-05-04 13:00:00,2026-05-04,13,0
"Red Bull 0,25",2.0,1.43,0.27,1.7,2026-05-04 13:00:00,2026-05-04,13,0
Airwaves Menth & Eucalypt,3.0,2.8,0.2,3.0,2026-05-04 14:00:00,2026-05-04,14,0
"Leergut 0,15 EUR",1.0,0.13,0.02,0.15,2026-05-04 14:00:00,2026-05-04,14,0
"Leergut 0,25 EUR",2.0,0.42,0.08,0.5,2026-05-04 14:00:00,2026-05-04,14,0
"Red Bull 0,25",1.0,1.07,0.2,1.27,2026-05-04 14:00:00,2026-05-04,14,0
DPG Vitamin Well Reload,1.0,1.64,0.31,1.95,2026-05-04 14:00:00,2026-05-04,14,0
"Coca Cola Zero 0,4L Glas Mehrweg",1.0,1.26,0.24,1.5,2026-05-04 14:00:00,2026-05-04,14,0
Protein Bar Vanilla Stracci,1.0,0.93,0.07,1.0,2026-05-04 16:00:00,2026-05-04,16,0
HOMEMADE BUN Veggie Laugenecke Tom Moz,1.0,2.34,0.16,2.5,2026-05-04 16:00:00,2026-05-04,16,0
"Yayla Ayran Tetra 0,25L",1.0,1.01,0.19,1.2,2026-05-04 16:00:00,2026-05-04,16,0
GIANT Yoghurt Flapjack Banana,1.0,1.12,0.08,1.2,2026-05-04 16:00:00,2026-05-04,16,0
"Bio creamy cocos fairness 37,5g",1.0,1.13,0.07,1.2,2026-05-04 16:00:00,2026-05-04,16,0
"Leergut 0,25 EUR",2.0,0.42,0.08,0.5,2026-05-04 16:00:00,2026-05-04,16,0
"Red Bull 0,25",2.0,2.14,0.4,2.54,2026-05-04 16:00:00,2026-05-04,16,0
Airwaves Menth & Eucalypt,1.0,0.93,0.07,1.0,2026-05-04 17:00:00,2026-05-04,17,0
La Magnum Almond,1.0,2.52,0.18,2.7,2026-05-04 17:00:00,2026-05-04,17,0
HOMEMADE Breakfastcup 285g,1.0,2.9,0.2,3.1,2026-05-04 17:00:00,2026-05-04,17,0
GIANT Yoghurt Flapjack Banana,1.0,1.12,0.08,1.2,2026-05-04 17:00:00,2026-05-04,17,0
"Leergut 0,15 EUR",6.0,0.76,0.14,0.9,2026-05-04 17:00:00,2026-05-04,17,0
Teinacher classic,2.0,2.02,0.38,2.4,2026-05-04 17:00:00,2026-05-04,17,0
"Mezzo Mix 0,4L Glas Mehrweg",1.0,1.26,0.24,1.5,2026-05-04 17:00:00,2026-05-04,17,0
"Coca Cola 0,4L Glas Mehrweg",1.0,1.26,0.24,1.5,2026-05-04 17:00:00,2026-05-04,17,0
"Coca Cola Zero 0,4L Glas Mehrweg",1.0,1.26,0.24,1.5,2026-05-04 17:00:00,2026-05-04,17,0
FUZE T PFIRSICH,1.0,1.43,0.27,1.7,2026-05-04 17:00:00,2026-05-04,17,0
Protein Bar Chocolate,1.0,0.93,0.07,1.0,2026-05-04 18:00:00,2026-05-04,18,0
Beef Jerky Original,1.0,2.34,0.16,2.5,2026-05-04 18:00:00,2026-05-04,18,0
Kinderriegel,1.0,0.47,0.03,0.5,2026-05-04 18:00:00,2026-05-04,18,0
"Leergut 0,15 EUR",1.0,0.13,0.02,0.15,2026-05-04 18:00:00,2026-05-04,18,0
"Leergut 0,25 EUR",1.0,0.21,0.04,0.25,2026-05-04 18:00:00,2026-05-04,18,0
DPG Vitamin Well Reload,1.0,1.64,0.31,1.95,2026-05-04 18:00:00,2026-05-04,18,0
Teinacher classic,1.0,1.01,0.19,1.2,2026-05-04 18:00:00,2026-05-04,18,0
HOMEMADE BUN VEGAN,1.0,2.34,0.16,2.5,2026-05-05 07:00:00,2026-05-05,7,1
Deostick Sweet Summer,1.0,3.32,0.63,3.95,2026-05-05 09:00:00,2026-05-05,9,1
Airwaves Menth & Eucalypt,1.0,0.93,0.07,1.0,2026-05-05 10:00:00,2026-05-05,10,1
Gilette Disposable razor,1.0,3.11,0.59,3.7,2026-05-05 10:00:00,2026-05-05,10,1
Rexona Deo Men Cobalt Dry,1.0,3.28,0.62,3.9,2026-05-05 10:00:00,2026-05-05,10,1
Starbucks Caramel Macchiato,1.0,2.76,0.19,2.95,2026-05-05 10:00:00,2026-05-05,10,1
Airwaves Menth & Eucalypt Box,1.0,2.71,0.19,2.9,2026-05-05 10:00:00,2026-05-05,10,1
Koro Protein Bar Schoko Brownie,1.0,2.34,0.16,2.5,2026-05-05 11:00:00,2026-05-05,11,1
"Leergut 0,08 EUR",1.0,0.07,0.01,0.08,2026-05-05 11:00:00,2026-05-05,11,1
Welde Alkoholfrei,1.0,1.43,0.27,1.7,2026-05-05 11:00:00,2026-05-05,11,1
Twix Ice Cream Eisriegel,1.0,2.34,0.16,2.5,2026-05-05 12:00:00,2026-05-05,12,1
Koro Protein Bar Schoko Brownie,2.0,4.67,0.33,5.0,2026-05-05 12:00:00,2026-05-05,12,1
"Leergut 0,08 EUR",2.0,0.13,0.03,0.16,2026-05-05 12:00:00,2026-05-05,12,1
"Leergut 0,25 EUR",2.0,0.42,0.08,0.5,2026-05-05 12:00:00,2026-05-05,12,1
Red Bull Green Edition,1.0,1.07,0.2,1.27,2026-05-05 12:00:00,2026-05-05,12,1
Red Bull Blue Edition,1.0,1.06,0.21,1.27,2026-05-05 12:00:00,2026-05-05,12,1
Welde Slow,2.0,2.86,0.54,3.4,2026-05-05 12:00:00,2026-05-05,12,1
"Leergut 0,15 EUR",1.0,0.13,0.02,0.15,2026-05-05 14:00:00,2026-05-05,14,1
"Coca Cola Zero 0,4L Glas Mehrweg",1.0,1.26,0.24,1.5,2026-05-05 14:00:00,2026-05-05,14,1
KitKat,1.0,0.93,0.07,1.0,2026-05-05 16:00:00,2026-05-05,16,1
"Leergut 0,15 EUR",1.0,0.13,0.02,0.15,2026-05-05 16:00:00,2026-05-05,16,1
"Coca Cola Zero 0,4L Glas Mehrweg",1.0,1.26,0.24,1.5,2026-05-05 16:00:00,2026-05-05,16,1
Beef Jerky Original,1.0,2.34,0.16,2.5,2026-05-05 17:00:00,2026-05-05,17,1
Toothpaste Blenda Med,1.0,1.6,0.3,1.9,2026-05-05 17:00:00,2026-05-05,17,1
GO FRESH Wrap Thunfisch,1.0,3.55,0.25,3.8,2026-05-05 17:00:00,2026-05-05,17,1
XL Laugenbrezel 130g FG,1.0,1.31,0.09,1.4,2026-05-05 17:00:00,2026-05-05,17,1
Smothie Froosh Pineapple 250ml,1.0,2.02,0.38,2.4,2026-05-05 17:00:00,2026-05-05,17,1
Bio poppy & vanilla fairness 45g,1.0,1.12,0.08,1.2,2026-05-05 17:00:00,2026-05-05,17,1
"Leergut 0,08 EUR",1.0,0.07,0.01,0.08,2026-05-05 17:00:00,2026-05-05,17,1
Welde Alkoholfrei,1.0,1.43,0.27,1.7,2026-05-05 17:00:00,2026-05-05,17,1
GO FRESH Wrap Thunfisch,1.0,3.55,0.25,3.8,2026-05-05 18:00:00,2026-05-05,18,1
Riegel Vegan Peanut Caramel 55g Barebell,1.0,2.69,0.51,3.2,2026-05-05 18:00:00,2026-05-05,18,1
"Leergut 0,25 EUR",1.0,0.21,0.04,0.25,2026-05-05 18:00:00,2026-05-05,18,1
DPG Vitamin Well Hydrate,1.0,1.64,0.31,1.95,2026-05-05 18:00:00,2026-05-05,18,1
"Leergut 0,25 EUR",1.0,0.21,0.04,0.25,2026-05-05 19:00:00,2026-05-05,19,1
DPG Vitamin Well Reload,1.0,1.64,0.31,1.95,2026-05-05 19:00:00,2026-05-05,19,1
HOMEMADE Breakfastcup 285g,1.0,2.9,0.2,3.1,2026-05-05 22:00:00,2026-05-05,22,1
Hausmacher Leberwurst 200g Dose,1.0,3.64,0.26,3.9,2026-05-06 09:00:00,2026-05-06,9,2
Koro Protein Bar Schoko Brownie,2.0,4.67,0.33,5.0,2026-05-06 11:00:00,2026-05-06,11,2
Protein Bar Chocolate,1.0,0.93,0.07,1.0,2026-05-06 12:00:00,2026-05-06,12,2
La Magnum Almond,1.0,2.52,0.18,2.7,2026-05-06 12:00:00,2026-05-06,12,2
Twix Ice Cream Eisriegel,1.0,2.34,0.16,2.5,2026-05-06 12:00:00,2026-05-06,12,2
Airwaves Menth & Eucalypt,1.0,0.93,0.07,1.0,2026-05-06 13:00:00,2026-05-06,13,2
Koro Protein Bar Schoko Brownie,1.0,2.34,0.16,2.5,2026-05-06 13:00:00,2026-05-06,13,2
"Leergut 0,08 EUR",1.0,0.07,0.01,0.08,2026-05-06 13:00:00,2026-05-06,13,2
Welde Alkoholfrei,1.0,1.43,0.27,1.7,2026-05-06 13:00:00,2026-05-06,13,2
Duplo,1.0,0.47,0.03,0.5,2026-05-06 14:00:00,2026-05-06,14,2
BLACK FOREST ICE CREAM Schokolade 100ml,1.0,2.33,0.17,2.5,2026-05-06 14:00:00,2026-05-06,14,2
Mentos Gum Pure Frost,1.0,3.27,0.23,3.5,2026-05-06 14:00:00,2026-05-06,14,2
HOMEMADE BUN VEGAN,1.0,2.34,0.16,2.5,2026-05-06 14:00:00,2026-05-06,14,2
"Leergut 0,15 EUR",1.0,0.13,0.02,0.15,2026-05-06 14:00:00,2026-05-06,14,2
"Leergut 0,25 EUR",3.0,0.63,0.12,0.75,2026-05-06 14:00:00,2026-05-06,14,2
Red Bull Green Edition,1.0,0.71,0.14,0.85,2026-05-06 14:00:00,2026-05-06,14,2
"Red Bull 0,25",1.0,0.72,0.13,0.85,2026-05-06 14:00:00,2026-05-06,14,2
YFood Trink Vanilla,1.0,4.58,0.32,4.9,2026-05-06 14:00:00,2026-05-06,14,2
"Coca Cola Zero 0,4L Glas Mehrweg",1.0,1.26,0.24,1.5,2026-05-06 14:00:00,2026-05-06,14,2
Paprika Chips,1.0,2.34,0.16,2.5,2026-05-06 15:00:00,2026-05-06,15,2
Smothie Froosh Pineapple 250ml,1.0,2.02,0.38,2.4,2026-05-06 15:00:00,2026-05-06,15,2
"Leergut 0,25 EUR",1.0,0.21,0.04,0.25,2026-05-06 15:00:00,2026-05-06,15,2
DPG Vitamin Well Hydrate,1.0,1.64,0.31,1.95,2026-05-06 15:00:00,2026-05-06,15,2
Graci Müsli light,1.0,3.64,0.26,3.9,2026-05-06 16:00:00,2026-05-06,16,2
La Nogger Choc,1.0,1.87,0.13,2.0,2026-05-06 16:00:00,2026-05-06,16,2
La Magnum Almond,1.0,2.52,0.18,2.7,2026-05-06 16:00:00,2026-05-06,16,2
La Magnum Classic,2.0,5.05,0.35,5.4,2026-05-06 16:00:00,2026-05-06,16,2
Twix Ice Cream Eisriegel,1.0,2.34,0.16,2.5,2026-05-06 16:00:00,2026-05-06,16,2
HOMEMADE BUN Salami,1.0,2.34,0.16,2.5,2026-05-06 16:00:00,2026-05-06,16,2
HOMEMADE Breakfastcup 285g,1.0,2.9,0.2,3.1,2026-05-06 16:00:00,2026-05-06,16,2
BIO Hafer Drink Moccaccino 12 x 235ml Oa,1.0,1.89,0.36,2.25,2026-05-06 16:00:00,2026-05-06,16,2
Mein Glück Milch Kakao,1.0,3.98,0.27,4.25,2026-05-06 16:00:00,2026-05-06,16,2
Koro Protein Bar Schoko Brownie,1.0,2.34,0.16,2.5,2026-05-06 16:00:00,2026-05-06,16,2
Gepa Schokolade Noir Edelbitter 100g,1.0,2.57,0.18,2.75,2026-05-06 16:00:00,2026-05-06,16,2
"Leergut 0,15 EUR",2.0,0.26,0.04,0.3,2026-05-06 16:00:00,2026-05-06,16,2
Teinacher Mineralwasser Naturell 0.33,1.0,1.01,0.19,1.2,2026-05-06 16:00:00,2026-05-06,16,2
Teinacher classic,1.0,1.01,0.19,1.2,2026-05-06 16:00:00,2026-05-06,16,2
Paprika Chips,1.0,2.34,0.16,2.5,2026-05-06 18:00:00,2026-05-06,18,2
"Leergut 0,15 EUR",1.0,0.13,0.02,0.15,2026-05-06 18:00:00,2026-05-06,18,2
"Coca Cola Zero 0,4L Glas Mehrweg",1.0,1.26,0.24,1.5,2026-05-06 18:00:00,2026-05-06,18,2
GO FRESH Wrap Chicken Chi,1.0,3.55,0.25,3.8,2026-05-06 19:00:00,2026-05-06,19,2
Laugenbrezel mit Butter,2.0,3.36,0.24,3.6,2026-05-06 19:00:00,2026-05-06,19,2
HOMEMADE BUN HAM,1.0,2.34,0.16,2.5,2026-05-06 19:00:00,2026-05-06,19,2
HOMEMADE BUN Veggie Laugenecke Tom Moz,2.0,4.67,0.33,5.0,2026-05-06 19:00:00,2026-05-06,19,2
Koro Protein Bar Schoko Brownie,1.0,2.34,0.16,2.5,2026-05-06 19:00:00,2026-05-06,19,2
"Leergut 0,25 EUR",3.0,0.63,0.12,0.75,2026-05-06 19:00:00,2026-05-06,19,2
"Red Bull 0,25",3.0,2.5,0.47,2.97,2026-05-06 19:00:00,2026-05-06,19,2
"Leergut 0,25 EUR",1.0,0.21,0.04,0.25,2026-05-07 09:00:00,2026-05-07,9,3
"Red Bull 0,25",1.0,1.07,0.2,1.27,2026-05-07 09:00:00,2026-05-07,9,3
Koro Protein Bar Schoko Brownie,1.0,2.33,0.17,2.5,2026-05-07 11:00:00,2026-05-07,11,3
Koro Protein Bar Peanut Chocolate,1.0,2.06,0.14,2.2,2026-05-07 11:00:00,2026-05-07,11,3
"Leergut 0,25 EUR",1.0,0.21,0.04,0.25,2026-05-07 11:00:00,2026-05-07,11,3
"Red Bull 0,25",1.0,1.07,0.2,1.27,2026-05-07 11:00:00,2026-05-07,11,3
HOMEMADE BUN VEGAN,1.0,2.33,0.17,2.5,2026-05-07 12:00:00,2026-05-07,12,3
Koro Protein Bar Schoko Brownie,1.0,2.34,0.16,2.5,2026-05-07 12:00:00,2026-05-07,12,3
"Leergut 0,08 EUR",1.0,0.07,0.01,0.08,2026-05-07 12:00:00,2026-05-07,12,3
"Leergut 0,25 EUR",2.0,0.42,0.08,0.5,2026-05-07 12:00:00,2026-05-07,12,3
DPG Vitamin Well Reload,2.0,3.28,0.62,3.9,2026-05-07 12:00:00,2026-05-07,12,3
Welde Alkoholfrei,1.0,1.43,0.27,1.7,2026-05-07 12:00:00,2026-05-07,12,3
Laugenbrezel mit Pfeffer,1.0,1.68,0.12,1.8,2026-05-07 13:00:00,2026-05-07,13,3
HOMEMADE BUN HAM,1.0,2.34,0.16,2.5,2026-05-07 13:00:00,2026-05-07,13,3
GIANT Yoghurt Flapjack Banana,1.0,1.12,0.08,1.2,2026-05-07 13:00:00,2026-05-07,13,3
"Leergut 0,08 EUR",4.0,0.27,0.05,0.32,2026-05-07 13:00:00,2026-05-07,13,3
"Leergut 0,15 EUR",1.0,0.13,0.02,0.15,2026-05-07 13:00:00,2026-05-07,13,3
"Leergut 0,25 EUR",2.0,0.42,0.08,0.5,2026-05-07 13:00:00,2026-05-07,13,3
Red Bull White Edition,1.0,1.07,0.2,1.27,2026-05-07 13:00:00,2026-05-07,13,3
DPG Vitamin Well Prepare,1.0,1.64,0.31,1.95,2026-05-07 13:00:00,2026-05-07,13,3
Welde Slow,2.0,2.85,0.55,3.4,2026-05-07 13:00:00,2026-05-07,13,3
Welde Alkoholfrei,2.0,2.86,0.54,3.4,2026-05-07 13:00:00,2026-05-07,13,3
"Coca Cola Zero 0,4L Glas Mehrweg",1.0,1.26,0.24,1.5,2026-05-07 13:00:00,2026-05-07,13,3
Knoppers,1.0,0.47,0.03,0.5,2026-05-07 14:00:00,2026-05-07,14,3
Gefüllter Triple Chocolate Muffin,1.0,2.05,0.15,2.2,2026-05-07 14:00:00,2026-05-07,14,3
Berliner Brezel 70g FB,1.0,1.68,0.12,1.8,2026-05-07 15:00:00,2026-05-07,15,3
M Candy Schokoerdnüsse,1.0,1.78,0.12,1.9,2026-05-07 15:00:00,2026-05-07,15,3
La Cornetto Haselnuss,1.0,1.87,0.13,2.0,2026-05-07 15:00:00,2026-05-07,15,3
"Leergut 0,25 EUR",4.0,0.84,0.16,1.0,2026-05-07 15:00:00,2026-05-07,15,3
"Red Bull 0,25",3.0,2.15,0.4,2.55,2026-05-07 15:00:00,2026-05-07,15,3
Red Bull Sea Blue Edition,1.0,0.71,0.14,0.85,2026-05-07 15:00:00,2026-05-07,15,3
Beef Jerky Original,1.0,2.34,0.16,2.5,2026-05-07 16:00:00,2026-05-07,16,3
HofEis Joghurt Heidelbeere 130ml,1.0,2.34,0.16,2.5,2026-05-07 17:00:00,2026-05-07,17,3
Disposable cutlery set,1.0,0.25,0.05,0.3,2026-05-07 17:00:00,2026-05-07,17,3
M&M Peanut,1.0,0.93,0.07,1.0,2026-05-07 18:00:00,2026-05-07,18,3
Oreo Classic,1.0,2.71,0.19,2.9,2026-05-07 18:00:00,2026-05-07,18,3
Beef Jerky Original,1.0,2.34,0.16,2.5,2026-05-07 18:00:00,2026-05-07,18,3
Haribo Tropifrutti 100g. 30St.,1.0,0.93,0.07,1.0,2026-05-07 18:00:00,2026-05-07,18,3
HofEis Erdbeere Sorbet 130ml,1.0,2.33,0.17,2.5,2026-05-07 20:00:00,2026-05-07,20,3
BF ICE CREAM Himbeere Fichte 100ml Bio V,1.0,2.34,0.16,2.5,2026-05-07 20:00:00,2026-05-07,20,3
HOMEMADE Breakfastcup 285g,1.0,2.9,0.2,3.1,2026-05-07 21:00:00,2026-05-07,21,3
Shot Himbeere Ingwer 60ml,1.0,1.85,0.35,2.2,2026-05-07 21:00:00,2026-05-07,21,3
Currywurst Snack,1.0,1.68,0.12,1.8,2026-05-08 08:00:00,2026-05-08,8,4
Mexicana Stange,1.0,1.68,0.12,1.8,2026-05-08 08:00:00,2026-05-08,8,4
XL Laugenbrezel 130g FG,1.0,1.31,0.09,1.4,2026-05-08 08:00:00,2026-05-08,8,4
HOMEMADE BUN HAM,1.0,2.34,0.16,2.5,2026-05-08 08:00:00,2026-05-08,8,4
Airwaves Menth & Eucalypt Box,1.0,2.71,0.19,2.9,2026-05-08 12:00:00,2026-05-08,12,4
"Leergut 0,25 EUR",6.0,1.26,0.24,1.5,2026-05-08 12:00:00,2026-05-08,12,4
Red Bull Green Edition,1.0,0.71,0.14,0.85,2026-05-08 12:00:00,2026-05-08,12,4
"Red Bull 0,25",5.0,4.28,0.81,5.09,2026-05-08 12:00:00,2026-05-08,12,4
Mionetto Treviso Prosecco Frizzante,1.0,6.64,1.26,7.9,2026-05-08 13:00:00,2026-05-08,13,4
"Leergut 0,25 EUR",4.0,0.84,0.16,1.0,2026-05-08 13:00:00,2026-05-08,13,4
"Red Bull 0,25",2.0,2.14,0.4,2.54,2026-05-08 13:00:00,2026-05-08,13,4
DPG Vitamin Well Reload,1.0,1.64,0.31,1.95,2026-05-08 13:00:00,2026-05-08,13,4
DPG Vitamin Well Prepare,1.0,1.64,0.31,1.95,2026-05-08 13:00:00,2026-05-08,13,4
GIANT Flapjack Blueberry,1.0,1.12,0.08,1.2,2026-05-08 14:00:00,2026-05-08,14,4
"Leergut 0,25 EUR",2.0,0.42,0.08,0.5,2026-05-08 14:00:00,2026-05-08,14,4
"Red Bull 0,25",1.0,0.72,0.13,0.85,2026-05-08 14:00:00,2026-05-08,14,4
Red Bull Sea Blue Edition,1.0,0.71,0.14,0.85,2026-05-08 14:00:00,2026-05-08,14,4
Knoppers,1.0,0.47,0.03,0.5,2026-05-08 15:00:00,2026-05-08,15,4
BF ICE CREAM Himbeere Fichte 100ml Bio V,1.0,2.34,0.16,2.5,2026-05-08 15:00:00,2026-05-08,15,4
Disposable cutlery set,1.0,0.25,0.05,0.3,2026-05-08 15:00:00,2026-05-08,15,4
GO FRESH Pastasalat Lyoner Erbse,1.0,3.27,0.23,3.5,2026-05-08 15:00:00,2026-05-08,15,4
GO FRESH Wrap Tomat Mozza,1.0,3.55,0.25,3.8,2026-05-08 15:00:00,2026-05-08,15,4
Protein Bar Chocolate,1.0,0.93,0.07,1.0,2026-05-08 16:00:00,2026-05-08,16,4
Protein Bar Vanilla Stracci,1.0,0.94,0.06,1.0,2026-05-08 16:00:00,2026-05-08,16,4
La Nogger Choc,1.0,1.87,0.13,2.0,2026-05-08 16:00:00,2026-05-08,16,4
La Magnum Classic,1.0,2.52,0.18,2.7,2026-05-08 16:00:00,2026-05-08,16,4
"Leergut 0,08 EUR",4.0,0.27,0.05,0.32,2026-05-08 16:00:00,2026-05-08,16,4
Welde Slow,2.0,2.85,0.55,3.4,2026-05-08 16:00:00,2026-05-08,16,4
Welde Naturradler,2.0,2.86,0.54,3.4,2026-05-08 16:00:00,2026-05-08,16,4
Barebells Soft Protein Coco Choco 55g,1.0,3.08,0.22,3.3,2026-05-08 17:00:00,2026-05-08,17,4
GO FRESH Sandw Käse,1.0,3.55,0.25,3.8,2026-05-08 17:00:00,2026-05-08,17,4
Brown Donut,1.0,1.4,0.1,1.5,2026-05-08 17:00:00,2026-05-08,17,4
HOMEMADE Breakfastcup 285g,1.0,2.9,0.2,3.1,2026-05-08 17:00:00,2026-05-08,17,4
Koro Protein Bar Schoko Brownie,1.0,2.34,0.16,2.5,2026-05-08 17:00:00,2026-05-08,17,4
Koro Protein Bar Butter Cups,1.0,2.34,0.16,2.5,2026-05-08 17:00:00,2026-05-08,17,4
"Leergut 0,25 EUR",2.0,0.42,0.08,0.5,2026-05-08 17:00:00,2026-05-08,17,4
Hochwald Eis Macchiato,1.0,1.31,0.09,1.4,2026-05-08 17:00:00,2026-05-08,17,4
"Red Bull 0,25",1.0,1.07,0.2,1.27,2026-05-08 17:00:00,2026-05-08,17,4
Knoppers,1.0,0.47,0.03,0.5,2026-05-08 22:00:00,2026-05-08,22,4
Coffee Cup Small,1.0,1.26,0.24,1.5,2026-05-08 22:00:00,2026-05-08,22,4
Beef Jerky Original,2.0,4.67,0.33,5.0,2026-05-09 09:00:00,2026-05-09,9,5
Beef Jerky Sweet & Hot,1.0,2.34,0.16,2.5,2026-05-09 09:00:00,2026-05-09,9,5
"Leergut 0,25 EUR",1.0,0.21,0.04,0.25,2026-05-09 09:00:00,2026-05-09,9,5
DPG Vitamin Well Reload,1.0,1.64,0.31,1.95,2026-05-09 09:00:00,2026-05-09,9,5
La Magnum Almond,1.0,2.52,0.18,2.7,2026-05-09 14:00:00,2026-05-09,14,5
Starbucks Caffé Latte,1.0,2.76,0.19,2.95,2026-05-09 14:00:00,2026-05-09,14,5
"Leergut 0,25 EUR",2.0,0.42,0.08,0.5,2026-05-09 15:00:00,2026-05-09,15,5
"Red Bull 0,25",2.0,1.43,0.27,1.7,2026-05-09 15:00:00,2026-05-09,15,5
HofEis Stracciatella 130ml,1.0,2.34,0.16,2.5,2026-05-09 16:00:00,2026-05-09,16,5
Beef Jerky Sweet & Hot,1.0,2.34,0.16,2.5,2026-05-09 17:00:00,2026-05-09,17,5
Hanuta 2er 44g,1.0,0.93,0.07,1.0,2026-05-09 17:00:00,2026-05-09,17,5
"Leergut 0,15 EUR",1.0,0.13,0.02,0.15,2026-05-09 17:00:00,2026-05-09,17,5
"Mezzo Mix 0,4L Glas Mehrweg",1.0,1.26,0.24,1.5,2026-05-09 17:00:00,2026-05-09,17,5
La Cornetto Haselnuss,1.0,1.87,0.13,2.0,2026-05-10 12:00:00,2026-05-10,12,6
Haribo Goldbären 100g,1.0,0.93,0.07,1.0,2026-05-10 12:00:00,2026-05-10,12,6
BLACK FOREST ICE CREAM Vanille 100ml Bio,1.0,2.34,0.16,2.5,2026-05-10 15:00:00,2026-05-10,15,6
La Magnum Almond,1.0,2.52,0.18,2.7,2026-05-10 15:00:00,2026-05-10,15,6
M&M Peanut,1.0,0.93,0.07,1.0,2026-05-10 16:00:00,2026-05-10,16,6
Icefrocks Premium Eiswürf,1.0,2.34,0.16,2.5,2026-05-10 16:00:00,2026-05-10,16,6
Beef Jerky Original,1.0,2.34,0.16,2.5,2026-05-10 18:00:00,2026-05-10,18,6
La Magnum Almond,1.0,2.52,0.18,2.7,2026-05-10 18:00:00,2026-05-10,18,6
La Cornetto Haselnuss,1.0,1.87,0.13,2.0,2026-05-10 18:00:00,2026-05-10,18,6
Manner Neapolitaner Schnitten 75g,1.0,0.93,0.07,1.0,2026-05-11 10:00:00,2026-05-11,10,0
Protein Bar Chocolate,1.0,0.93,0.07,1.0,2026-05-11 10:00:00,2026-05-11,10,0
Berliner Brezel 70g FB,1.0,1.68,0.12,1.8,2026-05-11 10:00:00,2026-05-11,10,0
Filly Nut Donut,1.0,1.4,0.1,1.5,2026-05-11 10:00:00,2026-05-11,10,0
Beef Jerky Original,1.0,2.34,0.16,2.5,2026-05-11 10:00:00,2026-05-11,10,0
Studentenfutt,2.0,3.74,0.26,4.0,2026-05-11 10:00:00,2026-05-11,10,0
Laugenbrezel mit Butter,2.0,3.36,0.24,3.6,2026-05-11 10:00:00,2026-05-11,10,0
"Leergut 0,15 EUR",4.0,0.52,0.08,0.6,2026-05-11 10:00:00,2026-05-11,10,0
"Leergut 0,25 EUR",2.0,0.42,0.08,0.5,2026-05-11 10:00:00,2026-05-11,10,0
Red Bull White Edition,1.0,1.07,0.2,1.27,2026-05-11 10:00:00,2026-05-11,10,0
DPG Vitamin Well Reload,1.0,1.64,0.31,1.95,2026-05-11 10:00:00,2026-05-11,10,0
"Mezzo Mix 0,4L Glas Mehrweg",2.0,2.52,0.48,3.0,2026-05-11 10:00:00,2026-05-11,10,0
"Coca Cola 0,4L Glas Mehrweg",1.0,1.26,0.24,1.5,2026-05-11 10:00:00,2026-05-11,10,0
"Coca Cola Zero 0,4L Glas Mehrweg",1.0,1.26,0.24,1.5,2026-05-11 10:00:00,2026-05-11,10,0
Koro Protein Bar Pistachio,1.0,2.71,0.19,2.9,2026-05-11 12:00:00,2026-05-11,12,0
Bio cookies & choc fairness 45g,1.0,1.12,0.08,1.2,2026-05-11 13:00:00,2026-05-11,13,0
Beef Jerky Original,1.0,2.34,0.16,2.5,2026-05-11 16:00:00,2026-05-11,16,0
Beef Jerky Sweet & Hot,2.0,4.67,0.33,5.0,2026-05-11 16:00:00,2026-05-11,16,0
OralB Classic Car 35 Mit,1.0,0.92,0.18,1.1,2026-05-11 16:00:00,2026-05-11,16,0
Snickers Riegel  2 Pack,1.0,1.12,0.08,1.2,2026-05-11 16:00:00,2026-05-11,16,0
HOMEMADE BUN HAM,1.0,2.34,0.16,2.5,2026-05-11 16:00:00,2026-05-11,16,0
HOMEMADE BUN VEGAN,1.0,2.34,0.16,2.5,2026-05-11 16:00:00,2026-05-11,16,0
"Leergut 0,25 EUR",1.0,0.21,0.04,0.25,2026-05-11 16:00:00,2026-05-11,16,0
"Red Bull 0,25",1.0,1.07,0.2,1.27,2026-05-11 16:00:00,2026-05-11,16,0
Brown Donut,1.0,1.4,0.1,1.5,2026-05-11 17:00:00,2026-05-11,17,0
Koro Protein Bar Peanut Chocolate,1.0,2.06,0.14,2.2,2026-05-11 17:00:00,2026-05-11,17,0
"Leergut 0,25 EUR",1.0,0.21,0.04,0.25,2026-05-11 17:00:00,2026-05-11,17,0
Red Bull Sea Blue Edition,1.0,1.07,0.2,1.27,2026-05-11 17:00:00,2026-05-11,17,0
Airwaves Menth & Eucalypt,1.0,0.93,0.07,1.0,2026-05-11 19:00:00,2026-05-11,19,0
HOMEMADE BUN Veggie Laugenecke Tom Moz,1.0,2.35,0.15,2.5,2026-05-11 19:00:00,2026-05-11,19,0
Shot Ginger Apple 60ml,1.0,1.85,0.35,2.2,2026-05-11 19:00:00,2026-05-11,19,0
GIANT Flapjack Raspberry,1.0,1.12,0.08,1.2,2026-05-11 19:00:00,2026-05-11,19,0
GIANT Flapjack Hazelnut,1.0,1.12,0.08,1.2,2026-05-11 19:00:00,2026-05-11,19,0
GIANT Flapjack Pecanut,1.0,1.12,0.08,1.2,2026-05-11 19:00:00,2026-05-11,19,0
The Yeah Blend Green Matcha Latte Powder,1.0,18.22,1.28,19.5,2026-05-11 19:00:00,2026-05-11,19,0
"Leergut 0,15 EUR",1.0,0.13,0.02,0.15,2026-05-11 19:00:00,2026-05-11,19,0
"Leergut 0,25 EUR",1.0,0.21,0.04,0.25,2026-05-11 19:00:00,2026-05-11,19,0
"Red Bull 0,25",1.0,1.07,0.2,1.27,2026-05-11 19:00:00,2026-05-11,19,0
"Coca Cola Zero 0,4L Glas Mehrweg",1.0,1.26,0.24,1.5,2026-05-11 19:00:00,2026-05-11,19,0
Schinken Käse Croissant Snack,1.0,1.68,0.12,1.8,2026-05-12 08:00:00,2026-05-12,8,1
Currywurst Snack,1.0,1.68,0.12,1.8,2026-05-12 08:00:00,2026-05-12,8,1
"Leergut 0,15 EUR",1.0,0.13,0.02,0.15,2026-05-12 08:00:00,2026-05-12,8,1
"Leergut 0,25 EUR",2.0,0.42,0.08,0.5,2026-05-12 08:00:00,2026-05-12,8,1
"Red Bull 0,25",2.0,1.43,0.27,1.7,2026-05-12 08:00:00,2026-05-12,8,1
"Coca Cola Zero 0,4L Glas Mehrweg",1.0,1.26,0.24,1.5,2026-05-12 08:00:00,2026-05-12,8,1
Laugenbrezel mit Butter,1.0,1.68,0.12,1.8,2026-05-12 09:00:00,2026-05-12,9,1
Kinder Bueno 43g Ferrero,3.0,2.8,0.2,3.0,2026-05-12 13:00:00,2026-05-12,13,1
"Leergut 0,15 EUR",1.0,0.13,0.02,0.15,2026-05-12 13:00:00,2026-05-12,13,1
"Coca Cola Zero 0,4L Glas Mehrweg",1.0,1.26,0.24,1.5,2026-05-12 13:00:00,2026-05-12,13,1
GIANT Flapjack Blueberry,1.0,1.12,0.08,1.2,2026-05-12 14:00:00,2026-05-12,14,1
Protein Bar Chocolate,1.0,0.93,0.07,1.0,2026-05-12 15:00:00,2026-05-12,15,1
HOMEMADE BUN HAM,1.0,2.34,0.16,2.5,2026-05-12 15:00:00,2026-05-12,15,1
Koro Protein Bar Schoko Brownie,1.0,2.34,0.16,2.5,2026-05-12 15:00:00,2026-05-12,15,1
Paprika Chips,1.0,2.34,0.16,2.5,2026-05-12 16:00:00,2026-05-12,16,1
HOMEMADE BUN Veggie Laugenecke Tom Moz,1.0,2.33,0.17,2.5,2026-05-12 16:00:00,2026-05-12,16,1
Koro Protein Bar Schoko Brownie,1.0,2.34,0.16,2.5,2026-05-12 18:00:00,2026-05-12,18,1
Koro Protein Bar Peanut Chocolate,1.0,2.06,0.14,2.2,2026-05-12 18:00:00,2026-05-12,18,1
"Leergut 0,25 EUR",1.0,0.21,0.04,0.25,2026-05-12 18:00:00,2026-05-12,18,1
Red Bull Zero,1.0,1.07,0.2,1.27,2026-05-12 18:00:00,2026-05-12,18,1
Brown Donut,1.0,1.4,0.1,1.5,2026-05-12 21:00:00,2026-05-12,21,1
HOMEMADE BUN Cheese,1.0,1.78,0.12,1.9,2026-05-12 21:00:00,2026-05-12,21,1
"Leergut 0,15 EUR",1.0,0.13,0.02,0.15,2026-05-13 07:00:00,2026-05-13,7,2
"Leergut 0,25 EUR",1.0,0.21,0.04,0.25,2026-05-13 07:00:00,2026-05-13,7,2
Red Bull Zero,1.0,1.07,0.2,1.27,2026-05-13 07:00:00,2026-05-13,7,2
"Coca Cola Zero 0,4L Glas Mehrweg",1.0,1.26,0.24,1.5,2026-05-13 07:00:00,2026-05-13,7,2
Koro Protein Bar Schoko Brownie,1.0,2.34,0.16,2.5,2026-05-13 09:00:00,2026-05-13,9,2
"Leergut 0,25 EUR",1.0,0.21,0.04,0.25,2026-05-13 11:00:00,2026-05-13,11,2
Hochwald Eis Macchiato,1.0,1.31,0.09,1.4,2026-05-13 11:00:00,2026-05-13,11,2
La Monegaque Sardinen mit Chili,1.0,3.5,0.25,3.75,2026-05-13 12:00:00,2026-05-13,12,2
La Monegaque Sardinen mit Zitrone,1.0,3.51,0.24,3.75,2026-05-13 12:00:00,2026-05-13,12,2
Koro Protein Bar Peanut Chocolate,1.0,2.06,0.14,2.2,2026-05-13 12:00:00,2026-05-13,12,2
Kinder Bueno 43g Ferrero,1.0,0.93,0.07,1.0,2026-05-13 13:00:00,2026-05-13,13,2
Snickers Ice Cream Eisrie,2.0,4.68,0.32,5.0,2026-05-13 13:00:00,2026-05-13,13,2
Airwaves Menth & Eucalypt,1.0,0.93,0.07,1.0,2026-05-13 13:00:00,2026-05-13,13,2
Beef Jerky Sweet & Hot,1.0,2.34,0.16,2.5,2026-05-13 13:00:00,2026-05-13,13,2
Pistazien ger,1.0,2.34,0.16,2.5,2026-05-13 13:00:00,2026-05-13,13,2
Twix Xtra 75g,1.0,1.12,0.08,1.2,2026-05-13 13:00:00,2026-05-13,13,2
"Leergut 0,15 EUR",1.0,0.13,0.02,0.15,2026-05-13 13:00:00,2026-05-13,13,2
"Leergut 0,25 EUR",14.0,2.94,0.56,3.5,2026-05-13 13:00:00,2026-05-13,13,2
Red Bull White Edition,5.0,4.97,0.96,5.93,2026-05-13 13:00:00,2026-05-13,13,2
Red Bull Green Edition,4.0,4.28,0.8,5.08,2026-05-13 13:00:00,2026-05-13,13,2
"Red Bull 0,25",3.0,2.86,0.53,3.39,2026-05-13 13:00:00,2026-05-13,13,2
"Mezzo Mix 0,4L Glas Mehrweg",1.0,1.26,0.24,1.5,2026-05-13 13:00:00,2026-05-13,13,2
Red Bull Sea Blue Edition,2.0,2.13,0.41,2.54,2026-05-13 13:00:00,2026-05-13,13,2
KitKat,1.0,0.93,0.07,1.0,2026-05-13 14:00:00,2026-05-13,14,2
Berliner Brezel 70g FB,1.0,1.68,0.12,1.8,2026-05-13 14:00:00,2026-05-13,14,2
Snickers Ice Cream Eisrie,1.0,2.34,0.16,2.5,2026-05-13 14:00:00,2026-05-13,14,2
M&M Peanut,1.0,0.93,0.07,1.0,2026-05-13 14:00:00,2026-05-13,14,2
La Nogger Choc,1.0,1.87,0.13,2.0,2026-05-13 14:00:00,2026-05-13,14,2
Kinderriegel,1.0,0.47,0.03,0.5,2026-05-13 14:00:00,2026-05-13,14,2
"Leergut 0,25 EUR",1.0,0.21,0.04,0.25,2026-05-13 14:00:00,2026-05-13,14,2
Red Bull Zero,1.0,1.07,0.2,1.27,2026-05-13 14:00:00,2026-05-13,14,2
Shot Kurkuma Orange 60ml,1.0,1.85,0.35,2.2,2026-05-13 15:00:00,2026-05-13,15,2
Koro Protein Bar Pistachio,1.0,2.71,0.19,2.9,2026-05-13 15:00:00,2026-05-13,15,2
"Leergut 0,25 EUR",8.0,1.68,0.32,2.0,2026-05-13 15:00:00,2026-05-13,15,2
Red Bull Green Edition,1.0,0.72,0.13,0.85,2026-05-13 15:00:00,2026-05-13,15,2
"Red Bull 0,25",7.0,5.0,0.95,5.95,2026-05-13 15:00:00,2026-05-13,15,2
Beef Jerky Sweet & Hot,1.0,2.34,0.16,2.5,2026-05-13 16:00:00,2026-05-13,16,2
GO FRESH Wrap Chicken Chi,1.0,3.55,0.25,3.8,2026-05-13 16:00:00,2026-05-13,16,2
"Leergut 0,25 EUR",1.0,0.21,0.04,0.25,2026-05-13 16:00:00,2026-05-13,16,2
"Hochwald Eisschoko 0,25l Dose",1.0,1.31,0.09,1.4,2026-05-13 16:00:00,2026-05-13,16,2
Koro Protein Bar Pistachio,1.0,2.71,0.19,2.9,2026-05-13 17:00:00,2026-05-13,17,2
Protein Bar Caramell Toffee,1.0,0.93,0.07,1.0,2026-05-13 19:00:00,2026-05-13,19,2
Protein Bar Vanilla Stracci,1.0,0.93,0.07,1.0,2026-05-13 19:00:00,2026-05-13,19,2
Oreo Classic,1.0,2.71,0.19,2.9,2026-05-13 19:00:00,2026-05-13,19,2
GO FRESH Wrap Linse Falaf,1.0,3.56,0.24,3.8,2026-05-13 19:00:00,2026-05-13,19,2
Brown Donut,1.0,1.4,0.1,1.5,2026-05-13 19:00:00,2026-05-13,19,2
"Leergut 0,25 EUR",3.0,0.63,0.12,0.75,2026-05-13 19:00:00,2026-05-13,19,2
"Powerade Mountain Blast 0,5l PEW",2.0,2.68,0.52,3.2,2026-05-13 19:00:00,2026-05-13,19,2
YFood Trink Vanilla,1.0,4.58,0.32,4.9,2026-05-13 19:00:00,2026-05-13,19,2
Chili & Lime Chili & Lima24 Beutel á 4,1.0,1.12,0.08,1.2,2026-05-14 13:00:00,2026-05-14,13,3
Bio H Milch 1l Nature,1.0,2.1,0.15,2.25,2026-05-14 13:00:00,2026-05-14,13,3
Aramark Espresso Firenze 1kg,1.0,25.24,1.76,27.0,2026-05-14 13:00:00,2026-05-14,13,3
Shot Himbeere Ingwer 60ml,2.0,3.69,0.71,4.4,2026-05-14 13:00:00,2026-05-14,13,3
"Leergut 0,25 EUR",2.0,0.42,0.08,0.5,2026-05-14 13:00:00,2026-05-14,13,3
DPG Vitamin Well Reload,1.0,1.64,0.31,1.95,2026-05-14 13:00:00,2026-05-14,13,3
DPG Vitamin Well Hydrate,1.0,1.64,0.31,1.95,2026-05-14 13:00:00,2026-05-14,13,3
"Leergut 0,15 EUR",2.0,0.25,0.05,0.3,2026-05-14 14:00:00,2026-05-14,14,3
Teinacher Mango Maracuja,1.0,1.34,0.26,1.6,2026-05-14 14:00:00,2026-05-14,14,3
FUZE T PFIRSICH,1.0,1.43,0.27,1.7,2026-05-14 14:00:00,2026-05-14,14,3
"Leergut 0,15 EUR",2.0,0.25,0.05,0.3,2026-05-14 15:00:00,2026-05-14,15,3
Teinacher Mango Maracuja,1.0,1.35,0.25,1.6,2026-05-14 15:00:00,2026-05-14,15,3
Teinacher Johannisbeer Holunder,1.0,1.34,0.26,1.6,2026-05-14 15:00:00,2026-05-14,15,3
"Leergut 0,25 EUR",1.0,0.21,0.04,0.25,2026-05-14 16:00:00,2026-05-14,16,3
DPG Vitamin Well Reload,1.0,1.64,0.31,1.95,2026-05-14 16:00:00,2026-05-14,16,3
GO FRESH Sanw Schink Goud,1.0,3.55,0.25,3.8,2026-05-15 06:00:00,2026-05-15,6,4
HOMEMADE BUN HAM,1.0,2.34,0.16,2.5,2026-05-15 08:00:00,2026-05-15,8,4
Manner Neapolitaner Schnitten 75g,1.0,0.93,0.07,1.0,2026-05-15 10:00:00,2026-05-15,10,4
Laugenbrezel mit Butter,1.0,1.68,0.12,1.8,2026-05-15 10:00:00,2026-05-15,10,4
Thermobecher 480ml Bambus & Edelstahl,1.0,14.29,2.71,17.0,2026-05-15 10:00:00,2026-05-15,10,4
HOMEMADE Breakfastcup 285g,1.0,2.9,0.2,3.1,2026-05-15 14:00:00,2026-05-15,14,4
"Leergut 0,15 EUR",2.0,0.25,0.05,0.3,2026-05-15 14:00:00,2026-05-15,14,4
"Coca Cola 0,4L Glas Mehrweg",1.0,1.26,0.24,1.5,2026-05-15 14:00:00,2026-05-15,14,4
"Coca Cola Zero 0,4L Glas Mehrweg",1.0,1.26,0.24,1.5,2026-05-15 14:00:00,2026-05-15,14,4
Barebells Soft Protein Coco Choco 55g,1.0,3.08,0.22,3.3,2026-05-15 15:00:00,2026-05-15,15,4
La Magnum Almond,1.0,2.52,0.18,2.7,2026-05-15 15:00:00,2026-05-15,15,4
Kinder Country,1.0,0.47,0.03,0.5,2026-05-15 16:00:00,2026-05-15,16,4
BIO Hafer Drink Cappuccino Oatly,1.0,1.89,0.36,2.25,2026-05-15 16:00:00,2026-05-15,16,4
Smothie Froosh Mango 250ml,1.0,2.02,0.38,2.4,2026-05-15 17:00:00,2026-05-15,17,4
BIO Hafer Drink Moccaccino 12 x 235ml Oa,1.0,1.89,0.36,2.25,2026-05-15 17:00:00,2026-05-15,17,4
"Leergut 0,25 EUR",1.0,0.21,0.04,0.25,2026-05-15 17:00:00,2026-05-15,17,4
DPG Vitamin Well Prepare,1.0,1.64,0.31,1.95,2026-05-15 17:00:00,2026-05-15,17,4
HOMEMADE Breakfastcup 285g,1.0,2.9,0.2,3.1,2026-05-15 23:00:00,2026-05-15,23,4
"Leergut 0,25 EUR",1.0,0.21,0.04,0.25,2026-05-16 09:00:00,2026-05-16,9,5
DPG Vitamin Well Prepare,1.0,1.64,0.31,1.95,2026-05-16 09:00:00,2026-05-16,9,5
Leibniz Butterkeks,1.0,3.7,0.25,3.95,2026-05-16 11:00:00,2026-05-16,11,5
Snack Nüsse Honig & Salz,1.0,3.5,0.25,3.75,2026-05-16 11:00:00,2026-05-16,11,5
"Leergut 0,25 EUR",1.0,0.21,0.04,0.25,2026-05-16 11:00:00,2026-05-16,11,5
DPG Vitamin Well Prepare,1.0,1.64,0.31,1.95,2026-05-16 11:00:00,2026-05-16,11,5
"Leergut 0,25 EUR",1.0,0.21,0.04,0.25,2026-05-16 16:00:00,2026-05-16,16,5
DPG Vitamin Well Reload,1.0,1.64,0.31,1.95,2026-05-16 16:00:00,2026-05-16,16,5
GO FRESH Wrap Tomat Mozza,1.0,3.55,0.25,3.8,2026-05-17 13:00:00,2026-05-17,13,6
Smothie Froosh Pineapple 250ml,1.0,2.02,0.38,2.4,2026-05-17 13:00:00,2026-05-17,13,6
GIANT Yoghurt Flapjack Banana,1.0,1.12,0.08,1.2,2026-05-17 13:00:00,2026-05-17,13,6
"Leergut 0,25 EUR",1.0,0.21,0.04,0.25,2026-05-17 13:00:00,2026-05-17,13,6
Red Bull Green Edition,1.0,1.07,0.2,1.27,2026-05-17 13:00:00,2026-05-17,13,6
Beef Jerky Original,1.0,2.34,0.16,2.5,2026-05-18 07:00:00,2026-05-18,7,0
"Leergut 0,25 EUR",2.0,0.42,0.08,0.5,2026-05-18 07:00:00,2026-05-18,7,0
Red Bull White Edition,1.0,1.07,0.2,1.27,2026-05-18 07:00:00,2026-05-18,7,0
Red Bull Zero,1.0,1.07,0.2,1.27,2026-05-18 07:00:00,2026-05-18,7,0
Koro Protein Bar Schoko Brownie,1.0,2.34,0.16,2.5,2026-05-18 13:00:00,2026-05-18,13,0
Airwaves Menth & Eucalypt Box,1.0,2.71,0.19,2.9,2026-05-18 13:00:00,2026-05-18,13,0
Snickers Protein Riegel,1.0,2.99,0.21,3.2,2026-05-18 14:00:00,2026-05-18,14,0
Laugenbrezel mit Butter,1.0,1.68,0.12,1.8,2026-05-18 14:00:00,2026-05-18,14,0
Mars Riegel Mars 2 Pack 70g,1.0,1.12,0.08,1.2,2026-05-18 14:00:00,2026-05-18,14,0
BIO Hafer Drink Cappuccino Oatly,1.0,1.89,0.36,2.25,2026-05-18 14:00:00,2026-05-18,14,0
"Leergut 0,15 EUR",2.0,0.25,0.05,0.3,2026-05-18 14:00:00,2026-05-18,14,0
Red Bull Zero,1.0,1.43,0.27,1.7,2026-05-18 14:00:00,2026-05-18,14,0
"Coca Cola Zero 0,4L Glas Mehrweg",2.0,2.52,0.48,3.0,2026-05-18 14:00:00,2026-05-18,14,0
KitKat,1.0,0.93,0.07,1.0,2026-05-18 15:00:00,2026-05-18,15,0
HOMEMADE BUN HAM,1.0,2.34,0.16,2.5,2026-05-18 15:00:00,2026-05-18,15,0
Protein Bar Vanilla Stracci,1.0,0.93,0.07,1.0,2026-05-18 16:00:00,2026-05-18,16,0
Berliner Brezel 70g FB,1.0,1.68,0.12,1.8,2026-05-18 16:00:00,2026-05-18,16,0
HOMEMADE BUN Salami,1.0,2.34,0.16,2.5,2026-05-18 16:00:00,2026-05-18,16,0
Shot Himbeere Ingwer 60ml,1.0,1.85,0.35,2.2,2026-05-18 16:00:00,2026-05-18,16,0
"Leergut 0,25 EUR",2.0,0.42,0.08,0.5,2026-05-18 16:00:00,2026-05-18,16,0
"Powerade Mountain Blast 0,5l PEW",1.0,1.34,0.26,1.6,2026-05-18 16:00:00,2026-05-18,16,0
Red Bull Blue Edition,1.0,1.07,0.2,1.27,2026-05-18 16:00:00,2026-05-18,16,0
GO FRESH Tuna Sandwich,1.0,3.55,0.25,3.8,2026-05-18 17:00:00,2026-05-18,17,0
HOMEMADE BUN VEGAN,1.0,2.34,0.16,2.5,2026-05-18 17:00:00,2026-05-18,17,0
Protein Bar Vanilla Stracci,1.0,0.93,0.07,1.0,2026-05-19 06:00:00,2026-05-19,6,1
HOMEMADE BUN Cheese,1.0,1.78,0.12,1.9,2026-05-19 06:00:00,2026-05-19,6,1
"Leergut 0,25 EUR",1.0,0.21,0.04,0.25,2026-05-19 06:00:00,2026-05-19,6,1
Red Bull Green Edition,1.0,1.07,0.2,1.27,2026-05-19 06:00:00,2026-05-19,6,1
Protein Bar Caramell Toffee,1.0,0.93,0.07,1.0,2026-05-19 08:00:00,2026-05-19,8,1
Beef Jerky Original,1.0,2.34,0.16,2.5,2026-05-19 08:00:00,2026-05-19,8,1
"Leergut 0,25 EUR",1.0,0.21,0.04,0.25,2026-05-19 08:00:00,2026-05-19,8,1
Red Bull Zero,1.0,1.07,0.2,1.27,2026-05-19 08:00:00,2026-05-19,8,1
Rexona Deo Cotton Dry,1.0,3.28,0.62,3.9,2026-05-19 10:00:00,2026-05-19,10,1
Snickers Ice Cream Eisrie,1.0,2.34,0.16,2.5,2026-05-19 12:00:00,2026-05-19,12,1
BLACK FOREST ICE CREAM Vanille 100ml Bio,2.0,4.68,0.32,5.0,2026-05-19 12:00:00,2026-05-19,12,1
Cashews gerös,1.0,2.06,0.14,2.2,2026-05-19 12:00:00,2026-05-19,12,1
Pistazien ger,1.0,2.34,0.16,2.5,2026-05-19 12:00:00,2026-05-19,12,1
Snack Nüsse Honig & Salz,1.0,3.5,0.25,3.75,2026-05-19 12:00:00,2026-05-19,12,1
Koro Protein Bar Schoko Brownie,3.0,7.0,0.5,7.5,2026-05-19 12:00:00,2026-05-19,12,1
BF ICE CREAM Himbeere Fichte 100ml Bio V,1.0,2.34,0.16,2.5,2026-05-19 13:00:00,2026-05-19,13,1
La Nogger Choc,2.0,3.74,0.26,4.0,2026-05-19 13:00:00,2026-05-19,13,1
M&M Peanut,1.0,0.93,0.07,1.0,2026-05-19 14:00:00,2026-05-19,14,1
BF ICE CREAM Himbeere Fichte 100ml Bio V,1.0,2.34,0.16,2.5,2026-05-19 14:00:00,2026-05-19,14,1
La Cornetto Haselnuss,1.0,1.87,0.13,2.0,2026-05-19 14:00:00,2026-05-19,14,1
Kinder Country,1.0,0.47,0.03,0.5,2026-05-19 14:00:00,2026-05-19,14,1
Kinderriegel,1.0,0.47,0.03,0.5,2026-05-19 14:00:00,2026-05-19,14,1
Red Band Briket Sup. Sauer 200St. Dose,1.0,6.45,0.45,6.9,2026-05-19 14:00:00,2026-05-19,14,1
Teinacher Rhabarber Mirabelle,1.0,1.34,0.26,1.6,2026-05-19 14:00:00,2026-05-19,14,1
"Coca Cola Zero 0,4L Glas Mehrweg",1.0,1.26,0.24,1.5,2026-05-19 14:00:00,2026-05-19,14,1
La Magnum Almond,2.0,5.04,0.36,5.4,2026-05-19 15:00:00,2026-05-19,15,1
Protein Bar Chocolate,1.0,0.93,0.07,1.0,2026-05-19 16:00:00,2026-05-19,16,1
La Cornetto Haselnuss,2.0,3.74,0.26,4.0,2026-05-19 16:00:00,2026-05-19,16,1
HOMEMADE BUN HAM,1.0,2.34,0.16,2.5,2026-05-19 16:00:00,2026-05-19,16,1
Koro Protein Bar Schoko Brownie,1.0,2.34,0.16,2.5,2026-05-19 17:00:00,2026-05-19,17,1
Graci Müsli light,1.0,3.64,0.26,3.9,2026-05-19 18:00:00,2026-05-19,18,1
GO FRESH Wrap Chicken Chi,1.0,3.55,0.25,3.8,2026-05-19 18:00:00,2026-05-19,18,1
Teinacher Johannisbeer Holunder,1.0,1.34,0.26,1.6,2026-05-19 18:00:00,2026-05-19,18,1
Protein Bar Caramell Toffee,1.0,0.93,0.07,1.0,2026-05-19 19:00:00,2026-05-19,19,1
Nissin Cup Noodles Chicke,2.0,4.87,0.33,5.2,2026-05-19 19:00:00,2026-05-19,19,1
Erbsenprotein Milchersatz Barista 1l Vly,1.0,2.73,0.52,3.25,2026-05-19 19:00:00,2026-05-19,19,1
Graci Lab. Functional Muesli 50 Gluten,1.0,4.39,0.31,4.7,2026-05-19 19:00:00,2026-05-19,19,1
HOMEMADE Breakfastcup 285g,1.0,2.9,0.2,3.1,2026-05-19 22:00:00,2026-05-19,22,1
Shot Himbeere Ingwer 60ml,1.0,1.85,0.35,2.2,2026-05-19 22:00:00,2026-05-19,22,1
Oreo Classic,1.0,2.71,0.19,2.9,2026-05-20 07:00:00,2026-05-20,7,2
Laugenbrezel mit Butter,2.0,3.36,0.24,3.6,2026-05-20 07:00:00,2026-05-20,7,2
Kinder Bueno 43g Ferrero,4.0,3.74,0.26,4.0,2026-05-20 09:00:00,2026-05-20,9,2
Aramark Seasoning Mix,3.0,10.91,0.76,11.67,2026-05-20 09:00:00,2026-05-20,9,2
"Leergut 0,25 EUR",3.0,0.63,0.12,0.75,2026-05-20 09:00:00,2026-05-20,9,2
DPG Vitamin Well Reload,1.0,1.64,0.31,1.95,2026-05-20 09:00:00,2026-05-20,9,2
DPG Vitamin Well Hydrate,1.0,1.64,0.31,1.95,2026-05-20 09:00:00,2026-05-20,9,2
DPG Vitamin Well Prepare,1.0,1.64,0.31,1.95,2026-05-20 09:00:00,2026-05-20,9,2
HOMEMADE BUN VEGAN,1.0,2.33,0.17,2.5,2026-05-20 11:00:00,2026-05-20,11,2
Koro Protein Bar Schoko Brownie,1.0,2.34,0.16,2.5,2026-05-20 11:00:00,2026-05-20,11,2
"Leergut 0,08 EUR",1.0,0.07,0.01,0.08,2026-05-20 11:00:00,2026-05-20,11,2
Welde Alkoholfrei,1.0,1.43,0.27,1.7,2026-05-20 11:00:00,2026-05-20,11,2
Kinderriegel,1.0,0.47,0.03,0.5,2026-05-20 12:00:00,2026-05-20,12,2
Kinder Bueno 43g Ferrero,1.0,0.93,0.07,1.0,2026-05-20 13:00:00,2026-05-20,13,2
GIANT Flapjack Raspberry,3.0,3.36,0.24,3.6,2026-05-20 13:00:00,2026-05-20,13,2
"Mostbuben  Stille Apfelsaftschorle 0,5",1.0,1.68,0.32,2.0,2026-05-20 13:00:00,2026-05-20,13,2
"Leergut 0,15 EUR",1.0,0.13,0.02,0.15,2026-05-20 13:00:00,2026-05-20,13,2
"Leergut 0,25 EUR",2.0,0.42,0.08,0.5,2026-05-20 13:00:00,2026-05-20,13,2
"Red Bull 0,25",1.0,1.07,0.2,1.27,2026-05-20 13:00:00,2026-05-20,13,2
"Coca Cola Zero 0,4L Glas Mehrweg",3.0,3.78,0.72,4.5,2026-05-20 13:00:00,2026-05-20,13,2
Red Bull Sea Blue Edition,1.0,1.07,0.2,1.27,2026-05-20 13:00:00,2026-05-20,13,2
Kinder Bueno 43g Ferrero,2.0,1.86,0.14,2.0,2026-05-20 14:00:00,2026-05-20,14,2
Duplo,1.0,0.47,0.03,0.5,2026-05-20 14:00:00,2026-05-20,14,2
Kinder Country,1.0,0.47,0.03,0.5,2026-05-20 14:00:00,2026-05-20,14,2
Kinderriegel,2.0,0.94,0.06,1.0,2026-05-20 14:00:00,2026-05-20,14,2
Mars Riegel Mars 2 Pack 70g,1.0,1.12,0.08,1.2,2026-05-20 14:00:00,2026-05-20,14,2
Twix Xtra 75g,1.0,1.12,0.08,1.2,2026-05-20 14:00:00,2026-05-20,14,2
HOMEMADE BUN Cheese,1.0,1.78,0.12,1.9,2026-05-20 14:00:00,2026-05-20,14,2
Protein Bar Chocolate,1.0,0.93,0.07,1.0,2026-05-20 15:00:00,2026-05-20,15,2
HOMEMADE BUN HAM,1.0,2.34,0.16,2.5,2026-05-20 15:00:00,2026-05-20,15,2
La Nogger Choc,1.0,1.87,0.13,2.0,2026-05-20 16:00:00,2026-05-20,16,2
GO FRESH Sandw Salam Edam,1.0,3.55,0.25,3.8,2026-05-20 16:00:00,2026-05-20,16,2
GIANT Flapjack Pecanut,1.0,1.12,0.08,1.2,2026-05-20 16:00:00,2026-05-20,16,2
"Leergut 0,15 EUR",1.0,0.13,0.02,0.15,2026-05-20 16:00:00,2026-05-20,16,2
"Leergut 0,25 EUR",7.0,1.47,0.28,1.75,2026-05-20 16:00:00,2026-05-20,16,2
"Hochwald Eiskaffee 0,25l Dose",1.0,1.31,0.09,1.4,2026-05-20 16:00:00,2026-05-20,16,2
Red Bull White Edition,1.0,1.07,0.2,1.27,2026-05-20 16:00:00,2026-05-20,16,2
Red Bull Green Edition,1.0,1.07,0.2,1.27,2026-05-20 16:00:00,2026-05-20,16,2
"Red Bull 0,25",2.0,1.43,0.27,1.7,2026-05-20 16:00:00,2026-05-20,16,2
Red Bull Blue Edition,1.0,0.71,0.14,0.85,2026-05-20 16:00:00,2026-05-20,16,2
"Coca Cola 0,4L Glas Mehrweg",1.0,1.26,0.24,1.5,2026-05-20 16:00:00,2026-05-20,16,2
Red Bull Sea Blue Edition,1.0,0.71,0.14,0.85,2026-05-20 16:00:00,2026-05-20,16,2
Protein Bar Caramell Toffee,5.0,4.67,0.33,5.0,2026-05-20 17:00:00,2026-05-20,17,2
Beef Jerky Original,1.0,2.34,0.16,2.5,2026-05-20 17:00:00,2026-05-20,17,2
Laugenbrezel mit Pfeffer,1.0,1.68,0.12,1.8,2026-05-20 17:00:00,2026-05-20,17,2
HOMEMADE BUN Veggie Laugenecke Tom Moz,1.0,2.34,0.16,2.5,2026-05-20 17:00:00,2026-05-20,17,2
Erbsenprotein Milchersatz Barista 1l Vly,1.0,2.73,0.52,3.25,2026-05-20 17:00:00,2026-05-20,17,2
Koro Protein Bar Butter Cups,1.0,2.34,0.16,2.5,2026-05-20 17:00:00,2026-05-20,17,2
GO FRESH Wrap Tomat Mozza,1.0,3.55,0.25,3.8,2026-05-20 18:00:00,2026-05-20,18,2
Smothie Froosh Pineapple 250ml,1.0,2.02,0.38,2.4,2026-05-20 18:00:00,2026-05-20,18,2
GIANT Yoghurt Flapjack Banana,1.0,1.12,0.08,1.2,2026-05-20 18:00:00,2026-05-20,18,2
"Leergut 0,25 EUR",1.0,0.21,0.04,0.25,2026-05-20 18:00:00,2026-05-20,18,2
"Powerade Mountain Blast 0,5l PEW",1.0,1.34,0.26,1.6,2026-05-20 18:00:00,2026-05-20,18,2
La Magnum Almond,2.0,5.05,0.35,5.4,2026-05-21 12:00:00,2026-05-21,12,3
"Leergut 0,15 EUR",1.0,0.13,0.02,0.15,2026-05-21 12:00:00,2026-05-21,12,3
FUZE T PFIRSICH,1.0,1.43,0.27,1.7,2026-05-21 12:00:00,2026-05-21,12,3
BF ICE CREAM Himbeere Fichte 100ml Bio V,1.0,2.34,0.16,2.5,2026-05-21 13:00:00,2026-05-21,13,3
La Cornetto Haselnuss,1.0,1.87,0.13,2.0,2026-05-21 13:00:00,2026-05-21,13,3
Protein Bar Chocolate,1.0,0.93,0.07,1.0,2026-05-21 14:00:00,2026-05-21,14,3
Barebells Soft Protein Coco Choco 55g,1.0,3.08,0.22,3.3,2026-05-21 14:00:00,2026-05-21,14,3
Beef Jerky Sweet & Hot,1.0,2.34,0.16,2.5,2026-05-21 14:00:00,2026-05-21,14,3
"Leergut 0,08 EUR",2.0,0.14,0.02,0.16,2026-05-21 14:00:00,2026-05-21,14,3
"Leergut 0,25 EUR",1.0,0.21,0.04,0.25,2026-05-21 14:00:00,2026-05-21,14,3
DPG Vitamin Well Reload,1.0,1.64,0.31,1.95,2026-05-21 14:00:00,2026-05-21,14,3
Welde Alkoholfrei,2.0,2.86,0.54,3.4,2026-05-21 14:00:00,2026-05-21,14,3
M&M Peanut,1.0,0.93,0.07,1.0,2026-05-21 15:00:00,2026-05-21,15,3
Koro Protein Bar Pistachio,1.0,2.71,0.19,2.9,2026-05-21 15:00:00,2026-05-21,15,3
Koro Protein Bar Schoko Brownie,2.0,4.68,0.32,5.0,2026-05-21 15:00:00,2026-05-21,15,3
"Leergut 0,15 EUR",1.0,0.13,0.02,0.15,2026-05-21 15:00:00,2026-05-21,15,3
"Leergut 0,25 EUR",1.0,0.21,0.04,0.25,2026-05-21 15:00:00,2026-05-21,15,3
Red Bull Zero,1.0,1.07,0.2,1.27,2026-05-21 15:00:00,2026-05-21,15,3
"Coca Cola 0,4L Glas Mehrweg",1.0,1.26,0.24,1.5,2026-05-21 15:00:00,2026-05-21,15,3
"Leergut 0,25 EUR",2.0,0.42,0.08,0.5,2026-05-21 16:00:00,2026-05-21,16,3
DPG Vitamin Well Hydrate,1.0,1.64,0.31,1.95,2026-05-21 16:00:00,2026-05-21,16,3
DPG Vitamin Well Prepare,1.0,1.64,0.31,1.95,2026-05-21 16:00:00,2026-05-21,16,3
Beef Jerky Original,1.0,2.34,0.16,2.5,2026-05-21 18:00:00,2026-05-21,18,3
HOMEMADE BUN Veggie Laugenecke Tom Moz,1.0,2.33,0.17,2.5,2026-05-21 18:00:00,2026-05-21,18,3
"Leergut 0,08 EUR",1.0,0.07,0.01,0.08,2026-05-21 18:00:00,2026-05-21,18,3
Welde Alkoholfrei,1.0,1.43,0.27,1.7,2026-05-21 18:00:00,2026-05-21,18,3
Duplo,1.0,0.47,0.03,0.5,2026-05-21 20:00:00,2026-05-21,20,3
M&M Peanut,1.0,0.93,0.07,1.0,2026-05-21 20:00:00,2026-05-21,20,3
Pistazien ger,1.0,2.34,0.16,2.5,2026-05-21 20:00:00,2026-05-21,20,3
HOMEMADE Breakfastcup 285g,1.0,2.9,0.2,3.1,2026-05-21 20:00:00,2026-05-21,20,3
Smothie Froosh Mango 250ml,1.0,2.02,0.38,2.4,2026-05-21 20:00:00,2026-05-21,20,3
Shot Himbeere Ingwer 60ml,1.0,1.85,0.35,2.2,2026-05-21 20:00:00,2026-05-21,20,3
HOMEMADE BUN HAM,1.0,2.34,0.16,2.5,2026-05-22 08:00:00,2026-05-22,8,4
La Cornetto Haselnuss,1.0,1.87,0.13,2.0,2026-05-22 13:00:00,2026-05-22,13,4
"Leergut 0,25 EUR",1.0,0.21,0.04,0.25,2026-05-22 13:00:00,2026-05-22,13,4
"Red Bull 0,25",1.0,1.07,0.2,1.27,2026-05-22 13:00:00,2026-05-22,13,4
Protein Bar Chocolate,1.0,0.93,0.07,1.0,2026-05-22 14:00:00,2026-05-22,14,4
"Leergut 0,25 EUR",1.0,0.21,0.04,0.25,2026-05-22 14:00:00,2026-05-22,14,4
DPG Vitamin Well Prepare,1.0,1.64,0.31,1.95,2026-05-22 14:00:00,2026-05-22,14,4
Kinder Bueno 43g Ferrero,1.0,0.93,0.07,1.0,2026-05-22 15:00:00,2026-05-22,15,4
Duplo,1.0,0.47,0.03,0.5,2026-05-22 15:00:00,2026-05-22,15,4
Manner Neapolitaner Schnitten 75g,1.0,0.93,0.07,1.0,2026-05-22 15:00:00,2026-05-22,15,4
Protein Bar Chocolate,1.0,0.93,0.07,1.0,2026-05-22 15:00:00,2026-05-22,15,4
Chili & Lime Chili & Lima24 Beutel á 4,1.0,1.12,0.08,1.2,2026-05-22 15:00:00,2026-05-22,15,4
M&M Peanut,1.0,0.93,0.07,1.0,2026-05-22 15:00:00,2026-05-22,15,4
Gilette Disposable razor,1.0,3.11,0.59,3.7,2026-05-22 15:00:00,2026-05-22,15,4
Paprika Chips,1.0,2.34,0.16,2.5,2026-05-22 15:00:00,2026-05-22,15,4
La Magnum Almond,1.0,2.52,0.18,2.7,2026-05-22 15:00:00,2026-05-22,15,4
Kinder Country,2.0,0.94,0.06,1.0,2026-05-22 15:00:00,2026-05-22,15,4
Mars Riegel Mars 2 Pack 70g,1.0,1.12,0.08,1.2,2026-05-22 15:00:00,2026-05-22,15,4
Twix Xtra 75g,3.0,3.37,0.23,3.6,2026-05-22 15:00:00,2026-05-22,15,4
Kitkat Chunky 40g Nestlé,1.0,0.93,0.07,1.0,2026-05-22 15:00:00,2026-05-22,15,4
Red Band Briket Sup. Sauer 200St. Dose,1.0,6.46,0.44,6.9,2026-05-22 15:00:00,2026-05-22,15,4
Haribo Goldbären 100g,2.0,1.87,0.13,2.0,2026-05-22 15:00:00,2026-05-22,15,4
Haribo Tropifrutti 100g. 30St.,1.0,0.93,0.07,1.0,2026-05-22 15:00:00,2026-05-22,15,4
Shot Himbeere Ingwer 60ml,1.0,1.85,0.35,2.2,2026-05-22 15:00:00,2026-05-22,15,4
Shot Ginger Apple 60ml,1.0,1.85,0.35,2.2,2026-05-22 15:00:00,2026-05-22,15,4
BIO Hafer Drink Cappuccino Oatly,1.0,1.9,0.35,2.25,2026-05-22 15:00:00,2026-05-22,15,4
Stick Lembke Tee Minze Ingwer orange,1.0,4.63,0.32,4.95,2026-05-22 15:00:00,2026-05-22,15,4
Apfelchips,1.0,2.8,0.2,3.0,2026-05-22 15:00:00,2026-05-22,15,4
"Leergut 0,15 EUR",6.0,0.78,0.12,0.9,2026-05-22 15:00:00,2026-05-22,15,4
"Leergut 0,25 EUR",12.0,2.52,0.48,3.0,2026-05-22 15:00:00,2026-05-22,15,4
Red Bull Green Edition,1.0,1.07,0.2,1.27,2026-05-22 15:00:00,2026-05-22,15,4
"Red Bull 0,25",7.0,5.01,0.94,5.95,2026-05-22 15:00:00,2026-05-22,15,4
Teinacher Mango Maracuja,1.0,1.34,0.26,1.6,2026-05-22 15:00:00,2026-05-22,15,4
Teinacher still 0.7,3.0,3.03,0.57,3.6,2026-05-22 15:00:00,2026-05-22,15,4
"Coca Cola 0,4L Glas Mehrweg",1.0,1.26,0.24,1.5,2026-05-22 15:00:00,2026-05-22,15,4
"Coca Cola Zero 0,4L Glas Mehrweg",1.0,1.26,0.24,1.5,2026-05-22 15:00:00,2026-05-22,15,4
Red Bull Sea Blue Edition,3.0,2.49,0.48,2.97,2026-05-22 15:00:00,2026-05-22,15,4
Red Bull Summer Edition,1.0,0.71,0.14,0.85,2026-05-22 15:00:00,2026-05-22,15,4
Beef Jerky Sweet & Hot,1.0,2.33,0.17,2.5,2026-05-22 16:00:00,2026-05-22,16,4
Saltletts Sticks 75g,1.0,0.65,0.05,0.7,2026-05-22 16:00:00,2026-05-22,16,4
Koro Protein Bar Schoko Brownie,2.0,4.68,0.32,5.0,2026-05-22 16:00:00,2026-05-22,16,4
Koro Protein Bar Butter Cups,1.0,2.34,0.16,2.5,2026-05-22 16:00:00,2026-05-22,16,4
Bio honey almond fairness 45g,1.0,1.12,0.08,1.2,2026-05-22 16:00:00,2026-05-22,16,4
"Leergut 0,08 EUR",3.0,0.2,0.04,0.24,2026-05-22 16:00:00,2026-05-22,16,4
"Leergut 0,25 EUR",2.0,0.42,0.08,0.5,2026-05-22 16:00:00,2026-05-22,16,4
Red Bull Green Edition,1.0,1.06,0.21,1.27,2026-05-22 16:00:00,2026-05-22,16,4
Welde Slow,3.0,4.29,0.81,5.1,2026-05-22 16:00:00,2026-05-22,16,4
Red Bull Summer Edition,1.0,1.07,0.2,1.27,2026-05-22 16:00:00,2026-05-22,16,4
BLACK FOREST ICE CREAM Schokolade 100ml,1.0,2.33,0.17,2.5,2026-05-22 17:00:00,2026-05-22,17,4
Pringles Original,1.0,1.31,0.09,1.4,2026-05-22 17:00:00,2026-05-22,17,4
Barebells Soft Protein Coco Choco 55g,1.0,3.08,0.22,3.3,2026-05-22 18:00:00,2026-05-22,18,4
Koro Protein Bar Peanut Chocolate,1.0,2.06,0.14,2.2,2026-05-22 18:00:00,2026-05-22,18,4
HANDL Veggie Almjäger,1.0,2.61,0.18,2.79,2026-05-22 18:00:00,2026-05-22,18,4
Koro Protein Bar Butter Cups,1.0,2.34,0.16,2.5,2026-05-22 20:00:00,2026-05-22,20,4
Black Truffle Trufa Negra 24 Beutel á,1.0,1.12,0.08,1.2,2026-05-24 11:00:00,2026-05-24,11,6
Beef Jerky Original,1.0,2.34,0.16,2.5,2026-05-24 11:00:00,2026-05-24,11,6
GO FRESH Sandw SweetChili,1.0,3.55,0.25,3.8,2026-05-24 11:00:00,2026-05-24,11,6
Mars Riegel Mars 2 Pack 70g,1.0,1.12,0.08,1.2,2026-05-24 11:00:00,2026-05-24,11,6
Schinkenwurst 200g Dose,1.0,3.64,0.26,3.9,2026-05-24 11:00:00,2026-05-24,11,6
Dr. Kargs Tomate Mozzarella  Knäcke,1.0,3.04,0.21,3.25,2026-05-24 11:00:00,2026-05-24,11,6
"Leergut 0,15 EUR",1.0,0.13,0.02,0.15,2026-05-24 11:00:00,2026-05-24,11,6
"Mezzo Mix 0,4L Glas Mehrweg",1.0,1.26,0.24,1.5,2026-05-24 11:00:00,2026-05-24,11,6
Leibniz Butterkeks,1.0,3.69,0.26,3.95,2026-05-24 14:00:00,2026-05-24,14,6
Smothie Froosh Mango 250ml,1.0,2.01,0.39,2.4,2026-05-24 14:00:00,2026-05-24,14,6
Smothie Froosh Pineapple 250ml,1.0,2.02,0.38,2.4,2026-05-24 14:00:00,2026-05-24,14,6
Smothie Froosh  Strawberry 250ml,1.0,2.02,0.38,2.4,2026-05-24 14:00:00,2026-05-24,14,6
Snack Nüsse Honig & Salz,1.0,3.5,0.25,3.75,2026-05-24 14:00:00,2026-05-24,14,6
"Leergut 0,25 EUR",3.0,0.63,0.12,0.75,2026-05-24 14:00:00,2026-05-24,14,6
Hochwald Eis Macchiato,3.0,3.93,0.27,4.2,2026-05-24 14:00:00,2026-05-24,14,6
Protein Bar Chocolate,1.0,0.93,0.07,1.0,2026-05-24 16:00:00,2026-05-24,16,6
Protein Bar Vanilla Stracci,1.0,0.94,0.06,1.0,2026-05-24 16:00:00,2026-05-24,16,6
ARAMARK Grobes Meersalz 90g Mühle,1.0,1.87,0.13,2.0,2026-05-24 17:00:00,2026-05-24,17,6
BIO Olivenöl nativ extra 500ml,1.0,8.31,0.59,8.9,2026-05-24 17:00:00,2026-05-24,17,6
Barilla Spaghetti,1.0,2.34,0.16,2.5,2026-05-24 17:00:00,2026-05-24,17,6
"Leergut 0,25 EUR",1.0,0.21,0.04,0.25,2026-05-24 17:00:00,2026-05-24,17,6
"Powerade Mountain Blast 0,5l PEW",1.0,1.34,0.26,1.6,2026-05-24 17:00:00,2026-05-24,17,6
"Leergut 0,08 EUR",4.0,0.27,0.05,0.32,2026-05-24 18:00:00,2026-05-24,18,6
"Moretti Beer 0,33L",4.0,6.72,1.28,8.0,2026-05-24 18:00:00,2026-05-24,18,6
Paprika Chips,1.0,2.34,0.16,2.5,2026-05-25 10:00:00,2026-05-25,10,0
Gepa Schokolade Noir Edelbitter 100g,1.0,2.57,0.18,2.75,2026-05-25 10:00:00,2026-05-25,10,0
Gilette Disposable razor,1.0,3.11,0.59,3.7,2026-05-25 11:00:00,2026-05-25,11,0
BIO Hafer Drink Cappuccino Oatly,1.0,1.89,0.36,2.25,2026-05-25 11:00:00,2026-05-25,11,0
Barebells Caramel Choco 55g,1.0,3.08,0.22,3.3,2026-05-25 20:00:00,2026-05-25,20,0
"Leergut 0,15 EUR",1.0,0.13,0.02,0.15,2026-05-25 21:00:00,2026-05-25,21,0
Teinacher Johannisbeer Holunder,1.0,1.34,0.26,1.6,2026-05-25 21:00:00,2026-05-25,21,0
Rexona Deo Cotton Dry,1.0,3.28,0.62,3.9,2026-05-26 07:00:00,2026-05-26,7,1
Laugenbrezel mit Pfeffer,1.0,1.68,0.12,1.8,2026-05-26 10:00:00,2026-05-26,10,1
Starbucks Caffé Latte,1.0,2.76,0.19,2.95,2026-05-26 12:00:00,2026-05-26,12,1
Shot Ginger Apple 60ml,1.0,1.85,0.35,2.2,2026-05-26 12:00:00,2026-05-26,12,1
Koro Protein Bar Pistachio,1.0,2.71,0.19,2.9,2026-05-26 12:00:00,2026-05-26,12,1
Bio cookies & choc fairness 45g,1.0,1.12,0.08,1.2,2026-05-26 12:00:00,2026-05-26,12,1
"Leergut 0,15 EUR",3.0,0.38,0.07,0.45,2026-05-26 12:00:00,2026-05-26,12,1
"Leergut 0,25 EUR",2.0,0.42,0.08,0.5,2026-05-26 12:00:00,2026-05-26,12,1
"Red Bull 0,25",1.0,0.72,0.13,0.85,2026-05-26 12:00:00,2026-05-26,12,1
Red Bull Zero,1.0,0.71,0.14,0.85,2026-05-26 12:00:00,2026-05-26,12,1
Teinacher Apfelschorle,1.0,1.35,0.25,1.6,2026-05-26 12:00:00,2026-05-26,12,1
"Mezzo Mix 0,4L Glas Mehrweg",1.0,1.26,0.24,1.5,2026-05-26 12:00:00,2026-05-26,12,1
"Coca Cola Zero 0,4L Glas Mehrweg",1.0,1.26,0.24,1.5,2026-05-26 12:00:00,2026-05-26,12,1
"Leergut 0,15 EUR",2.0,0.25,0.05,0.3,2026-05-26 13:00:00,2026-05-26,13,1
"Coca Cola Zero 0,4L Glas Mehrweg",2.0,2.52,0.48,3.0,2026-05-26 13:00:00,2026-05-26,13,1
"Leergut 0,15 EUR",2.0,0.25,0.05,0.3,2026-05-26 14:00:00,2026-05-26,14,1
"Leergut 0,25 EUR",2.0,0.42,0.08,0.5,2026-05-26 14:00:00,2026-05-26,14,1
"Red Bull 0,25",2.0,1.43,0.27,1.7,2026-05-26 14:00:00,2026-05-26,14,1
Teinacher Heidelbeer Eistee,1.0,1.35,0.25,1.6,2026-05-26 14:00:00,2026-05-26,14,1
"Mezzo Mix 0,4L Glas Mehrweg",1.0,1.26,0.24,1.5,2026-05-26 14:00:00,2026-05-26,14,1
Protein Bar Chocolate,1.0,0.93,0.07,1.0,2026-05-26 16:00:00,2026-05-26,16,1
Protein Bar Vanilla Stracci,1.0,0.94,0.06,1.0,2026-05-26 16:00:00,2026-05-26,16,1
Berliner Brezel 70g FB,1.0,1.68,0.12,1.8,2026-05-26 16:00:00,2026-05-26,16,1
HofEis Omas Apfelkuchen 130ml,1.0,2.34,0.16,2.5,2026-05-26 16:00:00,2026-05-26,16,1
BF ICE CREAM Himbeere Fichte 100ml Bio V,1.0,2.34,0.16,2.5,2026-05-26 16:00:00,2026-05-26,16,1
Koro Protein Bar Pistachio,2.0,5.42,0.38,5.8,2026-05-26 16:00:00,2026-05-26,16,1
"Leergut 0,15 EUR",1.0,0.13,0.02,0.15,2026-05-26 16:00:00,2026-05-26,16,1
"Coca Cola 0,4L Glas Mehrweg",1.0,1.26,0.24,1.5,2026-05-26 16:00:00,2026-05-26,16,1
"Leergut 0,25 EUR",1.0,0.21,0.04,0.25,2026-05-26 17:00:00,2026-05-26,17,1
"Red Bull 0,25",1.0,1.07,0.2,1.27,2026-05-26 17:00:00,2026-05-26,17,1
Protein Bar Chocolate,1.0,0.93,0.07,1.0,2026-05-26 19:00:00,2026-05-26,19,1
Protein Bar Vanilla Stracci,2.0,1.87,0.13,2.0,2026-05-26 19:00:00,2026-05-26,19,1
Kinderriegel,1.0,0.47,0.03,0.5,2026-05-26 21:00:00,2026-05-26,21,1
Haribo Tropifrutti 100g. 30St.,1.0,0.93,0.07,1.0,2026-05-26 21:00:00,2026-05-26,21,1
HOMEMADE BUN VEGAN,1.0,2.34,0.16,2.5,2026-05-26 21:00:00,2026-05-26,21,1
Koro Protein Bar Pistachio,1.0,2.71,0.19,2.9,2026-05-26 21:00:00,2026-05-26,21,1
Koro Protein Bar Schoko Brownie,1.0,2.34,0.16,2.5,2026-05-26 21:00:00,2026-05-26,21,1
Soft Protein Riegel Salted Peanut Carame,1.0,2.99,0.21,3.2,2026-05-26 21:00:00,2026-05-26,21,1
Protein Bar Vanilla Stracci,1.0,0.93,0.07,1.0,2026-05-26 22:00:00,2026-05-26,22,1
HOMEMADE BUN Veggie Laugenecke Tom Moz,1.0,2.34,0.16,2.5,2026-05-26 22:00:00,2026-05-26,22,1
HOMEMADE Breakfastcup 285g,1.0,2.9,0.2,3.1,2026-05-26 22:00:00,2026-05-26,22,1
Koro Protein Bar Peanut Chocolate,1.0,2.06,0.14,2.2,2026-05-26 22:00:00,2026-05-26,22,1
"Leergut 0,25 EUR",2.0,0.42,0.08,0.5,2026-05-26 22:00:00,2026-05-26,22,1
DPG Vitamin Well Reload,1.0,1.64,0.31,1.95,2026-05-26 22:00:00,2026-05-26,22,1
DPG Vitamin Well Prepare,1.0,1.64,0.31,1.95,2026-05-26 22:00:00,2026-05-26,22,1
Protein Bar Vanilla Stracci,1.0,0.93,0.07,1.0,2026-05-27 08:00:00,2026-05-27,8,2
"Leergut 0,25 EUR",1.0,0.21,0.04,0.25,2026-05-27 08:00:00,2026-05-27,8,2
Red Bull Zero,1.0,1.07,0.2,1.27,2026-05-27 08:00:00,2026-05-27,8,2
BiFi Roll,1.0,1.31,0.09,1.4,2026-05-27 09:00:00,2026-05-27,9,2
Croissant Schnecke,1.0,1.68,0.12,1.8,2026-05-27 09:00:00,2026-05-27,9,2
"Leergut 0,15 EUR",1.0,0.13,0.02,0.15,2026-05-27 09:00:00,2026-05-27,9,2
Teinacher classic,1.0,1.01,0.19,1.2,2026-05-27 09:00:00,2026-05-27,9,2
Snickers Ice Cream Eisrie,1.0,2.34,0.16,2.5,2026-05-27 10:00:00,2026-05-27,10,2
Mars Ice Cream Eisriegel,1.0,2.33,0.17,2.5,2026-05-27 10:00:00,2026-05-27,10,2
Laugenbrezel mit Butter,1.0,1.68,0.12,1.8,2026-05-27 10:00:00,2026-05-27,10,2
"Leergut 0,15 EUR",1.0,0.13,0.02,0.15,2026-05-27 10:00:00,2026-05-27,10,2
"Leergut 0,25 EUR",1.0,0.21,0.04,0.25,2026-05-27 10:00:00,2026-05-27,10,2
Red Bull White Edition,1.0,1.07,0.2,1.27,2026-05-27 10:00:00,2026-05-27,10,2
FUZE T ZITRONE,1.0,1.43,0.27,1.7,2026-05-27 10:00:00,2026-05-27,10,2
HOMEMADE BUN Cheese,1.0,1.78,0.12,1.9,2026-05-27 11:00:00,2026-05-27,11,2
"Leergut 0,25 EUR",1.0,0.21,0.04,0.25,2026-05-27 11:00:00,2026-05-27,11,2
Red Bull Zero,1.0,1.07,0.2,1.27,2026-05-27 11:00:00,2026-05-27,11,2
BF ICE CREAM Himbeere Fichte 100ml Bio V,1.0,2.34,0.16,2.5,2026-05-27 12:00:00,2026-05-27,12,2
La Nogger Choc,1.0,1.87,0.13,2.0,2026-05-27 12:00:00,2026-05-27,12,2
GO FRESH Saladbowl Caesar,1.0,6.45,0.45,6.9,2026-05-27 12:00:00,2026-05-27,12,2
Shot Himbeere Ingwer 60ml,1.0,1.85,0.35,2.2,2026-05-27 12:00:00,2026-05-27,12,2
Shot Ginger Apple 60ml,1.0,1.85,0.35,2.2,2026-05-27 12:00:00,2026-05-27,12,2
Airwaves Menth & Eucalypt Box,1.0,2.71,0.19,2.9,2026-05-27 12:00:00,2026-05-27,12,2
"Leergut 0,15 EUR",1.0,0.13,0.02,0.15,2026-05-27 12:00:00,2026-05-27,12,2
"Leergut 0,25 EUR",7.0,1.47,0.28,1.75,2026-05-27 12:00:00,2026-05-27,12,2
Red Bull Green Edition,1.0,0.71,0.14,0.85,2026-05-27 12:00:00,2026-05-27,12,2
"Red Bull 0,25",3.0,2.51,0.46,2.97,2026-05-27 12:00:00,2026-05-27,12,2
Red Bull Zero,2.0,2.13,0.41,2.54,2026-05-27 12:00:00,2026-05-27,12,2
"Coca Cola Zero 0,4L Glas Mehrweg",1.0,1.26,0.24,1.5,2026-05-27 12:00:00,2026-05-27,12,2
Red Bull Sea Blue Edition,1.0,0.71,0.14,0.85,2026-05-27 12:00:00,2026-05-27,12,2
Protein Bar Vanilla Stracci,1.0,0.93,0.07,1.0,2026-05-27 15:00:00,2026-05-27,15,2
La Nogger Choc,1.0,1.87,0.13,2.0,2026-05-27 15:00:00,2026-05-27,15,2
Twix Ice Cream Eisriegel,1.0,2.34,0.16,2.5,2026-05-27 15:00:00,2026-05-27,15,2
"Leergut 0,15 EUR",1.0,0.13,0.02,0.15,2026-05-27 15:00:00,2026-05-27,15,2
"Coca Cola Zero 0,4L Glas Mehrweg",1.0,1.26,0.24,1.5,2026-05-27 15:00:00,2026-05-27,15,2
La Magnum Almond,2.0,5.05,0.35,5.4,2026-05-27 16:00:00,2026-05-27,16,2
La Magnum Classic,1.0,2.52,0.18,2.7,2026-05-27 16:00:00,2026-05-27,16,2
Koro Protein Bar Pistachio,1.0,2.71,0.19,2.9,2026-05-27 18:00:00,2026-05-27,18,2
Koro Protein Bar Schoko Brownie,1.0,2.34,0.16,2.5,2026-05-27 18:00:00,2026-05-27,18,2
"Leergut 0,08 EUR",1.0,0.07,0.01,0.08,2026-05-27 18:00:00,2026-05-27,18,2
Welde Alkoholfrei,1.0,1.43,0.27,1.7,2026-05-27 18:00:00,2026-05-27,18,2
HOMEMADE Breakfastcup 285g,1.0,2.9,0.2,3.1,2026-05-27 20:00:00,2026-05-27,20,2
Protein Bar Vanilla Stracci,1.0,0.93,0.07,1.0,2026-05-27 21:00:00,2026-05-27,21,2
GO FRESH Wrap Linse Falaf,1.0,3.55,0.25,3.8,2026-05-27 21:00:00,2026-05-27,21,2
HOMEMADE BUN VEGAN,1.0,2.34,0.16,2.5,2026-05-27 21:00:00,2026-05-27,21,2
BIO Hafer Drink Cappuccino Oatly,1.0,1.89,0.36,2.25,2026-05-27 21:00:00,2026-05-27,21,2
"Leergut 0,25 EUR",2.0,0.42,0.08,0.5,2026-05-28 08:00:00,2026-05-28,8,3
"Red Bull 0,25",2.0,1.43,0.27,1.7,2026-05-28 08:00:00,2026-05-28,8,3
HOMEMADE BUN VEGAN,1.0,2.34,0.16,2.5,2026-05-28 10:00:00,2026-05-28,10,3
Manner Neapolitaner Schnitten 75g,1.0,0.93,0.07,1.0,2026-05-28 12:00:00,2026-05-28,12,3
Snickers Ice Cream Eisrie,1.0,2.34,0.16,2.5,2026-05-28 12:00:00,2026-05-28,12,3
Chili & Lime Chili & Lima24 Beutel á 4,1.0,1.12,0.08,1.2,2026-05-28 12:00:00,2026-05-28,12,3
HofEis Joghurt Heidelbeere 130ml,1.0,2.34,0.16,2.5,2026-05-28 12:00:00,2026-05-28,12,3
HofEis Erdbeere Sorbet 130ml,1.0,2.34,0.16,2.5,2026-05-28 12:00:00,2026-05-28,12,3
HofEis Omas Apfelkuchen 130ml,1.0,2.34,0.16,2.5,2026-05-28 12:00:00,2026-05-28,12,3
La Magnum Almond,1.0,2.52,0.18,2.7,2026-05-28 12:00:00,2026-05-28,12,3
HOMEMADE BUN VEGAN,1.0,2.34,0.16,2.5,2026-05-28 12:00:00,2026-05-28,12,3
Starbucks Caffé Latte,1.0,2.76,0.19,2.95,2026-05-28 12:00:00,2026-05-28,12,3
GIANT Flapjack Pecanut,1.0,1.12,0.08,1.2,2026-05-28 12:00:00,2026-05-28,12,3
Koro Protein Bar Schoko Brownie,2.0,4.67,0.33,5.0,2026-05-28 12:00:00,2026-05-28,12,3
"Leergut 0,15 EUR",4.0,0.52,0.08,0.6,2026-05-28 12:00:00,2026-05-28,12,3
"Leergut 0,25 EUR",5.0,1.05,0.2,1.25,2026-05-28 12:00:00,2026-05-28,12,3
"Red Bull 0,25",2.0,1.44,0.26,1.7,2026-05-28 12:00:00,2026-05-28,12,3
Red Bull Zero,1.0,0.71,0.14,0.85,2026-05-28 12:00:00,2026-05-28,12,3
DPG Vitamin Well Reload,2.0,3.28,0.62,3.9,2026-05-28 12:00:00,2026-05-28,12,3
"Coca Cola Zero 0,4L Glas Mehrweg",4.0,5.04,0.96,6.0,2026-05-28 12:00:00,2026-05-28,12,3
Red Bull Sea Blue Edition,1.0,0.71,0.14,0.85,2026-05-28 12:00:00,2026-05-28,12,3
Hofeis Knusperkeks 130ml,1.0,2.34,0.16,2.5,2026-05-28 13:00:00,2026-05-28,13,3
La Nogger Choc,1.0,1.87,0.13,2.0,2026-05-28 13:00:00,2026-05-28,13,3
La Cornetto Haselnuss,1.0,1.87,0.13,2.0,2026-05-28 13:00:00,2026-05-28,13,3
"Leergut 0,15 EUR",2.0,0.26,0.04,0.3,2026-05-28 14:00:00,2026-05-28,14,3
"Leergut 0,25 EUR",2.0,0.42,0.08,0.5,2026-05-28 14:00:00,2026-05-28,14,3
"Red Bull 0,25",1.0,1.07,0.2,1.27,2026-05-28 14:00:00,2026-05-28,14,3
DPG Vitamin Well Reload,1.0,1.64,0.31,1.95,2026-05-28 14:00:00,2026-05-28,14,3
Teinacher Apfelschorle,1.0,1.34,0.26,1.6,2026-05-28 14:00:00,2026-05-28,14,3
"Mezzo Mix 0,4L Glas Mehrweg",1.0,1.26,0.24,1.5,2026-05-28 14:00:00,2026-05-28,14,3
La Cornetto Haselnuss,1.0,1.87,0.13,2.0,2026-05-28 15:00:00,2026-05-28,15,3
Koro Protein Bar Pistachio,1.0,2.71,0.19,2.9,2026-05-28 15:00:00,2026-05-28,15,3
La Magnum Almond,1.0,2.52,0.18,2.7,2026-05-28 16:00:00,2026-05-28,16,3
Snickers Riegel  2 Pack,1.0,1.12,0.08,1.2,2026-05-28 16:00:00,2026-05-28,16,3
HOMEMADE BUN Cheese,1.0,1.78,0.12,1.9,2026-05-28 16:00:00,2026-05-28,16,3
"Leergut 0,15 EUR",1.0,0.13,0.02,0.15,2026-05-28 16:00:00,2026-05-28,16,3
"Leergut 0,25 EUR",1.0,0.21,0.04,0.25,2026-05-28 16:00:00,2026-05-28,16,3
"Powerade Mountain Blast 0,5l PEW",1.0,1.34,0.26,1.6,2026-05-28 16:00:00,2026-05-28,16,3
"Coca Cola Zero 0,4L Glas Mehrweg",1.0,1.26,0.24,1.5,2026-05-28 16:00:00,2026-05-28,16,3
Gefüllter Triple Chocolate Muffin,1.0,2.06,0.14,2.2,2026-05-28 17:00:00,2026-05-28,17,3
HOMEMADE BUN Salami,1.0,2.33,0.17,2.5,2026-05-28 17:00:00,2026-05-28,17,3
"Leergut 0,25 EUR",1.0,0.21,0.04,0.25,2026-05-28 17:00:00,2026-05-28,17,3
DPG Vitamin Well Hydrate,1.0,1.64,0.31,1.95,2026-05-28 17:00:00,2026-05-28,17,3
Barebells Soft Protein Coco Choco 55g,1.0,3.09,0.21,3.3,2026-05-28 18:00:00,2026-05-28,18,3
Cashews gerös,1.0,2.06,0.14,2.2,2026-05-28 18:00:00,2026-05-28,18,3
Laugenbrezel mit Butter,1.0,1.68,0.12,1.8,2026-05-28 18:00:00,2026-05-28,18,3
Haribo Tropifrutti 100g. 30St.,1.0,0.93,0.07,1.0,2026-05-28 18:00:00,2026-05-28,18,3
"Mostbuben  Stille Apfelsaftschorle 0,5",1.0,1.68,0.32,2.0,2026-05-28 18:00:00,2026-05-28,18,3
Griesson Schoko Mountain Cookies 125g,1.0,1.68,0.12,1.8,2026-05-28 20:00:00,2026-05-28,20,3
Protein Bar Chocolate,1.0,0.93,0.07,1.0,2026-05-28 20:00:00,2026-05-28,20,3
HOMEMADE BUN Veggie Laugenecke Tom Moz,1.0,2.34,0.16,2.5,2026-05-28 20:00:00,2026-05-28,20,3
HOMEMADE Breakfastcup 285g,1.0,2.9,0.2,3.1,2026-05-28 20:00:00,2026-05-28,20,3
"Leergut 0,08 EUR",2.0,0.13,0.03,0.16,2026-05-28 21:00:00,2026-05-28,21,3
Welde Slow,1.0,1.43,0.27,1.7,2026-05-28 21:00:00,2026-05-28,21,3
Welde Alkoholfrei,1.0,1.43,0.27,1.7,2026-05-28 21:00:00,2026-05-28,21,3
Koro Protein Bar Schoko Brownie,1.0,2.34,0.16,2.5,2026-05-29 10:00:00,2026-05-29,10,4
"Leergut 0,25 EUR",2.0,0.42,0.08,0.5,2026-05-29 10:00:00,2026-05-29,10,4
"Red Bull 0,25",1.0,0.72,0.13,0.85,2026-05-29 10:00:00,2026-05-29,10,4
Red Bull Sea Blue Edition,1.0,0.71,0.14,0.85,2026-05-29 10:00:00,2026-05-29,10,4
BF ICE CREAM Himbeere Fichte 100ml Bio V,1.0,2.34,0.16,2.5,2026-05-29 13:00:00,2026-05-29,13,4
La Nogger Choc,1.0,1.87,0.13,2.0,2026-05-29 13:00:00,2026-05-29,13,4
"Leergut 0,25 EUR",1.0,0.21,0.04,0.25,2026-05-29 13:00:00,2026-05-29,13,4
"Red Bull 0,25",1.0,1.07,0.2,1.27,2026-05-29 13:00:00,2026-05-29,13,4
Mikrowe Pommes extra dünn,1.0,1.87,0.13,2.0,2026-05-29 15:00:00,2026-05-29,15,4
Butcher Lasagne Yeah,1.0,4.58,0.32,4.9,2026-05-29 15:00:00,2026-05-29,15,4
Koro Protein Bar Pistachio,1.0,2.71,0.19,2.9,2026-05-29 17:00:00,2026-05-29,17,4
Koro Protein Bar Schoko Brownie,1.0,2.34,0.16,2.5,2026-05-29 17:00:00,2026-05-29,17,4
Protein Bar Chocolate,1.0,0.94,0.06,1.0,2026-05-29 18:00:00,2026-05-29,18,4
Protein Bar Vanilla Stracci,1.0,0.93,0.07,1.0,2026-05-29 18:00:00,2026-05-29,18,4
Protein Bar Caramell Toffee,10.0,9.35,0.65,10.0,2026-05-30 18:00:00,2026-05-30,18,5
Protein Bar Chocolate,1.0,0.93,0.07,1.0,2026-05-30 18:00:00,2026-05-30,18,5
"Leergut 0,25 EUR",2.0,0.42,0.08,0.5,2026-05-30 18:00:00,2026-05-30,18,5
Red Bull Zero,2.0,2.13,0.41,2.54,2026-05-30 18:00:00,2026-05-30,18,5
HOMEMADE Breakfastcup 285g,1.0,2.9,0.2,3.1,2026-05-31 09:00:00,2026-05-31,9,6
"Leergut 0,25 EUR",1.0,0.21,0.04,0.25,2026-05-31 09:00:00,2026-05-31,9,6
"Red Bull 0,25",1.0,1.07,0.2,1.27,2026-05-31 09:00:00,2026-05-31,9,6
GO FRESH Wrap Chicken Chi,1.0,3.55,0.25,3.8,2026-05-31 12:00:00,2026-05-31,12,6
GO FRESH Sandw Pute Ei,1.0,3.55,0.25,3.8,2026-05-31 12:00:00,2026-05-31,12,6
GO FRESH Tuna Sandwich,1.0,3.55,0.25,3.8,2026-05-31 12:00:00,2026-05-31,12,6
"Leergut 0,15 EUR",1.0,0.13,0.02,0.15,2026-05-31 12:00:00,2026-05-31,12,6
"Coca Cola Zero 0,4L Glas Mehrweg",1.0,1.26,0.24,1.5,2026-05-31 12:00:00,2026-05-31,12,6
"Leergut 0,15 EUR",1.0,0.13,0.02,0.15,2026-05-31 13:00:00,2026-05-31,13,6
"Leergut 0,25 EUR",3.0,0.63,0.12,0.75,2026-05-31 13:00:00,2026-05-31,13,6
"Monster Energy 0,5l",2.0,3.69,0.71,4.4,2026-05-31 13:00:00,2026-05-31,13,6
"Red Bull 0,25",1.0,1.07,0.2,1.27,2026-05-31 13:00:00,2026-05-31,13,6
FUZE T PFIRSICH,1.0,1.43,0.27,1.7,2026-05-31 13:00:00,2026-05-31,13,6
"Leergut 0,15 EUR",1.0,0.13,0.02,0.15,2026-05-31 14:00:00,2026-05-31,14,6
"Mezzo Mix 0,4L Glas Mehrweg",1.0,1.26,0.24,1.5,2026-05-31 14:00:00,2026-05-31,14,6
Protein Bar Caramell Toffee,1.0,0.93,0.07,1.0,2026-05-31 17:00:00,2026-05-31,17,6
Smothie Froosh Pineapple 250ml,1.0,2.02,0.38,2.4,2026-05-31 17:00:00,2026-05-31,17,6
Bio cookies & choc fairness 45g,1.0,1.12,0.08,1.2,2026-05-31 17:00:00,2026-05-31,17,6
"Leergut 0,25 EUR",2.0,0.42,0.08,0.5,2026-05-31 17:00:00,2026-05-31,17,6
Red Bull Blue Edition,1.0,1.07,0.2,1.27,2026-05-31 17:00:00,2026-05-31,17,6
Untou Bio Matcha Lime,1.0,1.34,0.26,1.6,2026-05-31 17:00:00,2026-05-31,17,6
Koro Protein Bar Pistachio,1.0,2.71,0.19,2.9,2026-05-31 20:00:00,2026-05-31,20,6
Koro Protein Bar Schoko Brownie,1.0,2.34,0.16,2.5,2026-05-31 20:00:00,2026-05-31,20,6
Shot Beetroot 60ml,1.0,1.85,0.35,2.2,2026-05-31 21:00:00,2026-05-31,21,6
"Leergut 0,08 EUR",8.0,0.56,0.08,0.64,2026-05-31 21:00:00,2026-05-31,21,6
"Leergut 0,15 EUR",3.0,0.38,0.07,0.45,2026-05-31 21:00:00,2026-05-31,21,6
"Leergut 0,25 EUR",5.0,1.02,0.23,1.25,2026-05-31 21:00:00,2026-05-31,21,6
Red Bull White Edition,1.0,0.72,0.13,0.85,2026-05-31 21:00:00,2026-05-31,21,6
"Red Bull 0,25",3.0,2.14,0.41,2.55,2026-05-31 21:00:00,2026-05-31,21,6
DPG Vitamin Well Prepare,1.0,1.64,0.31,1.95,2026-05-31 21:00:00,2026-05-31,21,6
Teinacher Mango Maracuja,2.0,2.68,0.52,3.2,2026-05-31 21:00:00,2026-05-31,21,6
Welde Slow,8.0,11.44,2.16,13.6,2026-05-31 21:00:00,2026-05-31,21,6
FUZE T PFIRSICH,1.0,1.43,0.27,1.7,2026-05-31 21:00:00,2026-05-31,21,6
Protein Bar Vanilla Stracci,2.0,1.87,0.13,2.0,2026-05-31 22:00:00,2026-05-31,22,6
HOMEMADE BUN VEGAN,1.0,2.34,0.16,2.5,2026-06-01 07:00:00,2026-06-01,7,0
Kinderriegel,4.0,1.87,0.13,2.0,2026-06-01 13:00:00,2026-06-01,13,0
"Leergut 0,25 EUR",1.0,0.21,0.04,0.25,2026-06-01 13:00:00,2026-06-01,13,0
DPG Vitamin Well Hydrate,1.0,1.64,0.31,1.95,2026-06-01 13:00:00,2026-06-01,13,0
Protein Bar Chocolate,1.0,0.93,0.07,1.0,2026-06-01 15:00:00,2026-06-01,15,0
Snickers Ice Cream Eisrie,2.0,4.68,0.32,5.0,2026-06-01 15:00:00,2026-06-01,15,0
Airwaves Menth & Eucalypt,1.0,0.94,0.06,1.0,2026-06-01 15:00:00,2026-06-01,15,0
Dr.  Kargs Protein Knäcke,1.0,3.03,0.22,3.25,2026-06-01 15:00:00,2026-06-01,15,0
Koro Protein Bar Schoko Brownie,1.0,2.34,0.16,2.5,2026-06-01 15:00:00,2026-06-01,15,0
"Leergut 0,25 EUR",1.0,0.21,0.04,0.25,2026-06-01 15:00:00,2026-06-01,15,0
"Hochwald Eiskaffee 0,25l Dose",1.0,1.31,0.09,1.4,2026-06-01 15:00:00,2026-06-01,15,0
M&M Peanut,1.0,0.93,0.07,1.0,2026-06-01 16:00:00,2026-06-01,16,0
La Magnum Almond,1.0,2.52,0.18,2.7,2026-06-01 16:00:00,2026-06-01,16,0
La Magnum Classic,1.0,2.53,0.17,2.7,2026-06-01 16:00:00,2026-06-01,16,0
Gefüllter Triple Chocolate Muffin,1.0,2.06,0.14,2.2,2026-06-01 16:00:00,2026-06-01,16,0
HOMEMADE BUN Salami,1.0,2.34,0.16,2.5,2026-06-01 16:00:00,2026-06-01,16,0
HOMEMADE Breakfastcup 285g,1.0,2.9,0.2,3.1,2026-06-01 16:00:00,2026-06-01,16,0
"Leergut 0,15 EUR",1.0,0.13,0.02,0.15,2026-06-01 16:00:00,2026-06-01,16,0
"Coca Cola Zero 0,4L Glas Mehrweg",1.0,1.26,0.24,1.5,2026-06-01 16:00:00,2026-06-01,16,0
Protein Bar Vanilla Stracci,1.0,0.93,0.07,1.0,2026-06-01 17:00:00,2026-06-01,17,0
HOMEMADE BUN VEGAN,1.0,2.34,0.16,2.5,2026-06-01 17:00:00,2026-06-01,17,0
"Leergut 0,25 EUR",1.0,0.21,0.04,0.25,2026-06-01 19:00:00,2026-06-01,19,0
DPG Vitamin Well Hydrate,1.0,1.64,0.31,1.95,2026-06-01 19:00:00,2026-06-01,19,0
Koro Protein Bar Pistachio,1.0,2.71,0.19,2.9,2026-06-01 21:00:00,2026-06-01,21,0
Laugenbrezel mit Butter,1.0,1.68,0.12,1.8,2026-06-02 08:00:00,2026-06-02,8,1
HOMEMADE BUN Cheese,1.0,1.78,0.12,1.9,2026-06-02 08:00:00,2026-06-02,8,1
HOMEMADE BUN Veggie Laugenecke Tom Moz,2.0,4.68,0.32,5.0,2026-06-02 08:00:00,2026-06-02,8,1
"Yayla Ayran Tetra 0,25L",1.0,1.01,0.19,1.2,2026-06-02 08:00:00,2026-06-02,8,1
Koro Protein Bar Pistachio,1.0,2.71,0.19,2.9,2026-06-02 09:00:00,2026-06-02,9,1
BLACK FOREST ICE CREAM Schokolade 100ml,1.0,2.34,0.16,2.5,2026-06-02 13:00:00,2026-06-02,13,1
La Cornetto Haselnuss,1.0,1.87,0.13,2.0,2026-06-02 13:00:00,2026-06-02,13,1
"Leergut 0,15 EUR",3.0,0.38,0.07,0.45,2026-06-02 13:00:00,2026-06-02,13,1
"Coca Cola Zero 0,4L Glas Mehrweg",3.0,3.78,0.72,4.5,2026-06-02 13:00:00,2026-06-02,13,1
Soft Protein Riegel Salted Peanut Carame,1.0,2.99,0.21,3.2,2026-06-02 14:00:00,2026-06-02,14,1
Griesson Schoko Mountain Cookies 125g,1.0,1.68,0.12,1.8,2026-06-02 15:00:00,2026-06-02,15,1
Mars Ice Cream Eisriegel,1.0,2.34,0.16,2.5,2026-06-02 15:00:00,2026-06-02,15,1
"Leergut 0,15 EUR",1.0,0.13,0.02,0.15,2026-06-02 15:00:00,2026-06-02,15,1
Teinacher classic,1.0,1.01,0.19,1.2,2026-06-02 15:00:00,2026-06-02,15,1
Protein Bar Caramell Toffee,1.0,0.93,0.07,1.0,2026-06-02 16:00:00,2026-06-02,16,1
Laugenbrezel mit Butter,1.0,1.68,0.12,1.8,2026-06-02 16:00:00,2026-06-02,16,1
Manner Neapolitaner Schnitten 75g,1.0,0.93,0.07,1.0,2026-06-02 17:00:00,2026-06-02,17,1
Protein Bar Vanilla Stracci,1.0,0.93,0.07,1.0,2026-06-02 17:00:00,2026-06-02,17,1
Airwaves Menth & Eucalypt,1.0,0.93,0.07,1.0,2026-06-02 17:00:00,2026-06-02,17,1
Wick Zitrone ohne Zucker,1.0,2.06,0.14,2.2,2026-06-02 17:00:00,2026-06-02,17,1
Twix Xtra 75g,1.0,1.13,0.07,1.2,2026-06-02 17:00:00,2026-06-02,17,1
Koro Protein Bar Schoko Brownie,1.0,2.33,0.17,2.5,2026-06-02 18:00:00,2026-06-02,18,1
Takis Blue Heat,1.0,2.2,0.15,2.35,2026-06-02 18:00:00,2026-06-02,18,1
Bio cookies & choc fairness 45g,1.0,1.12,0.08,1.2,2026-06-02 22:00:00,2026-06-02,22,1
Bio honey almond fairness 45g,1.0,1.12,0.08,1.2,2026-06-02 22:00:00,2026-06-02,22,1
"Leergut 0,08 EUR",4.0,0.27,0.05,0.32,2026-06-02 22:00:00,2026-06-02,22,1
Welde Slow,4.0,5.71,1.09,6.8,2026-06-02 22:00:00,2026-06-02,22,1
Laugenbrezel mit Pfeffer,1.0,1.68,0.12,1.8,2026-06-03 07:00:00,2026-06-03,7,2
Laugenbrezel mit Butter,1.0,1.68,0.12,1.8,2026-06-03 09:00:00,2026-06-03,9,2
La Magnum Almond,1.0,2.52,0.18,2.7,2026-06-03 12:00:00,2026-06-03,12,2
La Cornetto Haselnuss,1.0,1.87,0.13,2.0,2026-06-03 12:00:00,2026-06-03,12,2
Koro Protein Bar Pistachio,1.0,2.71,0.19,2.9,2026-06-03 12:00:00,2026-06-03,12,2
Koro Protein Bar Schoko Brownie,1.0,2.34,0.16,2.5,2026-06-03 12:00:00,2026-06-03,12,2
HofEis Erdbeere Sorbet 130ml,2.0,4.67,0.33,5.0,2026-06-03 13:00:00,2026-06-03,13,2
Pistazien ger,1.0,2.34,0.16,2.5,2026-06-03 13:00:00,2026-06-03,13,2
La Magnum Almond,1.0,2.52,0.18,2.7,2026-06-03 13:00:00,2026-06-03,13,2
GIANT Flapjack Blueberry,1.0,1.12,0.08,1.2,2026-06-03 13:00:00,2026-06-03,13,2
GIANT Flapjack Hazelnut,1.0,1.12,0.08,1.2,2026-06-03 13:00:00,2026-06-03,13,2
GIANT Flapjack Pecanut,1.0,1.12,0.08,1.2,2026-06-03 13:00:00,2026-06-03,13,2
M&M Peanut,1.0,0.93,0.07,1.0,2026-06-03 14:00:00,2026-06-03,14,2
Bautz ner Senf mittelsch,1.0,2.71,0.19,2.9,2026-06-03 14:00:00,2026-06-03,14,2
GO FRESH Sanw Schink Goud,1.0,3.56,0.24,3.8,2026-06-03 14:00:00,2026-06-03,14,2
"Leergut 0,15 EUR",2.0,0.26,0.04,0.3,2026-06-03 14:00:00,2026-06-03,14,2
"Coca Cola Zero 0,4L Glas Mehrweg",2.0,2.52,0.48,3.0,2026-06-03 14:00:00,2026-06-03,14,2
Koro Protein Bar Schoko Brownie,1.0,2.34,0.16,2.5,2026-06-03 15:00:00,2026-06-03,15,2
Kinder Bueno 43g Ferrero,2.0,1.87,0.13,2.0,2026-06-03 16:00:00,2026-06-03,16,2
Snickers Ice Cream Eisrie,1.0,2.33,0.17,2.5,2026-06-03 16:00:00,2026-06-03,16,2
Gefüllter Triple Chocolate Muffin,1.0,2.06,0.14,2.2,2026-06-03 16:00:00,2026-06-03,16,2
HofEis Joghurt Heidelbeere 130ml,1.0,2.33,0.17,2.5,2026-06-03 17:00:00,2026-06-03,17,2
Hofeis Mango 130ml,1.0,2.34,0.16,2.5,2026-06-03 17:00:00,2026-06-03,17,2
HOMEMADE Breakfastcup 285g,1.0,2.9,0.2,3.1,2026-06-03 18:00:00,2026-06-03,18,2
GO FRESH Sandw Käse,1.0,3.55,0.25,3.8,2026-06-03 20:00:00,2026-06-03,20,2
Haribo Tropifrutti 100g. 30St.,1.0,0.93,0.07,1.0,2026-06-03 20:00:00,2026-06-03,20,2
HOMEMADE Breakfastcup 285g,1.0,2.9,0.2,3.1,2026-06-03 20:00:00,2026-06-03,20,2
Smothie Froosh Blueberry 250ml,1.0,2.02,0.38,2.4,2026-06-03 20:00:00,2026-06-03,20,2
"Leergut 0,25 EUR",1.0,0.21,0.04,0.25,2026-06-03 20:00:00,2026-06-03,20,2
DPG Vitamin Well Reload,1.0,1.64,0.31,1.95,2026-06-03 20:00:00,2026-06-03,20,2
"Leergut 0,08 EUR",4.0,0.27,0.05,0.32,2026-06-03 21:00:00,2026-06-03,21,2
"Leergut 0,25 EUR",9.0,1.89,0.36,2.25,2026-06-03 21:00:00,2026-06-03,21,2
Red Bull White Edition,4.0,3.92,0.74,4.66,2026-06-03 21:00:00,2026-06-03,21,2
"Red Bull 0,25",4.0,3.92,0.74,4.66,2026-06-03 21:00:00,2026-06-03,21,2
DPG Vitamin Well Reload,1.0,1.63,0.32,1.95,2026-06-03 21:00:00,2026-06-03,21,2
Welde Slow,4.0,5.71,1.09,6.8,2026-06-03 21:00:00,2026-06-03,21,2
HofEis Erdbeere Sorbet 130ml,1.0,2.34,0.16,2.5,2026-06-04 13:00:00,2026-06-04,13,3
Markenbutter Alu,1.0,3.08,0.22,3.3,2026-06-04 15:00:00,2026-06-04,15,3
Milka Alpenmilch,1.0,2.15,0.15,2.3,2026-06-04 15:00:00,2026-06-04,15,3
Soft Protein Riegel Salted Peanut Carame,1.0,2.99,0.21,3.2,2026-06-04 19:00:00,2026-06-04,19,3
"Leergut 0,15 EUR",1.0,0.13,0.02,0.15,2026-06-04 19:00:00,2026-06-04,19,3
"Coca Cola Zero 0,4L Glas Mehrweg",1.0,1.26,0.24,1.5,2026-06-04 19:00:00,2026-06-04,19,3
Airwaves Menth & Eucalypt,3.0,2.8,0.2,3.0,2026-06-04 20:00:00,2026-06-04,20,3
"Leergut 0,25 EUR",2.0,0.42,0.08,0.5,2026-06-04 20:00:00,2026-06-04,20,3
DPG Vitamin Well Reload,2.0,3.28,0.62,3.9,2026-06-04 20:00:00,2026-06-04,20,3
Smothie Froosh Mango 250ml,1.0,2.02,0.38,2.4,2026-06-04 21:00:00,2026-06-04,21,3
BIO Hafer Drink Moccaccino 12 x 235ml Oa,1.0,1.89,0.36,2.25,2026-06-04 21:00:00,2026-06-04,21,3
HOMEMADE BUN VEGAN,1.0,2.34,0.16,2.5,2026-06-05 08:00:00,2026-06-05,8,4
M Cooky Gloria Gebäckmisc,1.0,2.8,0.2,3.0,2026-06-05 09:00:00,2026-06-05,9,4
GO FRESH Wrap Linse Falaf,1.0,3.55,0.25,3.8,2026-06-05 09:00:00,2026-06-05,9,4
Laugenbrezel mit Butter,1.0,1.68,0.12,1.8,2026-06-05 09:00:00,2026-06-05,9,4
"Snack Nüsse, BBQ",1.0,3.51,0.24,3.75,2026-06-05 09:00:00,2026-06-05,9,4
Gepa Schokolade Vollmilch 100g Bio Voll,1.0,2.2,0.15,2.35,2026-06-05 14:00:00,2026-06-05,14,4
Fe Yogurette,1.0,2.34,0.16,2.5,2026-06-05 16:00:00,2026-06-05,16,4
"Leergut 0,08 EUR",2.0,0.14,0.02,0.16,2026-06-05 16:00:00,2026-06-05,16,4
"Leergut 0,15 EUR",2.0,0.24,0.06,0.3,2026-06-05 16:00:00,2026-06-05,16,4
Teinacher Johannisbeer Holunder,1.0,1.34,0.26,1.6,2026-06-05 16:00:00,2026-06-05,16,4
Welde Naturradler,1.0,1.43,0.27,1.7,2026-06-05 16:00:00,2026-06-05,16,4
"Mezzo Mix 0,4L Glas Mehrweg",1.0,1.26,0.24,1.5,2026-06-05 16:00:00,2026-06-05,16,4
Welde Weizen,1.0,1.6,0.3,1.9,2026-06-05 16:00:00,2026-06-05,16,4
M Cooky Spritzgebäck,1.0,1.87,0.13,2.0,2026-06-05 17:00:00,2026-06-05,17,4
Nussschnecke,1.0,2.34,0.16,2.5,2026-06-05 17:00:00,2026-06-05,17,4
HOMEMADE Breakfastcup 285g,1.0,2.9,0.2,3.1,2026-06-05 17:00:00,2026-06-05,17,4
Starbucks Cappuccino,1.0,2.75,0.2,2.95,2026-06-05 17:00:00,2026-06-05,17,4
Shot Himbeere Ingwer 60ml,1.0,1.85,0.35,2.2,2026-06-05 17:00:00,2026-06-05,17,4
"Leergut 0,25 EUR",1.0,0.21,0.04,0.25,2026-06-06 12:00:00,2026-06-06,12,5
DPG Vitamin Well Hydrate,1.0,1.64,0.31,1.95,2026-06-06 12:00:00,2026-06-06,12,5
La Cornetto Haselnuss,2.0,3.74,0.26,4.0,2026-06-06 16:00:00,2026-06-06,16,5
"Leergut 0,25 EUR",3.0,0.63,0.12,0.75,2026-06-06 18:00:00,2026-06-06,18,5
Red Bull Zero,3.0,3.2,0.61,3.81,2026-06-06 18:00:00,2026-06-06,18,5
Protein Bar Caramell Toffee,10.0,9.35,0.65,10.0,2026-06-06 20:00:00,2026-06-06,20,5
"Leergut 0,08 EUR",1.0,0.07,0.01,0.08,2026-06-06 21:00:00,2026-06-06,21,5
"Leergut 0,25 EUR",2.0,0.42,0.08,0.5,2026-06-06 21:00:00,2026-06-06,21,5
Red Bull White Edition,1.0,0.71,0.14,0.85,2026-06-06 21:00:00,2026-06-06,21,5
"Red Bull 0,25",1.0,0.72,0.13,0.85,2026-06-06 21:00:00,2026-06-06,21,5
Welde Alkoholfrei,1.0,1.43,0.27,1.7,2026-06-06 21:00:00,2026-06-06,21,5
HIP Oat Milk Chocolate Cookies,1.0,3.69,0.26,3.95,2026-06-06 22:00:00,2026-06-06,22,5
Bio H Milch 1l Nature,1.0,2.1,0.15,2.25,2026-06-07 12:00:00,2026-06-07,12,6
"Leergut 0,08 EUR",1.0,0.07,0.01,0.08,2026-06-07 12:00:00,2026-06-07,12,6
"Leergut 0,15 EUR",1.0,0.13,0.02,0.15,2026-06-07 12:00:00,2026-06-07,12,6
"Leergut 0,25 EUR",5.0,1.04,0.21,1.25,2026-06-07 12:00:00,2026-06-07,12,6
"Hochwald Eiskaffee 0,25l Dose",1.0,1.31,0.09,1.4,2026-06-07 12:00:00,2026-06-07,12,6
Red Bull Green Edition,1.0,1.07,0.2,1.27,2026-06-07 12:00:00,2026-06-07,12,6
"Red Bull 0,25",2.0,1.78,0.34,2.12,2026-06-07 12:00:00,2026-06-07,12,6
Red Bull Zero,1.0,0.71,0.14,0.85,2026-06-07 12:00:00,2026-06-07,12,6
Welde Alkoholfrei,1.0,1.43,0.27,1.7,2026-06-07 12:00:00,2026-06-07,12,6
"Coca Cola Zero 0,4L Glas Mehrweg",1.0,1.26,0.24,1.5,2026-06-07 12:00:00,2026-06-07,12,6
Nivea Creme,1.0,2.44,0.46,2.9,2026-06-07 13:00:00,2026-06-07,13,6
La Nogger Choc,1.0,1.87,0.13,2.0,2026-06-07 13:00:00,2026-06-07,13,6
La Magnum Classic,1.0,2.52,0.18,2.7,2026-06-07 13:00:00,2026-06-07,13,6
Gepa Schokolade Vollmilch 100g Bio Voll,1.0,2.2,0.15,2.35,2026-06-07 13:00:00,2026-06-07,13,6
"Leergut 0,15 EUR",1.0,0.13,0.02,0.15,2026-06-07 13:00:00,2026-06-07,13,6
"Leergut 0,25 EUR",2.0,0.42,0.08,0.5,2026-06-07 13:00:00,2026-06-07,13,6
"Powerade Mountain Blast 0,5l PEW",1.0,1.34,0.26,1.6,2026-06-07 13:00:00,2026-06-07,13,6
"Monster Energy 0,5l",1.0,1.85,0.35,2.2,2026-06-07 13:00:00,2026-06-07,13,6
"Coca Cola Zero 0,4L Glas Mehrweg",1.0,1.26,0.24,1.5,2026-06-07 13:00:00,2026-06-07,13,6
"Leergut 0,25 EUR",1.0,0.21,0.04,0.25,2026-06-07 16:00:00,2026-06-07,16,6
"Powerade Mountain Blast 0,5l PEW",1.0,1.34,0.26,1.6,2026-06-07 16:00:00,2026-06-07,16,6
Protein Bar Chocolate,1.0,0.93,0.07,1.0,2026-06-07 17:00:00,2026-06-07,17,6
Protein Bar Vanilla Stracci,2.0,1.87,0.13,2.0,2026-06-07 17:00:00,2026-06-07,17,6
"Leergut 0,25 EUR",1.0,0.21,0.04,0.25,2026-06-07 17:00:00,2026-06-07,17,6
"Powerade Mountain Blast 0,5l PEW",1.0,1.34,0.26,1.6,2026-06-07 17:00:00,2026-06-07,17,6
KitKat,1.0,0.93,0.07,1.0,2026-06-07 18:00:00,2026-06-07,18,6
HofEis Erdbeere Sorbet 130ml,1.0,2.34,0.16,2.5,2026-06-07 18:00:00,2026-06-07,18,6
HofEis Omas Apfelkuchen 130ml,1.0,2.34,0.16,2.5,2026-06-07 18:00:00,2026-06-07,18,6
Paprika Chips,1.0,2.34,0.16,2.5,2026-06-07 18:00:00,2026-06-07,18,6
Knäckebrot Urtyp 250g Burger,1.0,1.68,0.12,1.8,2026-06-07 18:00:00,2026-06-07,18,6
Starbucks Cappuccino,1.0,2.76,0.19,2.95,2026-06-07 18:00:00,2026-06-07,18,6
Snack Nüsse Chilli,1.0,3.5,0.25,3.75,2026-06-07 18:00:00,2026-06-07,18,6
"Leergut 0,08 EUR",2.0,0.13,0.03,0.16,2026-06-07 18:00:00,2026-06-07,18,6
"Leergut 0,25 EUR",7.0,1.47,0.28,1.75,2026-06-07 18:00:00,2026-06-07,18,6
"Hochwald Eiskaffee 0,25l Dose",1.0,1.31,0.09,1.4,2026-06-07 18:00:00,2026-06-07,18,6
"Monster Energy 0,5l",2.0,3.7,0.7,4.4,2026-06-07 18:00:00,2026-06-07,18,6
"Red Bull 0,25",3.0,2.85,0.54,3.39,2026-06-07 18:00:00,2026-06-07,18,6
Red Bull Zero,1.0,0.71,0.14,0.85,2026-06-07 18:00:00,2026-06-07,18,6
Welde Alkoholfrei,2.0,2.86,0.54,3.4,2026-06-07 18:00:00,2026-06-07,18,6
HofEis Erdbeere Sorbet 130ml,1.0,2.34,0.16,2.5,2026-06-07 21:00:00,2026-06-07,21,6
La Nogger Choc,2.0,3.74,0.26,4.0,2026-06-07 21:00:00,2026-06-07,21,6
La Magnum Almond,3.0,7.57,0.53,8.1,2026-06-07 21:00:00,2026-06-07,21,6
"Leergut 0,15 EUR",2.0,0.25,0.05,0.3,2026-06-07 21:00:00,2026-06-07,21,6
"Coca Cola Zero 0,4L Glas Mehrweg",2.0,2.52,0.48,3.0,2026-06-07 21:00:00,2026-06-07,21,6
Tempo Klassik Taschentücher,1.0,2.68,0.52,3.2,2026-06-08 09:00:00,2026-06-08,9,0
Bio H Milch 1l Nature,2.0,4.21,0.29,4.5,2026-06-08 09:00:00,2026-06-08,9,0
"Leergut 0,15 EUR",2.0,0.26,0.04,0.3,2026-06-08 09:00:00,2026-06-08,9,0
"Leergut 0,25 EUR",1.0,0.2,0.05,0.25,2026-06-08 09:00:00,2026-06-08,9,0
DPG Vitamin Well Hydrate,1.0,1.64,0.31,1.95,2026-06-08 09:00:00,2026-06-08,9,0
Teinacher still 0.7,2.0,2.02,0.38,2.4,2026-06-08 09:00:00,2026-06-08,9,0
XL Laugenbrezel 130g FG,1.0,1.31,0.09,1.4,2026-06-08 10:00:00,2026-06-08,10,0
HofEis Erdbeere Sorbet 130ml,1.0,2.33,0.17,2.5,2026-06-08 12:00:00,2026-06-08,12,0
BLACK FOREST ICE CREAM Vanille 100ml Bio,1.0,2.34,0.16,2.5,2026-06-08 12:00:00,2026-06-08,12,0
La Nogger Choc,2.0,3.74,0.26,4.0,2026-06-08 12:00:00,2026-06-08,12,0
La Magnum Classic,1.0,2.52,0.18,2.7,2026-06-08 12:00:00,2026-06-08,12,0
Mars Riegel Mars 2 Pack 70g,1.0,1.13,0.07,1.2,2026-06-08 12:00:00,2026-06-08,12,0
GIANT Flapjack Raspberry,1.0,1.12,0.08,1.2,2026-06-08 12:00:00,2026-06-08,12,0
GIANT Flapjack Hazelnut,1.0,1.12,0.08,1.2,2026-06-08 12:00:00,2026-06-08,12,0
GIANT Flapjack Pecanut,1.0,1.12,0.08,1.2,2026-06-08 12:00:00,2026-06-08,12,0
Koro Protein Bar Schoko Brownie,1.0,2.34,0.16,2.5,2026-06-08 12:00:00,2026-06-08,12,0
"Leergut 0,25 EUR",3.0,0.63,0.12,0.75,2026-06-08 12:00:00,2026-06-08,12,0
"Hochwald Eiskaffee 0,25l Dose",2.0,2.62,0.18,2.8,2026-06-08 12:00:00,2026-06-08,12,0
Red Bull Zero,1.0,1.07,0.2,1.27,2026-06-08 12:00:00,2026-06-08,12,0
"Leergut 0,15 EUR",2.0,0.25,0.05,0.3,2026-06-08 13:00:00,2026-06-08,13,0
"Leergut 0,25 EUR",1.0,0.21,0.04,0.25,2026-06-08 13:00:00,2026-06-08,13,0
Red Bull Zero,1.0,1.07,0.2,1.27,2026-06-08 13:00:00,2026-06-08,13,0
Teinacher Apfelschorle,2.0,2.69,0.51,3.2,2026-06-08 13:00:00,2026-06-08,13,0
Kinder Bueno 43g Ferrero,1.0,0.93,0.07,1.0,2026-06-08 14:00:00,2026-06-08,14,0
Oreo Classic,1.0,2.71,0.19,2.9,2026-06-08 14:00:00,2026-06-08,14,0
XL Laugenbrezel 130g FG,1.0,1.31,0.09,1.4,2026-06-08 14:00:00,2026-06-08,14,0
"Leergut 0,15 EUR",5.0,0.64,0.11,0.75,2026-06-08 14:00:00,2026-06-08,14,0
Teinacher Apfelschorle,1.0,1.34,0.26,1.6,2026-06-08 14:00:00,2026-06-08,14,0
Teinacher classic,1.0,1.01,0.19,1.2,2026-06-08 14:00:00,2026-06-08,14,0
"Mezzo Mix 0,4L Glas Mehrweg",1.0,1.26,0.24,1.5,2026-06-08 14:00:00,2026-06-08,14,0
"Coca Cola 0,4L Glas Mehrweg",1.0,1.26,0.24,1.5,2026-06-08 14:00:00,2026-06-08,14,0
FUZE T PFIRSICH,1.0,1.43,0.27,1.7,2026-06-08 14:00:00,2026-06-08,14,0
M Cooky Spritzgebäck,1.0,1.87,0.13,2.0,2026-06-08 15:00:00,2026-06-08,15,0
"Leergut 0,25 EUR",1.0,0.21,0.04,0.25,2026-06-08 15:00:00,2026-06-08,15,0
DPG Vitamin Well Reload,1.0,1.64,0.31,1.95,2026-06-08 15:00:00,2026-06-08,15,0
Smothie Froosh Pineapple 250ml,1.0,2.02,0.38,2.4,2026-06-08 16:00:00,2026-06-08,16,0
"Leergut 0,15 EUR",1.0,0.13,0.02,0.15,2026-06-08 16:00:00,2026-06-08,16,0
"Leergut 0,25 EUR",2.0,0.42,0.08,0.5,2026-06-08 16:00:00,2026-06-08,16,0
Red Bull Zero,2.0,2.13,0.41,2.54,2026-06-08 16:00:00,2026-06-08,16,0
"Mezzo Mix 0,4L Glas Mehrweg",1.0,1.26,0.24,1.5,2026-06-08 16:00:00,2026-06-08,16,0
KitKat,1.0,0.93,0.07,1.0,2026-06-08 17:00:00,2026-06-08,17,0
Protein Bar Caramell Toffee,1.0,0.93,0.07,1.0,2026-06-08 17:00:00,2026-06-08,17,0
Protein Bar Chocolate,1.0,0.94,0.06,1.0,2026-06-08 17:00:00,2026-06-08,17,0
M&M Peanut,1.0,0.94,0.06,1.0,2026-06-08 17:00:00,2026-06-08,17,0
Haribo Color Rado 100g,1.0,0.93,0.07,1.0,2026-06-08 17:00:00,2026-06-08,17,0
HOMEMADE BUN VEGAN,1.0,2.34,0.16,2.5,2026-06-08 17:00:00,2026-06-08,17,0
"Leergut 0,25 EUR",1.0,0.21,0.04,0.25,2026-06-08 17:00:00,2026-06-08,17,0
DPG Vitamin Well Reload,1.0,1.64,0.31,1.95,2026-06-08 17:00:00,2026-06-08,17,0
Nussschnecke,1.0,2.34,0.16,2.5,2026-06-08 19:00:00,2026-06-08,19,0
Gepa Schokolade Vollmilch 100g Bio Voll,2.0,4.39,0.31,4.7,2026-06-08 19:00:00,2026-06-08,19,0
Protein Bar Vanilla Stracci,1.0,0.93,0.07,1.0,2026-06-08 20:00:00,2026-06-08,20,0
Filly Nut Donut,1.0,1.4,0.1,1.5,2026-06-08 20:00:00,2026-06-08,20,0
M Cooky Gloria Gebäckmisc,1.0,2.8,0.2,3.0,2026-06-08 20:00:00,2026-06-08,20,0
GO FRESH Wrap Tomat Mozza,1.0,3.56,0.24,3.8,2026-06-08 20:00:00,2026-06-08,20,0
HOMEMADE BUN HAM,1.0,2.34,0.16,2.5,2026-06-08 20:00:00,2026-06-08,20,0
"Leergut 0,15 EUR",1.0,0.13,0.02,0.15,2026-06-08 20:00:00,2026-06-08,20,0
"Coca Cola Zero 0,4L Glas Mehrweg",1.0,1.26,0.24,1.5,2026-06-08 20:00:00,2026-06-08,20,0
"Leergut 0,25 EUR",2.0,0.42,0.08,0.5,2026-06-09 08:00:00,2026-06-09,8,1
"Hochwald Eiskaffee 0,25l Dose",2.0,2.62,0.18,2.8,2026-06-09 08:00:00,2026-06-09,8,1
Gefüllter Triple Chocolate Muffin,1.0,2.06,0.14,2.2,2026-06-09 09:00:00,2026-06-09,9,1
Griesson Schoko Mountain Cookies 125g,1.0,1.68,0.12,1.8,2026-06-09 11:00:00,2026-06-09,11,1
Protein Bar Chocolate,1.0,0.93,0.07,1.0,2026-06-09 11:00:00,2026-06-09,11,1
Gefüllter Triple Chocolate Muffin,1.0,2.06,0.14,2.2,2026-06-09 11:00:00,2026-06-09,11,1
XL Laugenbrezel 130g FG,1.0,1.31,0.09,1.4,2026-06-09 11:00:00,2026-06-09,11,1
Snickers Riegel  2 Pack,1.0,1.12,0.08,1.2,2026-06-09 11:00:00,2026-06-09,11,1
"Leergut 0,25 EUR",4.0,0.84,0.16,1.0,2026-06-09 11:00:00,2026-06-09,11,1
"Monster Energy 0,5l",1.0,1.85,0.35,2.2,2026-06-09 11:00:00,2026-06-09,11,1
"Red Bull 0,25",1.0,0.72,0.13,0.85,2026-06-09 11:00:00,2026-06-09,11,1
Red Bull Blue Edition,1.0,0.71,0.14,0.85,2026-06-09 11:00:00,2026-06-09,11,1
DPG Vitamin Well Reload,1.0,1.64,0.31,1.95,2026-06-09 11:00:00,2026-06-09,11,1
La Magnum Almond,1.0,2.52,0.18,2.7,2026-06-09 13:00:00,2026-06-09,13,1
Beef Jerky Original,1.0,1.64,0.11,1.75,2026-06-09 14:00:00,2026-06-09,14,1
La Magnum Almond,2.0,5.05,0.35,5.4,2026-06-09 14:00:00,2026-06-09,14,1
Laugenbrezel mit Butter,1.0,1.68,0.12,1.8,2026-06-09 14:00:00,2026-06-09,14,1
"Leergut 0,15 EUR",1.0,0.13,0.02,0.15,2026-06-09 14:00:00,2026-06-09,14,1
"Leergut 0,25 EUR",1.0,0.21,0.04,0.25,2026-06-09 14:00:00,2026-06-09,14,1
Red Bull Zero,1.0,1.07,0.2,1.27,2026-06-09 14:00:00,2026-06-09,14,1
Teinacher Mango Maracuja,1.0,1.34,0.26,1.6,2026-06-09 14:00:00,2026-06-09,14,1
Koro Protein Bar Schoko Brownie,2.0,4.67,0.33,5.0,2026-06-09 15:00:00,2026-06-09,15,1
"Leergut 0,25 EUR",1.0,0.21,0.04,0.25,2026-06-09 15:00:00,2026-06-09,15,1
"Red Bull 0,25",1.0,1.07,0.2,1.27,2026-06-09 15:00:00,2026-06-09,15,1
Laugenbrezel mit Butter,1.0,1.69,0.11,1.8,2026-06-09 16:00:00,2026-06-09,16,1
Haribo Tropifrutti 100g. 30St.,1.0,0.93,0.07,1.0,2026-06-09 16:00:00,2026-06-09,16,1
HOMEMADE BUN HAM,1.0,2.34,0.16,2.5,2026-06-09 16:00:00,2026-06-09,16,1
"Leergut 0,15 EUR",2.0,0.26,0.04,0.3,2026-06-09 16:00:00,2026-06-09,16,1
Teinacher classic,1.0,1.01,0.19,1.2,2026-06-09 16:00:00,2026-06-09,16,1
"Coca Cola Zero 0,4L Glas Mehrweg",1.0,1.26,0.24,1.5,2026-06-09 16:00:00,2026-06-09,16,1
Beef Jerky Original,1.0,1.64,0.11,1.75,2026-06-09 19:00:00,2026-06-09,19,1
BLACK FOREST ICE CREAM Schokolade 100ml,1.0,2.34,0.16,2.5,2026-06-09 20:00:00,2026-06-09,20,1
"Leergut 0,08 EUR",1.0,0.07,0.01,0.08,2026-06-09 20:00:00,2026-06-09,20,1
Welde Alkoholfrei,1.0,1.43,0.27,1.7,2026-06-09 20:00:00,2026-06-09,20,1
XL Laugenbrezel 130g FG,1.0,1.31,0.09,1.4,2026-06-10 07:00:00,2026-06-10,7,2
Wick Blau ohne Zucker,1.0,2.06,0.14,2.2,2026-06-10 08:00:00,2026-06-10,8,2
Laugenbrezel mit Pfeffer,1.0,1.68,0.12,1.8,2026-06-10 08:00:00,2026-06-10,8,2
Lacroix Tomato Cream Soup,1.0,2.33,0.16,2.49,2026-06-10 08:00:00,2026-06-10,8,2
"Leergut 0,25 EUR",3.0,0.63,0.12,0.75,2026-06-10 08:00:00,2026-06-10,8,2
"Hochwald Eiskaffee 0,25l Dose",2.0,2.62,0.18,2.8,2026-06-10 08:00:00,2026-06-10,8,2
Red Bull Zero,1.0,1.07,0.2,1.27,2026-06-10 08:00:00,2026-06-10,8,2
HOMEMADE BUN HAM,1.0,2.34,0.16,2.5,2026-06-10 09:00:00,2026-06-10,9,2
Snickers Ice Cream Eisrie,1.0,2.34,0.16,2.5,2026-06-10 13:00:00,2026-06-10,13,2
"Leergut 0,15 EUR",1.0,0.13,0.02,0.15,2026-06-10 13:00:00,2026-06-10,13,2
"Coca Cola Zero 0,4L Glas Mehrweg",1.0,1.26,0.24,1.5,2026-06-10 13:00:00,2026-06-10,13,2
La Nogger Choc,1.0,1.87,0.13,2.0,2026-06-10 14:00:00,2026-06-10,14,2
GIANT Flapjack Pecanut,1.0,1.12,0.08,1.2,2026-06-10 14:00:00,2026-06-10,14,2
GIANT Yoghurt Flapjack Banana,1.0,1.12,0.08,1.2,2026-06-10 14:00:00,2026-06-10,14,2
"Leergut 0,25 EUR",5.0,1.05,0.2,1.25,2026-06-10 14:00:00,2026-06-10,14,2
Red Bull Zero,1.0,1.07,0.2,1.27,2026-06-10 14:00:00,2026-06-10,14,2
DPG Vitamin Well Reload,4.0,6.55,1.25,7.8,2026-06-10 14:00:00,2026-06-10,14,2
"Leergut 0,15 EUR",3.0,0.38,0.07,0.45,2026-06-10 15:00:00,2026-06-10,15,2
"Coca Cola Zero 0,4L Glas Mehrweg",3.0,3.78,0.72,4.5,2026-06-10 15:00:00,2026-06-10,15,2
Protein Bar Vanilla Stracci,1.0,0.93,0.07,1.0,2026-06-10 16:00:00,2026-06-10,16,2
HOMEMADE BUN Cheese,1.0,1.78,0.12,1.9,2026-06-10 16:00:00,2026-06-10,16,2
Graci Müsli High Beautiful,1.0,3.65,0.25,3.9,2026-06-10 17:00:00,2026-06-10,17,2
Graci Müsli High Power,1.0,3.65,0.25,3.9,2026-06-10 17:00:00,2026-06-10,17,2
Airwaves Menth & Eucalypt,1.0,0.93,0.07,1.0,2026-06-10 17:00:00,2026-06-10,17,2
GO FRESH Wrap Thunfisch,2.0,7.1,0.5,7.6,2026-06-10 17:00:00,2026-06-10,17,2
GIANT Flapjack Blueberry,1.0,1.12,0.08,1.2,2026-06-10 17:00:00,2026-06-10,17,2
GIANT Yoghurt Flapjack Banana,1.0,1.12,0.08,1.2,2026-06-10 17:00:00,2026-06-10,17,2
"Leergut 0,15 EUR",2.0,0.25,0.05,0.3,2026-06-10 17:00:00,2026-06-10,17,2
Teinacher Mango Maracuja,2.0,2.69,0.51,3.2,2026-06-10 17:00:00,2026-06-10,17,2
Protein Bar Caramell Toffee,5.0,4.67,0.33,5.0,2026-06-10 18:00:00,2026-06-10,18,2
Hofeis Mango 130ml,1.0,2.34,0.16,2.5,2026-06-10 21:00:00,2026-06-10,21,2
HOMEMADE BUN Veggie Laugenecke Tom Moz,1.0,2.34,0.16,2.5,2026-06-11 07:00:00,2026-06-11,7,3
"Leergut 0,25 EUR",1.0,0.21,0.04,0.25,2026-06-11 09:00:00,2026-06-11,9,3
Red Bull Zero,1.0,1.07,0.2,1.27,2026-06-11 09:00:00,2026-06-11,9,3
"Leergut 0,15 EUR",2.0,0.26,0.04,0.3,2026-06-11 12:00:00,2026-06-11,12,3
"Leergut 0,25 EUR",3.0,0.63,0.12,0.75,2026-06-11 12:00:00,2026-06-11,12,3
Red Bull White Edition,1.0,1.07,0.2,1.27,2026-06-11 12:00:00,2026-06-11,12,3
Red Bull Zero,2.0,2.13,0.41,2.54,2026-06-11 12:00:00,2026-06-11,12,3
"Coca Cola Zero 0,4L Glas Mehrweg",2.0,2.52,0.48,3.0,2026-06-11 12:00:00,2026-06-11,12,3
GO FRESH Wrap Chicken Chi,1.0,3.54,0.26,3.8,2026-06-11 13:00:00,2026-06-11,13,3
HOMEMADE BUN Cheese,1.0,1.78,0.12,1.9,2026-06-11 13:00:00,2026-06-11,13,3
HOMEMADE BUN Veggie Laugenecke Tom Moz,1.0,2.34,0.16,2.5,2026-06-11 13:00:00,2026-06-11,13,3
"Leergut 0,25 EUR",2.0,0.42,0.08,0.5,2026-06-11 13:00:00,2026-06-11,13,3
DPG Vitamin Well Reload,2.0,3.28,0.62,3.9,2026-06-11 13:00:00,2026-06-11,13,3
Oreo Classic,1.0,2.71,0.19,2.9,2026-06-11 14:00:00,2026-06-11,14,3
La Magnum Almond,3.0,7.56,0.54,8.1,2026-06-11 14:00:00,2026-06-11,14,3
La Magnum Classic,1.0,2.53,0.17,2.7,2026-06-11 14:00:00,2026-06-11,14,3
"Snack Nüsse, geröstet & gesalzen",1.0,3.5,0.25,3.75,2026-06-11 14:00:00,2026-06-11,14,3
"Leergut 0,08 EUR",2.0,0.13,0.03,0.16,2026-06-11 14:00:00,2026-06-11,14,3
Welde Alkoholfrei,2.0,2.86,0.54,3.4,2026-06-11 14:00:00,2026-06-11,14,3
Croissant Schnecke,1.0,1.68,0.12,1.8,2026-06-11 15:00:00,2026-06-11,15,3
"Leergut 0,08 EUR",4.0,0.27,0.05,0.32,2026-06-11 17:00:00,2026-06-11,17,3
Welde Alkoholfrei,4.0,5.71,1.09,6.8,2026-06-11 17:00:00,2026-06-11,17,3
KitKat,1.0,0.93,0.07,1.0,2026-06-11 18:00:00,2026-06-11,18,3
GO FRESH Wrap Linse Falaf,1.0,3.55,0.25,3.8,2026-06-11 18:00:00,2026-06-11,18,3
Pringles Hot & Spicy,1.0,1.31,0.09,1.4,2026-06-11 18:00:00,2026-06-11,18,3
"Leergut 0,25 EUR",1.0,0.21,0.04,0.25,2026-06-11 18:00:00,2026-06-11,18,3
Red Bull Zero,1.0,1.07,0.2,1.27,2026-06-11 18:00:00,2026-06-11,18,3
Hofeis Knusperkeks 130ml,1.0,2.33,0.17,2.5,2026-06-11 19:00:00,2026-06-11,19,3
BLACK FOREST ICE CREAM Schokolade 100ml,1.0,2.34,0.16,2.5,2026-06-11 19:00:00,2026-06-11,19,3
Beef Jerky Original,1.0,1.64,0.11,1.75,2026-06-11 19:00:00,2026-06-11,19,3
Beef Jerky Sweet & Hot,1.0,1.63,0.12,1.75,2026-06-11 19:00:00,2026-06-11,19,3
La Nogger Choc,1.0,1.87,0.13,2.0,2026-06-11 19:00:00,2026-06-11,19,3
Protein Bar Vanilla Stracci,1.0,0.93,0.07,1.0,2026-06-11 20:00:00,2026-06-11,20,3
Filly Nut Donut,1.0,1.4,0.1,1.5,2026-06-11 20:00:00,2026-06-11,20,3
HOMEMADE BUN HAM,1.0,2.34,0.16,2.5,2026-06-11 20:00:00,2026-06-11,20,3
HOMEMADE Breakfastcup 285g,1.0,2.9,0.2,3.1,2026-06-11 20:00:00,2026-06-11,20,3
HOMEMADE BUN HAM,1.0,2.34,0.16,2.5,2026-06-12 10:00:00,2026-06-12,10,4
Airwaves Menth & Eucalypt,4.0,3.74,0.26,4.0,2026-06-12 11:00:00,2026-06-12,11,4
"Leergut 0,15 EUR",2.0,0.26,0.04,0.3,2026-06-12 13:00:00,2026-06-12,13,4
"Coca Cola Zero 0,4L Glas Mehrweg",2.0,2.52,0.48,3.0,2026-06-12 13:00:00,2026-06-12,13,4
Twix Xtra 75g,1.0,1.12,0.08,1.2,2026-06-12 14:00:00,2026-06-12,14,4
Mahi Marinade Peri Peri Mango & Lime,1.0,3.09,0.21,3.3,2026-06-12 14:00:00,2026-06-12,14,4
Koro Protein Bar Schoko Brownie,1.0,2.34,0.16,2.5,2026-06-12 14:00:00,2026-06-12,14,4
Protein Bar Chocolate,1.0,0.94,0.06,1.0,2026-06-12 19:00:00,2026-06-12,19,4
Protein Bar Vanilla Stracci,2.0,1.86,0.14,2.0,2026-06-12 19:00:00,2026-06-12,19,4
HOMEMADE Breakfastcup 285g,1.0,2.9,0.2,3.1,2026-06-12 19:00:00,2026-06-12,19,4
Flash barbecue lighter,1.0,1.12,0.21,1.33,2026-06-13 11:00:00,2026-06-13,11,5
Anzündwolle,1.0,3.31,0.64,3.95,2026-06-13 11:00:00,2026-06-13,11,5
GO FRESH Sandw SweetChili,1.0,3.55,0.25,3.8,2026-06-13 11:00:00,2026-06-13,11,5
Dr. Kargs Tomate Mozzarella  Knäcke,1.0,3.04,0.21,3.25,2026-06-13 11:00:00,2026-06-13,11,5
"Leergut 0,08 EUR",3.0,0.21,0.03,0.24,2026-06-13 11:00:00,2026-06-13,11,5
"Leergut 0,25 EUR",1.0,0.2,0.05,0.25,2026-06-13 11:00:00,2026-06-13,11,5
"Hochwald Eiskaffee 0,25l Dose",1.0,1.31,0.09,1.4,2026-06-13 11:00:00,2026-06-13,11,5
Welde Slow,1.0,1.43,0.27,1.7,2026-06-13 11:00:00,2026-06-13,11,5
Welde Alkoholfrei,2.0,2.86,0.54,3.4,2026-06-13 11:00:00,2026-06-13,11,5
"Leergut 0,25 EUR",2.0,0.42,0.08,0.5,2026-06-13 21:00:00,2026-06-13,21,5
Red Bull White Edition,1.0,0.71,0.14,0.85,2026-06-13 21:00:00,2026-06-13,21,5
"Red Bull 0,25",1.0,0.72,0.13,0.85,2026-06-13 21:00:00,2026-06-13,21,5
"Leergut 0,25 EUR",2.0,0.42,0.08,0.5,2026-06-14 02:00:00,2026-06-14,2,6
Red Bull Zero,2.0,2.13,0.41,2.54,2026-06-14 02:00:00,2026-06-14,2,6
BLACK FOREST ICE CREAM Vanille 100ml Bio,1.0,2.34,0.16,2.5,2026-06-14 10:00:00,2026-06-14,10,6
GO FRESH Tuna Sandwich,1.0,3.55,0.25,3.8,2026-06-14 10:00:00,2026-06-14,10,6
Koro Protein Bar Pistachio,1.0,2.71,0.19,2.9,2026-06-14 10:00:00,2026-06-14,10,6
Snickers Ice Cream Eisrie,1.0,2.34,0.16,2.5,2026-06-14 11:00:00,2026-06-14,11,6
"Leergut 0,25 EUR",1.0,0.21,0.04,0.25,2026-06-14 11:00:00,2026-06-14,11,6
"Red Bull 0,25",1.0,1.07,0.2,1.27,2026-06-14 11:00:00,2026-06-14,11,6
mB Eier frisch ML,1.0,2.76,0.19,2.95,2026-06-14 13:00:00,2026-06-14,13,6
GO FRESH Sandw Pute Ei,1.0,3.55,0.25,3.8,2026-06-14 13:00:00,2026-06-14,13,6
Twix Xtra 75g,1.0,1.12,0.08,1.2,2026-06-14 13:00:00,2026-06-14,13,6
Mein Glück Milch Kakao,1.0,3.97,0.28,4.25,2026-06-14 13:00:00,2026-06-14,13,6
HofEis Stracciatella 130ml,1.0,2.33,0.17,2.5,2026-06-14 17:00:00,2026-06-14,17,6
HofEis Joghurt Heidelbeere 130ml,1.0,2.34,0.16,2.5,2026-06-14 17:00:00,2026-06-14,17,6
HofEis Erdbeere Sorbet 130ml,1.0,2.34,0.16,2.5,2026-06-14 17:00:00,2026-06-14,17,6
Hofeis Mango 130ml,1.0,2.34,0.16,2.5,2026-06-14 17:00:00,2026-06-14,17,6
"Yayla Ayran Tetra 0,25L",1.0,1.01,0.19,1.2,2026-06-14 17:00:00,2026-06-14,17,6
Koro Protein Bar Pistachio,1.0,2.71,0.19,2.9,2026-06-14 17:00:00,2026-06-14,17,6
"Leergut 0,25 EUR",1.0,0.21,0.04,0.25,2026-06-14 17:00:00,2026-06-14,17,6
DPG Vitamin Well Reload,1.0,1.64,0.31,1.95,2026-06-14 17:00:00,2026-06-14,17,6
La Magnum Almond,1.0,2.52,0.18,2.7,2026-06-15 13:00:00,2026-06-15,13,0
Protein Bar Caramell Toffee,1.0,0.93,0.07,1.0,2026-06-15 14:00:00,2026-06-15,14,0
Protein Bar Vanilla Stracci,1.0,0.94,0.06,1.0,2026-06-15 14:00:00,2026-06-15,14,0
Laugenbrezel mit Butter,1.0,1.68,0.12,1.8,2026-06-15 14:00:00,2026-06-15,14,0
GO FRESH Sanw Schink Goud,1.0,3.55,0.25,3.8,2026-06-15 16:00:00,2026-06-15,16,0
HOMEMADE BUN HAM,1.0,2.34,0.16,2.5,2026-06-15 16:00:00,2026-06-15,16,0
HOMEMADE BUN Cheese,1.0,1.78,0.12,1.9,2026-06-15 17:00:00,2026-06-15,17,0
"Leergut 0,25 EUR",1.0,0.21,0.04,0.25,2026-06-15 17:00:00,2026-06-15,17,0
DPG Vitamin Well Reload,1.0,1.64,0.31,1.95,2026-06-15 17:00:00,2026-06-15,17,0
Snickers Riegel  2 Pack,1.0,1.12,0.08,1.2,2026-06-15 18:00:00,2026-06-15,18,0
"Leergut 0,15 EUR",1.0,0.13,0.02,0.15,2026-06-15 18:00:00,2026-06-15,18,0
"Leergut 0,25 EUR",1.0,0.21,0.04,0.25,2026-06-15 18:00:00,2026-06-15,18,0
"Powerade Mountain Blast 0,5l PEW",1.0,1.34,0.26,1.6,2026-06-15 18:00:00,2026-06-15,18,0
Teinacher classic,1.0,1.01,0.19,1.2,2026-06-15 18:00:00,2026-06-15,18,0
Snickers Riegel  2 Pack,1.0,1.12,0.08,1.2,2026-06-15 20:00:00,2026-06-15,20,0
"Leergut 0,25 EUR",1.0,0.21,0.04,0.25,2026-06-16 01:00:00,2026-06-16,1,1
Red Bull Zero,1.0,1.07,0.2,1.27,2026-06-16 01:00:00,2026-06-16,1,1
Protein Bar Caramell Toffee,1.0,0.93,0.07,1.0,2026-06-16 08:00:00,2026-06-16,8,1
HOMEMADE BUN Veggie Laugenecke Tom Moz,1.0,2.34,0.16,2.5,2026-06-16 08:00:00,2026-06-16,8,1
"Leergut 0,25 EUR",1.0,0.21,0.04,0.25,2026-06-16 08:00:00,2026-06-16,8,1
Red Bull Zero,1.0,1.07,0.2,1.27,2026-06-16 08:00:00,2026-06-16,8,1
HOMEMADE BUN VEGAN,1.0,2.33,0.17,2.5,2026-06-16 11:00:00,2026-06-16,11,1
Koro Protein Bar Schoko Brownie,1.0,2.34,0.16,2.5,2026-06-16 11:00:00,2026-06-16,11,1
"Leergut 0,08 EUR",1.0,0.07,0.01,0.08,2026-06-16 11:00:00,2026-06-16,11,1
Welde Alkoholfrei,1.0,1.43,0.27,1.7,2026-06-16 11:00:00,2026-06-16,11,1
Kinder Country,1.0,0.47,0.03,0.5,2026-06-16 15:00:00,2026-06-16,15,1
HOMEMADE BUN Cheese,1.0,1.78,0.12,1.9,2026-06-16 15:00:00,2026-06-16,15,1
Shot Beetroot 60ml,1.0,1.85,0.35,2.2,2026-06-16 15:00:00,2026-06-16,15,1
Mein Glück aus Haselnüssen,1.0,3.97,0.28,4.25,2026-06-16 15:00:00,2026-06-16,15,1
Koro Protein Bar Schoko Brownie,1.0,2.33,0.17,2.5,2026-06-16 15:00:00,2026-06-16,15,1
GO FRESH Wrap Tomat Mozza,1.0,3.55,0.25,3.8,2026-06-16 17:00:00,2026-06-16,17,1
Nussschnecke,1.0,2.33,0.17,2.5,2026-06-16 17:00:00,2026-06-16,17,1
Twix Xtra 75g,1.0,1.12,0.08,1.2,2026-06-16 17:00:00,2026-06-16,17,1
HOMEMADE BUN Cheese,1.0,1.78,0.12,1.9,2026-06-16 17:00:00,2026-06-16,17,1
HOMEMADE BUN Veggie Laugenecke Tom Moz,1.0,2.34,0.16,2.5,2026-06-16 17:00:00,2026-06-16,17,1
Koro Protein Bar Schoko Brownie,1.0,2.34,0.16,2.5,2026-06-16 17:00:00,2026-06-16,17,1
Bio cookies & choc fairness 45g,1.0,1.12,0.08,1.2,2026-06-16 17:00:00,2026-06-16,17,1
"Leergut 0,08 EUR",1.0,0.07,0.01,0.08,2026-06-16 17:00:00,2026-06-16,17,1
Welde Alkoholfrei,1.0,1.43,0.27,1.7,2026-06-16 17:00:00,2026-06-16,17,1
Beef Jerky Sweet & Hot,1.0,1.63,0.12,1.75,2026-06-16 19:00:00,2026-06-16,19,1
La Nogger Choc,1.0,1.87,0.13,2.0,2026-06-16 19:00:00,2026-06-16,19,1
Leibniz Schokokeks VM,1.0,3.69,0.26,3.95,2026-06-16 19:00:00,2026-06-16,19,1
Smothie Froosh Pineapple 250ml,1.0,2.02,0.38,2.4,2026-06-16 19:00:00,2026-06-16,19,1
Manner Neapolitaner Schnitten 75g,2.0,1.87,0.13,2.0,2026-06-16 21:00:00,2026-06-16,21,1
Chili & Lime Chili & Lima24 Beutel á 4,1.0,1.12,0.08,1.2,2026-06-16 21:00:00,2026-06-16,21,1
GO FRESH Wrap Chicken Chi,1.0,3.55,0.25,3.8,2026-06-16 21:00:00,2026-06-16,21,1
GO FRESH Wrap Tomat Mozza,1.0,3.55,0.25,3.8,2026-06-16 21:00:00,2026-06-16,21,1
"Leergut 0,08 EUR",6.0,0.4,0.08,0.48,2026-06-16 21:00:00,2026-06-16,21,1
"Leergut 0,25 EUR",1.0,0.21,0.04,0.25,2026-06-16 21:00:00,2026-06-16,21,1
"Hochwald Eiskaffee 0,25l Dose",1.0,1.31,0.09,1.4,2026-06-16 21:00:00,2026-06-16,21,1
Welde Slow,4.0,5.72,1.08,6.8,2026-06-16 21:00:00,2026-06-16,21,1
Welde Naturradler,1.0,1.43,0.27,1.7,2026-06-16 21:00:00,2026-06-16,21,1
Welde Weizen,1.0,1.6,0.3,1.9,2026-06-16 21:00:00,2026-06-16,21,1
HOMEMADE Breakfastcup 285g,1.0,2.9,0.2,3.1,2026-06-16 22:00:00,2026-06-16,22,1
"Leergut 0,25 EUR",1.0,0.21,0.04,0.25,2026-06-17 01:00:00,2026-06-17,1,2
Red Bull Zero,1.0,1.07,0.2,1.27,2026-06-17 01:00:00,2026-06-17,1,2
Knoppers,1.0,0.47,0.03,0.5,2026-06-17 08:00:00,2026-06-17,8,2
Schinken Käse Croissant Snack,1.0,1.68,0.12,1.8,2026-06-17 08:00:00,2026-06-17,8,2
Laugenbrezel mit Butter,1.0,1.68,0.12,1.8,2026-06-17 08:00:00,2026-06-17,8,2
HOMEMADE BUN HAM,1.0,2.34,0.16,2.5,2026-06-17 08:00:00,2026-06-17,8,2
"Leergut 0,25 EUR",2.0,0.42,0.08,0.5,2026-06-17 08:00:00,2026-06-17,8,2
"Hochwald Eiskaffee 0,25l Dose",2.0,2.61,0.19,2.8,2026-06-17 08:00:00,2026-06-17,8,2
The Yeah Blend Pistatcha Latte Powder,1.0,18.22,1.28,19.5,2026-06-17 09:00:00,2026-06-17,9,2
Koro Protein Bar Schoko Brownie,1.0,2.34,0.16,2.5,2026-06-17 09:00:00,2026-06-17,9,2
Laugenbrezel mit Butter,1.0,1.68,0.12,1.8,2026-06-17 11:00:00,2026-06-17,11,2
BIO Hafer Drink Moccaccino 12 x 235ml Oa,1.0,1.89,0.36,2.25,2026-06-17 12:00:00,2026-06-17,12,2
"Leergut 0,25 EUR",7.0,1.47,0.28,1.75,2026-06-17 12:00:00,2026-06-17,12,2
Red Bull White Edition,1.0,0.72,0.13,0.85,2026-06-17 12:00:00,2026-06-17,12,2
"Red Bull 0,25",4.0,3.21,0.61,3.82,2026-06-17 12:00:00,2026-06-17,12,2
Red Bull Zero,1.0,1.07,0.2,1.27,2026-06-17 12:00:00,2026-06-17,12,2
DPG Vitamin Well Hydrate,1.0,1.64,0.31,1.95,2026-06-17 12:00:00,2026-06-17,12,2
Kinderriegel,1.0,0.47,0.03,0.5,2026-06-17 13:00:00,2026-06-17,13,2
HOMEMADE BUN Veggie Laugenecke Tom Moz,2.0,4.67,0.33,5.0,2026-06-17 13:00:00,2026-06-17,13,2
"Leergut 0,15 EUR",1.0,0.13,0.02,0.15,2026-06-17 13:00:00,2026-06-17,13,2
"Leergut 0,25 EUR",6.0,1.26,0.24,1.5,2026-06-17 13:00:00,2026-06-17,13,2
Red Bull Green Edition,1.0,1.07,0.2,1.27,2026-06-17 13:00:00,2026-06-17,13,2
"Red Bull 0,25",2.0,1.78,0.34,2.12,2026-06-17 13:00:00,2026-06-17,13,2
Red Bull Zero,1.0,1.07,0.2,1.27,2026-06-17 13:00:00,2026-06-17,13,2
Teinacher still 0.7,1.0,1.01,0.19,1.2,2026-06-17 13:00:00,2026-06-17,13,2
Red Bull Sea Blue Edition,1.0,0.71,0.14,0.85,2026-06-17 13:00:00,2026-06-17,13,2
Red Bull Summer Edition,1.0,1.07,0.2,1.27,2026-06-17 13:00:00,2026-06-17,13,2
La Magnum Almond,1.0,2.52,0.18,2.7,2026-06-17 15:00:00,2026-06-17,15,2
Kinderriegel,1.0,0.47,0.03,0.5,2026-06-17 15:00:00,2026-06-17,15,2
"Leergut 0,25 EUR",3.0,0.63,0.12,0.75,2026-06-17 15:00:00,2026-06-17,15,2
Red Bull White Edition,1.0,1.07,0.2,1.27,2026-06-17 15:00:00,2026-06-17,15,2
"Red Bull 0,25",1.0,1.07,0.2,1.27,2026-06-17 15:00:00,2026-06-17,15,2
DPG Vitamin Well Reload,1.0,1.64,0.31,1.95,2026-06-17 15:00:00,2026-06-17,15,2
KitKat,1.0,0.93,0.07,1.0,2026-06-17 16:00:00,2026-06-17,16,2
Berliner Brezel 70g FB,1.0,1.68,0.12,1.8,2026-06-17 16:00:00,2026-06-17,16,2
BiFi Roll,1.0,1.31,0.09,1.4,2026-06-17 16:00:00,2026-06-17,16,2
La Magnum Almond,1.0,2.53,0.17,2.7,2026-06-17 16:00:00,2026-06-17,16,2
La Magnum Classic,1.0,2.52,0.18,2.7,2026-06-17 16:00:00,2026-06-17,16,2
GO FRESH Wrap Tomat Mozza,1.0,3.55,0.25,3.8,2026-06-17 16:00:00,2026-06-17,16,2
Twix Xtra 75g,1.0,1.12,0.08,1.2,2026-06-17 16:00:00,2026-06-17,16,2
Starbucks Caramel Macchiato,1.0,2.76,0.19,2.95,2026-06-17 16:00:00,2026-06-17,16,2
GIANT Flapjack Hazelnut,1.0,1.12,0.08,1.2,2026-06-17 16:00:00,2026-06-17,16,2
Bio poppy & vanilla fairness 45g,1.0,1.12,0.08,1.2,2026-06-17 16:00:00,2026-06-17,16,2
Airwaves Menth & Eucalypt Box,1.0,2.71,0.19,2.9,2026-06-17 16:00:00,2026-06-17,16,2
"Leergut 0,25 EUR",1.0,0.21,0.04,0.25,2026-06-17 16:00:00,2026-06-17,16,2
"Hochwald Eiskaffee 0,25l Dose",1.0,1.31,0.09,1.4,2026-06-17 16:00:00,2026-06-17,16,2
Tomatenmark 200g Tube,1.0,3.18,0.22,3.4,2026-06-17 18:00:00,2026-06-17,18,2
Mahi Marinade Peri Peri Mango & Lime,1.0,3.08,0.22,3.3,2026-06-17 18:00:00,2026-06-17,18,2
La Monegaque Sardinen mit Zitrone,1.0,3.51,0.24,3.75,2026-06-17 18:00:00,2026-06-17,18,2
Koro Protein Bar Schoko Brownie,2.0,4.67,0.33,5.0,2026-06-17 18:00:00,2026-06-17,18,2
"Leergut 0,08 EUR",1.0,0.07,0.01,0.08,2026-06-17 18:00:00,2026-06-17,18,2
"Leergut 0,15 EUR",1.0,0.12,0.03,0.15,2026-06-17 18:00:00,2026-06-17,18,2
Welde Slow,1.0,1.43,0.27,1.7,2026-06-17 18:00:00,2026-06-17,18,2
FUZE T PFIRSICH,1.0,1.43,0.27,1.7,2026-06-17 18:00:00,2026-06-17,18,2
GO FRESH Wrap Chicken Chi,1.0,3.55,0.25,3.8,2026-06-17 19:00:00,2026-06-17,19,2
Graci Müsli High Power,1.0,3.65,0.25,3.9,2026-06-17 20:00:00,2026-06-17,20,2
La Nogger Choc,2.0,3.74,0.26,4.0,2026-06-17 20:00:00,2026-06-17,20,2
La Magnum Classic,1.0,2.52,0.18,2.7,2026-06-17 20:00:00,2026-06-17,20,2
La Cornetto Haselnuss,1.0,1.87,0.13,2.0,2026-06-17 20:00:00,2026-06-17,20,2
HOMEMADE Breakfastcup 285g,1.0,2.9,0.2,3.1,2026-06-17 20:00:00,2026-06-17,20,2
Starbucks Cappuccino,1.0,2.76,0.19,2.95,2026-06-17 20:00:00,2026-06-17,20,2
"Leergut 0,15 EUR",2.0,0.26,0.04,0.3,2026-06-17 20:00:00,2026-06-17,20,2
"Coca Cola Zero 0,4L Glas Mehrweg",1.0,1.26,0.24,1.5,2026-06-17 20:00:00,2026-06-17,20,2
FUZE T ZITRONE,1.0,1.43,0.27,1.7,2026-06-17 20:00:00,2026-06-17,20,2
HOMEMADE BUN HAM,1.0,2.34,0.16,2.5,2026-06-18 08:00:00,2026-06-18,8,3
Laugenbrezel mit Butter,1.0,1.68,0.12,1.8,2026-06-18 09:00:00,2026-06-18,9,3
HOMEMADE BUN Cheese,1.0,1.78,0.12,1.9,2026-06-18 09:00:00,2026-06-18,9,3
La Magnum Almond,1.0,2.52,0.18,2.7,2026-06-18 12:00:00,2026-06-18,12,3
GIANT Flapjack Pecanut,1.0,1.12,0.08,1.2,2026-06-18 12:00:00,2026-06-18,12,3
"Bio double milk fairness 37,5g",1.0,1.01,0.19,1.2,2026-06-18 12:00:00,2026-06-18,12,3
"Leergut 0,25 EUR",4.0,0.84,0.16,1.0,2026-06-18 12:00:00,2026-06-18,12,3
"Red Bull 0,25",2.0,1.43,0.27,1.7,2026-06-18 12:00:00,2026-06-18,12,3
Red Bull Zero,2.0,2.14,0.4,2.54,2026-06-18 12:00:00,2026-06-18,12,3
HofEis Stracciatella 130ml,1.0,2.34,0.16,2.5,2026-06-18 13:00:00,2026-06-18,13,3
BF ICE CREAM Himbeere Fichte 100ml Bio V,2.0,4.67,0.33,5.0,2026-06-18 13:00:00,2026-06-18,13,3
"Leergut 0,15 EUR",1.0,0.13,0.02,0.15,2026-06-18 13:00:00,2026-06-18,13,3
Teinacher Mango Maracuja,1.0,1.34,0.26,1.6,2026-06-18 13:00:00,2026-06-18,13,3
HofEis Stracciatella 130ml,1.0,2.34,0.16,2.5,2026-06-22 12:00:00,2026-06-22,12,0
BLACK FOREST ICE CREAM Vanille 100ml Bio,1.0,2.34,0.16,2.5,2026-06-22 12:00:00,2026-06-22,12,0
La Nogger Choc,1.0,1.87,0.13,2.0,2026-06-22 12:00:00,2026-06-22,12,0
Brezeln,1.0,1.78,0.12,1.9,2026-06-22 12:00:00,2026-06-22,12,0
La Cornetto Haselnuss,1.0,1.87,0.13,2.0,2026-06-22 12:00:00,2026-06-22,12,0
Laugenbrezel mit Butter,1.0,1.68,0.12,1.8,2026-06-22 12:00:00,2026-06-22,12,0
HOMEMADE BUN Salami,1.0,2.34,0.16,2.5,2026-06-22 12:00:00,2026-06-22,12,0
Shot Himbeere Ingwer 60ml,1.0,1.85,0.35,2.2,2026-06-22 12:00:00,2026-06-22,12,0
Shot Ginger Apple 60ml,1.0,1.85,0.35,2.2,2026-06-22 12:00:00,2026-06-22,12,0
"Leergut 0,25 EUR",1.0,0.21,0.04,0.25,2026-06-22 12:00:00,2026-06-22,12,0
DPG Vitamin Well Hydrate,1.0,1.64,0.31,1.95,2026-06-22 12:00:00,2026-06-22,12,0
HofEis Stracciatella 130ml,1.0,2.34,0.16,2.5,2026-06-22 13:00:00,2026-06-22,13,0
Haribo Color Rado 100g,1.0,0.93,0.07,1.0,2026-06-22 13:00:00,2026-06-22,13,0
Geschnetzeltes vom D. Angus Rind im Glas,1.0,7.38,0.52,7.9,2026-06-22 13:00:00,2026-06-22,13,0
LARQ TWIST BOTTLE Granite White 740ml,1.0,41.13,2.87,44.0,2026-06-22 13:00:00,2026-06-22,13,0
LARQ TWIST BOTTLE  Obsidian Black 740ml,1.0,41.12,2.88,44.0,2026-06-22 13:00:00,2026-06-22,13,0
"Leergut 0,25 EUR",2.0,0.42,0.08,0.5,2026-06-22 13:00:00,2026-06-22,13,0
Red Bull Green Edition,1.0,0.71,0.14,0.85,2026-06-22 13:00:00,2026-06-22,13,0
"Red Bull 0,25",1.0,0.72,0.13,0.85,2026-06-22 13:00:00,2026-06-22,13,0
Snickers Ice Cream Eisrie,1.0,2.34,0.16,2.5,2026-06-22 14:00:00,2026-06-22,14,0
Snickers Ice Cream Eisrie,3.0,7.02,0.48,7.5,2026-06-22 15:00:00,2026-06-22,15,0
HofEis Omas Apfelkuchen 130ml,3.0,7.01,0.49,7.5,2026-06-22 15:00:00,2026-06-22,15,0
Hofeis Knusperkeks 130ml,1.0,2.34,0.16,2.5,2026-06-22 15:00:00,2026-06-22,15,0
BLACK FOREST ICE CREAM Schokolade 100ml,1.0,2.34,0.16,2.5,2026-06-22 15:00:00,2026-06-22,15,0
La Magnum Almond,1.0,2.51,0.19,2.7,2026-06-22 15:00:00,2026-06-22,15,0
La Cornetto Haselnuss,1.0,1.87,0.13,2.0,2026-06-22 15:00:00,2026-06-22,15,0
Twix Ice Cream Eisriegel,2.0,4.68,0.32,5.0,2026-06-22 15:00:00,2026-06-22,15,0
BLACK FOREST ICE CREAM Schokolade 100ml,1.0,2.34,0.16,2.5,2026-06-22 16:00:00,2026-06-22,16,0
La Magnum Almond,1.0,2.52,0.18,2.7,2026-06-22 16:00:00,2026-06-22,16,0
La Cornetto Haselnuss,1.0,1.87,0.13,2.0,2026-06-22 16:00:00,2026-06-22,16,0
HOMEMADE BUN VEGAN,1.0,2.34,0.16,2.5,2026-06-22 16:00:00,2026-06-22,16,0
GIANT Flapjack Pecanut,1.0,1.12,0.08,1.2,2026-06-22 16:00:00,2026-06-22,16,0
Filly Nut Donut,1.0,1.4,0.1,1.5,2026-06-22 17:00:00,2026-06-22,17,0
La Magnum Classic,1.0,2.52,0.18,2.7,2026-06-22 17:00:00,2026-06-22,17,0
GO FRESH Sandw Käse,1.0,3.56,0.24,3.8,2026-06-22 17:00:00,2026-06-22,17,0
Laugenbrezel mit Pfeffer,1.0,1.68,0.12,1.8,2026-06-22 17:00:00,2026-06-22,17,0
HOMEMADE Breakfastcup 285g,1.0,2.9,0.2,3.1,2026-06-22 17:00:00,2026-06-22,17,0
Teinacher classic,1.0,1.01,0.19,1.2,2026-06-22 17:00:00,2026-06-22,17,0
BF ICE CREAM Himbeere Fichte 100ml Bio V,1.0,2.34,0.16,2.5,2026-06-22 18:00:00,2026-06-22,18,0
Beef Jerky Sweet & Hot,1.0,1.64,0.11,1.75,2026-06-22 18:00:00,2026-06-22,18,0
"Leergut 0,15 EUR",1.0,0.13,0.02,0.15,2026-06-22 18:00:00,2026-06-22,18,0
Teinacher classic,1.0,1.01,0.19,1.2,2026-06-22 18:00:00,2026-06-22,18,0
Shot Beetroot 60ml,1.0,1.85,0.35,2.2,2026-06-22 19:00:00,2026-06-22,19,0
Koro Protein Bar Schoko Brownie,2.0,4.67,0.33,5.0,2026-06-22 19:00:00,2026-06-22,19,0
"Leergut 0,15 EUR",2.0,0.26,0.04,0.3,2026-06-22 19:00:00,2026-06-22,19,0
Teinacher still 0.7,2.0,2.02,0.38,2.4,2026-06-22 19:00:00,2026-06-22,19,0
M Cooky Spritzgebäck,3.0,5.61,0.39,6.0,2026-06-22 21:00:00,2026-06-22,21,0
Pringles Sweet Paprika,2.0,2.61,0.19,2.8,2026-06-22 21:00:00,2026-06-22,21,0
Kinder Country,1.0,0.47,0.03,0.5,2026-06-22 21:00:00,2026-06-22,21,0
"Leergut 0,08 EUR",4.0,0.27,0.05,0.32,2026-06-22 21:00:00,2026-06-22,21,0
"Leergut 0,15 EUR",2.0,0.26,0.04,0.3,2026-06-22 21:00:00,2026-06-22,21,0
"Leergut 0,25 EUR",3.0,0.63,0.12,0.75,2026-06-22 21:00:00,2026-06-22,21,0
"Powerade Mountain Blast 0,5l PEW",2.0,2.68,0.52,3.2,2026-06-22 21:00:00,2026-06-22,21,0
DPG Vitamin Well Reload,1.0,1.64,0.31,1.95,2026-06-22 21:00:00,2026-06-22,21,0
Teinacher classic,1.0,1.01,0.19,1.2,2026-06-22 21:00:00,2026-06-22,21,0
Teinacher still 0.7,1.0,1.01,0.19,1.2,2026-06-22 21:00:00,2026-06-22,21,0
Welde Alkoholfrei,2.0,2.86,0.54,3.4,2026-06-22 21:00:00,2026-06-22,21,0
Welde Weizen,2.0,3.19,0.61,3.8,2026-06-22 21:00:00,2026-06-22,21,0
Snack Nüsse Chilli,1.0,3.5,0.25,3.75,2026-06-22 22:00:00,2026-06-22,22,0
"Leergut 0,08 EUR",2.0,0.13,0.03,0.16,2026-06-22 22:00:00,2026-06-22,22,0
Welde Weizen,2.0,3.19,0.61,3.8,2026-06-22 22:00:00,2026-06-22,22,0
"Leergut 0,08 EUR",2.0,0.13,0.03,0.16,2026-06-22 23:00:00,2026-06-22,23,0
Welde Weizen,2.0,3.19,0.61,3.8,2026-06-22 23:00:00,2026-06-22,23,0
"Leergut 0,08 EUR",2.0,0.13,0.03,0.16,2026-06-23 00:00:00,2026-06-23,0,1
Welde Alkoholfrei,1.0,1.43,0.27,1.7,2026-06-23 00:00:00,2026-06-23,0,1
Welde Weizen,1.0,1.6,0.3,1.9,2026-06-23 00:00:00,2026-06-23,0,1
"Leergut 0,08 EUR",1.0,0.07,0.01,0.08,2026-06-23 01:00:00,2026-06-23,1,1
Welde Weizen,1.0,1.6,0.3,1.9,2026-06-23 01:00:00,2026-06-23,1,1
Protein Bar Caramell Toffee,1.0,0.93,0.07,1.0,2026-06-23 08:00:00,2026-06-23,8,1
HofEis Stracciatella 130ml,1.0,2.34,0.16,2.5,2026-06-23 08:00:00,2026-06-23,8,1
HofEis Joghurt Heidelbeere 130ml,2.0,4.66,0.34,5.0,2026-06-23 08:00:00,2026-06-23,8,1
HofEis Erdbeere Sorbet 130ml,1.0,2.34,0.16,2.5,2026-06-23 08:00:00,2026-06-23,8,1
Hofeis Mango 130ml,1.0,2.34,0.16,2.5,2026-06-23 08:00:00,2026-06-23,8,1
Hofeis Knusperkeks 130ml,2.0,4.67,0.33,5.0,2026-06-23 08:00:00,2026-06-23,8,1
BLACK FOREST ICE CREAM Vanille 100ml Bio,1.0,2.34,0.16,2.5,2026-06-23 08:00:00,2026-06-23,8,1
BLACK FOREST ICE CREAM Schwarzw. Kirsch,1.0,2.34,0.16,2.5,2026-06-23 08:00:00,2026-06-23,8,1
BF ICE CREAM Himbeere Fichte 100ml Bio V,2.0,4.67,0.33,5.0,2026-06-23 08:00:00,2026-06-23,8,1
"Leergut 0,25 EUR",1.0,0.21,0.04,0.25,2026-06-23 08:00:00,2026-06-23,8,1
Red Bull Zero,1.0,1.07,0.2,1.27,2026-06-23 08:00:00,2026-06-23,8,1
XL Laugenbrezel 130g FG,1.0,1.31,0.09,1.4,2026-06-23 09:00:00,2026-06-23,9,1
"Leergut 0,25 EUR",4.0,0.84,0.16,1.0,2026-06-23 09:00:00,2026-06-23,9,1
Red Bull Zero,3.0,3.2,0.61,3.81,2026-06-23 09:00:00,2026-06-23,9,1
YFood Trink Vanilla,1.0,4.58,0.32,4.9,2026-06-23 09:00:00,2026-06-23,9,1
Snickers Ice Cream Eisrie,1.0,2.34,0.16,2.5,2026-06-23 11:00:00,2026-06-23,11,1
Twix Ice Cream Eisriegel,1.0,2.33,0.17,2.5,2026-06-23 11:00:00,2026-06-23,11,1
"Leergut 0,15 EUR",2.0,0.25,0.05,0.3,2026-06-23 11:00:00,2026-06-23,11,1
"Leergut 0,25 EUR",1.0,0.21,0.04,0.25,2026-06-23 11:00:00,2026-06-23,11,1
Hochwald Eis Macchiato,1.0,1.31,0.09,1.4,2026-06-23 11:00:00,2026-06-23,11,1
Teinacher Heidelbeer Eistee,1.0,1.34,0.26,1.6,2026-06-23 11:00:00,2026-06-23,11,1
Teinacher Johannisbeer Holunder,1.0,1.35,0.25,1.6,2026-06-23 11:00:00,2026-06-23,11,1
Mars Ice Cream Eisriegel,1.0,2.34,0.16,2.5,2026-06-23 12:00:00,2026-06-23,12,1
La Magnum Almond,1.0,2.52,0.18,2.7,2026-06-23 12:00:00,2026-06-23,12,1
Twix Ice Cream Eisriegel,2.0,4.68,0.32,5.0,2026-06-23 12:00:00,2026-06-23,12,1
Soft Protein Riegel Salted Peanut Carame,1.0,2.99,0.21,3.2,2026-06-23 12:00:00,2026-06-23,12,1
"Leergut 0,25 EUR",1.0,0.21,0.04,0.25,2026-06-23 12:00:00,2026-06-23,12,1
Red Bull Zero,1.0,1.07,0.2,1.27,2026-06-23 12:00:00,2026-06-23,12,1
HofEis Omas Apfelkuchen 130ml,1.0,2.34,0.16,2.5,2026-06-23 13:00:00,2026-06-23,13,1
BLACK FOREST ICE CREAM Vanille 100ml Bio,1.0,2.34,0.16,2.5,2026-06-23 13:00:00,2026-06-23,13,1
La Nogger Choc,1.0,1.87,0.13,2.0,2026-06-23 13:00:00,2026-06-23,13,1
La Magnum Almond,2.0,5.04,0.36,5.4,2026-06-23 13:00:00,2026-06-23,13,1
Laugenbrezel mit Butter,1.0,1.68,0.12,1.8,2026-06-23 13:00:00,2026-06-23,13,1
HOMEMADE BUN VEGAN,1.0,2.34,0.16,2.5,2026-06-23 13:00:00,2026-06-23,13,1
Shot Kurkuma Orange 60ml,1.0,1.85,0.35,2.2,2026-06-23 13:00:00,2026-06-23,13,1
Shot Ginger Apple 60ml,1.0,1.85,0.35,2.2,2026-06-23 13:00:00,2026-06-23,13,1
"Leergut 0,25 EUR",1.0,0.21,0.04,0.25,2026-06-23 13:00:00,2026-06-23,13,1
DPG Vitamin Well Hydrate,1.0,1.64,0.31,1.95,2026-06-23 13:00:00,2026-06-23,13,1
Koro Protein Bar Schoko Brownie,2.0,4.67,0.33,5.0,2026-06-23 14:00:00,2026-06-23,14,1
"Leergut 0,25 EUR",3.0,0.63,0.12,0.75,2026-06-23 14:00:00,2026-06-23,14,1
"Monster Energy 0,5l",1.0,1.86,0.34,2.2,2026-06-23 14:00:00,2026-06-23,14,1
"Red Bull 0,25",1.0,0.71,0.14,0.85,2026-06-23 14:00:00,2026-06-23,14,1
Red Bull Summer Edition,1.0,0.71,0.14,0.85,2026-06-23 14:00:00,2026-06-23,14,1
HofEis Erdbeere Sorbet 130ml,1.0,2.34,0.16,2.5,2026-06-23 15:00:00,2026-06-23,15,1
BLACK FOREST ICE CREAM Schokolade 100ml,2.0,4.67,0.33,5.0,2026-06-23 15:00:00,2026-06-23,15,1
La Magnum Classic,1.0,2.52,0.18,2.7,2026-06-23 15:00:00,2026-06-23,15,1
La Magnum Classic,2.0,5.05,0.35,5.4,2026-06-23 16:00:00,2026-06-23,16,1
Twix Xtra 75g,1.0,1.12,0.08,1.2,2026-06-23 16:00:00,2026-06-23,16,1
"Mostbuben  Stille Apfelsaftschorle 0,5",1.0,1.69,0.31,2.0,2026-06-23 16:00:00,2026-06-23,16,1
"Leergut 0,15 EUR",2.0,0.26,0.04,0.3,2026-06-23 16:00:00,2026-06-23,16,1
"Leergut 0,25 EUR",2.0,0.42,0.08,0.5,2026-06-23 16:00:00,2026-06-23,16,1
"Red Bull 0,25",1.0,1.07,0.2,1.27,2026-06-23 16:00:00,2026-06-23,16,1
Red Bull Zero,1.0,1.07,0.2,1.27,2026-06-23 16:00:00,2026-06-23,16,1
Teinacher Heidelbeer Eistee,1.0,1.34,0.26,1.6,2026-06-23 16:00:00,2026-06-23,16,1
Teinacher Mango Maracuja,1.0,1.34,0.26,1.6,2026-06-23 16:00:00,2026-06-23,16,1
Kinder Bueno 43g Ferrero,1.0,0.93,0.07,1.0,2026-06-23 17:00:00,2026-06-23,17,1
HofEis Stracciatella 130ml,1.0,2.34,0.16,2.5,2026-06-23 17:00:00,2026-06-23,17,1
HofEis Joghurt Heidelbeere 130ml,1.0,2.34,0.16,2.5,2026-06-23 17:00:00,2026-06-23,17,1
HofEis Erdbeere Sorbet 130ml,1.0,2.34,0.16,2.5,2026-06-23 17:00:00,2026-06-23,17,1
Hofeis Mango 130ml,1.0,2.34,0.16,2.5,2026-06-23 17:00:00,2026-06-23,17,1
BLACK FOREST ICE CREAM Vanille 100ml Bio,1.0,2.34,0.16,2.5,2026-06-23 17:00:00,2026-06-23,17,1
BLACK FOREST ICE CREAM Schokolade 100ml,2.0,4.68,0.32,5.0,2026-06-23 17:00:00,2026-06-23,17,1
BLACK FOREST ICE CREAM Schwarzw. Kirsch,1.0,2.34,0.16,2.5,2026-06-23 17:00:00,2026-06-23,17,1
La Nogger Choc,1.0,1.87,0.13,2.0,2026-06-23 17:00:00,2026-06-23,17,1
La Magnum Almond,2.0,5.03,0.37,5.4,2026-06-23 17:00:00,2026-06-23,17,1
La Magnum Classic,1.0,2.51,0.19,2.7,2026-06-23 17:00:00,2026-06-23,17,1
La Cornetto Haselnuss,1.0,1.87,0.13,2.0,2026-06-23 17:00:00,2026-06-23,17,1
Koro Protein Bar Peanut Chocolate,2.0,4.11,0.29,4.4,2026-06-23 17:00:00,2026-06-23,17,1
"Leergut 0,15 EUR",1.0,0.13,0.02,0.15,2026-06-23 17:00:00,2026-06-23,17,1
"Coca Cola Zero 0,4L Glas Mehrweg",1.0,1.26,0.24,1.5,2026-06-23 17:00:00,2026-06-23,17,1
HOMEMADE Breakfastcup 285g,1.0,2.9,0.2,3.1,2026-06-23 22:00:00,2026-06-23,22,1
Schinken Käse Croissant Snack,1.0,1.68,0.12,1.8,2026-06-24 08:00:00,2026-06-24,8,2
Rexona Deo Cotton Dry,1.0,3.28,0.62,3.9,2026-06-24 08:00:00,2026-06-24,8,2
Apfelchips,1.0,2.8,0.2,3.0,2026-06-24 08:00:00,2026-06-24,8,2
La Nogger Choc,1.0,1.87,0.13,2.0,2026-06-24 13:00:00,2026-06-24,13,2
Mars Ice Cream Eisriegel,1.0,2.34,0.16,2.5,2026-06-24 14:00:00,2026-06-24,14,2
La Magnum Classic,1.0,2.52,0.18,2.7,2026-06-24 14:00:00,2026-06-24,14,2
GO FRESH Sandw Käse,1.0,3.55,0.25,3.8,2026-06-24 14:00:00,2026-06-24,14,2
Hofeis Knusperkeks 130ml,1.0,2.34,0.16,2.5,2026-06-24 15:00:00,2026-06-24,15,2
BLACK FOREST ICE CREAM Schokolade 100ml,1.0,2.34,0.16,2.5,2026-06-24 15:00:00,2026-06-24,15,2
Twix Ice Cream Eisriegel,1.0,2.34,0.16,2.5,2026-06-24 15:00:00,2026-06-24,15,2
Hansaplast Sensitive,1.0,2.94,0.56,3.5,2026-06-24 16:00:00,2026-06-24,16,2
Pringles Sweet Paprika,1.0,1.31,0.09,1.4,2026-06-24 16:00:00,2026-06-24,16,2
La Magnum Classic,2.0,5.04,0.36,5.4,2026-06-24 16:00:00,2026-06-24,16,2
Pringles Hot & Spicy,1.0,1.31,0.09,1.4,2026-06-24 16:00:00,2026-06-24,16,2
Pringles SourCream & Onion,1.0,1.31,0.09,1.4,2026-06-24 16:00:00,2026-06-24,16,2
"Leergut 0,08 EUR",2.0,0.13,0.03,0.16,2026-06-24 16:00:00,2026-06-24,16,2
Welde Slow,1.0,1.43,0.27,1.7,2026-06-24 16:00:00,2026-06-24,16,2
Welde Alkoholfrei,1.0,1.43,0.27,1.7,2026-06-24 16:00:00,2026-06-24,16,2
Protein Bar Chocolate,1.0,0.93,0.07,1.0,2026-06-24 17:00:00,2026-06-24,17,2
Mars Ice Cream Eisriegel,2.0,4.67,0.33,5.0,2026-06-24 17:00:00,2026-06-24,17,2
HofEis Erdbeere Sorbet 130ml,1.0,2.34,0.16,2.5,2026-06-24 17:00:00,2026-06-24,17,2
La Magnum Classic,3.0,7.57,0.53,8.1,2026-06-24 17:00:00,2026-06-24,17,2
Laugenbrezel mit Butter,2.0,3.36,0.24,3.6,2026-06-24 17:00:00,2026-06-24,17,2
Apfelsaft BIB 3l,1.0,5.14,0.36,5.5,2026-06-24 17:00:00,2026-06-24,17,2
ARAMARK Grobes Meersalz 90g Mühle,1.0,1.87,0.13,2.0,2026-06-24 18:00:00,2026-06-24,18,2
Bio cookies & choc fairness 45g,1.0,1.12,0.08,1.2,2026-06-24 18:00:00,2026-06-24,18,2
HofEis Joghurt Heidelbeere 130ml,1.0,2.34,0.16,2.5,2026-06-24 19:00:00,2026-06-24,19,2
Beef Jerky Sweet & Hot,1.0,1.63,0.12,1.75,2026-06-24 19:00:00,2026-06-24,19,2
La Cornetto Haselnuss,1.0,1.87,0.13,2.0,2026-06-24 19:00:00,2026-06-24,19,2
HOMEMADE BUN VEGAN,1.0,2.34,0.16,2.5,2026-06-24 19:00:00,2026-06-24,19,2
Protein Bar Caramell Toffee,1.0,0.93,0.07,1.0,2026-06-25 08:00:00,2026-06-25,8,3
Beef Jerky Original,1.0,1.64,0.11,1.75,2026-06-25 08:00:00,2026-06-25,8,3
"Leergut 0,25 EUR",1.0,0.21,0.04,0.25,2026-06-25 08:00:00,2026-06-25,8,3
Red Bull Zero,1.0,1.07,0.2,1.27,2026-06-25 08:00:00,2026-06-25,8,3
HOMEMADE BUN Salami,1.0,2.34,0.16,2.5,2026-06-25 09:00:00,2026-06-25,9,3
Rexona Deo Men Cobalt Dry,1.0,3.28,0.62,3.9,2026-06-25 10:00:00,2026-06-25,10,3
Shot Ginger Apple 60ml,1.0,1.85,0.35,2.2,2026-06-25 10:00:00,2026-06-25,10,3
"Leergut 0,25 EUR",1.0,0.21,0.04,0.25,2026-06-25 10:00:00,2026-06-25,10,3
Red Bull Zero,1.0,1.07,0.2,1.27,2026-06-25 10:00:00,2026-06-25,10,3
Beef Jerky Original,1.0,1.64,0.11,1.75,2026-06-25 12:00:00,2026-06-25,12,3
Berliner Brezel 70g FB,2.0,3.36,0.24,3.6,2026-06-25 13:00:00,2026-06-25,13,3
Snickers Ice Cream Eisrie,2.0,4.68,0.32,5.0,2026-06-25 13:00:00,2026-06-25,13,3
Chili & Lime Chili & Lima24 Beutel á 4,1.0,1.12,0.08,1.2,2026-06-25 13:00:00,2026-06-25,13,3
La Magnum Almond,4.0,10.1,0.7,10.8,2026-06-25 13:00:00,2026-06-25,13,3
La Magnum Classic,1.0,2.52,0.18,2.7,2026-06-25 13:00:00,2026-06-25,13,3
La Nogger Choc,3.0,5.61,0.39,6.0,2026-06-25 14:00:00,2026-06-25,14,3
La Magnum Almond,1.0,2.52,0.18,2.7,2026-06-25 14:00:00,2026-06-25,14,3
BLACK FOREST ICE CREAM Schokolade 100ml,1.0,2.34,0.16,2.5,2026-06-25 19:00:00,2026-06-25,19,3
La Nogger Choc,1.0,1.87,0.13,2.0,2026-06-25 19:00:00,2026-06-25,19,3
"Leergut 0,25 EUR",2.0,0.42,0.08,0.5,2026-06-25 19:00:00,2026-06-25,19,3
"Red Bull 0,25",2.0,1.43,0.27,1.7,2026-06-25 19:00:00,2026-06-25,19,3
HOMEMADE Breakfastcup 285g,1.0,2.9,0.2,3.1,2026-06-25 20:00:00,2026-06-25,20,3
HOMEMADE BUN HAM,1.0,2.34,0.16,2.5,2026-06-26 09:00:00,2026-06-26,9,4
"Leergut 0,25 EUR",2.0,0.42,0.08,0.5,2026-06-26 12:00:00,2026-06-26,12,4
"Red Bull 0,25",2.0,1.43,0.27,1.7,2026-06-26 12:00:00,2026-06-26,12,4
Soft Protein Riegel Salted Peanut Carame,1.0,2.99,0.21,3.2,2026-06-26 14:00:00,2026-06-26,14,4
"Leergut 0,25 EUR",1.0,0.21,0.04,0.25,2026-06-26 14:00:00,2026-06-26,14,4
DPG Vitamin Well Reload,1.0,1.64,0.31,1.95,2026-06-26 14:00:00,2026-06-26,14,4
"Leergut 0,25 EUR",1.0,0.21,0.04,0.25,2026-06-27 10:00:00,2026-06-27,10,5
DPG Vitamin Well Hydrate,1.0,1.64,0.31,1.95,2026-06-27 10:00:00,2026-06-27,10,5
La Nogger Choc,1.0,1.87,0.13,2.0,2026-06-27 14:00:00,2026-06-27,14,5
GO FRESH Pastasalad Chicken,1.0,3.27,0.23,3.5,2026-06-27 14:00:00,2026-06-27,14,5
GO FRESH Sandw Pute Ei,1.0,3.55,0.25,3.8,2026-06-27 14:00:00,2026-06-27,14,5
Smothie Froosh Pineapple 250ml,1.0,2.02,0.38,2.4,2026-06-27 14:00:00,2026-06-27,14,5
BIO Hafer Drink Moccaccino 12 x 235ml Oa,1.0,1.89,0.36,2.25,2026-06-27 14:00:00,2026-06-27,14,5
Snack Nüsse Chilli,1.0,3.5,0.25,3.75,2026-06-27 14:00:00,2026-06-27,14,5
Koro Protein Bar Peanut Chocolate,1.0,2.06,0.14,2.2,2026-06-27 14:00:00,2026-06-27,14,5
"Leergut 0,25 EUR",3.0,0.63,0.12,0.75,2026-06-27 14:00:00,2026-06-27,14,5
Red Bull White Edition,1.0,0.71,0.14,0.85,2026-06-27 14:00:00,2026-06-27,14,5
"Red Bull 0,25",1.0,0.72,0.13,0.85,2026-06-27 14:00:00,2026-06-27,14,5
Red Bull Zero,1.0,1.07,0.2,1.27,2026-06-27 14:00:00,2026-06-27,14,5
Snickers Ice Cream Eisrie,1.0,2.34,0.16,2.5,2026-06-27 15:00:00,2026-06-27,15,5
La Magnum Almond,2.0,5.04,0.36,5.4,2026-06-27 15:00:00,2026-06-27,15,5
Bio honey almond fairness 45g,1.0,1.12,0.08,1.2,2026-06-27 19:00:00,2026-06-27,19,5
"Leergut 0,25 EUR",2.0,0.42,0.08,0.5,2026-06-28 01:00:00,2026-06-28,1,6
Red Bull Zero,2.0,2.13,0.41,2.54,2026-06-28 01:00:00,2026-06-28,1,6
Brown Donut,1.0,1.4,0.1,1.5,2026-06-28 13:00:00,2026-06-28,13,6
"Leergut 0,25 EUR",3.0,0.63,0.12,0.75,2026-06-28 13:00:00,2026-06-28,13,6
Red Bull Green Edition,1.0,1.07,0.2,1.27,2026-06-28 13:00:00,2026-06-28,13,6
Red Bull Zero,1.0,1.07,0.2,1.27,2026-06-28 13:00:00,2026-06-28,13,6
Red Bull Sea Blue Edition,1.0,1.07,0.2,1.27,2026-06-28 13:00:00,2026-06-28,13,6
Barebells Soft Protein Coco Choco 55g,1.0,3.08,0.22,3.3,2026-06-28 15:00:00,2026-06-28,15,6
La Nogger Choc,2.0,3.74,0.26,4.0,2026-06-28 15:00:00,2026-06-28,15,6
GIANT Yoghurt Flapjack Banana,1.0,1.12,0.08,1.2,2026-06-28 15:00:00,2026-06-28,15,6
"Leergut 0,25 EUR",2.0,0.42,0.08,0.5,2026-06-28 15:00:00,2026-06-28,15,6
Red Bull Green Edition,1.0,0.71,0.14,0.85,2026-06-28 15:00:00,2026-06-28,15,6
"Red Bull 0,25",1.0,0.72,0.13,0.85,2026-06-28 15:00:00,2026-06-28,15,6
La Nogger Choc,1.0,1.87,0.13,2.0,2026-06-28 16:00:00,2026-06-28,16,6
GO FRESH Pastasalat Lyoner Erbse,1.0,3.27,0.23,3.5,2026-06-28 16:00:00,2026-06-28,16,6
GO FRESH Pastasalad Chicken,1.0,3.27,0.23,3.5,2026-06-28 16:00:00,2026-06-28,16,6
La Cornetto Haselnuss,1.0,1.87,0.13,2.0,2026-06-28 16:00:00,2026-06-28,16,6
GO FRESH Tuna Sandwich,1.0,3.55,0.25,3.8,2026-06-28 16:00:00,2026-06-28,16,6
GO FRESH Sandw SweetChili,1.0,3.55,0.25,3.8,2026-06-28 16:00:00,2026-06-28,16,6
BIO Hafer Drink Moccaccino 12 x 235ml Oa,1.0,1.89,0.36,2.25,2026-06-28 16:00:00,2026-06-28,16,6
Koro Protein Bar Schoko Brownie,2.0,4.67,0.33,5.0,2026-06-28 16:00:00,2026-06-28,16,6
"Leergut 0,25 EUR",2.0,0.42,0.08,0.5,2026-06-28 16:00:00,2026-06-28,16,6
"Powerade Mountain Blast 0,5l PEW",1.0,1.34,0.26,1.6,2026-06-28 16:00:00,2026-06-28,16,6
Red Bull Zero,1.0,1.07,0.2,1.27,2026-06-28 16:00:00,2026-06-28,16,6
"Leergut 0,08 EUR",2.0,0.13,0.03,0.16,2026-06-28 17:00:00,2026-06-28,17,6
Welde Naturradler,1.0,1.43,0.27,1.7,2026-06-28 17:00:00,2026-06-28,17,6
"Moretti Beer 0,33L",1.0,1.68,0.32,2.0,2026-06-28 17:00:00,2026-06-28,17,6
"Leergut 0,15 EUR",2.0,0.26,0.04,0.3,2026-06-28 19:00:00,2026-06-28,19,6
"Leergut 0,25 EUR",2.0,0.41,0.09,0.5,2026-06-28 19:00:00,2026-06-28,19,6
Red Bull Zero,2.0,2.14,0.4,2.54,2026-06-28 19:00:00,2026-06-28,19,6
"Coca Cola Zero 0,4L Glas Mehrweg",2.0,2.52,0.48,3.0,2026-06-28 19:00:00,2026-06-28,19,6
Grill Kohle,1.0,3.24,0.61,3.85,2026-06-28 20:00:00,2026-06-28,20,6
Smothie Froosh Pineapple 250ml,1.0,2.02,0.38,2.4,2026-06-28 21:00:00,2026-06-28,21,6
BIO Hafer Drink Moccaccino 12 x 235ml Oa,4.0,7.56,1.44,9.0,2026-06-28 21:00:00,2026-06-28,21,6
"Leergut 0,25 EUR",1.0,0.21,0.04,0.25,2026-06-28 21:00:00,2026-06-28,21,6
"Hochwald Eisschoko 0,25l Dose",1.0,1.31,0.09,1.4,2026-06-28 21:00:00,2026-06-28,21,6
XL Laugenbrezel 130g FG,1.0,1.31,0.09,1.4,2026-06-29 09:00:00,2026-06-29,9,0
Hausmacher Leberwurst 200g Dose,1.0,3.64,0.26,3.9,2026-06-29 12:00:00,2026-06-29,12,0
HOMEMADE BUN Cheese,1.0,1.78,0.12,1.9,2026-06-29 13:00:00,2026-06-29,13,0
"Leergut 0,15 EUR",2.0,0.26,0.04,0.3,2026-06-29 13:00:00,2026-06-29,13,0
"Leergut 0,25 EUR",2.0,0.42,0.08,0.5,2026-06-29 13:00:00,2026-06-29,13,0
"Red Bull 0,25",2.0,1.43,0.27,1.7,2026-06-29 13:00:00,2026-06-29,13,0
"Coca Cola Zero 0,4L Glas Mehrweg",2.0,2.52,0.48,3.0,2026-06-29 13:00:00,2026-06-29,13,0
Riegel Vegan Peanut Caramel 55g Barebell,1.0,2.69,0.51,3.2,2026-06-29 14:00:00,2026-06-29,14,0
"Leergut 0,08 EUR",1.0,0.07,0.01,0.08,2026-06-29 14:00:00,2026-06-29,14,0
"Leergut 0,25 EUR",1.0,0.21,0.04,0.25,2026-06-29 14:00:00,2026-06-29,14,0
Red Bull Zero,1.0,1.07,0.2,1.27,2026-06-29 14:00:00,2026-06-29,14,0
Welde Alkoholfrei,1.0,1.43,0.27,1.7,2026-06-29 14:00:00,2026-06-29,14,0
La Magnum Almond,5.0,12.62,0.88,13.5,2026-06-29 15:00:00,2026-06-29,15,0
La Cornetto Haselnuss,2.0,3.74,0.26,4.0,2026-06-29 15:00:00,2026-06-29,15,0
Griesson Schoko Mountain Cookies 125g,1.0,1.69,0.11,1.8,2026-06-29 16:00:00,2026-06-29,16,0
Filly Nut Donut,1.0,1.4,0.1,1.5,2026-06-29 16:00:00,2026-06-29,16,0
Laugenbrezel mit Butter,1.0,1.68,0.12,1.8,2026-06-29 16:00:00,2026-06-29,16,0
Laugenbrezel mit Pfeffer,1.0,1.68,0.12,1.8,2026-06-29 16:00:00,2026-06-29,16,0
HOMEMADE BUN HAM,1.0,2.34,0.16,2.5,2026-06-29 16:00:00,2026-06-29,16,0
Starbucks Cappuccino,1.0,2.76,0.19,2.95,2026-06-29 16:00:00,2026-06-29,16,0
GIANT Flapjack Raspberry,1.0,1.12,0.08,1.2,2026-06-29 16:00:00,2026-06-29,16,0
"Snack Nüsse, geröstet & gesalzen",1.0,3.51,0.24,3.75,2026-06-29 16:00:00,2026-06-29,16,0
Bio cookies & choc fairness 45g,1.0,1.12,0.08,1.2,2026-06-29 16:00:00,2026-06-29,16,0
"Leergut 0,08 EUR",2.0,0.14,0.02,0.16,2026-06-29 16:00:00,2026-06-29,16,0
"Leergut 0,25 EUR",1.0,0.21,0.04,0.25,2026-06-29 16:00:00,2026-06-29,16,0
DPG Vitamin Well Hydrate,1.0,1.64,0.31,1.95,2026-06-29 16:00:00,2026-06-29,16,0
Welde Alkoholfrei,1.0,1.43,0.27,1.7,2026-06-29 16:00:00,2026-06-29,16,0
Welde Weizen,1.0,1.6,0.3,1.9,2026-06-29 16:00:00,2026-06-29,16,0
BLACK FOREST ICE CREAM Schokolade 100ml,1.0,2.34,0.16,2.5,2026-06-29 17:00:00,2026-06-29,17,0
Disposable cutlery set,1.0,0.25,0.05,0.3,2026-06-29 17:00:00,2026-06-29,17,0
Snickers Riegel  2 Pack,1.0,1.12,0.08,1.2,2026-06-29 17:00:00,2026-06-29,17,0
HOMEMADE BUN VEGAN,1.0,2.34,0.16,2.5,2026-06-29 17:00:00,2026-06-29,17,0
"Leergut 0,25 EUR",2.0,0.42,0.08,0.5,2026-06-29 17:00:00,2026-06-29,17,0
"Red Bull 0,25",1.0,1.07,0.2,1.27,2026-06-29 17:00:00,2026-06-29,17,0
Red Bull Zero,1.0,1.07,0.2,1.27,2026-06-29 17:00:00,2026-06-29,17,0
BiFi Carazza,1.0,1.21,0.09,1.3,2026-06-29 18:00:00,2026-06-29,18,0
HOMEMADE BUN Cheese,1.0,1.78,0.12,1.9,2026-06-29 18:00:00,2026-06-29,18,0
Soft Protein Riegel Salted Peanut Carame,1.0,3.0,0.2,3.2,2026-06-29 18:00:00,2026-06-29,18,0
GO FRESH Sandw Pute Ei,2.0,7.1,0.5,7.6,2026-06-29 20:00:00,2026-06-29,20,0
"Leergut 0,08 EUR",3.0,0.21,0.03,0.24,2026-06-29 20:00:00,2026-06-29,20,0
Welde Alkoholfrei,3.0,4.29,0.81,5.1,2026-06-29 20:00:00,2026-06-29,20,0
"Leergut 0,25 EUR",1.0,0.21,0.04,0.25,2026-06-30 02:00:00,2026-06-30,2,1
Red Bull Zero,1.0,1.07,0.2,1.27,2026-06-30 02:00:00,2026-06-30,2,1
Berliner Brezel 70g FB,1.0,1.68,0.12,1.8,2026-06-30 07:00:00,2026-06-30,7,1
Tempo fresh to go Protect,1.0,1.68,0.32,2.0,2026-06-30 07:00:00,2026-06-30,7,1
Starbucks Caramel Macchiato,1.0,2.76,0.19,2.95,2026-06-30 07:00:00,2026-06-30,7,1
"Leergut 0,25 EUR",1.0,0.21,0.04,0.25,2026-06-30 07:00:00,2026-06-30,7,1
DPG Vitamin Well Reload,1.0,1.64,0.31,1.95,2026-06-30 07:00:00,2026-06-30,7,1
Riegel Vegan Peanut Caramel 55g Barebell,1.0,2.69,0.51,3.2,2026-06-30 09:00:00,2026-06-30,9,1
Laugenbrezel mit Butter,1.0,1.68,0.12,1.8,2026-06-30 10:00:00,2026-06-30,10,1
HOMEMADE BUN HAM,1.0,2.34,0.16,2.5,2026-06-30 10:00:00,2026-06-30,10,1
HOMEMADE BUN Veggie Laugenecke Tom Moz,1.0,2.34,0.16,2.5,2026-06-30 10:00:00,2026-06-30,10,1
"Leergut 0,25 EUR",1.0,0.21,0.04,0.25,2026-06-30 11:00:00,2026-06-30,11,1
DPG Vitamin Well Reload,1.0,1.64,0.31,1.95,2026-06-30 11:00:00,2026-06-30,11,1
La Magnum Almond,2.0,5.05,0.35,5.4,2026-06-30 12:00:00,2026-06-30,12,1
La Magnum Classic,1.0,2.52,0.18,2.7,2026-06-30 12:00:00,2026-06-30,12,1
"Leergut 0,15 EUR",2.0,0.26,0.04,0.3,2026-06-30 12:00:00,2026-06-30,12,1
"Leergut 0,25 EUR",1.0,0.21,0.04,0.25,2026-06-30 12:00:00,2026-06-30,12,1
Red Bull Zero,1.0,1.07,0.2,1.27,2026-06-30 12:00:00,2026-06-30,12,1
"Coca Cola Zero 0,4L Glas Mehrweg",2.0,2.52,0.48,3.0,2026-06-30 12:00:00,2026-06-30,12,1
La Magnum Classic,2.0,5.05,0.35,5.4,2026-06-30 13:00:00,2026-06-30,13,1
"Leergut 0,25 EUR",5.0,1.05,0.2,1.25,2026-06-30 13:00:00,2026-06-30,13,1
"Red Bull 0,25",3.0,2.5,0.47,2.97,2026-06-30 13:00:00,2026-06-30,13,1
Red Bull Zero,1.0,1.07,0.2,1.27,2026-06-30 13:00:00,2026-06-30,13,1
DPG Vitamin Well Reload,1.0,1.64,0.31,1.95,2026-06-30 13:00:00,2026-06-30,13,1
Snickers Ice Cream Eisrie,1.0,2.34,0.16,2.5,2026-06-30 14:00:00,2026-06-30,14,1
Beef Jerky Original,1.0,1.64,0.11,1.75,2026-06-30 14:00:00,2026-06-30,14,1
"Leergut 0,25 EUR",1.0,0.21,0.04,0.25,2026-06-30 14:00:00,2026-06-30,14,1
Red Bull Zero,1.0,1.07,0.2,1.27,2026-06-30 14:00:00,2026-06-30,14,1
Starbucks Caramel Macchiato,1.0,2.76,0.19,2.95,2026-06-30 16:00:00,2026-06-30,16,1
Koro Protein Bar Pistachio,3.0,8.13,0.57,8.7,2026-06-30 16:00:00,2026-06-30,16,1
Pringles Sweet Paprika,1.0,1.31,0.09,1.4,2026-06-30 17:00:00,2026-06-30,17,1
GO FRESH Sandw SweetChili,1.0,3.55,0.25,3.8,2026-06-30 17:00:00,2026-06-30,17,1
Saltletts Sticks 75g,1.0,0.65,0.05,0.7,2026-06-30 17:00:00,2026-06-30,17,1
Dr. Kargs Tomate Mozzarella  Knäcke,1.0,3.04,0.21,3.25,2026-06-30 17:00:00,2026-06-30,17,1
Koro Protein Bar Schoko Brownie,1.0,2.34,0.16,2.5,2026-06-30 17:00:00,2026-06-30,17,1
"Leergut 0,25 EUR",1.0,0.21,0.04,0.25,2026-06-30 17:00:00,2026-06-30,17,1
Red Bull Zero,1.0,1.07,0.2,1.27,2026-06-30 17:00:00,2026-06-30,17,1
Protein Bar Chocolate,1.0,0.93,0.07,1.0,2026-06-30 19:00:00,2026-06-30,19,1
Barebells Soft Protein Coco Choco 55g,1.0,3.09,0.21,3.3,2026-06-30 19:00:00,2026-06-30,19,1
BiFi Roll,1.0,1.31,0.09,1.4,2026-06-30 19:00:00,2026-06-30,19,1
HOMEMADE BUN VEGAN,1.0,2.34,0.16,2.5,2026-06-30 19:00:00,2026-06-30,19,1
Shot Himbeere Ingwer 60ml,1.0,1.85,0.35,2.2,2026-06-30 19:00:00,2026-06-30,19,1
GIANT Flapjack Pecanut,1.0,1.12,0.08,1.2,2026-06-30 19:00:00,2026-06-30,19,1
Koro Protein Bar Schoko Brownie,1.0,2.34,0.16,2.5,2026-06-30 19:00:00,2026-06-30,19,1
Bio honey almond fairness 45g,1.0,1.12,0.08,1.2,2026-06-30 19:00:00,2026-06-30,19,1
HOMEMADE BUN Veggie Laugenecke Tom Moz,1.0,2.34,0.16,2.5,2026-06-30 20:00:00,2026-06-30,20,1
Smothie Froosh Mango 250ml,1.0,2.02,0.38,2.4,2026-06-30 20:00:00,2026-06-30,20,1
Starbucks Cappuccino,1.0,2.75,0.2,2.95,2026-06-30 20:00:00,2026-06-30,20,1
"Leergut 0,15 EUR",1.0,0.13,0.02,0.15,2026-06-30 20:00:00,2026-06-30,20,1
"Leergut 0,25 EUR",2.0,0.42,0.08,0.5,2026-06-30 20:00:00,2026-06-30,20,1
"Powerade Mountain Blast 0,5l PEW",1.0,1.34,0.26,1.6,2026-06-30 20:00:00,2026-06-30,20,1
"Red Bull 0,25",1.0,1.07,0.2,1.27,2026-06-30 20:00:00,2026-06-30,20,1
Teinacher still 0.7,1.0,1.01,0.19,1.2,2026-06-30 20:00:00,2026-06-30,20,1
"Leergut 0,15 EUR",1.0,0.13,0.02,0.15,2026-06-30 21:00:00,2026-06-30,21,1
Teinacher still 0.7,1.0,1.01,0.19,1.2,2026-06-30 21:00:00,2026-06-30,21,1
HOMEMADE Breakfastcup 285g,1.0,2.9,0.2,3.1,2026-06-30 22:00:00,2026-06-30,22,1
"Leergut 0,15 EUR",1.0,0.13,0.02,0.15,2026-07-01 12:00:00,2026-07-01,12,2
"Leergut 0,25 EUR",2.0,0.42,0.08,0.5,2026-07-01 12:00:00,2026-07-01,12,2
"Red Bull 0,25",1.0,1.07,0.2,1.27,2026-07-01 12:00:00,2026-07-01,12,2
Red Bull Zero,1.0,1.07,0.2,1.27,2026-07-01 12:00:00,2026-07-01,12,2
"Coca Cola 0,4L Glas Mehrweg",1.0,1.26,0.24,1.5,2026-07-01 12:00:00,2026-07-01,12,2
La Magnum Almond,1.0,2.52,0.18,2.7,2026-07-01 13:00:00,2026-07-01,13,2
GIANT Flapjack Raspberry,1.0,1.12,0.08,1.2,2026-07-01 13:00:00,2026-07-01,13,2
"Leergut 0,15 EUR",2.0,0.26,0.04,0.3,2026-07-01 13:00:00,2026-07-01,13,2
"Leergut 0,25 EUR",1.0,0.2,0.05,0.25,2026-07-01 13:00:00,2026-07-01,13,2
"Powerade Mountain Blast 0,5l PEW",1.0,1.35,0.25,1.6,2026-07-01 13:00:00,2026-07-01,13,2
Teinacher Heidelbeer Eistee,1.0,1.34,0.26,1.6,2026-07-01 13:00:00,2026-07-01,13,2
"Coca Cola Zero 0,4L Glas Mehrweg",1.0,1.26,0.24,1.5,2026-07-01 13:00:00,2026-07-01,13,2
BLACK FOREST ICE CREAM Schokolade 100ml,1.0,2.34,0.16,2.5,2026-07-01 14:00:00,2026-07-01,14,2
La Cornetto Haselnuss,1.0,1.87,0.13,2.0,2026-07-01 14:00:00,2026-07-01,14,2
Gefüllter Triple Chocolate Muffin,1.0,2.06,0.14,2.2,2026-07-01 14:00:00,2026-07-01,14,2
"Leergut 0,25 EUR",4.0,0.84,0.16,1.0,2026-07-01 14:00:00,2026-07-01,14,2
"Hochwald Eiskaffee 0,25l Dose",1.0,1.31,0.09,1.4,2026-07-01 14:00:00,2026-07-01,14,2
DPG Vitamin Well Reload,2.0,3.28,0.62,3.9,2026-07-01 14:00:00,2026-07-01,14,2
Red Bull Sea Blue Edition,1.0,1.07,0.2,1.27,2026-07-01 14:00:00,2026-07-01,14,2
Protein Bar Caramell Toffee,1.0,0.93,0.07,1.0,2026-07-01 15:00:00,2026-07-01,15,2
Snickers Ice Cream Eisrie,1.0,2.34,0.16,2.5,2026-07-01 15:00:00,2026-07-01,15,2
Chili & Lime Chili & Lima24 Beutel á 4,1.0,1.12,0.08,1.2,2026-07-01 15:00:00,2026-07-01,15,2
Black Truffle Trufa Negra 24 Beutel á,1.0,1.13,0.07,1.2,2026-07-01 15:00:00,2026-07-01,15,2
HofEis Joghurt Heidelbeere 130ml,1.0,2.34,0.16,2.5,2026-07-01 15:00:00,2026-07-01,15,2
Hofeis Mango 130ml,2.0,4.67,0.33,5.0,2026-07-01 15:00:00,2026-07-01,15,2
Hofeis Knusperkeks 130ml,1.0,2.34,0.16,2.5,2026-07-01 15:00:00,2026-07-01,15,2
BF ICE CREAM Himbeere Fichte 100ml Bio V,1.0,2.34,0.16,2.5,2026-07-01 15:00:00,2026-07-01,15,2
Oreo Classic,1.0,2.71,0.19,2.9,2026-07-01 15:00:00,2026-07-01,15,2
Beef Jerky Sweet & Hot,3.0,7.01,0.49,7.5,2026-07-01 15:00:00,2026-07-01,15,2
La Nogger Choc,1.0,1.87,0.13,2.0,2026-07-01 15:00:00,2026-07-01,15,2
La Magnum Almond,1.0,2.52,0.18,2.7,2026-07-01 15:00:00,2026-07-01,15,2
La Magnum Classic,1.0,2.52,0.18,2.7,2026-07-01 15:00:00,2026-07-01,15,2
La Cornetto Haselnuss,2.0,3.74,0.26,4.0,2026-07-01 15:00:00,2026-07-01,15,2
XL Laugenbrezel 130g FG,1.0,1.31,0.09,1.4,2026-07-01 15:00:00,2026-07-01,15,2
Snickers Riegel  2 Pack,1.0,1.12,0.08,1.2,2026-07-01 15:00:00,2026-07-01,15,2
"Snack Nüsse, geröstet & gesalzen",1.0,3.5,0.25,3.75,2026-07-01 15:00:00,2026-07-01,15,2
Koro Protein Bar Schoko Brownie,1.0,2.34,0.16,2.5,2026-07-01 15:00:00,2026-07-01,15,2
"Leergut 0,15 EUR",1.0,0.13,0.02,0.15,2026-07-01 15:00:00,2026-07-01,15,2
"Leergut 0,25 EUR",1.0,0.21,0.04,0.25,2026-07-01 15:00:00,2026-07-01,15,2
"Coca Cola Zero 0,4L Glas Mehrweg",1.0,1.26,0.24,1.5,2026-07-01 15:00:00,2026-07-01,15,2
Red Bull Sea Blue Edition,1.0,1.07,0.2,1.27,2026-07-01 15:00:00,2026-07-01,15,2
La Magnum Almond,1.0,2.52,0.18,2.7,2026-07-01 16:00:00,2026-07-01,16,2
Koro Protein Bar Pistachio,1.0,2.71,0.19,2.9,2026-07-01 16:00:00,2026-07-01,16,2
"Leergut 0,25 EUR",2.0,0.42,0.08,0.5,2026-07-01 16:00:00,2026-07-01,16,2
DPG Vitamin Well Reload,1.0,1.64,0.31,1.95,2026-07-01 16:00:00,2026-07-01,16,2
DPG Vitamin Well Hydrate,1.0,1.64,0.31,1.95,2026-07-01 16:00:00,2026-07-01,16,2
La Magnum Almond,4.0,10.09,0.71,10.8,2026-07-01 17:00:00,2026-07-01,17,2
La Cornetto Haselnuss,5.0,9.35,0.65,10.0,2026-07-01 17:00:00,2026-07-01,17,2
Laugenbrezel mit Butter,1.0,1.68,0.12,1.8,2026-07-01 17:00:00,2026-07-01,17,2
Haribo Goldbären 100g,1.0,0.93,0.07,1.0,2026-07-01 17:00:00,2026-07-01,17,2
Koro Protein Bar Schoko Brownie,1.0,2.34,0.16,2.5,2026-07-01 17:00:00,2026-07-01,17,2
"Leergut 0,15 EUR",1.0,0.13,0.02,0.15,2026-07-01 17:00:00,2026-07-01,17,2
Teinacher still 0.7,1.0,1.01,0.19,1.2,2026-07-01 17:00:00,2026-07-01,17,2
Protein Bar Caramell Toffee,5.0,4.68,0.32,5.0,2026-07-01 18:00:00,2026-07-01,18,2
Erbsenprotein Milchersatz Barista 1l Vly,1.0,2.73,0.52,3.25,2026-07-01 18:00:00,2026-07-01,18,2
Rindslyoner 200g Dose,1.0,3.64,0.26,3.9,2026-07-01 18:00:00,2026-07-01,18,2
"Leergut 0,15 EUR",1.0,0.13,0.02,0.15,2026-07-01 18:00:00,2026-07-01,18,2
"Leergut 0,25 EUR",1.0,0.21,0.04,0.25,2026-07-01 18:00:00,2026-07-01,18,2
DPG Vitamin Well Reload,1.0,1.64,0.31,1.95,2026-07-01 18:00:00,2026-07-01,18,2
"Mezzo Mix 0,4L Glas Mehrweg",1.0,1.26,0.24,1.5,2026-07-01 18:00:00,2026-07-01,18,2
"Leergut 0,25 EUR",1.0,0.21,0.04,0.25,2026-07-01 19:00:00,2026-07-01,19,2
"Powerade Mountain Blast 0,5l PEW",1.0,1.34,0.26,1.6,2026-07-01 19:00:00,2026-07-01,19,2
Black Truffle Trufa Negra 24 Beutel á,1.0,1.12,0.08,1.2,2026-07-01 22:00:00,2026-07-01,22,2
Snack Nüsse Chilli,1.0,3.5,0.25,3.75,2026-07-01 22:00:00,2026-07-01,22,2
"Leergut 0,08 EUR",6.0,0.4,0.08,0.48,2026-07-01 22:00:00,2026-07-01,22,2
Welde Slow,6.0,8.58,1.62,10.2,2026-07-01 22:00:00,2026-07-01,22,2
Griesson Schoko Mountain Cookies 125g,1.0,1.68,0.12,1.8,2026-07-02 08:00:00,2026-07-02,8,3
Beef Jerky Original,1.0,2.34,0.16,2.5,2026-07-02 08:00:00,2026-07-02,8,3
Koro Protein Bar Pistachio,1.0,2.7,0.2,2.9,2026-07-02 08:00:00,2026-07-02,8,3
HANDL Veggie Almjäger,1.0,2.61,0.18,2.79,2026-07-02 08:00:00,2026-07-02,8,3
Laugenbrezel mit Butter,1.0,1.68,0.12,1.8,2026-07-02 09:00:00,2026-07-02,9,3
Snickers Ice Cream Eisrie,1.0,2.34,0.16,2.5,2026-07-02 12:00:00,2026-07-02,12,3
La Magnum Classic,1.0,2.52,0.18,2.7,2026-07-02 12:00:00,2026-07-02,12,3
Lunchbox 800ml Edelstahl,1.0,13.45,2.55,16.0,2026-07-02 12:00:00,2026-07-02,12,3
GIANT Yoghurt Flapjack Banana,1.0,1.12,0.08,1.2,2026-07-02 12:00:00,2026-07-02,12,3
"Leergut 0,25 EUR",2.0,0.42,0.08,0.5,2026-07-02 12:00:00,2026-07-02,12,3
Red Bull Green Edition,1.0,1.07,0.2,1.27,2026-07-02 12:00:00,2026-07-02,12,3
"Red Bull 0,25",1.0,1.06,0.21,1.27,2026-07-02 12:00:00,2026-07-02,12,3
La Nogger Choc,1.0,1.87,0.13,2.0,2026-07-02 13:00:00,2026-07-02,13,3
Koro Protein Bar Pistachio,2.0,5.42,0.38,5.8,2026-07-02 13:00:00,2026-07-02,13,3
Koro Protein Bar Peanut Chocolate,1.0,2.06,0.14,2.2,2026-07-02 13:00:00,2026-07-02,13,3
"Leergut 0,25 EUR",2.0,0.42,0.08,0.5,2026-07-02 13:00:00,2026-07-02,13,3
"Red Bull 0,25",1.0,1.07,0.2,1.27,2026-07-02 13:00:00,2026-07-02,13,3
Red Bull Zero,1.0,1.07,0.2,1.27,2026-07-02 13:00:00,2026-07-02,13,3
Airwaves Menth & Eucalypt,1.0,0.93,0.07,1.0,2026-07-02 14:00:00,2026-07-02,14,3
Barebells Caramel Choco 55g,1.0,3.09,0.21,3.3,2026-07-02 14:00:00,2026-07-02,14,3
"Yayla Ayran Tetra 0,25L",2.0,2.02,0.38,2.4,2026-07-02 14:00:00,2026-07-02,14,3
GIANT Yoghurt Flapjack Banana,1.0,1.12,0.08,1.2,2026-07-02 14:00:00,2026-07-02,14,3
Bio poppy & vanilla fairness 45g,1.0,1.12,0.08,1.2,2026-07-02 14:00:00,2026-07-02,14,3
"Leergut 0,15 EUR",1.0,0.13,0.02,0.15,2026-07-02 14:00:00,2026-07-02,14,3
"Leergut 0,25 EUR",1.0,0.21,0.04,0.25,2026-07-02 14:00:00,2026-07-02,14,3
Red Bull Green Edition,1.0,1.07,0.2,1.27,2026-07-02 14:00:00,2026-07-02,14,3
"Coca Cola Zero 0,4L Glas Mehrweg",1.0,1.26,0.24,1.5,2026-07-02 14:00:00,2026-07-02,14,3
Beef Jerky Original,1.0,2.34,0.16,2.5,2026-07-02 15:00:00,2026-07-02,15,3
Twix Ice Cream Eisriegel,1.0,2.34,0.16,2.5,2026-07-02 15:00:00,2026-07-02,15,3
"Leergut 0,08 EUR",2.0,0.13,0.03,0.16,2026-07-02 15:00:00,2026-07-02,15,3
Welde Naturradler,1.0,1.43,0.27,1.7,2026-07-02 15:00:00,2026-07-02,15,3
Welde Alkoholfrei,1.0,1.43,0.27,1.7,2026-07-02 15:00:00,2026-07-02,15,3
Protein Bar Vanilla Stracci,1.0,0.93,0.07,1.0,2026-07-02 16:00:00,2026-07-02,16,3
Snickers Ice Cream Eisrie,1.0,2.34,0.16,2.5,2026-07-02 16:00:00,2026-07-02,16,3
Mars Ice Cream Eisriegel,1.0,2.34,0.16,2.5,2026-07-02 16:00:00,2026-07-02,16,3
HofEis Joghurt Heidelbeere 130ml,1.0,2.34,0.16,2.5,2026-07-02 16:00:00,2026-07-02,16,3
Hofeis Knusperkeks 130ml,1.0,2.34,0.16,2.5,2026-07-02 16:00:00,2026-07-02,16,3
BLACK FOREST ICE CREAM Schokolade 100ml,6.0,14.02,0.98,15.0,2026-07-02 16:00:00,2026-07-02,16,3
Haribo Color Rado 100g,1.0,0.93,0.07,1.0,2026-07-02 16:00:00,2026-07-02,16,3
BLACK FOREST ICE CREAM Schokolade 100ml,1.0,2.34,0.16,2.5,2026-07-02 18:00:00,2026-07-02,18,3
La Magnum Classic,2.0,5.04,0.36,5.4,2026-07-02 18:00:00,2026-07-02,18,3
GO FRESH Tuna Sandwich,1.0,3.55,0.25,3.8,2026-07-02 18:00:00,2026-07-02,18,3
Laugenbrezel mit Butter,1.0,1.68,0.12,1.8,2026-07-02 18:00:00,2026-07-02,18,3
XL Laugenbrezel 130g FG,1.0,1.31,0.09,1.4,2026-07-02 18:00:00,2026-07-02,18,3
HOMEMADE BUN Veggie Laugenecke Tom Moz,1.0,2.34,0.16,2.5,2026-07-02 18:00:00,2026-07-02,18,3
GO FRESH Pastasalad Chicken,1.0,3.26,0.24,3.5,2026-07-02 20:00:00,2026-07-02,20,3
Barilla Fusilli,1.0,2.34,0.16,2.5,2026-07-02 20:00:00,2026-07-02,20,3
Gefüllter Triple Chocolate Muffin,1.0,2.06,0.14,2.2,2026-07-02 20:00:00,2026-07-02,20,3
HOMEMADE BUN Cheese,1.0,1.78,0.12,1.9,2026-07-02 20:00:00,2026-07-02,20,3
HOMEMADE BUN Veggie Laugenecke Tom Moz,1.0,2.33,0.17,2.5,2026-07-02 20:00:00,2026-07-02,20,3
"Leergut 0,08 EUR",2.0,0.13,0.03,0.16,2026-07-02 20:00:00,2026-07-02,20,3
Welde Alkoholfrei,2.0,2.86,0.54,3.4,2026-07-02 20:00:00,2026-07-02,20,3
"Leergut 0,15 EUR",1.0,0.13,0.02,0.15,2026-07-02 21:00:00,2026-07-02,21,3
"Coca Cola Zero 0,4L Glas Mehrweg",1.0,1.26,0.24,1.5,2026-07-02 21:00:00,2026-07-02,21,3
Starbucks Caramel Macchiato,1.0,2.76,0.19,2.95,2026-07-03 08:00:00,2026-07-03,8,4
LARQ Twist Bottle Seaside Mint 740ml,1.0,41.12,2.88,44.0,2026-07-03 08:00:00,2026-07-03,8,4
Protein Bar Caramell Toffee,1.0,0.93,0.07,1.0,2026-07-03 09:00:00,2026-07-03,9,4
HOMEMADE BUN Veggie Laugenecke Tom Moz,1.0,2.34,0.16,2.5,2026-07-03 09:00:00,2026-07-03,9,4
"Leergut 0,25 EUR",1.0,0.21,0.04,0.25,2026-07-03 09:00:00,2026-07-03,9,4
Hochwald Eis Macchiato,1.0,1.31,0.09,1.4,2026-07-03 09:00:00,2026-07-03,9,4
Laugenbrezel mit Butter,1.0,1.68,0.12,1.8,2026-07-03 10:00:00,2026-07-03,10,4
