ID,store_ID,posSystem_ID,businessDate,paymentMethod,itemCount,amount,currency_code
PM-WDF01-00000,WDF01,MOB1,2026-07-03,Card payment,56,239.9,EUR
PM-WDF01-00001,WDF01,SM01,2026-07-03,Card payment American Express,23,67.0,EUR
PM-WDF01-00002,WDF01,SM01,2026-07-03,Card payment 10,146,567.3,EUR
PM-WDF01-00003,WDF01,SM01,2026-07-03,Card payment VISA,446,1951.53,EUR
PM-WDF01-00004,WDF01,PF02,2026-07-03,Card payment 20,1664,6781.21,EUR
PM-WDF01-00005,WDF01,SM01,2026-07-03,Card payment 20,2,-14.66,EUR
PM-WDF01-00006,WDF01,SM01,2026-07-03,Card payment Master Card,215,996.58,EUR
PM-BLN01-00007,BLN01,MO-BLN01,2026-01-01,Card payment 20,3,7.33,EUR
PM-BLN01-00008,BLN01,MO-BLN01,2026-01-01,Card payment VISA,2,7.28,EUR
PM-BLN01-00009,BLN01,MO-BLN01,2026-01-02,Card payment 10,1,0.08,EUR
PM-BLN01-00010,BLN01,MO-BLN01,2026-01-02,Card payment 20,3,3.9,EUR
PM-BLN01-00011,BLN01,MO-BLN01,2026-01-02,Card payment VISA,1,0.25,EUR
PM-BLN01-00012,BLN01,MO-BLN01,2026-01-03,Card payment 20,1,2.58,EUR
PM-BLN01-00013,BLN01,MO-BLN01,2026-01-04,Card payment 20,2,3.65,EUR
PM-BLN01-00014,BLN01,MO-BLN01,2026-01-05,Card payment 20,2,12.85,EUR
PM-BLN01-00015,BLN01,MO-BLN01,2026-01-05,Card payment Master Card,1,13.5,EUR
PM-BLN01-00016,BLN01,MO-BLN01,2026-01-05,Card payment VISA,2,4.8,EUR
PM-BLN01-00017,BLN01,MO-BLN01,2026-01-06,Card payment 20,4,7.7,EUR
PM-BLN01-00018,BLN01,MO-BLN01,2026-01-06,Card payment Master Card,2,2.75,EUR
PM-BLN01-00019,BLN01,MO-BLN01,2026-01-06,Card payment VISA,1,2.41,EUR
PM-BLN01-00020,BLN01,MO-BLN01,2026-01-07,Card payment 20,3,10.15,EUR
PM-BLN01-00021,BLN01,MO-BLN01,2026-01-07,Card payment VISA,1,6.05,EUR
PM-BLN01-00022,BLN01,MO-BLN01,2026-01-08,Card payment 20,2,4.0,EUR
PM-BLN01-00023,BLN01,MO-BLN01,2026-01-09,Card payment 10,1,0.25,EUR
PM-BLN01-00024,BLN01,MO-BLN01,2026-01-09,Card payment 20,1,2.7,EUR
PM-BLN01-00025,BLN01,MO-BLN01,2026-01-09,Card payment VISA,2,4.55,EUR
PM-BLN01-00026,BLN01,MO-BLN01,2026-01-10,Card payment VISA,1,3.5,EUR
PM-BLN01-00027,BLN01,MO-BLN01,2026-01-11,Card payment 10,1,1.0,EUR
PM-BLN01-00028,BLN01,MO-BLN01,2026-01-11,Card payment 20,2,6.74,EUR
PM-BLN01-00029,BLN01,MO-BLN01,2026-01-12,Card payment 20,5,8.91,EUR
PM-BLN01-00030,BLN01,MO-BLN01,2026-01-13,Card payment 20,2,6.8,EUR
PM-BLN01-00031,BLN01,MO-BLN01,2026-01-13,Card payment VISA,1,4.2,EUR
PM-BLN01-00032,BLN01,MO-BLN01,2026-01-14,Card payment 20,3,8.4,EUR
PM-BLN01-00033,BLN01,MO-BLN01,2026-01-14,Card payment Master Card,1,5.1,EUR
PM-BLN01-00034,BLN01,MO-BLN01,2026-01-14,Card payment VISA,2,7.87,EUR
PM-BLN01-00035,BLN01,MO-BLN01,2026-01-15,Card payment 20,1,2.5,EUR
PM-BLN01-00036,BLN01,MO-BLN01,2026-01-15,Card payment Master Card,1,5.7,EUR
PM-BLN01-00037,BLN01,MO-BLN01,2026-01-15,Card payment VISA,1,1.4,EUR
PM-BLN01-00038,BLN01,MO-BLN01,2026-01-17,Card payment,1,3.8,EUR
PM-BLN01-00039,BLN01,MO-BLN01,2026-01-17,Card payment 20,1,2.5,EUR
PM-BLN01-00040,BLN01,MO-BLN01,2026-01-19,Card payment,1,2.98,EUR
PM-BLN01-00041,BLN01,MO-BLN01,2026-01-19,Card payment 10,2,6.3,EUR
PM-BLN01-00042,BLN01,MO-BLN01,2026-01-19,Card payment 20,3,2.4,EUR
PM-BLN01-00043,BLN01,MO-BLN01,2026-01-19,Card payment VISA,1,4.5,EUR
PM-BLN01-00044,BLN01,MO-BLN01,2026-01-20,Card payment 20,2,5.34,EUR
PM-BLN01-00045,BLN01,MO-BLN01,2026-01-21,Card payment 20,4,10.23,EUR
PM-BLN01-00046,BLN01,MO-BLN01,2026-01-21,Card payment Master Card,2,0.75,EUR
PM-BLN01-00047,BLN01,MO-BLN01,2026-01-22,Card payment 10,1,2.2,EUR
PM-BLN01-00048,BLN01,MO-BLN01,2026-01-22,Card payment 20,3,6.24,EUR
PM-BLN01-00049,BLN01,MO-BLN01,2026-01-22,Card payment Master Card,1,5.5,EUR
PM-BLN01-00050,BLN01,MO-BLN01,2026-01-23,Card payment,1,0.25,EUR
PM-BLN01-00051,BLN01,MO-BLN01,2026-01-23,Card payment 20,1,1.2,EUR
PM-BLN01-00052,BLN01,MO-BLN01,2026-01-24,Card payment 20,1,0.15,EUR
PM-BLN01-00053,BLN01,MO-BLN01,2026-01-25,Card payment 20,1,1.6,EUR
PM-BLN01-00054,BLN01,MO-BLN01,2026-01-26,Card payment,1,2.5,EUR
PM-BLN01-00055,BLN01,MO-BLN01,2026-01-26,Card payment 20,2,3.72,EUR
PM-BLN01-00056,BLN01,MO-BLN01,2026-01-27,Card payment 20,4,10.58,EUR
PM-BLN01-00057,BLN01,MO-BLN01,2026-01-27,Card payment VISA,2,3.1,EUR
PM-BLN01-00058,BLN01,MO-BLN01,2026-01-28,Card payment 20,2,3.35,EUR
PM-BLN01-00059,BLN01,MO-BLN01,2026-01-29,Card payment 20,5,28.05,EUR
PM-BLN01-00060,BLN01,MO-BLN01,2026-01-29,Card payment VISA,1,1.88,EUR
PM-BLN01-00061,BLN01,MO-BLN01,2026-01-30,Card payment 10,1,2.43,EUR
PM-BLN01-00062,BLN01,MO-BLN01,2026-01-30,Card payment 20,3,6.1,EUR
PM-BLN01-00063,BLN01,MO-BLN01,2026-02-01,Card payment 20,2,5.85,EUR
PM-BLN01-00064,BLN01,MO-BLN01,2026-02-02,Card payment 10,1,2.7,EUR
PM-BLN01-00065,BLN01,MO-BLN01,2026-02-02,Card payment 20,5,10.75,EUR
PM-BLN01-00066,BLN01,MO-BLN01,2026-02-03,Card payment 10,2,4.3,EUR
PM-BLN01-00067,BLN01,MO-BLN01,2026-02-03,Card payment 20,1,1.2,EUR
PM-BLN01-00068,BLN01,MO-BLN01,2026-02-04,Card payment 20,4,19.34,EUR
PM-BLN01-00069,BLN01,MO-BLN01,2026-02-04,Card payment VISA,1,0.25,EUR
PM-BLN01-00070,BLN01,MO-BLN01,2026-02-05,Card payment 20,3,9.03,EUR
PM-BLN01-00071,BLN01,MO-BLN01,2026-02-06,Card payment VISA,1,1.0,EUR
PM-BLN01-00072,BLN01,MO-BLN01,2026-02-08,Card payment 20,1,0.08,EUR
PM-BLN01-00073,BLN01,MO-BLN01,2026-02-09,Card payment,1,8.4,EUR
PM-BLN01-00074,BLN01,MO-BLN01,2026-02-09,Card payment 20,1,0.65,EUR
PM-BLN01-00075,BLN01,MO-BLN01,2026-02-10,Card payment 20,6,11.03,EUR
PM-BLN01-00076,BLN01,MO-BLN01,2026-02-10,Card payment Master Card,1,0.25,EUR
PM-BLN01-00077,BLN01,MO-BLN01,2026-02-10,Card payment VISA,1,2.22,EUR
PM-BLN01-00078,BLN01,MO-BLN01,2026-02-11,Card payment 20,6,13.62,EUR
PM-BLN01-00079,BLN01,MO-BLN01,2026-02-12,Card payment 20,2,7.1,EUR
PM-BLN01-00080,BLN01,MO-BLN01,2026-02-13,Card payment 10,1,1.0,EUR
PM-BLN01-00081,BLN01,MO-BLN01,2026-02-13,Card payment 20,2,3.75,EUR
PM-BLN01-00082,BLN01,MO-BLN01,2026-02-13,Card payment VISA,1,1.31,EUR
PM-BLN01-00083,BLN01,MO-BLN01,2026-02-14,Card payment 20,1,0.5,EUR
PM-BLN01-00084,BLN01,MO-BLN01,2026-02-14,Card payment VISA,1,0.25,EUR
PM-BLN01-00085,BLN01,MO-BLN01,2026-02-15,Card payment 20,1,5.54,EUR
PM-BLN01-00086,BLN01,MO-BLN01,2026-02-16,Card payment 10,1,0.25,EUR
PM-BLN01-00087,BLN01,MO-BLN01,2026-02-16,Card payment VISA,1,1.0,EUR
PM-BLN01-00088,BLN01,MO-BLN01,2026-02-17,Card payment,2,3.2,EUR
PM-BLN01-00089,BLN01,MO-BLN01,2026-02-17,Card payment 20,3,8.05,EUR
PM-BLN01-00090,BLN01,MO-BLN01,2026-02-18,Card payment 20,5,5.35,EUR
PM-BLN01-00091,BLN01,MO-BLN01,2026-02-18,Card payment Master Card,1,2.5,EUR
PM-BLN01-00092,BLN01,MO-BLN01,2026-02-19,Card payment 20,3,4.31,EUR
PM-BLN01-00093,BLN01,MO-BLN01,2026-02-19,Card payment Master Card,1,0.15,EUR
PM-BLN01-00094,BLN01,MO-BLN01,2026-02-19,Card payment VISA,2,1.25,EUR
PM-BLN01-00095,BLN01,MO-BLN01,2026-02-20,Card payment 20,3,5.11,EUR
PM-BLN01-00096,BLN01,MO-BLN01,2026-02-21,Card payment 10,1,2.01,EUR
PM-BLN01-00097,BLN01,MO-BLN01,2026-02-21,Card payment Master Card,1,1.7,EUR
PM-BLN01-00098,BLN01,MO-BLN01,2026-02-21,Card payment VISA,1,0.25,EUR
PM-BLN01-00099,BLN01,MO-BLN01,2026-02-22,Card payment 20,2,4.2,EUR
PM-BLN01-00100,BLN01,MO-BLN01,2026-02-22,Card payment VISA,1,2.35,EUR
PM-BLN01-00101,BLN01,MO-BLN01,2026-02-23,Card payment 20,3,6.85,EUR
PM-BLN01-00102,BLN01,MO-BLN01,2026-02-24,Card payment 10,1,2.7,EUR
PM-BLN01-00103,BLN01,MO-BLN01,2026-02-24,Card payment 20,5,15.51,EUR
PM-BLN01-00104,BLN01,MO-BLN01,2026-02-24,Card payment American Express,1,5.85,EUR
PM-BLN01-00105,BLN01,MO-BLN01,2026-02-24,Card payment VISA,4,7.58,EUR
PM-BLN01-00106,BLN01,MO-BLN01,2026-02-25,Card payment 20,5,16.81,EUR
PM-BLN01-00107,BLN01,MO-BLN01,2026-02-25,Card payment Master Card,1,1.25,EUR
PM-BLN01-00108,BLN01,MO-BLN01,2026-02-26,Card payment 20,3,33.0,EUR
PM-BLN01-00109,BLN01,MO-BLN01,2026-02-26,Card payment VISA,3,9.44,EUR
PM-BLN01-00110,BLN01,MO-BLN01,2026-02-27,Card payment 20,1,0.12,EUR
PM-BLN01-00111,BLN01,MO-BLN01,2026-02-28,Card payment 20,1,0.99,EUR
PM-BLN01-00112,BLN01,MO-BLN01,2026-03-01,Card payment 20,1,4.59,EUR
PM-BLN01-00113,BLN01,MO-BLN01,2026-03-01,Card payment VISA,1,0.25,EUR
PM-BLN01-00114,BLN01,MO-BLN01,2026-03-02,Card payment 20,3,3.49,EUR
PM-BLN01-00115,BLN01,MO-BLN01,2026-03-02,Card payment VISA,1,1.0,EUR
PM-BLN01-00116,BLN01,MO-BLN01,2026-03-03,Card payment 10,1,0.25,EUR
PM-BLN01-00117,BLN01,MO-BLN01,2026-03-03,Card payment 20,3,9.5,EUR
PM-BLN01-00118,BLN01,MO-BLN01,2026-03-04,Card payment 20,4,11.79,EUR
PM-BLN01-00119,BLN01,MO-BLN01,2026-03-04,Card payment VISA,1,0.06,EUR
PM-BLN01-00120,BLN01,MO-BLN01,2026-03-05,Card payment 20,4,9.4,EUR
PM-BLN01-00121,BLN01,MO-BLN01,2026-03-05,Card payment VISA,2,6.12,EUR
PM-BLN01-00122,BLN01,MO-BLN01,2026-03-06,Card payment 20,2,4.3,EUR
PM-BLN01-00123,BLN01,MO-BLN01,2026-03-06,Card payment Master Card,1,1.8,EUR
PM-BLN01-00124,BLN01,MO-BLN01,2026-03-08,Card payment 20,1,1.95,EUR
PM-BLN01-00125,BLN01,MO-BLN01,2026-03-08,Card payment VISA,1,4.2,EUR
PM-BLN01-00126,BLN01,MO-BLN01,2026-03-09,Card payment 20,1,3.4,EUR
PM-BLN01-00127,BLN01,MO-BLN01,2026-03-10,Card payment 20,5,13.54,EUR
PM-BLN01-00128,BLN01,MO-BLN01,2026-03-10,Card payment Master Card,2,6.6,EUR
PM-BLN01-00129,BLN01,MO-BLN01,2026-03-11,Card payment 20,3,5.55,EUR
PM-BLN01-00130,BLN01,MO-BLN01,2026-03-11,Card payment Master Card,1,0.08,EUR
PM-BLN01-00131,BLN01,MO-BLN01,2026-03-12,Card payment 20,3,2.6,EUR
PM-BLN01-00132,BLN01,MO-BLN01,2026-03-12,Card payment VISA,1,3.7,EUR
PM-BLN01-00133,BLN01,MO-BLN01,2026-03-13,Card payment 20,2,6.7,EUR
PM-BLN01-00134,BLN01,MO-BLN01,2026-03-15,Card payment 20,1,1.0,EUR
PM-BLN01-00135,BLN01,MO-BLN01,2026-03-16,Card payment American Express,1,0.15,EUR
PM-BLN01-00136,BLN01,MO-BLN01,2026-03-16,Card payment Master Card,1,1.49,EUR
PM-BLN01-00137,BLN01,MO-BLN01,2026-03-17,Card payment 10,1,1.4,EUR
PM-BLN01-00138,BLN01,MO-BLN01,2026-03-17,Card payment 20,3,6.77,EUR
PM-BLN01-00139,BLN01,MO-BLN01,2026-03-18,Card payment 20,7,14.17,EUR
PM-BLN01-00140,BLN01,MO-BLN01,2026-03-18,Card payment Master Card,2,9.15,EUR
PM-BLN01-00141,BLN01,MO-BLN01,2026-03-18,Card payment VISA,1,0.25,EUR
PM-BLN01-00142,BLN01,MO-BLN01,2026-03-19,Card payment,1,1.9,EUR
PM-BLN01-00143,BLN01,MO-BLN01,2026-03-19,Card payment 10,1,10.4,EUR
PM-BLN01-00144,BLN01,MO-BLN01,2026-03-19,Card payment 20,3,7.84,EUR
PM-BLN01-00145,BLN01,MO-BLN01,2026-03-19,Card payment Master Card,3,54.3,EUR
PM-BLN01-00146,BLN01,MO-BLN01,2026-03-19,Card payment VISA,2,5.56,EUR
PM-BLN01-00147,BLN01,MO-BLN01,2026-03-20,Card payment 20,1,2.5,EUR
PM-BLN01-00148,BLN01,MO-BLN01,2026-03-20,Card payment Master Card,1,0.25,EUR
PM-BLN01-00149,BLN01,MO-BLN01,2026-03-20,Card payment VISA,1,2.2,EUR
PM-BLN01-00150,BLN01,MO-BLN01,2026-03-22,Card payment 20,1,1.7,EUR
PM-BLN01-00151,BLN01,MO-BLN01,2026-03-23,Card payment 20,3,3.77,EUR
PM-BLN01-00152,BLN01,MO-BLN01,2026-03-24,Card payment 10,1,0.15,EUR
PM-BLN01-00153,BLN01,MO-BLN01,2026-03-24,Card payment 20,2,4.54,EUR
PM-BLN01-00154,BLN01,MO-BLN01,2026-03-24,Card payment VISA,2,3.9,EUR
PM-BLN01-00155,BLN01,MO-BLN01,2026-03-25,Card payment,1,4.82,EUR
PM-BLN01-00156,BLN01,MO-BLN01,2026-03-25,Card payment 20,7,14.81,EUR
PM-BLN01-00157,BLN01,MO-BLN01,2026-03-25,Card payment Master Card,2,6.04,EUR
PM-BLN01-00158,BLN01,MO-BLN01,2026-03-26,Card payment 20,5,14.7,EUR
PM-BLN01-00159,BLN01,MO-BLN01,2026-03-26,Card payment Master Card,1,1.2,EUR
PM-BLN01-00160,BLN01,MO-BLN01,2026-03-26,Card payment VISA,2,7.98,EUR
PM-BLN01-00161,BLN01,MO-BLN01,2026-03-27,Card payment 10,1,2.4,EUR
PM-BLN01-00162,BLN01,MO-BLN01,2026-03-27,Card payment VISA,1,3.88,EUR
PM-BLN01-00163,BLN01,MO-BLN01,2026-03-28,Card payment 20,1,2.4,EUR
PM-BLN01-00164,BLN01,MO-BLN01,2026-03-29,Card payment 20,1,1.0,EUR
PM-BLN01-00165,BLN01,MO-BLN01,2026-03-31,Card payment 20,1,1.75,EUR
PM-BLN01-00166,BLN01,MO-BLN01,2026-04-01,Card payment,1,2.5,EUR
PM-BLN01-00167,BLN01,MO-BLN01,2026-04-01,Card payment 20,2,2.2,EUR
PM-BLN01-00168,BLN01,MO-BLN01,2026-04-02,Card payment 20,2,8.0,EUR
PM-BLN01-00169,BLN01,MO-BLN01,2026-04-03,Card payment 20,5,9.42,EUR
PM-BLN01-00170,BLN01,MO-BLN01,2026-04-05,Card payment 10,1,2.9,EUR
PM-BLN01-00171,BLN01,MO-BLN01,2026-04-05,Card payment 20,2,2.29,EUR
PM-BLN01-00172,BLN01,MO-BLN01,2026-04-06,Card payment,1,3.9,EUR
PM-BLN01-00173,BLN01,MO-BLN01,2026-04-06,Card payment 10,1,1.4,EUR
PM-BLN01-00174,BLN01,MO-BLN01,2026-04-06,Card payment 20,3,5.22,EUR
PM-BLN01-00175,BLN01,MO-BLN01,2026-04-06,Card payment VISA,3,10.56,EUR
PM-BLN01-00176,BLN01,MO-BLN01,2026-04-07,Card payment 20,3,7.25,EUR
PM-BLN01-00177,BLN01,MO-BLN01,2026-04-07,Card payment Master Card,1,2.5,EUR
PM-BLN01-00178,BLN01,MO-BLN01,2026-04-07,Card payment VISA,2,3.7,EUR
PM-BLN01-00179,BLN01,MO-BLN01,2026-04-08,Card payment 20,1,0.5,EUR
PM-BLN01-00180,BLN01,MO-BLN01,2026-04-08,Card payment VISA,1,0.08,EUR
PM-BLN01-00181,BLN01,MO-BLN01,2026-04-09,Card payment 20,2,3.68,EUR
PM-BLN01-00182,BLN01,MO-BLN01,2026-04-09,Card payment American Express,1,0.25,EUR
PM-BLN01-00183,BLN01,MO-BLN01,2026-04-09,Card payment VISA,1,1.95,EUR
PM-BLN01-00184,BLN01,MO-BLN01,2026-04-10,Card payment 20,2,3.1,EUR
PM-BLN01-00185,BLN01,MO-BLN01,2026-04-10,Card payment Master Card,2,7.35,EUR
PM-BLN01-00186,BLN01,MO-BLN01,2026-04-11,Card payment 20,1,1.7,EUR
PM-BLN01-00187,BLN01,MO-BLN01,2026-04-13,Card payment 20,1,1.78,EUR
PM-BLN01-00188,BLN01,MO-BLN01,2026-04-13,Card payment VISA,1,0.25,EUR
PM-BLN01-00189,BLN01,MO-BLN01,2026-04-14,Card payment,1,1.16,EUR
PM-BLN01-00190,BLN01,MO-BLN01,2026-04-14,Card payment 20,2,6.65,EUR
PM-BLN01-00191,BLN01,MO-BLN01,2026-04-15,Card payment 20,5,11.15,EUR
PM-BLN01-00192,BLN01,MO-BLN01,2026-04-15,Card payment VISA,1,4.35,EUR
PM-BLN01-00193,BLN01,MO-BLN01,2026-04-16,Card payment 10,1,4.65,EUR
PM-BLN01-00194,BLN01,MO-BLN01,2026-04-16,Card payment 20,1,0.15,EUR
PM-BLN01-00195,BLN01,MO-BLN01,2026-04-17,Card payment 20,6,19.96,EUR
PM-BLN01-00196,BLN01,MO-BLN01,2026-04-17,Card payment VISA,1,0.25,EUR
PM-BLN01-00197,BLN01,MO-BLN01,2026-04-19,Card payment 20,1,0.23,EUR
PM-BLN01-00198,BLN01,MO-BLN01,2026-04-20,Card payment 20,3,10.98,EUR
PM-BLN01-00199,BLN01,MO-BLN01,2026-04-20,Card payment American Express,1,2.5,EUR
PM-BLN01-00200,BLN01,MO-BLN01,2026-04-20,Card payment VISA,1,2.5,EUR
PM-BLN01-00201,BLN01,MO-BLN01,2026-04-21,Card payment 20,7,25.57,EUR
PM-BLN01-00202,BLN01,MO-BLN01,2026-04-21,Card payment VISA,1,0.25,EUR
PM-BLN01-00203,BLN01,MO-BLN01,2026-04-22,Card payment 20,6,23.13,EUR
PM-BLN01-00204,BLN01,MO-BLN01,2026-04-23,Card payment 10,1,4.9,EUR
PM-BLN01-00205,BLN01,MO-BLN01,2026-04-23,Card payment 20,1,1.7,EUR
PM-BLN01-00206,BLN01,MO-BLN01,2026-04-23,Card payment Master Card,1,0.25,EUR
PM-BLN01-00207,BLN01,MO-BLN01,2026-04-23,Card payment VISA,2,0.37,EUR
PM-BLN01-00208,BLN01,MO-BLN01,2026-04-24,Card payment 20,3,2.9,EUR
PM-BLN01-00209,BLN01,MO-BLN01,2026-04-24,Card payment VISA,1,2.68,EUR
PM-BLN01-00210,BLN01,MO-BLN01,2026-04-25,Card payment Master Card,1,1.9,EUR
PM-BLN01-00211,BLN01,MO-BLN01,2026-04-26,Card payment 10,1,2.9,EUR
PM-BLN01-00212,BLN01,MO-BLN01,2026-04-26,Card payment 20,1,3.4,EUR
PM-BLN01-00213,BLN01,MO-BLN01,2026-04-26,Card payment Master Card,1,1.0,EUR
PM-BLN01-00214,BLN01,MO-BLN01,2026-04-26,Card payment VISA,1,1.8,EUR
PM-BLN01-00215,BLN01,MO-BLN01,2026-04-27,Card payment 20,1,4.43,EUR
PM-BLN01-00216,BLN01,MO-BLN01,2026-04-27,Card payment VISA,1,1.5,EUR
PM-BLN01-00217,BLN01,MO-BLN01,2026-04-28,Card payment,1,1.58,EUR
PM-BLN01-00218,BLN01,MO-BLN01,2026-04-28,Card payment 10,1,0.25,EUR
PM-BLN01-00219,BLN01,MO-BLN01,2026-04-28,Card payment 20,2,7.2,EUR
PM-BLN01-00220,BLN01,MO-BLN01,2026-04-28,Card payment VISA,1,2.05,EUR
PM-BLN01-00221,BLN01,MO-BLN01,2026-04-29,Card payment 10,1,0.4,EUR
PM-BLN01-00222,BLN01,MO-BLN01,2026-04-29,Card payment 20,5,11.58,EUR
PM-BLN01-00223,BLN01,MO-BLN01,2026-04-29,Card payment VISA,4,26.9,EUR
PM-BLN01-00224,BLN01,MO-BLN01,2026-04-30,Card payment 20,4,8.55,EUR
PM-BLN01-00225,BLN01,MO-BLN01,2026-04-30,Card payment American Express,1,4.6,EUR
PM-BLN01-00226,BLN01,MO-BLN01,2026-04-30,Card payment Master Card,1,0.15,EUR
PM-BLN01-00227,BLN01,MO-BLN01,2026-04-30,Card payment VISA,2,6.08,EUR
PM-BLN01-00228,BLN01,MO-BLN01,2026-05-01,Card payment Master Card,1,2.4,EUR
PM-BLN01-00229,BLN01,MO-BLN01,2026-05-01,Card payment VISA,1,2.15,EUR
PM-BLN01-00230,BLN01,MO-BLN01,2026-05-02,Card payment 20,3,4.4,EUR
PM-BLN01-00231,BLN01,MO-BLN01,2026-05-03,Card payment 20,4,12.4,EUR
PM-BLN01-00232,BLN01,MO-BLN01,2026-05-04,Card payment 20,2,1.88,EUR
PM-BLN01-00233,BLN01,MO-BLN01,2026-05-05,Card payment,1,2.5,EUR
PM-BLN01-00234,BLN01,MO-BLN01,2026-05-05,Card payment 20,4,13.75,EUR
PM-BLN01-00235,BLN01,MO-BLN01,2026-05-05,Card payment Master Card,1,1.9,EUR
PM-BLN01-00236,BLN01,MO-BLN01,2026-05-05,Card payment VISA,3,5.83,EUR
PM-BLN01-00237,BLN01,MO-BLN01,2026-05-06,Card payment 20,6,21.37,EUR
PM-BLN01-00238,BLN01,MO-BLN01,2026-05-06,Card payment VISA,1,0.15,EUR
PM-BLN01-00239,BLN01,MO-BLN01,2026-05-07,Card payment Master Card,1,2.9,EUR
PM-BLN01-00240,BLN01,MO-BLN01,2026-05-08,Card payment 20,3,3.58,EUR
PM-BLN01-00241,BLN01,MO-BLN01,2026-05-08,Card payment VISA,1,3.8,EUR
PM-BLN01-00242,BLN01,MO-BLN01,2026-05-10,Card payment 20,1,2.6,EUR
PM-BLN01-00243,BLN01,MO-BLN01,2026-05-10,Card payment VISA,2,4.45,EUR
PM-BLN01-00244,BLN01,MO-BLN01,2026-05-11,Card payment 10,1,1.2,EUR
PM-BLN01-00245,BLN01,MO-BLN01,2026-05-11,Card payment 20,2,4.2,EUR
PM-BLN01-00246,BLN01,MO-BLN01,2026-05-12,Card payment 10,2,3.8,EUR
PM-BLN01-00247,BLN01,MO-BLN01,2026-05-12,Card payment 20,4,10.2,EUR
PM-BLN01-00248,BLN01,MO-BLN01,2026-05-13,Card payment 20,7,21.81,EUR
PM-BLN01-00249,BLN01,MO-BLN01,2026-05-13,Card payment VISA,1,6.1,EUR
PM-BLN01-00250,BLN01,MO-BLN01,2026-05-14,Card payment 20,4,8.78,EUR
PM-BLN01-00251,BLN01,MO-BLN01,2026-05-14,Card payment VISA,2,12.63,EUR
PM-BLN01-00252,BLN01,MO-BLN01,2026-05-15,Card payment 20,1,2.25,EUR
PM-BLN01-00253,BLN01,MO-BLN01,2026-05-15,Card payment VISA,1,2.79,EUR
PM-BLN01-00254,BLN01,MO-BLN01,2026-05-16,Card payment 20,2,0.9,EUR
PM-BLN01-00255,BLN01,MO-BLN01,2026-05-17,Card payment 20,3,4.68,EUR
PM-BLN01-00256,BLN01,MO-BLN01,2026-05-18,Card payment 10,2,10.2,EUR
PM-BLN01-00257,BLN01,MO-BLN01,2026-05-18,Card payment 20,6,16.16,EUR
PM-BLN01-00258,BLN01,MO-BLN01,2026-05-18,Card payment VISA,1,4.3,EUR
PM-BLN01-00259,BLN01,MO-BLN01,2026-05-19,Card payment 20,3,5.06,EUR
PM-BLN01-00260,BLN01,MO-BLN01,2026-05-20,Card payment,1,1.29,EUR
PM-BLN01-00261,BLN01,MO-BLN01,2026-05-20,Card payment 10,1,0.25,EUR
PM-BLN01-00262,BLN01,MO-BLN01,2026-05-20,Card payment 20,4,6.94,EUR
PM-BLN01-00263,BLN01,MO-BLN01,2026-05-20,Card payment VISA,1,1.9,EUR
PM-BLN01-00264,BLN01,MO-BLN01,2026-05-21,Card payment 10,1,3.8,EUR
PM-BLN01-00265,BLN01,MO-BLN01,2026-05-21,Card payment 20,7,17.79,EUR
PM-BLN01-00266,BLN01,MO-BLN01,2026-05-22,Card payment 10,1,1.95,EUR
PM-BLN01-00267,BLN01,MO-BLN01,2026-05-22,Card payment 20,4,6.74,EUR
PM-BLN01-00268,BLN01,MO-BLN01,2026-05-23,Card payment 20,5,10.15,EUR
PM-BLN01-00269,BLN01,MO-BLN01,2026-05-24,Card payment 20,1,1.95,EUR
PM-BLN01-00270,BLN01,MO-BLN01,2026-05-25,Card payment 20,3,12.02,EUR
PM-BLN01-00271,BLN01,MO-BLN01,2026-05-25,Card payment Master Card,2,12.55,EUR
PM-BLN01-00272,BLN01,MO-BLN01,2026-05-26,Card payment 20,3,10.6,EUR
PM-BLN01-00273,BLN01,MO-BLN01,2026-05-26,Card payment American Express,1,3.6,EUR
PM-BLN01-00274,BLN01,MO-BLN01,2026-05-26,Card payment VISA,1,0.4,EUR
PM-BLN01-00275,BLN01,MO-BLN01,2026-05-27,Card payment 20,1,1.0,EUR
PM-BLN01-00276,BLN01,MO-BLN01,2026-05-28,Card payment 20,4,12.38,EUR
PM-BLN01-00277,BLN01,MO-BLN01,2026-05-28,Card payment Master Card,2,7.6,EUR
PM-BLN01-00278,BLN01,MO-BLN01,2026-05-28,Card payment VISA,1,1.2,EUR
PM-BLN01-00279,BLN01,MO-BLN01,2026-05-29,Card payment 20,1,2.5,EUR
PM-BLN01-00280,BLN01,MO-BLN01,2026-05-29,Card payment Master Card,1,1.7,EUR
PM-BLN01-00281,BLN01,MO-BLN01,2026-05-30,Card payment Master Card,1,1.0,EUR
PM-BLN01-00282,BLN01,MO-BLN01,2026-05-31,Card payment 20,1,4.9,EUR
PM-BLN01-00283,BLN01,MO-BLN01,2026-05-31,Card payment Master Card,1,1.5,EUR
PM-BLN01-00284,BLN01,MO-BLN01,2026-06-01,Card payment 20,1,1.25,EUR
PM-BLN01-00285,BLN01,MO-BLN01,2026-06-01,Card payment VISA,1,1.2,EUR
PM-BLN01-00286,BLN01,MO-BLN01,2026-06-02,Card payment 10,1,5.05,EUR
PM-BLN01-00287,BLN01,MO-BLN01,2026-06-02,Card payment 20,2,7.23,EUR
PM-BLN01-00288,BLN01,MO-BLN01,2026-06-02,Card payment Master Card,1,1.7,EUR
PM-BLN01-00289,BLN01,MO-BLN01,2026-06-02,Card payment VISA,1,0.25,EUR
PM-BLN01-00290,BLN01,MO-BLN01,2026-06-03,Card payment 20,1,2.5,EUR
PM-BLN01-00291,BLN01,MO-BLN01,2026-06-03,Card payment Master Card,1,1.5,EUR
PM-BLN01-00292,BLN01,MO-BLN01,2026-06-03,Card payment VISA,3,9.33,EUR
PM-BLN01-00293,BLN01,MO-BLN01,2026-06-04,Card payment Master Card,1,0.79,EUR
PM-BLN01-00294,BLN01,MO-BLN01,2026-06-04,Card payment VISA,1,1.56,EUR
PM-BLN01-00295,BLN01,MO-BLN01,2026-06-05,Card payment 20,5,14.79,EUR
PM-BLN01-00296,BLN01,MO-BLN01,2026-06-06,Card payment VISA,1,1.0,EUR
PM-BLN01-00297,BLN01,MO-BLN01,2026-06-07,Card payment 20,1,3.38,EUR
PM-BLN01-00298,BLN01,MO-BLN01,2026-06-08,Card payment 20,2,2.58,EUR
PM-BLN01-00299,BLN01,MO-BLN01,2026-06-09,Card payment 20,5,16.52,EUR
PM-BLN01-00300,BLN01,MO-BLN01,2026-06-09,Card payment VISA,1,1.45,EUR
PM-BLN01-00301,BLN01,MO-BLN01,2026-06-10,Card payment 20,5,12.96,EUR
PM-BLN01-00302,BLN01,MO-BLN01,2026-06-10,Card payment Master Card,1,2.03,EUR
PM-BLN01-00303,BLN01,MO-BLN01,2026-06-10,Card payment VISA,2,21.15,EUR
PM-BLN01-00304,BLN01,MO-BLN01,2026-06-11,Card payment 20,5,6.85,EUR
PM-BLN01-00305,BLN01,MO-BLN01,2026-06-12,Card payment 20,3,5.77,EUR
PM-BLN01-00306,BLN01,MO-BLN01,2026-06-12,Card payment Master Card,1,1.7,EUR
PM-BLN01-00307,BLN01,MO-BLN01,2026-06-12,Card payment VISA,1,3.84,EUR
PM-BLN01-00308,BLN01,MO-BLN01,2026-06-13,Card payment 20,1,4.0,EUR
PM-BLN01-00309,BLN01,MO-BLN01,2026-06-14,Card payment 20,4,9.87,EUR
PM-BLN01-00310,BLN01,MO-BLN01,2026-06-15,Card payment,1,1.7,EUR
PM-BLN01-00311,BLN01,MO-BLN01,2026-06-15,Card payment 10,1,1.5,EUR
PM-BLN01-00312,BLN01,MO-BLN01,2026-06-15,Card payment 20,3,5.45,EUR
PM-BLN01-00313,BLN01,MO-BLN01,2026-06-16,Card payment 10,1,2.17,EUR
PM-BLN01-00314,BLN01,MO-BLN01,2026-06-16,Card payment 20,7,17.27,EUR
PM-BLN01-00315,BLN01,MO-BLN01,2026-06-16,Card payment Master Card,1,2.58,EUR
PM-BLN01-00316,BLN01,MO-BLN01,2026-06-17,Card payment 20,4,13.4,EUR
PM-BLN01-00317,BLN01,MO-BLN01,2026-06-17,Card payment American Express,1,2.5,EUR
PM-BLN01-00318,BLN01,MO-BLN01,2026-06-17,Card payment Master Card,1,0.08,EUR
PM-BLN01-00319,BLN01,MO-BLN01,2026-06-17,Card payment VISA,2,2.65,EUR
PM-BLN01-00320,BLN01,MO-BLN01,2026-06-18,Card payment 20,3,9.2,EUR
PM-BLN01-00321,BLN01,MO-BLN01,2026-06-18,Card payment VISA,2,10.45,EUR
PM-BLN01-00322,BLN01,MO-BLN01,2026-06-19,Card payment 20,2,4.13,EUR
PM-BLN01-00323,BLN01,MO-BLN01,2026-06-19,Card payment Master Card,1,3.2,EUR
PM-BLN01-00324,BLN01,MO-BLN01,2026-06-20,Card payment VISA,1,0.3,EUR
PM-BLN01-00325,BLN01,MO-BLN01,2026-06-21,Card payment 20,1,2.65,EUR
PM-BLN01-00326,BLN01,MO-BLN01,2026-06-22,Card payment 20,4,9.35,EUR
PM-BLN01-00327,BLN01,MO-BLN01,2026-06-23,Card payment 10,1,1.7,EUR
PM-BLN01-00328,BLN01,MO-BLN01,2026-06-23,Card payment 20,7,24.54,EUR
PM-BLN01-00329,BLN01,MO-BLN01,2026-06-23,Card payment VISA,1,0.25,EUR
PM-BLN01-00330,BLN01,MO-BLN01,2026-06-24,Card payment 20,2,3.2,EUR
PM-BLN01-00331,BLN01,MO-BLN01,2026-06-24,Card payment VISA,2,6.4,EUR
PM-BLN01-00332,BLN01,MO-BLN01,2026-06-25,Card payment 20,3,8.71,EUR
PM-BLN01-00333,BLN01,MO-BLN01,2026-06-25,Card payment Master Card,1,1.9,EUR
PM-BLN01-00334,BLN01,MO-BLN01,2026-06-26,Card payment VISA,3,0.9,EUR
PM-BLN01-00335,BLN01,MO-BLN01,2026-06-28,Card payment 20,1,2.05,EUR
PM-BLN01-00336,BLN01,MO-BLN01,2026-06-28,Card payment VISA,1,0.15,EUR
PM-BLN01-00337,BLN01,MO-BLN01,2026-06-29,Card payment 10,1,45.57,EUR
PM-BLN01-00338,BLN01,MO-BLN01,2026-06-29,Card payment 20,2,8.3,EUR
PM-BLN01-00339,BLN01,MO-BLN01,2026-06-29,Card payment American Express,1,4.83,EUR
PM-BLN01-00340,BLN01,MO-BLN01,2026-06-30,Card payment 10,2,1.78,EUR
PM-BLN01-00341,BLN01,MO-BLN01,2026-06-30,Card payment 20,6,15.21,EUR
PM-BLN01-00342,BLN01,MO-BLN01,2026-06-30,Card payment VISA,1,0.5,EUR
PM-BLN01-00343,BLN01,MO-BLN01,2026-07-01,Card payment 20,4,12.2,EUR
PM-BLN01-00344,BLN01,MO-BLN01,2026-07-01,Card payment Master Card,1,1.4,EUR
PM-BLN01-00345,BLN01,MO-BLN01,2026-07-01,Card payment VISA,1,2.05,EUR
PM-BLN01-00346,BLN01,MO-BLN01,2026-07-02,Card payment 20,2,0.75,EUR
PM-BLN01-00347,BLN01,MO-BLN01,2026-07-02,Card payment VISA,1,3.1,EUR
PM-BLN01-00348,BLN01,MO-BLN01,2026-07-03,Card payment 20,2,2.48,EUR
PM-BLN01-00349,BLN01,SM-BLN01,2026-01-01,Card payment,1,1.9,EUR
PM-BLN01-00350,BLN01,SM-BLN01,2026-01-01,Card payment 10,1,2.5,EUR
PM-BLN01-00351,BLN01,SM-BLN01,2026-01-01,Card payment 20,22,54.91,EUR
PM-BLN01-00352,BLN01,SM-BLN01,2026-01-01,Card payment Master Card,2,3.15,EUR
PM-BLN01-00353,BLN01,SM-BLN01,2026-01-01,Card payment VISA,1,4.35,EUR
PM-BLN01-00354,BLN01,SM-BLN01,2026-01-02,Card payment 10,3,4.35,EUR
PM-BLN01-00355,BLN01,SM-BLN01,2026-01-02,Card payment 20,10,22.63,EUR
PM-BLN01-00356,BLN01,SM-BLN01,2026-01-02,Card payment Master Card,3,10.0,EUR
PM-BLN01-00357,BLN01,SM-BLN01,2026-01-02,Card payment VISA,2,5.66,EUR
PM-BLN01-00358,BLN01,SM-BLN01,2026-01-03,Card payment 20,4,6.4,EUR
PM-BLN01-00359,BLN01,SM-BLN01,2026-01-03,Card payment VISA,1,1.6,EUR
PM-BLN01-00360,BLN01,SM-BLN01,2026-01-04,Card payment,1,0.08,EUR
PM-BLN01-00361,BLN01,SM-BLN01,2026-01-04,Card payment 10,1,0.5,EUR
PM-BLN01-00362,BLN01,SM-BLN01,2026-01-04,Card payment 20,9,12.91,EUR
PM-BLN01-00363,BLN01,SM-BLN01,2026-01-04,Card payment VISA,1,2.7,EUR
PM-BLN01-00364,BLN01,SM-BLN01,2026-01-05,Card payment 20,20,51.0,EUR
PM-BLN01-00365,BLN01,SM-BLN01,2026-01-05,Card payment Master Card,5,7.0,EUR
PM-BLN01-00366,BLN01,SM-BLN01,2026-01-05,Card payment VISA,5,14.48,EUR
PM-BLN01-00367,BLN01,SM-BLN01,2026-01-06,Card payment,1,6.2,EUR
PM-BLN01-00368,BLN01,SM-BLN01,2026-01-06,Card payment 20,14,32.31,EUR
PM-BLN01-00369,BLN01,SM-BLN01,2026-01-06,Card payment American Express,1,1.2,EUR
PM-BLN01-00370,BLN01,SM-BLN01,2026-01-06,Card payment Master Card,3,10.41,EUR
PM-BLN01-00371,BLN01,SM-BLN01,2026-01-06,Card payment VISA,3,7.38,EUR
PM-BLN01-00372,BLN01,SM-BLN01,2026-01-07,Card payment 10,4,9.86,EUR
PM-BLN01-00373,BLN01,SM-BLN01,2026-01-07,Card payment 20,24,60.21,EUR
PM-BLN01-00374,BLN01,SM-BLN01,2026-01-07,Card payment Master Card,4,12.1,EUR
PM-BLN01-00375,BLN01,SM-BLN01,2026-01-07,Card payment VISA,8,26.08,EUR
PM-BLN01-00376,BLN01,SM-BLN01,2026-01-08,Card payment 10,3,5.5,EUR
PM-BLN01-00377,BLN01,SM-BLN01,2026-01-08,Card payment 20,21,56.8,EUR
PM-BLN01-00378,BLN01,SM-BLN01,2026-01-08,Card payment Master Card,1,2.14,EUR
PM-BLN01-00379,BLN01,SM-BLN01,2026-01-08,Card payment VISA,4,8.36,EUR
PM-BLN01-00380,BLN01,SM-BLN01,2026-01-09,Card payment 10,1,2.9,EUR
PM-BLN01-00381,BLN01,SM-BLN01,2026-01-09,Card payment 20,18,75.48,EUR
PM-BLN01-00382,BLN01,SM-BLN01,2026-01-09,Card payment Master Card,2,1.28,EUR
PM-BLN01-00383,BLN01,SM-BLN01,2026-01-09,Card payment VISA,6,18.13,EUR
PM-BLN01-00384,BLN01,SM-BLN01,2026-01-10,Card payment,1,2.5,EUR
PM-BLN01-00385,BLN01,SM-BLN01,2026-01-10,Card payment 20,3,4.33,EUR
PM-BLN01-00386,BLN01,SM-BLN01,2026-01-10,Card payment VISA,1,0.25,EUR
PM-BLN01-00387,BLN01,SM-BLN01,2026-01-11,Card payment 20,5,12.15,EUR
PM-BLN01-00388,BLN01,SM-BLN01,2026-01-11,Card payment American Express,1,0.08,EUR
PM-BLN01-00389,BLN01,SM-BLN01,2026-01-11,Card payment Master Card,2,0.8,EUR
PM-BLN01-00390,BLN01,SM-BLN01,2026-01-11,Card payment VISA,3,3.73,EUR
PM-BLN01-00391,BLN01,SM-BLN01,2026-01-12,Card payment,1,1.8,EUR
PM-BLN01-00392,BLN01,SM-BLN01,2026-01-12,Card payment 10,1,3.7,EUR
PM-BLN01-00393,BLN01,SM-BLN01,2026-01-12,Card payment 20,17,49.83,EUR
PM-BLN01-00394,BLN01,SM-BLN01,2026-01-12,Card payment American Express,1,2.0,EUR
PM-BLN01-00395,BLN01,SM-BLN01,2026-01-12,Card payment Master Card,4,5.06,EUR
PM-BLN01-00396,BLN01,SM-BLN01,2026-01-12,Card payment VISA,6,20.86,EUR
PM-BLN01-00397,BLN01,SM-BLN01,2026-01-13,Card payment 10,1,2.9,EUR
PM-BLN01-00398,BLN01,SM-BLN01,2026-01-13,Card payment 20,20,69.76,EUR
PM-BLN01-00399,BLN01,SM-BLN01,2026-01-13,Card payment American Express,1,3.4,EUR
PM-BLN01-00400,BLN01,SM-BLN01,2026-01-13,Card payment Master Card,1,2.5,EUR
PM-BLN01-00401,BLN01,SM-BLN01,2026-01-13,Card payment VISA,4,7.2,EUR
PM-BLN01-00402,BLN01,SM-BLN01,2026-01-14,Card payment,1,2.25,EUR
PM-BLN01-00403,BLN01,SM-BLN01,2026-01-14,Card payment 10,5,9.21,EUR
PM-BLN01-00404,BLN01,SM-BLN01,2026-01-14,Card payment 20,22,58.52,EUR
PM-BLN01-00405,BLN01,SM-BLN01,2026-01-14,Card payment Master Card,2,5.2,EUR
PM-BLN01-00406,BLN01,SM-BLN01,2026-01-14,Card payment VISA,4,7.13,EUR
PM-BLN01-00407,BLN01,SM-BLN01,2026-01-15,Card payment 20,22,62.73,EUR
PM-BLN01-00408,BLN01,SM-BLN01,2026-01-15,Card payment Master Card,5,17.17,EUR
PM-BLN01-00409,BLN01,SM-BLN01,2026-01-15,Card payment VISA,2,2.5,EUR
PM-BLN01-00410,BLN01,SM-BLN01,2026-01-16,Card payment 10,4,11.35,EUR
PM-BLN01-00411,BLN01,SM-BLN01,2026-01-16,Card payment 20,8,11.94,EUR
PM-BLN01-00412,BLN01,SM-BLN01,2026-01-16,Card payment Master Card,1,0.21,EUR
PM-BLN01-00413,BLN01,SM-BLN01,2026-01-16,Card payment VISA,1,0.15,EUR
PM-BLN01-00414,BLN01,SM-BLN01,2026-01-17,Card payment 20,1,1.7,EUR
PM-BLN01-00415,BLN01,SM-BLN01,2026-01-17,Card payment Master Card,3,7.11,EUR
PM-BLN01-00416,BLN01,SM-BLN01,2026-01-17,Card payment VISA,1,0.25,EUR
PM-BLN01-00417,BLN01,SM-BLN01,2026-01-18,Card payment,1,1.7,EUR
PM-BLN01-00418,BLN01,SM-BLN01,2026-01-18,Card payment 20,4,3.1,EUR
PM-BLN01-00419,BLN01,SM-BLN01,2026-01-18,Card payment VISA,5,9.5,EUR
PM-BLN01-00420,BLN01,SM-BLN01,2026-01-19,Card payment,1,4.65,EUR
PM-BLN01-00421,BLN01,SM-BLN01,2026-01-19,Card payment 10,2,6.35,EUR
PM-BLN01-00422,BLN01,SM-BLN01,2026-01-19,Card payment 20,15,31.68,EUR
PM-BLN01-00423,BLN01,SM-BLN01,2026-01-19,Card payment Master Card,1,2.38,EUR
PM-BLN01-00424,BLN01,SM-BLN01,2026-01-19,Card payment VISA,4,2.64,EUR
PM-BLN01-00425,BLN01,SM-BLN01,2026-01-20,Card payment,1,5.95,EUR
PM-BLN01-00426,BLN01,SM-BLN01,2026-01-20,Card payment 20,21,52.1,EUR
PM-BLN01-00427,BLN01,SM-BLN01,2026-01-20,Card payment Master Card,3,12.95,EUR
PM-BLN01-00428,BLN01,SM-BLN01,2026-01-20,Card payment VISA,6,26.51,EUR
PM-BLN01-00429,BLN01,SM-BLN01,2026-01-21,Card payment 10,1,3.2,EUR
PM-BLN01-00430,BLN01,SM-BLN01,2026-01-21,Card payment 20,16,39.67,EUR
PM-BLN01-00431,BLN01,SM-BLN01,2026-01-21,Card payment Master Card,6,8.09,EUR
PM-BLN01-00432,BLN01,SM-BLN01,2026-01-21,Card payment VISA,7,15.21,EUR
PM-BLN01-00433,BLN01,SM-BLN01,2026-01-22,Card payment,1,0.21,EUR
PM-BLN01-00434,BLN01,SM-BLN01,2026-01-22,Card payment 10,2,0.65,EUR
PM-BLN01-00435,BLN01,SM-BLN01,2026-01-22,Card payment 20,17,64.65,EUR
PM-BLN01-00436,BLN01,SM-BLN01,2026-01-22,Card payment Master Card,3,5.68,EUR
PM-BLN01-00437,BLN01,SM-BLN01,2026-01-22,Card payment VISA,1,3.2,EUR
PM-BLN01-00438,BLN01,SM-BLN01,2026-01-23,Card payment,1,2.2,EUR
PM-BLN01-00439,BLN01,SM-BLN01,2026-01-23,Card payment 10,2,2.7,EUR
PM-BLN01-00440,BLN01,SM-BLN01,2026-01-23,Card payment 20,15,35.22,EUR
PM-BLN01-00441,BLN01,SM-BLN01,2026-01-23,Card payment VISA,1,5.33,EUR
PM-BLN01-00442,BLN01,SM-BLN01,2026-01-24,Card payment 10,1,2.95,EUR
PM-BLN01-00443,BLN01,SM-BLN01,2026-01-24,Card payment 20,4,2.8,EUR
PM-BLN01-00444,BLN01,SM-BLN01,2026-01-24,Card payment Master Card,2,6.39,EUR
PM-BLN01-00445,BLN01,SM-BLN01,2026-01-24,Card payment VISA,1,2.0,EUR
PM-BLN01-00446,BLN01,SM-BLN01,2026-01-25,Card payment,1,2.2,EUR
PM-BLN01-00447,BLN01,SM-BLN01,2026-01-25,Card payment 10,1,2.0,EUR
PM-BLN01-00448,BLN01,SM-BLN01,2026-01-25,Card payment 20,8,16.62,EUR
PM-BLN01-00449,BLN01,SM-BLN01,2026-01-25,Card payment VISA,2,4.7,EUR
PM-BLN01-00450,BLN01,SM-BLN01,2026-01-26,Card payment,1,1.7,EUR
PM-BLN01-00451,BLN01,SM-BLN01,2026-01-26,Card payment 10,1,16.01,EUR
PM-BLN01-00452,BLN01,SM-BLN01,2026-01-26,Card payment 20,13,26.63,EUR
PM-BLN01-00453,BLN01,SM-BLN01,2026-01-26,Card payment Master Card,3,2.45,EUR
PM-BLN01-00454,BLN01,SM-BLN01,2026-01-26,Card payment VISA,5,16.34,EUR
PM-BLN01-00455,BLN01,SM-BLN01,2026-01-27,Card payment,1,2.2,EUR
PM-BLN01-00456,BLN01,SM-BLN01,2026-01-27,Card payment 10,1,2.7,EUR
PM-BLN01-00457,BLN01,SM-BLN01,2026-01-27,Card payment 20,21,55.56,EUR
PM-BLN01-00458,BLN01,SM-BLN01,2026-01-27,Card payment Master Card,2,3.65,EUR
PM-BLN01-00459,BLN01,SM-BLN01,2026-01-27,Card payment VISA,3,6.9,EUR
PM-BLN01-00460,BLN01,SM-BLN01,2026-01-28,Card payment,3,6.25,EUR
PM-BLN01-00461,BLN01,SM-BLN01,2026-01-28,Card payment 20,24,63.68,EUR
PM-BLN01-00462,BLN01,SM-BLN01,2026-01-28,Card payment American Express,1,2.5,EUR
PM-BLN01-00463,BLN01,SM-BLN01,2026-01-28,Card payment VISA,4,6.35,EUR
PM-BLN01-00464,BLN01,SM-BLN01,2026-01-29,Card payment 10,1,14.1,EUR
PM-BLN01-00465,BLN01,SM-BLN01,2026-01-29,Card payment 20,15,43.99,EUR
PM-BLN01-00466,BLN01,SM-BLN01,2026-01-29,Card payment VISA,4,15.98,EUR
PM-BLN01-00467,BLN01,SM-BLN01,2026-01-30,Card payment 20,10,28.41,EUR
PM-BLN01-00468,BLN01,SM-BLN01,2026-01-30,Card payment Master Card,1,1.95,EUR
PM-BLN01-00469,BLN01,SM-BLN01,2026-01-30,Card payment VISA,3,3.51,EUR
PM-BLN01-00470,BLN01,SM-BLN01,2026-01-31,Card payment 10,1,0.25,EUR
PM-BLN01-00471,BLN01,SM-BLN01,2026-01-31,Card payment 20,1,0.3,EUR
PM-BLN01-00472,BLN01,SM-BLN01,2026-01-31,Card payment VISA,4,4.78,EUR
PM-BLN01-00473,BLN01,SM-BLN01,2026-02-01,Card payment 20,7,17.71,EUR
PM-BLN01-00474,BLN01,SM-BLN01,2026-02-01,Card payment Master Card,1,1.6,EUR
PM-BLN01-00475,BLN01,SM-BLN01,2026-02-01,Card payment VISA,1,4.95,EUR
PM-BLN01-00476,BLN01,SM-BLN01,2026-02-02,Card payment 20,16,41.38,EUR
PM-BLN01-00477,BLN01,SM-BLN01,2026-02-02,Card payment Master Card,2,9.4,EUR
PM-BLN01-00478,BLN01,SM-BLN01,2026-02-02,Card payment VISA,3,9.3,EUR
PM-BLN01-00479,BLN01,SM-BLN01,2026-02-03,Card payment 10,1,3.8,EUR
PM-BLN01-00480,BLN01,SM-BLN01,2026-02-03,Card payment 20,27,97.99,EUR
PM-BLN01-00481,BLN01,SM-BLN01,2026-02-03,Card payment Master Card,2,6.55,EUR
PM-BLN01-00482,BLN01,SM-BLN01,2026-02-03,Card payment VISA,8,24.18,EUR
PM-BLN01-00483,BLN01,SM-BLN01,2026-02-04,Card payment 10,2,2.7,EUR
PM-BLN01-00484,BLN01,SM-BLN01,2026-02-04,Card payment 20,22,64.95,EUR
PM-BLN01-00485,BLN01,SM-BLN01,2026-02-04,Card payment Master Card,2,8.8,EUR
PM-BLN01-00486,BLN01,SM-BLN01,2026-02-04,Card payment VISA,6,11.31,EUR
PM-BLN01-00487,BLN01,SM-BLN01,2026-02-05,Card payment 10,1,6.65,EUR
PM-BLN01-00488,BLN01,SM-BLN01,2026-02-05,Card payment 20,21,46.68,EUR
PM-BLN01-00489,BLN01,SM-BLN01,2026-02-05,Card payment Master Card,2,2.03,EUR
PM-BLN01-00490,BLN01,SM-BLN01,2026-02-05,Card payment VISA,5,14.75,EUR
PM-BLN01-00491,BLN01,SM-BLN01,2026-02-06,Card payment 10,1,4.2,EUR
PM-BLN01-00492,BLN01,SM-BLN01,2026-02-06,Card payment 20,12,34.33,EUR
PM-BLN01-00493,BLN01,SM-BLN01,2026-02-06,Card payment VISA,3,2.03,EUR
PM-BLN01-00494,BLN01,SM-BLN01,2026-02-07,Card payment 20,3,2.23,EUR
PM-BLN01-00495,BLN01,SM-BLN01,2026-02-07,Card payment Master Card,2,2.62,EUR
PM-BLN01-00496,BLN01,SM-BLN01,2026-02-08,Card payment 10,2,3.9,EUR
PM-BLN01-00497,BLN01,SM-BLN01,2026-02-08,Card payment 20,7,18.89,EUR
PM-BLN01-00498,BLN01,SM-BLN01,2026-02-08,Card payment Master Card,2,4.55,EUR
PM-BLN01-00499,BLN01,SM-BLN01,2026-02-08,Card payment VISA,4,9.85,EUR
PM-BLN01-00500,BLN01,SM-BLN01,2026-02-09,Card payment,1,4.7,EUR
PM-BLN01-00501,BLN01,SM-BLN01,2026-02-09,Card payment 10,2,1.89,EUR
PM-BLN01-00502,BLN01,SM-BLN01,2026-02-09,Card payment 20,19,46.01,EUR
PM-BLN01-00503,BLN01,SM-BLN01,2026-02-09,Card payment Master Card,2,6.58,EUR
PM-BLN01-00504,BLN01,SM-BLN01,2026-02-09,Card payment VISA,4,17.34,EUR
PM-BLN01-00505,BLN01,SM-BLN01,2026-02-10,Card payment 10,3,20.95,EUR
PM-BLN01-00506,BLN01,SM-BLN01,2026-02-10,Card payment 20,29,65.04,EUR
PM-BLN01-00507,BLN01,SM-BLN01,2026-02-10,Card payment American Express,1,2.98,EUR
PM-BLN01-00508,BLN01,SM-BLN01,2026-02-10,Card payment Master Card,1,6.23,EUR
PM-BLN01-00509,BLN01,SM-BLN01,2026-02-10,Card payment VISA,4,7.33,EUR
PM-BLN01-00510,BLN01,SM-BLN01,2026-02-11,Card payment 10,1,0.25,EUR
PM-BLN01-00511,BLN01,SM-BLN01,2026-02-11,Card payment 20,27,70.17,EUR
PM-BLN01-00512,BLN01,SM-BLN01,2026-02-11,Card payment Master Card,1,5.65,EUR
PM-BLN01-00513,BLN01,SM-BLN01,2026-02-11,Card payment VISA,5,11.1,EUR
PM-BLN01-00514,BLN01,SM-BLN01,2026-02-12,Card payment,1,4.2,EUR
PM-BLN01-00515,BLN01,SM-BLN01,2026-02-12,Card payment 10,2,3.2,EUR
PM-BLN01-00516,BLN01,SM-BLN01,2026-02-12,Card payment 20,11,27.12,EUR
PM-BLN01-00517,BLN01,SM-BLN01,2026-02-12,Card payment American Express,2,4.75,EUR
PM-BLN01-00518,BLN01,SM-BLN01,2026-02-12,Card payment Master Card,1,2.2,EUR
PM-BLN01-00519,BLN01,SM-BLN01,2026-02-12,Card payment VISA,4,9.91,EUR
PM-BLN01-00520,BLN01,SM-BLN01,2026-02-13,Card payment 10,1,3.9,EUR
PM-BLN01-00521,BLN01,SM-BLN01,2026-02-13,Card payment 20,8,18.29,EUR
PM-BLN01-00522,BLN01,SM-BLN01,2026-02-13,Card payment Master Card,2,7.25,EUR
PM-BLN01-00523,BLN01,SM-BLN01,2026-02-13,Card payment VISA,2,4.05,EUR
PM-BLN01-00524,BLN01,SM-BLN01,2026-02-14,Card payment 10,1,1.2,EUR
PM-BLN01-00525,BLN01,SM-BLN01,2026-02-14,Card payment 20,2,3.71,EUR
PM-BLN01-00526,BLN01,SM-BLN01,2026-02-15,Card payment 10,1,1.7,EUR
PM-BLN01-00527,BLN01,SM-BLN01,2026-02-15,Card payment 20,11,40.0,EUR
PM-BLN01-00528,BLN01,SM-BLN01,2026-02-15,Card payment Master Card,2,4.53,EUR
PM-BLN01-00529,BLN01,SM-BLN01,2026-02-15,Card payment VISA,2,1.65,EUR
PM-BLN01-00530,BLN01,SM-BLN01,2026-02-16,Card payment,1,4.65,EUR
PM-BLN01-00531,BLN01,SM-BLN01,2026-02-16,Card payment 10,1,0.25,EUR
PM-BLN01-00532,BLN01,SM-BLN01,2026-02-16,Card payment 20,16,37.94,EUR
PM-BLN01-00533,BLN01,SM-BLN01,2026-02-16,Card payment VISA,5,13.12,EUR
PM-BLN01-00534,BLN01,SM-BLN01,2026-02-17,Card payment,2,6.95,EUR
PM-BLN01-00535,BLN01,SM-BLN01,2026-02-17,Card payment 10,1,1.8,EUR
PM-BLN01-00536,BLN01,SM-BLN01,2026-02-17,Card payment 20,18,46.35,EUR
PM-BLN01-00537,BLN01,SM-BLN01,2026-02-17,Card payment Master Card,2,2.75,EUR
PM-BLN01-00538,BLN01,SM-BLN01,2026-02-17,Card payment VISA,3,15.31,EUR
PM-BLN01-00539,BLN01,SM-BLN01,2026-02-18,Card payment 10,2,3.85,EUR
PM-BLN01-00540,BLN01,SM-BLN01,2026-02-18,Card payment 20,16,77.0,EUR
PM-BLN01-00541,BLN01,SM-BLN01,2026-02-18,Card payment Master Card,2,4.38,EUR
PM-BLN01-00542,BLN01,SM-BLN01,2026-02-18,Card payment VISA,3,5.98,EUR
PM-BLN01-00543,BLN01,SM-BLN01,2026-02-19,Card payment,1,0.08,EUR
PM-BLN01-00544,BLN01,SM-BLN01,2026-02-19,Card payment 10,1,1.7,EUR
PM-BLN01-00545,BLN01,SM-BLN01,2026-02-19,Card payment 20,25,63.44,EUR
PM-BLN01-00546,BLN01,SM-BLN01,2026-02-19,Card payment Master Card,2,8.05,EUR
PM-BLN01-00547,BLN01,SM-BLN01,2026-02-19,Card payment VISA,4,17.4,EUR
PM-BLN01-00548,BLN01,SM-BLN01,2026-02-20,Card payment 10,4,5.99,EUR
PM-BLN01-00549,BLN01,SM-BLN01,2026-02-20,Card payment 20,14,42.13,EUR
PM-BLN01-00550,BLN01,SM-BLN01,2026-02-20,Card payment VISA,3,6.88,EUR
PM-BLN01-00551,BLN01,SM-BLN01,2026-02-21,Card payment 20,4,3.2,EUR
PM-BLN01-00552,BLN01,SM-BLN01,2026-02-22,Card payment 20,11,16.62,EUR
PM-BLN01-00553,BLN01,SM-BLN01,2026-02-22,Card payment Master Card,2,3.65,EUR
PM-BLN01-00554,BLN01,SM-BLN01,2026-02-22,Card payment VISA,1,1.0,EUR
PM-BLN01-00555,BLN01,SM-BLN01,2026-02-23,Card payment,1,1.2,EUR
PM-BLN01-00556,BLN01,SM-BLN01,2026-02-23,Card payment 10,3,2.25,EUR
PM-BLN01-00557,BLN01,SM-BLN01,2026-02-23,Card payment 20,18,40.62,EUR
PM-BLN01-00558,BLN01,SM-BLN01,2026-02-23,Card payment Master Card,1,1.5,EUR
PM-BLN01-00559,BLN01,SM-BLN01,2026-02-23,Card payment VISA,8,33.32,EUR
PM-BLN01-00560,BLN01,SM-BLN01,2026-02-24,Card payment,2,3.15,EUR
PM-BLN01-00561,BLN01,SM-BLN01,2026-02-24,Card payment 10,2,5.23,EUR
PM-BLN01-00562,BLN01,SM-BLN01,2026-02-24,Card payment 20,22,56.8,EUR
PM-BLN01-00563,BLN01,SM-BLN01,2026-02-24,Card payment Master Card,1,0.15,EUR
PM-BLN01-00564,BLN01,SM-BLN01,2026-02-24,Card payment VISA,9,64.31,EUR
PM-BLN01-00565,BLN01,SM-BLN01,2026-02-25,Card payment 10,1,5.9,EUR
PM-BLN01-00566,BLN01,SM-BLN01,2026-02-25,Card payment 20,16,41.29,EUR
PM-BLN01-00567,BLN01,SM-BLN01,2026-02-25,Card payment American Express,1,3.45,EUR
PM-BLN01-00568,BLN01,SM-BLN01,2026-02-25,Card payment VISA,4,12.74,EUR
PM-BLN01-00569,BLN01,SM-BLN01,2026-02-26,Card payment,1,2.6,EUR
PM-BLN01-00570,BLN01,SM-BLN01,2026-02-26,Card payment 10,1,8.01,EUR
PM-BLN01-00571,BLN01,SM-BLN01,2026-02-26,Card payment 20,14,28.39,EUR
PM-BLN01-00572,BLN01,SM-BLN01,2026-02-26,Card payment Master Card,5,17.05,EUR
PM-BLN01-00573,BLN01,SM-BLN01,2026-02-27,Card payment 10,2,4.62,EUR
PM-BLN01-00574,BLN01,SM-BLN01,2026-02-27,Card payment 20,7,21.84,EUR
PM-BLN01-00575,BLN01,SM-BLN01,2026-02-27,Card payment Master Card,2,3.24,EUR
PM-BLN01-00576,BLN01,SM-BLN01,2026-02-27,Card payment VISA,1,0.12,EUR
PM-BLN01-00577,BLN01,SM-BLN01,2026-02-28,Card payment 20,4,1.76,EUR
PM-BLN01-00578,BLN01,SM-BLN01,2026-02-28,Card payment American Express,1,1.2,EUR
PM-BLN01-00579,BLN01,SM-BLN01,2026-02-28,Card payment Master Card,2,2.16,EUR
PM-BLN01-00580,BLN01,SM-BLN01,2026-03-01,Card payment 20,11,27.98,EUR
PM-BLN01-00581,BLN01,SM-BLN01,2026-03-01,Card payment Master Card,1,2.09,EUR
PM-BLN01-00582,BLN01,SM-BLN01,2026-03-01,Card payment VISA,2,2.9,EUR
PM-BLN01-00583,BLN01,SM-BLN01,2026-03-02,Card payment,1,2.09,EUR
PM-BLN01-00584,BLN01,SM-BLN01,2026-03-02,Card payment 10,2,5.39,EUR
PM-BLN01-00585,BLN01,SM-BLN01,2026-03-02,Card payment 20,13,28.57,EUR
PM-BLN01-00586,BLN01,SM-BLN01,2026-03-02,Card payment VISA,7,20.03,EUR
PM-BLN01-00587,BLN01,SM-BLN01,2026-03-03,Card payment 10,1,3.97,EUR
PM-BLN01-00588,BLN01,SM-BLN01,2026-03-03,Card payment 20,26,97.67,EUR
PM-BLN01-00589,BLN01,SM-BLN01,2026-03-03,Card payment Master Card,4,8.25,EUR
PM-BLN01-00590,BLN01,SM-BLN01,2026-03-03,Card payment VISA,9,16.75,EUR
PM-BLN01-00591,BLN01,SM-BLN01,2026-03-04,Card payment 10,1,1.7,EUR
PM-BLN01-00592,BLN01,SM-BLN01,2026-03-04,Card payment 20,20,58.82,EUR
PM-BLN01-00593,BLN01,SM-BLN01,2026-03-04,Card payment Master Card,2,5.0,EUR
PM-BLN01-00594,BLN01,SM-BLN01,2026-03-04,Card payment VISA,5,12.41,EUR
PM-BLN01-00595,BLN01,SM-BLN01,2026-03-05,Card payment 10,4,3.95,EUR
PM-BLN01-00596,BLN01,SM-BLN01,2026-03-05,Card payment 20,28,75.46,EUR
PM-BLN01-00597,BLN01,SM-BLN01,2026-03-05,Card payment Master Card,1,1.0,EUR
PM-BLN01-00598,BLN01,SM-BLN01,2026-03-05,Card payment VISA,5,10.3,EUR
PM-BLN01-00599,BLN01,SM-BLN01,2026-03-06,Card payment,1,19.5,EUR
PM-BLN01-00600,BLN01,SM-BLN01,2026-03-06,Card payment 20,13,34.29,EUR
PM-BLN01-00601,BLN01,SM-BLN01,2026-03-06,Card payment Master Card,1,2.0,EUR
PM-BLN01-00602,BLN01,SM-BLN01,2026-03-06,Card payment VISA,7,9.33,EUR
PM-BLN01-00603,BLN01,SM-BLN01,2026-03-07,Card payment 20,5,10.07,EUR
PM-BLN01-00604,BLN01,SM-BLN01,2026-03-08,Card payment 10,1,7.2,EUR
PM-BLN01-00605,BLN01,SM-BLN01,2026-03-08,Card payment 20,4,3.5,EUR
PM-BLN01-00606,BLN01,SM-BLN01,2026-03-08,Card payment VISA,4,13.0,EUR
PM-BLN01-00607,BLN01,SM-BLN01,2026-03-09,Card payment 10,1,1.37,EUR
PM-BLN01-00608,BLN01,SM-BLN01,2026-03-09,Card payment 20,7,17.91,EUR
PM-BLN01-00609,BLN01,SM-BLN01,2026-03-09,Card payment Master Card,2,9.15,EUR
PM-BLN01-00610,BLN01,SM-BLN01,2026-03-09,Card payment VISA,7,19.62,EUR
PM-BLN01-00611,BLN01,SM-BLN01,2026-03-10,Card payment 10,4,11.74,EUR
PM-BLN01-00612,BLN01,SM-BLN01,2026-03-10,Card payment 20,24,47.0,EUR
PM-BLN01-00613,BLN01,SM-BLN01,2026-03-10,Card payment VISA,4,13.75,EUR
PM-BLN01-00614,BLN01,SM-BLN01,2026-03-11,Card payment 20,13,45.5,EUR
PM-BLN01-00615,BLN01,SM-BLN01,2026-03-11,Card payment Master Card,2,5.75,EUR
PM-BLN01-00616,BLN01,SM-BLN01,2026-03-11,Card payment VISA,6,22.9,EUR
PM-BLN01-00617,BLN01,SM-BLN01,2026-03-12,Card payment,2,7.6,EUR
PM-BLN01-00618,BLN01,SM-BLN01,2026-03-12,Card payment 10,1,3.89,EUR
PM-BLN01-00619,BLN01,SM-BLN01,2026-03-12,Card payment 20,24,48.87,EUR
PM-BLN01-00620,BLN01,SM-BLN01,2026-03-12,Card payment American Express,1,2.95,EUR
PM-BLN01-00621,BLN01,SM-BLN01,2026-03-12,Card payment Master Card,1,1.8,EUR
PM-BLN01-00622,BLN01,SM-BLN01,2026-03-12,Card payment VISA,5,21.76,EUR
PM-BLN01-00623,BLN01,SM-BLN01,2026-03-13,Card payment 10,1,0.44,EUR
PM-BLN01-00624,BLN01,SM-BLN01,2026-03-13,Card payment 20,8,21.01,EUR
PM-BLN01-00625,BLN01,SM-BLN01,2026-03-13,Card payment Master Card,4,10.2,EUR
PM-BLN01-00626,BLN01,SM-BLN01,2026-03-13,Card payment VISA,3,3.08,EUR
PM-BLN01-00627,BLN01,SM-BLN01,2026-03-14,Card payment 20,3,4.3,EUR
PM-BLN01-00628,BLN01,SM-BLN01,2026-03-15,Card payment 10,2,3.2,EUR
PM-BLN01-00629,BLN01,SM-BLN01,2026-03-15,Card payment 20,3,8.05,EUR
PM-BLN01-00630,BLN01,SM-BLN01,2026-03-15,Card payment Master Card,1,3.8,EUR
PM-BLN01-00631,BLN01,SM-BLN01,2026-03-15,Card payment VISA,3,9.37,EUR
PM-BLN01-00632,BLN01,SM-BLN01,2026-03-16,Card payment 20,16,39.63,EUR
PM-BLN01-00633,BLN01,SM-BLN01,2026-03-16,Card payment VISA,5,11.69,EUR
PM-BLN01-00634,BLN01,SM-BLN01,2026-03-17,Card payment,2,6.0,EUR
PM-BLN01-00635,BLN01,SM-BLN01,2026-03-17,Card payment 10,2,2.7,EUR
PM-BLN01-00636,BLN01,SM-BLN01,2026-03-17,Card payment 20,20,53.95,EUR
PM-BLN01-00637,BLN01,SM-BLN01,2026-03-17,Card payment Master Card,1,4.5,EUR
PM-BLN01-00638,BLN01,SM-BLN01,2026-03-17,Card payment VISA,2,6.9,EUR
PM-BLN01-00639,BLN01,SM-BLN01,2026-03-18,Card payment 10,1,3.78,EUR
PM-BLN01-00640,BLN01,SM-BLN01,2026-03-18,Card payment 20,25,81.9,EUR
PM-BLN01-00641,BLN01,SM-BLN01,2026-03-18,Card payment Master Card,4,15.01,EUR
PM-BLN01-00642,BLN01,SM-BLN01,2026-03-18,Card payment VISA,5,18.8,EUR
PM-BLN01-00643,BLN01,SM-BLN01,2026-03-19,Card payment,1,1.92,EUR
PM-BLN01-00644,BLN01,SM-BLN01,2026-03-19,Card payment 10,3,9.6,EUR
PM-BLN01-00645,BLN01,SM-BLN01,2026-03-19,Card payment 20,10,37.5,EUR
PM-BLN01-00646,BLN01,SM-BLN01,2026-03-19,Card payment Master Card,1,3.4,EUR
PM-BLN01-00647,BLN01,SM-BLN01,2026-03-19,Card payment VISA,8,20.44,EUR
PM-BLN01-00648,BLN01,SM-BLN01,2026-03-20,Card payment 20,6,12.47,EUR
PM-BLN01-00649,BLN01,SM-BLN01,2026-03-20,Card payment Master Card,1,4.7,EUR
PM-BLN01-00650,BLN01,SM-BLN01,2026-03-20,Card payment VISA,3,10.1,EUR
PM-BLN01-00651,BLN01,SM-BLN01,2026-03-21,Card payment 20,5,17.31,EUR
PM-BLN01-00652,BLN01,SM-BLN01,2026-03-21,Card payment Master Card,1,2.9,EUR
PM-BLN01-00653,BLN01,SM-BLN01,2026-03-21,Card payment VISA,1,2.5,EUR
PM-BLN01-00654,BLN01,SM-BLN01,2026-03-22,Card payment 10,2,4.49,EUR
PM-BLN01-00655,BLN01,SM-BLN01,2026-03-22,Card payment 20,9,23.84,EUR
PM-BLN01-00656,BLN01,SM-BLN01,2026-03-22,Card payment VISA,1,2.5,EUR
PM-BLN01-00657,BLN01,SM-BLN01,2026-03-23,Card payment,1,2.9,EUR
PM-BLN01-00658,BLN01,SM-BLN01,2026-03-23,Card payment 10,1,0.15,EUR
PM-BLN01-00659,BLN01,SM-BLN01,2026-03-23,Card payment 20,18,57.47,EUR
PM-BLN01-00660,BLN01,SM-BLN01,2026-03-23,Card payment VISA,5,15.85,EUR
PM-BLN01-00661,BLN01,SM-BLN01,2026-03-24,Card payment 10,3,12.71,EUR
PM-BLN01-00662,BLN01,SM-BLN01,2026-03-24,Card payment 20,17,47.52,EUR
PM-BLN01-00663,BLN01,SM-BLN01,2026-03-24,Card payment Master Card,5,16.78,EUR
PM-BLN01-00664,BLN01,SM-BLN01,2026-03-24,Card payment VISA,5,11.87,EUR
PM-BLN01-00665,BLN01,SM-BLN01,2026-03-25,Card payment,1,5.6,EUR
PM-BLN01-00666,BLN01,SM-BLN01,2026-03-25,Card payment 20,16,50.13,EUR
PM-BLN01-00667,BLN01,SM-BLN01,2026-03-25,Card payment Master Card,1,2.5,EUR
PM-BLN01-00668,BLN01,SM-BLN01,2026-03-25,Card payment VISA,5,17.7,EUR
PM-BLN01-00669,BLN01,SM-BLN01,2026-03-26,Card payment,1,3.75,EUR
PM-BLN01-00670,BLN01,SM-BLN01,2026-03-26,Card payment 10,2,3.1,EUR
PM-BLN01-00671,BLN01,SM-BLN01,2026-03-26,Card payment 20,12,48.41,EUR
PM-BLN01-00672,BLN01,SM-BLN01,2026-03-26,Card payment Master Card,1,4.04,EUR
PM-BLN01-00673,BLN01,SM-BLN01,2026-03-26,Card payment VISA,2,1.77,EUR
PM-BLN01-00674,BLN01,SM-BLN01,2026-03-27,Card payment 10,1,3.46,EUR
PM-BLN01-00675,BLN01,SM-BLN01,2026-03-27,Card payment 20,13,45.13,EUR
PM-BLN01-00676,BLN01,SM-BLN01,2026-03-27,Card payment Master Card,3,2.7,EUR
PM-BLN01-00677,BLN01,SM-BLN01,2026-03-27,Card payment VISA,3,9.43,EUR
PM-BLN01-00678,BLN01,SM-BLN01,2026-03-28,Card payment 10,1,1.1,EUR
PM-BLN01-00679,BLN01,SM-BLN01,2026-03-28,Card payment 20,4,5.85,EUR
PM-BLN01-00680,BLN01,SM-BLN01,2026-03-28,Card payment VISA,2,17.21,EUR
PM-BLN01-00681,BLN01,SM-BLN01,2026-03-29,Card payment 20,11,19.5,EUR
PM-BLN01-00682,BLN01,SM-BLN01,2026-03-29,Card payment VISA,2,4.45,EUR
PM-BLN01-00683,BLN01,SM-BLN01,2026-03-30,Card payment,1,2.74,EUR
PM-BLN01-00684,BLN01,SM-BLN01,2026-03-30,Card payment 10,1,2.75,EUR
PM-BLN01-00685,BLN01,SM-BLN01,2026-03-30,Card payment 20,21,51.75,EUR
PM-BLN01-00686,BLN01,SM-BLN01,2026-03-30,Card payment Master Card,4,12.22,EUR
PM-BLN01-00687,BLN01,SM-BLN01,2026-03-30,Card payment VISA,4,6.8,EUR
PM-BLN01-00688,BLN01,SM-BLN01,2026-03-31,Card payment 10,1,3.1,EUR
PM-BLN01-00689,BLN01,SM-BLN01,2026-03-31,Card payment 20,21,66.62,EUR
PM-BLN01-00690,BLN01,SM-BLN01,2026-03-31,Card payment Master Card,1,2.5,EUR
PM-BLN01-00691,BLN01,SM-BLN01,2026-03-31,Card payment VISA,7,26.5,EUR
PM-BLN01-00692,BLN01,SM-BLN01,2026-04-01,Card payment,1,2.03,EUR
PM-BLN01-00693,BLN01,SM-BLN01,2026-04-01,Card payment 10,2,11.95,EUR
PM-BLN01-00694,BLN01,SM-BLN01,2026-04-01,Card payment 20,21,70.81,EUR
PM-BLN01-00695,BLN01,SM-BLN01,2026-04-01,Card payment American Express,1,0.5,EUR
PM-BLN01-00696,BLN01,SM-BLN01,2026-04-01,Card payment Master Card,5,8.13,EUR
PM-BLN01-00697,BLN01,SM-BLN01,2026-04-01,Card payment VISA,7,13.8,EUR
PM-BLN01-00698,BLN01,SM-BLN01,2026-04-02,Card payment,2,6.99,EUR
PM-BLN01-00699,BLN01,SM-BLN01,2026-04-02,Card payment 10,2,3.7,EUR
PM-BLN01-00700,BLN01,SM-BLN01,2026-04-02,Card payment 20,14,37.09,EUR
PM-BLN01-00701,BLN01,SM-BLN01,2026-04-02,Card payment American Express,1,5.4,EUR
PM-BLN01-00702,BLN01,SM-BLN01,2026-04-02,Card payment Master Card,1,1.6,EUR
PM-BLN01-00703,BLN01,SM-BLN01,2026-04-02,Card payment VISA,3,4.45,EUR
PM-BLN01-00704,BLN01,SM-BLN01,2026-04-03,Card payment,1,0.25,EUR
PM-BLN01-00705,BLN01,SM-BLN01,2026-04-03,Card payment 10,1,1.7,EUR
PM-BLN01-00706,BLN01,SM-BLN01,2026-04-03,Card payment 20,15,52.46,EUR
PM-BLN01-00707,BLN01,SM-BLN01,2026-04-03,Card payment Master Card,1,3.95,EUR
PM-BLN01-00708,BLN01,SM-BLN01,2026-04-04,Card payment 20,2,4.05,EUR
PM-BLN01-00709,BLN01,SM-BLN01,2026-04-04,Card payment VISA,2,4.75,EUR
PM-BLN01-00710,BLN01,SM-BLN01,2026-04-05,Card payment 10,1,1.7,EUR
PM-BLN01-00711,BLN01,SM-BLN01,2026-04-05,Card payment 20,11,18.55,EUR
PM-BLN01-00712,BLN01,SM-BLN01,2026-04-05,Card payment VISA,1,2.9,EUR
PM-BLN01-00713,BLN01,SM-BLN01,2026-04-06,Card payment 10,1,2.9,EUR
PM-BLN01-00714,BLN01,SM-BLN01,2026-04-06,Card payment 20,12,35.1,EUR
PM-BLN01-00715,BLN01,SM-BLN01,2026-04-06,Card payment Master Card,1,5.53,EUR
PM-BLN01-00716,BLN01,SM-BLN01,2026-04-06,Card payment VISA,2,3.0,EUR
PM-BLN01-00717,BLN01,SM-BLN01,2026-04-07,Card payment,3,7.45,EUR
PM-BLN01-00718,BLN01,SM-BLN01,2026-04-07,Card payment 10,3,27.41,EUR
PM-BLN01-00719,BLN01,SM-BLN01,2026-04-07,Card payment 20,18,43.42,EUR
PM-BLN01-00720,BLN01,SM-BLN01,2026-04-07,Card payment Master Card,5,24.14,EUR
PM-BLN01-00721,BLN01,SM-BLN01,2026-04-07,Card payment VISA,7,18.41,EUR
PM-BLN01-00722,BLN01,SM-BLN01,2026-04-08,Card payment,1,1.15,EUR
PM-BLN01-00723,BLN01,SM-BLN01,2026-04-08,Card payment 10,2,5.9,EUR
PM-BLN01-00724,BLN01,SM-BLN01,2026-04-08,Card payment 20,16,50.71,EUR
PM-BLN01-00725,BLN01,SM-BLN01,2026-04-08,Card payment Master Card,5,11.47,EUR
PM-BLN01-00726,BLN01,SM-BLN01,2026-04-08,Card payment VISA,5,11.2,EUR
PM-BLN01-00727,BLN01,SM-BLN01,2026-04-09,Card payment 10,4,11.88,EUR
PM-BLN01-00728,BLN01,SM-BLN01,2026-04-09,Card payment 20,13,28.17,EUR
PM-BLN01-00729,BLN01,SM-BLN01,2026-04-09,Card payment Master Card,2,3.37,EUR
PM-BLN01-00730,BLN01,SM-BLN01,2026-04-09,Card payment VISA,3,5.09,EUR
PM-BLN01-00731,BLN01,SM-BLN01,2026-04-10,Card payment,1,7.46,EUR
PM-BLN01-00732,BLN01,SM-BLN01,2026-04-10,Card payment 20,8,19.52,EUR
PM-BLN01-00733,BLN01,SM-BLN01,2026-04-10,Card payment American Express,1,2.7,EUR
PM-BLN01-00734,BLN01,SM-BLN01,2026-04-10,Card payment Master Card,4,11.6,EUR
PM-BLN01-00735,BLN01,SM-BLN01,2026-04-10,Card payment VISA,4,15.31,EUR
PM-BLN01-00736,BLN01,SM-BLN01,2026-04-11,Card payment,1,1.6,EUR
PM-BLN01-00737,BLN01,SM-BLN01,2026-04-11,Card payment 20,2,5.0,EUR
PM-BLN01-00738,BLN01,SM-BLN01,2026-04-11,Card payment Master Card,2,4.5,EUR
PM-BLN01-00739,BLN01,SM-BLN01,2026-04-11,Card payment VISA,2,1.79,EUR
PM-BLN01-00740,BLN01,SM-BLN01,2026-04-12,Card payment 10,1,2.5,EUR
PM-BLN01-00741,BLN01,SM-BLN01,2026-04-12,Card payment 20,6,9.32,EUR
PM-BLN01-00742,BLN01,SM-BLN01,2026-04-12,Card payment Master Card,1,3.5,EUR
PM-BLN01-00743,BLN01,SM-BLN01,2026-04-13,Card payment,1,0.5,EUR
PM-BLN01-00744,BLN01,SM-BLN01,2026-04-13,Card payment 10,1,3.5,EUR
PM-BLN01-00745,BLN01,SM-BLN01,2026-04-13,Card payment 20,14,43.44,EUR
PM-BLN01-00746,BLN01,SM-BLN01,2026-04-13,Card payment Master Card,1,6.9,EUR
PM-BLN01-00747,BLN01,SM-BLN01,2026-04-13,Card payment VISA,2,5.65,EUR
PM-BLN01-00748,BLN01,SM-BLN01,2026-04-14,Card payment,1,1.65,EUR
PM-BLN01-00749,BLN01,SM-BLN01,2026-04-14,Card payment 10,2,7.4,EUR
PM-BLN01-00750,BLN01,SM-BLN01,2026-04-14,Card payment 20,17,58.91,EUR
PM-BLN01-00751,BLN01,SM-BLN01,2026-04-14,Card payment Master Card,1,3.18,EUR
PM-BLN01-00752,BLN01,SM-BLN01,2026-04-14,Card payment VISA,5,18.71,EUR
PM-BLN01-00753,BLN01,SM-BLN01,2026-04-15,Card payment,2,15.65,EUR
PM-BLN01-00754,BLN01,SM-BLN01,2026-04-15,Card payment 20,20,60.07,EUR
PM-BLN01-00755,BLN01,SM-BLN01,2026-04-15,Card payment Master Card,1,3.5,EUR
PM-BLN01-00756,BLN01,SM-BLN01,2026-04-15,Card payment VISA,4,10.7,EUR
PM-BLN01-00757,BLN01,SM-BLN01,2026-04-16,Card payment 10,3,5.32,EUR
PM-BLN01-00758,BLN01,SM-BLN01,2026-04-16,Card payment 20,19,59.02,EUR
PM-BLN01-00759,BLN01,SM-BLN01,2026-04-16,Card payment Master Card,3,6.23,EUR
PM-BLN01-00760,BLN01,SM-BLN01,2026-04-16,Card payment VISA,6,7.06,EUR
PM-BLN01-00761,BLN01,SM-BLN01,2026-04-17,Card payment 10,1,1.2,EUR
PM-BLN01-00762,BLN01,SM-BLN01,2026-04-17,Card payment 20,10,15.9,EUR
PM-BLN01-00763,BLN01,SM-BLN01,2026-04-17,Card payment Master Card,2,3.95,EUR
PM-BLN01-00764,BLN01,SM-BLN01,2026-04-17,Card payment VISA,2,5.2,EUR
PM-BLN01-00765,BLN01,SM-BLN01,2026-04-18,Card payment 20,2,2.93,EUR
PM-BLN01-00766,BLN01,SM-BLN01,2026-04-18,Card payment Master Card,2,2.65,EUR
PM-BLN01-00767,BLN01,SM-BLN01,2026-04-18,Card payment VISA,2,3.65,EUR
PM-BLN01-00768,BLN01,SM-BLN01,2026-04-19,Card payment 10,1,2.5,EUR
PM-BLN01-00769,BLN01,SM-BLN01,2026-04-19,Card payment 20,9,27.87,EUR
PM-BLN01-00770,BLN01,SM-BLN01,2026-04-19,Card payment Master Card,1,0.15,EUR
PM-BLN01-00771,BLN01,SM-BLN01,2026-04-19,Card payment VISA,1,1.0,EUR
PM-BLN01-00772,BLN01,SM-BLN01,2026-04-20,Card payment 20,21,113.67,EUR
PM-BLN01-00773,BLN01,SM-BLN01,2026-04-20,Card payment Master Card,3,14.95,EUR
PM-BLN01-00774,BLN01,SM-BLN01,2026-04-20,Card payment VISA,3,10.08,EUR
PM-BLN01-00775,BLN01,SM-BLN01,2026-04-21,Card payment 20,19,64.49,EUR
PM-BLN01-00776,BLN01,SM-BLN01,2026-04-21,Card payment Master Card,4,8.85,EUR
PM-BLN01-00777,BLN01,SM-BLN01,2026-04-21,Card payment VISA,5,10.5,EUR
PM-BLN01-00778,BLN01,SM-BLN01,2026-04-22,Card payment 10,2,8.2,EUR
PM-BLN01-00779,BLN01,SM-BLN01,2026-04-22,Card payment 20,24,66.4,EUR
PM-BLN01-00780,BLN01,SM-BLN01,2026-04-22,Card payment Master Card,1,2.9,EUR
PM-BLN01-00781,BLN01,SM-BLN01,2026-04-22,Card payment VISA,3,13.08,EUR
PM-BLN01-00782,BLN01,SM-BLN01,2026-04-23,Card payment,1,1.0,EUR
PM-BLN01-00783,BLN01,SM-BLN01,2026-04-23,Card payment 10,2,3.45,EUR
PM-BLN01-00784,BLN01,SM-BLN01,2026-04-23,Card payment 20,15,45.27,EUR
PM-BLN01-00785,BLN01,SM-BLN01,2026-04-23,Card payment Master Card,1,6.4,EUR
PM-BLN01-00786,BLN01,SM-BLN01,2026-04-23,Card payment VISA,2,2.75,EUR
PM-BLN01-00787,BLN01,SM-BLN01,2026-04-24,Card payment,1,1.7,EUR
PM-BLN01-00788,BLN01,SM-BLN01,2026-04-24,Card payment 20,8,32.31,EUR
PM-BLN01-00789,BLN01,SM-BLN01,2026-04-24,Card payment VISA,3,3.03,EUR
PM-BLN01-00790,BLN01,SM-BLN01,2026-04-25,Card payment 20,5,13.8,EUR
PM-BLN01-00791,BLN01,SM-BLN01,2026-04-25,Card payment Master Card,1,1.39,EUR
PM-BLN01-00792,BLN01,SM-BLN01,2026-04-25,Card payment VISA,1,3.25,EUR
PM-BLN01-00793,BLN01,SM-BLN01,2026-04-26,Card payment 10,1,1.7,EUR
PM-BLN01-00794,BLN01,SM-BLN01,2026-04-26,Card payment 20,7,11.36,EUR
PM-BLN01-00795,BLN01,SM-BLN01,2026-04-26,Card payment Master Card,1,1.0,EUR
PM-BLN01-00796,BLN01,SM-BLN01,2026-04-26,Card payment VISA,3,8.85,EUR
PM-BLN01-00797,BLN01,SM-BLN01,2026-04-27,Card payment,1,1.9,EUR
PM-BLN01-00798,BLN01,SM-BLN01,2026-04-27,Card payment 20,17,33.83,EUR
PM-BLN01-00799,BLN01,SM-BLN01,2026-04-27,Card payment VISA,5,7.35,EUR
PM-BLN01-00800,BLN01,SM-BLN01,2026-04-28,Card payment 10,1,4.02,EUR
PM-BLN01-00801,BLN01,SM-BLN01,2026-04-28,Card payment 20,14,31.94,EUR
PM-BLN01-00802,BLN01,SM-BLN01,2026-04-28,Card payment American Express,1,16.2,EUR
PM-BLN01-00803,BLN01,SM-BLN01,2026-04-28,Card payment Master Card,2,2.14,EUR
PM-BLN01-00804,BLN01,SM-BLN01,2026-04-28,Card payment VISA,3,8.53,EUR
PM-BLN01-00805,BLN01,SM-BLN01,2026-04-29,Card payment,1,3.05,EUR
PM-BLN01-00806,BLN01,SM-BLN01,2026-04-29,Card payment 10,3,4.47,EUR
PM-BLN01-00807,BLN01,SM-BLN01,2026-04-29,Card payment 20,16,40.88,EUR
PM-BLN01-00808,BLN01,SM-BLN01,2026-04-29,Card payment Master Card,2,7.4,EUR
PM-BLN01-00809,BLN01,SM-BLN01,2026-04-29,Card payment VISA,3,6.78,EUR
PM-BLN01-00810,BLN01,SM-BLN01,2026-04-30,Card payment 10,2,5.15,EUR
PM-BLN01-00811,BLN01,SM-BLN01,2026-04-30,Card payment 20,18,41.78,EUR
PM-BLN01-00812,BLN01,SM-BLN01,2026-04-30,Card payment Master Card,2,8.9,EUR
PM-BLN01-00813,BLN01,SM-BLN01,2026-04-30,Card payment VISA,3,8.86,EUR
PM-BLN01-00814,BLN01,SM-BLN01,2026-05-01,Card payment,1,2.4,EUR
PM-BLN01-00815,BLN01,SM-BLN01,2026-05-01,Card payment 20,10,22.46,EUR
PM-BLN01-00816,BLN01,SM-BLN01,2026-05-01,Card payment VISA,1,1.4,EUR
PM-BLN01-00817,BLN01,SM-BLN01,2026-05-02,Card payment 20,1,1.0,EUR
PM-BLN01-00818,BLN01,SM-BLN01,2026-05-02,Card payment VISA,2,1.25,EUR
PM-BLN01-00819,BLN01,SM-BLN01,2026-05-03,Card payment,1,7.05,EUR
PM-BLN01-00820,BLN01,SM-BLN01,2026-05-03,Card payment 10,2,5.99,EUR
PM-BLN01-00821,BLN01,SM-BLN01,2026-05-03,Card payment 20,7,9.03,EUR
PM-BLN01-00822,BLN01,SM-BLN01,2026-05-03,Card payment Master Card,1,0.25,EUR
PM-BLN01-00823,BLN01,SM-BLN01,2026-05-03,Card payment VISA,1,5.0,EUR
PM-BLN01-00824,BLN01,SM-BLN01,2026-05-04,Card payment,2,4.68,EUR
PM-BLN01-00825,BLN01,SM-BLN01,2026-05-04,Card payment 20,21,86.91,EUR
PM-BLN01-00826,BLN01,SM-BLN01,2026-05-04,Card payment Master Card,2,2.0,EUR
PM-BLN01-00827,BLN01,SM-BLN01,2026-05-04,Card payment VISA,3,5.45,EUR
PM-BLN01-00828,BLN01,SM-BLN01,2026-05-05,Card payment 10,4,7.05,EUR
PM-BLN01-00829,BLN01,SM-BLN01,2026-05-05,Card payment 20,20,103.32,EUR
PM-BLN01-00830,BLN01,SM-BLN01,2026-05-05,Card payment Master Card,2,4.89,EUR
PM-BLN01-00831,BLN01,SM-BLN01,2026-05-05,Card payment VISA,4,7.78,EUR
PM-BLN01-00832,BLN01,SM-BLN01,2026-05-06,Card payment 10,3,9.95,EUR
PM-BLN01-00833,BLN01,SM-BLN01,2026-05-06,Card payment 20,22,60.28,EUR
PM-BLN01-00834,BLN01,SM-BLN01,2026-05-06,Card payment Master Card,2,11.07,EUR
PM-BLN01-00835,BLN01,SM-BLN01,2026-05-06,Card payment VISA,6,14.89,EUR
PM-BLN01-00836,BLN01,SM-BLN01,2026-05-07,Card payment,2,3.86,EUR
PM-BLN01-00837,BLN01,SM-BLN01,2026-05-07,Card payment 10,1,0.13,EUR
PM-BLN01-00838,BLN01,SM-BLN01,2026-05-07,Card payment 20,21,52.36,EUR
PM-BLN01-00839,BLN01,SM-BLN01,2026-05-07,Card payment Master Card,1,2.9,EUR
PM-BLN01-00840,BLN01,SM-BLN01,2026-05-07,Card payment VISA,3,11.96,EUR
PM-BLN01-00841,BLN01,SM-BLN01,2026-05-08,Card payment 20,10,18.36,EUR
PM-BLN01-00842,BLN01,SM-BLN01,2026-05-08,Card payment VISA,3,8.4,EUR
PM-BLN01-00843,BLN01,SM-BLN01,2026-05-09,Card payment 20,3,4.92,EUR
PM-BLN01-00844,BLN01,SM-BLN01,2026-05-09,Card payment VISA,1,2.76,EUR
PM-BLN01-00845,BLN01,SM-BLN01,2026-05-10,Card payment,1,2.0,EUR
PM-BLN01-00846,BLN01,SM-BLN01,2026-05-10,Card payment 20,2,3.6,EUR
PM-BLN01-00847,BLN01,SM-BLN01,2026-05-10,Card payment VISA,2,2.08,EUR
PM-BLN01-00848,BLN01,SM-BLN01,2026-05-11,Card payment 20,20,51.8,EUR
PM-BLN01-00849,BLN01,SM-BLN01,2026-05-11,Card payment Master Card,4,11.97,EUR
PM-BLN01-00850,BLN01,SM-BLN01,2026-05-11,Card payment VISA,1,1.7,EUR
PM-BLN01-00851,BLN01,SM-BLN01,2026-05-12,Card payment 10,3,12.48,EUR
PM-BLN01-00852,BLN01,SM-BLN01,2026-05-12,Card payment 20,19,60.85,EUR
PM-BLN01-00853,BLN01,SM-BLN01,2026-05-12,Card payment American Express,1,5.25,EUR
PM-BLN01-00854,BLN01,SM-BLN01,2026-05-12,Card payment Master Card,4,10.6,EUR
PM-BLN01-00855,BLN01,SM-BLN01,2026-05-12,Card payment VISA,5,20.0,EUR
PM-BLN01-00856,BLN01,SM-BLN01,2026-05-13,Card payment 10,1,9.48,EUR
PM-BLN01-00857,BLN01,SM-BLN01,2026-05-13,Card payment 20,16,53.81,EUR
PM-BLN01-00858,BLN01,SM-BLN01,2026-05-13,Card payment Master Card,7,83.04,EUR
PM-BLN01-00859,BLN01,SM-BLN01,2026-05-13,Card payment VISA,10,24.71,EUR
PM-BLN01-00860,BLN01,SM-BLN01,2026-05-14,Card payment,1,2.15,EUR
PM-BLN01-00861,BLN01,SM-BLN01,2026-05-14,Card payment 10,2,3.83,EUR
PM-BLN01-00862,BLN01,SM-BLN01,2026-05-14,Card payment 20,17,48.62,EUR
PM-BLN01-00863,BLN01,SM-BLN01,2026-05-14,Card payment Master Card,2,6.59,EUR
PM-BLN01-00864,BLN01,SM-BLN01,2026-05-14,Card payment VISA,4,17.6,EUR
PM-BLN01-00865,BLN01,SM-BLN01,2026-05-15,Card payment 10,3,7.01,EUR
PM-BLN01-00866,BLN01,SM-BLN01,2026-05-15,Card payment 20,9,20.72,EUR
PM-BLN01-00867,BLN01,SM-BLN01,2026-05-15,Card payment Master Card,2,4.07,EUR
PM-BLN01-00868,BLN01,SM-BLN01,2026-05-15,Card payment VISA,1,3.24,EUR
PM-BLN01-00869,BLN01,SM-BLN01,2026-05-16,Card payment 20,6,13.55,EUR
PM-BLN01-00870,BLN01,SM-BLN01,2026-05-16,Card payment Master Card,1,0.15,EUR
PM-BLN01-00871,BLN01,SM-BLN01,2026-05-16,Card payment VISA,1,1.7,EUR
PM-BLN01-00872,BLN01,SM-BLN01,2026-05-17,Card payment,1,1.2,EUR
PM-BLN01-00873,BLN01,SM-BLN01,2026-05-17,Card payment 20,8,12.26,EUR
PM-BLN01-00874,BLN01,SM-BLN01,2026-05-17,Card payment Master Card,2,8.75,EUR
PM-BLN01-00875,BLN01,SM-BLN01,2026-05-18,Card payment,3,6.01,EUR
PM-BLN01-00876,BLN01,SM-BLN01,2026-05-18,Card payment 20,26,56.66,EUR
PM-BLN01-00877,BLN01,SM-BLN01,2026-05-18,Card payment VISA,6,26.92,EUR
PM-BLN01-00878,BLN01,SM-BLN01,2026-05-19,Card payment 10,2,4.85,EUR
PM-BLN01-00879,BLN01,SM-BLN01,2026-05-19,Card payment 20,22,52.28,EUR
PM-BLN01-00880,BLN01,SM-BLN01,2026-05-19,Card payment Master Card,1,0.25,EUR
PM-BLN01-00881,BLN01,SM-BLN01,2026-05-19,Card payment VISA,5,12.8,EUR
PM-BLN01-00882,BLN01,SM-BLN01,2026-05-20,Card payment 10,1,2.5,EUR
PM-BLN01-00883,BLN01,SM-BLN01,2026-05-20,Card payment 20,16,40.93,EUR
PM-BLN01-00884,BLN01,SM-BLN01,2026-05-20,Card payment Master Card,1,4.66,EUR
PM-BLN01-00885,BLN01,SM-BLN01,2026-05-20,Card payment VISA,4,3.84,EUR
PM-BLN01-00886,BLN01,SM-BLN01,2026-05-21,Card payment 20,18,45.34,EUR
PM-BLN01-00887,BLN01,SM-BLN01,2026-05-21,Card payment Master Card,3,5.21,EUR
PM-BLN01-00888,BLN01,SM-BLN01,2026-05-21,Card payment VISA,4,14.24,EUR
PM-BLN01-00889,BLN01,SM-BLN01,2026-05-22,Card payment 10,2,6.48,EUR
PM-BLN01-00890,BLN01,SM-BLN01,2026-05-22,Card payment 20,9,18.7,EUR
PM-BLN01-00891,BLN01,SM-BLN01,2026-05-22,Card payment Master Card,2,5.45,EUR
PM-BLN01-00892,BLN01,SM-BLN01,2026-05-22,Card payment VISA,3,7.99,EUR
PM-BLN01-00893,BLN01,SM-BLN01,2026-05-23,Card payment 20,1,1.0,EUR
PM-BLN01-00894,BLN01,SM-BLN01,2026-05-23,Card payment Master Card,2,3.2,EUR
PM-BLN01-00895,BLN01,SM-BLN01,2026-05-23,Card payment VISA,1,1.0,EUR
PM-BLN01-00896,BLN01,SM-BLN01,2026-05-24,Card payment 10,1,5.2,EUR
PM-BLN01-00897,BLN01,SM-BLN01,2026-05-24,Card payment 20,6,10.89,EUR
PM-BLN01-00898,BLN01,SM-BLN01,2026-05-24,Card payment American Express,1,3.8,EUR
PM-BLN01-00899,BLN01,SM-BLN01,2026-05-24,Card payment VISA,5,13.21,EUR
PM-BLN01-00900,BLN01,SM-BLN01,2026-05-25,Card payment 10,1,9.45,EUR
PM-BLN01-00901,BLN01,SM-BLN01,2026-05-25,Card payment 20,17,26.32,EUR
PM-BLN01-00902,BLN01,SM-BLN01,2026-05-25,Card payment American Express,1,3.35,EUR
PM-BLN01-00903,BLN01,SM-BLN01,2026-05-25,Card payment Master Card,1,3.8,EUR
PM-BLN01-00904,BLN01,SM-BLN01,2026-05-25,Card payment VISA,6,15.05,EUR
PM-BLN01-00905,BLN01,SM-BLN01,2026-05-26,Card payment,1,14.72,EUR
PM-BLN01-00906,BLN01,SM-BLN01,2026-05-26,Card payment 10,1,2.7,EUR
PM-BLN01-00907,BLN01,SM-BLN01,2026-05-26,Card payment 20,15,36.68,EUR
PM-BLN01-00908,BLN01,SM-BLN01,2026-05-26,Card payment American Express,2,13.3,EUR
PM-BLN01-00909,BLN01,SM-BLN01,2026-05-26,Card payment Master Card,1,3.6,EUR
PM-BLN01-00910,BLN01,SM-BLN01,2026-05-26,Card payment VISA,2,2.2,EUR
PM-BLN01-00911,BLN01,SM-BLN01,2026-05-27,Card payment,1,4.35,EUR
PM-BLN01-00912,BLN01,SM-BLN01,2026-05-27,Card payment 10,1,1.7,EUR
PM-BLN01-00913,BLN01,SM-BLN01,2026-05-27,Card payment 20,28,80.97,EUR
PM-BLN01-00914,BLN01,SM-BLN01,2026-05-27,Card payment Master Card,3,4.08,EUR
PM-BLN01-00915,BLN01,SM-BLN01,2026-05-27,Card payment VISA,3,1.85,EUR
PM-BLN01-00916,BLN01,SM-BLN01,2026-05-28,Card payment 10,1,1.7,EUR
PM-BLN01-00917,BLN01,SM-BLN01,2026-05-28,Card payment 20,18,49.55,EUR
PM-BLN01-00918,BLN01,SM-BLN01,2026-05-28,Card payment Master Card,1,0.15,EUR
PM-BLN01-00919,BLN01,SM-BLN01,2026-05-28,Card payment VISA,10,59.2,EUR
PM-BLN01-00920,BLN01,SM-BLN01,2026-05-29,Card payment 10,1,2.2,EUR
PM-BLN01-00921,BLN01,SM-BLN01,2026-05-29,Card payment 20,20,48.57,EUR
PM-BLN01-00922,BLN01,SM-BLN01,2026-05-29,Card payment Master Card,3,6.25,EUR
PM-BLN01-00923,BLN01,SM-BLN01,2026-05-29,Card payment VISA,8,21.03,EUR
PM-BLN01-00924,BLN01,SM-BLN01,2026-05-30,Card payment 20,4,4.15,EUR
PM-BLN01-00925,BLN01,SM-BLN01,2026-05-30,Card payment Master Card,1,0.58,EUR
PM-BLN01-00926,BLN01,SM-BLN01,2026-05-31,Card payment 20,6,13.8,EUR
PM-BLN01-00927,BLN01,SM-BLN01,2026-05-31,Card payment Master Card,1,2.5,EUR
PM-BLN01-00928,BLN01,SM-BLN01,2026-05-31,Card payment VISA,1,0.25,EUR
PM-BLN01-00929,BLN01,SM-BLN01,2026-06-01,Card payment 20,13,41.23,EUR
PM-BLN01-00930,BLN01,SM-BLN01,2026-06-01,Card payment Master Card,2,5.0,EUR
PM-BLN01-00931,BLN01,SM-BLN01,2026-06-01,Card payment VISA,2,7.05,EUR
PM-BLN01-00932,BLN01,SM-BLN01,2026-06-02,Card payment 10,5,14.81,EUR
PM-BLN01-00933,BLN01,SM-BLN01,2026-06-02,Card payment 20,22,57.98,EUR
PM-BLN01-00934,BLN01,SM-BLN01,2026-06-02,Card payment Master Card,2,11.02,EUR
PM-BLN01-00935,BLN01,SM-BLN01,2026-06-02,Card payment VISA,3,13.44,EUR
PM-BLN01-00936,BLN01,SM-BLN01,2026-06-03,Card payment,1,5.15,EUR
PM-BLN01-00937,BLN01,SM-BLN01,2026-06-03,Card payment 10,3,13.1,EUR
PM-BLN01-00938,BLN01,SM-BLN01,2026-06-03,Card payment 20,14,35.94,EUR
PM-BLN01-00939,BLN01,SM-BLN01,2026-06-03,Card payment Master Card,2,7.35,EUR
PM-BLN01-00940,BLN01,SM-BLN01,2026-06-03,Card payment VISA,9,26.42,EUR
PM-BLN01-00941,BLN01,SM-BLN01,2026-06-04,Card payment,1,1.0,EUR
PM-BLN01-00942,BLN01,SM-BLN01,2026-06-04,Card payment 20,23,70.57,EUR
PM-BLN01-00943,BLN01,SM-BLN01,2026-06-04,Card payment American Express,1,2.25,EUR
PM-BLN01-00944,BLN01,SM-BLN01,2026-06-04,Card payment Master Card,5,17.6,EUR
PM-BLN01-00945,BLN01,SM-BLN01,2026-06-04,Card payment VISA,3,5.95,EUR
PM-BLN01-00946,BLN01,SM-BLN01,2026-06-05,Card payment 10,2,4.05,EUR
PM-BLN01-00947,BLN01,SM-BLN01,2026-06-05,Card payment 20,8,29.11,EUR
PM-BLN01-00948,BLN01,SM-BLN01,2026-06-05,Card payment Master Card,1,8.26,EUR
PM-BLN01-00949,BLN01,SM-BLN01,2026-06-05,Card payment VISA,6,7.66,EUR
PM-BLN01-00950,BLN01,SM-BLN01,2026-06-06,Card payment 20,6,11.51,EUR
PM-BLN01-00951,BLN01,SM-BLN01,2026-06-07,Card payment 20,3,8.12,EUR
PM-BLN01-00952,BLN01,SM-BLN01,2026-06-07,Card payment VISA,2,2.13,EUR
PM-BLN01-00953,BLN01,SM-BLN01,2026-06-08,Card payment 10,4,21.83,EUR
PM-BLN01-00954,BLN01,SM-BLN01,2026-06-08,Card payment 20,18,48.35,EUR
PM-BLN01-00955,BLN01,SM-BLN01,2026-06-08,Card payment American Express,1,2.5,EUR
PM-BLN01-00956,BLN01,SM-BLN01,2026-06-08,Card payment Master Card,3,5.9,EUR
PM-BLN01-00957,BLN01,SM-BLN01,2026-06-08,Card payment VISA,11,35.19,EUR
PM-BLN01-00958,BLN01,SM-BLN01,2026-06-09,Card payment,1,2.75,EUR
PM-BLN01-00959,BLN01,SM-BLN01,2026-06-09,Card payment 10,4,6.86,EUR
PM-BLN01-00960,BLN01,SM-BLN01,2026-06-09,Card payment 20,18,85.09,EUR
PM-BLN01-00961,BLN01,SM-BLN01,2026-06-09,Card payment Master Card,5,17.54,EUR
PM-BLN01-00962,BLN01,SM-BLN01,2026-06-09,Card payment VISA,2,2.65,EUR
PM-BLN01-00963,BLN01,SM-BLN01,2026-06-10,Card payment,1,0.25,EUR
PM-BLN01-00964,BLN01,SM-BLN01,2026-06-10,Card payment 20,16,37.67,EUR
PM-BLN01-00965,BLN01,SM-BLN01,2026-06-10,Card payment Master Card,2,6.27,EUR
PM-BLN01-00966,BLN01,SM-BLN01,2026-06-10,Card payment VISA,7,23.59,EUR
PM-BLN01-00967,BLN01,SM-BLN01,2026-06-11,Card payment,1,1.95,EUR
PM-BLN01-00968,BLN01,SM-BLN01,2026-06-11,Card payment 10,2,2.2,EUR
PM-BLN01-00969,BLN01,SM-BLN01,2026-06-11,Card payment 20,15,41.84,EUR
PM-BLN01-00970,BLN01,SM-BLN01,2026-06-11,Card payment Master Card,2,5.55,EUR
PM-BLN01-00971,BLN01,SM-BLN01,2026-06-11,Card payment VISA,5,18.35,EUR
PM-BLN01-00972,BLN01,SM-BLN01,2026-06-12,Card payment 10,2,2.8,EUR
PM-BLN01-00973,BLN01,SM-BLN01,2026-06-12,Card payment 20,9,29.56,EUR
PM-BLN01-00974,BLN01,SM-BLN01,2026-06-12,Card payment Master Card,2,5.48,EUR
PM-BLN01-00975,BLN01,SM-BLN01,2026-06-13,Card payment 10,1,0.06,EUR
PM-BLN01-00976,BLN01,SM-BLN01,2026-06-13,Card payment 20,2,3.5,EUR
PM-BLN01-00977,BLN01,SM-BLN01,2026-06-14,Card payment 10,1,2.5,EUR
PM-BLN01-00978,BLN01,SM-BLN01,2026-06-14,Card payment 20,3,4.0,EUR
PM-BLN01-00979,BLN01,SM-BLN01,2026-06-14,Card payment VISA,3,4.44,EUR
PM-BLN01-00980,BLN01,SM-BLN01,2026-06-15,Card payment,1,1.7,EUR
PM-BLN01-00981,BLN01,SM-BLN01,2026-06-15,Card payment 10,2,2.95,EUR
PM-BLN01-00982,BLN01,SM-BLN01,2026-06-15,Card payment 20,12,17.22,EUR
PM-BLN01-00983,BLN01,SM-BLN01,2026-06-15,Card payment Master Card,1,0.25,EUR
PM-BLN01-00984,BLN01,SM-BLN01,2026-06-15,Card payment VISA,5,17.93,EUR
PM-BLN01-00985,BLN01,SM-BLN01,2026-06-16,Card payment,1,5.9,EUR
PM-BLN01-00986,BLN01,SM-BLN01,2026-06-16,Card payment 10,4,13.25,EUR
PM-BLN01-00987,BLN01,SM-BLN01,2026-06-16,Card payment 20,23,44.86,EUR
PM-BLN01-00988,BLN01,SM-BLN01,2026-06-16,Card payment Master Card,5,13.08,EUR
PM-BLN01-00989,BLN01,SM-BLN01,2026-06-16,Card payment VISA,3,6.65,EUR
PM-BLN01-00990,BLN01,SM-BLN01,2026-06-17,Card payment,1,3.8,EUR
PM-BLN01-00991,BLN01,SM-BLN01,2026-06-17,Card payment 10,3,12.3,EUR
PM-BLN01-00992,BLN01,SM-BLN01,2026-06-17,Card payment 20,21,44.99,EUR
PM-BLN01-00993,BLN01,SM-BLN01,2026-06-17,Card payment Master Card,4,9.88,EUR
PM-BLN01-00994,BLN01,SM-BLN01,2026-06-17,Card payment VISA,4,11.47,EUR
PM-BLN01-00995,BLN01,SM-BLN01,2026-06-18,Card payment 10,1,3.7,EUR
PM-BLN01-00996,BLN01,SM-BLN01,2026-06-18,Card payment 20,18,56.85,EUR
PM-BLN01-00997,BLN01,SM-BLN01,2026-06-18,Card payment American Express,1,5.22,EUR
PM-BLN01-00998,BLN01,SM-BLN01,2026-06-18,Card payment Master Card,4,12.52,EUR
PM-BLN01-00999,BLN01,SM-BLN01,2026-06-18,Card payment VISA,3,8.16,EUR
PM-BLN01-01000,BLN01,SM-BLN01,2026-06-19,Card payment 10,2,4.25,EUR
PM-BLN01-01001,BLN01,SM-BLN01,2026-06-19,Card payment 20,9,17.7,EUR
PM-BLN01-01002,BLN01,SM-BLN01,2026-06-19,Card payment Master Card,1,1.6,EUR
PM-BLN01-01003,BLN01,SM-BLN01,2026-06-19,Card payment VISA,4,8.4,EUR
PM-BLN01-01004,BLN01,SM-BLN01,2026-06-20,Card payment 20,7,17.07,EUR
PM-BLN01-01005,BLN01,SM-BLN01,2026-06-21,Card payment,1,1.6,EUR
PM-BLN01-01006,BLN01,SM-BLN01,2026-06-21,Card payment 10,1,1.0,EUR
PM-BLN01-01007,BLN01,SM-BLN01,2026-06-21,Card payment 20,12,26.1,EUR
PM-BLN01-01008,BLN01,SM-BLN01,2026-06-21,Card payment Master Card,1,1.0,EUR
PM-BLN01-01009,BLN01,SM-BLN01,2026-06-22,Card payment 10,3,11.41,EUR
PM-BLN01-01010,BLN01,SM-BLN01,2026-06-22,Card payment 20,21,50.8,EUR
PM-BLN01-01011,BLN01,SM-BLN01,2026-06-22,Card payment VISA,2,3.7,EUR
PM-BLN01-01012,BLN01,SM-BLN01,2026-06-23,Card payment,1,1.7,EUR
PM-BLN01-01013,BLN01,SM-BLN01,2026-06-23,Card payment 10,3,8.32,EUR
PM-BLN01-01014,BLN01,SM-BLN01,2026-06-23,Card payment 20,24,120.74,EUR
PM-BLN01-01015,BLN01,SM-BLN01,2026-06-23,Card payment American Express,1,2.5,EUR
PM-BLN01-01016,BLN01,SM-BLN01,2026-06-23,Card payment Master Card,3,3.88,EUR
PM-BLN01-01017,BLN01,SM-BLN01,2026-06-23,Card payment VISA,5,9.85,EUR
PM-BLN01-01018,BLN01,SM-BLN01,2026-06-24,Card payment,1,7.99,EUR
PM-BLN01-01019,BLN01,SM-BLN01,2026-06-24,Card payment 10,1,3.0,EUR
PM-BLN01-01020,BLN01,SM-BLN01,2026-06-24,Card payment 20,24,116.35,EUR
PM-BLN01-01021,BLN01,SM-BLN01,2026-06-24,Card payment Master Card,2,5.6,EUR
PM-BLN01-01022,BLN01,SM-BLN01,2026-06-24,Card payment VISA,10,58.49,EUR
PM-BLN01-01023,BLN01,SM-BLN01,2026-06-25,Card payment 10,3,10.92,EUR
PM-BLN01-01024,BLN01,SM-BLN01,2026-06-25,Card payment 20,16,54.86,EUR
PM-BLN01-01025,BLN01,SM-BLN01,2026-06-25,Card payment Master Card,3,3.52,EUR
PM-BLN01-01026,BLN01,SM-BLN01,2026-06-25,Card payment VISA,3,4.12,EUR
PM-BLN01-01027,BLN01,SM-BLN01,2026-06-26,Card payment 20,9,21.72,EUR
PM-BLN01-01028,BLN01,SM-BLN01,2026-06-26,Card payment Master Card,2,7.23,EUR
PM-BLN01-01029,BLN01,SM-BLN01,2026-06-26,Card payment VISA,5,15.15,EUR
PM-BLN01-01030,BLN01,SM-BLN01,2026-06-27,Card payment 20,3,0.7,EUR
PM-BLN01-01031,BLN01,SM-BLN01,2026-06-27,Card payment VISA,3,7.7,EUR
PM-BLN01-01032,BLN01,SM-BLN01,2026-06-28,Card payment 10,1,1.5,EUR
PM-BLN01-01033,BLN01,SM-BLN01,2026-06-28,Card payment 20,5,7.6,EUR
PM-BLN01-01034,BLN01,SM-BLN01,2026-06-28,Card payment Master Card,1,1.92,EUR
PM-BLN01-01035,BLN01,SM-BLN01,2026-06-28,Card payment VISA,3,8.07,EUR
PM-BLN01-01036,BLN01,SM-BLN01,2026-06-29,Card payment 20,16,42.48,EUR
PM-BLN01-01037,BLN01,SM-BLN01,2026-06-29,Card payment Master Card,2,0.38,EUR
PM-BLN01-01038,BLN01,SM-BLN01,2026-06-29,Card payment VISA,4,12.95,EUR
PM-BLN01-01039,BLN01,SM-BLN01,2026-06-30,Card payment 10,2,3.03,EUR
PM-BLN01-01040,BLN01,SM-BLN01,2026-06-30,Card payment 20,21,67.16,EUR
PM-BLN01-01041,BLN01,SM-BLN01,2026-06-30,Card payment Master Card,5,15.94,EUR
PM-BLN01-01042,BLN01,SM-BLN01,2026-06-30,Card payment VISA,5,18.83,EUR
PM-BLN01-01043,BLN01,SM-BLN01,2026-07-01,Card payment,2,5.17,EUR
PM-BLN01-01044,BLN01,SM-BLN01,2026-07-01,Card payment 10,5,14.26,EUR
PM-BLN01-01045,BLN01,SM-BLN01,2026-07-01,Card payment 20,23,88.05,EUR
PM-BLN01-01046,BLN01,SM-BLN01,2026-07-01,Card payment American Express,1,0.25,EUR
PM-BLN01-01047,BLN01,SM-BLN01,2026-07-01,Card payment Master Card,4,12.53,EUR
PM-BLN01-01048,BLN01,SM-BLN01,2026-07-01,Card payment VISA,6,21.94,EUR
PM-BLN01-01049,BLN01,SM-BLN01,2026-07-02,Card payment 10,1,2.7,EUR
PM-BLN01-01050,BLN01,SM-BLN01,2026-07-02,Card payment 20,14,41.71,EUR
PM-BLN01-01051,BLN01,SM-BLN01,2026-07-02,Card payment Master Card,1,8.56,EUR
PM-BLN01-01052,BLN01,SM-BLN01,2026-07-02,Card payment VISA,5,9.68,EUR
PM-BLN01-01053,BLN01,SM-BLN01,2026-07-03,Card payment 20,14,34.49,EUR
PM-BLN01-01054,BLN01,SM-BLN01,2026-07-03,Card payment Master Card,1,2.0,EUR
PM-HAM01-01055,HAM01,MO-HAM01,2026-01-01,Card payment,1,3.1,EUR
PM-HAM01-01056,HAM01,MO-HAM01,2026-01-01,Card payment 10,1,3.9,EUR
PM-HAM01-01057,HAM01,MO-HAM01,2026-01-01,Card payment 20,4,8.13,EUR
PM-HAM01-01058,HAM01,MO-HAM01,2026-01-01,Card payment Master Card,1,4.56,EUR
PM-HAM01-01059,HAM01,MO-HAM01,2026-01-03,Card payment 20,1,3.41,EUR
PM-HAM01-01060,HAM01,MO-HAM01,2026-01-05,Card payment 20,2,3.79,EUR
PM-HAM01-01061,HAM01,MO-HAM01,2026-01-05,Card payment VISA,1,1.36,EUR
PM-HAM01-01062,HAM01,MO-HAM01,2026-01-06,Card payment 20,3,5.4,EUR
PM-HAM01-01063,HAM01,MO-HAM01,2026-01-06,Card payment VISA,1,6.4,EUR
PM-HAM01-01064,HAM01,MO-HAM01,2026-01-07,Card payment 20,5,15.94,EUR
PM-HAM01-01065,HAM01,MO-HAM01,2026-01-08,Card payment 20,2,44.25,EUR
PM-HAM01-01066,HAM01,MO-HAM01,2026-01-09,Card payment 20,1,5.5,EUR
PM-HAM01-01067,HAM01,MO-HAM01,2026-01-10,Card payment 20,1,1.2,EUR
PM-HAM01-01068,HAM01,MO-HAM01,2026-01-10,Card payment VISA,1,2.5,EUR
PM-HAM01-01069,HAM01,MO-HAM01,2026-01-11,Card payment 10,1,1.7,EUR
PM-HAM01-01070,HAM01,MO-HAM01,2026-01-11,Card payment 20,1,1.7,EUR
PM-HAM01-01071,HAM01,MO-HAM01,2026-01-11,Card payment VISA,1,3.5,EUR
PM-HAM01-01072,HAM01,MO-HAM01,2026-01-12,Card payment 20,1,1.95,EUR
PM-HAM01-01073,HAM01,MO-HAM01,2026-01-13,Card payment 20,2,2.86,EUR
PM-HAM01-01074,HAM01,MO-HAM01,2026-01-13,Card payment VISA,2,11.27,EUR
PM-HAM01-01075,HAM01,MO-HAM01,2026-01-14,Card payment 20,2,9.03,EUR
PM-HAM01-01076,HAM01,MO-HAM01,2026-01-14,Card payment VISA,1,1.7,EUR
PM-HAM01-01077,HAM01,MO-HAM01,2026-01-15,Card payment 10,1,3.57,EUR
PM-HAM01-01078,HAM01,MO-HAM01,2026-01-15,Card payment 20,2,2.03,EUR
PM-HAM01-01079,HAM01,MO-HAM01,2026-01-18,Card payment VISA,1,2.66,EUR
PM-HAM01-01080,HAM01,MO-HAM01,2026-01-19,Card payment 20,2,5.28,EUR
PM-HAM01-01081,HAM01,MO-HAM01,2026-01-20,Card payment American Express,1,3.7,EUR
PM-HAM01-01082,HAM01,MO-HAM01,2026-01-20,Card payment VISA,1,2.25,EUR
PM-HAM01-01083,HAM01,MO-HAM01,2026-01-21,Card payment 20,1,6.5,EUR
PM-HAM01-01084,HAM01,MO-HAM01,2026-01-21,Card payment VISA,1,0.45,EUR
PM-HAM01-01085,HAM01,MO-HAM01,2026-01-22,Card payment 20,1,4.06,EUR
PM-HAM01-01086,HAM01,MO-HAM01,2026-01-24,Card payment 20,1,1.95,EUR
PM-HAM01-01087,HAM01,MO-HAM01,2026-01-25,Card payment 20,2,6.22,EUR
PM-HAM01-01088,HAM01,MO-HAM01,2026-01-26,Card payment 20,1,8.45,EUR
PM-HAM01-01089,HAM01,MO-HAM01,2026-01-27,Card payment,1,0.4,EUR
PM-HAM01-01090,HAM01,MO-HAM01,2026-01-27,Card payment 20,1,1.14,EUR
PM-HAM01-01091,HAM01,MO-HAM01,2026-01-28,Card payment,1,2.5,EUR
PM-HAM01-01092,HAM01,MO-HAM01,2026-01-28,Card payment 20,1,18.75,EUR
PM-HAM01-01093,HAM01,MO-HAM01,2026-01-29,Card payment 20,2,14.65,EUR
PM-HAM01-01094,HAM01,MO-HAM01,2026-01-29,Card payment VISA,1,1.43,EUR
PM-HAM01-01095,HAM01,MO-HAM01,2026-01-30,Card payment 20,1,3.9,EUR
PM-HAM01-01096,HAM01,MO-HAM01,2026-01-30,Card payment Master Card,1,1.2,EUR
PM-HAM01-01097,HAM01,MO-HAM01,2026-01-30,Card payment VISA,1,1.7,EUR
PM-HAM01-01098,HAM01,MO-HAM01,2026-01-31,Card payment 10,1,2.5,EUR
PM-HAM01-01099,HAM01,MO-HAM01,2026-01-31,Card payment 20,1,2.9,EUR
PM-HAM01-01100,HAM01,MO-HAM01,2026-02-01,Card payment VISA,1,6.7,EUR
PM-HAM01-01101,HAM01,MO-HAM01,2026-02-02,Card payment 20,2,13.45,EUR
PM-HAM01-01102,HAM01,MO-HAM01,2026-02-02,Card payment Master Card,2,0.5,EUR
PM-HAM01-01103,HAM01,MO-HAM01,2026-02-03,Card payment VISA,1,2.65,EUR
PM-HAM01-01104,HAM01,MO-HAM01,2026-02-04,Card payment 20,1,2.4,EUR
PM-HAM01-01105,HAM01,MO-HAM01,2026-02-05,Card payment 10,1,1.7,EUR
PM-HAM01-01106,HAM01,MO-HAM01,2026-02-05,Card payment 20,1,5.66,EUR
PM-HAM01-01107,HAM01,MO-HAM01,2026-02-05,Card payment VISA,1,1.5,EUR
PM-HAM01-01108,HAM01,MO-HAM01,2026-02-06,Card payment 20,1,2.06,EUR
PM-HAM01-01109,HAM01,MO-HAM01,2026-02-07,Card payment 20,2,4.2,EUR
PM-HAM01-01110,HAM01,MO-HAM01,2026-02-09,Card payment Master Card,1,1.0,EUR
PM-HAM01-01111,HAM01,MO-HAM01,2026-02-10,Card payment 20,1,3.2,EUR
PM-HAM01-01112,HAM01,MO-HAM01,2026-02-11,Card payment 20,4,16.83,EUR
PM-HAM01-01113,HAM01,MO-HAM01,2026-02-11,Card payment VISA,1,3.97,EUR
PM-HAM01-01114,HAM01,MO-HAM01,2026-02-12,Card payment 20,1,2.53,EUR
PM-HAM01-01115,HAM01,MO-HAM01,2026-02-13,Card payment VISA,1,2.7,EUR
PM-HAM01-01116,HAM01,MO-HAM01,2026-02-16,Card payment 20,1,1.0,EUR
PM-HAM01-01117,HAM01,MO-HAM01,2026-02-16,Card payment VISA,1,2.22,EUR
PM-HAM01-01118,HAM01,MO-HAM01,2026-02-17,Card payment 20,2,6.31,EUR
PM-HAM01-01119,HAM01,MO-HAM01,2026-02-17,Card payment Master Card,1,2.8,EUR
PM-HAM01-01120,HAM01,MO-HAM01,2026-02-17,Card payment VISA,4,10.95,EUR
PM-HAM01-01121,HAM01,MO-HAM01,2026-02-18,Card payment 20,1,2.0,EUR
PM-HAM01-01122,HAM01,MO-HAM01,2026-02-18,Card payment VISA,1,1.7,EUR
PM-HAM01-01123,HAM01,MO-HAM01,2026-02-19,Card payment 20,1,1.1,EUR
PM-HAM01-01124,HAM01,MO-HAM01,2026-02-23,Card payment Master Card,1,5.0,EUR
PM-HAM01-01125,HAM01,MO-HAM01,2026-02-25,Card payment 20,2,7.8,EUR
PM-HAM01-01126,HAM01,MO-HAM01,2026-03-03,Card payment,1,1.45,EUR
PM-HAM01-01127,HAM01,MO-HAM01,2026-03-03,Card payment 20,1,1.7,EUR
PM-HAM01-01128,HAM01,MO-HAM01,2026-03-04,Card payment 20,1,0.81,EUR
PM-HAM01-01129,HAM01,MO-HAM01,2026-03-05,Card payment 10,1,6.25,EUR
PM-HAM01-01130,HAM01,MO-HAM01,2026-03-05,Card payment 20,1,4.1,EUR
PM-HAM01-01131,HAM01,MO-HAM01,2026-03-06,Card payment 20,1,1.28,EUR
PM-HAM01-01132,HAM01,MO-HAM01,2026-03-06,Card payment VISA,1,3.71,EUR
PM-HAM01-01133,HAM01,MO-HAM01,2026-03-07,Card payment 20,1,0.88,EUR
PM-HAM01-01134,HAM01,MO-HAM01,2026-03-09,Card payment 20,1,2.1,EUR
PM-HAM01-01135,HAM01,MO-HAM01,2026-03-10,Card payment 20,4,11.19,EUR
PM-HAM01-01136,HAM01,MO-HAM01,2026-03-11,Card payment 10,1,2.5,EUR
PM-HAM01-01137,HAM01,MO-HAM01,2026-03-11,Card payment VISA,1,2.83,EUR
PM-HAM01-01138,HAM01,MO-HAM01,2026-03-12,Card payment 20,1,2.8,EUR
PM-HAM01-01139,HAM01,MO-HAM01,2026-03-12,Card payment Master Card,1,2.5,EUR
PM-HAM01-01140,HAM01,MO-HAM01,2026-03-12,Card payment VISA,2,17.65,EUR
PM-HAM01-01141,HAM01,MO-HAM01,2026-03-13,Card payment 20,2,4.0,EUR
PM-HAM01-01142,HAM01,MO-HAM01,2026-03-13,Card payment VISA,2,2.92,EUR
PM-HAM01-01143,HAM01,MO-HAM01,2026-03-14,Card payment Master Card,1,0.25,EUR
PM-HAM01-01144,HAM01,MO-HAM01,2026-03-15,Card payment 20,1,1.15,EUR
PM-HAM01-01145,HAM01,MO-HAM01,2026-03-16,Card payment 20,1,2.5,EUR
PM-HAM01-01146,HAM01,MO-HAM01,2026-03-18,Card payment 20,1,3.1,EUR
PM-HAM01-01147,HAM01,MO-HAM01,2026-03-19,Card payment 20,4,13.97,EUR
PM-HAM01-01148,HAM01,MO-HAM01,2026-03-20,Card payment 20,2,3.9,EUR
PM-HAM01-01149,HAM01,MO-HAM01,2026-03-23,Card payment 20,1,2.7,EUR
PM-HAM01-01150,HAM01,MO-HAM01,2026-03-24,Card payment 20,1,2.48,EUR
PM-HAM01-01151,HAM01,MO-HAM01,2026-03-24,Card payment Master Card,2,4.65,EUR
PM-HAM01-01152,HAM01,MO-HAM01,2026-03-25,Card payment 20,2,4.44,EUR
PM-HAM01-01153,HAM01,MO-HAM01,2026-03-26,Card payment 20,1,1.71,EUR
PM-HAM01-01154,HAM01,MO-HAM01,2026-03-27,Card payment 20,1,2.5,EUR
PM-HAM01-01155,HAM01,MO-HAM01,2026-03-29,Card payment 20,1,1.7,EUR
PM-HAM01-01156,HAM01,MO-HAM01,2026-03-30,Card payment,1,1.0,EUR
PM-HAM01-01157,HAM01,MO-HAM01,2026-03-30,Card payment 20,2,2.1,EUR
PM-HAM01-01158,HAM01,MO-HAM01,2026-03-31,Card payment 10,1,2.2,EUR
PM-HAM01-01159,HAM01,MO-HAM01,2026-03-31,Card payment 20,2,11.24,EUR
PM-HAM01-01160,HAM01,MO-HAM01,2026-03-31,Card payment VISA,1,10.19,EUR
PM-HAM01-01161,HAM01,MO-HAM01,2026-04-01,Card payment,1,2.5,EUR
PM-HAM01-01162,HAM01,MO-HAM01,2026-04-01,Card payment 20,1,1.27,EUR
PM-HAM01-01163,HAM01,MO-HAM01,2026-04-02,Card payment 20,2,8.54,EUR
PM-HAM01-01164,HAM01,MO-HAM01,2026-04-03,Card payment 10,1,16.0,EUR
PM-HAM01-01165,HAM01,MO-HAM01,2026-04-05,Card payment 10,1,4.8,EUR
PM-HAM01-01166,HAM01,MO-HAM01,2026-04-05,Card payment VISA,1,1.0,EUR
PM-HAM01-01167,HAM01,MO-HAM01,2026-04-06,Card payment 20,1,0.08,EUR
PM-HAM01-01168,HAM01,MO-HAM01,2026-04-08,Card payment 20,3,16.7,EUR
PM-HAM01-01169,HAM01,MO-HAM01,2026-04-08,Card payment Master Card,1,1.75,EUR
PM-HAM01-01170,HAM01,MO-HAM01,2026-04-08,Card payment VISA,1,1.32,EUR
PM-HAM01-01171,HAM01,MO-HAM01,2026-04-09,Card payment 20,1,0.25,EUR
PM-HAM01-01172,HAM01,MO-HAM01,2026-04-09,Card payment VISA,2,12.55,EUR
PM-HAM01-01173,HAM01,MO-HAM01,2026-04-10,Card payment 20,1,5.6,EUR
PM-HAM01-01174,HAM01,MO-HAM01,2026-04-10,Card payment VISA,1,2.5,EUR
PM-HAM01-01175,HAM01,MO-HAM01,2026-04-12,Card payment 20,1,1.7,EUR
PM-HAM01-01176,HAM01,MO-HAM01,2026-04-15,Card payment 20,3,3.09,EUR
PM-HAM01-01177,HAM01,MO-HAM01,2026-04-16,Card payment Master Card,1,0.5,EUR
PM-HAM01-01178,HAM01,MO-HAM01,2026-04-17,Card payment 20,1,1.54,EUR
PM-HAM01-01179,HAM01,MO-HAM01,2026-04-18,Card payment 20,1,1.7,EUR
PM-HAM01-01180,HAM01,MO-HAM01,2026-04-19,Card payment 20,1,17.0,EUR
PM-HAM01-01181,HAM01,MO-HAM01,2026-04-19,Card payment Master Card,1,2.5,EUR
PM-HAM01-01182,HAM01,MO-HAM01,2026-04-20,Card payment Master Card,1,2.2,EUR
PM-HAM01-01183,HAM01,MO-HAM01,2026-04-20,Card payment VISA,1,7.9,EUR
PM-HAM01-01184,HAM01,MO-HAM01,2026-04-22,Card payment 20,1,3.65,EUR
PM-HAM01-01185,HAM01,MO-HAM01,2026-04-22,Card payment Master Card,1,1.7,EUR
PM-HAM01-01186,HAM01,MO-HAM01,2026-04-22,Card payment VISA,1,2.5,EUR
PM-HAM01-01187,HAM01,MO-HAM01,2026-04-23,Card payment 20,1,2.5,EUR
PM-HAM01-01188,HAM01,MO-HAM01,2026-04-24,Card payment 20,1,1.7,EUR
PM-HAM01-01189,HAM01,MO-HAM01,2026-04-26,Card payment 20,2,7.25,EUR
PM-HAM01-01190,HAM01,MO-HAM01,2026-04-27,Card payment 20,2,8.32,EUR
PM-HAM01-01191,HAM01,MO-HAM01,2026-04-27,Card payment VISA,1,3.4,EUR
PM-HAM01-01192,HAM01,MO-HAM01,2026-04-28,Card payment 20,2,3.3,EUR
PM-HAM01-01193,HAM01,MO-HAM01,2026-04-30,Card payment 20,4,11.37,EUR
PM-HAM01-01194,HAM01,MO-HAM01,2026-04-30,Card payment VISA,1,1.85,EUR
PM-HAM01-01195,HAM01,MO-HAM01,2026-05-01,Card payment 20,1,3.0,EUR
PM-HAM01-01196,HAM01,MO-HAM01,2026-05-02,Card payment 20,1,3.86,EUR
PM-HAM01-01197,HAM01,MO-HAM01,2026-05-05,Card payment 10,1,3.1,EUR
PM-HAM01-01198,HAM01,MO-HAM01,2026-05-06,Card payment 10,1,5.0,EUR
PM-HAM01-01199,HAM01,MO-HAM01,2026-05-06,Card payment 20,2,6.13,EUR
PM-HAM01-01200,HAM01,MO-HAM01,2026-05-06,Card payment VISA,1,1.0,EUR
PM-HAM01-01201,HAM01,MO-HAM01,2026-05-07,Card payment Master Card,1,0.5,EUR
PM-HAM01-01202,HAM01,MO-HAM01,2026-05-07,Card payment VISA,1,2.5,EUR
PM-HAM01-01203,HAM01,MO-HAM01,2026-05-08,Card payment 20,1,3.9,EUR
PM-HAM01-01204,HAM01,MO-HAM01,2026-05-11,Card payment,1,2.97,EUR
PM-HAM01-01205,HAM01,MO-HAM01,2026-05-11,Card payment 10,1,4.6,EUR
PM-HAM01-01206,HAM01,MO-HAM01,2026-05-11,Card payment 20,2,3.35,EUR
PM-HAM01-01207,HAM01,MO-HAM01,2026-05-11,Card payment VISA,1,2.07,EUR
PM-HAM01-01208,HAM01,MO-HAM01,2026-05-12,Card payment 10,1,1.7,EUR
PM-HAM01-01209,HAM01,MO-HAM01,2026-05-13,Card payment 20,1,2.79,EUR
PM-HAM01-01210,HAM01,MO-HAM01,2026-05-13,Card payment American Express,1,3.77,EUR
PM-HAM01-01211,HAM01,MO-HAM01,2026-05-13,Card payment Master Card,1,1.0,EUR
PM-HAM01-01212,HAM01,MO-HAM01,2026-05-14,Card payment 20,3,13.63,EUR
PM-HAM01-01213,HAM01,MO-HAM01,2026-05-15,Card payment Master Card,1,1.36,EUR
PM-HAM01-01214,HAM01,MO-HAM01,2026-05-17,Card payment Master Card,1,0.25,EUR
PM-HAM01-01215,HAM01,MO-HAM01,2026-05-18,Card payment 20,1,5.1,EUR
PM-HAM01-01216,HAM01,MO-HAM01,2026-05-18,Card payment Master Card,1,4.85,EUR
PM-HAM01-01217,HAM01,MO-HAM01,2026-05-19,Card payment,1,2.7,EUR
PM-HAM01-01218,HAM01,MO-HAM01,2026-05-19,Card payment 10,1,5.25,EUR
PM-HAM01-01219,HAM01,MO-HAM01,2026-05-20,Card payment 20,2,6.2,EUR
PM-HAM01-01220,HAM01,MO-HAM01,2026-05-21,Card payment 20,1,2.5,EUR
PM-HAM01-01221,HAM01,MO-HAM01,2026-05-22,Card payment 20,2,1.4,EUR
PM-HAM01-01222,HAM01,MO-HAM01,2026-05-24,Card payment 20,1,5.49,EUR
PM-HAM01-01223,HAM01,MO-HAM01,2026-05-24,Card payment VISA,1,1.4,EUR
PM-HAM01-01224,HAM01,MO-HAM01,2026-05-25,Card payment 20,1,6.3,EUR
PM-HAM01-01225,HAM01,MO-HAM01,2026-05-25,Card payment Master Card,2,6.7,EUR
PM-HAM01-01226,HAM01,MO-HAM01,2026-05-26,Card payment 20,2,5.67,EUR
PM-HAM01-01227,HAM01,MO-HAM01,2026-05-27,Card payment 20,2,4.2,EUR
PM-HAM01-01228,HAM01,MO-HAM01,2026-05-28,Card payment 20,1,1.08,EUR
PM-HAM01-01229,HAM01,MO-HAM01,2026-05-29,Card payment 20,1,2.5,EUR
PM-HAM01-01230,HAM01,MO-HAM01,2026-05-30,Card payment 20,1,3.1,EUR
PM-HAM01-01231,HAM01,MO-HAM01,2026-05-30,Card payment VISA,1,4.05,EUR
PM-HAM01-01232,HAM01,MO-HAM01,2026-06-01,Card payment 20,2,4.49,EUR
PM-HAM01-01233,HAM01,MO-HAM01,2026-06-02,Card payment 20,2,3.7,EUR
PM-HAM01-01234,HAM01,MO-HAM01,2026-06-02,Card payment VISA,1,1.08,EUR
PM-HAM01-01235,HAM01,MO-HAM01,2026-06-03,Card payment 20,1,28.8,EUR
PM-HAM01-01236,HAM01,MO-HAM01,2026-06-03,Card payment VISA,2,5.25,EUR
PM-HAM01-01237,HAM01,MO-HAM01,2026-06-04,Card payment 20,2,3.9,EUR
PM-HAM01-01238,HAM01,MO-HAM01,2026-06-04,Card payment Master Card,1,2.68,EUR
PM-HAM01-01239,HAM01,MO-HAM01,2026-06-05,Card payment 20,1,1.7,EUR
PM-HAM01-01240,HAM01,MO-HAM01,2026-06-07,Card payment 20,1,1.0,EUR
PM-HAM01-01241,HAM01,MO-HAM01,2026-06-08,Card payment 20,2,6.6,EUR
PM-HAM01-01242,HAM01,MO-HAM01,2026-06-09,Card payment 20,2,9.82,EUR
PM-HAM01-01243,HAM01,MO-HAM01,2026-06-10,Card payment 20,1,1.0,EUR
PM-HAM01-01244,HAM01,MO-HAM01,2026-06-11,Card payment 20,1,1.2,EUR
PM-HAM01-01245,HAM01,MO-HAM01,2026-06-11,Card payment VISA,1,1.4,EUR
PM-HAM01-01246,HAM01,MO-HAM01,2026-06-12,Card payment Master Card,1,0.13,EUR
PM-HAM01-01247,HAM01,MO-HAM01,2026-06-14,Card payment 20,1,1.5,EUR
PM-HAM01-01248,HAM01,MO-HAM01,2026-06-16,Card payment 20,3,8.48,EUR
PM-HAM01-01249,HAM01,MO-HAM01,2026-06-17,Card payment 20,1,2.5,EUR
PM-HAM01-01250,HAM01,MO-HAM01,2026-06-18,Card payment 20,1,1.93,EUR
PM-HAM01-01251,HAM01,MO-HAM01,2026-06-22,Card payment 20,1,0.25,EUR
PM-HAM01-01252,HAM01,MO-HAM01,2026-06-23,Card payment,1,0.25,EUR
PM-HAM01-01253,HAM01,MO-HAM01,2026-06-23,Card payment 10,1,1.93,EUR
PM-HAM01-01254,HAM01,MO-HAM01,2026-06-23,Card payment 20,1,2.5,EUR
PM-HAM01-01255,HAM01,MO-HAM01,2026-06-24,Card payment 20,2,3.6,EUR
PM-HAM01-01256,HAM01,MO-HAM01,2026-06-29,Card payment 20,3,7.33,EUR
PM-HAM01-01257,HAM01,MO-HAM01,2026-06-29,Card payment VISA,1,3.77,EUR
PM-HAM01-01258,HAM01,MO-HAM01,2026-06-30,Card payment 10,1,6.0,EUR
PM-HAM01-01259,HAM01,MO-HAM01,2026-06-30,Card payment 20,1,2.5,EUR
PM-HAM01-01260,HAM01,MO-HAM01,2026-07-01,Card payment 20,1,0.75,EUR
PM-HAM01-01261,HAM01,MO-HAM01,2026-07-02,Card payment 20,2,7.85,EUR
PM-HAM01-01262,HAM01,MO-HAM01,2026-07-03,Card payment 20,2,13.15,EUR
PM-HAM01-01263,HAM01,MO-HAM01,2026-07-03,Card payment VISA,1,0.14,EUR
PM-HAM01-01264,HAM01,PF-HAM01,2026-01-01,Card payment 20,15,61.36,EUR
PM-HAM01-01265,HAM01,PF-HAM01,2026-01-01,Card payment American Express,1,2.5,EUR
PM-HAM01-01266,HAM01,PF-HAM01,2026-01-01,Card payment Master Card,4,15.2,EUR
PM-HAM01-01267,HAM01,PF-HAM01,2026-01-01,Card payment VISA,1,2.22,EUR
PM-HAM01-01268,HAM01,PF-HAM01,2026-01-02,Card payment 10,3,9.95,EUR
PM-HAM01-01269,HAM01,PF-HAM01,2026-01-02,Card payment 20,14,39.26,EUR
PM-HAM01-01270,HAM01,PF-HAM01,2026-01-02,Card payment Master Card,2,3.28,EUR
PM-HAM01-01271,HAM01,PF-HAM01,2026-01-02,Card payment VISA,5,5.35,EUR
PM-HAM01-01272,HAM01,PF-HAM01,2026-01-03,Card payment 20,3,9.03,EUR
PM-HAM01-01273,HAM01,PF-HAM01,2026-01-03,Card payment VISA,1,2.0,EUR
PM-HAM01-01274,HAM01,PF-HAM01,2026-01-04,Card payment 10,1,1.6,EUR
PM-HAM01-01275,HAM01,PF-HAM01,2026-01-04,Card payment 20,3,5.84,EUR
PM-HAM01-01276,HAM01,PF-HAM01,2026-01-04,Card payment Master Card,1,2.05,EUR
PM-HAM01-01277,HAM01,PF-HAM01,2026-01-04,Card payment VISA,6,2.56,EUR
PM-HAM01-01278,HAM01,PF-HAM01,2026-01-05,Card payment,2,3.45,EUR
PM-HAM01-01279,HAM01,PF-HAM01,2026-01-05,Card payment 20,13,56.54,EUR
PM-HAM01-01280,HAM01,PF-HAM01,2026-01-05,Card payment Master Card,1,6.52,EUR
PM-HAM01-01281,HAM01,PF-HAM01,2026-01-05,Card payment VISA,4,7.78,EUR
PM-HAM01-01282,HAM01,PF-HAM01,2026-01-06,Card payment 10,1,4.4,EUR
PM-HAM01-01283,HAM01,PF-HAM01,2026-01-06,Card payment 20,17,75.37,EUR
PM-HAM01-01284,HAM01,PF-HAM01,2026-01-06,Card payment Master Card,3,7.57,EUR
PM-HAM01-01285,HAM01,PF-HAM01,2026-01-06,Card payment VISA,9,22.82,EUR
PM-HAM01-01286,HAM01,PF-HAM01,2026-01-07,Card payment 10,2,10.83,EUR
PM-HAM01-01287,HAM01,PF-HAM01,2026-01-07,Card payment 20,16,48.76,EUR
PM-HAM01-01288,HAM01,PF-HAM01,2026-01-07,Card payment Master Card,1,1.6,EUR
PM-HAM01-01289,HAM01,PF-HAM01,2026-01-07,Card payment VISA,2,11.3,EUR
PM-HAM01-01290,HAM01,PF-HAM01,2026-01-08,Card payment 10,1,1.59,EUR
PM-HAM01-01291,HAM01,PF-HAM01,2026-01-08,Card payment 20,11,36.61,EUR
PM-HAM01-01292,HAM01,PF-HAM01,2026-01-08,Card payment Master Card,1,0.9,EUR
PM-HAM01-01293,HAM01,PF-HAM01,2026-01-08,Card payment VISA,3,9.1,EUR
PM-HAM01-01294,HAM01,PF-HAM01,2026-01-09,Card payment 10,1,1.5,EUR
PM-HAM01-01295,HAM01,PF-HAM01,2026-01-09,Card payment 20,8,25.76,EUR
PM-HAM01-01296,HAM01,PF-HAM01,2026-01-09,Card payment Master Card,1,3.2,EUR
PM-HAM01-01297,HAM01,PF-HAM01,2026-01-09,Card payment VISA,1,1.5,EUR
PM-HAM01-01298,HAM01,PF-HAM01,2026-01-10,Card payment 20,2,5.7,EUR
PM-HAM01-01299,HAM01,PF-HAM01,2026-01-10,Card payment American Express,1,0.25,EUR
PM-HAM01-01300,HAM01,PF-HAM01,2026-01-11,Card payment 20,8,25.91,EUR
PM-HAM01-01301,HAM01,PF-HAM01,2026-01-11,Card payment Master Card,1,2.36,EUR
PM-HAM01-01302,HAM01,PF-HAM01,2026-01-11,Card payment VISA,1,2.4,EUR
PM-HAM01-01303,HAM01,PF-HAM01,2026-01-12,Card payment,1,2.2,EUR
PM-HAM01-01304,HAM01,PF-HAM01,2026-01-12,Card payment 10,2,12.88,EUR
PM-HAM01-01305,HAM01,PF-HAM01,2026-01-12,Card payment 20,11,16.17,EUR
PM-HAM01-01306,HAM01,PF-HAM01,2026-01-12,Card payment Master Card,1,2.7,EUR
PM-HAM01-01307,HAM01,PF-HAM01,2026-01-12,Card payment VISA,6,18.08,EUR
PM-HAM01-01308,HAM01,PF-HAM01,2026-01-13,Card payment,1,2.5,EUR
PM-HAM01-01309,HAM01,PF-HAM01,2026-01-13,Card payment 10,2,6.6,EUR
PM-HAM01-01310,HAM01,PF-HAM01,2026-01-13,Card payment 20,14,38.98,EUR
PM-HAM01-01311,HAM01,PF-HAM01,2026-01-13,Card payment Master Card,2,4.1,EUR
PM-HAM01-01312,HAM01,PF-HAM01,2026-01-13,Card payment VISA,5,27.18,EUR
PM-HAM01-01313,HAM01,PF-HAM01,2026-01-14,Card payment,2,5.67,EUR
PM-HAM01-01314,HAM01,PF-HAM01,2026-01-14,Card payment 10,3,6.15,EUR
PM-HAM01-01315,HAM01,PF-HAM01,2026-01-14,Card payment 20,19,61.64,EUR
PM-HAM01-01316,HAM01,PF-HAM01,2026-01-14,Card payment Master Card,1,10.35,EUR
PM-HAM01-01317,HAM01,PF-HAM01,2026-01-14,Card payment VISA,8,16.25,EUR
PM-HAM01-01318,HAM01,PF-HAM01,2026-01-15,Card payment 10,1,4.62,EUR
PM-HAM01-01319,HAM01,PF-HAM01,2026-01-15,Card payment 20,13,39.25,EUR
PM-HAM01-01320,HAM01,PF-HAM01,2026-01-15,Card payment Master Card,1,1.5,EUR
PM-HAM01-01321,HAM01,PF-HAM01,2026-01-15,Card payment VISA,3,10.55,EUR
PM-HAM01-01322,HAM01,PF-HAM01,2026-01-16,Card payment 20,10,21.35,EUR
PM-HAM01-01323,HAM01,PF-HAM01,2026-01-16,Card payment Master Card,1,2.5,EUR
PM-HAM01-01324,HAM01,PF-HAM01,2026-01-16,Card payment VISA,1,3.2,EUR
PM-HAM01-01325,HAM01,PF-HAM01,2026-01-17,Card payment 20,2,2.32,EUR
PM-HAM01-01326,HAM01,PF-HAM01,2026-01-17,Card payment VISA,2,5.6,EUR
PM-HAM01-01327,HAM01,PF-HAM01,2026-01-18,Card payment 20,5,15.6,EUR
PM-HAM01-01328,HAM01,PF-HAM01,2026-01-18,Card payment Master Card,1,1.6,EUR
PM-HAM01-01329,HAM01,PF-HAM01,2026-01-18,Card payment VISA,2,2.2,EUR
PM-HAM01-01330,HAM01,PF-HAM01,2026-01-19,Card payment,1,7.4,EUR
PM-HAM01-01331,HAM01,PF-HAM01,2026-01-19,Card payment 10,2,16.9,EUR
PM-HAM01-01332,HAM01,PF-HAM01,2026-01-19,Card payment 20,15,41.88,EUR
PM-HAM01-01333,HAM01,PF-HAM01,2026-01-19,Card payment Master Card,2,8.3,EUR
PM-HAM01-01334,HAM01,PF-HAM01,2026-01-19,Card payment VISA,2,1.95,EUR
PM-HAM01-01335,HAM01,PF-HAM01,2026-01-20,Card payment 20,23,68.14,EUR
PM-HAM01-01336,HAM01,PF-HAM01,2026-01-20,Card payment American Express,1,3.8,EUR
PM-HAM01-01337,HAM01,PF-HAM01,2026-01-20,Card payment Master Card,2,4.57,EUR
PM-HAM01-01338,HAM01,PF-HAM01,2026-01-20,Card payment VISA,6,26.88,EUR
PM-HAM01-01339,HAM01,PF-HAM01,2026-01-21,Card payment,1,0.33,EUR
PM-HAM01-01340,HAM01,PF-HAM01,2026-01-21,Card payment 10,3,13.19,EUR
PM-HAM01-01341,HAM01,PF-HAM01,2026-01-21,Card payment 20,14,35.98,EUR
PM-HAM01-01342,HAM01,PF-HAM01,2026-01-21,Card payment Master Card,1,0.23,EUR
PM-HAM01-01343,HAM01,PF-HAM01,2026-01-21,Card payment VISA,3,6.25,EUR
PM-HAM01-01344,HAM01,PF-HAM01,2026-01-22,Card payment 10,4,16.6,EUR
PM-HAM01-01345,HAM01,PF-HAM01,2026-01-22,Card payment 20,19,54.34,EUR
PM-HAM01-01346,HAM01,PF-HAM01,2026-01-22,Card payment American Express,1,2.5,EUR
PM-HAM01-01347,HAM01,PF-HAM01,2026-01-22,Card payment Master Card,3,7.03,EUR
PM-HAM01-01348,HAM01,PF-HAM01,2026-01-22,Card payment VISA,1,1.0,EUR
PM-HAM01-01349,HAM01,PF-HAM01,2026-01-23,Card payment,1,2.5,EUR
PM-HAM01-01350,HAM01,PF-HAM01,2026-01-23,Card payment 10,2,9.9,EUR
PM-HAM01-01351,HAM01,PF-HAM01,2026-01-23,Card payment 20,19,53.31,EUR
PM-HAM01-01352,HAM01,PF-HAM01,2026-01-23,Card payment American Express,1,1.98,EUR
PM-HAM01-01353,HAM01,PF-HAM01,2026-01-23,Card payment Master Card,1,6.9,EUR
PM-HAM01-01354,HAM01,PF-HAM01,2026-01-23,Card payment VISA,7,17.55,EUR
PM-HAM01-01355,HAM01,PF-HAM01,2026-01-24,Card payment,1,1.32,EUR
PM-HAM01-01356,HAM01,PF-HAM01,2026-01-24,Card payment 20,3,8.75,EUR
PM-HAM01-01357,HAM01,PF-HAM01,2026-01-25,Card payment 20,8,16.71,EUR
PM-HAM01-01358,HAM01,PF-HAM01,2026-01-25,Card payment Master Card,2,1.85,EUR
PM-HAM01-01359,HAM01,PF-HAM01,2026-01-25,Card payment VISA,1,2.5,EUR
PM-HAM01-01360,HAM01,PF-HAM01,2026-01-26,Card payment,1,3.4,EUR
PM-HAM01-01361,HAM01,PF-HAM01,2026-01-26,Card payment 10,1,6.3,EUR
PM-HAM01-01362,HAM01,PF-HAM01,2026-01-26,Card payment 20,10,27.71,EUR
PM-HAM01-01363,HAM01,PF-HAM01,2026-01-26,Card payment Master Card,1,5.0,EUR
PM-HAM01-01364,HAM01,PF-HAM01,2026-01-26,Card payment VISA,3,9.29,EUR
PM-HAM01-01365,HAM01,PF-HAM01,2026-01-27,Card payment,1,5.45,EUR
PM-HAM01-01366,HAM01,PF-HAM01,2026-01-27,Card payment 10,3,7.2,EUR
PM-HAM01-01367,HAM01,PF-HAM01,2026-01-27,Card payment 20,13,64.8,EUR
PM-HAM01-01368,HAM01,PF-HAM01,2026-01-27,Card payment Master Card,2,9.17,EUR
PM-HAM01-01369,HAM01,PF-HAM01,2026-01-27,Card payment VISA,2,5.39,EUR
PM-HAM01-01370,HAM01,PF-HAM01,2026-01-28,Card payment 10,1,2.68,EUR
PM-HAM01-01371,HAM01,PF-HAM01,2026-01-28,Card payment 20,21,55.9,EUR
PM-HAM01-01372,HAM01,PF-HAM01,2026-01-28,Card payment Master Card,3,8.86,EUR
PM-HAM01-01373,HAM01,PF-HAM01,2026-01-28,Card payment VISA,5,9.0,EUR
PM-HAM01-01374,HAM01,PF-HAM01,2026-01-29,Card payment,1,1.7,EUR
PM-HAM01-01375,HAM01,PF-HAM01,2026-01-29,Card payment 20,11,33.26,EUR
PM-HAM01-01376,HAM01,PF-HAM01,2026-01-29,Card payment VISA,6,20.75,EUR
PM-HAM01-01377,HAM01,PF-HAM01,2026-01-30,Card payment 10,1,0.15,EUR
PM-HAM01-01378,HAM01,PF-HAM01,2026-01-30,Card payment 20,12,77.15,EUR
PM-HAM01-01379,HAM01,PF-HAM01,2026-01-30,Card payment Master Card,2,6.56,EUR
PM-HAM01-01380,HAM01,PF-HAM01,2026-01-30,Card payment VISA,6,12.11,EUR
PM-HAM01-01381,HAM01,PF-HAM01,2026-01-31,Card payment 10,1,1.7,EUR
PM-HAM01-01382,HAM01,PF-HAM01,2026-01-31,Card payment 20,4,7.25,EUR
PM-HAM01-01383,HAM01,PF-HAM01,2026-01-31,Card payment Master Card,1,2.9,EUR
PM-HAM01-01384,HAM01,PF-HAM01,2026-02-01,Card payment,1,3.0,EUR
PM-HAM01-01385,HAM01,PF-HAM01,2026-02-01,Card payment 20,5,7.82,EUR
PM-HAM01-01386,HAM01,PF-HAM01,2026-02-01,Card payment Master Card,1,1.98,EUR
PM-HAM01-01387,HAM01,PF-HAM01,2026-02-02,Card payment 10,2,8.4,EUR
PM-HAM01-01388,HAM01,PF-HAM01,2026-02-02,Card payment 20,18,61.76,EUR
PM-HAM01-01389,HAM01,PF-HAM01,2026-02-02,Card payment Master Card,1,1.14,EUR
PM-HAM01-01390,HAM01,PF-HAM01,2026-02-02,Card payment VISA,5,13.17,EUR
PM-HAM01-01391,HAM01,PF-HAM01,2026-02-03,Card payment,1,6.9,EUR
PM-HAM01-01392,HAM01,PF-HAM01,2026-02-03,Card payment 10,2,5.9,EUR
PM-HAM01-01393,HAM01,PF-HAM01,2026-02-03,Card payment 20,13,40.95,EUR
PM-HAM01-01394,HAM01,PF-HAM01,2026-02-03,Card payment Master Card,2,6.37,EUR
PM-HAM01-01395,HAM01,PF-HAM01,2026-02-03,Card payment VISA,3,9.07,EUR
PM-HAM01-01396,HAM01,PF-HAM01,2026-02-04,Card payment 20,15,36.14,EUR
PM-HAM01-01397,HAM01,PF-HAM01,2026-02-04,Card payment Master Card,2,3.17,EUR
PM-HAM01-01398,HAM01,PF-HAM01,2026-02-04,Card payment VISA,2,7.45,EUR
PM-HAM01-01399,HAM01,PF-HAM01,2026-02-05,Card payment,1,3.9,EUR
PM-HAM01-01400,HAM01,PF-HAM01,2026-02-05,Card payment 10,1,3.9,EUR
PM-HAM01-01401,HAM01,PF-HAM01,2026-02-05,Card payment 20,14,37.85,EUR
PM-HAM01-01402,HAM01,PF-HAM01,2026-02-05,Card payment Master Card,3,50.5,EUR
PM-HAM01-01403,HAM01,PF-HAM01,2026-02-05,Card payment VISA,1,2.0,EUR
PM-HAM01-01404,HAM01,PF-HAM01,2026-02-06,Card payment 10,1,6.3,EUR
PM-HAM01-01405,HAM01,PF-HAM01,2026-02-06,Card payment 20,6,13.18,EUR
PM-HAM01-01406,HAM01,PF-HAM01,2026-02-06,Card payment Master Card,1,1.95,EUR
PM-HAM01-01407,HAM01,PF-HAM01,2026-02-06,Card payment VISA,2,2.05,EUR
PM-HAM01-01408,HAM01,PF-HAM01,2026-02-07,Card payment 10,1,1.39,EUR
PM-HAM01-01409,HAM01,PF-HAM01,2026-02-07,Card payment 20,1,2.5,EUR
PM-HAM01-01410,HAM01,PF-HAM01,2026-02-07,Card payment Master Card,2,4.02,EUR
PM-HAM01-01411,HAM01,PF-HAM01,2026-02-07,Card payment VISA,1,2.26,EUR
PM-HAM01-01412,HAM01,PF-HAM01,2026-02-08,Card payment 20,4,7.68,EUR
PM-HAM01-01413,HAM01,PF-HAM01,2026-02-08,Card payment Master Card,1,4.85,EUR
PM-HAM01-01414,HAM01,PF-HAM01,2026-02-08,Card payment VISA,2,4.4,EUR
PM-HAM01-01415,HAM01,PF-HAM01,2026-02-09,Card payment,1,2.5,EUR
PM-HAM01-01416,HAM01,PF-HAM01,2026-02-09,Card payment 10,4,14.2,EUR
PM-HAM01-01417,HAM01,PF-HAM01,2026-02-09,Card payment 20,15,56.97,EUR
PM-HAM01-01418,HAM01,PF-HAM01,2026-02-09,Card payment Master Card,2,3.5,EUR
PM-HAM01-01419,HAM01,PF-HAM01,2026-02-09,Card payment VISA,1,6.4,EUR
PM-HAM01-01420,HAM01,PF-HAM01,2026-02-10,Card payment,2,6.7,EUR
PM-HAM01-01421,HAM01,PF-HAM01,2026-02-10,Card payment 10,1,1.7,EUR
PM-HAM01-01422,HAM01,PF-HAM01,2026-02-10,Card payment 20,13,36.76,EUR
PM-HAM01-01423,HAM01,PF-HAM01,2026-02-10,Card payment Master Card,1,3.1,EUR
PM-HAM01-01424,HAM01,PF-HAM01,2026-02-10,Card payment VISA,5,7.1,EUR
PM-HAM01-01425,HAM01,PF-HAM01,2026-02-11,Card payment 10,4,11.39,EUR
PM-HAM01-01426,HAM01,PF-HAM01,2026-02-11,Card payment 20,11,35.05,EUR
PM-HAM01-01427,HAM01,PF-HAM01,2026-02-11,Card payment VISA,6,12.06,EUR
PM-HAM01-01428,HAM01,PF-HAM01,2026-02-12,Card payment,1,1.95,EUR
PM-HAM01-01429,HAM01,PF-HAM01,2026-02-12,Card payment 20,9,20.57,EUR
PM-HAM01-01430,HAM01,PF-HAM01,2026-02-12,Card payment Master Card,2,5.65,EUR
PM-HAM01-01431,HAM01,PF-HAM01,2026-02-12,Card payment VISA,3,7.87,EUR
PM-HAM01-01432,HAM01,PF-HAM01,2026-02-13,Card payment,1,0.25,EUR
PM-HAM01-01433,HAM01,PF-HAM01,2026-02-13,Card payment 20,8,26.6,EUR
PM-HAM01-01434,HAM01,PF-HAM01,2026-02-13,Card payment Master Card,2,4.8,EUR
PM-HAM01-01435,HAM01,PF-HAM01,2026-02-14,Card payment,1,3.82,EUR
PM-HAM01-01436,HAM01,PF-HAM01,2026-02-14,Card payment 20,3,2.78,EUR
PM-HAM01-01437,HAM01,PF-HAM01,2026-02-15,Card payment 10,3,22.12,EUR
PM-HAM01-01438,HAM01,PF-HAM01,2026-02-15,Card payment 20,8,27.76,EUR
PM-HAM01-01439,HAM01,PF-HAM01,2026-02-16,Card payment 20,11,27.47,EUR
PM-HAM01-01440,HAM01,PF-HAM01,2026-02-16,Card payment VISA,6,31.28,EUR
PM-HAM01-01441,HAM01,PF-HAM01,2026-02-17,Card payment 20,17,48.55,EUR
PM-HAM01-01442,HAM01,PF-HAM01,2026-02-17,Card payment Master Card,4,8.35,EUR
PM-HAM01-01443,HAM01,PF-HAM01,2026-02-17,Card payment VISA,5,10.9,EUR
PM-HAM01-01444,HAM01,PF-HAM01,2026-02-18,Card payment 20,17,41.68,EUR
PM-HAM01-01445,HAM01,PF-HAM01,2026-02-18,Card payment Master Card,2,4.79,EUR
PM-HAM01-01446,HAM01,PF-HAM01,2026-02-18,Card payment VISA,6,19.43,EUR
PM-HAM01-01447,HAM01,PF-HAM01,2026-02-19,Card payment,1,4.7,EUR
PM-HAM01-01448,HAM01,PF-HAM01,2026-02-19,Card payment 10,1,5.8,EUR
PM-HAM01-01449,HAM01,PF-HAM01,2026-02-19,Card payment 20,5,11.23,EUR
PM-HAM01-01450,HAM01,PF-HAM01,2026-02-19,Card payment Master Card,2,9.95,EUR
PM-HAM01-01451,HAM01,PF-HAM01,2026-02-19,Card payment VISA,2,2.79,EUR
PM-HAM01-01452,HAM01,PF-HAM01,2026-02-20,Card payment 20,7,18.4,EUR
PM-HAM01-01453,HAM01,PF-HAM01,2026-02-20,Card payment Master Card,2,7.09,EUR
PM-HAM01-01454,HAM01,PF-HAM01,2026-02-20,Card payment VISA,1,2.7,EUR
PM-HAM01-01455,HAM01,PF-HAM01,2026-02-21,Card payment,1,0.15,EUR
PM-HAM01-01456,HAM01,PF-HAM01,2026-02-21,Card payment 20,3,6.53,EUR
PM-HAM01-01457,HAM01,PF-HAM01,2026-02-22,Card payment 10,1,3.99,EUR
PM-HAM01-01458,HAM01,PF-HAM01,2026-02-22,Card payment 20,5,9.1,EUR
PM-HAM01-01459,HAM01,PF-HAM01,2026-02-22,Card payment Master Card,1,0.5,EUR
PM-HAM01-01460,HAM01,PF-HAM01,2026-02-22,Card payment VISA,2,2.75,EUR
PM-HAM01-01461,HAM01,PF-HAM01,2026-02-23,Card payment,1,6.65,EUR
PM-HAM01-01462,HAM01,PF-HAM01,2026-02-23,Card payment 10,3,6.65,EUR
PM-HAM01-01463,HAM01,PF-HAM01,2026-02-23,Card payment 20,13,30.14,EUR
PM-HAM01-01464,HAM01,PF-HAM01,2026-02-23,Card payment Master Card,4,6.67,EUR
PM-HAM01-01465,HAM01,PF-HAM01,2026-02-23,Card payment VISA,1,0.45,EUR
PM-HAM01-01466,HAM01,PF-HAM01,2026-02-24,Card payment,1,1.7,EUR
PM-HAM01-01467,HAM01,PF-HAM01,2026-02-24,Card payment 10,1,0.08,EUR
PM-HAM01-01468,HAM01,PF-HAM01,2026-02-24,Card payment 20,20,55.81,EUR
PM-HAM01-01469,HAM01,PF-HAM01,2026-02-24,Card payment Master Card,1,5.8,EUR
PM-HAM01-01470,HAM01,PF-HAM01,2026-02-24,Card payment VISA,5,6.0,EUR
PM-HAM01-01471,HAM01,PF-HAM01,2026-02-25,Card payment,1,0.5,EUR
PM-HAM01-01472,HAM01,PF-HAM01,2026-02-25,Card payment 10,1,2.69,EUR
PM-HAM01-01473,HAM01,PF-HAM01,2026-02-25,Card payment 20,13,30.95,EUR
PM-HAM01-01474,HAM01,PF-HAM01,2026-02-25,Card payment Master Card,1,1.7,EUR
PM-HAM01-01475,HAM01,PF-HAM01,2026-02-25,Card payment VISA,3,14.69,EUR
PM-HAM01-01476,HAM01,PF-HAM01,2026-02-26,Card payment,1,2.7,EUR
PM-HAM01-01477,HAM01,PF-HAM01,2026-02-26,Card payment 10,2,4.65,EUR
PM-HAM01-01478,HAM01,PF-HAM01,2026-02-26,Card payment 20,8,23.31,EUR
PM-HAM01-01479,HAM01,PF-HAM01,2026-02-26,Card payment American Express,1,1.42,EUR
PM-HAM01-01480,HAM01,PF-HAM01,2026-02-26,Card payment Master Card,2,5.75,EUR
PM-HAM01-01481,HAM01,PF-HAM01,2026-02-26,Card payment VISA,4,7.37,EUR
PM-HAM01-01482,HAM01,PF-HAM01,2026-02-27,Card payment 10,1,1.6,EUR
PM-HAM01-01483,HAM01,PF-HAM01,2026-02-27,Card payment 20,9,21.56,EUR
PM-HAM01-01484,HAM01,PF-HAM01,2026-02-27,Card payment Master Card,3,4.33,EUR
PM-HAM01-01485,HAM01,PF-HAM01,2026-02-27,Card payment VISA,2,5.5,EUR
PM-HAM01-01486,HAM01,PF-HAM01,2026-02-28,Card payment 20,8,8.32,EUR
PM-HAM01-01487,HAM01,PF-HAM01,2026-03-01,Card payment 20,6,11.7,EUR
PM-HAM01-01488,HAM01,PF-HAM01,2026-03-01,Card payment Master Card,2,1.6,EUR
PM-HAM01-01489,HAM01,PF-HAM01,2026-03-01,Card payment VISA,2,5.18,EUR
PM-HAM01-01490,HAM01,PF-HAM01,2026-03-02,Card payment 20,12,32.65,EUR
PM-HAM01-01491,HAM01,PF-HAM01,2026-03-02,Card payment Master Card,1,6.1,EUR
PM-HAM01-01492,HAM01,PF-HAM01,2026-03-02,Card payment VISA,4,11.1,EUR
PM-HAM01-01493,HAM01,PF-HAM01,2026-03-03,Card payment 10,1,0.25,EUR
PM-HAM01-01494,HAM01,PF-HAM01,2026-03-03,Card payment 20,13,54.32,EUR
PM-HAM01-01495,HAM01,PF-HAM01,2026-03-03,Card payment Master Card,3,10.66,EUR
PM-HAM01-01496,HAM01,PF-HAM01,2026-03-03,Card payment VISA,2,12.04,EUR
PM-HAM01-01497,HAM01,PF-HAM01,2026-03-04,Card payment 20,17,96.12,EUR
PM-HAM01-01498,HAM01,PF-HAM01,2026-03-04,Card payment Master Card,2,10.15,EUR
PM-HAM01-01499,HAM01,PF-HAM01,2026-03-04,Card payment VISA,4,11.8,EUR
PM-HAM01-01500,HAM01,PF-HAM01,2026-03-05,Card payment 10,2,2.95,EUR
PM-HAM01-01501,HAM01,PF-HAM01,2026-03-05,Card payment 20,14,29.81,EUR
PM-HAM01-01502,HAM01,PF-HAM01,2026-03-05,Card payment Master Card,2,5.36,EUR
PM-HAM01-01503,HAM01,PF-HAM01,2026-03-05,Card payment VISA,5,11.89,EUR
PM-HAM01-01504,HAM01,PF-HAM01,2026-03-06,Card payment 10,3,7.25,EUR
PM-HAM01-01505,HAM01,PF-HAM01,2026-03-06,Card payment 20,7,13.44,EUR
PM-HAM01-01506,HAM01,PF-HAM01,2026-03-06,Card payment VISA,1,1.7,EUR
PM-HAM01-01507,HAM01,PF-HAM01,2026-03-07,Card payment 20,2,6.1,EUR
PM-HAM01-01508,HAM01,PF-HAM01,2026-03-08,Card payment 10,2,5.1,EUR
PM-HAM01-01509,HAM01,PF-HAM01,2026-03-08,Card payment 20,7,20.97,EUR
PM-HAM01-01510,HAM01,PF-HAM01,2026-03-08,Card payment Master Card,2,3.28,EUR
PM-HAM01-01511,HAM01,PF-HAM01,2026-03-08,Card payment VISA,1,2.95,EUR
PM-HAM01-01512,HAM01,PF-HAM01,2026-03-09,Card payment,2,15.38,EUR
PM-HAM01-01513,HAM01,PF-HAM01,2026-03-09,Card payment 20,7,26.63,EUR
PM-HAM01-01514,HAM01,PF-HAM01,2026-03-09,Card payment Master Card,5,10.93,EUR
PM-HAM01-01515,HAM01,PF-HAM01,2026-03-10,Card payment 10,3,8.12,EUR
PM-HAM01-01516,HAM01,PF-HAM01,2026-03-10,Card payment 20,12,34.48,EUR
PM-HAM01-01517,HAM01,PF-HAM01,2026-03-10,Card payment Master Card,2,6.02,EUR
PM-HAM01-01518,HAM01,PF-HAM01,2026-03-10,Card payment VISA,3,7.2,EUR
PM-HAM01-01519,HAM01,PF-HAM01,2026-03-11,Card payment,1,3.1,EUR
PM-HAM01-01520,HAM01,PF-HAM01,2026-03-11,Card payment 20,17,54.71,EUR
PM-HAM01-01521,HAM01,PF-HAM01,2026-03-11,Card payment American Express,1,1.5,EUR
PM-HAM01-01522,HAM01,PF-HAM01,2026-03-11,Card payment Master Card,2,6.9,EUR
PM-HAM01-01523,HAM01,PF-HAM01,2026-03-11,Card payment VISA,4,11.04,EUR
PM-HAM01-01524,HAM01,PF-HAM01,2026-03-12,Card payment 10,1,6.5,EUR
PM-HAM01-01525,HAM01,PF-HAM01,2026-03-12,Card payment 20,15,42.38,EUR
PM-HAM01-01526,HAM01,PF-HAM01,2026-03-12,Card payment Master Card,1,3.6,EUR
PM-HAM01-01527,HAM01,PF-HAM01,2026-03-12,Card payment VISA,1,2.5,EUR
PM-HAM01-01528,HAM01,PF-HAM01,2026-03-13,Card payment 10,1,2.2,EUR
PM-HAM01-01529,HAM01,PF-HAM01,2026-03-13,Card payment 20,8,20.04,EUR
PM-HAM01-01530,HAM01,PF-HAM01,2026-03-13,Card payment Master Card,1,11.9,EUR
PM-HAM01-01531,HAM01,PF-HAM01,2026-03-13,Card payment VISA,4,8.19,EUR
PM-HAM01-01532,HAM01,PF-HAM01,2026-03-14,Card payment 20,1,1.6,EUR
PM-HAM01-01533,HAM01,PF-HAM01,2026-03-14,Card payment VISA,1,2.7,EUR
PM-HAM01-01534,HAM01,PF-HAM01,2026-03-15,Card payment,1,1.6,EUR
PM-HAM01-01535,HAM01,PF-HAM01,2026-03-15,Card payment 20,4,11.67,EUR
PM-HAM01-01536,HAM01,PF-HAM01,2026-03-15,Card payment VISA,1,0.08,EUR
PM-HAM01-01537,HAM01,PF-HAM01,2026-03-16,Card payment 20,9,47.31,EUR
PM-HAM01-01538,HAM01,PF-HAM01,2026-03-16,Card payment VISA,2,4.4,EUR
PM-HAM01-01539,HAM01,PF-HAM01,2026-03-17,Card payment,1,3.29,EUR
PM-HAM01-01540,HAM01,PF-HAM01,2026-03-17,Card payment 10,1,0.9,EUR
PM-HAM01-01541,HAM01,PF-HAM01,2026-03-17,Card payment 20,17,36.5,EUR
PM-HAM01-01542,HAM01,PF-HAM01,2026-03-17,Card payment Master Card,2,6.2,EUR
PM-HAM01-01543,HAM01,PF-HAM01,2026-03-17,Card payment VISA,3,16.36,EUR
PM-HAM01-01544,HAM01,PF-HAM01,2026-03-18,Card payment,2,1.53,EUR
PM-HAM01-01545,HAM01,PF-HAM01,2026-03-18,Card payment 10,3,8.6,EUR
PM-HAM01-01546,HAM01,PF-HAM01,2026-03-18,Card payment 20,12,40.39,EUR
PM-HAM01-01547,HAM01,PF-HAM01,2026-03-18,Card payment American Express,1,1.25,EUR
PM-HAM01-01548,HAM01,PF-HAM01,2026-03-18,Card payment Master Card,1,3.04,EUR
PM-HAM01-01549,HAM01,PF-HAM01,2026-03-18,Card payment VISA,3,6.9,EUR
PM-HAM01-01550,HAM01,PF-HAM01,2026-03-19,Card payment 10,2,5.24,EUR
PM-HAM01-01551,HAM01,PF-HAM01,2026-03-19,Card payment 20,10,25.22,EUR
PM-HAM01-01552,HAM01,PF-HAM01,2026-03-19,Card payment VISA,2,3.55,EUR
PM-HAM01-01553,HAM01,PF-HAM01,2026-03-20,Card payment,1,1.7,EUR
PM-HAM01-01554,HAM01,PF-HAM01,2026-03-20,Card payment 10,1,1.0,EUR
PM-HAM01-01555,HAM01,PF-HAM01,2026-03-20,Card payment 20,8,28.16,EUR
PM-HAM01-01556,HAM01,PF-HAM01,2026-03-20,Card payment Master Card,2,3.15,EUR
PM-HAM01-01557,HAM01,PF-HAM01,2026-03-20,Card payment VISA,3,7.86,EUR
PM-HAM01-01558,HAM01,PF-HAM01,2026-03-21,Card payment 10,1,1.2,EUR
PM-HAM01-01559,HAM01,PF-HAM01,2026-03-21,Card payment 20,3,4.9,EUR
PM-HAM01-01560,HAM01,PF-HAM01,2026-03-21,Card payment VISA,1,2.5,EUR
PM-HAM01-01561,HAM01,PF-HAM01,2026-03-22,Card payment 10,1,1.0,EUR
PM-HAM01-01562,HAM01,PF-HAM01,2026-03-22,Card payment 20,5,9.84,EUR
PM-HAM01-01563,HAM01,PF-HAM01,2026-03-22,Card payment Master Card,2,10.48,EUR
PM-HAM01-01564,HAM01,PF-HAM01,2026-03-22,Card payment VISA,3,6.6,EUR
PM-HAM01-01565,HAM01,PF-HAM01,2026-03-23,Card payment,1,1.38,EUR
PM-HAM01-01566,HAM01,PF-HAM01,2026-03-23,Card payment 10,3,3.53,EUR
PM-HAM01-01567,HAM01,PF-HAM01,2026-03-23,Card payment 20,7,12.9,EUR
PM-HAM01-01568,HAM01,PF-HAM01,2026-03-23,Card payment Master Card,2,4.5,EUR
PM-HAM01-01569,HAM01,PF-HAM01,2026-03-23,Card payment VISA,4,4.0,EUR
PM-HAM01-01570,HAM01,PF-HAM01,2026-03-24,Card payment,1,3.95,EUR
PM-HAM01-01571,HAM01,PF-HAM01,2026-03-24,Card payment 10,1,9.3,EUR
PM-HAM01-01572,HAM01,PF-HAM01,2026-03-24,Card payment 20,12,32.78,EUR
PM-HAM01-01573,HAM01,PF-HAM01,2026-03-24,Card payment VISA,3,8.48,EUR
PM-HAM01-01574,HAM01,PF-HAM01,2026-03-25,Card payment 10,2,6.0,EUR
PM-HAM01-01575,HAM01,PF-HAM01,2026-03-25,Card payment 20,19,53.37,EUR
PM-HAM01-01576,HAM01,PF-HAM01,2026-03-25,Card payment Master Card,1,7.5,EUR
PM-HAM01-01577,HAM01,PF-HAM01,2026-03-25,Card payment VISA,1,1.2,EUR
PM-HAM01-01578,HAM01,PF-HAM01,2026-03-26,Card payment,1,3.5,EUR
PM-HAM01-01579,HAM01,PF-HAM01,2026-03-26,Card payment 10,1,1.95,EUR
PM-HAM01-01580,HAM01,PF-HAM01,2026-03-26,Card payment 20,15,39.62,EUR
PM-HAM01-01581,HAM01,PF-HAM01,2026-03-26,Card payment VISA,2,5.2,EUR
PM-HAM01-01582,HAM01,PF-HAM01,2026-03-27,Card payment 20,7,21.36,EUR
PM-HAM01-01583,HAM01,PF-HAM01,2026-03-27,Card payment Master Card,3,10.99,EUR
PM-HAM01-01584,HAM01,PF-HAM01,2026-03-27,Card payment VISA,3,15.2,EUR
PM-HAM01-01585,HAM01,PF-HAM01,2026-03-28,Card payment 20,2,4.4,EUR
PM-HAM01-01586,HAM01,PF-HAM01,2026-03-28,Card payment VISA,2,2.9,EUR
PM-HAM01-01587,HAM01,PF-HAM01,2026-03-29,Card payment 20,4,10.28,EUR
PM-HAM01-01588,HAM01,PF-HAM01,2026-03-29,Card payment VISA,1,1.0,EUR
PM-HAM01-01589,HAM01,PF-HAM01,2026-03-30,Card payment,1,0.15,EUR
PM-HAM01-01590,HAM01,PF-HAM01,2026-03-30,Card payment 20,11,33.38,EUR
PM-HAM01-01591,HAM01,PF-HAM01,2026-03-30,Card payment Master Card,3,4.12,EUR
PM-HAM01-01592,HAM01,PF-HAM01,2026-03-30,Card payment VISA,4,13.78,EUR
PM-HAM01-01593,HAM01,PF-HAM01,2026-03-31,Card payment,1,0.25,EUR
PM-HAM01-01594,HAM01,PF-HAM01,2026-03-31,Card payment 10,2,14.9,EUR
PM-HAM01-01595,HAM01,PF-HAM01,2026-03-31,Card payment 20,25,57.88,EUR
PM-HAM01-01596,HAM01,PF-HAM01,2026-03-31,Card payment Master Card,1,5.1,EUR
PM-HAM01-01597,HAM01,PF-HAM01,2026-03-31,Card payment VISA,9,25.83,EUR
PM-HAM01-01598,HAM01,PF-HAM01,2026-04-01,Card payment 10,2,8.04,EUR
PM-HAM01-01599,HAM01,PF-HAM01,2026-04-01,Card payment 20,11,49.25,EUR
PM-HAM01-01600,HAM01,PF-HAM01,2026-04-01,Card payment Master Card,2,7.94,EUR
PM-HAM01-01601,HAM01,PF-HAM01,2026-04-01,Card payment VISA,4,8.9,EUR
PM-HAM01-01602,HAM01,PF-HAM01,2026-04-02,Card payment 10,1,3.19,EUR
PM-HAM01-01603,HAM01,PF-HAM01,2026-04-02,Card payment 20,12,42.27,EUR
PM-HAM01-01604,HAM01,PF-HAM01,2026-04-02,Card payment American Express,1,0.08,EUR
PM-HAM01-01605,HAM01,PF-HAM01,2026-04-02,Card payment Master Card,2,7.47,EUR
PM-HAM01-01606,HAM01,PF-HAM01,2026-04-02,Card payment VISA,7,14.91,EUR
PM-HAM01-01607,HAM01,PF-HAM01,2026-04-03,Card payment 10,1,1.4,EUR
PM-HAM01-01608,HAM01,PF-HAM01,2026-04-03,Card payment 20,12,31.9,EUR
PM-HAM01-01609,HAM01,PF-HAM01,2026-04-03,Card payment VISA,3,7.65,EUR
PM-HAM01-01610,HAM01,PF-HAM01,2026-04-04,Card payment 20,4,9.67,EUR
PM-HAM01-01611,HAM01,PF-HAM01,2026-04-04,Card payment VISA,1,2.0,EUR
PM-HAM01-01612,HAM01,PF-HAM01,2026-04-05,Card payment,2,1.85,EUR
PM-HAM01-01613,HAM01,PF-HAM01,2026-04-05,Card payment 10,1,4.15,EUR
PM-HAM01-01614,HAM01,PF-HAM01,2026-04-05,Card payment 20,5,5.01,EUR
PM-HAM01-01615,HAM01,PF-HAM01,2026-04-05,Card payment American Express,1,1.0,EUR
PM-HAM01-01616,HAM01,PF-HAM01,2026-04-05,Card payment Master Card,1,1.95,EUR
PM-HAM01-01617,HAM01,PF-HAM01,2026-04-05,Card payment VISA,1,2.7,EUR
PM-HAM01-01618,HAM01,PF-HAM01,2026-04-06,Card payment 10,2,5.11,EUR
PM-HAM01-01619,HAM01,PF-HAM01,2026-04-06,Card payment 20,11,23.45,EUR
PM-HAM01-01620,HAM01,PF-HAM01,2026-04-06,Card payment VISA,1,6.05,EUR
PM-HAM01-01621,HAM01,PF-HAM01,2026-04-07,Card payment,2,9.45,EUR
PM-HAM01-01622,HAM01,PF-HAM01,2026-04-07,Card payment 20,14,61.04,EUR
PM-HAM01-01623,HAM01,PF-HAM01,2026-04-07,Card payment Master Card,1,3.1,EUR
PM-HAM01-01624,HAM01,PF-HAM01,2026-04-07,Card payment VISA,3,18.75,EUR
PM-HAM01-01625,HAM01,PF-HAM01,2026-04-08,Card payment,1,4.91,EUR
PM-HAM01-01626,HAM01,PF-HAM01,2026-04-08,Card payment 10,1,0.23,EUR
PM-HAM01-01627,HAM01,PF-HAM01,2026-04-08,Card payment 20,21,56.89,EUR
PM-HAM01-01628,HAM01,PF-HAM01,2026-04-08,Card payment American Express,1,0.5,EUR
PM-HAM01-01629,HAM01,PF-HAM01,2026-04-08,Card payment Master Card,2,6.7,EUR
PM-HAM01-01630,HAM01,PF-HAM01,2026-04-08,Card payment VISA,1,1.95,EUR
PM-HAM01-01631,HAM01,PF-HAM01,2026-04-09,Card payment,1,2.7,EUR
PM-HAM01-01632,HAM01,PF-HAM01,2026-04-09,Card payment 10,1,5.0,EUR
PM-HAM01-01633,HAM01,PF-HAM01,2026-04-09,Card payment 20,11,36.02,EUR
PM-HAM01-01634,HAM01,PF-HAM01,2026-04-09,Card payment American Express,1,6.2,EUR
PM-HAM01-01635,HAM01,PF-HAM01,2026-04-09,Card payment VISA,9,21.99,EUR
PM-HAM01-01636,HAM01,PF-HAM01,2026-04-10,Card payment 10,1,1.7,EUR
PM-HAM01-01637,HAM01,PF-HAM01,2026-04-10,Card payment 20,5,9.55,EUR
PM-HAM01-01638,HAM01,PF-HAM01,2026-04-10,Card payment Master Card,2,2.78,EUR
PM-HAM01-01639,HAM01,PF-HAM01,2026-04-10,Card payment VISA,1,6.23,EUR
PM-HAM01-01640,HAM01,PF-HAM01,2026-04-11,Card payment 20,4,6.79,EUR
PM-HAM01-01641,HAM01,PF-HAM01,2026-04-11,Card payment VISA,1,0.25,EUR
PM-HAM01-01642,HAM01,PF-HAM01,2026-04-12,Card payment 20,12,26.92,EUR
PM-HAM01-01643,HAM01,PF-HAM01,2026-04-13,Card payment 10,2,2.72,EUR
PM-HAM01-01644,HAM01,PF-HAM01,2026-04-13,Card payment 20,12,54.92,EUR
PM-HAM01-01645,HAM01,PF-HAM01,2026-04-13,Card payment Master Card,2,1.95,EUR
PM-HAM01-01646,HAM01,PF-HAM01,2026-04-13,Card payment VISA,4,4.21,EUR
PM-HAM01-01647,HAM01,PF-HAM01,2026-04-14,Card payment,1,7.6,EUR
PM-HAM01-01648,HAM01,PF-HAM01,2026-04-14,Card payment 20,10,30.81,EUR
PM-HAM01-01649,HAM01,PF-HAM01,2026-04-14,Card payment American Express,1,2.56,EUR
PM-HAM01-01650,HAM01,PF-HAM01,2026-04-14,Card payment VISA,3,8.1,EUR
PM-HAM01-01651,HAM01,PF-HAM01,2026-04-15,Card payment 10,3,12.06,EUR
PM-HAM01-01652,HAM01,PF-HAM01,2026-04-15,Card payment 20,14,44.14,EUR
PM-HAM01-01653,HAM01,PF-HAM01,2026-04-15,Card payment Master Card,2,10.65,EUR
PM-HAM01-01654,HAM01,PF-HAM01,2026-04-15,Card payment VISA,5,34.28,EUR
PM-HAM01-01655,HAM01,PF-HAM01,2026-04-16,Card payment,1,1.5,EUR
PM-HAM01-01656,HAM01,PF-HAM01,2026-04-16,Card payment 10,3,5.05,EUR
PM-HAM01-01657,HAM01,PF-HAM01,2026-04-16,Card payment 20,16,39.01,EUR
PM-HAM01-01658,HAM01,PF-HAM01,2026-04-16,Card payment VISA,3,9.05,EUR
PM-HAM01-01659,HAM01,PF-HAM01,2026-04-17,Card payment 10,2,6.71,EUR
PM-HAM01-01660,HAM01,PF-HAM01,2026-04-17,Card payment 20,6,15.21,EUR
PM-HAM01-01661,HAM01,PF-HAM01,2026-04-17,Card payment VISA,3,5.75,EUR
PM-HAM01-01662,HAM01,PF-HAM01,2026-04-18,Card payment 20,3,6.4,EUR
PM-HAM01-01663,HAM01,PF-HAM01,2026-04-18,Card payment Master Card,2,3.95,EUR
PM-HAM01-01664,HAM01,PF-HAM01,2026-04-19,Card payment 10,1,2.25,EUR
PM-HAM01-01665,HAM01,PF-HAM01,2026-04-19,Card payment 20,3,7.75,EUR
PM-HAM01-01666,HAM01,PF-HAM01,2026-04-19,Card payment American Express,1,2.35,EUR
PM-HAM01-01667,HAM01,PF-HAM01,2026-04-20,Card payment,2,4.28,EUR
PM-HAM01-01668,HAM01,PF-HAM01,2026-04-20,Card payment 10,2,4.35,EUR
PM-HAM01-01669,HAM01,PF-HAM01,2026-04-20,Card payment 20,15,39.83,EUR
PM-HAM01-01670,HAM01,PF-HAM01,2026-04-20,Card payment VISA,4,12.83,EUR
PM-HAM01-01671,HAM01,PF-HAM01,2026-04-21,Card payment,1,0.25,EUR
PM-HAM01-01672,HAM01,PF-HAM01,2026-04-21,Card payment 10,1,4.45,EUR
PM-HAM01-01673,HAM01,PF-HAM01,2026-04-21,Card payment 20,11,33.68,EUR
PM-HAM01-01674,HAM01,PF-HAM01,2026-04-21,Card payment American Express,1,1.7,EUR
PM-HAM01-01675,HAM01,PF-HAM01,2026-04-21,Card payment Master Card,3,7.7,EUR
PM-HAM01-01676,HAM01,PF-HAM01,2026-04-21,Card payment VISA,3,11.59,EUR
PM-HAM01-01677,HAM01,PF-HAM01,2026-04-22,Card payment,1,1.95,EUR
PM-HAM01-01678,HAM01,PF-HAM01,2026-04-22,Card payment 10,2,3.55,EUR
PM-HAM01-01679,HAM01,PF-HAM01,2026-04-22,Card payment 20,18,67.3,EUR
PM-HAM01-01680,HAM01,PF-HAM01,2026-04-22,Card payment Master Card,1,1.7,EUR
PM-HAM01-01681,HAM01,PF-HAM01,2026-04-22,Card payment VISA,1,3.7,EUR
PM-HAM01-01682,HAM01,PF-HAM01,2026-04-23,Card payment,1,2.9,EUR
PM-HAM01-01683,HAM01,PF-HAM01,2026-04-23,Card payment 10,1,0.08,EUR
PM-HAM01-01684,HAM01,PF-HAM01,2026-04-23,Card payment 20,10,44.49,EUR
PM-HAM01-01685,HAM01,PF-HAM01,2026-04-23,Card payment Master Card,1,1.95,EUR
PM-HAM01-01686,HAM01,PF-HAM01,2026-04-23,Card payment VISA,4,10.4,EUR
PM-HAM01-01687,HAM01,PF-HAM01,2026-04-24,Card payment 10,1,0.25,EUR
PM-HAM01-01688,HAM01,PF-HAM01,2026-04-24,Card payment 20,9,22.02,EUR
PM-HAM01-01689,HAM01,PF-HAM01,2026-04-24,Card payment Master Card,3,5.21,EUR
PM-HAM01-01690,HAM01,PF-HAM01,2026-04-24,Card payment VISA,2,4.75,EUR
PM-HAM01-01691,HAM01,PF-HAM01,2026-04-25,Card payment 10,1,1.55,EUR
PM-HAM01-01692,HAM01,PF-HAM01,2026-04-25,Card payment 20,5,4.56,EUR
PM-HAM01-01693,HAM01,PF-HAM01,2026-04-25,Card payment Master Card,1,0.15,EUR
PM-HAM01-01694,HAM01,PF-HAM01,2026-04-26,Card payment 10,1,1.0,EUR
PM-HAM01-01695,HAM01,PF-HAM01,2026-04-26,Card payment 20,8,15.73,EUR
PM-HAM01-01696,HAM01,PF-HAM01,2026-04-26,Card payment Master Card,1,3.0,EUR
PM-HAM01-01697,HAM01,PF-HAM01,2026-04-27,Card payment 10,1,0.25,EUR
PM-HAM01-01698,HAM01,PF-HAM01,2026-04-27,Card payment 20,15,45.38,EUR
PM-HAM01-01699,HAM01,PF-HAM01,2026-04-27,Card payment Master Card,3,6.51,EUR
PM-HAM01-01700,HAM01,PF-HAM01,2026-04-27,Card payment VISA,2,4.4,EUR
PM-HAM01-01701,HAM01,PF-HAM01,2026-04-28,Card payment 20,20,87.54,EUR
PM-HAM01-01702,HAM01,PF-HAM01,2026-04-28,Card payment Master Card,1,1.5,EUR
PM-HAM01-01703,HAM01,PF-HAM01,2026-04-28,Card payment VISA,6,11.29,EUR
PM-HAM01-01704,HAM01,PF-HAM01,2026-04-29,Card payment,2,5.55,EUR
PM-HAM01-01705,HAM01,PF-HAM01,2026-04-29,Card payment 10,2,5.07,EUR
PM-HAM01-01706,HAM01,PF-HAM01,2026-04-29,Card payment 20,18,69.9,EUR
PM-HAM01-01707,HAM01,PF-HAM01,2026-04-29,Card payment Master Card,2,4.3,EUR
PM-HAM01-01708,HAM01,PF-HAM01,2026-04-29,Card payment VISA,2,2.06,EUR
PM-HAM01-01709,HAM01,PF-HAM01,2026-04-30,Card payment 20,10,20.55,EUR
PM-HAM01-01710,HAM01,PF-HAM01,2026-04-30,Card payment Master Card,1,10.91,EUR
PM-HAM01-01711,HAM01,PF-HAM01,2026-04-30,Card payment VISA,2,0.33,EUR
PM-HAM01-01712,HAM01,PF-HAM01,2026-05-01,Card payment 10,1,3.1,EUR
PM-HAM01-01713,HAM01,PF-HAM01,2026-05-01,Card payment 20,6,24.5,EUR
PM-HAM01-01714,HAM01,PF-HAM01,2026-05-01,Card payment Master Card,1,3.9,EUR
PM-HAM01-01715,HAM01,PF-HAM01,2026-05-01,Card payment VISA,2,5.0,EUR
PM-HAM01-01716,HAM01,PF-HAM01,2026-05-02,Card payment 20,2,6.35,EUR
PM-HAM01-01717,HAM01,PF-HAM01,2026-05-03,Card payment 20,6,24.29,EUR
PM-HAM01-01718,HAM01,PF-HAM01,2026-05-03,Card payment Master Card,3,10.9,EUR
PM-HAM01-01719,HAM01,PF-HAM01,2026-05-03,Card payment VISA,2,4.95,EUR
PM-HAM01-01720,HAM01,PF-HAM01,2026-05-04,Card payment 10,3,13.65,EUR
PM-HAM01-01721,HAM01,PF-HAM01,2026-05-04,Card payment 20,19,58.43,EUR
PM-HAM01-01722,HAM01,PF-HAM01,2026-05-04,Card payment VISA,4,16.83,EUR
PM-HAM01-01723,HAM01,PF-HAM01,2026-05-05,Card payment,1,3.8,EUR
PM-HAM01-01724,HAM01,PF-HAM01,2026-05-05,Card payment 10,1,2.43,EUR
PM-HAM01-01725,HAM01,PF-HAM01,2026-05-05,Card payment 20,10,48.68,EUR
PM-HAM01-01726,HAM01,PF-HAM01,2026-05-05,Card payment Master Card,1,3.98,EUR
PM-HAM01-01727,HAM01,PF-HAM01,2026-05-05,Card payment VISA,1,2.66,EUR
PM-HAM01-01728,HAM01,PF-HAM01,2026-05-06,Card payment,2,3.5,EUR
PM-HAM01-01729,HAM01,PF-HAM01,2026-05-06,Card payment 20,15,118.96,EUR
PM-HAM01-01730,HAM01,PF-HAM01,2026-05-06,Card payment Master Card,3,10.85,EUR
PM-HAM01-01731,HAM01,PF-HAM01,2026-05-06,Card payment VISA,5,13.43,EUR
PM-HAM01-01732,HAM01,PF-HAM01,2026-05-07,Card payment,2,2.51,EUR
PM-HAM01-01733,HAM01,PF-HAM01,2026-05-07,Card payment 10,2,8.77,EUR
PM-HAM01-01734,HAM01,PF-HAM01,2026-05-07,Card payment 20,12,46.85,EUR
PM-HAM01-01735,HAM01,PF-HAM01,2026-05-07,Card payment American Express,1,1.2,EUR
PM-HAM01-01736,HAM01,PF-HAM01,2026-05-07,Card payment Master Card,2,5.25,EUR
PM-HAM01-01737,HAM01,PF-HAM01,2026-05-07,Card payment VISA,6,13.34,EUR
PM-HAM01-01738,HAM01,PF-HAM01,2026-05-08,Card payment 10,1,0.25,EUR
PM-HAM01-01739,HAM01,PF-HAM01,2026-05-08,Card payment 20,17,39.14,EUR
PM-HAM01-01740,HAM01,PF-HAM01,2026-05-08,Card payment Master Card,1,0.25,EUR
PM-HAM01-01741,HAM01,PF-HAM01,2026-05-08,Card payment VISA,3,2.83,EUR
PM-HAM01-01742,HAM01,PF-HAM01,2026-05-09,Card payment 20,3,4.65,EUR
PM-HAM01-01743,HAM01,PF-HAM01,2026-05-09,Card payment Master Card,1,2.5,EUR
PM-HAM01-01744,HAM01,PF-HAM01,2026-05-09,Card payment VISA,1,3.1,EUR
PM-HAM01-01745,HAM01,PF-HAM01,2026-05-10,Card payment 20,5,17.05,EUR
PM-HAM01-01746,HAM01,PF-HAM01,2026-05-10,Card payment Master Card,2,3.83,EUR
PM-HAM01-01747,HAM01,PF-HAM01,2026-05-10,Card payment VISA,1,4.89,EUR
PM-HAM01-01748,HAM01,PF-HAM01,2026-05-11,Card payment 10,2,6.8,EUR
PM-HAM01-01749,HAM01,PF-HAM01,2026-05-11,Card payment 20,9,24.45,EUR
PM-HAM01-01750,HAM01,PF-HAM01,2026-05-11,Card payment Master Card,2,4.4,EUR
PM-HAM01-01751,HAM01,PF-HAM01,2026-05-11,Card payment VISA,6,27.43,EUR
PM-HAM01-01752,HAM01,PF-HAM01,2026-05-12,Card payment 20,14,42.79,EUR
PM-HAM01-01753,HAM01,PF-HAM01,2026-05-12,Card payment VISA,2,9.95,EUR
PM-HAM01-01754,HAM01,PF-HAM01,2026-05-13,Card payment 10,1,3.8,EUR
PM-HAM01-01755,HAM01,PF-HAM01,2026-05-13,Card payment 20,8,54.49,EUR
PM-HAM01-01756,HAM01,PF-HAM01,2026-05-13,Card payment Master Card,1,5.45,EUR
PM-HAM01-01757,HAM01,PF-HAM01,2026-05-13,Card payment VISA,8,19.22,EUR
PM-HAM01-01758,HAM01,PF-HAM01,2026-05-14,Card payment 10,1,1.95,EUR
PM-HAM01-01759,HAM01,PF-HAM01,2026-05-14,Card payment 20,19,47.6,EUR
PM-HAM01-01760,HAM01,PF-HAM01,2026-05-14,Card payment VISA,5,14.01,EUR
PM-HAM01-01761,HAM01,PF-HAM01,2026-05-15,Card payment 10,2,4.27,EUR
PM-HAM01-01762,HAM01,PF-HAM01,2026-05-15,Card payment 20,8,26.56,EUR
PM-HAM01-01763,HAM01,PF-HAM01,2026-05-15,Card payment Master Card,2,7.85,EUR
PM-HAM01-01764,HAM01,PF-HAM01,2026-05-15,Card payment VISA,4,15.68,EUR
PM-HAM01-01765,HAM01,PF-HAM01,2026-05-16,Card payment 10,1,2.5,EUR
PM-HAM01-01766,HAM01,PF-HAM01,2026-05-16,Card payment 20,1,2.38,EUR
PM-HAM01-01767,HAM01,PF-HAM01,2026-05-16,Card payment Master Card,2,1.4,EUR
PM-HAM01-01768,HAM01,PF-HAM01,2026-05-16,Card payment VISA,2,0.14,EUR
PM-HAM01-01769,HAM01,PF-HAM01,2026-05-17,Card payment,1,3.8,EUR
PM-HAM01-01770,HAM01,PF-HAM01,2026-05-17,Card payment 20,5,9.74,EUR
PM-HAM01-01771,HAM01,PF-HAM01,2026-05-18,Card payment 10,1,1.25,EUR
PM-HAM01-01772,HAM01,PF-HAM01,2026-05-18,Card payment 20,11,29.63,EUR
PM-HAM01-01773,HAM01,PF-HAM01,2026-05-18,Card payment Master Card,4,15.1,EUR
PM-HAM01-01774,HAM01,PF-HAM01,2026-05-18,Card payment VISA,5,15.98,EUR
PM-HAM01-01775,HAM01,PF-HAM01,2026-05-19,Card payment 10,2,7.2,EUR
PM-HAM01-01776,HAM01,PF-HAM01,2026-05-19,Card payment 20,17,59.57,EUR
PM-HAM01-01777,HAM01,PF-HAM01,2026-05-19,Card payment Master Card,1,0.5,EUR
PM-HAM01-01778,HAM01,PF-HAM01,2026-05-19,Card payment VISA,5,13.28,EUR
PM-HAM01-01779,HAM01,PF-HAM01,2026-05-20,Card payment 20,18,58.14,EUR
PM-HAM01-01780,HAM01,PF-HAM01,2026-05-20,Card payment American Express,1,7.28,EUR
PM-HAM01-01781,HAM01,PF-HAM01,2026-05-20,Card payment Master Card,2,6.2,EUR
PM-HAM01-01782,HAM01,PF-HAM01,2026-05-20,Card payment VISA,7,16.9,EUR
PM-HAM01-01783,HAM01,PF-HAM01,2026-05-21,Card payment 10,2,3.0,EUR
PM-HAM01-01784,HAM01,PF-HAM01,2026-05-21,Card payment 20,11,21.62,EUR
PM-HAM01-01785,HAM01,PF-HAM01,2026-05-21,Card payment American Express,1,1.7,EUR
PM-HAM01-01786,HAM01,PF-HAM01,2026-05-21,Card payment VISA,3,10.15,EUR
PM-HAM01-01787,HAM01,PF-HAM01,2026-05-22,Card payment 20,11,33.88,EUR
PM-HAM01-01788,HAM01,PF-HAM01,2026-05-22,Card payment Master Card,1,5.72,EUR
PM-HAM01-01789,HAM01,PF-HAM01,2026-05-22,Card payment VISA,4,11.7,EUR
PM-HAM01-01790,HAM01,PF-HAM01,2026-05-23,Card payment 20,4,10.54,EUR
PM-HAM01-01791,HAM01,PF-HAM01,2026-05-23,Card payment VISA,2,9.5,EUR
PM-HAM01-01792,HAM01,PF-HAM01,2026-05-24,Card payment 20,9,20.56,EUR
PM-HAM01-01793,HAM01,PF-HAM01,2026-05-24,Card payment VISA,1,0.21,EUR
PM-HAM01-01794,HAM01,PF-HAM01,2026-05-25,Card payment,2,4.25,EUR
PM-HAM01-01795,HAM01,PF-HAM01,2026-05-25,Card payment 20,7,19.36,EUR
PM-HAM01-01796,HAM01,PF-HAM01,2026-05-25,Card payment VISA,1,1.8,EUR
PM-HAM01-01797,HAM01,PF-HAM01,2026-05-26,Card payment 10,1,2.15,EUR
PM-HAM01-01798,HAM01,PF-HAM01,2026-05-26,Card payment 20,23,56.96,EUR
PM-HAM01-01799,HAM01,PF-HAM01,2026-05-26,Card payment Master Card,2,7.02,EUR
PM-HAM01-01800,HAM01,PF-HAM01,2026-05-26,Card payment VISA,4,8.0,EUR
PM-HAM01-01801,HAM01,PF-HAM01,2026-05-27,Card payment,1,1.7,EUR
PM-HAM01-01802,HAM01,PF-HAM01,2026-05-27,Card payment 20,17,47.69,EUR
PM-HAM01-01803,HAM01,PF-HAM01,2026-05-27,Card payment American Express,1,0.08,EUR
PM-HAM01-01804,HAM01,PF-HAM01,2026-05-27,Card payment Master Card,2,7.1,EUR
PM-HAM01-01805,HAM01,PF-HAM01,2026-05-27,Card payment VISA,4,9.15,EUR
PM-HAM01-01806,HAM01,PF-HAM01,2026-05-28,Card payment 10,3,9.54,EUR
PM-HAM01-01807,HAM01,PF-HAM01,2026-05-28,Card payment 20,6,8.6,EUR
PM-HAM01-01808,HAM01,PF-HAM01,2026-05-28,Card payment VISA,10,32.37,EUR
PM-HAM01-01809,HAM01,PF-HAM01,2026-05-29,Card payment,3,5.04,EUR
PM-HAM01-01810,HAM01,PF-HAM01,2026-05-29,Card payment 20,10,19.89,EUR
PM-HAM01-01811,HAM01,PF-HAM01,2026-05-29,Card payment VISA,7,14.58,EUR
PM-HAM01-01812,HAM01,PF-HAM01,2026-05-30,Card payment 20,4,8.77,EUR
PM-HAM01-01813,HAM01,PF-HAM01,2026-05-30,Card payment VISA,1,3.8,EUR
PM-HAM01-01814,HAM01,PF-HAM01,2026-05-31,Card payment 20,6,10.35,EUR
PM-HAM01-01815,HAM01,PF-HAM01,2026-05-31,Card payment VISA,2,5.14,EUR
PM-HAM01-01816,HAM01,PF-HAM01,2026-06-01,Card payment,1,1.45,EUR
PM-HAM01-01817,HAM01,PF-HAM01,2026-06-01,Card payment 20,17,48.52,EUR
PM-HAM01-01818,HAM01,PF-HAM01,2026-06-01,Card payment Master Card,4,12.32,EUR
PM-HAM01-01819,HAM01,PF-HAM01,2026-06-02,Card payment,1,8.84,EUR
PM-HAM01-01820,HAM01,PF-HAM01,2026-06-02,Card payment 10,1,13.8,EUR
PM-HAM01-01821,HAM01,PF-HAM01,2026-06-02,Card payment 20,19,45.5,EUR
PM-HAM01-01822,HAM01,PF-HAM01,2026-06-02,Card payment VISA,2,2.24,EUR
PM-HAM01-01823,HAM01,PF-HAM01,2026-06-03,Card payment 10,3,15.94,EUR
PM-HAM01-01824,HAM01,PF-HAM01,2026-06-03,Card payment 20,18,53.31,EUR
PM-HAM01-01825,HAM01,PF-HAM01,2026-06-03,Card payment Master Card,3,6.35,EUR
PM-HAM01-01826,HAM01,PF-HAM01,2026-06-03,Card payment VISA,6,9.84,EUR
PM-HAM01-01827,HAM01,PF-HAM01,2026-06-04,Card payment 10,2,8.98,EUR
PM-HAM01-01828,HAM01,PF-HAM01,2026-06-04,Card payment 20,13,53.22,EUR
PM-HAM01-01829,HAM01,PF-HAM01,2026-06-04,Card payment Master Card,2,5.0,EUR
PM-HAM01-01830,HAM01,PF-HAM01,2026-06-04,Card payment VISA,6,23.22,EUR
PM-HAM01-01831,HAM01,PF-HAM01,2026-06-05,Card payment,1,2.23,EUR
PM-HAM01-01832,HAM01,PF-HAM01,2026-06-05,Card payment 10,1,1.0,EUR
PM-HAM01-01833,HAM01,PF-HAM01,2026-06-05,Card payment 20,7,22.85,EUR
PM-HAM01-01834,HAM01,PF-HAM01,2026-06-05,Card payment Master Card,1,1.2,EUR
PM-HAM01-01835,HAM01,PF-HAM01,2026-06-05,Card payment VISA,2,8.64,EUR
PM-HAM01-01836,HAM01,PF-HAM01,2026-06-06,Card payment 20,5,12.25,EUR
PM-HAM01-01837,HAM01,PF-HAM01,2026-06-06,Card payment Master Card,2,4.5,EUR
PM-HAM01-01838,HAM01,PF-HAM01,2026-06-07,Card payment 10,1,5.0,EUR
PM-HAM01-01839,HAM01,PF-HAM01,2026-06-07,Card payment 20,7,17.84,EUR
PM-HAM01-01840,HAM01,PF-HAM01,2026-06-07,Card payment Master Card,1,2.76,EUR
PM-HAM01-01841,HAM01,PF-HAM01,2026-06-07,Card payment VISA,1,2.5,EUR
PM-HAM01-01842,HAM01,PF-HAM01,2026-06-08,Card payment 20,9,24.45,EUR
PM-HAM01-01843,HAM01,PF-HAM01,2026-06-08,Card payment Master Card,1,1.07,EUR
PM-HAM01-01844,HAM01,PF-HAM01,2026-06-08,Card payment VISA,2,3.37,EUR
PM-HAM01-01845,HAM01,PF-HAM01,2026-06-09,Card payment,1,1.46,EUR
PM-HAM01-01846,HAM01,PF-HAM01,2026-06-09,Card payment 10,4,18.92,EUR
PM-HAM01-01847,HAM01,PF-HAM01,2026-06-09,Card payment 20,24,94.34,EUR
PM-HAM01-01848,HAM01,PF-HAM01,2026-06-09,Card payment Master Card,1,2.2,EUR
PM-HAM01-01849,HAM01,PF-HAM01,2026-06-09,Card payment VISA,3,7.82,EUR
PM-HAM01-01850,HAM01,PF-HAM01,2026-06-10,Card payment 10,2,6.5,EUR
PM-HAM01-01851,HAM01,PF-HAM01,2026-06-10,Card payment 20,13,27.21,EUR
PM-HAM01-01852,HAM01,PF-HAM01,2026-06-10,Card payment Master Card,1,2.5,EUR
PM-HAM01-01853,HAM01,PF-HAM01,2026-06-10,Card payment VISA,4,11.95,EUR
PM-HAM01-01854,HAM01,PF-HAM01,2026-06-11,Card payment 20,16,30.55,EUR
PM-HAM01-01855,HAM01,PF-HAM01,2026-06-11,Card payment Master Card,2,3.73,EUR
PM-HAM01-01856,HAM01,PF-HAM01,2026-06-11,Card payment VISA,4,11.03,EUR
PM-HAM01-01857,HAM01,PF-HAM01,2026-06-12,Card payment 20,9,24.66,EUR
PM-HAM01-01858,HAM01,PF-HAM01,2026-06-12,Card payment Master Card,1,3.33,EUR
PM-HAM01-01859,HAM01,PF-HAM01,2026-06-12,Card payment VISA,1,1.0,EUR
PM-HAM01-01860,HAM01,PF-HAM01,2026-06-13,Card payment 20,4,8.83,EUR
PM-HAM01-01861,HAM01,PF-HAM01,2026-06-13,Card payment VISA,2,1.45,EUR
PM-HAM01-01862,HAM01,PF-HAM01,2026-06-14,Card payment 10,1,2.5,EUR
PM-HAM01-01863,HAM01,PF-HAM01,2026-06-14,Card payment 20,6,9.36,EUR
PM-HAM01-01864,HAM01,PF-HAM01,2026-06-14,Card payment VISA,2,3.1,EUR
PM-HAM01-01865,HAM01,PF-HAM01,2026-06-15,Card payment 10,2,7.01,EUR
PM-HAM01-01866,HAM01,PF-HAM01,2026-06-15,Card payment 20,11,31.77,EUR
PM-HAM01-01867,HAM01,PF-HAM01,2026-06-15,Card payment Master Card,1,2.4,EUR
PM-HAM01-01868,HAM01,PF-HAM01,2026-06-15,Card payment VISA,6,17.6,EUR
PM-HAM01-01869,HAM01,PF-HAM01,2026-06-16,Card payment 10,1,2.5,EUR
PM-HAM01-01870,HAM01,PF-HAM01,2026-06-16,Card payment 20,21,61.34,EUR
PM-HAM01-01871,HAM01,PF-HAM01,2026-06-16,Card payment American Express,1,2.9,EUR
PM-HAM01-01872,HAM01,PF-HAM01,2026-06-16,Card payment Master Card,4,10.16,EUR
PM-HAM01-01873,HAM01,PF-HAM01,2026-06-16,Card payment VISA,3,15.2,EUR
PM-HAM01-01874,HAM01,PF-HAM01,2026-06-17,Card payment 10,1,1.7,EUR
PM-HAM01-01875,HAM01,PF-HAM01,2026-06-17,Card payment 20,16,60.13,EUR
PM-HAM01-01876,HAM01,PF-HAM01,2026-06-17,Card payment Master Card,1,1.8,EUR
PM-HAM01-01877,HAM01,PF-HAM01,2026-06-17,Card payment VISA,3,9.31,EUR
PM-HAM01-01878,HAM01,PF-HAM01,2026-06-18,Card payment 20,15,53.1,EUR
PM-HAM01-01879,HAM01,PF-HAM01,2026-06-18,Card payment VISA,4,8.97,EUR
PM-HAM01-01880,HAM01,PF-HAM01,2026-06-19,Card payment 20,12,19.69,EUR
PM-HAM01-01881,HAM01,PF-HAM01,2026-06-19,Card payment Master Card,1,0.15,EUR
PM-HAM01-01882,HAM01,PF-HAM01,2026-06-19,Card payment VISA,2,3.37,EUR
PM-HAM01-01883,HAM01,PF-HAM01,2026-06-20,Card payment 10,1,3.1,EUR
PM-HAM01-01884,HAM01,PF-HAM01,2026-06-20,Card payment 20,3,15.35,EUR
PM-HAM01-01885,HAM01,PF-HAM01,2026-06-20,Card payment Master Card,2,3.15,EUR
PM-HAM01-01886,HAM01,PF-HAM01,2026-06-20,Card payment VISA,1,3.5,EUR
PM-HAM01-01887,HAM01,PF-HAM01,2026-06-21,Card payment 20,6,11.79,EUR
PM-HAM01-01888,HAM01,PF-HAM01,2026-06-21,Card payment Master Card,1,1.8,EUR
PM-HAM01-01889,HAM01,PF-HAM01,2026-06-21,Card payment VISA,1,1.37,EUR
PM-HAM01-01890,HAM01,PF-HAM01,2026-06-22,Card payment 20,15,43.67,EUR
PM-HAM01-01891,HAM01,PF-HAM01,2026-06-22,Card payment VISA,3,6.86,EUR
PM-HAM01-01892,HAM01,PF-HAM01,2026-06-23,Card payment 20,19,46.49,EUR
PM-HAM01-01893,HAM01,PF-HAM01,2026-06-23,Card payment Master Card,4,6.21,EUR
PM-HAM01-01894,HAM01,PF-HAM01,2026-06-23,Card payment VISA,4,14.15,EUR
PM-HAM01-01895,HAM01,PF-HAM01,2026-06-24,Card payment 10,1,6.4,EUR
PM-HAM01-01896,HAM01,PF-HAM01,2026-06-24,Card payment 20,20,54.88,EUR
PM-HAM01-01897,HAM01,PF-HAM01,2026-06-24,Card payment American Express,1,5.4,EUR
PM-HAM01-01898,HAM01,PF-HAM01,2026-06-24,Card payment Master Card,4,8.38,EUR
PM-HAM01-01899,HAM01,PF-HAM01,2026-06-24,Card payment VISA,4,17.58,EUR
PM-HAM01-01900,HAM01,PF-HAM01,2026-06-25,Card payment,2,3.65,EUR
PM-HAM01-01901,HAM01,PF-HAM01,2026-06-25,Card payment 10,2,2.4,EUR
PM-HAM01-01902,HAM01,PF-HAM01,2026-06-25,Card payment 20,16,50.71,EUR
PM-HAM01-01903,HAM01,PF-HAM01,2026-06-25,Card payment Master Card,2,8.25,EUR
PM-HAM01-01904,HAM01,PF-HAM01,2026-06-25,Card payment VISA,6,20.45,EUR
PM-HAM01-01905,HAM01,PF-HAM01,2026-06-26,Card payment 20,13,43.41,EUR
PM-HAM01-01906,HAM01,PF-HAM01,2026-06-26,Card payment Master Card,1,4.05,EUR
PM-HAM01-01907,HAM01,PF-HAM01,2026-06-26,Card payment VISA,1,1.69,EUR
PM-HAM01-01908,HAM01,PF-HAM01,2026-06-27,Card payment 20,2,5.0,EUR
PM-HAM01-01909,HAM01,PF-HAM01,2026-06-28,Card payment 20,2,4.9,EUR
PM-HAM01-01910,HAM01,PF-HAM01,2026-06-28,Card payment VISA,3,7.4,EUR
PM-HAM01-01911,HAM01,PF-HAM01,2026-06-29,Card payment 20,12,32.59,EUR
PM-HAM01-01912,HAM01,PF-HAM01,2026-06-29,Card payment Master Card,1,1.15,EUR
PM-HAM01-01913,HAM01,PF-HAM01,2026-06-29,Card payment VISA,6,42.77,EUR
PM-HAM01-01914,HAM01,PF-HAM01,2026-06-30,Card payment 10,1,0.8,EUR
PM-HAM01-01915,HAM01,PF-HAM01,2026-06-30,Card payment 20,8,21.67,EUR
PM-HAM01-01916,HAM01,PF-HAM01,2026-06-30,Card payment Master Card,4,18.62,EUR
PM-HAM01-01917,HAM01,PF-HAM01,2026-06-30,Card payment VISA,3,7.8,EUR
PM-HAM01-01918,HAM01,PF-HAM01,2026-07-01,Card payment 10,2,4.18,EUR
PM-HAM01-01919,HAM01,PF-HAM01,2026-07-01,Card payment 20,15,46.84,EUR
PM-HAM01-01920,HAM01,PF-HAM01,2026-07-01,Card payment Master Card,2,7.3,EUR
PM-HAM01-01921,HAM01,PF-HAM01,2026-07-01,Card payment VISA,3,10.7,EUR
PM-HAM01-01922,HAM01,PF-HAM01,2026-07-02,Card payment 10,1,1.2,EUR
PM-HAM01-01923,HAM01,PF-HAM01,2026-07-02,Card payment 20,14,37.74,EUR
PM-HAM01-01924,HAM01,PF-HAM01,2026-07-02,Card payment Master Card,1,3.8,EUR
PM-HAM01-01925,HAM01,PF-HAM01,2026-07-02,Card payment VISA,1,7.15,EUR
PM-HAM01-01926,HAM01,PF-HAM01,2026-07-03,Card payment 20,12,17.5,EUR
PM-HAM01-01927,HAM01,PF-HAM01,2026-07-03,Card payment Master Card,3,15.45,EUR
PM-HAM01-01928,HAM01,SM-HAM01,2026-01-01,Card payment 20,13,46.87,EUR
PM-HAM01-01929,HAM01,SM-HAM01,2026-01-01,Card payment Master Card,2,8.5,EUR
PM-HAM01-01930,HAM01,SM-HAM01,2026-01-01,Card payment VISA,2,6.45,EUR
PM-HAM01-01931,HAM01,SM-HAM01,2026-01-02,Card payment 20,7,27.86,EUR
PM-HAM01-01932,HAM01,SM-HAM01,2026-01-02,Card payment Master Card,1,1.0,EUR
PM-HAM01-01933,HAM01,SM-HAM01,2026-01-03,Card payment 20,1,1.0,EUR
PM-HAM01-01934,HAM01,SM-HAM01,2026-01-04,Card payment,1,1.7,EUR
PM-HAM01-01935,HAM01,SM-HAM01,2026-01-04,Card payment 20,2,6.37,EUR
PM-HAM01-01936,HAM01,SM-HAM01,2026-01-04,Card payment VISA,4,7.75,EUR
PM-HAM01-01937,HAM01,SM-HAM01,2026-01-05,Card payment 20,5,14.53,EUR
PM-HAM01-01938,HAM01,SM-HAM01,2026-01-05,Card payment Master Card,1,1.9,EUR
PM-HAM01-01939,HAM01,SM-HAM01,2026-01-05,Card payment VISA,1,1.5,EUR
PM-HAM01-01940,HAM01,SM-HAM01,2026-01-06,Card payment 10,1,1.93,EUR
PM-HAM01-01941,HAM01,SM-HAM01,2026-01-06,Card payment 20,13,40.87,EUR
PM-HAM01-01942,HAM01,SM-HAM01,2026-01-06,Card payment Master Card,1,1.7,EUR
PM-HAM01-01943,HAM01,SM-HAM01,2026-01-06,Card payment VISA,4,18.96,EUR
PM-HAM01-01944,HAM01,SM-HAM01,2026-01-07,Card payment 10,1,2.7,EUR
PM-HAM01-01945,HAM01,SM-HAM01,2026-01-07,Card payment 20,4,8.15,EUR
PM-HAM01-01946,HAM01,SM-HAM01,2026-01-07,Card payment Master Card,2,4.11,EUR
PM-HAM01-01947,HAM01,SM-HAM01,2026-01-07,Card payment VISA,1,4.85,EUR
PM-HAM01-01948,HAM01,SM-HAM01,2026-01-08,Card payment 20,6,23.74,EUR
PM-HAM01-01949,HAM01,SM-HAM01,2026-01-08,Card payment VISA,1,0.25,EUR
PM-HAM01-01950,HAM01,SM-HAM01,2026-01-09,Card payment 20,2,3.57,EUR
PM-HAM01-01951,HAM01,SM-HAM01,2026-01-09,Card payment American Express,1,0.25,EUR
PM-HAM01-01952,HAM01,SM-HAM01,2026-01-09,Card payment VISA,1,7.1,EUR
PM-HAM01-01953,HAM01,SM-HAM01,2026-01-10,Card payment 20,3,4.23,EUR
PM-HAM01-01954,HAM01,SM-HAM01,2026-01-10,Card payment VISA,1,2.5,EUR
PM-HAM01-01955,HAM01,SM-HAM01,2026-01-11,Card payment,1,3.8,EUR
PM-HAM01-01956,HAM01,SM-HAM01,2026-01-11,Card payment 10,1,3.0,EUR
PM-HAM01-01957,HAM01,SM-HAM01,2026-01-11,Card payment 20,2,1.82,EUR
PM-HAM01-01958,HAM01,SM-HAM01,2026-01-11,Card payment VISA,1,1.8,EUR
PM-HAM01-01959,HAM01,SM-HAM01,2026-01-12,Card payment 20,3,9.25,EUR
PM-HAM01-01960,HAM01,SM-HAM01,2026-01-12,Card payment Master Card,3,9.0,EUR
PM-HAM01-01961,HAM01,SM-HAM01,2026-01-12,Card payment VISA,3,3.75,EUR
PM-HAM01-01962,HAM01,SM-HAM01,2026-01-13,Card payment,1,2.65,EUR
PM-HAM01-01963,HAM01,SM-HAM01,2026-01-13,Card payment 10,1,0.07,EUR
PM-HAM01-01964,HAM01,SM-HAM01,2026-01-13,Card payment 20,8,24.46,EUR
PM-HAM01-01965,HAM01,SM-HAM01,2026-01-13,Card payment Master Card,1,1.45,EUR
PM-HAM01-01966,HAM01,SM-HAM01,2026-01-13,Card payment VISA,2,6.38,EUR
PM-HAM01-01967,HAM01,SM-HAM01,2026-01-14,Card payment 20,7,14.35,EUR
PM-HAM01-01968,HAM01,SM-HAM01,2026-01-14,Card payment VISA,3,8.96,EUR
PM-HAM01-01969,HAM01,SM-HAM01,2026-01-15,Card payment 10,2,2.2,EUR
PM-HAM01-01970,HAM01,SM-HAM01,2026-01-15,Card payment 20,10,30.53,EUR
PM-HAM01-01971,HAM01,SM-HAM01,2026-01-15,Card payment Master Card,1,3.41,EUR
PM-HAM01-01972,HAM01,SM-HAM01,2026-01-15,Card payment VISA,1,0.15,EUR
PM-HAM01-01973,HAM01,SM-HAM01,2026-01-16,Card payment 10,1,1.7,EUR
PM-HAM01-01974,HAM01,SM-HAM01,2026-01-16,Card payment 20,2,1.25,EUR
PM-HAM01-01975,HAM01,SM-HAM01,2026-01-16,Card payment VISA,1,2.5,EUR
PM-HAM01-01976,HAM01,SM-HAM01,2026-01-17,Card payment 20,2,4.1,EUR
PM-HAM01-01977,HAM01,SM-HAM01,2026-01-17,Card payment VISA,1,2.5,EUR
PM-HAM01-01978,HAM01,SM-HAM01,2026-01-18,Card payment,1,6.66,EUR
PM-HAM01-01979,HAM01,SM-HAM01,2026-01-18,Card payment 10,1,1.7,EUR
PM-HAM01-01980,HAM01,SM-HAM01,2026-01-18,Card payment 20,2,5.24,EUR
PM-HAM01-01981,HAM01,SM-HAM01,2026-01-19,Card payment 20,8,15.74,EUR
PM-HAM01-01982,HAM01,SM-HAM01,2026-01-19,Card payment Master Card,1,1.95,EUR
PM-HAM01-01983,HAM01,SM-HAM01,2026-01-19,Card payment VISA,2,8.35,EUR
PM-HAM01-01984,HAM01,SM-HAM01,2026-01-20,Card payment,1,4.4,EUR
PM-HAM01-01985,HAM01,SM-HAM01,2026-01-20,Card payment 10,1,1.95,EUR
PM-HAM01-01986,HAM01,SM-HAM01,2026-01-20,Card payment 20,9,12.03,EUR
PM-HAM01-01987,HAM01,SM-HAM01,2026-01-20,Card payment Master Card,1,0.5,EUR
PM-HAM01-01988,HAM01,SM-HAM01,2026-01-20,Card payment VISA,5,22.55,EUR
PM-HAM01-01989,HAM01,SM-HAM01,2026-01-21,Card payment,1,2.2,EUR
PM-HAM01-01990,HAM01,SM-HAM01,2026-01-21,Card payment 20,8,23.59,EUR
PM-HAM01-01991,HAM01,SM-HAM01,2026-01-21,Card payment American Express,1,4.3,EUR
PM-HAM01-01992,HAM01,SM-HAM01,2026-01-21,Card payment Master Card,2,8.16,EUR
PM-HAM01-01993,HAM01,SM-HAM01,2026-01-21,Card payment VISA,3,6.18,EUR
PM-HAM01-01994,HAM01,SM-HAM01,2026-01-22,Card payment 10,1,3.1,EUR
PM-HAM01-01995,HAM01,SM-HAM01,2026-01-22,Card payment 20,7,14.92,EUR
PM-HAM01-01996,HAM01,SM-HAM01,2026-01-22,Card payment Master Card,1,6.14,EUR
PM-HAM01-01997,HAM01,SM-HAM01,2026-01-23,Card payment 10,1,1.6,EUR
PM-HAM01-01998,HAM01,SM-HAM01,2026-01-23,Card payment 20,2,3.68,EUR
PM-HAM01-01999,HAM01,SM-HAM01,2026-01-23,Card payment Master Card,1,2.95,EUR
PM-HAM01-02000,HAM01,SM-HAM01,2026-01-23,Card payment VISA,3,3.45,EUR
PM-HAM01-02001,HAM01,SM-HAM01,2026-01-24,Card payment 20,2,1.25,EUR
PM-HAM01-02002,HAM01,SM-HAM01,2026-01-24,Card payment Master Card,1,3.4,EUR
PM-HAM01-02003,HAM01,SM-HAM01,2026-01-25,Card payment 20,3,2.1,EUR
PM-HAM01-02004,HAM01,SM-HAM01,2026-01-26,Card payment,1,4.3,EUR
PM-HAM01-02005,HAM01,SM-HAM01,2026-01-26,Card payment 20,10,47.55,EUR
PM-HAM01-02006,HAM01,SM-HAM01,2026-01-26,Card payment VISA,1,3.64,EUR
PM-HAM01-02007,HAM01,SM-HAM01,2026-01-27,Card payment 10,4,14.15,EUR
PM-HAM01-02008,HAM01,SM-HAM01,2026-01-27,Card payment 20,13,42.01,EUR
PM-HAM01-02009,HAM01,SM-HAM01,2026-01-27,Card payment Master Card,1,3.8,EUR
PM-HAM01-02010,HAM01,SM-HAM01,2026-01-27,Card payment VISA,5,19.85,EUR
PM-HAM01-02011,HAM01,SM-HAM01,2026-01-28,Card payment,1,0.21,EUR
PM-HAM01-02012,HAM01,SM-HAM01,2026-01-28,Card payment 20,8,27.87,EUR
PM-HAM01-02013,HAM01,SM-HAM01,2026-01-28,Card payment Master Card,1,3.8,EUR
PM-HAM01-02014,HAM01,SM-HAM01,2026-01-28,Card payment VISA,3,13.23,EUR
PM-HAM01-02015,HAM01,SM-HAM01,2026-01-29,Card payment 10,1,5.04,EUR
PM-HAM01-02016,HAM01,SM-HAM01,2026-01-29,Card payment 20,4,12.27,EUR
PM-HAM01-02017,HAM01,SM-HAM01,2026-01-29,Card payment Master Card,1,1.23,EUR
PM-HAM01-02018,HAM01,SM-HAM01,2026-01-29,Card payment VISA,2,6.25,EUR
PM-HAM01-02019,HAM01,SM-HAM01,2026-01-30,Card payment 20,5,13.94,EUR
PM-HAM01-02020,HAM01,SM-HAM01,2026-01-30,Card payment VISA,1,1.7,EUR
PM-HAM01-02021,HAM01,SM-HAM01,2026-01-31,Card payment 20,2,3.16,EUR
PM-HAM01-02022,HAM01,SM-HAM01,2026-02-01,Card payment 20,2,2.75,EUR
PM-HAM01-02023,HAM01,SM-HAM01,2026-02-01,Card payment VISA,1,5.45,EUR
PM-HAM01-02024,HAM01,SM-HAM01,2026-02-02,Card payment 10,1,15.29,EUR
PM-HAM01-02025,HAM01,SM-HAM01,2026-02-02,Card payment 20,4,10.05,EUR
PM-HAM01-02026,HAM01,SM-HAM01,2026-02-02,Card payment VISA,3,25.2,EUR
PM-HAM01-02027,HAM01,SM-HAM01,2026-02-03,Card payment 20,9,34.82,EUR
PM-HAM01-02028,HAM01,SM-HAM01,2026-02-03,Card payment Master Card,1,1.0,EUR
PM-HAM01-02029,HAM01,SM-HAM01,2026-02-03,Card payment VISA,4,5.41,EUR
PM-HAM01-02030,HAM01,SM-HAM01,2026-02-04,Card payment 20,9,36.49,EUR
PM-HAM01-02031,HAM01,SM-HAM01,2026-02-04,Card payment Master Card,1,2.25,EUR
PM-HAM01-02032,HAM01,SM-HAM01,2026-02-05,Card payment 10,2,8.74,EUR
PM-HAM01-02033,HAM01,SM-HAM01,2026-02-05,Card payment 20,8,21.11,EUR
PM-HAM01-02034,HAM01,SM-HAM01,2026-02-05,Card payment Master Card,1,2.5,EUR
PM-HAM01-02035,HAM01,SM-HAM01,2026-02-05,Card payment VISA,2,4.6,EUR
PM-HAM01-02036,HAM01,SM-HAM01,2026-02-06,Card payment 20,3,6.94,EUR
PM-HAM01-02037,HAM01,SM-HAM01,2026-02-06,Card payment VISA,1,2.2,EUR
PM-HAM01-02038,HAM01,SM-HAM01,2026-02-07,Card payment 20,2,4.9,EUR
PM-HAM01-02039,HAM01,SM-HAM01,2026-02-07,Card payment VISA,1,12.4,EUR
PM-HAM01-02040,HAM01,SM-HAM01,2026-02-08,Card payment 10,1,2.5,EUR
PM-HAM01-02041,HAM01,SM-HAM01,2026-02-08,Card payment 20,4,11.4,EUR
PM-HAM01-02042,HAM01,SM-HAM01,2026-02-08,Card payment Master Card,2,3.45,EUR
PM-HAM01-02043,HAM01,SM-HAM01,2026-02-08,Card payment VISA,2,7.8,EUR
PM-HAM01-02044,HAM01,SM-HAM01,2026-02-09,Card payment 20,5,14.6,EUR
PM-HAM01-02045,HAM01,SM-HAM01,2026-02-09,Card payment VISA,3,9.64,EUR
PM-HAM01-02046,HAM01,SM-HAM01,2026-02-10,Card payment 10,1,4.45,EUR
PM-HAM01-02047,HAM01,SM-HAM01,2026-02-10,Card payment 20,8,18.95,EUR
PM-HAM01-02048,HAM01,SM-HAM01,2026-02-10,Card payment Master Card,1,0.25,EUR
PM-HAM01-02049,HAM01,SM-HAM01,2026-02-10,Card payment VISA,3,3.78,EUR
PM-HAM01-02050,HAM01,SM-HAM01,2026-02-11,Card payment,2,4.7,EUR
PM-HAM01-02051,HAM01,SM-HAM01,2026-02-11,Card payment 10,2,8.15,EUR
PM-HAM01-02052,HAM01,SM-HAM01,2026-02-11,Card payment 20,5,14.25,EUR
PM-HAM01-02053,HAM01,SM-HAM01,2026-02-11,Card payment Master Card,3,10.95,EUR
PM-HAM01-02054,HAM01,SM-HAM01,2026-02-11,Card payment VISA,2,4.63,EUR
PM-HAM01-02055,HAM01,SM-HAM01,2026-02-12,Card payment,1,5.5,EUR
PM-HAM01-02056,HAM01,SM-HAM01,2026-02-12,Card payment 10,1,1.25,EUR
PM-HAM01-02057,HAM01,SM-HAM01,2026-02-12,Card payment 20,7,20.39,EUR
PM-HAM01-02058,HAM01,SM-HAM01,2026-02-12,Card payment American Express,1,3.35,EUR
PM-HAM01-02059,HAM01,SM-HAM01,2026-02-12,Card payment VISA,2,3.6,EUR
PM-HAM01-02060,HAM01,SM-HAM01,2026-02-13,Card payment 10,2,7.2,EUR
PM-HAM01-02061,HAM01,SM-HAM01,2026-02-13,Card payment 20,2,5.52,EUR
PM-HAM01-02062,HAM01,SM-HAM01,2026-02-13,Card payment Master Card,2,4.7,EUR
PM-HAM01-02063,HAM01,SM-HAM01,2026-02-13,Card payment VISA,1,9.4,EUR
PM-HAM01-02064,HAM01,SM-HAM01,2026-02-14,Card payment 20,1,1.6,EUR
PM-HAM01-02065,HAM01,SM-HAM01,2026-02-15,Card payment 10,1,2.52,EUR
PM-HAM01-02066,HAM01,SM-HAM01,2026-02-15,Card payment 20,4,12.92,EUR
PM-HAM01-02067,HAM01,SM-HAM01,2026-02-15,Card payment VISA,4,7.95,EUR
PM-HAM01-02068,HAM01,SM-HAM01,2026-02-16,Card payment,1,6.3,EUR
PM-HAM01-02069,HAM01,SM-HAM01,2026-02-16,Card payment 10,2,6.85,EUR
PM-HAM01-02070,HAM01,SM-HAM01,2026-02-16,Card payment 20,9,28.54,EUR
PM-HAM01-02071,HAM01,SM-HAM01,2026-02-16,Card payment Master Card,1,3.5,EUR
PM-HAM01-02072,HAM01,SM-HAM01,2026-02-16,Card payment VISA,2,7.53,EUR
PM-HAM01-02073,HAM01,SM-HAM01,2026-02-17,Card payment 10,1,6.55,EUR
PM-HAM01-02074,HAM01,SM-HAM01,2026-02-17,Card payment 20,9,24.4,EUR
PM-HAM01-02075,HAM01,SM-HAM01,2026-02-17,Card payment Master Card,2,1.95,EUR
PM-HAM01-02076,HAM01,SM-HAM01,2026-02-17,Card payment VISA,6,18.95,EUR
PM-HAM01-02077,HAM01,SM-HAM01,2026-02-18,Card payment 10,2,4.69,EUR
PM-HAM01-02078,HAM01,SM-HAM01,2026-02-18,Card payment 20,5,11.58,EUR
PM-HAM01-02079,HAM01,SM-HAM01,2026-02-18,Card payment American Express,1,5.5,EUR
PM-HAM01-02080,HAM01,SM-HAM01,2026-02-18,Card payment VISA,3,20.63,EUR
PM-HAM01-02081,HAM01,SM-HAM01,2026-02-19,Card payment,2,4.2,EUR
PM-HAM01-02082,HAM01,SM-HAM01,2026-02-19,Card payment 20,7,14.8,EUR
PM-HAM01-02083,HAM01,SM-HAM01,2026-02-19,Card payment VISA,1,4.4,EUR
PM-HAM01-02084,HAM01,SM-HAM01,2026-02-20,Card payment 20,8,19.74,EUR
PM-HAM01-02085,HAM01,SM-HAM01,2026-02-20,Card payment VISA,2,8.65,EUR
PM-HAM01-02086,HAM01,SM-HAM01,2026-02-21,Card payment 20,1,3.4,EUR
PM-HAM01-02087,HAM01,SM-HAM01,2026-02-22,Card payment 10,1,19.1,EUR
PM-HAM01-02088,HAM01,SM-HAM01,2026-02-22,Card payment 20,3,12.05,EUR
PM-HAM01-02089,HAM01,SM-HAM01,2026-02-22,Card payment VISA,1,0.15,EUR
PM-HAM01-02090,HAM01,SM-HAM01,2026-02-23,Card payment 20,8,30.6,EUR
PM-HAM01-02091,HAM01,SM-HAM01,2026-02-23,Card payment Master Card,1,2.96,EUR
PM-HAM01-02092,HAM01,SM-HAM01,2026-02-23,Card payment VISA,2,3.45,EUR
PM-HAM01-02093,HAM01,SM-HAM01,2026-02-24,Card payment,1,0.5,EUR
PM-HAM01-02094,HAM01,SM-HAM01,2026-02-24,Card payment 20,7,21.93,EUR
PM-HAM01-02095,HAM01,SM-HAM01,2026-02-24,Card payment Master Card,1,2.5,EUR
PM-HAM01-02096,HAM01,SM-HAM01,2026-02-25,Card payment 10,2,4.3,EUR
PM-HAM01-02097,HAM01,SM-HAM01,2026-02-25,Card payment 20,8,30.05,EUR
PM-HAM01-02098,HAM01,SM-HAM01,2026-02-25,Card payment Master Card,2,3.93,EUR
PM-HAM01-02099,HAM01,SM-HAM01,2026-02-25,Card payment VISA,2,0.33,EUR
PM-HAM01-02100,HAM01,SM-HAM01,2026-02-26,Card payment 10,1,2.5,EUR
PM-HAM01-02101,HAM01,SM-HAM01,2026-02-26,Card payment 20,4,6.79,EUR
PM-HAM01-02102,HAM01,SM-HAM01,2026-02-26,Card payment Master Card,1,1.35,EUR
PM-HAM01-02103,HAM01,SM-HAM01,2026-02-26,Card payment VISA,2,12.02,EUR
PM-HAM01-02104,HAM01,SM-HAM01,2026-02-27,Card payment 10,2,2.23,EUR
PM-HAM01-02105,HAM01,SM-HAM01,2026-02-27,Card payment 20,4,10.64,EUR
PM-HAM01-02106,HAM01,SM-HAM01,2026-02-27,Card payment Master Card,1,0.23,EUR
PM-HAM01-02107,HAM01,SM-HAM01,2026-02-27,Card payment VISA,1,2.5,EUR
PM-HAM01-02108,HAM01,SM-HAM01,2026-02-28,Card payment 20,2,3.6,EUR
PM-HAM01-02109,HAM01,SM-HAM01,2026-02-28,Card payment VISA,1,1.0,EUR
PM-HAM01-02110,HAM01,SM-HAM01,2026-03-01,Card payment 10,1,1.26,EUR
PM-HAM01-02111,HAM01,SM-HAM01,2026-03-01,Card payment 20,1,1.4,EUR
PM-HAM01-02112,HAM01,SM-HAM01,2026-03-01,Card payment Master Card,1,7.04,EUR
PM-HAM01-02113,HAM01,SM-HAM01,2026-03-02,Card payment,1,1.2,EUR
PM-HAM01-02114,HAM01,SM-HAM01,2026-03-02,Card payment 20,11,36.26,EUR
PM-HAM01-02115,HAM01,SM-HAM01,2026-03-02,Card payment VISA,3,8.05,EUR
PM-HAM01-02116,HAM01,SM-HAM01,2026-03-03,Card payment,1,48.7,EUR
PM-HAM01-02117,HAM01,SM-HAM01,2026-03-03,Card payment 10,1,0.25,EUR
PM-HAM01-02118,HAM01,SM-HAM01,2026-03-03,Card payment 20,13,48.09,EUR
PM-HAM01-02119,HAM01,SM-HAM01,2026-03-03,Card payment Master Card,2,8.3,EUR
PM-HAM01-02120,HAM01,SM-HAM01,2026-03-03,Card payment VISA,1,3.15,EUR
PM-HAM01-02121,HAM01,SM-HAM01,2026-03-04,Card payment 20,14,42.38,EUR
PM-HAM01-02122,HAM01,SM-HAM01,2026-03-04,Card payment American Express,1,4.46,EUR
PM-HAM01-02123,HAM01,SM-HAM01,2026-03-04,Card payment VISA,3,7.31,EUR
PM-HAM01-02124,HAM01,SM-HAM01,2026-03-05,Card payment,2,2.74,EUR
PM-HAM01-02125,HAM01,SM-HAM01,2026-03-05,Card payment 20,6,21.44,EUR
PM-HAM01-02126,HAM01,SM-HAM01,2026-03-05,Card payment Master Card,1,1.2,EUR
PM-HAM01-02127,HAM01,SM-HAM01,2026-03-05,Card payment VISA,3,3.32,EUR
PM-HAM01-02128,HAM01,SM-HAM01,2026-03-06,Card payment 20,3,5.4,EUR
PM-HAM01-02129,HAM01,SM-HAM01,2026-03-06,Card payment VISA,1,4.14,EUR
PM-HAM01-02130,HAM01,SM-HAM01,2026-03-07,Card payment 20,1,3.66,EUR
PM-HAM01-02131,HAM01,SM-HAM01,2026-03-07,Card payment VISA,2,3.4,EUR
PM-HAM01-02132,HAM01,SM-HAM01,2026-03-08,Card payment 20,3,7.6,EUR
PM-HAM01-02133,HAM01,SM-HAM01,2026-03-08,Card payment VISA,1,0.25,EUR
PM-HAM01-02134,HAM01,SM-HAM01,2026-03-09,Card payment,1,2.7,EUR
PM-HAM01-02135,HAM01,SM-HAM01,2026-03-09,Card payment 10,1,0.23,EUR
PM-HAM01-02136,HAM01,SM-HAM01,2026-03-09,Card payment 20,5,12.67,EUR
PM-HAM01-02137,HAM01,SM-HAM01,2026-03-09,Card payment Master Card,2,7.03,EUR
PM-HAM01-02138,HAM01,SM-HAM01,2026-03-09,Card payment VISA,1,5.8,EUR
PM-HAM01-02139,HAM01,SM-HAM01,2026-03-10,Card payment,1,1.15,EUR
PM-HAM01-02140,HAM01,SM-HAM01,2026-03-10,Card payment 20,4,6.47,EUR
PM-HAM01-02141,HAM01,SM-HAM01,2026-03-10,Card payment VISA,3,7.8,EUR
PM-HAM01-02142,HAM01,SM-HAM01,2026-03-11,Card payment 20,4,9.48,EUR
PM-HAM01-02143,HAM01,SM-HAM01,2026-03-11,Card payment Master Card,1,4.3,EUR
PM-HAM01-02144,HAM01,SM-HAM01,2026-03-11,Card payment VISA,6,11.3,EUR
PM-HAM01-02145,HAM01,SM-HAM01,2026-03-12,Card payment 20,10,27.86,EUR
PM-HAM01-02146,HAM01,SM-HAM01,2026-03-12,Card payment Master Card,1,7.2,EUR
PM-HAM01-02147,HAM01,SM-HAM01,2026-03-12,Card payment VISA,3,5.6,EUR
PM-HAM01-02148,HAM01,SM-HAM01,2026-03-13,Card payment 20,7,22.34,EUR
PM-HAM01-02149,HAM01,SM-HAM01,2026-03-13,Card payment Master Card,1,3.8,EUR
PM-HAM01-02150,HAM01,SM-HAM01,2026-03-13,Card payment VISA,1,2.03,EUR
PM-HAM01-02151,HAM01,SM-HAM01,2026-03-14,Card payment 10,1,1.95,EUR
PM-HAM01-02152,HAM01,SM-HAM01,2026-03-14,Card payment 20,1,1.5,EUR
PM-HAM01-02153,HAM01,SM-HAM01,2026-03-14,Card payment VISA,1,1.7,EUR
PM-HAM01-02154,HAM01,SM-HAM01,2026-03-15,Card payment 20,5,11.76,EUR
PM-HAM01-02155,HAM01,SM-HAM01,2026-03-16,Card payment 20,7,22.53,EUR
PM-HAM01-02156,HAM01,SM-HAM01,2026-03-16,Card payment Master Card,1,3.1,EUR
PM-HAM01-02157,HAM01,SM-HAM01,2026-03-16,Card payment VISA,1,2.5,EUR
PM-HAM01-02158,HAM01,SM-HAM01,2026-03-17,Card payment,1,5.8,EUR
PM-HAM01-02159,HAM01,SM-HAM01,2026-03-17,Card payment 10,2,6.72,EUR
PM-HAM01-02160,HAM01,SM-HAM01,2026-03-17,Card payment 20,8,19.37,EUR
PM-HAM01-02161,HAM01,SM-HAM01,2026-03-17,Card payment Master Card,1,2.2,EUR
PM-HAM01-02162,HAM01,SM-HAM01,2026-03-17,Card payment VISA,4,21.19,EUR
PM-HAM01-02163,HAM01,SM-HAM01,2026-03-18,Card payment 10,2,2.75,EUR
PM-HAM01-02164,HAM01,SM-HAM01,2026-03-18,Card payment 20,5,15.24,EUR
PM-HAM01-02165,HAM01,SM-HAM01,2026-03-18,Card payment Master Card,2,2.24,EUR
PM-HAM01-02166,HAM01,SM-HAM01,2026-03-18,Card payment VISA,4,11.2,EUR
PM-HAM01-02167,HAM01,SM-HAM01,2026-03-19,Card payment 10,1,1.95,EUR
PM-HAM01-02168,HAM01,SM-HAM01,2026-03-19,Card payment 20,13,43.74,EUR
PM-HAM01-02169,HAM01,SM-HAM01,2026-03-19,Card payment VISA,1,3.53,EUR
PM-HAM01-02170,HAM01,SM-HAM01,2026-03-20,Card payment 20,8,24.09,EUR
PM-HAM01-02171,HAM01,SM-HAM01,2026-03-20,Card payment Master Card,1,2.75,EUR
PM-HAM01-02172,HAM01,SM-HAM01,2026-03-20,Card payment VISA,2,16.85,EUR
PM-HAM01-02173,HAM01,SM-HAM01,2026-03-21,Card payment 20,3,15.05,EUR
PM-HAM01-02174,HAM01,SM-HAM01,2026-03-21,Card payment VISA,2,2.7,EUR
PM-HAM01-02175,HAM01,SM-HAM01,2026-03-22,Card payment 20,2,6.09,EUR
PM-HAM01-02176,HAM01,SM-HAM01,2026-03-22,Card payment Master Card,2,2.05,EUR
PM-HAM01-02177,HAM01,SM-HAM01,2026-03-22,Card payment VISA,1,4.85,EUR
PM-HAM01-02178,HAM01,SM-HAM01,2026-03-23,Card payment,1,2.5,EUR
PM-HAM01-02179,HAM01,SM-HAM01,2026-03-23,Card payment 10,2,5.85,EUR
PM-HAM01-02180,HAM01,SM-HAM01,2026-03-23,Card payment 20,3,10.55,EUR
PM-HAM01-02181,HAM01,SM-HAM01,2026-03-23,Card payment VISA,1,1.4,EUR
PM-HAM01-02182,HAM01,SM-HAM01,2026-03-24,Card payment 10,1,2.5,EUR
PM-HAM01-02183,HAM01,SM-HAM01,2026-03-24,Card payment 20,7,19.95,EUR
PM-HAM01-02184,HAM01,SM-HAM01,2026-03-24,Card payment VISA,3,4.61,EUR
PM-HAM01-02185,HAM01,SM-HAM01,2026-03-25,Card payment 10,2,3.77,EUR
PM-HAM01-02186,HAM01,SM-HAM01,2026-03-25,Card payment 20,8,27.36,EUR
PM-HAM01-02187,HAM01,SM-HAM01,2026-03-25,Card payment Master Card,1,8.43,EUR
PM-HAM01-02188,HAM01,SM-HAM01,2026-03-26,Card payment,1,3.95,EUR
PM-HAM01-02189,HAM01,SM-HAM01,2026-03-26,Card payment 10,1,2.71,EUR
PM-HAM01-02190,HAM01,SM-HAM01,2026-03-26,Card payment 20,4,7.45,EUR
PM-HAM01-02191,HAM01,SM-HAM01,2026-03-26,Card payment Master Card,3,7.5,EUR
PM-HAM01-02192,HAM01,SM-HAM01,2026-03-26,Card payment VISA,4,29.36,EUR
PM-HAM01-02193,HAM01,SM-HAM01,2026-03-27,Card payment 20,4,13.53,EUR
PM-HAM01-02194,HAM01,SM-HAM01,2026-03-28,Card payment 20,2,4.65,EUR
PM-HAM01-02195,HAM01,SM-HAM01,2026-03-29,Card payment,1,1.2,EUR
PM-HAM01-02196,HAM01,SM-HAM01,2026-03-29,Card payment 20,5,23.35,EUR
PM-HAM01-02197,HAM01,SM-HAM01,2026-03-29,Card payment VISA,1,0.25,EUR
PM-HAM01-02198,HAM01,SM-HAM01,2026-03-30,Card payment,1,7.3,EUR
PM-HAM01-02199,HAM01,SM-HAM01,2026-03-30,Card payment 20,2,7.2,EUR
PM-HAM01-02200,HAM01,SM-HAM01,2026-03-30,Card payment Master Card,1,4.07,EUR
PM-HAM01-02201,HAM01,SM-HAM01,2026-03-30,Card payment VISA,2,4.3,EUR
PM-HAM01-02202,HAM01,SM-HAM01,2026-03-31,Card payment 20,7,17.24,EUR
PM-HAM01-02203,HAM01,SM-HAM01,2026-03-31,Card payment Master Card,2,3.37,EUR
PM-HAM01-02204,HAM01,SM-HAM01,2026-03-31,Card payment VISA,2,4.6,EUR
PM-HAM01-02205,HAM01,SM-HAM01,2026-04-01,Card payment,1,5.6,EUR
PM-HAM01-02206,HAM01,SM-HAM01,2026-04-01,Card payment 10,1,1.5,EUR
PM-HAM01-02207,HAM01,SM-HAM01,2026-04-01,Card payment 20,7,15.55,EUR
PM-HAM01-02208,HAM01,SM-HAM01,2026-04-01,Card payment Master Card,3,7.05,EUR
PM-HAM01-02209,HAM01,SM-HAM01,2026-04-01,Card payment VISA,2,4.0,EUR
PM-HAM01-02210,HAM01,SM-HAM01,2026-04-02,Card payment 20,4,12.55,EUR
PM-HAM01-02211,HAM01,SM-HAM01,2026-04-02,Card payment VISA,2,3.9,EUR
PM-HAM01-02212,HAM01,SM-HAM01,2026-04-03,Card payment 20,7,20.65,EUR
PM-HAM01-02213,HAM01,SM-HAM01,2026-04-03,Card payment VISA,2,5.95,EUR
PM-HAM01-02214,HAM01,SM-HAM01,2026-04-04,Card payment 20,2,3.35,EUR
PM-HAM01-02215,HAM01,SM-HAM01,2026-04-06,Card payment 20,2,5.17,EUR
PM-HAM01-02216,HAM01,SM-HAM01,2026-04-06,Card payment Master Card,1,2.3,EUR
PM-HAM01-02217,HAM01,SM-HAM01,2026-04-06,Card payment VISA,4,7.55,EUR
PM-HAM01-02218,HAM01,SM-HAM01,2026-04-07,Card payment 10,1,1.8,EUR
PM-HAM01-02219,HAM01,SM-HAM01,2026-04-07,Card payment 20,6,25.75,EUR
PM-HAM01-02220,HAM01,SM-HAM01,2026-04-07,Card payment VISA,2,15.14,EUR
PM-HAM01-02221,HAM01,SM-HAM01,2026-04-08,Card payment 20,13,33.26,EUR
PM-HAM01-02222,HAM01,SM-HAM01,2026-04-08,Card payment American Express,1,5.53,EUR
PM-HAM01-02223,HAM01,SM-HAM01,2026-04-08,Card payment VISA,1,1.2,EUR
PM-HAM01-02224,HAM01,SM-HAM01,2026-04-09,Card payment 10,1,4.53,EUR
PM-HAM01-02225,HAM01,SM-HAM01,2026-04-09,Card payment 20,3,7.5,EUR
PM-HAM01-02226,HAM01,SM-HAM01,2026-04-10,Card payment 20,5,13.87,EUR
PM-HAM01-02227,HAM01,SM-HAM01,2026-04-10,Card payment VISA,1,2.95,EUR
PM-HAM01-02228,HAM01,SM-HAM01,2026-04-11,Card payment 20,1,1.4,EUR
PM-HAM01-02229,HAM01,SM-HAM01,2026-04-12,Card payment,1,3.9,EUR
PM-HAM01-02230,HAM01,SM-HAM01,2026-04-12,Card payment 20,3,9.34,EUR
PM-HAM01-02231,HAM01,SM-HAM01,2026-04-12,Card payment Master Card,1,1.2,EUR
PM-HAM01-02232,HAM01,SM-HAM01,2026-04-12,Card payment VISA,2,4.6,EUR
PM-HAM01-02233,HAM01,SM-HAM01,2026-04-13,Card payment 20,6,10.6,EUR
PM-HAM01-02234,HAM01,SM-HAM01,2026-04-13,Card payment VISA,1,4.42,EUR
PM-HAM01-02235,HAM01,SM-HAM01,2026-04-14,Card payment,1,3.75,EUR
PM-HAM01-02236,HAM01,SM-HAM01,2026-04-14,Card payment 20,11,26.64,EUR
PM-HAM01-02237,HAM01,SM-HAM01,2026-04-14,Card payment Master Card,1,7.74,EUR
PM-HAM01-02238,HAM01,SM-HAM01,2026-04-14,Card payment VISA,2,2.65,EUR
PM-HAM01-02239,HAM01,SM-HAM01,2026-04-15,Card payment,2,2.9,EUR
PM-HAM01-02240,HAM01,SM-HAM01,2026-04-15,Card payment 10,1,1.69,EUR
PM-HAM01-02241,HAM01,SM-HAM01,2026-04-15,Card payment 20,4,13.36,EUR
PM-HAM01-02242,HAM01,SM-HAM01,2026-04-15,Card payment VISA,1,5.75,EUR
PM-HAM01-02243,HAM01,SM-HAM01,2026-04-16,Card payment 20,5,10.71,EUR
PM-HAM01-02244,HAM01,SM-HAM01,2026-04-16,Card payment VISA,2,3.73,EUR
PM-HAM01-02245,HAM01,SM-HAM01,2026-04-17,Card payment 10,1,7.9,EUR
PM-HAM01-02246,HAM01,SM-HAM01,2026-04-17,Card payment 20,4,5.32,EUR
PM-HAM01-02247,HAM01,SM-HAM01,2026-04-19,Card payment 20,5,7.8,EUR
PM-HAM01-02248,HAM01,SM-HAM01,2026-04-20,Card payment 10,1,1.8,EUR
PM-HAM01-02249,HAM01,SM-HAM01,2026-04-20,Card payment 20,4,18.16,EUR
PM-HAM01-02250,HAM01,SM-HAM01,2026-04-20,Card payment Master Card,1,5.0,EUR
PM-HAM01-02251,HAM01,SM-HAM01,2026-04-20,Card payment VISA,2,4.95,EUR
PM-HAM01-02252,HAM01,SM-HAM01,2026-04-21,Card payment 10,1,2.75,EUR
PM-HAM01-02253,HAM01,SM-HAM01,2026-04-21,Card payment 20,13,53.06,EUR
PM-HAM01-02254,HAM01,SM-HAM01,2026-04-21,Card payment American Express,1,6.13,EUR
PM-HAM01-02255,HAM01,SM-HAM01,2026-04-21,Card payment Master Card,1,2.76,EUR
PM-HAM01-02256,HAM01,SM-HAM01,2026-04-22,Card payment 20,8,41.29,EUR
PM-HAM01-02257,HAM01,SM-HAM01,2026-04-22,Card payment Master Card,1,1.0,EUR
PM-HAM01-02258,HAM01,SM-HAM01,2026-04-23,Card payment,1,5.2,EUR
PM-HAM01-02259,HAM01,SM-HAM01,2026-04-23,Card payment 10,2,9.0,EUR
PM-HAM01-02260,HAM01,SM-HAM01,2026-04-23,Card payment 20,5,13.35,EUR
PM-HAM01-02261,HAM01,SM-HAM01,2026-04-23,Card payment Master Card,1,0.25,EUR
PM-HAM01-02262,HAM01,SM-HAM01,2026-04-23,Card payment VISA,3,8.4,EUR
PM-HAM01-02263,HAM01,SM-HAM01,2026-04-24,Card payment,1,8.15,EUR
PM-HAM01-02264,HAM01,SM-HAM01,2026-04-24,Card payment 20,8,16.55,EUR
PM-HAM01-02265,HAM01,SM-HAM01,2026-04-25,Card payment 20,1,1.2,EUR
PM-HAM01-02266,HAM01,SM-HAM01,2026-04-25,Card payment Master Card,2,2.91,EUR
PM-HAM01-02267,HAM01,SM-HAM01,2026-04-26,Card payment 10,1,2.75,EUR
PM-HAM01-02268,HAM01,SM-HAM01,2026-04-26,Card payment 20,4,12.33,EUR
PM-HAM01-02269,HAM01,SM-HAM01,2026-04-27,Card payment 10,1,6.2,EUR
PM-HAM01-02270,HAM01,SM-HAM01,2026-04-27,Card payment 20,9,36.34,EUR
PM-HAM01-02271,HAM01,SM-HAM01,2026-04-27,Card payment Master Card,1,4.2,EUR
PM-HAM01-02272,HAM01,SM-HAM01,2026-04-27,Card payment VISA,1,6.6,EUR
PM-HAM01-02273,HAM01,SM-HAM01,2026-04-28,Card payment,1,4.1,EUR
PM-HAM01-02274,HAM01,SM-HAM01,2026-04-28,Card payment 10,1,4.1,EUR
PM-HAM01-02275,HAM01,SM-HAM01,2026-04-28,Card payment 20,2,5.38,EUR
PM-HAM01-02276,HAM01,SM-HAM01,2026-04-28,Card payment Master Card,1,1.2,EUR
PM-HAM01-02277,HAM01,SM-HAM01,2026-04-28,Card payment VISA,2,6.05,EUR
PM-HAM01-02278,HAM01,SM-HAM01,2026-04-29,Card payment 10,1,4.18,EUR
PM-HAM01-02279,HAM01,SM-HAM01,2026-04-29,Card payment 20,7,19.35,EUR
PM-HAM01-02280,HAM01,SM-HAM01,2026-04-29,Card payment VISA,4,12.65,EUR
PM-HAM01-02281,HAM01,SM-HAM01,2026-04-30,Card payment 20,4,18.21,EUR
PM-HAM01-02282,HAM01,SM-HAM01,2026-04-30,Card payment Master Card,1,2.05,EUR
PM-HAM01-02283,HAM01,SM-HAM01,2026-05-01,Card payment,1,1.8,EUR
PM-HAM01-02284,HAM01,SM-HAM01,2026-05-01,Card payment 20,2,1.8,EUR
PM-HAM01-02285,HAM01,SM-HAM01,2026-05-01,Card payment VISA,1,5.2,EUR
PM-HAM01-02286,HAM01,SM-HAM01,2026-05-02,Card payment 20,1,0.76,EUR
PM-HAM01-02287,HAM01,SM-HAM01,2026-05-03,Card payment 20,3,4.18,EUR
PM-HAM01-02288,HAM01,SM-HAM01,2026-05-03,Card payment VISA,2,7.11,EUR
PM-HAM01-02289,HAM01,SM-HAM01,2026-05-04,Card payment 20,6,14.04,EUR
PM-HAM01-02290,HAM01,SM-HAM01,2026-05-04,Card payment VISA,1,5.35,EUR
PM-HAM01-02291,HAM01,SM-HAM01,2026-05-05,Card payment 20,9,36.2,EUR
PM-HAM01-02292,HAM01,SM-HAM01,2026-05-05,Card payment Master Card,2,10.4,EUR
PM-HAM01-02293,HAM01,SM-HAM01,2026-05-05,Card payment VISA,1,1.0,EUR
PM-HAM01-02294,HAM01,SM-HAM01,2026-05-06,Card payment 20,7,14.75,EUR
PM-HAM01-02295,HAM01,SM-HAM01,2026-05-06,Card payment Master Card,1,2.1,EUR
PM-HAM01-02296,HAM01,SM-HAM01,2026-05-06,Card payment VISA,3,9.85,EUR
PM-HAM01-02297,HAM01,SM-HAM01,2026-05-07,Card payment 10,2,12.18,EUR
PM-HAM01-02298,HAM01,SM-HAM01,2026-05-07,Card payment 20,5,8.04,EUR
PM-HAM01-02299,HAM01,SM-HAM01,2026-05-07,Card payment Master Card,1,3.93,EUR
PM-HAM01-02300,HAM01,SM-HAM01,2026-05-07,Card payment VISA,4,8.41,EUR
PM-HAM01-02301,HAM01,SM-HAM01,2026-05-08,Card payment 10,1,0.08,EUR
PM-HAM01-02302,HAM01,SM-HAM01,2026-05-08,Card payment 20,4,5.96,EUR
PM-HAM01-02303,HAM01,SM-HAM01,2026-05-08,Card payment Master Card,1,3.6,EUR
PM-HAM01-02304,HAM01,SM-HAM01,2026-05-09,Card payment VISA,1,2.2,EUR
PM-HAM01-02305,HAM01,SM-HAM01,2026-05-10,Card payment 20,3,4.25,EUR
PM-HAM01-02306,HAM01,SM-HAM01,2026-05-11,Card payment,1,2.5,EUR
PM-HAM01-02307,HAM01,SM-HAM01,2026-05-11,Card payment 10,1,0.08,EUR
PM-HAM01-02308,HAM01,SM-HAM01,2026-05-11,Card payment 20,3,7.45,EUR
PM-HAM01-02309,HAM01,SM-HAM01,2026-05-11,Card payment VISA,1,9.55,EUR
PM-HAM01-02310,HAM01,SM-HAM01,2026-05-12,Card payment 20,8,15.2,EUR
PM-HAM01-02311,HAM01,SM-HAM01,2026-05-12,Card payment VISA,1,2.75,EUR
PM-HAM01-02312,HAM01,SM-HAM01,2026-05-13,Card payment 10,1,0.5,EUR
PM-HAM01-02313,HAM01,SM-HAM01,2026-05-13,Card payment 20,4,19.3,EUR
PM-HAM01-02314,HAM01,SM-HAM01,2026-05-13,Card payment VISA,3,5.15,EUR
PM-HAM01-02315,HAM01,SM-HAM01,2026-05-14,Card payment 20,8,23.55,EUR
PM-HAM01-02316,HAM01,SM-HAM01,2026-05-14,Card payment VISA,4,3.9,EUR
PM-HAM01-02317,HAM01,SM-HAM01,2026-05-15,Card payment 20,5,9.51,EUR
PM-HAM01-02318,HAM01,SM-HAM01,2026-05-15,Card payment VISA,1,1.0,EUR
PM-HAM01-02319,HAM01,SM-HAM01,2026-05-16,Card payment 20,1,1.95,EUR
PM-HAM01-02320,HAM01,SM-HAM01,2026-05-16,Card payment VISA,1,0.21,EUR
PM-HAM01-02321,HAM01,SM-HAM01,2026-05-17,Card payment 10,1,2.8,EUR
PM-HAM01-02322,HAM01,SM-HAM01,2026-05-17,Card payment 20,2,5.87,EUR
PM-HAM01-02323,HAM01,SM-HAM01,2026-05-17,Card payment VISA,1,0.15,EUR
PM-HAM01-02324,HAM01,SM-HAM01,2026-05-18,Card payment 20,8,26.49,EUR
PM-HAM01-02325,HAM01,SM-HAM01,2026-05-18,Card payment VISA,3,6.21,EUR
PM-HAM01-02326,HAM01,SM-HAM01,2026-05-19,Card payment,1,1.0,EUR
PM-HAM01-02327,HAM01,SM-HAM01,2026-05-19,Card payment 20,6,22.64,EUR
PM-HAM01-02328,HAM01,SM-HAM01,2026-05-19,Card payment Master Card,4,20.32,EUR
PM-HAM01-02329,HAM01,SM-HAM01,2026-05-19,Card payment VISA,2,6.45,EUR
PM-HAM01-02330,HAM01,SM-HAM01,2026-05-20,Card payment 20,9,26.17,EUR
PM-HAM01-02331,HAM01,SM-HAM01,2026-05-20,Card payment Master Card,3,10.08,EUR
PM-HAM01-02332,HAM01,SM-HAM01,2026-05-21,Card payment,1,4.69,EUR
PM-HAM01-02333,HAM01,SM-HAM01,2026-05-21,Card payment 20,5,14.1,EUR
PM-HAM01-02334,HAM01,SM-HAM01,2026-05-21,Card payment VISA,1,4.9,EUR
PM-HAM01-02335,HAM01,SM-HAM01,2026-05-22,Card payment 10,1,2.2,EUR
PM-HAM01-02336,HAM01,SM-HAM01,2026-05-22,Card payment 20,8,19.18,EUR
PM-HAM01-02337,HAM01,SM-HAM01,2026-05-22,Card payment Master Card,1,9.25,EUR
PM-HAM01-02338,HAM01,SM-HAM01,2026-05-22,Card payment VISA,1,4.68,EUR
PM-HAM01-02339,HAM01,SM-HAM01,2026-05-23,Card payment 20,2,4.65,EUR
PM-HAM01-02340,HAM01,SM-HAM01,2026-05-24,Card payment 20,2,1.75,EUR
PM-HAM01-02341,HAM01,SM-HAM01,2026-05-24,Card payment VISA,1,0.15,EUR
PM-HAM01-02342,HAM01,SM-HAM01,2026-05-25,Card payment 10,2,3.2,EUR
PM-HAM01-02343,HAM01,SM-HAM01,2026-05-25,Card payment 20,6,11.57,EUR
PM-HAM01-02344,HAM01,SM-HAM01,2026-05-25,Card payment VISA,3,5.57,EUR
PM-HAM01-02345,HAM01,SM-HAM01,2026-05-26,Card payment,2,2.98,EUR
PM-HAM01-02346,HAM01,SM-HAM01,2026-05-26,Card payment 20,9,26.96,EUR
PM-HAM01-02347,HAM01,SM-HAM01,2026-05-26,Card payment VISA,2,17.65,EUR
PM-HAM01-02348,HAM01,SM-HAM01,2026-05-27,Card payment 20,4,12.1,EUR
PM-HAM01-02349,HAM01,SM-HAM01,2026-05-27,Card payment Master Card,2,3.85,EUR
PM-HAM01-02350,HAM01,SM-HAM01,2026-05-27,Card payment VISA,3,9.77,EUR
PM-HAM01-02351,HAM01,SM-HAM01,2026-05-28,Card payment 20,4,13.6,EUR
PM-HAM01-02352,HAM01,SM-HAM01,2026-05-28,Card payment Master Card,1,4.1,EUR
PM-HAM01-02353,HAM01,SM-HAM01,2026-05-28,Card payment VISA,1,1.54,EUR
PM-HAM01-02354,HAM01,SM-HAM01,2026-05-29,Card payment 20,6,24.32,EUR
PM-HAM01-02355,HAM01,SM-HAM01,2026-05-29,Card payment VISA,1,5.3,EUR
PM-HAM01-02356,HAM01,SM-HAM01,2026-05-30,Card payment 20,1,1.8,EUR
PM-HAM01-02357,HAM01,SM-HAM01,2026-05-31,Card payment 20,6,17.37,EUR
PM-HAM01-02358,HAM01,SM-HAM01,2026-05-31,Card payment VISA,1,0.18,EUR
PM-HAM01-02359,HAM01,SM-HAM01,2026-06-01,Card payment 10,1,2.5,EUR
PM-HAM01-02360,HAM01,SM-HAM01,2026-06-01,Card payment 20,7,18.84,EUR
PM-HAM01-02361,HAM01,SM-HAM01,2026-06-02,Card payment 10,1,5.74,EUR
PM-HAM01-02362,HAM01,SM-HAM01,2026-06-02,Card payment 20,8,19.87,EUR
PM-HAM01-02363,HAM01,SM-HAM01,2026-06-02,Card payment Master Card,3,9.77,EUR
PM-HAM01-02364,HAM01,SM-HAM01,2026-06-02,Card payment VISA,4,10.65,EUR
PM-HAM01-02365,HAM01,SM-HAM01,2026-06-03,Card payment 20,7,39.01,EUR
PM-HAM01-02366,HAM01,SM-HAM01,2026-06-03,Card payment VISA,1,0.5,EUR
PM-HAM01-02367,HAM01,SM-HAM01,2026-06-04,Card payment 10,1,1.0,EUR
PM-HAM01-02368,HAM01,SM-HAM01,2026-06-04,Card payment 20,6,19.77,EUR
PM-HAM01-02369,HAM01,SM-HAM01,2026-06-04,Card payment American Express,2,5.43,EUR
PM-HAM01-02370,HAM01,SM-HAM01,2026-06-04,Card payment VISA,2,3.7,EUR
PM-HAM01-02371,HAM01,SM-HAM01,2026-06-05,Card payment 20,2,3.5,EUR
PM-HAM01-02372,HAM01,SM-HAM01,2026-06-05,Card payment Master Card,1,0.25,EUR
PM-HAM01-02373,HAM01,SM-HAM01,2026-06-06,Card payment 20,3,11.53,EUR
PM-HAM01-02374,HAM01,SM-HAM01,2026-06-07,Card payment 20,2,2.56,EUR
PM-HAM01-02375,HAM01,SM-HAM01,2026-06-08,Card payment 10,1,2.5,EUR
PM-HAM01-02376,HAM01,SM-HAM01,2026-06-08,Card payment 20,4,13.4,EUR
PM-HAM01-02377,HAM01,SM-HAM01,2026-06-08,Card payment Master Card,2,4.7,EUR
PM-HAM01-02378,HAM01,SM-HAM01,2026-06-08,Card payment VISA,1,3.3,EUR
PM-HAM01-02379,HAM01,SM-HAM01,2026-06-09,Card payment 20,11,71.99,EUR
PM-HAM01-02380,HAM01,SM-HAM01,2026-06-09,Card payment VISA,2,7.53,EUR
PM-HAM01-02381,HAM01,SM-HAM01,2026-06-10,Card payment 10,1,6.58,EUR
PM-HAM01-02382,HAM01,SM-HAM01,2026-06-10,Card payment 20,8,42.3,EUR
PM-HAM01-02383,HAM01,SM-HAM01,2026-06-10,Card payment Master Card,1,2.89,EUR
PM-HAM01-02384,HAM01,SM-HAM01,2026-06-10,Card payment VISA,1,2.41,EUR
PM-HAM01-02385,HAM01,SM-HAM01,2026-06-11,Card payment 10,1,7.7,EUR
PM-HAM01-02386,HAM01,SM-HAM01,2026-06-11,Card payment 20,5,8.75,EUR
PM-HAM01-02387,HAM01,SM-HAM01,2026-06-11,Card payment VISA,3,8.0,EUR
PM-HAM01-02388,HAM01,SM-HAM01,2026-06-12,Card payment 10,1,7.9,EUR
PM-HAM01-02389,HAM01,SM-HAM01,2026-06-12,Card payment 20,5,9.34,EUR
PM-HAM01-02390,HAM01,SM-HAM01,2026-06-12,Card payment Master Card,1,5.8,EUR
PM-HAM01-02391,HAM01,SM-HAM01,2026-06-12,Card payment VISA,1,3.8,EUR
PM-HAM01-02392,HAM01,SM-HAM01,2026-06-13,Card payment 20,1,0.25,EUR
PM-HAM01-02393,HAM01,SM-HAM01,2026-06-13,Card payment VISA,1,2.5,EUR
PM-HAM01-02394,HAM01,SM-HAM01,2026-06-14,Card payment 20,4,9.62,EUR
PM-HAM01-02395,HAM01,SM-HAM01,2026-06-14,Card payment Master Card,1,3.5,EUR
PM-HAM01-02396,HAM01,SM-HAM01,2026-06-14,Card payment VISA,2,6.1,EUR
PM-HAM01-02397,HAM01,SM-HAM01,2026-06-15,Card payment 20,7,11.41,EUR
PM-HAM01-02398,HAM01,SM-HAM01,2026-06-15,Card payment VISA,3,2.25,EUR
PM-HAM01-02399,HAM01,SM-HAM01,2026-06-16,Card payment 10,1,7.95,EUR
PM-HAM01-02400,HAM01,SM-HAM01,2026-06-16,Card payment 20,7,16.09,EUR
PM-HAM01-02401,HAM01,SM-HAM01,2026-06-16,Card payment Master Card,2,1.95,EUR
PM-HAM01-02402,HAM01,SM-HAM01,2026-06-16,Card payment VISA,4,14.0,EUR
PM-HAM01-02403,HAM01,SM-HAM01,2026-06-17,Card payment 10,1,1.4,EUR
PM-HAM01-02404,HAM01,SM-HAM01,2026-06-17,Card payment 20,2,3.98,EUR
PM-HAM01-02405,HAM01,SM-HAM01,2026-06-17,Card payment Master Card,1,0.25,EUR
PM-HAM01-02406,HAM01,SM-HAM01,2026-06-17,Card payment VISA,2,4.4,EUR
PM-HAM01-02407,HAM01,SM-HAM01,2026-06-18,Card payment 20,4,6.05,EUR
PM-HAM01-02408,HAM01,SM-HAM01,2026-06-18,Card payment American Express,1,0.4,EUR
PM-HAM01-02409,HAM01,SM-HAM01,2026-06-18,Card payment Master Card,3,11.97,EUR
PM-HAM01-02410,HAM01,SM-HAM01,2026-06-18,Card payment VISA,1,2.45,EUR
PM-HAM01-02411,HAM01,SM-HAM01,2026-06-19,Card payment,2,3.95,EUR
PM-HAM01-02412,HAM01,SM-HAM01,2026-06-19,Card payment 20,8,14.7,EUR
PM-HAM01-02413,HAM01,SM-HAM01,2026-06-19,Card payment Master Card,1,1.0,EUR
PM-HAM01-02414,HAM01,SM-HAM01,2026-06-19,Card payment VISA,2,5.48,EUR
PM-HAM01-02415,HAM01,SM-HAM01,2026-06-20,Card payment 10,1,0.33,EUR
PM-HAM01-02416,HAM01,SM-HAM01,2026-06-20,Card payment 20,4,6.75,EUR
PM-HAM01-02417,HAM01,SM-HAM01,2026-06-20,Card payment Master Card,1,0.3,EUR
PM-HAM01-02418,HAM01,SM-HAM01,2026-06-21,Card payment 20,4,8.1,EUR
PM-HAM01-02419,HAM01,SM-HAM01,2026-06-21,Card payment VISA,1,0.08,EUR
PM-HAM01-02420,HAM01,SM-HAM01,2026-06-22,Card payment 10,2,3.24,EUR
PM-HAM01-02421,HAM01,SM-HAM01,2026-06-22,Card payment 20,6,19.97,EUR
PM-HAM01-02422,HAM01,SM-HAM01,2026-06-22,Card payment Master Card,2,5.7,EUR
PM-HAM01-02423,HAM01,SM-HAM01,2026-06-22,Card payment VISA,1,3.1,EUR
PM-HAM01-02424,HAM01,SM-HAM01,2026-06-23,Card payment 20,10,28.77,EUR
PM-HAM01-02425,HAM01,SM-HAM01,2026-06-23,Card payment Master Card,2,10.74,EUR
PM-HAM01-02426,HAM01,SM-HAM01,2026-06-23,Card payment VISA,3,8.61,EUR
PM-HAM01-02427,HAM01,SM-HAM01,2026-06-24,Card payment 20,9,38.24,EUR
PM-HAM01-02428,HAM01,SM-HAM01,2026-06-24,Card payment Master Card,1,1.8,EUR
PM-HAM01-02429,HAM01,SM-HAM01,2026-06-24,Card payment VISA,1,1.5,EUR
PM-HAM01-02430,HAM01,SM-HAM01,2026-06-25,Card payment 10,2,3.35,EUR
PM-HAM01-02431,HAM01,SM-HAM01,2026-06-25,Card payment 20,10,26.73,EUR
PM-HAM01-02432,HAM01,SM-HAM01,2026-06-25,Card payment Master Card,3,17.75,EUR
PM-HAM01-02433,HAM01,SM-HAM01,2026-06-26,Card payment,1,2.4,EUR
PM-HAM01-02434,HAM01,SM-HAM01,2026-06-26,Card payment 20,6,29.85,EUR
PM-HAM01-02435,HAM01,SM-HAM01,2026-06-26,Card payment VISA,1,0.25,EUR
PM-HAM01-02436,HAM01,SM-HAM01,2026-06-27,Card payment 20,7,14.24,EUR
PM-HAM01-02437,HAM01,SM-HAM01,2026-06-27,Card payment Master Card,1,1.2,EUR
PM-HAM01-02438,HAM01,SM-HAM01,2026-06-27,Card payment VISA,1,1.49,EUR
PM-HAM01-02439,HAM01,SM-HAM01,2026-06-28,Card payment 20,2,6.87,EUR
PM-HAM01-02440,HAM01,SM-HAM01,2026-06-28,Card payment VISA,3,4.55,EUR
PM-HAM01-02441,HAM01,SM-HAM01,2026-06-29,Card payment 10,2,8.48,EUR
PM-HAM01-02442,HAM01,SM-HAM01,2026-06-29,Card payment 20,5,14.21,EUR
PM-HAM01-02443,HAM01,SM-HAM01,2026-06-29,Card payment VISA,1,7.65,EUR
PM-HAM01-02444,HAM01,SM-HAM01,2026-06-30,Card payment 20,7,25.68,EUR
PM-HAM01-02445,HAM01,SM-HAM01,2026-06-30,Card payment Master Card,3,5.02,EUR
PM-HAM01-02446,HAM01,SM-HAM01,2026-06-30,Card payment VISA,2,6.5,EUR
PM-HAM01-02447,HAM01,SM-HAM01,2026-07-01,Card payment 10,1,1.5,EUR
PM-HAM01-02448,HAM01,SM-HAM01,2026-07-01,Card payment 20,7,61.35,EUR
PM-HAM01-02449,HAM01,SM-HAM01,2026-07-01,Card payment Master Card,1,1.95,EUR
PM-HAM01-02450,HAM01,SM-HAM01,2026-07-01,Card payment VISA,4,18.14,EUR
PM-HAM01-02451,HAM01,SM-HAM01,2026-07-02,Card payment 10,2,9.0,EUR
PM-HAM01-02452,HAM01,SM-HAM01,2026-07-02,Card payment 20,8,48.09,EUR
PM-HAM01-02453,HAM01,SM-HAM01,2026-07-02,Card payment American Express,1,3.8,EUR
PM-HAM01-02454,HAM01,SM-HAM01,2026-07-02,Card payment Master Card,2,5.45,EUR
PM-HAM01-02455,HAM01,SM-HAM01,2026-07-02,Card payment VISA,2,7.63,EUR
PM-HAM01-02456,HAM01,SM-HAM01,2026-07-03,Card payment 20,3,9.43,EUR
PM-HAM01-02457,HAM01,SM-HAM01,2026-07-03,Card payment Master Card,2,5.5,EUR
PM-HAM01-02458,HAM01,SM-HAM01,2026-07-03,Card payment VISA,2,2.73,EUR
PM-MUC01-02459,MUC01,MO-MUC01,2026-01-05,Card payment 20,1,0.4,EUR
PM-MUC01-02460,MUC01,MO-MUC01,2026-01-06,Card payment 20,3,16.71,EUR
PM-MUC01-02461,MUC01,MO-MUC01,2026-01-06,Card payment VISA,2,0.5,EUR
PM-MUC01-02462,MUC01,MO-MUC01,2026-01-08,Card payment 20,2,1.75,EUR
PM-MUC01-02463,MUC01,MO-MUC01,2026-01-13,Card payment Master Card,1,12.4,EUR
PM-MUC01-02464,MUC01,MO-MUC01,2026-01-15,Card payment 20,1,1.45,EUR
PM-MUC01-02465,MUC01,MO-MUC01,2026-01-20,Card payment 20,1,4.41,EUR
PM-MUC01-02466,MUC01,MO-MUC01,2026-01-21,Card payment 20,1,11.9,EUR
PM-MUC01-02467,MUC01,MO-MUC01,2026-01-22,Card payment 20,1,2.79,EUR
PM-MUC01-02468,MUC01,MO-MUC01,2026-01-22,Card payment VISA,1,0.2,EUR
PM-MUC01-02469,MUC01,MO-MUC01,2026-01-26,Card payment 20,2,2.45,EUR
PM-MUC01-02470,MUC01,MO-MUC01,2026-01-28,Card payment 20,2,1.99,EUR
PM-MUC01-02471,MUC01,MO-MUC01,2026-01-30,Card payment 20,1,1.0,EUR
PM-MUC01-02472,MUC01,MO-MUC01,2026-01-30,Card payment VISA,1,1.5,EUR
PM-MUC01-02473,MUC01,MO-MUC01,2026-02-02,Card payment 20,1,2.7,EUR
PM-MUC01-02474,MUC01,MO-MUC01,2026-02-02,Card payment VISA,1,2.21,EUR
PM-MUC01-02475,MUC01,MO-MUC01,2026-02-04,Card payment 20,2,5.0,EUR
PM-MUC01-02476,MUC01,MO-MUC01,2026-02-05,Card payment VISA,1,1.7,EUR
PM-MUC01-02477,MUC01,MO-MUC01,2026-02-06,Card payment 20,1,1.0,EUR
PM-MUC01-02478,MUC01,MO-MUC01,2026-02-09,Card payment 10,1,1.7,EUR
PM-MUC01-02479,MUC01,MO-MUC01,2026-02-09,Card payment 20,1,3.68,EUR
PM-MUC01-02480,MUC01,MO-MUC01,2026-02-09,Card payment VISA,1,1.7,EUR
PM-MUC01-02481,MUC01,MO-MUC01,2026-02-11,Card payment 20,1,4.7,EUR
PM-MUC01-02482,MUC01,MO-MUC01,2026-02-16,Card payment 20,1,1.2,EUR
PM-MUC01-02483,MUC01,MO-MUC01,2026-02-17,Card payment 20,1,2.56,EUR
PM-MUC01-02484,MUC01,MO-MUC01,2026-02-18,Card payment 20,2,2.81,EUR
PM-MUC01-02485,MUC01,MO-MUC01,2026-02-19,Card payment 20,2,5.5,EUR
PM-MUC01-02486,MUC01,MO-MUC01,2026-02-19,Card payment Master Card,1,6.1,EUR
PM-MUC01-02487,MUC01,MO-MUC01,2026-02-20,Card payment 20,1,2.67,EUR
PM-MUC01-02488,MUC01,MO-MUC01,2026-02-24,Card payment 20,2,4.4,EUR
PM-MUC01-02489,MUC01,MO-MUC01,2026-02-26,Card payment 20,1,4.2,EUR
PM-MUC01-02490,MUC01,MO-MUC01,2026-02-27,Card payment 10,1,6.4,EUR
PM-MUC01-02491,MUC01,MO-MUC01,2026-02-27,Card payment 20,1,5.4,EUR
PM-MUC01-02492,MUC01,MO-MUC01,2026-03-01,Card payment 20,1,0.25,EUR
PM-MUC01-02493,MUC01,MO-MUC01,2026-03-02,Card payment 10,1,1.9,EUR
PM-MUC01-02494,MUC01,MO-MUC01,2026-03-04,Card payment 20,1,1.6,EUR
PM-MUC01-02495,MUC01,MO-MUC01,2026-03-05,Card payment 20,3,6.85,EUR
PM-MUC01-02496,MUC01,MO-MUC01,2026-03-09,Card payment 20,2,3.8,EUR
PM-MUC01-02497,MUC01,MO-MUC01,2026-03-10,Card payment 20,2,6.94,EUR
PM-MUC01-02498,MUC01,MO-MUC01,2026-03-11,Card payment 20,2,5.19,EUR
PM-MUC01-02499,MUC01,MO-MUC01,2026-03-12,Card payment VISA,1,1.5,EUR
PM-MUC01-02500,MUC01,MO-MUC01,2026-03-13,Card payment 20,1,2.05,EUR
PM-MUC01-02501,MUC01,MO-MUC01,2026-03-19,Card payment VISA,1,9.79,EUR
PM-MUC01-02502,MUC01,MO-MUC01,2026-03-20,Card payment 20,1,1.95,EUR
PM-MUC01-02503,MUC01,MO-MUC01,2026-03-23,Card payment 20,1,2.2,EUR
PM-MUC01-02504,MUC01,MO-MUC01,2026-03-25,Card payment VISA,1,3.3,EUR
PM-MUC01-02505,MUC01,MO-MUC01,2026-03-26,Card payment 20,3,18.6,EUR
PM-MUC01-02506,MUC01,MO-MUC01,2026-03-27,Card payment 20,1,3.5,EUR
PM-MUC01-02507,MUC01,MO-MUC01,2026-03-27,Card payment VISA,1,4.0,EUR
PM-MUC01-02508,MUC01,MO-MUC01,2026-03-31,Card payment VISA,1,2.5,EUR
PM-MUC01-02509,MUC01,MO-MUC01,2026-04-01,Card payment VISA,2,6.3,EUR
PM-MUC01-02510,MUC01,MO-MUC01,2026-04-02,Card payment 20,1,3.5,EUR
PM-MUC01-02511,MUC01,MO-MUC01,2026-04-03,Card payment 20,2,2.15,EUR
PM-MUC01-02512,MUC01,MO-MUC01,2026-04-06,Card payment 10,1,0.08,EUR
PM-MUC01-02513,MUC01,MO-MUC01,2026-04-09,Card payment 10,1,1.2,EUR
PM-MUC01-02514,MUC01,MO-MUC01,2026-04-09,Card payment 20,2,2.45,EUR
PM-MUC01-02515,MUC01,MO-MUC01,2026-04-10,Card payment 20,1,0.25,EUR
PM-MUC01-02516,MUC01,MO-MUC01,2026-04-10,Card payment VISA,1,5.95,EUR
PM-MUC01-02517,MUC01,MO-MUC01,2026-04-14,Card payment 20,1,3.6,EUR
PM-MUC01-02518,MUC01,MO-MUC01,2026-04-15,Card payment 20,3,11.05,EUR
PM-MUC01-02519,MUC01,MO-MUC01,2026-04-15,Card payment VISA,1,0.25,EUR
PM-MUC01-02520,MUC01,MO-MUC01,2026-04-16,Card payment 20,1,1.15,EUR
PM-MUC01-02521,MUC01,MO-MUC01,2026-04-21,Card payment 20,1,1.45,EUR
PM-MUC01-02522,MUC01,MO-MUC01,2026-04-21,Card payment VISA,1,2.65,EUR
PM-MUC01-02523,MUC01,MO-MUC01,2026-04-22,Card payment Master Card,1,7.0,EUR
PM-MUC01-02524,MUC01,MO-MUC01,2026-04-23,Card payment 10,1,1.7,EUR
PM-MUC01-02525,MUC01,MO-MUC01,2026-04-23,Card payment 20,1,3.03,EUR
PM-MUC01-02526,MUC01,MO-MUC01,2026-04-24,Card payment VISA,1,3.8,EUR
PM-MUC01-02527,MUC01,MO-MUC01,2026-04-27,Card payment 20,2,5.05,EUR
PM-MUC01-02528,MUC01,MO-MUC01,2026-04-28,Card payment 20,2,1.75,EUR
PM-MUC01-02529,MUC01,MO-MUC01,2026-04-28,Card payment VISA,1,1.0,EUR
PM-MUC01-02530,MUC01,MO-MUC01,2026-04-29,Card payment 20,4,11.0,EUR
PM-MUC01-02531,MUC01,MO-MUC01,2026-04-30,Card payment 20,1,1.7,EUR
PM-MUC01-02532,MUC01,MO-MUC01,2026-04-30,Card payment Master Card,1,0.25,EUR
PM-MUC01-02533,MUC01,MO-MUC01,2026-05-01,Card payment 20,1,6.9,EUR
PM-MUC01-02534,MUC01,MO-MUC01,2026-05-05,Card payment 20,2,4.85,EUR
PM-MUC01-02535,MUC01,MO-MUC01,2026-05-05,Card payment American Express,1,6.0,EUR
PM-MUC01-02536,MUC01,MO-MUC01,2026-05-07,Card payment 20,2,3.95,EUR
PM-MUC01-02537,MUC01,MO-MUC01,2026-05-08,Card payment 10,1,0.15,EUR
PM-MUC01-02538,MUC01,MO-MUC01,2026-05-12,Card payment 20,1,0.96,EUR
PM-MUC01-02539,MUC01,MO-MUC01,2026-05-13,Card payment 20,1,4.83,EUR
PM-MUC01-02540,MUC01,MO-MUC01,2026-05-14,Card payment 20,1,2.5,EUR
PM-MUC01-02541,MUC01,MO-MUC01,2026-05-15,Card payment 20,1,0.15,EUR
PM-MUC01-02542,MUC01,MO-MUC01,2026-05-18,Card payment 20,4,11.73,EUR
PM-MUC01-02543,MUC01,MO-MUC01,2026-05-19,Card payment 20,3,4.95,EUR
PM-MUC01-02544,MUC01,MO-MUC01,2026-05-20,Card payment 10,1,2.65,EUR
PM-MUC01-02545,MUC01,MO-MUC01,2026-05-20,Card payment 20,1,1.4,EUR
PM-MUC01-02546,MUC01,MO-MUC01,2026-05-21,Card payment 10,1,2.65,EUR
PM-MUC01-02547,MUC01,MO-MUC01,2026-05-21,Card payment 20,1,0.25,EUR
PM-MUC01-02548,MUC01,MO-MUC01,2026-05-22,Card payment 20,1,1.6,EUR
PM-MUC01-02549,MUC01,MO-MUC01,2026-05-25,Card payment 20,1,1.65,EUR
PM-MUC01-02550,MUC01,MO-MUC01,2026-05-25,Card payment VISA,1,2.5,EUR
PM-MUC01-02551,MUC01,MO-MUC01,2026-05-27,Card payment 20,3,3.43,EUR
PM-MUC01-02552,MUC01,MO-MUC01,2026-05-27,Card payment VISA,1,2.75,EUR
PM-MUC01-02553,MUC01,MO-MUC01,2026-05-28,Card payment 20,1,1.25,EUR
PM-MUC01-02554,MUC01,MO-MUC01,2026-05-29,Card payment 20,1,2.08,EUR
PM-MUC01-02555,MUC01,MO-MUC01,2026-06-01,Card payment 20,2,7.75,EUR
PM-MUC01-02556,MUC01,MO-MUC01,2026-06-02,Card payment 20,1,1.0,EUR
PM-MUC01-02557,MUC01,MO-MUC01,2026-06-02,Card payment VISA,1,1.85,EUR
PM-MUC01-02558,MUC01,MO-MUC01,2026-06-03,Card payment 10,1,3.1,EUR
PM-MUC01-02559,MUC01,MO-MUC01,2026-06-04,Card payment 20,1,3.15,EUR
PM-MUC01-02560,MUC01,MO-MUC01,2026-06-05,Card payment 20,2,4.99,EUR
PM-MUC01-02561,MUC01,MO-MUC01,2026-06-08,Card payment 20,1,5.03,EUR
PM-MUC01-02562,MUC01,MO-MUC01,2026-06-08,Card payment VISA,1,1.0,EUR
PM-MUC01-02563,MUC01,MO-MUC01,2026-06-09,Card payment American Express,1,0.25,EUR
PM-MUC01-02564,MUC01,MO-MUC01,2026-06-09,Card payment VISA,1,2.95,EUR
PM-MUC01-02565,MUC01,MO-MUC01,2026-06-10,Card payment 20,2,5.16,EUR
PM-MUC01-02566,MUC01,MO-MUC01,2026-06-10,Card payment Master Card,1,3.8,EUR
PM-MUC01-02567,MUC01,MO-MUC01,2026-06-11,Card payment Master Card,1,1.65,EUR
PM-MUC01-02568,MUC01,MO-MUC01,2026-06-14,Card payment 20,1,1.61,EUR
PM-MUC01-02569,MUC01,MO-MUC01,2026-06-16,Card payment 20,1,0.25,EUR
PM-MUC01-02570,MUC01,MO-MUC01,2026-06-17,Card payment 20,2,5.8,EUR
PM-MUC01-02571,MUC01,MO-MUC01,2026-06-19,Card payment 20,1,3.48,EUR
PM-MUC01-02572,MUC01,MO-MUC01,2026-06-19,Card payment VISA,1,0.15,EUR
PM-MUC01-02573,MUC01,MO-MUC01,2026-06-23,Card payment 20,2,4.02,EUR
PM-MUC01-02574,MUC01,MO-MUC01,2026-06-24,Card payment Master Card,1,3.57,EUR
PM-MUC01-02575,MUC01,MO-MUC01,2026-06-25,Card payment 20,1,1.7,EUR
PM-MUC01-02576,MUC01,MO-MUC01,2026-06-26,Card payment 20,1,2.95,EUR
PM-MUC01-02577,MUC01,MO-MUC01,2026-06-29,Card payment VISA,1,0.25,EUR
PM-MUC01-02578,MUC01,MO-MUC01,2026-07-02,Card payment VISA,1,1.7,EUR
PM-MUC01-02579,MUC01,MO-MUC01,2026-07-03,Card payment 20,1,1.7,EUR
PM-MUC01-02580,MUC01,PF-MUC01,2026-01-01,Card payment 10,1,1.86,EUR
PM-MUC01-02581,MUC01,PF-MUC01,2026-01-01,Card payment 20,6,12.53,EUR
PM-MUC01-02582,MUC01,PF-MUC01,2026-01-01,Card payment Master Card,2,6.27,EUR
PM-MUC01-02583,MUC01,PF-MUC01,2026-01-01,Card payment VISA,4,17.68,EUR
PM-MUC01-02584,MUC01,PF-MUC01,2026-01-02,Card payment 20,8,20.92,EUR
PM-MUC01-02585,MUC01,PF-MUC01,2026-01-02,Card payment American Express,1,2.5,EUR
PM-MUC01-02586,MUC01,PF-MUC01,2026-01-02,Card payment VISA,1,1.2,EUR
PM-MUC01-02587,MUC01,PF-MUC01,2026-01-05,Card payment 20,4,8.13,EUR
PM-MUC01-02588,MUC01,PF-MUC01,2026-01-05,Card payment American Express,2,2.15,EUR
PM-MUC01-02589,MUC01,PF-MUC01,2026-01-05,Card payment Master Card,1,3.7,EUR
PM-MUC01-02590,MUC01,PF-MUC01,2026-01-05,Card payment VISA,1,2.1,EUR
PM-MUC01-02591,MUC01,PF-MUC01,2026-01-06,Card payment 20,10,25.99,EUR
PM-MUC01-02592,MUC01,PF-MUC01,2026-01-06,Card payment Master Card,2,5.65,EUR
PM-MUC01-02593,MUC01,PF-MUC01,2026-01-06,Card payment VISA,3,7.4,EUR
PM-MUC01-02594,MUC01,PF-MUC01,2026-01-07,Card payment 10,2,5.5,EUR
PM-MUC01-02595,MUC01,PF-MUC01,2026-01-07,Card payment 20,7,17.08,EUR
PM-MUC01-02596,MUC01,PF-MUC01,2026-01-07,Card payment Master Card,3,8.05,EUR
PM-MUC01-02597,MUC01,PF-MUC01,2026-01-07,Card payment VISA,5,9.95,EUR
PM-MUC01-02598,MUC01,PF-MUC01,2026-01-08,Card payment,1,1.4,EUR
PM-MUC01-02599,MUC01,PF-MUC01,2026-01-08,Card payment 10,1,6.6,EUR
PM-MUC01-02600,MUC01,PF-MUC01,2026-01-08,Card payment 20,4,6.15,EUR
PM-MUC01-02601,MUC01,PF-MUC01,2026-01-08,Card payment Master Card,3,4.03,EUR
PM-MUC01-02602,MUC01,PF-MUC01,2026-01-08,Card payment VISA,3,13.23,EUR
PM-MUC01-02603,MUC01,PF-MUC01,2026-01-09,Card payment 10,2,4.71,EUR
PM-MUC01-02604,MUC01,PF-MUC01,2026-01-09,Card payment 20,5,8.3,EUR
PM-MUC01-02605,MUC01,PF-MUC01,2026-01-09,Card payment VISA,2,3.1,EUR
PM-MUC01-02606,MUC01,PF-MUC01,2026-01-12,Card payment 20,4,17.7,EUR
PM-MUC01-02607,MUC01,PF-MUC01,2026-01-12,Card payment Master Card,2,7.95,EUR
PM-MUC01-02608,MUC01,PF-MUC01,2026-01-12,Card payment VISA,3,7.68,EUR
PM-MUC01-02609,MUC01,PF-MUC01,2026-01-13,Card payment 10,2,2.33,EUR
PM-MUC01-02610,MUC01,PF-MUC01,2026-01-13,Card payment 20,12,22.45,EUR
PM-MUC01-02611,MUC01,PF-MUC01,2026-01-13,Card payment Master Card,2,4.5,EUR
PM-MUC01-02612,MUC01,PF-MUC01,2026-01-13,Card payment VISA,2,3.2,EUR
PM-MUC01-02613,MUC01,PF-MUC01,2026-01-14,Card payment 10,1,0.08,EUR
PM-MUC01-02614,MUC01,PF-MUC01,2026-01-14,Card payment 20,15,26.67,EUR
PM-MUC01-02615,MUC01,PF-MUC01,2026-01-14,Card payment Master Card,1,1.5,EUR
PM-MUC01-02616,MUC01,PF-MUC01,2026-01-15,Card payment 20,6,23.43,EUR
PM-MUC01-02617,MUC01,PF-MUC01,2026-01-15,Card payment Master Card,2,8.85,EUR
PM-MUC01-02618,MUC01,PF-MUC01,2026-01-15,Card payment VISA,2,4.2,EUR
PM-MUC01-02619,MUC01,PF-MUC01,2026-01-16,Card payment 20,3,7.02,EUR
PM-MUC01-02620,MUC01,PF-MUC01,2026-01-16,Card payment VISA,2,7.73,EUR
PM-MUC01-02621,MUC01,PF-MUC01,2026-01-18,Card payment 20,1,1.2,EUR
PM-MUC01-02622,MUC01,PF-MUC01,2026-01-19,Card payment 20,11,25.24,EUR
PM-MUC01-02623,MUC01,PF-MUC01,2026-01-19,Card payment Master Card,1,1.2,EUR
PM-MUC01-02624,MUC01,PF-MUC01,2026-01-20,Card payment,1,1.7,EUR
PM-MUC01-02625,MUC01,PF-MUC01,2026-01-20,Card payment 10,1,4.2,EUR
PM-MUC01-02626,MUC01,PF-MUC01,2026-01-20,Card payment 20,10,19.27,EUR
PM-MUC01-02627,MUC01,PF-MUC01,2026-01-20,Card payment Master Card,2,4.45,EUR
PM-MUC01-02628,MUC01,PF-MUC01,2026-01-20,Card payment VISA,3,7.25,EUR
PM-MUC01-02629,MUC01,PF-MUC01,2026-01-21,Card payment 10,1,3.9,EUR
PM-MUC01-02630,MUC01,PF-MUC01,2026-01-21,Card payment 20,8,15.25,EUR
PM-MUC01-02631,MUC01,PF-MUC01,2026-01-21,Card payment American Express,1,2.75,EUR
PM-MUC01-02632,MUC01,PF-MUC01,2026-01-21,Card payment Master Card,1,0.25,EUR
PM-MUC01-02633,MUC01,PF-MUC01,2026-01-21,Card payment VISA,2,4.6,EUR
PM-MUC01-02634,MUC01,PF-MUC01,2026-01-22,Card payment,1,8.2,EUR
PM-MUC01-02635,MUC01,PF-MUC01,2026-01-22,Card payment 20,5,15.77,EUR
PM-MUC01-02636,MUC01,PF-MUC01,2026-01-22,Card payment VISA,1,1.7,EUR
PM-MUC01-02637,MUC01,PF-MUC01,2026-01-23,Card payment 10,1,0.22,EUR
PM-MUC01-02638,MUC01,PF-MUC01,2026-01-23,Card payment 20,10,27.91,EUR
PM-MUC01-02639,MUC01,PF-MUC01,2026-01-23,Card payment VISA,5,12.05,EUR
PM-MUC01-02640,MUC01,PF-MUC01,2026-01-25,Card payment 20,2,2.75,EUR
PM-MUC01-02641,MUC01,PF-MUC01,2026-01-26,Card payment 10,3,7.2,EUR
PM-MUC01-02642,MUC01,PF-MUC01,2026-01-26,Card payment 20,6,10.03,EUR
PM-MUC01-02643,MUC01,PF-MUC01,2026-01-26,Card payment Master Card,1,0.25,EUR
PM-MUC01-02644,MUC01,PF-MUC01,2026-01-27,Card payment 10,2,10.2,EUR
PM-MUC01-02645,MUC01,PF-MUC01,2026-01-27,Card payment 20,9,22.41,EUR
PM-MUC01-02646,MUC01,PF-MUC01,2026-01-27,Card payment Master Card,2,5.13,EUR
PM-MUC01-02647,MUC01,PF-MUC01,2026-01-27,Card payment VISA,2,3.78,EUR
PM-MUC01-02648,MUC01,PF-MUC01,2026-01-28,Card payment 10,2,2.0,EUR
PM-MUC01-02649,MUC01,PF-MUC01,2026-01-28,Card payment 20,5,8.36,EUR
PM-MUC01-02650,MUC01,PF-MUC01,2026-01-28,Card payment Master Card,2,9.45,EUR
PM-MUC01-02651,MUC01,PF-MUC01,2026-01-28,Card payment VISA,3,3.78,EUR
PM-MUC01-02652,MUC01,PF-MUC01,2026-01-29,Card payment,1,2.9,EUR
PM-MUC01-02653,MUC01,PF-MUC01,2026-01-29,Card payment 20,11,50.84,EUR
PM-MUC01-02654,MUC01,PF-MUC01,2026-01-29,Card payment American Express,1,2.2,EUR
PM-MUC01-02655,MUC01,PF-MUC01,2026-01-29,Card payment VISA,1,1.8,EUR
PM-MUC01-02656,MUC01,PF-MUC01,2026-01-30,Card payment,1,3.25,EUR
PM-MUC01-02657,MUC01,PF-MUC01,2026-01-30,Card payment 20,6,6.86,EUR
PM-MUC01-02658,MUC01,PF-MUC01,2026-01-30,Card payment VISA,2,5.6,EUR
PM-MUC01-02659,MUC01,PF-MUC01,2026-02-01,Card payment VISA,1,0.5,EUR
PM-MUC01-02660,MUC01,PF-MUC01,2026-02-02,Card payment 20,11,23.75,EUR
PM-MUC01-02661,MUC01,PF-MUC01,2026-02-02,Card payment VISA,1,6.15,EUR
PM-MUC01-02662,MUC01,PF-MUC01,2026-02-03,Card payment 10,3,4.63,EUR
PM-MUC01-02663,MUC01,PF-MUC01,2026-02-03,Card payment 20,9,18.0,EUR
PM-MUC01-02664,MUC01,PF-MUC01,2026-02-03,Card payment VISA,2,2.0,EUR
PM-MUC01-02665,MUC01,PF-MUC01,2026-02-04,Card payment 20,9,27.93,EUR
PM-MUC01-02666,MUC01,PF-MUC01,2026-02-04,Card payment American Express,1,4.95,EUR
PM-MUC01-02667,MUC01,PF-MUC01,2026-02-04,Card payment Master Card,1,1.7,EUR
PM-MUC01-02668,MUC01,PF-MUC01,2026-02-04,Card payment VISA,5,1.86,EUR
PM-MUC01-02669,MUC01,PF-MUC01,2026-02-05,Card payment 10,1,3.8,EUR
PM-MUC01-02670,MUC01,PF-MUC01,2026-02-05,Card payment 20,5,10.85,EUR
PM-MUC01-02671,MUC01,PF-MUC01,2026-02-05,Card payment American Express,1,2.5,EUR
PM-MUC01-02672,MUC01,PF-MUC01,2026-02-05,Card payment VISA,2,6.17,EUR
PM-MUC01-02673,MUC01,PF-MUC01,2026-02-06,Card payment,2,3.1,EUR
PM-MUC01-02674,MUC01,PF-MUC01,2026-02-06,Card payment 20,4,8.55,EUR
PM-MUC01-02675,MUC01,PF-MUC01,2026-02-08,Card payment 20,1,3.8,EUR
PM-MUC01-02676,MUC01,PF-MUC01,2026-02-09,Card payment,1,4.4,EUR
PM-MUC01-02677,MUC01,PF-MUC01,2026-02-09,Card payment 20,6,14.13,EUR
PM-MUC01-02678,MUC01,PF-MUC01,2026-02-09,Card payment VISA,2,16.1,EUR
PM-MUC01-02679,MUC01,PF-MUC01,2026-02-10,Card payment 20,7,16.34,EUR
PM-MUC01-02680,MUC01,PF-MUC01,2026-02-10,Card payment Master Card,1,0.22,EUR
PM-MUC01-02681,MUC01,PF-MUC01,2026-02-10,Card payment VISA,1,1.2,EUR
PM-MUC01-02682,MUC01,PF-MUC01,2026-02-11,Card payment 10,1,3.23,EUR
PM-MUC01-02683,MUC01,PF-MUC01,2026-02-11,Card payment 20,7,13.04,EUR
PM-MUC01-02684,MUC01,PF-MUC01,2026-02-11,Card payment Master Card,2,1.9,EUR
PM-MUC01-02685,MUC01,PF-MUC01,2026-02-11,Card payment VISA,1,3.16,EUR
PM-MUC01-02686,MUC01,PF-MUC01,2026-02-12,Card payment 10,1,2.95,EUR
PM-MUC01-02687,MUC01,PF-MUC01,2026-02-12,Card payment 20,11,25.8,EUR
PM-MUC01-02688,MUC01,PF-MUC01,2026-02-12,Card payment VISA,1,2.5,EUR
PM-MUC01-02689,MUC01,PF-MUC01,2026-02-13,Card payment 20,11,16.5,EUR
PM-MUC01-02690,MUC01,PF-MUC01,2026-02-13,Card payment Master Card,2,4.0,EUR
PM-MUC01-02691,MUC01,PF-MUC01,2026-02-16,Card payment 20,6,13.33,EUR
PM-MUC01-02692,MUC01,PF-MUC01,2026-02-16,Card payment Master Card,1,2.5,EUR
PM-MUC01-02693,MUC01,PF-MUC01,2026-02-17,Card payment 10,1,1.65,EUR
PM-MUC01-02694,MUC01,PF-MUC01,2026-02-17,Card payment 20,7,15.44,EUR
PM-MUC01-02695,MUC01,PF-MUC01,2026-02-17,Card payment Master Card,1,1.45,EUR
PM-MUC01-02696,MUC01,PF-MUC01,2026-02-17,Card payment VISA,1,2.2,EUR
PM-MUC01-02697,MUC01,PF-MUC01,2026-02-18,Card payment 10,1,1.08,EUR
PM-MUC01-02698,MUC01,PF-MUC01,2026-02-18,Card payment 20,10,29.58,EUR
PM-MUC01-02699,MUC01,PF-MUC01,2026-02-18,Card payment Master Card,1,1.7,EUR
PM-MUC01-02700,MUC01,PF-MUC01,2026-02-18,Card payment VISA,1,3.4,EUR
PM-MUC01-02701,MUC01,PF-MUC01,2026-02-19,Card payment 10,1,2.9,EUR
PM-MUC01-02702,MUC01,PF-MUC01,2026-02-19,Card payment 20,4,8.52,EUR
PM-MUC01-02703,MUC01,PF-MUC01,2026-02-19,Card payment VISA,1,0.9,EUR
PM-MUC01-02704,MUC01,PF-MUC01,2026-02-20,Card payment,1,1.7,EUR
PM-MUC01-02705,MUC01,PF-MUC01,2026-02-20,Card payment 20,5,12.75,EUR
PM-MUC01-02706,MUC01,PF-MUC01,2026-02-20,Card payment Master Card,2,6.13,EUR
PM-MUC01-02707,MUC01,PF-MUC01,2026-02-20,Card payment VISA,1,2.5,EUR
PM-MUC01-02708,MUC01,PF-MUC01,2026-02-22,Card payment 20,1,0.15,EUR
PM-MUC01-02709,MUC01,PF-MUC01,2026-02-23,Card payment,1,5.52,EUR
PM-MUC01-02710,MUC01,PF-MUC01,2026-02-23,Card payment 10,1,1.5,EUR
PM-MUC01-02711,MUC01,PF-MUC01,2026-02-23,Card payment 20,11,25.06,EUR
PM-MUC01-02712,MUC01,PF-MUC01,2026-02-23,Card payment VISA,2,5.24,EUR
PM-MUC01-02713,MUC01,PF-MUC01,2026-02-24,Card payment 20,11,23.93,EUR
PM-MUC01-02714,MUC01,PF-MUC01,2026-02-24,Card payment Master Card,3,11.08,EUR
PM-MUC01-02715,MUC01,PF-MUC01,2026-02-24,Card payment VISA,1,2.7,EUR
PM-MUC01-02716,MUC01,PF-MUC01,2026-02-25,Card payment 20,8,14.16,EUR
PM-MUC01-02717,MUC01,PF-MUC01,2026-02-25,Card payment Master Card,2,3.6,EUR
PM-MUC01-02718,MUC01,PF-MUC01,2026-02-25,Card payment VISA,5,11.9,EUR
PM-MUC01-02719,MUC01,PF-MUC01,2026-02-26,Card payment,1,2.5,EUR
PM-MUC01-02720,MUC01,PF-MUC01,2026-02-26,Card payment 20,10,13.38,EUR
PM-MUC01-02721,MUC01,PF-MUC01,2026-02-26,Card payment American Express,1,3.4,EUR
PM-MUC01-02722,MUC01,PF-MUC01,2026-02-26,Card payment VISA,7,10.96,EUR
PM-MUC01-02723,MUC01,PF-MUC01,2026-02-27,Card payment,1,2.54,EUR
PM-MUC01-02724,MUC01,PF-MUC01,2026-02-27,Card payment 20,2,3.15,EUR
PM-MUC01-02725,MUC01,PF-MUC01,2026-02-27,Card payment Master Card,1,1.07,EUR
PM-MUC01-02726,MUC01,PF-MUC01,2026-02-27,Card payment VISA,1,1.0,EUR
PM-MUC01-02727,MUC01,PF-MUC01,2026-03-01,Card payment VISA,1,2.95,EUR
PM-MUC01-02728,MUC01,PF-MUC01,2026-03-02,Card payment 20,8,13.96,EUR
PM-MUC01-02729,MUC01,PF-MUC01,2026-03-02,Card payment VISA,1,2.2,EUR
PM-MUC01-02730,MUC01,PF-MUC01,2026-03-03,Card payment 10,2,8.02,EUR
PM-MUC01-02731,MUC01,PF-MUC01,2026-03-03,Card payment 20,18,42.67,EUR
PM-MUC01-02732,MUC01,PF-MUC01,2026-03-03,Card payment Master Card,2,0.38,EUR
PM-MUC01-02733,MUC01,PF-MUC01,2026-03-03,Card payment VISA,1,2.0,EUR
PM-MUC01-02734,MUC01,PF-MUC01,2026-03-04,Card payment,2,3.5,EUR
PM-MUC01-02735,MUC01,PF-MUC01,2026-03-04,Card payment 20,14,41.94,EUR
PM-MUC01-02736,MUC01,PF-MUC01,2026-03-04,Card payment VISA,3,2.9,EUR
PM-MUC01-02737,MUC01,PF-MUC01,2026-03-05,Card payment 20,7,14.05,EUR
PM-MUC01-02738,MUC01,PF-MUC01,2026-03-05,Card payment Master Card,1,1.2,EUR
PM-MUC01-02739,MUC01,PF-MUC01,2026-03-05,Card payment VISA,1,2.95,EUR
PM-MUC01-02740,MUC01,PF-MUC01,2026-03-06,Card payment 20,9,16.8,EUR
PM-MUC01-02741,MUC01,PF-MUC01,2026-03-06,Card payment VISA,3,10.3,EUR
PM-MUC01-02742,MUC01,PF-MUC01,2026-03-08,Card payment VISA,1,2.5,EUR
PM-MUC01-02743,MUC01,PF-MUC01,2026-03-09,Card payment 20,10,23.83,EUR
PM-MUC01-02744,MUC01,PF-MUC01,2026-03-09,Card payment Master Card,1,2.5,EUR
PM-MUC01-02745,MUC01,PF-MUC01,2026-03-10,Card payment,1,1.5,EUR
PM-MUC01-02746,MUC01,PF-MUC01,2026-03-10,Card payment 10,1,3.1,EUR
PM-MUC01-02747,MUC01,PF-MUC01,2026-03-10,Card payment 20,10,17.93,EUR
PM-MUC01-02748,MUC01,PF-MUC01,2026-03-10,Card payment Master Card,2,4.3,EUR
PM-MUC01-02749,MUC01,PF-MUC01,2026-03-10,Card payment VISA,3,7.76,EUR
PM-MUC01-02750,MUC01,PF-MUC01,2026-03-11,Card payment,1,3.2,EUR
PM-MUC01-02751,MUC01,PF-MUC01,2026-03-11,Card payment 20,16,50.39,EUR
PM-MUC01-02752,MUC01,PF-MUC01,2026-03-11,Card payment VISA,4,5.13,EUR
PM-MUC01-02753,MUC01,PF-MUC01,2026-03-12,Card payment 20,5,10.92,EUR
PM-MUC01-02754,MUC01,PF-MUC01,2026-03-12,Card payment American Express,1,1.49,EUR
PM-MUC01-02755,MUC01,PF-MUC01,2026-03-12,Card payment VISA,3,4.28,EUR
PM-MUC01-02756,MUC01,PF-MUC01,2026-03-13,Card payment,2,4.49,EUR
PM-MUC01-02757,MUC01,PF-MUC01,2026-03-13,Card payment 20,4,6.38,EUR
PM-MUC01-02758,MUC01,PF-MUC01,2026-03-13,Card payment Master Card,1,1.5,EUR
PM-MUC01-02759,MUC01,PF-MUC01,2026-03-13,Card payment VISA,4,8.47,EUR
PM-MUC01-02760,MUC01,PF-MUC01,2026-03-15,Card payment 20,1,0.18,EUR
PM-MUC01-02761,MUC01,PF-MUC01,2026-03-16,Card payment 20,5,9.78,EUR
PM-MUC01-02762,MUC01,PF-MUC01,2026-03-16,Card payment Master Card,2,3.65,EUR
PM-MUC01-02763,MUC01,PF-MUC01,2026-03-16,Card payment VISA,1,2.5,EUR
PM-MUC01-02764,MUC01,PF-MUC01,2026-03-17,Card payment 20,6,18.55,EUR
PM-MUC01-02765,MUC01,PF-MUC01,2026-03-17,Card payment Master Card,1,2.65,EUR
PM-MUC01-02766,MUC01,PF-MUC01,2026-03-17,Card payment VISA,1,0.5,EUR
PM-MUC01-02767,MUC01,PF-MUC01,2026-03-18,Card payment 10,1,0.25,EUR
PM-MUC01-02768,MUC01,PF-MUC01,2026-03-18,Card payment 20,11,54.56,EUR
PM-MUC01-02769,MUC01,PF-MUC01,2026-03-18,Card payment American Express,1,0.25,EUR
PM-MUC01-02770,MUC01,PF-MUC01,2026-03-18,Card payment Master Card,4,8.75,EUR
PM-MUC01-02771,MUC01,PF-MUC01,2026-03-18,Card payment VISA,2,3.4,EUR
PM-MUC01-02772,MUC01,PF-MUC01,2026-03-19,Card payment,1,1.31,EUR
PM-MUC01-02773,MUC01,PF-MUC01,2026-03-19,Card payment 20,3,6.95,EUR
PM-MUC01-02774,MUC01,PF-MUC01,2026-03-19,Card payment Master Card,2,4.29,EUR
PM-MUC01-02775,MUC01,PF-MUC01,2026-03-19,Card payment VISA,5,13.15,EUR
PM-MUC01-02776,MUC01,PF-MUC01,2026-03-20,Card payment 10,2,5.2,EUR
PM-MUC01-02777,MUC01,PF-MUC01,2026-03-20,Card payment 20,3,4.2,EUR
PM-MUC01-02778,MUC01,PF-MUC01,2026-03-20,Card payment Master Card,1,3.65,EUR
PM-MUC01-02779,MUC01,PF-MUC01,2026-03-22,Card payment 10,1,0.76,EUR
PM-MUC01-02780,MUC01,PF-MUC01,2026-03-22,Card payment Master Card,1,0.25,EUR
PM-MUC01-02781,MUC01,PF-MUC01,2026-03-23,Card payment 20,9,15.42,EUR
PM-MUC01-02782,MUC01,PF-MUC01,2026-03-23,Card payment Master Card,1,0.25,EUR
PM-MUC01-02783,MUC01,PF-MUC01,2026-03-23,Card payment VISA,1,4.21,EUR
PM-MUC01-02784,MUC01,PF-MUC01,2026-03-24,Card payment 20,12,26.43,EUR
PM-MUC01-02785,MUC01,PF-MUC01,2026-03-24,Card payment Master Card,2,1.97,EUR
PM-MUC01-02786,MUC01,PF-MUC01,2026-03-24,Card payment VISA,4,13.52,EUR
PM-MUC01-02787,MUC01,PF-MUC01,2026-03-25,Card payment 20,6,21.7,EUR
PM-MUC01-02788,MUC01,PF-MUC01,2026-03-25,Card payment Master Card,1,0.08,EUR
PM-MUC01-02789,MUC01,PF-MUC01,2026-03-25,Card payment VISA,2,4.63,EUR
PM-MUC01-02790,MUC01,PF-MUC01,2026-03-26,Card payment,1,2.7,EUR
PM-MUC01-02791,MUC01,PF-MUC01,2026-03-26,Card payment 10,1,2.2,EUR
PM-MUC01-02792,MUC01,PF-MUC01,2026-03-26,Card payment 20,10,19.41,EUR
PM-MUC01-02793,MUC01,PF-MUC01,2026-03-26,Card payment Master Card,1,2.5,EUR
PM-MUC01-02794,MUC01,PF-MUC01,2026-03-26,Card payment VISA,3,5.2,EUR
PM-MUC01-02795,MUC01,PF-MUC01,2026-03-27,Card payment 20,4,4.75,EUR
PM-MUC01-02796,MUC01,PF-MUC01,2026-03-27,Card payment American Express,1,0.25,EUR
PM-MUC01-02797,MUC01,PF-MUC01,2026-03-27,Card payment VISA,1,15.0,EUR
PM-MUC01-02798,MUC01,PF-MUC01,2026-03-29,Card payment 20,1,1.2,EUR
PM-MUC01-02799,MUC01,PF-MUC01,2026-03-30,Card payment 20,8,28.69,EUR
PM-MUC01-02800,MUC01,PF-MUC01,2026-03-30,Card payment Master Card,4,16.91,EUR
PM-MUC01-02801,MUC01,PF-MUC01,2026-03-31,Card payment,1,1.7,EUR
PM-MUC01-02802,MUC01,PF-MUC01,2026-03-31,Card payment 10,2,4.3,EUR
PM-MUC01-02803,MUC01,PF-MUC01,2026-03-31,Card payment 20,15,32.63,EUR
PM-MUC01-02804,MUC01,PF-MUC01,2026-03-31,Card payment VISA,2,3.35,EUR
PM-MUC01-02805,MUC01,PF-MUC01,2026-04-01,Card payment 20,9,24.37,EUR
PM-MUC01-02806,MUC01,PF-MUC01,2026-04-01,Card payment Master Card,2,1.45,EUR
PM-MUC01-02807,MUC01,PF-MUC01,2026-04-01,Card payment VISA,1,1.7,EUR
PM-MUC01-02808,MUC01,PF-MUC01,2026-04-02,Card payment,1,0.86,EUR
PM-MUC01-02809,MUC01,PF-MUC01,2026-04-02,Card payment 20,8,28.63,EUR
PM-MUC01-02810,MUC01,PF-MUC01,2026-04-02,Card payment Master Card,2,8.41,EUR
PM-MUC01-02811,MUC01,PF-MUC01,2026-04-03,Card payment 20,5,13.47,EUR
PM-MUC01-02812,MUC01,PF-MUC01,2026-04-03,Card payment Master Card,1,5.0,EUR
PM-MUC01-02813,MUC01,PF-MUC01,2026-04-03,Card payment VISA,2,2.42,EUR
PM-MUC01-02814,MUC01,PF-MUC01,2026-04-06,Card payment 20,6,27.3,EUR
PM-MUC01-02815,MUC01,PF-MUC01,2026-04-06,Card payment American Express,1,1.0,EUR
PM-MUC01-02816,MUC01,PF-MUC01,2026-04-06,Card payment Master Card,4,9.25,EUR
PM-MUC01-02817,MUC01,PF-MUC01,2026-04-06,Card payment VISA,4,9.9,EUR
PM-MUC01-02818,MUC01,PF-MUC01,2026-04-07,Card payment 10,1,4.41,EUR
PM-MUC01-02819,MUC01,PF-MUC01,2026-04-07,Card payment 20,6,7.38,EUR
PM-MUC01-02820,MUC01,PF-MUC01,2026-04-07,Card payment VISA,2,5.8,EUR
PM-MUC01-02821,MUC01,PF-MUC01,2026-04-08,Card payment 20,6,17.14,EUR
PM-MUC01-02822,MUC01,PF-MUC01,2026-04-08,Card payment American Express,1,1.2,EUR
PM-MUC01-02823,MUC01,PF-MUC01,2026-04-08,Card payment Master Card,2,4.2,EUR
PM-MUC01-02824,MUC01,PF-MUC01,2026-04-08,Card payment VISA,2,15.55,EUR
PM-MUC01-02825,MUC01,PF-MUC01,2026-04-09,Card payment,1,3.8,EUR
PM-MUC01-02826,MUC01,PF-MUC01,2026-04-09,Card payment 20,10,22.4,EUR
PM-MUC01-02827,MUC01,PF-MUC01,2026-04-09,Card payment VISA,1,0.38,EUR
PM-MUC01-02828,MUC01,PF-MUC01,2026-04-10,Card payment,1,0.15,EUR
PM-MUC01-02829,MUC01,PF-MUC01,2026-04-10,Card payment 20,5,12.78,EUR
PM-MUC01-02830,MUC01,PF-MUC01,2026-04-10,Card payment VISA,1,1.0,EUR
PM-MUC01-02831,MUC01,PF-MUC01,2026-04-12,Card payment 10,1,1.5,EUR
PM-MUC01-02832,MUC01,PF-MUC01,2026-04-13,Card payment 20,4,7.7,EUR
PM-MUC01-02833,MUC01,PF-MUC01,2026-04-13,Card payment Master Card,1,7.02,EUR
PM-MUC01-02834,MUC01,PF-MUC01,2026-04-13,Card payment VISA,1,6.5,EUR
PM-MUC01-02835,MUC01,PF-MUC01,2026-04-14,Card payment 10,1,1.7,EUR
PM-MUC01-02836,MUC01,PF-MUC01,2026-04-14,Card payment 20,4,15.53,EUR
PM-MUC01-02837,MUC01,PF-MUC01,2026-04-14,Card payment VISA,4,6.35,EUR
PM-MUC01-02838,MUC01,PF-MUC01,2026-04-15,Card payment 10,1,1.0,EUR
PM-MUC01-02839,MUC01,PF-MUC01,2026-04-15,Card payment 20,11,30.12,EUR
PM-MUC01-02840,MUC01,PF-MUC01,2026-04-15,Card payment Master Card,2,1.25,EUR
PM-MUC01-02841,MUC01,PF-MUC01,2026-04-15,Card payment VISA,1,2.5,EUR
PM-MUC01-02842,MUC01,PF-MUC01,2026-04-16,Card payment,1,2.88,EUR
PM-MUC01-02843,MUC01,PF-MUC01,2026-04-16,Card payment 10,1,4.15,EUR
PM-MUC01-02844,MUC01,PF-MUC01,2026-04-16,Card payment 20,7,9.32,EUR
PM-MUC01-02845,MUC01,PF-MUC01,2026-04-16,Card payment Master Card,1,1.98,EUR
PM-MUC01-02846,MUC01,PF-MUC01,2026-04-16,Card payment VISA,5,12.81,EUR
PM-MUC01-02847,MUC01,PF-MUC01,2026-04-17,Card payment 20,5,15.7,EUR
PM-MUC01-02848,MUC01,PF-MUC01,2026-04-17,Card payment VISA,1,1.4,EUR
PM-MUC01-02849,MUC01,PF-MUC01,2026-04-19,Card payment 20,1,2.7,EUR
PM-MUC01-02850,MUC01,PF-MUC01,2026-04-20,Card payment,1,1.2,EUR
PM-MUC01-02851,MUC01,PF-MUC01,2026-04-20,Card payment 10,1,3.78,EUR
PM-MUC01-02852,MUC01,PF-MUC01,2026-04-20,Card payment 20,14,26.83,EUR
PM-MUC01-02853,MUC01,PF-MUC01,2026-04-20,Card payment Master Card,2,4.95,EUR
PM-MUC01-02854,MUC01,PF-MUC01,2026-04-20,Card payment VISA,3,0.65,EUR
PM-MUC01-02855,MUC01,PF-MUC01,2026-04-21,Card payment 20,12,33.53,EUR
PM-MUC01-02856,MUC01,PF-MUC01,2026-04-21,Card payment American Express,1,3.8,EUR
PM-MUC01-02857,MUC01,PF-MUC01,2026-04-21,Card payment VISA,3,7.95,EUR
PM-MUC01-02858,MUC01,PF-MUC01,2026-04-22,Card payment 10,2,8.5,EUR
PM-MUC01-02859,MUC01,PF-MUC01,2026-04-22,Card payment 20,9,16.82,EUR
PM-MUC01-02860,MUC01,PF-MUC01,2026-04-22,Card payment Master Card,2,4.2,EUR
PM-MUC01-02861,MUC01,PF-MUC01,2026-04-22,Card payment VISA,2,2.29,EUR
PM-MUC01-02862,MUC01,PF-MUC01,2026-04-23,Card payment 20,8,13.17,EUR
PM-MUC01-02863,MUC01,PF-MUC01,2026-04-23,Card payment Master Card,1,7.35,EUR
PM-MUC01-02864,MUC01,PF-MUC01,2026-04-23,Card payment VISA,2,4.7,EUR
PM-MUC01-02865,MUC01,PF-MUC01,2026-04-24,Card payment 20,8,13.6,EUR
PM-MUC01-02866,MUC01,PF-MUC01,2026-04-24,Card payment Master Card,1,2.55,EUR
PM-MUC01-02867,MUC01,PF-MUC01,2026-04-24,Card payment VISA,3,7.55,EUR
PM-MUC01-02868,MUC01,PF-MUC01,2026-04-26,Card payment American Express,1,0.25,EUR
PM-MUC01-02869,MUC01,PF-MUC01,2026-04-26,Card payment Master Card,1,0.22,EUR
PM-MUC01-02870,MUC01,PF-MUC01,2026-04-27,Card payment 20,7,8.79,EUR
PM-MUC01-02871,MUC01,PF-MUC01,2026-04-27,Card payment Master Card,1,0.25,EUR
PM-MUC01-02872,MUC01,PF-MUC01,2026-04-27,Card payment VISA,1,0.25,EUR
PM-MUC01-02873,MUC01,PF-MUC01,2026-04-28,Card payment 20,13,39.71,EUR
PM-MUC01-02874,MUC01,PF-MUC01,2026-04-28,Card payment Master Card,1,2.8,EUR
PM-MUC01-02875,MUC01,PF-MUC01,2026-04-28,Card payment VISA,6,15.09,EUR
PM-MUC01-02876,MUC01,PF-MUC01,2026-04-29,Card payment 10,3,3.51,EUR
PM-MUC01-02877,MUC01,PF-MUC01,2026-04-29,Card payment 20,12,31.16,EUR
PM-MUC01-02878,MUC01,PF-MUC01,2026-04-29,Card payment American Express,1,2.3,EUR
PM-MUC01-02879,MUC01,PF-MUC01,2026-04-29,Card payment Master Card,4,16.35,EUR
PM-MUC01-02880,MUC01,PF-MUC01,2026-04-29,Card payment VISA,2,7.3,EUR
PM-MUC01-02881,MUC01,PF-MUC01,2026-04-30,Card payment 10,1,1.6,EUR
PM-MUC01-02882,MUC01,PF-MUC01,2026-04-30,Card payment 20,11,30.23,EUR
PM-MUC01-02883,MUC01,PF-MUC01,2026-04-30,Card payment Master Card,1,2.5,EUR
PM-MUC01-02884,MUC01,PF-MUC01,2026-04-30,Card payment VISA,3,9.15,EUR
PM-MUC01-02885,MUC01,PF-MUC01,2026-05-01,Card payment,1,3.5,EUR
PM-MUC01-02886,MUC01,PF-MUC01,2026-05-01,Card payment 10,1,3.44,EUR
PM-MUC01-02887,MUC01,PF-MUC01,2026-05-01,Card payment 20,10,17.61,EUR
PM-MUC01-02888,MUC01,PF-MUC01,2026-05-03,Card payment 10,1,1.0,EUR
PM-MUC01-02889,MUC01,PF-MUC01,2026-05-04,Card payment 10,2,5.23,EUR
PM-MUC01-02890,MUC01,PF-MUC01,2026-05-04,Card payment 20,8,19.57,EUR
PM-MUC01-02891,MUC01,PF-MUC01,2026-05-04,Card payment VISA,5,10.55,EUR
PM-MUC01-02892,MUC01,PF-MUC01,2026-05-05,Card payment 20,9,16.45,EUR
PM-MUC01-02893,MUC01,PF-MUC01,2026-05-05,Card payment Master Card,1,1.0,EUR
PM-MUC01-02894,MUC01,PF-MUC01,2026-05-05,Card payment VISA,5,67.54,EUR
PM-MUC01-02895,MUC01,PF-MUC01,2026-05-06,Card payment,1,3.3,EUR
PM-MUC01-02896,MUC01,PF-MUC01,2026-05-06,Card payment 20,4,14.7,EUR
PM-MUC01-02897,MUC01,PF-MUC01,2026-05-06,Card payment VISA,4,9.25,EUR
PM-MUC01-02898,MUC01,PF-MUC01,2026-05-07,Card payment 10,2,0.4,EUR
PM-MUC01-02899,MUC01,PF-MUC01,2026-05-07,Card payment 20,3,9.85,EUR
PM-MUC01-02900,MUC01,PF-MUC01,2026-05-07,Card payment American Express,1,3.8,EUR
PM-MUC01-02901,MUC01,PF-MUC01,2026-05-07,Card payment VISA,2,2.79,EUR
PM-MUC01-02902,MUC01,PF-MUC01,2026-05-08,Card payment 20,4,8.53,EUR
PM-MUC01-02903,MUC01,PF-MUC01,2026-05-08,Card payment VISA,1,2.5,EUR
PM-MUC01-02904,MUC01,PF-MUC01,2026-05-11,Card payment 20,7,25.74,EUR
PM-MUC01-02905,MUC01,PF-MUC01,2026-05-11,Card payment American Express,1,1.5,EUR
PM-MUC01-02906,MUC01,PF-MUC01,2026-05-11,Card payment Master Card,2,2.2,EUR
PM-MUC01-02907,MUC01,PF-MUC01,2026-05-11,Card payment VISA,1,2.25,EUR
PM-MUC01-02908,MUC01,PF-MUC01,2026-05-12,Card payment,1,4.65,EUR
PM-MUC01-02909,MUC01,PF-MUC01,2026-05-12,Card payment 10,2,4.86,EUR
PM-MUC01-02910,MUC01,PF-MUC01,2026-05-12,Card payment 20,8,15.94,EUR
PM-MUC01-02911,MUC01,PF-MUC01,2026-05-12,Card payment Master Card,2,6.3,EUR
PM-MUC01-02912,MUC01,PF-MUC01,2026-05-12,Card payment VISA,3,3.92,EUR
PM-MUC01-02913,MUC01,PF-MUC01,2026-05-13,Card payment 10,2,8.25,EUR
PM-MUC01-02914,MUC01,PF-MUC01,2026-05-13,Card payment 20,8,18.57,EUR
PM-MUC01-02915,MUC01,PF-MUC01,2026-05-13,Card payment Master Card,1,0.08,EUR
PM-MUC01-02916,MUC01,PF-MUC01,2026-05-13,Card payment VISA,1,4.05,EUR
PM-MUC01-02917,MUC01,PF-MUC01,2026-05-14,Card payment 20,8,24.24,EUR
PM-MUC01-02918,MUC01,PF-MUC01,2026-05-14,Card payment Master Card,3,17.32,EUR
PM-MUC01-02919,MUC01,PF-MUC01,2026-05-14,Card payment VISA,1,6.78,EUR
PM-MUC01-02920,MUC01,PF-MUC01,2026-05-15,Card payment 20,5,13.52,EUR
PM-MUC01-02921,MUC01,PF-MUC01,2026-05-15,Card payment Master Card,1,1.7,EUR
PM-MUC01-02922,MUC01,PF-MUC01,2026-05-15,Card payment VISA,2,7.14,EUR
PM-MUC01-02923,MUC01,PF-MUC01,2026-05-17,Card payment 10,1,2.5,EUR
PM-MUC01-02924,MUC01,PF-MUC01,2026-05-17,Card payment 20,1,2.19,EUR
PM-MUC01-02925,MUC01,PF-MUC01,2026-05-17,Card payment VISA,1,1.5,EUR
PM-MUC01-02926,MUC01,PF-MUC01,2026-05-18,Card payment 20,12,21.12,EUR
PM-MUC01-02927,MUC01,PF-MUC01,2026-05-18,Card payment Master Card,1,1.5,EUR
PM-MUC01-02928,MUC01,PF-MUC01,2026-05-18,Card payment VISA,2,1.45,EUR
PM-MUC01-02929,MUC01,PF-MUC01,2026-05-19,Card payment 20,9,15.77,EUR
PM-MUC01-02930,MUC01,PF-MUC01,2026-05-19,Card payment Master Card,1,1.7,EUR
PM-MUC01-02931,MUC01,PF-MUC01,2026-05-19,Card payment VISA,5,9.95,EUR
PM-MUC01-02932,MUC01,PF-MUC01,2026-05-20,Card payment 10,3,14.15,EUR
PM-MUC01-02933,MUC01,PF-MUC01,2026-05-20,Card payment 20,4,13.47,EUR
PM-MUC01-02934,MUC01,PF-MUC01,2026-05-20,Card payment Master Card,1,1.7,EUR
PM-MUC01-02935,MUC01,PF-MUC01,2026-05-20,Card payment VISA,1,3.55,EUR
PM-MUC01-02936,MUC01,PF-MUC01,2026-05-21,Card payment 20,15,49.73,EUR
PM-MUC01-02937,MUC01,PF-MUC01,2026-05-21,Card payment VISA,2,3.75,EUR
PM-MUC01-02938,MUC01,PF-MUC01,2026-05-22,Card payment 20,7,20.76,EUR
PM-MUC01-02939,MUC01,PF-MUC01,2026-05-24,Card payment 20,1,2.75,EUR
PM-MUC01-02940,MUC01,PF-MUC01,2026-05-25,Card payment 20,8,10.7,EUR
PM-MUC01-02941,MUC01,PF-MUC01,2026-05-25,Card payment VISA,1,1.7,EUR
PM-MUC01-02942,MUC01,PF-MUC01,2026-05-26,Card payment 10,2,2.98,EUR
PM-MUC01-02943,MUC01,PF-MUC01,2026-05-26,Card payment 20,8,17.83,EUR
PM-MUC01-02944,MUC01,PF-MUC01,2026-05-26,Card payment VISA,2,3.65,EUR
PM-MUC01-02945,MUC01,PF-MUC01,2026-05-27,Card payment 20,7,14.77,EUR
PM-MUC01-02946,MUC01,PF-MUC01,2026-05-27,Card payment Master Card,1,3.5,EUR
PM-MUC01-02947,MUC01,PF-MUC01,2026-05-28,Card payment 10,2,3.4,EUR
PM-MUC01-02948,MUC01,PF-MUC01,2026-05-28,Card payment 20,9,62.74,EUR
PM-MUC01-02949,MUC01,PF-MUC01,2026-05-28,Card payment VISA,3,8.05,EUR
PM-MUC01-02950,MUC01,PF-MUC01,2026-05-29,Card payment 20,8,20.56,EUR
PM-MUC01-02951,MUC01,PF-MUC01,2026-05-29,Card payment VISA,1,4.0,EUR
PM-MUC01-02952,MUC01,PF-MUC01,2026-05-31,Card payment 10,1,0.15,EUR
PM-MUC01-02953,MUC01,PF-MUC01,2026-05-31,Card payment 20,2,1.55,EUR
PM-MUC01-02954,MUC01,PF-MUC01,2026-06-01,Card payment 20,5,13.45,EUR
PM-MUC01-02955,MUC01,PF-MUC01,2026-06-01,Card payment Master Card,2,3.7,EUR
PM-MUC01-02956,MUC01,PF-MUC01,2026-06-01,Card payment VISA,2,7.9,EUR
PM-MUC01-02957,MUC01,PF-MUC01,2026-06-02,Card payment 10,1,0.18,EUR
PM-MUC01-02958,MUC01,PF-MUC01,2026-06-02,Card payment 20,6,12.85,EUR
PM-MUC01-02959,MUC01,PF-MUC01,2026-06-02,Card payment Master Card,2,6.59,EUR
PM-MUC01-02960,MUC01,PF-MUC01,2026-06-02,Card payment VISA,3,23.45,EUR
PM-MUC01-02961,MUC01,PF-MUC01,2026-06-03,Card payment 20,7,14.85,EUR
PM-MUC01-02962,MUC01,PF-MUC01,2026-06-03,Card payment American Express,1,3.1,EUR
PM-MUC01-02963,MUC01,PF-MUC01,2026-06-03,Card payment VISA,1,0.25,EUR
PM-MUC01-02964,MUC01,PF-MUC01,2026-06-04,Card payment,4,10.92,EUR
PM-MUC01-02965,MUC01,PF-MUC01,2026-06-04,Card payment 10,1,1.5,EUR
PM-MUC01-02966,MUC01,PF-MUC01,2026-06-04,Card payment 20,5,20.67,EUR
PM-MUC01-02967,MUC01,PF-MUC01,2026-06-04,Card payment Master Card,2,4.35,EUR
PM-MUC01-02968,MUC01,PF-MUC01,2026-06-05,Card payment 20,4,4.0,EUR
PM-MUC01-02969,MUC01,PF-MUC01,2026-06-05,Card payment VISA,1,2.08,EUR
PM-MUC01-02970,MUC01,PF-MUC01,2026-06-07,Card payment 20,2,3.93,EUR
PM-MUC01-02971,MUC01,PF-MUC01,2026-06-08,Card payment 20,8,15.87,EUR
PM-MUC01-02972,MUC01,PF-MUC01,2026-06-08,Card payment American Express,1,0.21,EUR
PM-MUC01-02973,MUC01,PF-MUC01,2026-06-08,Card payment Master Card,1,1.8,EUR
PM-MUC01-02974,MUC01,PF-MUC01,2026-06-08,Card payment VISA,2,1.25,EUR
PM-MUC01-02975,MUC01,PF-MUC01,2026-06-09,Card payment 10,1,2.7,EUR
PM-MUC01-02976,MUC01,PF-MUC01,2026-06-09,Card payment 20,8,18.6,EUR
PM-MUC01-02977,MUC01,PF-MUC01,2026-06-09,Card payment American Express,2,10.2,EUR
PM-MUC01-02978,MUC01,PF-MUC01,2026-06-09,Card payment Master Card,3,11.62,EUR
PM-MUC01-02979,MUC01,PF-MUC01,2026-06-10,Card payment,1,3.0,EUR
PM-MUC01-02980,MUC01,PF-MUC01,2026-06-10,Card payment 20,10,25.6,EUR
PM-MUC01-02981,MUC01,PF-MUC01,2026-06-10,Card payment Master Card,4,9.29,EUR
PM-MUC01-02982,MUC01,PF-MUC01,2026-06-10,Card payment VISA,1,1.7,EUR
PM-MUC01-02983,MUC01,PF-MUC01,2026-06-11,Card payment,2,4.8,EUR
PM-MUC01-02984,MUC01,PF-MUC01,2026-06-11,Card payment 20,8,18.96,EUR
PM-MUC01-02985,MUC01,PF-MUC01,2026-06-11,Card payment Master Card,1,3.4,EUR
PM-MUC01-02986,MUC01,PF-MUC01,2026-06-11,Card payment VISA,2,7.24,EUR
PM-MUC01-02987,MUC01,PF-MUC01,2026-06-12,Card payment 20,6,58.92,EUR
PM-MUC01-02988,MUC01,PF-MUC01,2026-06-12,Card payment Master Card,1,1.1,EUR
PM-MUC01-02989,MUC01,PF-MUC01,2026-06-12,Card payment VISA,2,3.45,EUR
PM-MUC01-02990,MUC01,PF-MUC01,2026-06-14,Card payment 10,1,1.7,EUR
PM-MUC01-02991,MUC01,PF-MUC01,2026-06-15,Card payment,1,5.75,EUR
PM-MUC01-02992,MUC01,PF-MUC01,2026-06-15,Card payment 20,8,35.56,EUR
PM-MUC01-02993,MUC01,PF-MUC01,2026-06-15,Card payment Master Card,4,7.44,EUR
PM-MUC01-02994,MUC01,PF-MUC01,2026-06-15,Card payment VISA,1,1.7,EUR
PM-MUC01-02995,MUC01,PF-MUC01,2026-06-16,Card payment 20,11,26.13,EUR
PM-MUC01-02996,MUC01,PF-MUC01,2026-06-16,Card payment American Express,1,2.0,EUR
PM-MUC01-02997,MUC01,PF-MUC01,2026-06-16,Card payment Master Card,2,2.84,EUR
PM-MUC01-02998,MUC01,PF-MUC01,2026-06-16,Card payment VISA,3,3.63,EUR
PM-MUC01-02999,MUC01,PF-MUC01,2026-06-17,Card payment 20,9,16.25,EUR
PM-MUC01-03000,MUC01,PF-MUC01,2026-06-17,Card payment VISA,6,16.51,EUR
PM-MUC01-03001,MUC01,PF-MUC01,2026-06-18,Card payment,1,7.44,EUR
PM-MUC01-03002,MUC01,PF-MUC01,2026-06-18,Card payment 10,1,2.7,EUR
PM-MUC01-03003,MUC01,PF-MUC01,2026-06-18,Card payment 20,9,28.5,EUR
PM-MUC01-03004,MUC01,PF-MUC01,2026-06-18,Card payment VISA,1,3.3,EUR
PM-MUC01-03005,MUC01,PF-MUC01,2026-06-19,Card payment 20,9,17.47,EUR
PM-MUC01-03006,MUC01,PF-MUC01,2026-06-19,Card payment VISA,1,2.75,EUR
PM-MUC01-03007,MUC01,PF-MUC01,2026-06-22,Card payment 20,9,30.87,EUR
PM-MUC01-03008,MUC01,PF-MUC01,2026-06-23,Card payment 20,10,14.73,EUR
PM-MUC01-03009,MUC01,PF-MUC01,2026-06-23,Card payment Master Card,1,2.73,EUR
PM-MUC01-03010,MUC01,PF-MUC01,2026-06-23,Card payment VISA,2,2.95,EUR
PM-MUC01-03011,MUC01,PF-MUC01,2026-06-24,Card payment 20,15,38.74,EUR
PM-MUC01-03012,MUC01,PF-MUC01,2026-06-24,Card payment Master Card,2,3.5,EUR
PM-MUC01-03013,MUC01,PF-MUC01,2026-06-24,Card payment VISA,4,10.6,EUR
PM-MUC01-03014,MUC01,PF-MUC01,2026-06-25,Card payment,1,0.08,EUR
PM-MUC01-03015,MUC01,PF-MUC01,2026-06-25,Card payment 10,2,4.7,EUR
PM-MUC01-03016,MUC01,PF-MUC01,2026-06-25,Card payment 20,14,36.27,EUR
PM-MUC01-03017,MUC01,PF-MUC01,2026-06-25,Card payment VISA,1,2.65,EUR
PM-MUC01-03018,MUC01,PF-MUC01,2026-06-26,Card payment 10,1,1.49,EUR
PM-MUC01-03019,MUC01,PF-MUC01,2026-06-26,Card payment 20,7,19.91,EUR
PM-MUC01-03020,MUC01,PF-MUC01,2026-06-26,Card payment Master Card,1,2.9,EUR
PM-MUC01-03021,MUC01,PF-MUC01,2026-06-26,Card payment VISA,3,7.6,EUR
PM-MUC01-03022,MUC01,PF-MUC01,2026-06-28,Card payment 20,1,0.25,EUR
PM-MUC01-03023,MUC01,PF-MUC01,2026-06-28,Card payment Master Card,1,1.0,EUR
PM-MUC01-03024,MUC01,PF-MUC01,2026-06-29,Card payment 20,4,17.59,EUR
PM-MUC01-03025,MUC01,PF-MUC01,2026-06-29,Card payment Master Card,2,9.3,EUR
PM-MUC01-03026,MUC01,PF-MUC01,2026-06-29,Card payment VISA,2,6.7,EUR
PM-MUC01-03027,MUC01,PF-MUC01,2026-06-30,Card payment,1,1.5,EUR
PM-MUC01-03028,MUC01,PF-MUC01,2026-06-30,Card payment 10,2,4.7,EUR
PM-MUC01-03029,MUC01,PF-MUC01,2026-06-30,Card payment 20,8,24.82,EUR
PM-MUC01-03030,MUC01,PF-MUC01,2026-06-30,Card payment American Express,1,0.25,EUR
PM-MUC01-03031,MUC01,PF-MUC01,2026-06-30,Card payment Master Card,3,5.95,EUR
PM-MUC01-03032,MUC01,PF-MUC01,2026-06-30,Card payment VISA,1,2.83,EUR
PM-MUC01-03033,MUC01,PF-MUC01,2026-07-01,Card payment 10,1,1.0,EUR
PM-MUC01-03034,MUC01,PF-MUC01,2026-07-01,Card payment 20,9,30.83,EUR
PM-MUC01-03035,MUC01,PF-MUC01,2026-07-01,Card payment American Express,1,0.25,EUR
PM-MUC01-03036,MUC01,PF-MUC01,2026-07-01,Card payment Master Card,1,0.15,EUR
PM-MUC01-03037,MUC01,PF-MUC01,2026-07-01,Card payment VISA,1,5.7,EUR
PM-MUC01-03038,MUC01,PF-MUC01,2026-07-02,Card payment 20,10,38.65,EUR
PM-MUC01-03039,MUC01,PF-MUC01,2026-07-02,Card payment VISA,2,3.9,EUR
PM-MUC01-03040,MUC01,PF-MUC01,2026-07-03,Card payment 10,3,47.41,EUR
PM-MUC01-03041,MUC01,PF-MUC01,2026-07-03,Card payment 20,7,9.5,EUR
PM-MUC01-03042,MUC01,PF-MUC01,2026-07-03,Card payment Master Card,3,6.13,EUR
PM-MUC01-03043,MUC01,PF-MUC01,2026-07-03,Card payment VISA,4,12.89,EUR
PM-MUC01-03044,MUC01,SM-MUC01,2026-01-01,Card payment 20,2,5.85,EUR
PM-MUC01-03045,MUC01,SM-MUC01,2026-01-01,Card payment VISA,1,1.7,EUR
PM-MUC01-03046,MUC01,SM-MUC01,2026-01-02,Card payment 20,4,3.35,EUR
PM-MUC01-03047,MUC01,SM-MUC01,2026-01-02,Card payment VISA,1,1.95,EUR
PM-MUC01-03048,MUC01,SM-MUC01,2026-01-05,Card payment 10,1,1.7,EUR
PM-MUC01-03049,MUC01,SM-MUC01,2026-01-05,Card payment 20,2,0.3,EUR
PM-MUC01-03050,MUC01,SM-MUC01,2026-01-05,Card payment Master Card,1,3.05,EUR
PM-MUC01-03051,MUC01,SM-MUC01,2026-01-06,Card payment 20,7,15.88,EUR
PM-MUC01-03052,MUC01,SM-MUC01,2026-01-06,Card payment Master Card,1,3.5,EUR
PM-MUC01-03053,MUC01,SM-MUC01,2026-01-06,Card payment VISA,2,2.0,EUR
PM-MUC01-03054,MUC01,SM-MUC01,2026-01-07,Card payment 10,1,1.0,EUR
PM-MUC01-03055,MUC01,SM-MUC01,2026-01-07,Card payment 20,3,10.03,EUR
PM-MUC01-03056,MUC01,SM-MUC01,2026-01-07,Card payment Master Card,1,1.31,EUR
PM-MUC01-03057,MUC01,SM-MUC01,2026-01-07,Card payment VISA,1,2.08,EUR
PM-MUC01-03058,MUC01,SM-MUC01,2026-01-08,Card payment,1,5.05,EUR
PM-MUC01-03059,MUC01,SM-MUC01,2026-01-08,Card payment 10,1,5.0,EUR
PM-MUC01-03060,MUC01,SM-MUC01,2026-01-08,Card payment Master Card,1,3.95,EUR
PM-MUC01-03061,MUC01,SM-MUC01,2026-01-08,Card payment VISA,1,2.5,EUR
PM-MUC01-03062,MUC01,SM-MUC01,2026-01-09,Card payment 20,4,11.59,EUR
PM-MUC01-03063,MUC01,SM-MUC01,2026-01-11,Card payment 20,1,1.2,EUR
PM-MUC01-03064,MUC01,SM-MUC01,2026-01-12,Card payment 20,5,7.88,EUR
PM-MUC01-03065,MUC01,SM-MUC01,2026-01-13,Card payment 10,1,1.7,EUR
PM-MUC01-03066,MUC01,SM-MUC01,2026-01-13,Card payment 20,1,1.7,EUR
PM-MUC01-03067,MUC01,SM-MUC01,2026-01-13,Card payment Master Card,1,1.0,EUR
PM-MUC01-03068,MUC01,SM-MUC01,2026-01-14,Card payment 10,2,0.29,EUR
PM-MUC01-03069,MUC01,SM-MUC01,2026-01-14,Card payment 20,3,9.59,EUR
PM-MUC01-03070,MUC01,SM-MUC01,2026-01-14,Card payment Master Card,1,3.2,EUR
PM-MUC01-03071,MUC01,SM-MUC01,2026-01-14,Card payment VISA,1,1.65,EUR
PM-MUC01-03072,MUC01,SM-MUC01,2026-01-15,Card payment 20,5,12.95,EUR
PM-MUC01-03073,MUC01,SM-MUC01,2026-01-15,Card payment Master Card,1,3.7,EUR
PM-MUC01-03074,MUC01,SM-MUC01,2026-01-15,Card payment VISA,1,1.6,EUR
PM-MUC01-03075,MUC01,SM-MUC01,2026-01-16,Card payment 20,4,12.6,EUR
PM-MUC01-03076,MUC01,SM-MUC01,2026-01-16,Card payment VISA,2,2.75,EUR
PM-MUC01-03077,MUC01,SM-MUC01,2026-01-18,Card payment 20,1,2.0,EUR
PM-MUC01-03078,MUC01,SM-MUC01,2026-01-19,Card payment 20,6,15.44,EUR
PM-MUC01-03079,MUC01,SM-MUC01,2026-01-20,Card payment 10,1,1.7,EUR
PM-MUC01-03080,MUC01,SM-MUC01,2026-01-20,Card payment 20,5,9.89,EUR
PM-MUC01-03081,MUC01,SM-MUC01,2026-01-20,Card payment VISA,4,3.74,EUR
PM-MUC01-03082,MUC01,SM-MUC01,2026-01-21,Card payment 10,1,0.19,EUR
PM-MUC01-03083,MUC01,SM-MUC01,2026-01-21,Card payment 20,9,26.9,EUR
PM-MUC01-03084,MUC01,SM-MUC01,2026-01-21,Card payment Master Card,1,2.7,EUR
PM-MUC01-03085,MUC01,SM-MUC01,2026-01-21,Card payment VISA,1,3.2,EUR
PM-MUC01-03086,MUC01,SM-MUC01,2026-01-22,Card payment 20,5,11.45,EUR
PM-MUC01-03087,MUC01,SM-MUC01,2026-01-22,Card payment VISA,1,1.9,EUR
PM-MUC01-03088,MUC01,SM-MUC01,2026-01-23,Card payment 20,3,2.8,EUR
PM-MUC01-03089,MUC01,SM-MUC01,2026-01-26,Card payment 10,2,4.6,EUR
PM-MUC01-03090,MUC01,SM-MUC01,2026-01-26,Card payment 20,3,6.34,EUR
PM-MUC01-03091,MUC01,SM-MUC01,2026-01-27,Card payment,1,1.15,EUR
PM-MUC01-03092,MUC01,SM-MUC01,2026-01-27,Card payment 20,3,6.1,EUR
PM-MUC01-03093,MUC01,SM-MUC01,2026-01-27,Card payment Master Card,1,4.2,EUR
PM-MUC01-03094,MUC01,SM-MUC01,2026-01-27,Card payment VISA,1,5.55,EUR
PM-MUC01-03095,MUC01,SM-MUC01,2026-01-28,Card payment 20,4,20.2,EUR
PM-MUC01-03096,MUC01,SM-MUC01,2026-01-28,Card payment VISA,2,1.03,EUR
PM-MUC01-03097,MUC01,SM-MUC01,2026-01-29,Card payment 10,1,4.75,EUR
PM-MUC01-03098,MUC01,SM-MUC01,2026-01-29,Card payment 20,5,12.13,EUR
PM-MUC01-03099,MUC01,SM-MUC01,2026-01-29,Card payment VISA,3,5.59,EUR
PM-MUC01-03100,MUC01,SM-MUC01,2026-01-30,Card payment 20,1,5.0,EUR
PM-MUC01-03101,MUC01,SM-MUC01,2026-01-30,Card payment Master Card,2,2.2,EUR
PM-MUC01-03102,MUC01,SM-MUC01,2026-02-01,Card payment,1,2.17,EUR
PM-MUC01-03103,MUC01,SM-MUC01,2026-02-02,Card payment 20,3,7.65,EUR
PM-MUC01-03104,MUC01,SM-MUC01,2026-02-02,Card payment VISA,1,1.5,EUR
PM-MUC01-03105,MUC01,SM-MUC01,2026-02-03,Card payment,1,4.05,EUR
PM-MUC01-03106,MUC01,SM-MUC01,2026-02-03,Card payment 10,1,2.5,EUR
PM-MUC01-03107,MUC01,SM-MUC01,2026-02-03,Card payment 20,3,4.65,EUR
PM-MUC01-03108,MUC01,SM-MUC01,2026-02-03,Card payment VISA,3,10.53,EUR
PM-MUC01-03109,MUC01,SM-MUC01,2026-02-04,Card payment 20,3,10.55,EUR
PM-MUC01-03110,MUC01,SM-MUC01,2026-02-04,Card payment VISA,1,0.08,EUR
PM-MUC01-03111,MUC01,SM-MUC01,2026-02-05,Card payment,1,1.8,EUR
PM-MUC01-03112,MUC01,SM-MUC01,2026-02-05,Card payment 10,1,0.08,EUR
PM-MUC01-03113,MUC01,SM-MUC01,2026-02-05,Card payment 20,4,11.65,EUR
PM-MUC01-03114,MUC01,SM-MUC01,2026-02-05,Card payment Master Card,1,3.3,EUR
PM-MUC01-03115,MUC01,SM-MUC01,2026-02-05,Card payment VISA,1,2.08,EUR
PM-MUC01-03116,MUC01,SM-MUC01,2026-02-06,Card payment 10,1,2.2,EUR
PM-MUC01-03117,MUC01,SM-MUC01,2026-02-06,Card payment 20,4,4.88,EUR
PM-MUC01-03118,MUC01,SM-MUC01,2026-02-06,Card payment Master Card,1,2.95,EUR
PM-MUC01-03119,MUC01,SM-MUC01,2026-02-06,Card payment VISA,2,2.47,EUR
PM-MUC01-03120,MUC01,SM-MUC01,2026-02-09,Card payment 20,5,15.4,EUR
PM-MUC01-03121,MUC01,SM-MUC01,2026-02-09,Card payment Master Card,2,2.55,EUR
PM-MUC01-03122,MUC01,SM-MUC01,2026-02-10,Card payment 20,4,12.46,EUR
PM-MUC01-03123,MUC01,SM-MUC01,2026-02-10,Card payment Master Card,1,2.5,EUR
PM-MUC01-03124,MUC01,SM-MUC01,2026-02-10,Card payment VISA,1,1.95,EUR
PM-MUC01-03125,MUC01,SM-MUC01,2026-02-11,Card payment 20,7,17.4,EUR
PM-MUC01-03126,MUC01,SM-MUC01,2026-02-11,Card payment VISA,1,3.08,EUR
PM-MUC01-03127,MUC01,SM-MUC01,2026-02-12,Card payment 20,3,9.05,EUR
PM-MUC01-03128,MUC01,SM-MUC01,2026-02-12,Card payment VISA,2,3.26,EUR
PM-MUC01-03129,MUC01,SM-MUC01,2026-02-13,Card payment,1,2.4,EUR
PM-MUC01-03130,MUC01,SM-MUC01,2026-02-13,Card payment 20,4,10.45,EUR
PM-MUC01-03131,MUC01,SM-MUC01,2026-02-15,Card payment 20,1,2.7,EUR
PM-MUC01-03132,MUC01,SM-MUC01,2026-02-16,Card payment 10,1,3.7,EUR
PM-MUC01-03133,MUC01,SM-MUC01,2026-02-16,Card payment 20,3,13.7,EUR
PM-MUC01-03134,MUC01,SM-MUC01,2026-02-16,Card payment VISA,1,5.83,EUR
PM-MUC01-03135,MUC01,SM-MUC01,2026-02-17,Card payment 20,7,23.01,EUR
PM-MUC01-03136,MUC01,SM-MUC01,2026-02-17,Card payment VISA,4,12.45,EUR
PM-MUC01-03137,MUC01,SM-MUC01,2026-02-18,Card payment 10,1,1.31,EUR
PM-MUC01-03138,MUC01,SM-MUC01,2026-02-18,Card payment 20,3,3.85,EUR
PM-MUC01-03139,MUC01,SM-MUC01,2026-02-19,Card payment 10,1,1.2,EUR
PM-MUC01-03140,MUC01,SM-MUC01,2026-02-19,Card payment 20,5,8.73,EUR
PM-MUC01-03141,MUC01,SM-MUC01,2026-02-20,Card payment 20,2,4.25,EUR
PM-MUC01-03142,MUC01,SM-MUC01,2026-02-20,Card payment Master Card,1,1.2,EUR
PM-MUC01-03143,MUC01,SM-MUC01,2026-02-23,Card payment 10,1,0.5,EUR
PM-MUC01-03144,MUC01,SM-MUC01,2026-02-23,Card payment 20,5,10.99,EUR
PM-MUC01-03145,MUC01,SM-MUC01,2026-02-23,Card payment VISA,2,2.75,EUR
PM-MUC01-03146,MUC01,SM-MUC01,2026-02-24,Card payment 20,6,15.35,EUR
PM-MUC01-03147,MUC01,SM-MUC01,2026-02-25,Card payment,1,3.67,EUR
PM-MUC01-03148,MUC01,SM-MUC01,2026-02-25,Card payment 20,3,6.9,EUR
PM-MUC01-03149,MUC01,SM-MUC01,2026-02-25,Card payment Master Card,1,2.23,EUR
PM-MUC01-03150,MUC01,SM-MUC01,2026-02-26,Card payment 20,2,5.11,EUR
PM-MUC01-03151,MUC01,SM-MUC01,2026-02-26,Card payment VISA,3,5.25,EUR
PM-MUC01-03152,MUC01,SM-MUC01,2026-02-27,Card payment 20,2,4.55,EUR
PM-MUC01-03153,MUC01,SM-MUC01,2026-02-27,Card payment VISA,1,0.25,EUR
PM-MUC01-03154,MUC01,SM-MUC01,2026-03-01,Card payment VISA,1,2.5,EUR
PM-MUC01-03155,MUC01,SM-MUC01,2026-03-02,Card payment 10,2,4.7,EUR
PM-MUC01-03156,MUC01,SM-MUC01,2026-03-02,Card payment 20,5,14.18,EUR
PM-MUC01-03157,MUC01,SM-MUC01,2026-03-02,Card payment Master Card,2,3.1,EUR
PM-MUC01-03158,MUC01,SM-MUC01,2026-03-03,Card payment 20,7,11.76,EUR
PM-MUC01-03159,MUC01,SM-MUC01,2026-03-03,Card payment Master Card,2,0.41,EUR
PM-MUC01-03160,MUC01,SM-MUC01,2026-03-03,Card payment VISA,1,3.7,EUR
PM-MUC01-03161,MUC01,SM-MUC01,2026-03-04,Card payment 10,1,1.7,EUR
PM-MUC01-03162,MUC01,SM-MUC01,2026-03-04,Card payment 20,2,6.64,EUR
PM-MUC01-03163,MUC01,SM-MUC01,2026-03-04,Card payment VISA,2,4.6,EUR
PM-MUC01-03164,MUC01,SM-MUC01,2026-03-05,Card payment,1,2.4,EUR
PM-MUC01-03165,MUC01,SM-MUC01,2026-03-05,Card payment 10,1,1.8,EUR
PM-MUC01-03166,MUC01,SM-MUC01,2026-03-05,Card payment 20,1,7.03,EUR
PM-MUC01-03167,MUC01,SM-MUC01,2026-03-06,Card payment 20,4,11.05,EUR
PM-MUC01-03168,MUC01,SM-MUC01,2026-03-06,Card payment Master Card,1,3.7,EUR
PM-MUC01-03169,MUC01,SM-MUC01,2026-03-09,Card payment 20,2,47.2,EUR
PM-MUC01-03170,MUC01,SM-MUC01,2026-03-09,Card payment Master Card,1,1.0,EUR
PM-MUC01-03171,MUC01,SM-MUC01,2026-03-10,Card payment 10,1,3.4,EUR
PM-MUC01-03172,MUC01,SM-MUC01,2026-03-10,Card payment 20,3,7.4,EUR
PM-MUC01-03173,MUC01,SM-MUC01,2026-03-11,Card payment,1,4.75,EUR
PM-MUC01-03174,MUC01,SM-MUC01,2026-03-11,Card payment 20,3,6.95,EUR
PM-MUC01-03175,MUC01,SM-MUC01,2026-03-11,Card payment Master Card,1,1.5,EUR
PM-MUC01-03176,MUC01,SM-MUC01,2026-03-11,Card payment VISA,2,4.9,EUR
PM-MUC01-03177,MUC01,SM-MUC01,2026-03-12,Card payment 20,5,6.6,EUR
PM-MUC01-03178,MUC01,SM-MUC01,2026-03-13,Card payment,1,0.08,EUR
PM-MUC01-03179,MUC01,SM-MUC01,2026-03-13,Card payment 10,1,0.08,EUR
PM-MUC01-03180,MUC01,SM-MUC01,2026-03-13,Card payment 20,2,7.54,EUR
PM-MUC01-03181,MUC01,SM-MUC01,2026-03-13,Card payment VISA,1,1.46,EUR
PM-MUC01-03182,MUC01,SM-MUC01,2026-03-15,Card payment 20,1,2.5,EUR
PM-MUC01-03183,MUC01,SM-MUC01,2026-03-16,Card payment,2,2.1,EUR
PM-MUC01-03184,MUC01,SM-MUC01,2026-03-16,Card payment 10,1,1.5,EUR
PM-MUC01-03185,MUC01,SM-MUC01,2026-03-16,Card payment 20,2,3.39,EUR
PM-MUC01-03186,MUC01,SM-MUC01,2026-03-16,Card payment Master Card,1,0.5,EUR
PM-MUC01-03187,MUC01,SM-MUC01,2026-03-16,Card payment VISA,2,5.64,EUR
PM-MUC01-03188,MUC01,SM-MUC01,2026-03-17,Card payment 20,7,16.07,EUR
PM-MUC01-03189,MUC01,SM-MUC01,2026-03-17,Card payment VISA,3,3.45,EUR
PM-MUC01-03190,MUC01,SM-MUC01,2026-03-18,Card payment,1,2.7,EUR
PM-MUC01-03191,MUC01,SM-MUC01,2026-03-18,Card payment 10,1,2.95,EUR
PM-MUC01-03192,MUC01,SM-MUC01,2026-03-18,Card payment 20,6,19.16,EUR
PM-MUC01-03193,MUC01,SM-MUC01,2026-03-18,Card payment Master Card,1,4.2,EUR
PM-MUC01-03194,MUC01,SM-MUC01,2026-03-19,Card payment 20,4,12.95,EUR
PM-MUC01-03195,MUC01,SM-MUC01,2026-03-19,Card payment Master Card,1,0.21,EUR
PM-MUC01-03196,MUC01,SM-MUC01,2026-03-20,Card payment,1,2.5,EUR
PM-MUC01-03197,MUC01,SM-MUC01,2026-03-20,Card payment 20,5,10.83,EUR
PM-MUC01-03198,MUC01,SM-MUC01,2026-03-23,Card payment 20,5,20.71,EUR
PM-MUC01-03199,MUC01,SM-MUC01,2026-03-23,Card payment American Express,1,3.9,EUR
PM-MUC01-03200,MUC01,SM-MUC01,2026-03-23,Card payment VISA,1,4.53,EUR
PM-MUC01-03201,MUC01,SM-MUC01,2026-03-24,Card payment 10,1,1.7,EUR
PM-MUC01-03202,MUC01,SM-MUC01,2026-03-24,Card payment 20,3,7.88,EUR
PM-MUC01-03203,MUC01,SM-MUC01,2026-03-24,Card payment VISA,1,3.0,EUR
PM-MUC01-03204,MUC01,SM-MUC01,2026-03-25,Card payment 20,4,14.28,EUR
PM-MUC01-03205,MUC01,SM-MUC01,2026-03-25,Card payment Master Card,1,1.85,EUR
PM-MUC01-03206,MUC01,SM-MUC01,2026-03-25,Card payment VISA,2,2.07,EUR
PM-MUC01-03207,MUC01,SM-MUC01,2026-03-26,Card payment 10,1,1.7,EUR
PM-MUC01-03208,MUC01,SM-MUC01,2026-03-26,Card payment 20,8,25.63,EUR
PM-MUC01-03209,MUC01,SM-MUC01,2026-03-26,Card payment VISA,1,4.6,EUR
PM-MUC01-03210,MUC01,SM-MUC01,2026-03-27,Card payment 20,3,4.45,EUR
PM-MUC01-03211,MUC01,SM-MUC01,2026-03-27,Card payment Master Card,1,5.15,EUR
PM-MUC01-03212,MUC01,SM-MUC01,2026-03-30,Card payment 20,4,11.09,EUR
PM-MUC01-03213,MUC01,SM-MUC01,2026-03-30,Card payment VISA,1,2.2,EUR
PM-MUC01-03214,MUC01,SM-MUC01,2026-03-31,Card payment 20,3,9.25,EUR
PM-MUC01-03215,MUC01,SM-MUC01,2026-03-31,Card payment Master Card,1,1.72,EUR
PM-MUC01-03216,MUC01,SM-MUC01,2026-04-01,Card payment 10,1,2.18,EUR
PM-MUC01-03217,MUC01,SM-MUC01,2026-04-01,Card payment 20,4,10.83,EUR
PM-MUC01-03218,MUC01,SM-MUC01,2026-04-01,Card payment VISA,2,3.15,EUR
PM-MUC01-03219,MUC01,SM-MUC01,2026-04-02,Card payment 20,2,4.15,EUR
PM-MUC01-03220,MUC01,SM-MUC01,2026-04-02,Card payment VISA,1,1.7,EUR
PM-MUC01-03221,MUC01,SM-MUC01,2026-04-03,Card payment 20,5,17.35,EUR
PM-MUC01-03222,MUC01,SM-MUC01,2026-04-03,Card payment American Express,1,4.2,EUR
PM-MUC01-03223,MUC01,SM-MUC01,2026-04-03,Card payment VISA,2,5.41,EUR
PM-MUC01-03224,MUC01,SM-MUC01,2026-04-06,Card payment 20,2,11.89,EUR
PM-MUC01-03225,MUC01,SM-MUC01,2026-04-06,Card payment VISA,2,3.45,EUR
PM-MUC01-03226,MUC01,SM-MUC01,2026-04-07,Card payment 20,2,13.41,EUR
PM-MUC01-03227,MUC01,SM-MUC01,2026-04-07,Card payment VISA,3,4.63,EUR
PM-MUC01-03228,MUC01,SM-MUC01,2026-04-08,Card payment 20,4,5.7,EUR
PM-MUC01-03229,MUC01,SM-MUC01,2026-04-08,Card payment Master Card,1,1.95,EUR
PM-MUC01-03230,MUC01,SM-MUC01,2026-04-08,Card payment VISA,1,1.8,EUR
PM-MUC01-03231,MUC01,SM-MUC01,2026-04-09,Card payment 20,5,4.86,EUR
PM-MUC01-03232,MUC01,SM-MUC01,2026-04-09,Card payment VISA,1,6.6,EUR
PM-MUC01-03233,MUC01,SM-MUC01,2026-04-10,Card payment 20,6,8.5,EUR
PM-MUC01-03234,MUC01,SM-MUC01,2026-04-13,Card payment 20,6,5.75,EUR
PM-MUC01-03235,MUC01,SM-MUC01,2026-04-13,Card payment VISA,1,2.5,EUR
PM-MUC01-03236,MUC01,SM-MUC01,2026-04-14,Card payment 20,6,11.45,EUR
PM-MUC01-03237,MUC01,SM-MUC01,2026-04-14,Card payment Master Card,1,5.95,EUR
PM-MUC01-03238,MUC01,SM-MUC01,2026-04-14,Card payment VISA,4,12.17,EUR
PM-MUC01-03239,MUC01,SM-MUC01,2026-04-15,Card payment,1,3.9,EUR
PM-MUC01-03240,MUC01,SM-MUC01,2026-04-15,Card payment 10,1,2.01,EUR
PM-MUC01-03241,MUC01,SM-MUC01,2026-04-15,Card payment 20,5,12.87,EUR
PM-MUC01-03242,MUC01,SM-MUC01,2026-04-15,Card payment VISA,2,6.2,EUR
PM-MUC01-03243,MUC01,SM-MUC01,2026-04-16,Card payment 10,1,5.2,EUR
PM-MUC01-03244,MUC01,SM-MUC01,2026-04-16,Card payment 20,3,6.25,EUR
PM-MUC01-03245,MUC01,SM-MUC01,2026-04-16,Card payment VISA,1,1.23,EUR
PM-MUC01-03246,MUC01,SM-MUC01,2026-04-17,Card payment,1,1.7,EUR
PM-MUC01-03247,MUC01,SM-MUC01,2026-04-17,Card payment 20,3,7.5,EUR
PM-MUC01-03248,MUC01,SM-MUC01,2026-04-17,Card payment VISA,1,1.8,EUR
PM-MUC01-03249,MUC01,SM-MUC01,2026-04-20,Card payment 10,1,4.5,EUR
PM-MUC01-03250,MUC01,SM-MUC01,2026-04-20,Card payment 20,4,11.8,EUR
PM-MUC01-03251,MUC01,SM-MUC01,2026-04-21,Card payment 10,1,2.4,EUR
PM-MUC01-03252,MUC01,SM-MUC01,2026-04-21,Card payment 20,9,19.24,EUR
PM-MUC01-03253,MUC01,SM-MUC01,2026-04-22,Card payment,1,2.9,EUR
PM-MUC01-03254,MUC01,SM-MUC01,2026-04-22,Card payment 20,3,8.6,EUR
PM-MUC01-03255,MUC01,SM-MUC01,2026-04-23,Card payment 20,6,9.43,EUR
PM-MUC01-03256,MUC01,SM-MUC01,2026-04-23,Card payment VISA,2,9.3,EUR
PM-MUC01-03257,MUC01,SM-MUC01,2026-04-24,Card payment 20,3,8.7,EUR
PM-MUC01-03258,MUC01,SM-MUC01,2026-04-24,Card payment Master Card,1,0.2,EUR
PM-MUC01-03259,MUC01,SM-MUC01,2026-04-27,Card payment 20,2,7.6,EUR
PM-MUC01-03260,MUC01,SM-MUC01,2026-04-27,Card payment Master Card,1,4.6,EUR
PM-MUC01-03261,MUC01,SM-MUC01,2026-04-27,Card payment VISA,1,3.58,EUR
PM-MUC01-03262,MUC01,SM-MUC01,2026-04-28,Card payment 20,3,11.74,EUR
PM-MUC01-03263,MUC01,SM-MUC01,2026-04-28,Card payment Master Card,3,8.4,EUR
PM-MUC01-03264,MUC01,SM-MUC01,2026-04-28,Card payment VISA,1,3.9,EUR
PM-MUC01-03265,MUC01,SM-MUC01,2026-04-29,Card payment 10,1,0.15,EUR
PM-MUC01-03266,MUC01,SM-MUC01,2026-04-29,Card payment 20,6,12.31,EUR
PM-MUC01-03267,MUC01,SM-MUC01,2026-04-29,Card payment Master Card,1,2.5,EUR
PM-MUC01-03268,MUC01,SM-MUC01,2026-04-29,Card payment VISA,2,3.9,EUR
PM-MUC01-03269,MUC01,SM-MUC01,2026-04-30,Card payment 20,7,10.45,EUR
PM-MUC01-03270,MUC01,SM-MUC01,2026-04-30,Card payment VISA,2,1.75,EUR
PM-MUC01-03271,MUC01,SM-MUC01,2026-05-04,Card payment 10,1,2.7,EUR
PM-MUC01-03272,MUC01,SM-MUC01,2026-05-04,Card payment 20,4,3.93,EUR
PM-MUC01-03273,MUC01,SM-MUC01,2026-05-04,Card payment VISA,1,3.85,EUR
PM-MUC01-03274,MUC01,SM-MUC01,2026-05-05,Card payment 20,1,5.4,EUR
PM-MUC01-03275,MUC01,SM-MUC01,2026-05-05,Card payment VISA,2,3.88,EUR
PM-MUC01-03276,MUC01,SM-MUC01,2026-05-06,Card payment 10,1,2.35,EUR
PM-MUC01-03277,MUC01,SM-MUC01,2026-05-06,Card payment 20,7,18.37,EUR
PM-MUC01-03278,MUC01,SM-MUC01,2026-05-07,Card payment 20,5,11.91,EUR
PM-MUC01-03279,MUC01,SM-MUC01,2026-05-07,Card payment VISA,1,1.6,EUR
PM-MUC01-03280,MUC01,SM-MUC01,2026-05-08,Card payment 20,6,12.11,EUR
PM-MUC01-03281,MUC01,SM-MUC01,2026-05-08,Card payment VISA,1,1.55,EUR
PM-MUC01-03282,MUC01,SM-MUC01,2026-05-11,Card payment,1,3.15,EUR
PM-MUC01-03283,MUC01,SM-MUC01,2026-05-11,Card payment 10,1,1.42,EUR
PM-MUC01-03284,MUC01,SM-MUC01,2026-05-11,Card payment VISA,1,0.15,EUR
PM-MUC01-03285,MUC01,SM-MUC01,2026-05-12,Card payment 20,7,51.19,EUR
PM-MUC01-03286,MUC01,SM-MUC01,2026-05-12,Card payment VISA,1,1.57,EUR
PM-MUC01-03287,MUC01,SM-MUC01,2026-05-13,Card payment 10,1,2.7,EUR
PM-MUC01-03288,MUC01,SM-MUC01,2026-05-13,Card payment 20,4,4.85,EUR
PM-MUC01-03289,MUC01,SM-MUC01,2026-05-13,Card payment Master Card,1,1.7,EUR
PM-MUC01-03290,MUC01,SM-MUC01,2026-05-13,Card payment VISA,1,0.15,EUR
PM-MUC01-03291,MUC01,SM-MUC01,2026-05-14,Card payment,2,4.81,EUR
PM-MUC01-03292,MUC01,SM-MUC01,2026-05-14,Card payment 20,2,14.85,EUR
PM-MUC01-03293,MUC01,SM-MUC01,2026-05-14,Card payment VISA,1,2.42,EUR
PM-MUC01-03294,MUC01,SM-MUC01,2026-05-15,Card payment 20,1,2.5,EUR
PM-MUC01-03295,MUC01,SM-MUC01,2026-05-15,Card payment Master Card,2,7.5,EUR
PM-MUC01-03296,MUC01,SM-MUC01,2026-05-17,Card payment 20,1,2.9,EUR
PM-MUC01-03297,MUC01,SM-MUC01,2026-05-18,Card payment 20,5,30.61,EUR
PM-MUC01-03298,MUC01,SM-MUC01,2026-05-18,Card payment VISA,1,2.65,EUR
PM-MUC01-03299,MUC01,SM-MUC01,2026-05-19,Card payment 10,1,0.25,EUR
PM-MUC01-03300,MUC01,SM-MUC01,2026-05-19,Card payment 20,5,49.59,EUR
PM-MUC01-03301,MUC01,SM-MUC01,2026-05-19,Card payment VISA,2,0.38,EUR
PM-MUC01-03302,MUC01,SM-MUC01,2026-05-20,Card payment 20,5,10.08,EUR
PM-MUC01-03303,MUC01,SM-MUC01,2026-05-20,Card payment VISA,1,2.9,EUR
PM-MUC01-03304,MUC01,SM-MUC01,2026-05-21,Card payment 20,4,9.05,EUR
PM-MUC01-03305,MUC01,SM-MUC01,2026-05-21,Card payment Master Card,1,1.71,EUR
PM-MUC01-03306,MUC01,SM-MUC01,2026-05-21,Card payment VISA,1,1.5,EUR
PM-MUC01-03307,MUC01,SM-MUC01,2026-05-22,Card payment 20,4,14.65,EUR
PM-MUC01-03308,MUC01,SM-MUC01,2026-05-22,Card payment VISA,1,0.97,EUR
PM-MUC01-03309,MUC01,SM-MUC01,2026-05-25,Card payment,1,1.0,EUR
PM-MUC01-03310,MUC01,SM-MUC01,2026-05-25,Card payment 10,1,6.4,EUR
PM-MUC01-03311,MUC01,SM-MUC01,2026-05-25,Card payment 20,3,6.3,EUR
PM-MUC01-03312,MUC01,SM-MUC01,2026-05-26,Card payment 20,7,26.55,EUR
PM-MUC01-03313,MUC01,SM-MUC01,2026-05-26,Card payment VISA,1,3.8,EUR
PM-MUC01-03314,MUC01,SM-MUC01,2026-05-27,Card payment 20,3,3.48,EUR
PM-MUC01-03315,MUC01,SM-MUC01,2026-05-28,Card payment,1,1.7,EUR
PM-MUC01-03316,MUC01,SM-MUC01,2026-05-28,Card payment 20,4,15.88,EUR
PM-MUC01-03317,MUC01,SM-MUC01,2026-05-29,Card payment 20,4,11.57,EUR
PM-MUC01-03318,MUC01,SM-MUC01,2026-05-29,Card payment Master Card,1,0.5,EUR
PM-MUC01-03319,MUC01,SM-MUC01,2026-05-29,Card payment VISA,2,5.8,EUR
PM-MUC01-03320,MUC01,SM-MUC01,2026-06-01,Card payment,2,5.11,EUR
PM-MUC01-03321,MUC01,SM-MUC01,2026-06-01,Card payment 20,1,1.28,EUR
PM-MUC01-03322,MUC01,SM-MUC01,2026-06-01,Card payment Master Card,2,4.44,EUR
PM-MUC01-03323,MUC01,SM-MUC01,2026-06-01,Card payment VISA,1,2.5,EUR
PM-MUC01-03324,MUC01,SM-MUC01,2026-06-02,Card payment American Express,1,0.25,EUR
PM-MUC01-03325,MUC01,SM-MUC01,2026-06-02,Card payment VISA,2,1.45,EUR
PM-MUC01-03326,MUC01,SM-MUC01,2026-06-03,Card payment VISA,1,1.7,EUR
PM-MUC01-03327,MUC01,SM-MUC01,2026-06-04,Card payment 10,1,1.0,EUR
PM-MUC01-03328,MUC01,SM-MUC01,2026-06-04,Card payment 20,5,11.5,EUR
PM-MUC01-03329,MUC01,SM-MUC01,2026-06-04,Card payment VISA,1,3.34,EUR
PM-MUC01-03330,MUC01,SM-MUC01,2026-06-05,Card payment 20,5,13.68,EUR
PM-MUC01-03331,MUC01,SM-MUC01,2026-06-05,Card payment American Express,1,0.25,EUR
PM-MUC01-03332,MUC01,SM-MUC01,2026-06-05,Card payment Master Card,1,0.25,EUR
PM-MUC01-03333,MUC01,SM-MUC01,2026-06-08,Card payment 20,7,12.92,EUR
PM-MUC01-03334,MUC01,SM-MUC01,2026-06-08,Card payment VISA,1,2.7,EUR
PM-MUC01-03335,MUC01,SM-MUC01,2026-06-09,Card payment 20,5,14.13,EUR
PM-MUC01-03336,MUC01,SM-MUC01,2026-06-09,Card payment Master Card,1,4.84,EUR
PM-MUC01-03337,MUC01,SM-MUC01,2026-06-10,Card payment 10,1,1.7,EUR
PM-MUC01-03338,MUC01,SM-MUC01,2026-06-10,Card payment 20,2,2.87,EUR
PM-MUC01-03339,MUC01,SM-MUC01,2026-06-10,Card payment Master Card,1,0.15,EUR
PM-MUC01-03340,MUC01,SM-MUC01,2026-06-10,Card payment VISA,1,3.5,EUR
PM-MUC01-03341,MUC01,SM-MUC01,2026-06-11,Card payment,1,2.75,EUR
PM-MUC01-03342,MUC01,SM-MUC01,2026-06-11,Card payment 10,1,0.08,EUR
PM-MUC01-03343,MUC01,SM-MUC01,2026-06-11,Card payment 20,7,19.5,EUR
PM-MUC01-03344,MUC01,SM-MUC01,2026-06-11,Card payment VISA,1,1.7,EUR
PM-MUC01-03345,MUC01,SM-MUC01,2026-06-12,Card payment,1,1.6,EUR
PM-MUC01-03346,MUC01,SM-MUC01,2026-06-12,Card payment 20,2,5.7,EUR
PM-MUC01-03347,MUC01,SM-MUC01,2026-06-15,Card payment 20,8,12.87,EUR
PM-MUC01-03348,MUC01,SM-MUC01,2026-06-16,Card payment 20,6,7.25,EUR
PM-MUC01-03349,MUC01,SM-MUC01,2026-06-16,Card payment VISA,1,3.1,EUR
PM-MUC01-03350,MUC01,SM-MUC01,2026-06-17,Card payment 20,3,3.14,EUR
PM-MUC01-03351,MUC01,SM-MUC01,2026-06-17,Card payment Master Card,2,9.7,EUR
PM-MUC01-03352,MUC01,SM-MUC01,2026-06-17,Card payment VISA,1,1.4,EUR
PM-MUC01-03353,MUC01,SM-MUC01,2026-06-18,Card payment 20,2,2.28,EUR
PM-MUC01-03354,MUC01,SM-MUC01,2026-06-18,Card payment VISA,1,1.61,EUR
PM-MUC01-03355,MUC01,SM-MUC01,2026-06-19,Card payment 10,1,6.9,EUR
PM-MUC01-03356,MUC01,SM-MUC01,2026-06-19,Card payment VISA,2,3.16,EUR
PM-MUC01-03357,MUC01,SM-MUC01,2026-06-22,Card payment 20,4,4.79,EUR
PM-MUC01-03358,MUC01,SM-MUC01,2026-06-22,Card payment Master Card,1,0.15,EUR
PM-MUC01-03359,MUC01,SM-MUC01,2026-06-22,Card payment VISA,1,0.25,EUR
PM-MUC01-03360,MUC01,SM-MUC01,2026-06-23,Card payment 20,3,6.8,EUR
PM-MUC01-03361,MUC01,SM-MUC01,2026-06-24,Card payment 20,3,4.15,EUR
PM-MUC01-03362,MUC01,SM-MUC01,2026-06-24,Card payment VISA,1,4.2,EUR
PM-MUC01-03363,MUC01,SM-MUC01,2026-06-25,Card payment 20,3,12.75,EUR
PM-MUC01-03364,MUC01,SM-MUC01,2026-06-25,Card payment Master Card,3,7.56,EUR
PM-MUC01-03365,MUC01,SM-MUC01,2026-06-25,Card payment VISA,2,5.2,EUR
PM-MUC01-03366,MUC01,SM-MUC01,2026-06-26,Card payment 20,1,1.26,EUR
PM-MUC01-03367,MUC01,SM-MUC01,2026-06-29,Card payment 20,4,5.06,EUR
PM-MUC01-03368,MUC01,SM-MUC01,2026-06-29,Card payment Master Card,1,2.75,EUR
PM-MUC01-03369,MUC01,SM-MUC01,2026-06-29,Card payment VISA,3,8.15,EUR
PM-MUC01-03370,MUC01,SM-MUC01,2026-06-30,Card payment 20,5,8.42,EUR
PM-MUC01-03371,MUC01,SM-MUC01,2026-06-30,Card payment VISA,3,6.55,EUR
PM-MUC01-03372,MUC01,SM-MUC01,2026-07-01,Card payment 20,4,15.3,EUR
PM-MUC01-03373,MUC01,SM-MUC01,2026-07-01,Card payment Master Card,1,0.07,EUR
PM-MUC01-03374,MUC01,SM-MUC01,2026-07-02,Card payment 20,5,7.04,EUR
PM-MUC01-03375,MUC01,SM-MUC01,2026-07-02,Card payment VISA,2,5.75,EUR
PM-MUC01-03376,MUC01,SM-MUC01,2026-07-03,Card payment 20,1,2.0,EUR
PM-STR01-03377,STR01,MO-STR01,2026-01-02,Card payment 20,1,1.5,EUR
PM-STR01-03378,STR01,MO-STR01,2026-01-05,Card payment 20,1,2.6,EUR
PM-STR01-03379,STR01,MO-STR01,2026-01-05,Card payment American Express,1,3.8,EUR
PM-STR01-03380,STR01,MO-STR01,2026-01-05,Card payment VISA,1,2.83,EUR
PM-STR01-03381,STR01,MO-STR01,2026-01-06,Card payment 20,1,0.5,EUR
PM-STR01-03382,STR01,MO-STR01,2026-01-06,Card payment VISA,1,6.3,EUR
PM-STR01-03383,STR01,MO-STR01,2026-01-07,Card payment Master Card,1,2.25,EUR
PM-STR01-03384,STR01,MO-STR01,2026-01-14,Card payment 20,2,0.39,EUR
PM-STR01-03385,STR01,MO-STR01,2026-01-15,Card payment 20,1,0.08,EUR
PM-STR01-03386,STR01,MO-STR01,2026-01-21,Card payment 20,2,4.57,EUR
PM-STR01-03387,STR01,MO-STR01,2026-01-22,Card payment 20,1,2.0,EUR
PM-STR01-03388,STR01,MO-STR01,2026-01-22,Card payment Master Card,1,1.26,EUR
PM-STR01-03389,STR01,MO-STR01,2026-01-22,Card payment VISA,2,5.75,EUR
PM-STR01-03390,STR01,MO-STR01,2026-01-23,Card payment 20,1,2.9,EUR
PM-STR01-03391,STR01,MO-STR01,2026-01-26,Card payment 20,1,1.9,EUR
PM-STR01-03392,STR01,MO-STR01,2026-01-27,Card payment 20,1,1.45,EUR
PM-STR01-03393,STR01,MO-STR01,2026-01-27,Card payment VISA,1,1.95,EUR
PM-STR01-03394,STR01,MO-STR01,2026-01-28,Card payment 20,1,6.0,EUR
PM-STR01-03395,STR01,MO-STR01,2026-01-29,Card payment 20,1,1.2,EUR
PM-STR01-03396,STR01,MO-STR01,2026-02-02,Card payment 20,1,2.36,EUR
PM-STR01-03397,STR01,MO-STR01,2026-02-06,Card payment 20,1,1.18,EUR
PM-STR01-03398,STR01,MO-STR01,2026-02-09,Card payment 20,2,4.7,EUR
PM-STR01-03399,STR01,MO-STR01,2026-02-10,Card payment 20,1,0.08,EUR
PM-STR01-03400,STR01,MO-STR01,2026-02-12,Card payment 20,1,0.25,EUR
PM-STR01-03401,STR01,MO-STR01,2026-02-17,Card payment 20,2,3.9,EUR
PM-STR01-03402,STR01,MO-STR01,2026-02-17,Card payment VISA,1,1.0,EUR
PM-STR01-03403,STR01,MO-STR01,2026-02-20,Card payment 20,1,3.65,EUR
PM-STR01-03404,STR01,MO-STR01,2026-02-20,Card payment Master Card,1,1.2,EUR
PM-STR01-03405,STR01,MO-STR01,2026-02-23,Card payment 20,2,4.11,EUR
PM-STR01-03406,STR01,MO-STR01,2026-02-24,Card payment 20,2,3.1,EUR
PM-STR01-03407,STR01,MO-STR01,2026-02-24,Card payment Master Card,1,0.25,EUR
PM-STR01-03408,STR01,MO-STR01,2026-02-25,Card payment 20,1,2.5,EUR
PM-STR01-03409,STR01,MO-STR01,2026-02-27,Card payment 20,1,0.15,EUR
PM-STR01-03410,STR01,MO-STR01,2026-03-04,Card payment Master Card,1,1.95,EUR
PM-STR01-03411,STR01,MO-STR01,2026-03-05,Card payment 20,1,1.65,EUR
PM-STR01-03412,STR01,MO-STR01,2026-03-05,Card payment Master Card,1,4.65,EUR
PM-STR01-03413,STR01,MO-STR01,2026-03-09,Card payment 20,1,2.75,EUR
PM-STR01-03414,STR01,MO-STR01,2026-03-09,Card payment VISA,1,3.3,EUR
PM-STR01-03415,STR01,MO-STR01,2026-03-11,Card payment,1,0.39,EUR
PM-STR01-03416,STR01,MO-STR01,2026-03-11,Card payment 20,2,4.73,EUR
PM-STR01-03417,STR01,MO-STR01,2026-03-17,Card payment Master Card,1,2.72,EUR
PM-STR01-03418,STR01,MO-STR01,2026-03-20,Card payment VISA,1,1.9,EUR
PM-STR01-03419,STR01,MO-STR01,2026-03-23,Card payment 20,1,0.15,EUR
PM-STR01-03420,STR01,MO-STR01,2026-03-25,Card payment VISA,1,3.4,EUR
PM-STR01-03421,STR01,MO-STR01,2026-03-26,Card payment 20,2,1.47,EUR
PM-STR01-03422,STR01,MO-STR01,2026-03-27,Card payment 20,1,1.7,EUR
PM-STR01-03423,STR01,MO-STR01,2026-03-30,Card payment 20,1,2.7,EUR
PM-STR01-03424,STR01,MO-STR01,2026-04-01,Card payment Master Card,1,3.8,EUR
PM-STR01-03425,STR01,MO-STR01,2026-04-06,Card payment 20,1,0.33,EUR
PM-STR01-03426,STR01,MO-STR01,2026-04-07,Card payment Master Card,1,2.2,EUR
PM-STR01-03427,STR01,MO-STR01,2026-04-08,Card payment 20,1,2.5,EUR
PM-STR01-03428,STR01,MO-STR01,2026-04-09,Card payment 20,1,0.08,EUR
PM-STR01-03429,STR01,MO-STR01,2026-04-13,Card payment 20,2,4.8,EUR
PM-STR01-03430,STR01,MO-STR01,2026-04-14,Card payment 20,3,8.75,EUR
PM-STR01-03431,STR01,MO-STR01,2026-04-15,Card payment 10,1,2.2,EUR
PM-STR01-03432,STR01,MO-STR01,2026-04-15,Card payment 20,1,1.7,EUR
PM-STR01-03433,STR01,MO-STR01,2026-04-16,Card payment 20,1,1.7,EUR
PM-STR01-03434,STR01,MO-STR01,2026-04-17,Card payment 20,1,2.2,EUR
PM-STR01-03435,STR01,MO-STR01,2026-04-20,Card payment 20,1,2.5,EUR
PM-STR01-03436,STR01,MO-STR01,2026-04-21,Card payment 20,1,1.5,EUR
PM-STR01-03437,STR01,MO-STR01,2026-04-27,Card payment 10,1,1.2,EUR
PM-STR01-03438,STR01,MO-STR01,2026-04-28,Card payment Master Card,1,2.9,EUR
PM-STR01-03439,STR01,MO-STR01,2026-05-05,Card payment VISA,1,1.9,EUR
PM-STR01-03440,STR01,MO-STR01,2026-05-06,Card payment 20,1,5.07,EUR
PM-STR01-03441,STR01,MO-STR01,2026-05-12,Card payment 10,1,2.5,EUR
PM-STR01-03442,STR01,MO-STR01,2026-05-12,Card payment 20,1,6.85,EUR
PM-STR01-03443,STR01,MO-STR01,2026-05-12,Card payment VISA,1,1.91,EUR
PM-STR01-03444,STR01,MO-STR01,2026-05-13,Card payment 20,1,1.8,EUR
PM-STR01-03445,STR01,MO-STR01,2026-05-14,Card payment 20,3,3.93,EUR
PM-STR01-03446,STR01,MO-STR01,2026-05-18,Card payment 20,1,1.48,EUR
PM-STR01-03447,STR01,MO-STR01,2026-05-20,Card payment 20,2,3.75,EUR
PM-STR01-03448,STR01,MO-STR01,2026-05-25,Card payment 10,1,3.9,EUR
PM-STR01-03449,STR01,MO-STR01,2026-05-26,Card payment Master Card,1,3.98,EUR
PM-STR01-03450,STR01,MO-STR01,2026-05-27,Card payment 20,2,4.23,EUR
PM-STR01-03451,STR01,MO-STR01,2026-05-28,Card payment 20,1,1.5,EUR
PM-STR01-03452,STR01,MO-STR01,2026-06-01,Card payment Master Card,1,0.25,EUR
PM-STR01-03453,STR01,MO-STR01,2026-06-02,Card payment 20,1,2.5,EUR
PM-STR01-03454,STR01,MO-STR01,2026-06-02,Card payment Master Card,1,1.7,EUR
PM-STR01-03455,STR01,MO-STR01,2026-06-03,Card payment 20,2,2.97,EUR
PM-STR01-03456,STR01,MO-STR01,2026-06-08,Card payment VISA,1,2.5,EUR
PM-STR01-03457,STR01,MO-STR01,2026-06-09,Card payment Master Card,1,0.15,EUR
PM-STR01-03458,STR01,MO-STR01,2026-06-10,Card payment 20,1,1.8,EUR
PM-STR01-03459,STR01,MO-STR01,2026-06-12,Card payment 20,1,4.2,EUR
PM-STR01-03460,STR01,MO-STR01,2026-06-15,Card payment 20,3,5.5,EUR
PM-STR01-03461,STR01,MO-STR01,2026-06-17,Card payment 20,2,1.95,EUR
PM-STR01-03462,STR01,MO-STR01,2026-06-18,Card payment VISA,1,0.15,EUR
PM-STR01-03463,STR01,MO-STR01,2026-06-23,Card payment 20,1,3.9,EUR
PM-STR01-03464,STR01,MO-STR01,2026-06-24,Card payment 10,1,1.5,EUR
PM-STR01-03465,STR01,MO-STR01,2026-06-25,Card payment 20,2,5.28,EUR
PM-STR01-03466,STR01,MO-STR01,2026-06-29,Card payment 20,1,1.7,EUR
PM-STR01-03467,STR01,MO-STR01,2026-06-30,Card payment 20,1,2.4,EUR
PM-STR01-03468,STR01,MO-STR01,2026-07-01,Card payment 20,1,1.4,EUR
PM-STR01-03469,STR01,MO-STR01,2026-07-02,Card payment 10,1,1.2,EUR
PM-STR01-03470,STR01,MO-STR01,2026-07-02,Card payment 20,1,0.21,EUR
PM-STR01-03471,STR01,MO-STR01,2026-07-02,Card payment VISA,1,44.0,EUR
PM-STR01-03472,STR01,PF-STR01,2026-01-01,Card payment,1,1.78,EUR
PM-STR01-03473,STR01,PF-STR01,2026-01-01,Card payment 20,9,16.78,EUR
PM-STR01-03474,STR01,PF-STR01,2026-01-01,Card payment Master Card,1,1.58,EUR
PM-STR01-03475,STR01,PF-STR01,2026-01-01,Card payment VISA,2,7.81,EUR
PM-STR01-03476,STR01,PF-STR01,2026-01-02,Card payment 20,5,12.63,EUR
PM-STR01-03477,STR01,PF-STR01,2026-01-05,Card payment,1,5.2,EUR
PM-STR01-03478,STR01,PF-STR01,2026-01-05,Card payment 20,2,2.75,EUR
PM-STR01-03479,STR01,PF-STR01,2026-01-05,Card payment VISA,1,1.2,EUR
PM-STR01-03480,STR01,PF-STR01,2026-01-06,Card payment 20,6,9.25,EUR
PM-STR01-03481,STR01,PF-STR01,2026-01-06,Card payment Master Card,1,5.9,EUR
PM-STR01-03482,STR01,PF-STR01,2026-01-06,Card payment VISA,4,7.25,EUR
PM-STR01-03483,STR01,PF-STR01,2026-01-07,Card payment 20,6,57.1,EUR
PM-STR01-03484,STR01,PF-STR01,2026-01-07,Card payment VISA,1,1.8,EUR
PM-STR01-03485,STR01,PF-STR01,2026-01-08,Card payment 20,4,13.75,EUR
PM-STR01-03486,STR01,PF-STR01,2026-01-08,Card payment VISA,1,0.25,EUR
PM-STR01-03487,STR01,PF-STR01,2026-01-09,Card payment 10,1,0.15,EUR
PM-STR01-03488,STR01,PF-STR01,2026-01-09,Card payment 20,4,10.35,EUR
PM-STR01-03489,STR01,PF-STR01,2026-01-09,Card payment VISA,2,3.7,EUR
PM-STR01-03490,STR01,PF-STR01,2026-01-12,Card payment 20,6,14.0,EUR
PM-STR01-03491,STR01,PF-STR01,2026-01-12,Card payment Master Card,2,2.35,EUR
PM-STR01-03492,STR01,PF-STR01,2026-01-12,Card payment VISA,1,0.15,EUR
PM-STR01-03493,STR01,PF-STR01,2026-01-13,Card payment 20,9,24.45,EUR
PM-STR01-03494,STR01,PF-STR01,2026-01-13,Card payment Master Card,1,2.95,EUR
PM-STR01-03495,STR01,PF-STR01,2026-01-14,Card payment 10,1,2.6,EUR
PM-STR01-03496,STR01,PF-STR01,2026-01-14,Card payment 20,5,10.75,EUR
PM-STR01-03497,STR01,PF-STR01,2026-01-14,Card payment American Express,1,6.0,EUR
PM-STR01-03498,STR01,PF-STR01,2026-01-14,Card payment VISA,3,8.3,EUR
PM-STR01-03499,STR01,PF-STR01,2026-01-15,Card payment 20,4,10.55,EUR
PM-STR01-03500,STR01,PF-STR01,2026-01-15,Card payment Master Card,2,3.95,EUR
PM-STR01-03501,STR01,PF-STR01,2026-01-15,Card payment VISA,1,0.25,EUR
PM-STR01-03502,STR01,PF-STR01,2026-01-16,Card payment 20,4,7.4,EUR
PM-STR01-03503,STR01,PF-STR01,2026-01-16,Card payment Master Card,1,3.45,EUR
PM-STR01-03504,STR01,PF-STR01,2026-01-19,Card payment 20,3,3.44,EUR
PM-STR01-03505,STR01,PF-STR01,2026-01-19,Card payment Master Card,1,0.25,EUR
PM-STR01-03506,STR01,PF-STR01,2026-01-19,Card payment VISA,5,10.5,EUR
PM-STR01-03507,STR01,PF-STR01,2026-01-20,Card payment 20,6,16.53,EUR
PM-STR01-03508,STR01,PF-STR01,2026-01-20,Card payment Master Card,1,2.57,EUR
PM-STR01-03509,STR01,PF-STR01,2026-01-21,Card payment 20,5,4.18,EUR
PM-STR01-03510,STR01,PF-STR01,2026-01-21,Card payment Master Card,1,1.7,EUR
PM-STR01-03511,STR01,PF-STR01,2026-01-21,Card payment VISA,3,6.47,EUR
PM-STR01-03512,STR01,PF-STR01,2026-01-22,Card payment 20,6,14.6,EUR
PM-STR01-03513,STR01,PF-STR01,2026-01-22,Card payment Master Card,2,2.65,EUR
PM-STR01-03514,STR01,PF-STR01,2026-01-23,Card payment,1,0.5,EUR
PM-STR01-03515,STR01,PF-STR01,2026-01-23,Card payment 10,2,2.03,EUR
PM-STR01-03516,STR01,PF-STR01,2026-01-23,Card payment 20,2,1.95,EUR
PM-STR01-03517,STR01,PF-STR01,2026-01-26,Card payment 20,3,5.65,EUR
PM-STR01-03518,STR01,PF-STR01,2026-01-27,Card payment Master Card,1,0.75,EUR
PM-STR01-03519,STR01,PF-STR01,2026-01-27,Card payment VISA,2,4.7,EUR
PM-STR01-03520,STR01,PF-STR01,2026-01-28,Card payment 10,1,3.8,EUR
PM-STR01-03521,STR01,PF-STR01,2026-01-28,Card payment 20,1,2.7,EUR
PM-STR01-03522,STR01,PF-STR01,2026-01-29,Card payment 20,6,9.95,EUR
PM-STR01-03523,STR01,PF-STR01,2026-01-30,Card payment 20,3,4.15,EUR
PM-STR01-03524,STR01,PF-STR01,2026-01-30,Card payment VISA,1,2.0,EUR
PM-STR01-03525,STR01,PF-STR01,2026-02-02,Card payment 20,7,22.68,EUR
PM-STR01-03526,STR01,PF-STR01,2026-02-02,Card payment VISA,3,5.4,EUR
PM-STR01-03527,STR01,PF-STR01,2026-02-03,Card payment,1,2.5,EUR
PM-STR01-03528,STR01,PF-STR01,2026-02-03,Card payment 20,4,9.89,EUR
PM-STR01-03529,STR01,PF-STR01,2026-02-03,Card payment Master Card,1,1.31,EUR
PM-STR01-03530,STR01,PF-STR01,2026-02-03,Card payment VISA,2,7.15,EUR
PM-STR01-03531,STR01,PF-STR01,2026-02-04,Card payment,1,2.5,EUR
PM-STR01-03532,STR01,PF-STR01,2026-02-04,Card payment 10,1,3.9,EUR
PM-STR01-03533,STR01,PF-STR01,2026-02-04,Card payment 20,4,13.7,EUR
PM-STR01-03534,STR01,PF-STR01,2026-02-04,Card payment Master Card,2,4.2,EUR
PM-STR01-03535,STR01,PF-STR01,2026-02-04,Card payment VISA,2,2.55,EUR
PM-STR01-03536,STR01,PF-STR01,2026-02-05,Card payment 20,5,11.75,EUR
PM-STR01-03537,STR01,PF-STR01,2026-02-05,Card payment Master Card,1,1.5,EUR
PM-STR01-03538,STR01,PF-STR01,2026-02-05,Card payment VISA,1,2.65,EUR
PM-STR01-03539,STR01,PF-STR01,2026-02-06,Card payment 10,1,3.1,EUR
PM-STR01-03540,STR01,PF-STR01,2026-02-06,Card payment 20,3,5.81,EUR
PM-STR01-03541,STR01,PF-STR01,2026-02-06,Card payment Master Card,1,1.5,EUR
PM-STR01-03542,STR01,PF-STR01,2026-02-09,Card payment 10,1,3.8,EUR
PM-STR01-03543,STR01,PF-STR01,2026-02-09,Card payment 20,4,6.53,EUR
PM-STR01-03544,STR01,PF-STR01,2026-02-09,Card payment VISA,2,3.75,EUR
PM-STR01-03545,STR01,PF-STR01,2026-02-10,Card payment 10,2,4.0,EUR
PM-STR01-03546,STR01,PF-STR01,2026-02-10,Card payment 20,5,14.75,EUR
PM-STR01-03547,STR01,PF-STR01,2026-02-10,Card payment VISA,1,2.5,EUR
PM-STR01-03548,STR01,PF-STR01,2026-02-11,Card payment 20,4,12.02,EUR
PM-STR01-03549,STR01,PF-STR01,2026-02-11,Card payment Master Card,2,1.95,EUR
PM-STR01-03550,STR01,PF-STR01,2026-02-11,Card payment VISA,1,0.15,EUR
PM-STR01-03551,STR01,PF-STR01,2026-02-12,Card payment 20,7,10.56,EUR
PM-STR01-03552,STR01,PF-STR01,2026-02-12,Card payment Master Card,3,8.95,EUR
PM-STR01-03553,STR01,PF-STR01,2026-02-12,Card payment VISA,2,4.48,EUR
PM-STR01-03554,STR01,PF-STR01,2026-02-13,Card payment 10,1,0.25,EUR
PM-STR01-03555,STR01,PF-STR01,2026-02-13,Card payment 20,3,4.4,EUR
PM-STR01-03556,STR01,PF-STR01,2026-02-13,Card payment Master Card,1,3.2,EUR
PM-STR01-03557,STR01,PF-STR01,2026-02-16,Card payment 20,5,18.77,EUR
PM-STR01-03558,STR01,PF-STR01,2026-02-16,Card payment Master Card,3,4.3,EUR
PM-STR01-03559,STR01,PF-STR01,2026-02-17,Card payment,1,2.66,EUR
PM-STR01-03560,STR01,PF-STR01,2026-02-17,Card payment 20,10,31.22,EUR
PM-STR01-03561,STR01,PF-STR01,2026-02-18,Card payment 10,1,0.15,EUR
PM-STR01-03562,STR01,PF-STR01,2026-02-18,Card payment 20,8,63.5,EUR
PM-STR01-03563,STR01,PF-STR01,2026-02-18,Card payment Master Card,1,2.5,EUR
PM-STR01-03564,STR01,PF-STR01,2026-02-18,Card payment VISA,2,4.3,EUR
PM-STR01-03565,STR01,PF-STR01,2026-02-19,Card payment 10,1,0.15,EUR
PM-STR01-03566,STR01,PF-STR01,2026-02-19,Card payment 20,3,2.56,EUR
PM-STR01-03567,STR01,PF-STR01,2026-02-19,Card payment VISA,2,4.2,EUR
PM-STR01-03568,STR01,PF-STR01,2026-02-20,Card payment 10,1,4.15,EUR
PM-STR01-03569,STR01,PF-STR01,2026-02-20,Card payment 20,4,5.22,EUR
PM-STR01-03570,STR01,PF-STR01,2026-02-20,Card payment Master Card,2,3.39,EUR
PM-STR01-03571,STR01,PF-STR01,2026-02-20,Card payment VISA,1,1.55,EUR
PM-STR01-03572,STR01,PF-STR01,2026-02-23,Card payment 20,2,4.43,EUR
PM-STR01-03573,STR01,PF-STR01,2026-02-23,Card payment Master Card,1,5.8,EUR
PM-STR01-03574,STR01,PF-STR01,2026-02-23,Card payment VISA,2,6.8,EUR
PM-STR01-03575,STR01,PF-STR01,2026-02-24,Card payment 20,8,18.3,EUR
PM-STR01-03576,STR01,PF-STR01,2026-02-24,Card payment Master Card,1,1.2,EUR
PM-STR01-03577,STR01,PF-STR01,2026-02-24,Card payment VISA,2,1.96,EUR
PM-STR01-03578,STR01,PF-STR01,2026-02-25,Card payment 20,11,19.24,EUR
PM-STR01-03579,STR01,PF-STR01,2026-02-26,Card payment 20,5,10.65,EUR
PM-STR01-03580,STR01,PF-STR01,2026-02-26,Card payment Master Card,1,3.6,EUR
PM-STR01-03581,STR01,PF-STR01,2026-02-26,Card payment VISA,3,10.19,EUR
PM-STR01-03582,STR01,PF-STR01,2026-02-27,Card payment 20,3,7.0,EUR
PM-STR01-03583,STR01,PF-STR01,2026-02-27,Card payment VISA,1,2.9,EUR
PM-STR01-03584,STR01,PF-STR01,2026-03-02,Card payment 10,1,2.17,EUR
PM-STR01-03585,STR01,PF-STR01,2026-03-02,Card payment 20,4,7.0,EUR
PM-STR01-03586,STR01,PF-STR01,2026-03-03,Card payment 10,1,3.65,EUR
PM-STR01-03587,STR01,PF-STR01,2026-03-03,Card payment 20,2,6.15,EUR
PM-STR01-03588,STR01,PF-STR01,2026-03-03,Card payment VISA,1,3.2,EUR
PM-STR01-03589,STR01,PF-STR01,2026-03-04,Card payment,1,1.7,EUR
PM-STR01-03590,STR01,PF-STR01,2026-03-04,Card payment 20,7,13.49,EUR
PM-STR01-03591,STR01,PF-STR01,2026-03-04,Card payment VISA,2,5.65,EUR
PM-STR01-03592,STR01,PF-STR01,2026-03-05,Card payment 20,4,6.06,EUR
PM-STR01-03593,STR01,PF-STR01,2026-03-05,Card payment VISA,1,1.8,EUR
PM-STR01-03594,STR01,PF-STR01,2026-03-06,Card payment 10,1,2.6,EUR
PM-STR01-03595,STR01,PF-STR01,2026-03-06,Card payment 20,2,12.2,EUR
PM-STR01-03596,STR01,PF-STR01,2026-03-09,Card payment 20,6,13.56,EUR
PM-STR01-03597,STR01,PF-STR01,2026-03-10,Card payment 20,7,15.88,EUR
PM-STR01-03598,STR01,PF-STR01,2026-03-10,Card payment VISA,2,6.3,EUR
PM-STR01-03599,STR01,PF-STR01,2026-03-11,Card payment 20,10,26.36,EUR
PM-STR01-03600,STR01,PF-STR01,2026-03-11,Card payment Master Card,1,5.4,EUR
PM-STR01-03601,STR01,PF-STR01,2026-03-11,Card payment VISA,1,0.5,EUR
PM-STR01-03602,STR01,PF-STR01,2026-03-12,Card payment 10,1,1.7,EUR
PM-STR01-03603,STR01,PF-STR01,2026-03-12,Card payment 20,7,13.22,EUR
PM-STR01-03604,STR01,PF-STR01,2026-03-12,Card payment Master Card,1,3.4,EUR
PM-STR01-03605,STR01,PF-STR01,2026-03-12,Card payment VISA,3,19.26,EUR
PM-STR01-03606,STR01,PF-STR01,2026-03-13,Card payment 10,1,3.8,EUR
PM-STR01-03607,STR01,PF-STR01,2026-03-13,Card payment 20,2,13.9,EUR
PM-STR01-03608,STR01,PF-STR01,2026-03-13,Card payment Master Card,1,2.2,EUR
PM-STR01-03609,STR01,PF-STR01,2026-03-13,Card payment VISA,3,4.6,EUR
PM-STR01-03610,STR01,PF-STR01,2026-03-16,Card payment 10,3,5.48,EUR
PM-STR01-03611,STR01,PF-STR01,2026-03-16,Card payment 20,4,10.4,EUR
PM-STR01-03612,STR01,PF-STR01,2026-03-16,Card payment VISA,3,6.61,EUR
PM-STR01-03613,STR01,PF-STR01,2026-03-17,Card payment,1,1.8,EUR
PM-STR01-03614,STR01,PF-STR01,2026-03-17,Card payment 20,8,21.12,EUR
PM-STR01-03615,STR01,PF-STR01,2026-03-17,Card payment American Express,1,2.5,EUR
PM-STR01-03616,STR01,PF-STR01,2026-03-18,Card payment 20,4,8.84,EUR
PM-STR01-03617,STR01,PF-STR01,2026-03-18,Card payment Master Card,2,5.65,EUR
PM-STR01-03618,STR01,PF-STR01,2026-03-18,Card payment VISA,1,0.5,EUR
PM-STR01-03619,STR01,PF-STR01,2026-03-19,Card payment 10,1,1.01,EUR
PM-STR01-03620,STR01,PF-STR01,2026-03-19,Card payment 20,4,11.78,EUR
PM-STR01-03621,STR01,PF-STR01,2026-03-19,Card payment VISA,1,4.6,EUR
PM-STR01-03622,STR01,PF-STR01,2026-03-20,Card payment 10,1,1.8,EUR
PM-STR01-03623,STR01,PF-STR01,2026-03-20,Card payment 20,2,13.4,EUR
PM-STR01-03624,STR01,PF-STR01,2026-03-20,Card payment Master Card,1,2.5,EUR
PM-STR01-03625,STR01,PF-STR01,2026-03-20,Card payment VISA,1,2.5,EUR
PM-STR01-03626,STR01,PF-STR01,2026-03-22,Card payment VISA,1,1.9,EUR
PM-STR01-03627,STR01,PF-STR01,2026-03-23,Card payment 10,1,1.2,EUR
PM-STR01-03628,STR01,PF-STR01,2026-03-23,Card payment 20,3,5.62,EUR
PM-STR01-03629,STR01,PF-STR01,2026-03-23,Card payment Master Card,1,2.5,EUR
PM-STR01-03630,STR01,PF-STR01,2026-03-23,Card payment VISA,1,3.5,EUR
PM-STR01-03631,STR01,PF-STR01,2026-03-24,Card payment 20,1,1.8,EUR
PM-STR01-03632,STR01,PF-STR01,2026-03-24,Card payment American Express,1,3.51,EUR
PM-STR01-03633,STR01,PF-STR01,2026-03-24,Card payment VISA,1,1.2,EUR
PM-STR01-03634,STR01,PF-STR01,2026-03-25,Card payment,2,7.25,EUR
PM-STR01-03635,STR01,PF-STR01,2026-03-25,Card payment 20,4,15.59,EUR
PM-STR01-03636,STR01,PF-STR01,2026-03-25,Card payment American Express,1,1.6,EUR
PM-STR01-03637,STR01,PF-STR01,2026-03-25,Card payment Master Card,1,3.4,EUR
PM-STR01-03638,STR01,PF-STR01,2026-03-25,Card payment VISA,2,9.85,EUR
PM-STR01-03639,STR01,PF-STR01,2026-03-26,Card payment 10,1,4.0,EUR
PM-STR01-03640,STR01,PF-STR01,2026-03-26,Card payment 20,8,14.0,EUR
PM-STR01-03641,STR01,PF-STR01,2026-03-26,Card payment VISA,2,1.45,EUR
PM-STR01-03642,STR01,PF-STR01,2026-03-27,Card payment 10,1,2.45,EUR
PM-STR01-03643,STR01,PF-STR01,2026-03-27,Card payment 20,4,7.55,EUR
PM-STR01-03644,STR01,PF-STR01,2026-03-30,Card payment,1,1.98,EUR
PM-STR01-03645,STR01,PF-STR01,2026-03-30,Card payment 20,4,10.75,EUR
PM-STR01-03646,STR01,PF-STR01,2026-03-30,Card payment VISA,1,3.5,EUR
PM-STR01-03647,STR01,PF-STR01,2026-03-31,Card payment 20,8,17.58,EUR
PM-STR01-03648,STR01,PF-STR01,2026-03-31,Card payment Master Card,1,1.95,EUR
PM-STR01-03649,STR01,PF-STR01,2026-03-31,Card payment VISA,2,2.0,EUR
PM-STR01-03650,STR01,PF-STR01,2026-04-01,Card payment 20,4,6.3,EUR
PM-STR01-03651,STR01,PF-STR01,2026-04-01,Card payment Master Card,1,2.9,EUR
PM-STR01-03652,STR01,PF-STR01,2026-04-02,Card payment 20,4,10.35,EUR
PM-STR01-03653,STR01,PF-STR01,2026-04-02,Card payment American Express,1,0.8,EUR
PM-STR01-03654,STR01,PF-STR01,2026-04-02,Card payment VISA,2,4.0,EUR
PM-STR01-03655,STR01,PF-STR01,2026-04-03,Card payment 20,1,0.5,EUR
PM-STR01-03656,STR01,PF-STR01,2026-04-03,Card payment American Express,1,3.93,EUR
PM-STR01-03657,STR01,PF-STR01,2026-04-03,Card payment VISA,1,0.25,EUR
PM-STR01-03658,STR01,PF-STR01,2026-04-05,Card payment 20,1,0.25,EUR
PM-STR01-03659,STR01,PF-STR01,2026-04-06,Card payment 10,1,0.08,EUR
PM-STR01-03660,STR01,PF-STR01,2026-04-06,Card payment 20,8,15.56,EUR
PM-STR01-03661,STR01,PF-STR01,2026-04-06,Card payment Master Card,1,2.9,EUR
PM-STR01-03662,STR01,PF-STR01,2026-04-07,Card payment,1,1.2,EUR
PM-STR01-03663,STR01,PF-STR01,2026-04-07,Card payment 10,1,3.1,EUR
PM-STR01-03664,STR01,PF-STR01,2026-04-07,Card payment 20,5,8.75,EUR
PM-STR01-03665,STR01,PF-STR01,2026-04-07,Card payment VISA,4,10.2,EUR
PM-STR01-03666,STR01,PF-STR01,2026-04-08,Card payment,1,14.8,EUR
PM-STR01-03667,STR01,PF-STR01,2026-04-08,Card payment 10,3,11.0,EUR
PM-STR01-03668,STR01,PF-STR01,2026-04-08,Card payment 20,2,8.39,EUR
PM-STR01-03669,STR01,PF-STR01,2026-04-08,Card payment Master Card,1,3.2,EUR
PM-STR01-03670,STR01,PF-STR01,2026-04-08,Card payment VISA,1,0.25,EUR
PM-STR01-03671,STR01,PF-STR01,2026-04-09,Card payment 20,5,11.11,EUR
PM-STR01-03672,STR01,PF-STR01,2026-04-09,Card payment VISA,1,3.95,EUR
PM-STR01-03673,STR01,PF-STR01,2026-04-10,Card payment 20,3,4.03,EUR
PM-STR01-03674,STR01,PF-STR01,2026-04-10,Card payment VISA,3,0.49,EUR
PM-STR01-03675,STR01,PF-STR01,2026-04-13,Card payment 20,3,6.35,EUR
PM-STR01-03676,STR01,PF-STR01,2026-04-13,Card payment Master Card,1,1.5,EUR
PM-STR01-03677,STR01,PF-STR01,2026-04-13,Card payment VISA,2,6.3,EUR
PM-STR01-03678,STR01,PF-STR01,2026-04-14,Card payment 20,8,13.2,EUR
PM-STR01-03679,STR01,PF-STR01,2026-04-14,Card payment American Express,1,1.2,EUR
PM-STR01-03680,STR01,PF-STR01,2026-04-14,Card payment Master Card,2,4.99,EUR
PM-STR01-03681,STR01,PF-STR01,2026-04-14,Card payment VISA,2,3.0,EUR
PM-STR01-03682,STR01,PF-STR01,2026-04-15,Card payment 10,1,3.5,EUR
PM-STR01-03683,STR01,PF-STR01,2026-04-15,Card payment 20,4,10.9,EUR
PM-STR01-03684,STR01,PF-STR01,2026-04-15,Card payment Master Card,1,1.7,EUR
PM-STR01-03685,STR01,PF-STR01,2026-04-15,Card payment VISA,3,5.65,EUR
PM-STR01-03686,STR01,PF-STR01,2026-04-16,Card payment 10,1,0.25,EUR
PM-STR01-03687,STR01,PF-STR01,2026-04-16,Card payment 20,6,10.93,EUR
PM-STR01-03688,STR01,PF-STR01,2026-04-16,Card payment Master Card,1,2.75,EUR
PM-STR01-03689,STR01,PF-STR01,2026-04-16,Card payment VISA,1,3.7,EUR
PM-STR01-03690,STR01,PF-STR01,2026-04-17,Card payment 10,1,3.6,EUR
PM-STR01-03691,STR01,PF-STR01,2026-04-17,Card payment 20,4,7.4,EUR
PM-STR01-03692,STR01,PF-STR01,2026-04-17,Card payment VISA,1,1.2,EUR
PM-STR01-03693,STR01,PF-STR01,2026-04-20,Card payment 20,2,3.41,EUR
PM-STR01-03694,STR01,PF-STR01,2026-04-20,Card payment VISA,1,4.5,EUR
PM-STR01-03695,STR01,PF-STR01,2026-04-21,Card payment 20,6,8.67,EUR
PM-STR01-03696,STR01,PF-STR01,2026-04-21,Card payment Master Card,1,0.25,EUR
PM-STR01-03697,STR01,PF-STR01,2026-04-21,Card payment VISA,4,8.97,EUR
PM-STR01-03698,STR01,PF-STR01,2026-04-22,Card payment 10,1,8.11,EUR
PM-STR01-03699,STR01,PF-STR01,2026-04-22,Card payment 20,14,35.33,EUR
PM-STR01-03700,STR01,PF-STR01,2026-04-22,Card payment Master Card,1,1.7,EUR
PM-STR01-03701,STR01,PF-STR01,2026-04-22,Card payment VISA,1,2.1,EUR
PM-STR01-03702,STR01,PF-STR01,2026-04-23,Card payment 20,4,7.13,EUR
PM-STR01-03703,STR01,PF-STR01,2026-04-23,Card payment VISA,4,10.51,EUR
PM-STR01-03704,STR01,PF-STR01,2026-04-24,Card payment 10,1,4.1,EUR
PM-STR01-03705,STR01,PF-STR01,2026-04-24,Card payment 20,4,28.59,EUR
PM-STR01-03706,STR01,PF-STR01,2026-04-24,Card payment Master Card,1,0.22,EUR
PM-STR01-03707,STR01,PF-STR01,2026-04-27,Card payment 10,1,0.25,EUR
PM-STR01-03708,STR01,PF-STR01,2026-04-27,Card payment 20,5,12.76,EUR
PM-STR01-03709,STR01,PF-STR01,2026-04-27,Card payment Master Card,1,2.88,EUR
PM-STR01-03710,STR01,PF-STR01,2026-04-28,Card payment 20,10,22.84,EUR
PM-STR01-03711,STR01,PF-STR01,2026-04-28,Card payment Master Card,1,1.98,EUR
PM-STR01-03712,STR01,PF-STR01,2026-04-29,Card payment 20,9,23.73,EUR
PM-STR01-03713,STR01,PF-STR01,2026-04-29,Card payment Master Card,1,1.6,EUR
PM-STR01-03714,STR01,PF-STR01,2026-04-29,Card payment VISA,2,6.75,EUR
PM-STR01-03715,STR01,PF-STR01,2026-04-30,Card payment 10,2,11.65,EUR
PM-STR01-03716,STR01,PF-STR01,2026-04-30,Card payment 20,9,17.66,EUR
PM-STR01-03717,STR01,PF-STR01,2026-04-30,Card payment Master Card,1,3.35,EUR
PM-STR01-03718,STR01,PF-STR01,2026-04-30,Card payment VISA,3,8.49,EUR
PM-STR01-03719,STR01,PF-STR01,2026-05-01,Card payment 10,1,0.25,EUR
PM-STR01-03720,STR01,PF-STR01,2026-05-01,Card payment 20,2,3.9,EUR
PM-STR01-03721,STR01,PF-STR01,2026-05-01,Card payment VISA,1,0.5,EUR
PM-STR01-03722,STR01,PF-STR01,2026-05-04,Card payment 20,2,1.7,EUR
PM-STR01-03723,STR01,PF-STR01,2026-05-04,Card payment Master Card,1,3.88,EUR
PM-STR01-03724,STR01,PF-STR01,2026-05-05,Card payment,1,1.7,EUR
PM-STR01-03725,STR01,PF-STR01,2026-05-05,Card payment 20,9,13.31,EUR
PM-STR01-03726,STR01,PF-STR01,2026-05-05,Card payment Master Card,1,4.05,EUR
PM-STR01-03727,STR01,PF-STR01,2026-05-05,Card payment VISA,3,5.0,EUR
PM-STR01-03728,STR01,PF-STR01,2026-05-06,Card payment,1,1.4,EUR
PM-STR01-03729,STR01,PF-STR01,2026-05-06,Card payment 10,1,2.5,EUR
PM-STR01-03730,STR01,PF-STR01,2026-05-06,Card payment 20,3,7.35,EUR
PM-STR01-03731,STR01,PF-STR01,2026-05-06,Card payment Master Card,1,0.08,EUR
PM-STR01-03732,STR01,PF-STR01,2026-05-06,Card payment VISA,1,1.7,EUR
PM-STR01-03733,STR01,PF-STR01,2026-05-07,Card payment 20,5,11.65,EUR
PM-STR01-03734,STR01,PF-STR01,2026-05-07,Card payment VISA,2,4.65,EUR
PM-STR01-03735,STR01,PF-STR01,2026-05-08,Card payment 10,1,0.25,EUR
PM-STR01-03736,STR01,PF-STR01,2026-05-08,Card payment 20,3,4.71,EUR
PM-STR01-03737,STR01,PF-STR01,2026-05-11,Card payment 20,8,13.73,EUR
PM-STR01-03738,STR01,PF-STR01,2026-05-11,Card payment Master Card,2,7.5,EUR
PM-STR01-03739,STR01,PF-STR01,2026-05-12,Card payment 10,1,0.15,EUR
PM-STR01-03740,STR01,PF-STR01,2026-05-12,Card payment 20,5,12.49,EUR
PM-STR01-03741,STR01,PF-STR01,2026-05-12,Card payment VISA,1,1.0,EUR
PM-STR01-03742,STR01,PF-STR01,2026-05-13,Card payment,1,1.0,EUR
PM-STR01-03743,STR01,PF-STR01,2026-05-13,Card payment 10,1,5.0,EUR
PM-STR01-03744,STR01,PF-STR01,2026-05-13,Card payment 20,4,4.2,EUR
PM-STR01-03745,STR01,PF-STR01,2026-05-13,Card payment American Express,1,1.5,EUR
PM-STR01-03746,STR01,PF-STR01,2026-05-13,Card payment VISA,1,0.33,EUR
PM-STR01-03747,STR01,PF-STR01,2026-05-14,Card payment 10,1,3.8,EUR
PM-STR01-03748,STR01,PF-STR01,2026-05-14,Card payment 20,2,4.28,EUR
PM-STR01-03749,STR01,PF-STR01,2026-05-14,Card payment Master Card,2,2.75,EUR
PM-STR01-03750,STR01,PF-STR01,2026-05-14,Card payment VISA,5,17.16,EUR
PM-STR01-03751,STR01,PF-STR01,2026-05-15,Card payment 10,1,1.95,EUR
PM-STR01-03752,STR01,PF-STR01,2026-05-15,Card payment 20,1,3.84,EUR
PM-STR01-03753,STR01,PF-STR01,2026-05-15,Card payment VISA,1,0.15,EUR
PM-STR01-03754,STR01,PF-STR01,2026-05-18,Card payment 10,1,3.3,EUR
PM-STR01-03755,STR01,PF-STR01,2026-05-18,Card payment 20,3,7.65,EUR
PM-STR01-03756,STR01,PF-STR01,2026-05-18,Card payment VISA,1,9.0,EUR
PM-STR01-03757,STR01,PF-STR01,2026-05-19,Card payment 20,10,26.46,EUR
PM-STR01-03758,STR01,PF-STR01,2026-05-19,Card payment American Express,1,1.4,EUR
PM-STR01-03759,STR01,PF-STR01,2026-05-19,Card payment VISA,1,4.4,EUR
PM-STR01-03760,STR01,PF-STR01,2026-05-20,Card payment 20,7,16.43,EUR
PM-STR01-03761,STR01,PF-STR01,2026-05-20,Card payment Master Card,1,1.95,EUR
PM-STR01-03762,STR01,PF-STR01,2026-05-20,Card payment VISA,2,5.16,EUR
PM-STR01-03763,STR01,PF-STR01,2026-05-21,Card payment 20,6,15.11,EUR
PM-STR01-03764,STR01,PF-STR01,2026-05-21,Card payment VISA,1,3.75,EUR
PM-STR01-03765,STR01,PF-STR01,2026-05-22,Card payment 20,3,6.48,EUR
PM-STR01-03766,STR01,PF-STR01,2026-05-25,Card payment,2,3.8,EUR
PM-STR01-03767,STR01,PF-STR01,2026-05-25,Card payment 20,8,10.33,EUR
PM-STR01-03768,STR01,PF-STR01,2026-05-25,Card payment Master Card,1,2.2,EUR
PM-STR01-03769,STR01,PF-STR01,2026-05-25,Card payment VISA,1,0.25,EUR
PM-STR01-03770,STR01,PF-STR01,2026-05-26,Card payment,1,1.2,EUR
PM-STR01-03771,STR01,PF-STR01,2026-05-26,Card payment 20,6,4.67,EUR
PM-STR01-03772,STR01,PF-STR01,2026-05-26,Card payment Master Card,1,2.2,EUR
PM-STR01-03773,STR01,PF-STR01,2026-05-26,Card payment VISA,5,12.18,EUR
PM-STR01-03774,STR01,PF-STR01,2026-05-27,Card payment 20,8,18.56,EUR
PM-STR01-03775,STR01,PF-STR01,2026-05-27,Card payment VISA,2,5.4,EUR
PM-STR01-03776,STR01,PF-STR01,2026-05-28,Card payment 20,3,10.86,EUR
PM-STR01-03777,STR01,PF-STR01,2026-05-28,Card payment American Express,1,3.9,EUR
PM-STR01-03778,STR01,PF-STR01,2026-05-28,Card payment Master Card,3,2.28,EUR
PM-STR01-03779,STR01,PF-STR01,2026-05-29,Card payment,1,2.5,EUR
PM-STR01-03780,STR01,PF-STR01,2026-05-29,Card payment 20,3,1.67,EUR
PM-STR01-03781,STR01,PF-STR01,2026-05-29,Card payment Master Card,1,1.7,EUR
PM-STR01-03782,STR01,PF-STR01,2026-05-29,Card payment VISA,3,7.6,EUR
PM-STR01-03783,STR01,PF-STR01,2026-05-31,Card payment 20,1,1.95,EUR
PM-STR01-03784,STR01,PF-STR01,2026-06-01,Card payment 10,1,2.11,EUR
PM-STR01-03785,STR01,PF-STR01,2026-06-01,Card payment 20,6,17.81,EUR
PM-STR01-03786,STR01,PF-STR01,2026-06-01,Card payment Master Card,1,1.2,EUR
PM-STR01-03787,STR01,PF-STR01,2026-06-02,Card payment 20,7,15.28,EUR
PM-STR01-03788,STR01,PF-STR01,2026-06-02,Card payment Master Card,1,3.3,EUR
PM-STR01-03789,STR01,PF-STR01,2026-06-03,Card payment 20,7,16.63,EUR
PM-STR01-03790,STR01,PF-STR01,2026-06-03,Card payment Master Card,2,6.15,EUR
PM-STR01-03791,STR01,PF-STR01,2026-06-03,Card payment VISA,2,1.35,EUR
PM-STR01-03792,STR01,PF-STR01,2026-06-04,Card payment 10,2,3.2,EUR
PM-STR01-03793,STR01,PF-STR01,2026-06-04,Card payment 20,5,5.71,EUR
PM-STR01-03794,STR01,PF-STR01,2026-06-04,Card payment VISA,1,2.5,EUR
PM-STR01-03795,STR01,PF-STR01,2026-06-05,Card payment 20,4,18.0,EUR
PM-STR01-03796,STR01,PF-STR01,2026-06-05,Card payment VISA,1,5.7,EUR
PM-STR01-03797,STR01,PF-STR01,2026-06-08,Card payment 20,5,11.57,EUR
PM-STR01-03798,STR01,PF-STR01,2026-06-08,Card payment Master Card,2,1.75,EUR
PM-STR01-03799,STR01,PF-STR01,2026-06-08,Card payment VISA,2,1.78,EUR
PM-STR01-03800,STR01,PF-STR01,2026-06-09,Card payment,1,0.25,EUR
PM-STR01-03801,STR01,PF-STR01,2026-06-09,Card payment 20,7,11.32,EUR
PM-STR01-03802,STR01,PF-STR01,2026-06-09,Card payment Master Card,2,7.5,EUR
PM-STR01-03803,STR01,PF-STR01,2026-06-09,Card payment VISA,1,3.15,EUR
PM-STR01-03804,STR01,PF-STR01,2026-06-10,Card payment 10,1,0.08,EUR
PM-STR01-03805,STR01,PF-STR01,2026-06-10,Card payment 20,9,26.4,EUR
PM-STR01-03806,STR01,PF-STR01,2026-06-11,Card payment 20,6,7.25,EUR
PM-STR01-03807,STR01,PF-STR01,2026-06-11,Card payment Master Card,2,4.6,EUR
PM-STR01-03808,STR01,PF-STR01,2026-06-11,Card payment VISA,2,9.4,EUR
PM-STR01-03809,STR01,PF-STR01,2026-06-12,Card payment 20,4,6.16,EUR
PM-STR01-03810,STR01,PF-STR01,2026-06-12,Card payment Master Card,2,6.3,EUR
PM-STR01-03811,STR01,PF-STR01,2026-06-12,Card payment VISA,1,4.4,EUR
PM-STR01-03812,STR01,PF-STR01,2026-06-14,Card payment VISA,1,1.7,EUR
PM-STR01-03813,STR01,PF-STR01,2026-06-15,Card payment 10,1,2.7,EUR
PM-STR01-03814,STR01,PF-STR01,2026-06-15,Card payment 20,3,4.1,EUR
PM-STR01-03815,STR01,PF-STR01,2026-06-15,Card payment Master Card,2,1.85,EUR
PM-STR01-03816,STR01,PF-STR01,2026-06-16,Card payment 20,6,10.82,EUR
PM-STR01-03817,STR01,PF-STR01,2026-06-16,Card payment Master Card,2,5.43,EUR
PM-STR01-03818,STR01,PF-STR01,2026-06-16,Card payment VISA,3,5.85,EUR
PM-STR01-03819,STR01,PF-STR01,2026-06-17,Card payment,1,0.25,EUR
PM-STR01-03820,STR01,PF-STR01,2026-06-17,Card payment 10,2,8.15,EUR
PM-STR01-03821,STR01,PF-STR01,2026-06-17,Card payment 20,7,18.88,EUR
PM-STR01-03822,STR01,PF-STR01,2026-06-17,Card payment Master Card,1,0.15,EUR
PM-STR01-03823,STR01,PF-STR01,2026-06-17,Card payment VISA,1,2.26,EUR
PM-STR01-03824,STR01,PF-STR01,2026-06-18,Card payment 20,4,10.55,EUR
PM-STR01-03825,STR01,PF-STR01,2026-06-18,Card payment Master Card,1,1.7,EUR
PM-STR01-03826,STR01,PF-STR01,2026-06-19,Card payment 20,4,6.95,EUR
PM-STR01-03827,STR01,PF-STR01,2026-06-19,Card payment Master Card,1,2.0,EUR
PM-STR01-03828,STR01,PF-STR01,2026-06-22,Card payment 10,1,1.95,EUR
PM-STR01-03829,STR01,PF-STR01,2026-06-22,Card payment 20,4,17.6,EUR
PM-STR01-03830,STR01,PF-STR01,2026-06-22,Card payment VISA,2,5.09,EUR
PM-STR01-03831,STR01,PF-STR01,2026-06-23,Card payment,1,3.95,EUR
PM-STR01-03832,STR01,PF-STR01,2026-06-23,Card payment 10,1,1.95,EUR
PM-STR01-03833,STR01,PF-STR01,2026-06-23,Card payment 20,7,20.64,EUR
PM-STR01-03834,STR01,PF-STR01,2026-06-23,Card payment Master Card,1,0.15,EUR
PM-STR01-03835,STR01,PF-STR01,2026-06-23,Card payment VISA,4,7.33,EUR
PM-STR01-03836,STR01,PF-STR01,2026-06-24,Card payment,1,2.5,EUR
PM-STR01-03837,STR01,PF-STR01,2026-06-24,Card payment 20,6,16.38,EUR
PM-STR01-03838,STR01,PF-STR01,2026-06-24,Card payment Master Card,1,3.2,EUR
PM-STR01-03839,STR01,PF-STR01,2026-06-24,Card payment VISA,2,0.4,EUR
PM-STR01-03840,STR01,PF-STR01,2026-06-25,Card payment 20,5,26.46,EUR
PM-STR01-03841,STR01,PF-STR01,2026-06-26,Card payment 20,6,31.6,EUR
PM-STR01-03842,STR01,PF-STR01,2026-06-26,Card payment Master Card,1,1.65,EUR
PM-STR01-03843,STR01,PF-STR01,2026-06-29,Card payment 10,1,6.9,EUR
PM-STR01-03844,STR01,PF-STR01,2026-06-29,Card payment 20,8,15.63,EUR
PM-STR01-03845,STR01,PF-STR01,2026-06-29,Card payment VISA,1,2.58,EUR
PM-STR01-03846,STR01,PF-STR01,2026-06-30,Card payment,1,7.17,EUR
PM-STR01-03847,STR01,PF-STR01,2026-06-30,Card payment 10,1,0.15,EUR
PM-STR01-03848,STR01,PF-STR01,2026-06-30,Card payment 20,8,14.26,EUR
PM-STR01-03849,STR01,PF-STR01,2026-06-30,Card payment VISA,5,14.7,EUR
PM-STR01-03850,STR01,PF-STR01,2026-07-01,Card payment 10,2,6.36,EUR
PM-STR01-03851,STR01,PF-STR01,2026-07-01,Card payment 20,3,13.37,EUR
PM-STR01-03852,STR01,PF-STR01,2026-07-01,Card payment Master Card,1,2.5,EUR
PM-STR01-03853,STR01,PF-STR01,2026-07-01,Card payment VISA,1,2.9,EUR
PM-STR01-03854,STR01,PF-STR01,2026-07-02,Card payment 20,5,27.3,EUR
PM-STR01-03855,STR01,PF-STR01,2026-07-02,Card payment VISA,2,30.04,EUR
PM-STR01-03856,STR01,PF-STR01,2026-07-03,Card payment 10,1,1.2,EUR
PM-STR01-03857,STR01,PF-STR01,2026-07-03,Card payment 20,5,8.5,EUR
PM-STR01-03858,STR01,SM-STR01,2026-01-01,Card payment 20,5,8.78,EUR
PM-STR01-03859,STR01,SM-STR01,2026-01-02,Card payment 20,1,1.7,EUR
PM-STR01-03860,STR01,SM-STR01,2026-01-05,Card payment 20,2,1.25,EUR
PM-STR01-03861,STR01,SM-STR01,2026-01-05,Card payment VISA,1,2.5,EUR
PM-STR01-03862,STR01,SM-STR01,2026-01-06,Card payment,1,1.7,EUR
PM-STR01-03863,STR01,SM-STR01,2026-01-06,Card payment 20,1,1.95,EUR
PM-STR01-03864,STR01,SM-STR01,2026-01-06,Card payment Master Card,1,5.0,EUR
PM-STR01-03865,STR01,SM-STR01,2026-01-07,Card payment 10,1,0.25,EUR
PM-STR01-03866,STR01,SM-STR01,2026-01-07,Card payment 20,5,12.6,EUR
PM-STR01-03867,STR01,SM-STR01,2026-01-08,Card payment,1,2.5,EUR
PM-STR01-03868,STR01,SM-STR01,2026-01-08,Card payment 20,3,3.76,EUR
PM-STR01-03869,STR01,SM-STR01,2026-01-08,Card payment Master Card,2,2.07,EUR
PM-STR01-03870,STR01,SM-STR01,2026-01-08,Card payment VISA,1,1.0,EUR
PM-STR01-03871,STR01,SM-STR01,2026-01-09,Card payment,1,0.25,EUR
PM-STR01-03872,STR01,SM-STR01,2026-01-09,Card payment 10,1,1.5,EUR
PM-STR01-03873,STR01,SM-STR01,2026-01-09,Card payment 20,1,1.2,EUR
PM-STR01-03874,STR01,SM-STR01,2026-01-09,Card payment VISA,1,0.25,EUR
PM-STR01-03875,STR01,SM-STR01,2026-01-12,Card payment 20,3,7.0,EUR
PM-STR01-03876,STR01,SM-STR01,2026-01-12,Card payment VISA,2,4.45,EUR
PM-STR01-03877,STR01,SM-STR01,2026-01-13,Card payment 20,3,8.48,EUR
PM-STR01-03878,STR01,SM-STR01,2026-01-14,Card payment 20,2,10.7,EUR
PM-STR01-03879,STR01,SM-STR01,2026-01-14,Card payment VISA,1,0.5,EUR
PM-STR01-03880,STR01,SM-STR01,2026-01-15,Card payment 20,1,0.21,EUR
PM-STR01-03881,STR01,SM-STR01,2026-01-15,Card payment VISA,1,1.0,EUR
PM-STR01-03882,STR01,SM-STR01,2026-01-16,Card payment 20,1,1.64,EUR
PM-STR01-03883,STR01,SM-STR01,2026-01-16,Card payment Master Card,1,4.2,EUR
PM-STR01-03884,STR01,SM-STR01,2026-01-19,Card payment 20,2,3.55,EUR
PM-STR01-03885,STR01,SM-STR01,2026-01-19,Card payment VISA,2,3.91,EUR
PM-STR01-03886,STR01,SM-STR01,2026-01-20,Card payment 20,3,3.9,EUR
PM-STR01-03887,STR01,SM-STR01,2026-01-20,Card payment VISA,2,2.6,EUR
PM-STR01-03888,STR01,SM-STR01,2026-01-21,Card payment 10,1,2.2,EUR
PM-STR01-03889,STR01,SM-STR01,2026-01-21,Card payment 20,5,8.5,EUR
PM-STR01-03890,STR01,SM-STR01,2026-01-21,Card payment VISA,1,6.1,EUR
PM-STR01-03891,STR01,SM-STR01,2026-01-22,Card payment,1,3.55,EUR
PM-STR01-03892,STR01,SM-STR01,2026-01-22,Card payment 20,5,6.35,EUR
PM-STR01-03893,STR01,SM-STR01,2026-01-22,Card payment VISA,1,3.1,EUR
PM-STR01-03894,STR01,SM-STR01,2026-01-23,Card payment,1,1.2,EUR
PM-STR01-03895,STR01,SM-STR01,2026-01-23,Card payment 20,2,2.28,EUR
PM-STR01-03896,STR01,SM-STR01,2026-01-23,Card payment Master Card,3,7.6,EUR
PM-STR01-03897,STR01,SM-STR01,2026-01-26,Card payment,1,4.59,EUR
PM-STR01-03898,STR01,SM-STR01,2026-01-26,Card payment 20,3,13.95,EUR
PM-STR01-03899,STR01,SM-STR01,2026-01-26,Card payment Master Card,2,3.52,EUR
PM-STR01-03900,STR01,SM-STR01,2026-01-27,Card payment 20,3,3.19,EUR
PM-STR01-03901,STR01,SM-STR01,2026-01-27,Card payment Master Card,1,44.0,EUR
PM-STR01-03902,STR01,SM-STR01,2026-01-28,Card payment 10,1,6.56,EUR
PM-STR01-03903,STR01,SM-STR01,2026-01-28,Card payment 20,5,10.65,EUR
PM-STR01-03904,STR01,SM-STR01,2026-01-28,Card payment VISA,2,4.1,EUR
PM-STR01-03905,STR01,SM-STR01,2026-01-29,Card payment 20,2,7.8,EUR
PM-STR01-03906,STR01,SM-STR01,2026-01-29,Card payment Master Card,2,4.45,EUR
PM-STR01-03907,STR01,SM-STR01,2026-01-29,Card payment VISA,2,0.4,EUR
PM-STR01-03908,STR01,SM-STR01,2026-02-02,Card payment 20,2,2.35,EUR
PM-STR01-03909,STR01,SM-STR01,2026-02-02,Card payment VISA,2,2.96,EUR
PM-STR01-03910,STR01,SM-STR01,2026-02-03,Card payment,1,1.0,EUR
PM-STR01-03911,STR01,SM-STR01,2026-02-03,Card payment 20,3,6.02,EUR
PM-STR01-03912,STR01,SM-STR01,2026-02-03,Card payment Master Card,1,3.8,EUR
PM-STR01-03913,STR01,SM-STR01,2026-02-04,Card payment 20,1,1.73,EUR
PM-STR01-03914,STR01,SM-STR01,2026-02-04,Card payment VISA,1,1.2,EUR
PM-STR01-03915,STR01,SM-STR01,2026-02-05,Card payment 10,1,1.0,EUR
PM-STR01-03916,STR01,SM-STR01,2026-02-05,Card payment 20,4,9.08,EUR
PM-STR01-03917,STR01,SM-STR01,2026-02-05,Card payment VISA,1,8.77,EUR
PM-STR01-03918,STR01,SM-STR01,2026-02-06,Card payment 10,1,1.75,EUR
PM-STR01-03919,STR01,SM-STR01,2026-02-06,Card payment 20,1,1.0,EUR
PM-STR01-03920,STR01,SM-STR01,2026-02-06,Card payment Master Card,1,2.0,EUR
PM-STR01-03921,STR01,SM-STR01,2026-02-06,Card payment VISA,1,2.5,EUR
PM-STR01-03922,STR01,SM-STR01,2026-02-09,Card payment 20,1,3.6,EUR
PM-STR01-03923,STR01,SM-STR01,2026-02-09,Card payment Master Card,1,5.01,EUR
PM-STR01-03924,STR01,SM-STR01,2026-02-10,Card payment 20,3,10.15,EUR
PM-STR01-03925,STR01,SM-STR01,2026-02-10,Card payment VISA,2,2.95,EUR
PM-STR01-03926,STR01,SM-STR01,2026-02-11,Card payment 20,6,9.94,EUR
PM-STR01-03927,STR01,SM-STR01,2026-02-11,Card payment VISA,3,2.78,EUR
PM-STR01-03928,STR01,SM-STR01,2026-02-12,Card payment,1,8.03,EUR
PM-STR01-03929,STR01,SM-STR01,2026-02-12,Card payment 20,3,4.94,EUR
PM-STR01-03930,STR01,SM-STR01,2026-02-12,Card payment VISA,1,1.6,EUR
PM-STR01-03931,STR01,SM-STR01,2026-02-13,Card payment 20,2,2.17,EUR
PM-STR01-03932,STR01,SM-STR01,2026-02-16,Card payment 20,3,3.77,EUR
PM-STR01-03933,STR01,SM-STR01,2026-02-16,Card payment Master Card,1,1.8,EUR
PM-STR01-03934,STR01,SM-STR01,2026-02-17,Card payment 20,2,8.6,EUR
PM-STR01-03935,STR01,SM-STR01,2026-02-17,Card payment Master Card,1,2.0,EUR
PM-STR01-03936,STR01,SM-STR01,2026-02-18,Card payment 20,4,7.13,EUR
PM-STR01-03937,STR01,SM-STR01,2026-02-18,Card payment Master Card,2,6.6,EUR
PM-STR01-03938,STR01,SM-STR01,2026-02-18,Card payment VISA,1,2.95,EUR
PM-STR01-03939,STR01,SM-STR01,2026-02-19,Card payment 10,2,3.7,EUR
PM-STR01-03940,STR01,SM-STR01,2026-02-19,Card payment 20,1,5.7,EUR
PM-STR01-03941,STR01,SM-STR01,2026-02-20,Card payment 20,2,2.75,EUR
PM-STR01-03942,STR01,SM-STR01,2026-02-20,Card payment VISA,1,2.2,EUR
PM-STR01-03943,STR01,SM-STR01,2026-02-24,Card payment 20,3,4.75,EUR
PM-STR01-03944,STR01,SM-STR01,2026-02-24,Card payment VISA,1,1.7,EUR
PM-STR01-03945,STR01,SM-STR01,2026-02-25,Card payment 20,3,8.69,EUR
PM-STR01-03946,STR01,SM-STR01,2026-02-25,Card payment VISA,1,0.08,EUR
PM-STR01-03947,STR01,SM-STR01,2026-02-26,Card payment 20,3,6.65,EUR
PM-STR01-03948,STR01,SM-STR01,2026-02-26,Card payment VISA,1,4.3,EUR
PM-STR01-03949,STR01,SM-STR01,2026-02-27,Card payment 10,1,0.25,EUR
PM-STR01-03950,STR01,SM-STR01,2026-02-27,Card payment 20,1,0.25,EUR
PM-STR01-03951,STR01,SM-STR01,2026-02-27,Card payment VISA,1,0.25,EUR
PM-STR01-03952,STR01,SM-STR01,2026-03-02,Card payment 20,5,9.85,EUR
PM-STR01-03953,STR01,SM-STR01,2026-03-02,Card payment VISA,1,2.7,EUR
PM-STR01-03954,STR01,SM-STR01,2026-03-03,Card payment 20,6,13.95,EUR
PM-STR01-03955,STR01,SM-STR01,2026-03-03,Card payment VISA,1,1.7,EUR
PM-STR01-03956,STR01,SM-STR01,2026-03-04,Card payment 20,4,7.5,EUR
PM-STR01-03957,STR01,SM-STR01,2026-03-04,Card payment Master Card,1,0.25,EUR
PM-STR01-03958,STR01,SM-STR01,2026-03-05,Card payment,1,1.8,EUR
PM-STR01-03959,STR01,SM-STR01,2026-03-05,Card payment 20,2,2.5,EUR
PM-STR01-03960,STR01,SM-STR01,2026-03-06,Card payment 20,1,2.7,EUR
PM-STR01-03961,STR01,SM-STR01,2026-03-06,Card payment Master Card,1,0.5,EUR
PM-STR01-03962,STR01,SM-STR01,2026-03-08,Card payment 20,1,1.95,EUR
PM-STR01-03963,STR01,SM-STR01,2026-03-09,Card payment 20,5,4.55,EUR
PM-STR01-03964,STR01,SM-STR01,2026-03-09,Card payment American Express,1,1.95,EUR
PM-STR01-03965,STR01,SM-STR01,2026-03-09,Card payment VISA,1,2.5,EUR
PM-STR01-03966,STR01,SM-STR01,2026-03-10,Card payment 10,2,7.77,EUR
PM-STR01-03967,STR01,SM-STR01,2026-03-10,Card payment 20,3,14.44,EUR
PM-STR01-03968,STR01,SM-STR01,2026-03-11,Card payment 20,4,6.92,EUR
PM-STR01-03969,STR01,SM-STR01,2026-03-11,Card payment Master Card,1,1.0,EUR
PM-STR01-03970,STR01,SM-STR01,2026-03-11,Card payment VISA,2,4.1,EUR
PM-STR01-03971,STR01,SM-STR01,2026-03-12,Card payment 20,2,14.4,EUR
PM-STR01-03972,STR01,SM-STR01,2026-03-13,Card payment 20,2,3.5,EUR
PM-STR01-03973,STR01,SM-STR01,2026-03-13,Card payment VISA,1,0.15,EUR
PM-STR01-03974,STR01,SM-STR01,2026-03-16,Card payment 10,1,0.25,EUR
PM-STR01-03975,STR01,SM-STR01,2026-03-16,Card payment 20,2,3.37,EUR
PM-STR01-03976,STR01,SM-STR01,2026-03-16,Card payment VISA,2,4.0,EUR
PM-STR01-03977,STR01,SM-STR01,2026-03-17,Card payment Master Card,1,3.35,EUR
PM-STR01-03978,STR01,SM-STR01,2026-03-17,Card payment VISA,1,2.5,EUR
PM-STR01-03979,STR01,SM-STR01,2026-03-18,Card payment 20,4,5.15,EUR
PM-STR01-03980,STR01,SM-STR01,2026-03-18,Card payment Master Card,1,5.0,EUR
PM-STR01-03981,STR01,SM-STR01,2026-03-19,Card payment 20,4,7.95,EUR
PM-STR01-03982,STR01,SM-STR01,2026-03-19,Card payment VISA,1,2.5,EUR
PM-STR01-03983,STR01,SM-STR01,2026-03-20,Card payment Master Card,1,1.5,EUR
PM-STR01-03984,STR01,SM-STR01,2026-03-22,Card payment 20,1,1.95,EUR
PM-STR01-03985,STR01,SM-STR01,2026-03-23,Card payment 20,2,1.7,EUR
PM-STR01-03986,STR01,SM-STR01,2026-03-24,Card payment 10,1,3.75,EUR
PM-STR01-03987,STR01,SM-STR01,2026-03-24,Card payment 20,4,8.85,EUR
PM-STR01-03988,STR01,SM-STR01,2026-03-24,Card payment Master Card,1,9.4,EUR
PM-STR01-03989,STR01,SM-STR01,2026-03-25,Card payment 20,2,6.4,EUR
PM-STR01-03990,STR01,SM-STR01,2026-03-25,Card payment VISA,1,5.39,EUR
PM-STR01-03991,STR01,SM-STR01,2026-03-26,Card payment 20,1,3.85,EUR
PM-STR01-03992,STR01,SM-STR01,2026-03-26,Card payment Master Card,1,0.25,EUR
PM-STR01-03993,STR01,SM-STR01,2026-03-27,Card payment 20,1,2.15,EUR
PM-STR01-03994,STR01,SM-STR01,2026-03-30,Card payment 20,3,3.8,EUR
PM-STR01-03995,STR01,SM-STR01,2026-03-30,Card payment VISA,1,3.5,EUR
PM-STR01-03996,STR01,SM-STR01,2026-03-31,Card payment 20,2,6.55,EUR
PM-STR01-03997,STR01,SM-STR01,2026-03-31,Card payment VISA,1,1.92,EUR
PM-STR01-03998,STR01,SM-STR01,2026-04-01,Card payment 10,1,1.58,EUR
PM-STR01-03999,STR01,SM-STR01,2026-04-01,Card payment 20,4,11.35,EUR
PM-STR01-04000,STR01,SM-STR01,2026-04-01,Card payment VISA,1,1.0,EUR
PM-STR01-04001,STR01,SM-STR01,2026-04-02,Card payment 20,3,8.78,EUR
PM-STR01-04002,STR01,SM-STR01,2026-04-02,Card payment VISA,2,6.41,EUR
PM-STR01-04003,STR01,SM-STR01,2026-04-03,Card payment 20,2,4.0,EUR
PM-STR01-04004,STR01,SM-STR01,2026-04-03,Card payment VISA,1,1.8,EUR
PM-STR01-04005,STR01,SM-STR01,2026-04-06,Card payment 20,3,7.6,EUR
PM-STR01-04006,STR01,SM-STR01,2026-04-07,Card payment 20,3,6.25,EUR
PM-STR01-04007,STR01,SM-STR01,2026-04-07,Card payment Master Card,1,3.1,EUR
PM-STR01-04008,STR01,SM-STR01,2026-04-07,Card payment VISA,2,5.03,EUR
PM-STR01-04009,STR01,SM-STR01,2026-04-08,Card payment,1,3.32,EUR
PM-STR01-04010,STR01,SM-STR01,2026-04-08,Card payment 20,2,5.45,EUR
PM-STR01-04011,STR01,SM-STR01,2026-04-08,Card payment VISA,1,2.7,EUR
PM-STR01-04012,STR01,SM-STR01,2026-04-09,Card payment 20,4,7.44,EUR
PM-STR01-04013,STR01,SM-STR01,2026-04-10,Card payment 20,2,1.4,EUR
PM-STR01-04014,STR01,SM-STR01,2026-04-10,Card payment VISA,2,6.2,EUR
PM-STR01-04015,STR01,SM-STR01,2026-04-13,Card payment 20,4,14.3,EUR
PM-STR01-04016,STR01,SM-STR01,2026-04-13,Card payment Master Card,1,2.5,EUR
PM-STR01-04017,STR01,SM-STR01,2026-04-14,Card payment 20,2,6.85,EUR
PM-STR01-04018,STR01,SM-STR01,2026-04-15,Card payment 20,7,16.98,EUR
PM-STR01-04019,STR01,SM-STR01,2026-04-15,Card payment VISA,1,0.25,EUR
PM-STR01-04020,STR01,SM-STR01,2026-04-16,Card payment 20,3,3.4,EUR
PM-STR01-04021,STR01,SM-STR01,2026-04-17,Card payment 20,1,0.25,EUR
PM-STR01-04022,STR01,SM-STR01,2026-04-17,Card payment VISA,1,1.0,EUR
PM-STR01-04023,STR01,SM-STR01,2026-04-20,Card payment 20,2,4.62,EUR
PM-STR01-04024,STR01,SM-STR01,2026-04-21,Card payment 20,4,11.12,EUR
PM-STR01-04025,STR01,SM-STR01,2026-04-21,Card payment Master Card,1,3.9,EUR
PM-STR01-04026,STR01,SM-STR01,2026-04-21,Card payment VISA,1,0.25,EUR
PM-STR01-04027,STR01,SM-STR01,2026-04-22,Card payment 20,2,1.25,EUR
PM-STR01-04028,STR01,SM-STR01,2026-04-22,Card payment Master Card,1,3.49,EUR
PM-STR01-04029,STR01,SM-STR01,2026-04-22,Card payment VISA,1,0.25,EUR
PM-STR01-04030,STR01,SM-STR01,2026-04-23,Card payment 20,4,12.0,EUR
PM-STR01-04031,STR01,SM-STR01,2026-04-24,Card payment 10,1,2.7,EUR
PM-STR01-04032,STR01,SM-STR01,2026-04-24,Card payment 20,3,2.25,EUR
PM-STR01-04033,STR01,SM-STR01,2026-04-27,Card payment 20,2,10.35,EUR
PM-STR01-04034,STR01,SM-STR01,2026-04-27,Card payment VISA,1,2.5,EUR
PM-STR01-04035,STR01,SM-STR01,2026-04-28,Card payment 10,1,2.9,EUR
PM-STR01-04036,STR01,SM-STR01,2026-04-28,Card payment 20,6,14.16,EUR
PM-STR01-04037,STR01,SM-STR01,2026-04-29,Card payment,1,2.7,EUR
PM-STR01-04038,STR01,SM-STR01,2026-04-29,Card payment 20,5,8.36,EUR
PM-STR01-04039,STR01,SM-STR01,2026-04-29,Card payment VISA,1,1.5,EUR
PM-STR01-04040,STR01,SM-STR01,2026-04-30,Card payment 10,1,1.0,EUR
PM-STR01-04041,STR01,SM-STR01,2026-04-30,Card payment Master Card,1,3.4,EUR
PM-STR01-04042,STR01,SM-STR01,2026-05-01,Card payment 20,1,1.9,EUR
PM-STR01-04043,STR01,SM-STR01,2026-05-01,Card payment VISA,2,1.75,EUR
PM-STR01-04044,STR01,SM-STR01,2026-05-04,Card payment 20,2,4.2,EUR
PM-STR01-04045,STR01,SM-STR01,2026-05-04,Card payment Master Card,1,2.9,EUR
PM-STR01-04046,STR01,SM-STR01,2026-05-04,Card payment VISA,2,4.26,EUR
PM-STR01-04047,STR01,SM-STR01,2026-05-05,Card payment 10,1,1.28,EUR
PM-STR01-04048,STR01,SM-STR01,2026-05-05,Card payment 20,2,5.2,EUR
PM-STR01-04049,STR01,SM-STR01,2026-05-06,Card payment 20,7,15.74,EUR
PM-STR01-04050,STR01,SM-STR01,2026-05-07,Card payment,1,2.2,EUR
PM-STR01-04051,STR01,SM-STR01,2026-05-07,Card payment 20,3,9.37,EUR
PM-STR01-04052,STR01,SM-STR01,2026-05-07,Card payment VISA,1,1.0,EUR
PM-STR01-04053,STR01,SM-STR01,2026-05-08,Card payment,1,2.5,EUR
PM-STR01-04054,STR01,SM-STR01,2026-05-08,Card payment 20,1,1.0,EUR
PM-STR01-04055,STR01,SM-STR01,2026-05-08,Card payment VISA,1,1.28,EUR
PM-STR01-04056,STR01,SM-STR01,2026-05-11,Card payment Master Card,1,2.0,EUR
PM-STR01-04057,STR01,SM-STR01,2026-05-11,Card payment VISA,3,11.09,EUR
PM-STR01-04058,STR01,SM-STR01,2026-05-12,Card payment 20,2,6.14,EUR
PM-STR01-04059,STR01,SM-STR01,2026-05-12,Card payment Master Card,1,0.25,EUR
PM-STR01-04060,STR01,SM-STR01,2026-05-12,Card payment VISA,2,2.8,EUR
PM-STR01-04061,STR01,SM-STR01,2026-05-13,Card payment 20,3,12.86,EUR
PM-STR01-04062,STR01,SM-STR01,2026-05-13,Card payment VISA,1,1.6,EUR
PM-STR01-04063,STR01,SM-STR01,2026-05-14,Card payment 20,2,10.07,EUR
PM-STR01-04064,STR01,SM-STR01,2026-05-14,Card payment VISA,1,0.15,EUR
PM-STR01-04065,STR01,SM-STR01,2026-05-15,Card payment 20,4,8.55,EUR
PM-STR01-04066,STR01,SM-STR01,2026-05-18,Card payment 20,3,6.65,EUR
PM-STR01-04067,STR01,SM-STR01,2026-05-19,Card payment 20,4,4.23,EUR
PM-STR01-04068,STR01,SM-STR01,2026-05-19,Card payment VISA,1,2.0,EUR
PM-STR01-04069,STR01,SM-STR01,2026-05-20,Card payment 20,6,6.36,EUR
PM-STR01-04070,STR01,SM-STR01,2026-05-21,Card payment 20,2,4.63,EUR
PM-STR01-04071,STR01,SM-STR01,2026-05-21,Card payment Master Card,1,5.4,EUR
PM-STR01-04072,STR01,SM-STR01,2026-05-22,Card payment 20,1,1.7,EUR
PM-STR01-04073,STR01,SM-STR01,2026-05-22,Card payment Master Card,1,2.5,EUR
PM-STR01-04074,STR01,SM-STR01,2026-05-24,Card payment Master Card,1,1.7,EUR
PM-STR01-04075,STR01,SM-STR01,2026-05-25,Card payment 20,3,7.75,EUR
PM-STR01-04076,STR01,SM-STR01,2026-05-26,Card payment 20,5,16.5,EUR
PM-STR01-04077,STR01,SM-STR01,2026-05-26,Card payment Master Card,1,2.2,EUR
PM-STR01-04078,STR01,SM-STR01,2026-05-26,Card payment VISA,1,1.74,EUR
PM-STR01-04079,STR01,SM-STR01,2026-05-27,Card payment 20,3,8.75,EUR
PM-STR01-04080,STR01,SM-STR01,2026-05-27,Card payment VISA,4,16.46,EUR
PM-STR01-04081,STR01,SM-STR01,2026-05-28,Card payment 20,2,2.25,EUR
PM-STR01-04082,STR01,SM-STR01,2026-05-28,Card payment Master Card,1,1.57,EUR
PM-STR01-04083,STR01,SM-STR01,2026-05-28,Card payment VISA,2,4.1,EUR
PM-STR01-04084,STR01,SM-STR01,2026-05-29,Card payment 10,1,1.01,EUR
PM-STR01-04085,STR01,SM-STR01,2026-05-29,Card payment 20,5,10.82,EUR
PM-STR01-04086,STR01,SM-STR01,2026-06-01,Card payment Master Card,1,5.85,EUR
PM-STR01-04087,STR01,SM-STR01,2026-06-01,Card payment VISA,2,3.9,EUR
PM-STR01-04088,STR01,SM-STR01,2026-06-02,Card payment 20,3,5.69,EUR
PM-STR01-04089,STR01,SM-STR01,2026-06-02,Card payment Master Card,1,2.5,EUR
PM-STR01-04090,STR01,SM-STR01,2026-06-02,Card payment VISA,1,1.7,EUR
PM-STR01-04091,STR01,SM-STR01,2026-06-03,Card payment 10,1,2.0,EUR
PM-STR01-04092,STR01,SM-STR01,2026-06-03,Card payment 20,5,14.76,EUR
PM-STR01-04093,STR01,SM-STR01,2026-06-03,Card payment VISA,1,0.2,EUR
PM-STR01-04094,STR01,SM-STR01,2026-06-04,Card payment 20,5,10.35,EUR
PM-STR01-04095,STR01,SM-STR01,2026-06-04,Card payment VISA,1,0.25,EUR
PM-STR01-04096,STR01,SM-STR01,2026-06-08,Card payment 20,2,4.75,EUR
PM-STR01-04097,STR01,SM-STR01,2026-06-08,Card payment Master Card,1,1.95,EUR
PM-STR01-04098,STR01,SM-STR01,2026-06-09,Card payment 20,6,13.55,EUR
PM-STR01-04099,STR01,SM-STR01,2026-06-09,Card payment Master Card,1,3.6,EUR
PM-STR01-04100,STR01,SM-STR01,2026-06-10,Card payment 20,3,10.55,EUR
PM-STR01-04101,STR01,SM-STR01,2026-06-10,Card payment VISA,1,0.7,EUR
PM-STR01-04102,STR01,SM-STR01,2026-06-11,Card payment 20,3,3.95,EUR
PM-STR01-04103,STR01,SM-STR01,2026-06-12,Card payment 20,2,4.95,EUR
PM-STR01-04104,STR01,SM-STR01,2026-06-15,Card payment 20,4,15.82,EUR
PM-STR01-04105,STR01,SM-STR01,2026-06-16,Card payment 10,2,7.5,EUR
PM-STR01-04106,STR01,SM-STR01,2026-06-16,Card payment 20,3,2.93,EUR
PM-STR01-04107,STR01,SM-STR01,2026-06-16,Card payment Master Card,1,2.5,EUR
PM-STR01-04108,STR01,SM-STR01,2026-06-16,Card payment VISA,2,3.15,EUR
PM-STR01-04109,STR01,SM-STR01,2026-06-17,Card payment 20,6,12.8,EUR
PM-STR01-04110,STR01,SM-STR01,2026-06-17,Card payment Master Card,2,11.65,EUR
PM-STR01-04111,STR01,SM-STR01,2026-06-17,Card payment VISA,1,1.7,EUR
PM-STR01-04112,STR01,SM-STR01,2026-06-18,Card payment 20,1,0.15,EUR
PM-STR01-04113,STR01,SM-STR01,2026-06-18,Card payment Master Card,1,1.2,EUR
PM-STR01-04114,STR01,SM-STR01,2026-06-18,Card payment VISA,2,6.29,EUR
PM-STR01-04115,STR01,SM-STR01,2026-06-19,Card payment 20,2,3.33,EUR
PM-STR01-04116,STR01,SM-STR01,2026-06-19,Card payment Master Card,1,1.2,EUR
PM-STR01-04117,STR01,SM-STR01,2026-06-19,Card payment VISA,1,0.19,EUR
PM-STR01-04118,STR01,SM-STR01,2026-06-22,Card payment 20,3,3.61,EUR
PM-STR01-04119,STR01,SM-STR01,2026-06-23,Card payment 20,7,25.8,EUR
PM-STR01-04120,STR01,SM-STR01,2026-06-23,Card payment Master Card,1,4.2,EUR
PM-STR01-04121,STR01,SM-STR01,2026-06-23,Card payment VISA,1,3.2,EUR
PM-STR01-04122,STR01,SM-STR01,2026-06-24,Card payment 20,4,5.23,EUR
PM-STR01-04123,STR01,SM-STR01,2026-06-25,Card payment,1,2.5,EUR
PM-STR01-04124,STR01,SM-STR01,2026-06-25,Card payment 10,1,0.93,EUR
PM-STR01-04125,STR01,SM-STR01,2026-06-25,Card payment 20,1,1.25,EUR
PM-STR01-04126,STR01,SM-STR01,2026-06-25,Card payment Master Card,1,0.15,EUR
PM-STR01-04127,STR01,SM-STR01,2026-06-26,Card payment 20,1,2.5,EUR
PM-STR01-04128,STR01,SM-STR01,2026-06-26,Card payment American Express,1,0.25,EUR
PM-STR01-04129,STR01,SM-STR01,2026-06-29,Card payment 20,3,2.93,EUR
PM-STR01-04130,STR01,SM-STR01,2026-06-30,Card payment 10,2,4.6,EUR
PM-STR01-04131,STR01,SM-STR01,2026-06-30,Card payment 20,2,2.85,EUR
PM-STR01-04132,STR01,SM-STR01,2026-06-30,Card payment VISA,1,4.4,EUR
PM-STR01-04133,STR01,SM-STR01,2026-07-01,Card payment 20,1,1.2,EUR
PM-STR01-04134,STR01,SM-STR01,2026-07-01,Card payment Master Card,1,3.85,EUR
PM-STR01-04135,STR01,SM-STR01,2026-07-02,Card payment 20,1,3.67,EUR
PM-STR01-04136,STR01,SM-STR01,2026-07-02,Card payment VISA,1,5.75,EUR
PM-STR01-04137,STR01,SM-STR01,2026-07-03,Card payment,1,0.4,EUR
PM-STR01-04138,STR01,SM-STR01,2026-07-03,Card payment 10,1,1.78,EUR
PM-STR01-04139,STR01,SM-STR01,2026-07-03,Card payment 20,1,1.7,EUR
PM-WDF02-04140,WDF02,MO-WDF02,2026-01-01,Card payment 20,1,2.9,EUR
PM-WDF02-04141,WDF02,MO-WDF02,2026-01-02,Card payment 20,1,3.3,EUR
PM-WDF02-04142,WDF02,MO-WDF02,2026-01-06,Card payment 20,1,2.7,EUR
PM-WDF02-04143,WDF02,MO-WDF02,2026-01-07,Card payment 20,1,2.79,EUR
PM-WDF02-04144,WDF02,MO-WDF02,2026-01-09,Card payment Master Card,1,5.57,EUR
PM-WDF02-04145,WDF02,MO-WDF02,2026-01-19,Card payment 20,1,1.7,EUR
PM-WDF02-04146,WDF02,MO-WDF02,2026-01-21,Card payment 20,1,1.7,EUR
PM-WDF02-04147,WDF02,MO-WDF02,2026-01-22,Card payment 10,1,1.58,EUR
PM-WDF02-04148,WDF02,MO-WDF02,2026-01-27,Card payment 20,1,1.0,EUR
PM-WDF02-04149,WDF02,MO-WDF02,2026-01-28,Card payment 10,1,3.5,EUR
PM-WDF02-04150,WDF02,MO-WDF02,2026-01-28,Card payment 20,2,5.45,EUR
PM-WDF02-04151,WDF02,MO-WDF02,2026-02-09,Card payment 20,1,1.0,EUR
PM-WDF02-04152,WDF02,MO-WDF02,2026-02-10,Card payment 20,2,8.35,EUR
PM-WDF02-04153,WDF02,MO-WDF02,2026-02-11,Card payment 20,2,1.85,EUR
PM-WDF02-04154,WDF02,MO-WDF02,2026-02-12,Card payment 20,1,1.7,EUR
PM-WDF02-04155,WDF02,MO-WDF02,2026-02-16,Card payment Master Card,1,1.8,EUR
PM-WDF02-04156,WDF02,MO-WDF02,2026-02-17,Card payment 20,1,4.1,EUR
PM-WDF02-04157,WDF02,MO-WDF02,2026-02-18,Card payment Master Card,1,0.07,EUR
PM-WDF02-04158,WDF02,MO-WDF02,2026-02-19,Card payment 20,1,3.1,EUR
PM-WDF02-04159,WDF02,MO-WDF02,2026-02-23,Card payment 20,1,0.25,EUR
PM-WDF02-04160,WDF02,MO-WDF02,2026-02-26,Card payment 20,1,2.4,EUR
PM-WDF02-04161,WDF02,MO-WDF02,2026-02-27,Card payment 20,1,2.9,EUR
PM-WDF02-04162,WDF02,MO-WDF02,2026-03-03,Card payment 20,1,5.15,EUR
PM-WDF02-04163,WDF02,MO-WDF02,2026-03-05,Card payment 20,1,1.7,EUR
PM-WDF02-04164,WDF02,MO-WDF02,2026-03-06,Card payment 20,1,1.0,EUR
PM-WDF02-04165,WDF02,MO-WDF02,2026-03-10,Card payment 20,1,1.5,EUR
PM-WDF02-04166,WDF02,MO-WDF02,2026-03-16,Card payment 20,1,1.7,EUR
PM-WDF02-04167,WDF02,MO-WDF02,2026-03-18,Card payment 20,1,7.1,EUR
PM-WDF02-04168,WDF02,MO-WDF02,2026-03-19,Card payment 10,1,1.0,EUR
PM-WDF02-04169,WDF02,MO-WDF02,2026-03-24,Card payment 20,1,3.7,EUR
PM-WDF02-04170,WDF02,MO-WDF02,2026-03-30,Card payment 20,1,1.7,EUR
PM-WDF02-04171,WDF02,MO-WDF02,2026-03-31,Card payment Master Card,1,2.0,EUR
PM-WDF02-04172,WDF02,MO-WDF02,2026-04-02,Card payment 20,1,0.25,EUR
PM-WDF02-04173,WDF02,MO-WDF02,2026-04-13,Card payment VISA,1,1.45,EUR
PM-WDF02-04174,WDF02,MO-WDF02,2026-04-14,Card payment 20,1,3.2,EUR
PM-WDF02-04175,WDF02,MO-WDF02,2026-04-15,Card payment 10,1,2.5,EUR
PM-WDF02-04176,WDF02,MO-WDF02,2026-04-15,Card payment 20,2,1.95,EUR
PM-WDF02-04177,WDF02,MO-WDF02,2026-04-16,Card payment 20,1,2.9,EUR
PM-WDF02-04178,WDF02,MO-WDF02,2026-04-17,Card payment 20,1,0.5,EUR
PM-WDF02-04179,WDF02,MO-WDF02,2026-04-20,Card payment,1,2.7,EUR
PM-WDF02-04180,WDF02,MO-WDF02,2026-04-20,Card payment Master Card,1,1.65,EUR
PM-WDF02-04181,WDF02,MO-WDF02,2026-04-21,Card payment 20,1,0.15,EUR
PM-WDF02-04182,WDF02,MO-WDF02,2026-04-23,Card payment 10,1,2.0,EUR
PM-WDF02-04183,WDF02,MO-WDF02,2026-04-23,Card payment 20,1,0.25,EUR
PM-WDF02-04184,WDF02,MO-WDF02,2026-04-29,Card payment 10,1,2.5,EUR
PM-WDF02-04185,WDF02,MO-WDF02,2026-04-29,Card payment 20,1,2.0,EUR
PM-WDF02-04186,WDF02,MO-WDF02,2026-04-30,Card payment 20,1,3.9,EUR
PM-WDF02-04187,WDF02,MO-WDF02,2026-05-04,Card payment 20,2,6.34,EUR
PM-WDF02-04188,WDF02,MO-WDF02,2026-05-05,Card payment 20,1,1.2,EUR
PM-WDF02-04189,WDF02,MO-WDF02,2026-05-05,Card payment Master Card,1,0.33,EUR
PM-WDF02-04190,WDF02,MO-WDF02,2026-05-06,Card payment 20,1,1.4,EUR
PM-WDF02-04191,WDF02,MO-WDF02,2026-05-21,Card payment 20,1,1.2,EUR
PM-WDF02-04192,WDF02,MO-WDF02,2026-05-25,Card payment 20,1,1.7,EUR
PM-WDF02-04193,WDF02,MO-WDF02,2026-06-01,Card payment 20,1,4.5,EUR
PM-WDF02-04194,WDF02,MO-WDF02,2026-06-19,Card payment VISA,1,1.7,EUR
PM-WDF02-04195,WDF02,MO-WDF02,2026-06-22,Card payment 20,1,2.45,EUR
PM-WDF02-04196,WDF02,MO-WDF02,2026-06-23,Card payment 20,1,4.9,EUR
PM-WDF02-04197,WDF02,MO-WDF02,2026-06-25,Card payment 20,1,1.2,EUR
PM-WDF02-04198,WDF02,MO-WDF02,2026-06-29,Card payment 20,1,0.08,EUR
PM-WDF02-04199,WDF02,MO-WDF02,2026-07-01,Card payment VISA,1,0.25,EUR
PM-WDF02-04200,WDF02,PF-WDF02,2026-01-01,Card payment,1,1.7,EUR
PM-WDF02-04201,WDF02,PF-WDF02,2026-01-01,Card payment 20,3,4.53,EUR
PM-WDF02-04202,WDF02,PF-WDF02,2026-01-01,Card payment American Express,1,1.13,EUR
PM-WDF02-04203,WDF02,PF-WDF02,2026-01-02,Card payment 20,1,0.86,EUR
PM-WDF02-04204,WDF02,PF-WDF02,2026-01-02,Card payment VISA,2,6.0,EUR
PM-WDF02-04205,WDF02,PF-WDF02,2026-01-05,Card payment 10,1,1.63,EUR
PM-WDF02-04206,WDF02,PF-WDF02,2026-01-05,Card payment 20,2,6.35,EUR
PM-WDF02-04207,WDF02,PF-WDF02,2026-01-06,Card payment 20,5,14.37,EUR
PM-WDF02-04208,WDF02,PF-WDF02,2026-01-06,Card payment VISA,3,6.01,EUR
PM-WDF02-04209,WDF02,PF-WDF02,2026-01-07,Card payment 20,2,4.28,EUR
PM-WDF02-04210,WDF02,PF-WDF02,2026-01-07,Card payment VISA,1,3.9,EUR
PM-WDF02-04211,WDF02,PF-WDF02,2026-01-08,Card payment 20,2,2.9,EUR
PM-WDF02-04212,WDF02,PF-WDF02,2026-01-08,Card payment VISA,1,1.2,EUR
PM-WDF02-04213,WDF02,PF-WDF02,2026-01-09,Card payment 20,1,3.8,EUR
PM-WDF02-04214,WDF02,PF-WDF02,2026-01-12,Card payment 20,5,10.02,EUR
PM-WDF02-04215,WDF02,PF-WDF02,2026-01-12,Card payment American Express,1,4.5,EUR
PM-WDF02-04216,WDF02,PF-WDF02,2026-01-12,Card payment Master Card,1,0.25,EUR
PM-WDF02-04217,WDF02,PF-WDF02,2026-01-12,Card payment VISA,1,2.7,EUR
PM-WDF02-04218,WDF02,PF-WDF02,2026-01-13,Card payment 20,5,8.91,EUR
PM-WDF02-04219,WDF02,PF-WDF02,2026-01-13,Card payment VISA,2,3.02,EUR
PM-WDF02-04220,WDF02,PF-WDF02,2026-01-14,Card payment 20,2,5.1,EUR
PM-WDF02-04221,WDF02,PF-WDF02,2026-01-14,Card payment Master Card,2,6.25,EUR
PM-WDF02-04222,WDF02,PF-WDF02,2026-01-14,Card payment VISA,1,2.2,EUR
PM-WDF02-04223,WDF02,PF-WDF02,2026-01-15,Card payment 20,3,10.6,EUR
PM-WDF02-04224,WDF02,PF-WDF02,2026-01-15,Card payment Master Card,2,2.8,EUR
PM-WDF02-04225,WDF02,PF-WDF02,2026-01-16,Card payment 20,2,2.61,EUR
PM-WDF02-04226,WDF02,PF-WDF02,2026-01-19,Card payment 20,3,4.41,EUR
PM-WDF02-04227,WDF02,PF-WDF02,2026-01-20,Card payment 20,4,8.14,EUR
PM-WDF02-04228,WDF02,PF-WDF02,2026-01-20,Card payment VISA,3,4.75,EUR
PM-WDF02-04229,WDF02,PF-WDF02,2026-01-21,Card payment,1,3.2,EUR
PM-WDF02-04230,WDF02,PF-WDF02,2026-01-21,Card payment 10,1,3.38,EUR
PM-WDF02-04231,WDF02,PF-WDF02,2026-01-21,Card payment 20,2,21.45,EUR
PM-WDF02-04232,WDF02,PF-WDF02,2026-01-21,Card payment Master Card,1,0.25,EUR
PM-WDF02-04233,WDF02,PF-WDF02,2026-01-21,Card payment VISA,1,1.6,EUR
PM-WDF02-04234,WDF02,PF-WDF02,2026-01-22,Card payment 20,3,3.95,EUR
PM-WDF02-04235,WDF02,PF-WDF02,2026-01-22,Card payment American Express,1,1.38,EUR
PM-WDF02-04236,WDF02,PF-WDF02,2026-01-22,Card payment Master Card,1,0.08,EUR
PM-WDF02-04237,WDF02,PF-WDF02,2026-01-22,Card payment VISA,1,0.08,EUR
PM-WDF02-04238,WDF02,PF-WDF02,2026-01-23,Card payment 10,1,2.2,EUR
PM-WDF02-04239,WDF02,PF-WDF02,2026-01-23,Card payment 20,2,1.78,EUR
PM-WDF02-04240,WDF02,PF-WDF02,2026-01-23,Card payment VISA,1,1.7,EUR
PM-WDF02-04241,WDF02,PF-WDF02,2026-01-26,Card payment 10,1,1.89,EUR
PM-WDF02-04242,WDF02,PF-WDF02,2026-01-26,Card payment 20,3,3.6,EUR
PM-WDF02-04243,WDF02,PF-WDF02,2026-01-26,Card payment Master Card,1,2.2,EUR
PM-WDF02-04244,WDF02,PF-WDF02,2026-01-27,Card payment 20,6,14.53,EUR
PM-WDF02-04245,WDF02,PF-WDF02,2026-01-27,Card payment Master Card,1,1.95,EUR
PM-WDF02-04246,WDF02,PF-WDF02,2026-01-27,Card payment VISA,1,2.5,EUR
PM-WDF02-04247,WDF02,PF-WDF02,2026-01-28,Card payment 20,6,9.12,EUR
PM-WDF02-04248,WDF02,PF-WDF02,2026-01-29,Card payment,1,0.25,EUR
PM-WDF02-04249,WDF02,PF-WDF02,2026-01-29,Card payment 20,8,12.2,EUR
PM-WDF02-04250,WDF02,PF-WDF02,2026-01-29,Card payment Master Card,1,0.86,EUR
PM-WDF02-04251,WDF02,PF-WDF02,2026-01-30,Card payment 10,1,2.13,EUR
PM-WDF02-04252,WDF02,PF-WDF02,2026-01-30,Card payment 20,2,3.7,EUR
PM-WDF02-04253,WDF02,PF-WDF02,2026-01-30,Card payment VISA,2,7.1,EUR
PM-WDF02-04254,WDF02,PF-WDF02,2026-02-02,Card payment 20,3,7.15,EUR
PM-WDF02-04255,WDF02,PF-WDF02,2026-02-02,Card payment VISA,2,1.85,EUR
PM-WDF02-04256,WDF02,PF-WDF02,2026-02-03,Card payment 10,1,1.7,EUR
PM-WDF02-04257,WDF02,PF-WDF02,2026-02-03,Card payment 20,8,19.47,EUR
PM-WDF02-04258,WDF02,PF-WDF02,2026-02-03,Card payment Master Card,2,2.98,EUR
PM-WDF02-04259,WDF02,PF-WDF02,2026-02-04,Card payment 10,1,4.8,EUR
PM-WDF02-04260,WDF02,PF-WDF02,2026-02-04,Card payment 20,6,13.71,EUR
PM-WDF02-04261,WDF02,PF-WDF02,2026-02-04,Card payment Master Card,1,1.49,EUR
PM-WDF02-04262,WDF02,PF-WDF02,2026-02-04,Card payment VISA,1,0.25,EUR
PM-WDF02-04263,WDF02,PF-WDF02,2026-02-05,Card payment 10,1,2.7,EUR
PM-WDF02-04264,WDF02,PF-WDF02,2026-02-05,Card payment 20,7,11.11,EUR
PM-WDF02-04265,WDF02,PF-WDF02,2026-02-05,Card payment VISA,1,1.01,EUR
PM-WDF02-04266,WDF02,PF-WDF02,2026-02-06,Card payment 20,1,1.06,EUR
PM-WDF02-04267,WDF02,PF-WDF02,2026-02-06,Card payment VISA,3,1.0,EUR
PM-WDF02-04268,WDF02,PF-WDF02,2026-02-09,Card payment 20,3,7.45,EUR
PM-WDF02-04269,WDF02,PF-WDF02,2026-02-09,Card payment Master Card,1,1.4,EUR
PM-WDF02-04270,WDF02,PF-WDF02,2026-02-09,Card payment VISA,2,8.72,EUR
PM-WDF02-04271,WDF02,PF-WDF02,2026-02-10,Card payment 20,7,11.25,EUR
PM-WDF02-04272,WDF02,PF-WDF02,2026-02-10,Card payment VISA,1,1.7,EUR
PM-WDF02-04273,WDF02,PF-WDF02,2026-02-11,Card payment 20,2,2.9,EUR
PM-WDF02-04274,WDF02,PF-WDF02,2026-02-11,Card payment VISA,1,1.2,EUR
PM-WDF02-04275,WDF02,PF-WDF02,2026-02-12,Card payment 10,1,2.5,EUR
PM-WDF02-04276,WDF02,PF-WDF02,2026-02-12,Card payment 20,4,5.13,EUR
PM-WDF02-04277,WDF02,PF-WDF02,2026-02-12,Card payment Master Card,1,1.7,EUR
PM-WDF02-04278,WDF02,PF-WDF02,2026-02-12,Card payment VISA,2,4.15,EUR
PM-WDF02-04279,WDF02,PF-WDF02,2026-02-13,Card payment 20,1,1.0,EUR
PM-WDF02-04280,WDF02,PF-WDF02,2026-02-13,Card payment Master Card,1,1.6,EUR
PM-WDF02-04281,WDF02,PF-WDF02,2026-02-13,Card payment VISA,1,0.25,EUR
PM-WDF02-04282,WDF02,PF-WDF02,2026-02-16,Card payment 20,6,16.17,EUR
PM-WDF02-04283,WDF02,PF-WDF02,2026-02-17,Card payment 20,8,23.46,EUR
PM-WDF02-04284,WDF02,PF-WDF02,2026-02-17,Card payment VISA,1,1.7,EUR
PM-WDF02-04285,WDF02,PF-WDF02,2026-02-18,Card payment 20,5,11.63,EUR
PM-WDF02-04286,WDF02,PF-WDF02,2026-02-18,Card payment VISA,2,2.7,EUR
PM-WDF02-04287,WDF02,PF-WDF02,2026-02-19,Card payment 10,1,3.65,EUR
PM-WDF02-04288,WDF02,PF-WDF02,2026-02-19,Card payment Master Card,1,2.7,EUR
PM-WDF02-04289,WDF02,PF-WDF02,2026-02-20,Card payment 20,4,4.43,EUR
PM-WDF02-04290,WDF02,PF-WDF02,2026-02-20,Card payment Master Card,1,4.4,EUR
PM-WDF02-04291,WDF02,PF-WDF02,2026-02-23,Card payment 10,1,1.6,EUR
PM-WDF02-04292,WDF02,PF-WDF02,2026-02-23,Card payment 20,3,8.78,EUR
PM-WDF02-04293,WDF02,PF-WDF02,2026-02-24,Card payment 10,1,5.05,EUR
PM-WDF02-04294,WDF02,PF-WDF02,2026-02-24,Card payment 20,6,12.34,EUR
PM-WDF02-04295,WDF02,PF-WDF02,2026-02-25,Card payment 20,6,6.33,EUR
PM-WDF02-04296,WDF02,PF-WDF02,2026-02-26,Card payment 20,3,5.5,EUR
PM-WDF02-04297,WDF02,PF-WDF02,2026-02-26,Card payment VISA,2,2.57,EUR
PM-WDF02-04298,WDF02,PF-WDF02,2026-02-27,Card payment 10,1,2.4,EUR
PM-WDF02-04299,WDF02,PF-WDF02,2026-02-27,Card payment 20,1,0.25,EUR
PM-WDF02-04300,WDF02,PF-WDF02,2026-02-27,Card payment VISA,1,1.88,EUR
PM-WDF02-04301,WDF02,PF-WDF02,2026-03-02,Card payment 20,4,8.55,EUR
PM-WDF02-04302,WDF02,PF-WDF02,2026-03-02,Card payment Master Card,1,2.5,EUR
PM-WDF02-04303,WDF02,PF-WDF02,2026-03-02,Card payment VISA,2,3.65,EUR
PM-WDF02-04304,WDF02,PF-WDF02,2026-03-03,Card payment 20,6,14.27,EUR
PM-WDF02-04305,WDF02,PF-WDF02,2026-03-03,Card payment VISA,1,3.0,EUR
PM-WDF02-04306,WDF02,PF-WDF02,2026-03-04,Card payment 10,1,2.7,EUR
PM-WDF02-04307,WDF02,PF-WDF02,2026-03-04,Card payment 20,1,0.25,EUR
PM-WDF02-04308,WDF02,PF-WDF02,2026-03-04,Card payment Master Card,2,7.75,EUR
PM-WDF02-04309,WDF02,PF-WDF02,2026-03-04,Card payment VISA,2,8.0,EUR
PM-WDF02-04310,WDF02,PF-WDF02,2026-03-05,Card payment 20,3,22.5,EUR
PM-WDF02-04311,WDF02,PF-WDF02,2026-03-06,Card payment 20,1,1.78,EUR
PM-WDF02-04312,WDF02,PF-WDF02,2026-03-06,Card payment VISA,2,2.58,EUR
PM-WDF02-04313,WDF02,PF-WDF02,2026-03-09,Card payment 20,2,1.58,EUR
PM-WDF02-04314,WDF02,PF-WDF02,2026-03-09,Card payment Master Card,1,1.45,EUR
PM-WDF02-04315,WDF02,PF-WDF02,2026-03-09,Card payment VISA,3,6.47,EUR
PM-WDF02-04316,WDF02,PF-WDF02,2026-03-10,Card payment,1,2.2,EUR
PM-WDF02-04317,WDF02,PF-WDF02,2026-03-10,Card payment 20,3,6.2,EUR
PM-WDF02-04318,WDF02,PF-WDF02,2026-03-10,Card payment Master Card,1,2.2,EUR
PM-WDF02-04319,WDF02,PF-WDF02,2026-03-11,Card payment 20,4,2.35,EUR
PM-WDF02-04320,WDF02,PF-WDF02,2026-03-11,Card payment Master Card,1,2.5,EUR
PM-WDF02-04321,WDF02,PF-WDF02,2026-03-11,Card payment VISA,1,1.25,EUR
PM-WDF02-04322,WDF02,PF-WDF02,2026-03-12,Card payment 20,3,4.9,EUR
PM-WDF02-04323,WDF02,PF-WDF02,2026-03-13,Card payment 20,3,2.86,EUR
PM-WDF02-04324,WDF02,PF-WDF02,2026-03-13,Card payment VISA,1,2.9,EUR
PM-WDF02-04325,WDF02,PF-WDF02,2026-03-16,Card payment 10,1,5.0,EUR
PM-WDF02-04326,WDF02,PF-WDF02,2026-03-16,Card payment 20,5,11.55,EUR
PM-WDF02-04327,WDF02,PF-WDF02,2026-03-16,Card payment VISA,1,0.2,EUR
PM-WDF02-04328,WDF02,PF-WDF02,2026-03-17,Card payment 20,2,6.38,EUR
PM-WDF02-04329,WDF02,PF-WDF02,2026-03-18,Card payment 20,6,12.36,EUR
PM-WDF02-04330,WDF02,PF-WDF02,2026-03-18,Card payment VISA,1,1.63,EUR
PM-WDF02-04331,WDF02,PF-WDF02,2026-03-19,Card payment,2,2.8,EUR
PM-WDF02-04332,WDF02,PF-WDF02,2026-03-19,Card payment 20,5,14.11,EUR
PM-WDF02-04333,WDF02,PF-WDF02,2026-03-19,Card payment VISA,1,1.6,EUR
PM-WDF02-04334,WDF02,PF-WDF02,2026-03-20,Card payment 20,2,1.42,EUR
PM-WDF02-04335,WDF02,PF-WDF02,2026-03-20,Card payment VISA,2,1.7,EUR
PM-WDF02-04336,WDF02,PF-WDF02,2026-03-23,Card payment 10,1,1.0,EUR
PM-WDF02-04337,WDF02,PF-WDF02,2026-03-23,Card payment 20,1,2.5,EUR
PM-WDF02-04338,WDF02,PF-WDF02,2026-03-24,Card payment 20,4,5.77,EUR
PM-WDF02-04339,WDF02,PF-WDF02,2026-03-25,Card payment 20,7,13.88,EUR
PM-WDF02-04340,WDF02,PF-WDF02,2026-03-26,Card payment,1,1.95,EUR
PM-WDF02-04341,WDF02,PF-WDF02,2026-03-26,Card payment 10,1,4.6,EUR
PM-WDF02-04342,WDF02,PF-WDF02,2026-03-26,Card payment 20,3,4.3,EUR
PM-WDF02-04343,WDF02,PF-WDF02,2026-03-26,Card payment VISA,5,8.54,EUR
PM-WDF02-04344,WDF02,PF-WDF02,2026-03-27,Card payment 20,1,0.25,EUR
PM-WDF02-04345,WDF02,PF-WDF02,2026-03-27,Card payment Master Card,1,0.15,EUR
PM-WDF02-04346,WDF02,PF-WDF02,2026-03-30,Card payment 20,1,0.15,EUR
PM-WDF02-04347,WDF02,PF-WDF02,2026-03-30,Card payment VISA,2,3.1,EUR
PM-WDF02-04348,WDF02,PF-WDF02,2026-03-31,Card payment 10,1,1.32,EUR
PM-WDF02-04349,WDF02,PF-WDF02,2026-03-31,Card payment 20,6,61.89,EUR
PM-WDF02-04350,WDF02,PF-WDF02,2026-03-31,Card payment Master Card,1,3.56,EUR
PM-WDF02-04351,WDF02,PF-WDF02,2026-03-31,Card payment VISA,3,4.55,EUR
PM-WDF02-04352,WDF02,PF-WDF02,2026-04-01,Card payment 10,1,2.5,EUR
PM-WDF02-04353,WDF02,PF-WDF02,2026-04-01,Card payment VISA,1,0.15,EUR
PM-WDF02-04354,WDF02,PF-WDF02,2026-04-02,Card payment Master Card,1,1.7,EUR
PM-WDF02-04355,WDF02,PF-WDF02,2026-04-02,Card payment VISA,2,1.73,EUR
PM-WDF02-04356,WDF02,PF-WDF02,2026-04-03,Card payment 20,3,1.21,EUR
PM-WDF02-04357,WDF02,PF-WDF02,2026-04-03,Card payment VISA,1,2.0,EUR
PM-WDF02-04358,WDF02,PF-WDF02,2026-04-06,Card payment 20,4,6.2,EUR
PM-WDF02-04359,WDF02,PF-WDF02,2026-04-06,Card payment Master Card,2,6.0,EUR
PM-WDF02-04360,WDF02,PF-WDF02,2026-04-06,Card payment VISA,2,4.39,EUR
PM-WDF02-04361,WDF02,PF-WDF02,2026-04-07,Card payment 20,8,16.8,EUR
PM-WDF02-04362,WDF02,PF-WDF02,2026-04-07,Card payment VISA,2,3.0,EUR
PM-WDF02-04363,WDF02,PF-WDF02,2026-04-08,Card payment 10,1,1.36,EUR
PM-WDF02-04364,WDF02,PF-WDF02,2026-04-08,Card payment 20,2,3.72,EUR
PM-WDF02-04365,WDF02,PF-WDF02,2026-04-08,Card payment Master Card,1,2.2,EUR
PM-WDF02-04366,WDF02,PF-WDF02,2026-04-08,Card payment VISA,1,0.23,EUR
PM-WDF02-04367,WDF02,PF-WDF02,2026-04-09,Card payment 10,1,1.0,EUR
PM-WDF02-04368,WDF02,PF-WDF02,2026-04-09,Card payment 20,4,6.6,EUR
PM-WDF02-04369,WDF02,PF-WDF02,2026-04-10,Card payment 20,2,1.54,EUR
PM-WDF02-04370,WDF02,PF-WDF02,2026-04-10,Card payment VISA,1,2.2,EUR
PM-WDF02-04371,WDF02,PF-WDF02,2026-04-13,Card payment 10,1,1.2,EUR
PM-WDF02-04372,WDF02,PF-WDF02,2026-04-14,Card payment 20,2,2.1,EUR
PM-WDF02-04373,WDF02,PF-WDF02,2026-04-14,Card payment Master Card,1,2.7,EUR
PM-WDF02-04374,WDF02,PF-WDF02,2026-04-14,Card payment VISA,2,5.75,EUR
PM-WDF02-04375,WDF02,PF-WDF02,2026-04-15,Card payment 10,1,3.1,EUR
PM-WDF02-04376,WDF02,PF-WDF02,2026-04-15,Card payment 20,4,4.96,EUR
PM-WDF02-04377,WDF02,PF-WDF02,2026-04-16,Card payment,1,0.25,EUR
PM-WDF02-04378,WDF02,PF-WDF02,2026-04-16,Card payment 20,4,5.3,EUR
PM-WDF02-04379,WDF02,PF-WDF02,2026-04-16,Card payment VISA,1,2.45,EUR
PM-WDF02-04380,WDF02,PF-WDF02,2026-04-17,Card payment,1,0.25,EUR
PM-WDF02-04381,WDF02,PF-WDF02,2026-04-20,Card payment 20,4,11.35,EUR
PM-WDF02-04382,WDF02,PF-WDF02,2026-04-20,Card payment VISA,2,6.25,EUR
PM-WDF02-04383,WDF02,PF-WDF02,2026-04-21,Card payment 20,2,2.62,EUR
PM-WDF02-04384,WDF02,PF-WDF02,2026-04-21,Card payment Master Card,3,7.9,EUR
PM-WDF02-04385,WDF02,PF-WDF02,2026-04-21,Card payment VISA,2,1.35,EUR
PM-WDF02-04386,WDF02,PF-WDF02,2026-04-22,Card payment,2,4.55,EUR
PM-WDF02-04387,WDF02,PF-WDF02,2026-04-22,Card payment 20,5,8.42,EUR
PM-WDF02-04388,WDF02,PF-WDF02,2026-04-22,Card payment VISA,2,1.87,EUR
PM-WDF02-04389,WDF02,PF-WDF02,2026-04-23,Card payment VISA,1,1.0,EUR
PM-WDF02-04390,WDF02,PF-WDF02,2026-04-24,Card payment 20,2,5.6,EUR
PM-WDF02-04391,WDF02,PF-WDF02,2026-04-24,Card payment VISA,2,5.0,EUR
PM-WDF02-04392,WDF02,PF-WDF02,2026-04-27,Card payment 20,2,2.15,EUR
PM-WDF02-04393,WDF02,PF-WDF02,2026-04-27,Card payment VISA,3,28.15,EUR
PM-WDF02-04394,WDF02,PF-WDF02,2026-04-28,Card payment,1,0.58,EUR
PM-WDF02-04395,WDF02,PF-WDF02,2026-04-28,Card payment 20,2,2.48,EUR
PM-WDF02-04396,WDF02,PF-WDF02,2026-04-28,Card payment VISA,1,1.95,EUR
PM-WDF02-04397,WDF02,PF-WDF02,2026-04-29,Card payment 10,1,3.9,EUR
PM-WDF02-04398,WDF02,PF-WDF02,2026-04-29,Card payment 20,1,0.25,EUR
PM-WDF02-04399,WDF02,PF-WDF02,2026-04-30,Card payment 20,2,1.23,EUR
PM-WDF02-04400,WDF02,PF-WDF02,2026-04-30,Card payment VISA,1,0.25,EUR
PM-WDF02-04401,WDF02,PF-WDF02,2026-05-01,Card payment 20,1,1.7,EUR
PM-WDF02-04402,WDF02,PF-WDF02,2026-05-01,Card payment Master Card,1,1.7,EUR
PM-WDF02-04403,WDF02,PF-WDF02,2026-05-01,Card payment VISA,1,2.5,EUR
PM-WDF02-04404,WDF02,PF-WDF02,2026-05-04,Card payment 20,6,13.1,EUR
PM-WDF02-04405,WDF02,PF-WDF02,2026-05-04,Card payment Master Card,1,2.5,EUR
PM-WDF02-04406,WDF02,PF-WDF02,2026-05-05,Card payment 20,4,5.73,EUR
PM-WDF02-04407,WDF02,PF-WDF02,2026-05-05,Card payment American Express,1,3.5,EUR
PM-WDF02-04408,WDF02,PF-WDF02,2026-05-06,Card payment 20,2,2.64,EUR
PM-WDF02-04409,WDF02,PF-WDF02,2026-05-06,Card payment VISA,1,1.75,EUR
PM-WDF02-04410,WDF02,PF-WDF02,2026-05-07,Card payment 20,5,12.45,EUR
PM-WDF02-04411,WDF02,PF-WDF02,2026-05-08,Card payment 10,1,0.15,EUR
PM-WDF02-04412,WDF02,PF-WDF02,2026-05-08,Card payment 20,4,5.35,EUR
PM-WDF02-04413,WDF02,PF-WDF02,2026-05-11,Card payment 20,2,1.25,EUR
PM-WDF02-04414,WDF02,PF-WDF02,2026-05-12,Card payment,1,1.8,EUR
PM-WDF02-04415,WDF02,PF-WDF02,2026-05-12,Card payment 20,4,9.54,EUR
PM-WDF02-04416,WDF02,PF-WDF02,2026-05-13,Card payment 10,1,1.0,EUR
PM-WDF02-04417,WDF02,PF-WDF02,2026-05-13,Card payment 20,6,10.75,EUR
PM-WDF02-04418,WDF02,PF-WDF02,2026-05-13,Card payment Master Card,1,1.7,EUR
PM-WDF02-04419,WDF02,PF-WDF02,2026-05-13,Card payment VISA,1,1.28,EUR
PM-WDF02-04420,WDF02,PF-WDF02,2026-05-14,Card payment 20,2,1.85,EUR
PM-WDF02-04421,WDF02,PF-WDF02,2026-05-14,Card payment VISA,2,4.0,EUR
PM-WDF02-04422,WDF02,PF-WDF02,2026-05-15,Card payment 20,2,4.51,EUR
PM-WDF02-04423,WDF02,PF-WDF02,2026-05-15,Card payment VISA,1,1.7,EUR
PM-WDF02-04424,WDF02,PF-WDF02,2026-05-18,Card payment 20,2,6.19,EUR
PM-WDF02-04425,WDF02,PF-WDF02,2026-05-19,Card payment 20,2,6.45,EUR
PM-WDF02-04426,WDF02,PF-WDF02,2026-05-19,Card payment Master Card,1,1.7,EUR
PM-WDF02-04427,WDF02,PF-WDF02,2026-05-20,Card payment 20,6,13.64,EUR
PM-WDF02-04428,WDF02,PF-WDF02,2026-05-21,Card payment 10,1,2.33,EUR
PM-WDF02-04429,WDF02,PF-WDF02,2026-05-21,Card payment 20,2,5.87,EUR
PM-WDF02-04430,WDF02,PF-WDF02,2026-05-21,Card payment Master Card,1,1.7,EUR
PM-WDF02-04431,WDF02,PF-WDF02,2026-05-21,Card payment VISA,1,0.08,EUR
PM-WDF02-04432,WDF02,PF-WDF02,2026-05-22,Card payment 20,1,1.2,EUR
PM-WDF02-04433,WDF02,PF-WDF02,2026-05-22,Card payment VISA,1,0.12,EUR
PM-WDF02-04434,WDF02,PF-WDF02,2026-05-25,Card payment 20,3,7.1,EUR
PM-WDF02-04435,WDF02,PF-WDF02,2026-05-25,Card payment American Express,1,1.5,EUR
PM-WDF02-04436,WDF02,PF-WDF02,2026-05-25,Card payment VISA,2,3.5,EUR
PM-WDF02-04437,WDF02,PF-WDF02,2026-05-26,Card payment 10,1,0.15,EUR
PM-WDF02-04438,WDF02,PF-WDF02,2026-05-26,Card payment 20,3,5.9,EUR
PM-WDF02-04439,WDF02,PF-WDF02,2026-05-27,Card payment 10,1,0.25,EUR
PM-WDF02-04440,WDF02,PF-WDF02,2026-05-27,Card payment 20,5,10.55,EUR
PM-WDF02-04441,WDF02,PF-WDF02,2026-05-27,Card payment Master Card,3,3.46,EUR
PM-WDF02-04442,WDF02,PF-WDF02,2026-05-28,Card payment 20,2,11.4,EUR
PM-WDF02-04443,WDF02,PF-WDF02,2026-05-29,Card payment,1,1.46,EUR
PM-WDF02-04444,WDF02,PF-WDF02,2026-05-29,Card payment 20,1,0.12,EUR
PM-WDF02-04445,WDF02,PF-WDF02,2026-06-01,Card payment 10,1,3.95,EUR
PM-WDF02-04446,WDF02,PF-WDF02,2026-06-01,Card payment 20,2,5.61,EUR
PM-WDF02-04447,WDF02,PF-WDF02,2026-06-01,Card payment VISA,1,1.42,EUR
PM-WDF02-04448,WDF02,PF-WDF02,2026-06-02,Card payment 20,3,11.9,EUR
PM-WDF02-04449,WDF02,PF-WDF02,2026-06-02,Card payment VISA,1,5.08,EUR
PM-WDF02-04450,WDF02,PF-WDF02,2026-06-03,Card payment 20,5,8.0,EUR
PM-WDF02-04451,WDF02,PF-WDF02,2026-06-03,Card payment VISA,1,1.9,EUR
PM-WDF02-04452,WDF02,PF-WDF02,2026-06-04,Card payment 10,1,1.7,EUR
PM-WDF02-04453,WDF02,PF-WDF02,2026-06-04,Card payment 20,3,5.39,EUR
PM-WDF02-04454,WDF02,PF-WDF02,2026-06-05,Card payment 20,2,3.16,EUR
PM-WDF02-04455,WDF02,PF-WDF02,2026-06-08,Card payment,1,2.03,EUR
PM-WDF02-04456,WDF02,PF-WDF02,2026-06-08,Card payment 20,2,3.2,EUR
PM-WDF02-04457,WDF02,PF-WDF02,2026-06-08,Card payment VISA,2,2.32,EUR
PM-WDF02-04458,WDF02,PF-WDF02,2026-06-09,Card payment 10,2,3.11,EUR
PM-WDF02-04459,WDF02,PF-WDF02,2026-06-09,Card payment 20,1,2.9,EUR
PM-WDF02-04460,WDF02,PF-WDF02,2026-06-09,Card payment Master Card,1,3.95,EUR
PM-WDF02-04461,WDF02,PF-WDF02,2026-06-10,Card payment 10,1,3.2,EUR
PM-WDF02-04462,WDF02,PF-WDF02,2026-06-10,Card payment 20,5,6.26,EUR
PM-WDF02-04463,WDF02,PF-WDF02,2026-06-11,Card payment 10,1,1.0,EUR
PM-WDF02-04464,WDF02,PF-WDF02,2026-06-11,Card payment 20,3,7.1,EUR
PM-WDF02-04465,WDF02,PF-WDF02,2026-06-11,Card payment VISA,3,4.28,EUR
PM-WDF02-04466,WDF02,PF-WDF02,2026-06-12,Card payment 20,1,1.08,EUR
PM-WDF02-04467,WDF02,PF-WDF02,2026-06-12,Card payment VISA,1,0.25,EUR
PM-WDF02-04468,WDF02,PF-WDF02,2026-06-15,Card payment 10,1,2.2,EUR
PM-WDF02-04469,WDF02,PF-WDF02,2026-06-15,Card payment 20,4,7.43,EUR
PM-WDF02-04470,WDF02,PF-WDF02,2026-06-15,Card payment Master Card,1,1.7,EUR
PM-WDF02-04471,WDF02,PF-WDF02,2026-06-16,Card payment 20,4,11.1,EUR
PM-WDF02-04472,WDF02,PF-WDF02,2026-06-16,Card payment American Express,1,0.14,EUR
PM-WDF02-04473,WDF02,PF-WDF02,2026-06-17,Card payment 20,5,10.25,EUR
PM-WDF02-04474,WDF02,PF-WDF02,2026-06-17,Card payment VISA,1,2.2,EUR
PM-WDF02-04475,WDF02,PF-WDF02,2026-06-18,Card payment 20,3,18.78,EUR
PM-WDF02-04476,WDF02,PF-WDF02,2026-06-18,Card payment VISA,1,2.16,EUR
PM-WDF02-04477,WDF02,PF-WDF02,2026-06-19,Card payment 10,1,2.5,EUR
PM-WDF02-04478,WDF02,PF-WDF02,2026-06-19,Card payment VISA,1,2.7,EUR
PM-WDF02-04479,WDF02,PF-WDF02,2026-06-22,Card payment 20,2,0.5,EUR
PM-WDF02-04480,WDF02,PF-WDF02,2026-06-22,Card payment Master Card,2,2.9,EUR
PM-WDF02-04481,WDF02,PF-WDF02,2026-06-22,Card payment VISA,2,2.75,EUR
PM-WDF02-04482,WDF02,PF-WDF02,2026-06-23,Card payment,1,1.5,EUR
PM-WDF02-04483,WDF02,PF-WDF02,2026-06-23,Card payment 10,1,2.5,EUR
PM-WDF02-04484,WDF02,PF-WDF02,2026-06-23,Card payment 20,3,7.33,EUR
PM-WDF02-04485,WDF02,PF-WDF02,2026-06-24,Card payment 10,3,7.25,EUR
PM-WDF02-04486,WDF02,PF-WDF02,2026-06-24,Card payment 20,2,4.51,EUR
PM-WDF02-04487,WDF02,PF-WDF02,2026-06-25,Card payment,1,1.7,EUR
PM-WDF02-04488,WDF02,PF-WDF02,2026-06-25,Card payment 20,3,2.59,EUR
PM-WDF02-04489,WDF02,PF-WDF02,2026-06-25,Card payment VISA,1,4.1,EUR
PM-WDF02-04490,WDF02,PF-WDF02,2026-06-26,Card payment 20,1,3.95,EUR
PM-WDF02-04491,WDF02,PF-WDF02,2026-06-26,Card payment VISA,1,1.87,EUR
PM-WDF02-04492,WDF02,PF-WDF02,2026-06-29,Card payment 20,2,6.45,EUR
PM-WDF02-04493,WDF02,PF-WDF02,2026-06-29,Card payment Master Card,1,1.15,EUR
PM-WDF02-04494,WDF02,PF-WDF02,2026-06-29,Card payment VISA,2,7.99,EUR
PM-WDF02-04495,WDF02,PF-WDF02,2026-06-30,Card payment 20,4,9.1,EUR
PM-WDF02-04496,WDF02,PF-WDF02,2026-07-01,Card payment 10,2,4.0,EUR
PM-WDF02-04497,WDF02,PF-WDF02,2026-07-01,Card payment 20,2,2.9,EUR
PM-WDF02-04498,WDF02,PF-WDF02,2026-07-01,Card payment Master Card,1,0.3,EUR
PM-WDF02-04499,WDF02,PF-WDF02,2026-07-01,Card payment VISA,1,0.13,EUR
PM-WDF02-04500,WDF02,PF-WDF02,2026-07-02,Card payment 20,8,23.2,EUR
PM-WDF02-04501,WDF02,PF-WDF02,2026-07-03,Card payment 20,1,1.0,EUR
PM-WDF02-04502,WDF02,PF-WDF02,2026-07-03,Card payment Master Card,1,1.2,EUR
PM-WDF02-04503,WDF02,SM-WDF02,2026-01-05,Card payment 20,1,1.95,EUR
PM-WDF02-04504,WDF02,SM-WDF02,2026-01-06,Card payment 20,2,5.13,EUR
PM-WDF02-04505,WDF02,SM-WDF02,2026-01-06,Card payment American Express,1,1.5,EUR
PM-WDF02-04506,WDF02,SM-WDF02,2026-01-06,Card payment VISA,2,1.45,EUR
PM-WDF02-04507,WDF02,SM-WDF02,2026-01-07,Card payment 20,4,3.68,EUR
PM-WDF02-04508,WDF02,SM-WDF02,2026-01-07,Card payment American Express,1,1.5,EUR
PM-WDF02-04509,WDF02,SM-WDF02,2026-01-07,Card payment Master Card,1,0.25,EUR
PM-WDF02-04510,WDF02,SM-WDF02,2026-01-07,Card payment VISA,1,1.5,EUR
PM-WDF02-04511,WDF02,SM-WDF02,2026-01-08,Card payment,1,0.25,EUR
PM-WDF02-04512,WDF02,SM-WDF02,2026-01-08,Card payment 20,1,1.35,EUR
PM-WDF02-04513,WDF02,SM-WDF02,2026-01-09,Card payment 20,3,4.35,EUR
PM-WDF02-04514,WDF02,SM-WDF02,2026-01-12,Card payment Master Card,1,2.5,EUR
PM-WDF02-04515,WDF02,SM-WDF02,2026-01-13,Card payment 20,3,7.52,EUR
PM-WDF02-04516,WDF02,SM-WDF02,2026-01-13,Card payment Master Card,1,0.08,EUR
PM-WDF02-04517,WDF02,SM-WDF02,2026-01-13,Card payment VISA,1,2.36,EUR
PM-WDF02-04518,WDF02,SM-WDF02,2026-01-14,Card payment 20,3,9.0,EUR
PM-WDF02-04519,WDF02,SM-WDF02,2026-01-15,Card payment 20,4,8.63,EUR
PM-WDF02-04520,WDF02,SM-WDF02,2026-01-16,Card payment 20,2,1.95,EUR
PM-WDF02-04521,WDF02,SM-WDF02,2026-01-19,Card payment 20,2,4.94,EUR
PM-WDF02-04522,WDF02,SM-WDF02,2026-01-19,Card payment Master Card,1,2.5,EUR
PM-WDF02-04523,WDF02,SM-WDF02,2026-01-19,Card payment VISA,1,1.0,EUR
PM-WDF02-04524,WDF02,SM-WDF02,2026-01-20,Card payment 10,1,1.7,EUR
PM-WDF02-04525,WDF02,SM-WDF02,2026-01-20,Card payment 20,1,2.5,EUR
PM-WDF02-04526,WDF02,SM-WDF02,2026-01-20,Card payment VISA,1,1.7,EUR
PM-WDF02-04527,WDF02,SM-WDF02,2026-01-21,Card payment 20,2,4.25,EUR
PM-WDF02-04528,WDF02,SM-WDF02,2026-01-22,Card payment 20,3,7.85,EUR
PM-WDF02-04529,WDF02,SM-WDF02,2026-01-23,Card payment 20,2,2.8,EUR
PM-WDF02-04530,WDF02,SM-WDF02,2026-01-26,Card payment 20,2,1.58,EUR
PM-WDF02-04531,WDF02,SM-WDF02,2026-01-26,Card payment Master Card,1,2.2,EUR
PM-WDF02-04532,WDF02,SM-WDF02,2026-01-27,Card payment 10,1,0.25,EUR
PM-WDF02-04533,WDF02,SM-WDF02,2026-01-27,Card payment 20,1,3.76,EUR
PM-WDF02-04534,WDF02,SM-WDF02,2026-01-28,Card payment 20,1,0.25,EUR
PM-WDF02-04535,WDF02,SM-WDF02,2026-01-28,Card payment VISA,1,0.25,EUR
PM-WDF02-04536,WDF02,SM-WDF02,2026-01-29,Card payment 10,1,1.0,EUR
PM-WDF02-04537,WDF02,SM-WDF02,2026-01-29,Card payment 20,1,1.2,EUR
PM-WDF02-04538,WDF02,SM-WDF02,2026-01-30,Card payment 20,2,4.0,EUR
PM-WDF02-04539,WDF02,SM-WDF02,2026-02-03,Card payment 20,1,1.2,EUR
PM-WDF02-04540,WDF02,SM-WDF02,2026-02-04,Card payment 20,2,3.2,EUR
PM-WDF02-04541,WDF02,SM-WDF02,2026-02-05,Card payment VISA,1,1.0,EUR
PM-WDF02-04542,WDF02,SM-WDF02,2026-02-06,Card payment 20,1,0.25,EUR
PM-WDF02-04543,WDF02,SM-WDF02,2026-02-06,Card payment VISA,1,2.67,EUR
PM-WDF02-04544,WDF02,SM-WDF02,2026-02-09,Card payment 20,1,1.7,EUR
PM-WDF02-04545,WDF02,SM-WDF02,2026-02-10,Card payment 20,3,7.38,EUR
PM-WDF02-04546,WDF02,SM-WDF02,2026-02-10,Card payment Master Card,1,0.15,EUR
PM-WDF02-04547,WDF02,SM-WDF02,2026-02-11,Card payment 20,1,1.0,EUR
PM-WDF02-04548,WDF02,SM-WDF02,2026-02-12,Card payment 20,2,0.65,EUR
PM-WDF02-04549,WDF02,SM-WDF02,2026-02-12,Card payment VISA,1,3.8,EUR
PM-WDF02-04550,WDF02,SM-WDF02,2026-02-17,Card payment 20,6,13.63,EUR
PM-WDF02-04551,WDF02,SM-WDF02,2026-02-18,Card payment,1,2.0,EUR
PM-WDF02-04552,WDF02,SM-WDF02,2026-02-18,Card payment 20,2,16.55,EUR
PM-WDF02-04553,WDF02,SM-WDF02,2026-02-18,Card payment VISA,1,2.7,EUR
PM-WDF02-04554,WDF02,SM-WDF02,2026-02-19,Card payment 10,1,0.25,EUR
PM-WDF02-04555,WDF02,SM-WDF02,2026-02-19,Card payment 20,1,1.8,EUR
PM-WDF02-04556,WDF02,SM-WDF02,2026-02-23,Card payment 20,1,3.15,EUR
PM-WDF02-04557,WDF02,SM-WDF02,2026-02-23,Card payment VISA,2,2.65,EUR
PM-WDF02-04558,WDF02,SM-WDF02,2026-02-24,Card payment 20,5,8.06,EUR
PM-WDF02-04559,WDF02,SM-WDF02,2026-02-24,Card payment Master Card,1,0.65,EUR
PM-WDF02-04560,WDF02,SM-WDF02,2026-02-26,Card payment 10,1,0.4,EUR
PM-WDF02-04561,WDF02,SM-WDF02,2026-02-27,Card payment 10,1,0.25,EUR
PM-WDF02-04562,WDF02,SM-WDF02,2026-02-27,Card payment 20,4,8.41,EUR
PM-WDF02-04563,WDF02,SM-WDF02,2026-03-02,Card payment American Express,1,3.7,EUR
PM-WDF02-04564,WDF02,SM-WDF02,2026-03-03,Card payment 20,3,3.25,EUR
PM-WDF02-04565,WDF02,SM-WDF02,2026-03-04,Card payment 20,1,0.19,EUR
PM-WDF02-04566,WDF02,SM-WDF02,2026-03-04,Card payment VISA,4,11.47,EUR
PM-WDF02-04567,WDF02,SM-WDF02,2026-03-05,Card payment 20,1,2.2,EUR
PM-WDF02-04568,WDF02,SM-WDF02,2026-03-06,Card payment 20,1,2.3,EUR
PM-WDF02-04569,WDF02,SM-WDF02,2026-03-10,Card payment 20,1,3.58,EUR
PM-WDF02-04570,WDF02,SM-WDF02,2026-03-10,Card payment VISA,2,3.0,EUR
PM-WDF02-04571,WDF02,SM-WDF02,2026-03-11,Card payment 20,4,9.13,EUR
PM-WDF02-04572,WDF02,SM-WDF02,2026-03-12,Card payment 10,1,4.19,EUR
PM-WDF02-04573,WDF02,SM-WDF02,2026-03-12,Card payment 20,2,4.08,EUR
PM-WDF02-04574,WDF02,SM-WDF02,2026-03-12,Card payment VISA,1,4.25,EUR
PM-WDF02-04575,WDF02,SM-WDF02,2026-03-13,Card payment 20,3,3.32,EUR
PM-WDF02-04576,WDF02,SM-WDF02,2026-03-13,Card payment VISA,1,1.5,EUR
PM-WDF02-04577,WDF02,SM-WDF02,2026-03-16,Card payment 20,2,2.35,EUR
PM-WDF02-04578,WDF02,SM-WDF02,2026-03-16,Card payment Master Card,2,3.2,EUR
PM-WDF02-04579,WDF02,SM-WDF02,2026-03-17,Card payment 20,3,7.8,EUR
PM-WDF02-04580,WDF02,SM-WDF02,2026-03-17,Card payment VISA,2,7.86,EUR
PM-WDF02-04581,WDF02,SM-WDF02,2026-03-18,Card payment 10,1,2.5,EUR
PM-WDF02-04582,WDF02,SM-WDF02,2026-03-19,Card payment 20,1,4.9,EUR
PM-WDF02-04583,WDF02,SM-WDF02,2026-03-20,Card payment 20,1,1.2,EUR
PM-WDF02-04584,WDF02,SM-WDF02,2026-03-23,Card payment 20,4,4.41,EUR
PM-WDF02-04585,WDF02,SM-WDF02,2026-03-24,Card payment 20,1,0.25,EUR
PM-WDF02-04586,WDF02,SM-WDF02,2026-03-25,Card payment VISA,1,2.5,EUR
PM-WDF02-04587,WDF02,SM-WDF02,2026-03-26,Card payment 20,1,3.42,EUR
PM-WDF02-04588,WDF02,SM-WDF02,2026-03-26,Card payment Master Card,1,4.42,EUR
PM-WDF02-04589,WDF02,SM-WDF02,2026-03-27,Card payment 20,2,7.8,EUR
PM-WDF02-04590,WDF02,SM-WDF02,2026-03-30,Card payment 20,2,3.53,EUR
PM-WDF02-04591,WDF02,SM-WDF02,2026-03-30,Card payment VISA,1,3.15,EUR
PM-WDF02-04592,WDF02,SM-WDF02,2026-03-31,Card payment,1,3.63,EUR
PM-WDF02-04593,WDF02,SM-WDF02,2026-03-31,Card payment 20,2,4.2,EUR
PM-WDF02-04594,WDF02,SM-WDF02,2026-03-31,Card payment VISA,1,1.17,EUR
PM-WDF02-04595,WDF02,SM-WDF02,2026-04-01,Card payment 20,3,4.64,EUR
PM-WDF02-04596,WDF02,SM-WDF02,2026-04-01,Card payment VISA,1,0.08,EUR
PM-WDF02-04597,WDF02,SM-WDF02,2026-04-02,Card payment 20,4,8.84,EUR
PM-WDF02-04598,WDF02,SM-WDF02,2026-04-02,Card payment VISA,2,9.9,EUR
PM-WDF02-04599,WDF02,SM-WDF02,2026-04-03,Card payment 20,1,2.5,EUR
PM-WDF02-04600,WDF02,SM-WDF02,2026-04-07,Card payment 20,2,1.25,EUR
PM-WDF02-04601,WDF02,SM-WDF02,2026-04-08,Card payment 20,1,0.15,EUR
PM-WDF02-04602,WDF02,SM-WDF02,2026-04-08,Card payment VISA,1,1.7,EUR
PM-WDF02-04603,WDF02,SM-WDF02,2026-04-09,Card payment 20,4,6.94,EUR
PM-WDF02-04604,WDF02,SM-WDF02,2026-04-13,Card payment 20,2,5.48,EUR
PM-WDF02-04605,WDF02,SM-WDF02,2026-04-13,Card payment Master Card,2,3.15,EUR
PM-WDF02-04606,WDF02,SM-WDF02,2026-04-14,Card payment 20,4,7.77,EUR
PM-WDF02-04607,WDF02,SM-WDF02,2026-04-14,Card payment Master Card,1,1.7,EUR
PM-WDF02-04608,WDF02,SM-WDF02,2026-04-15,Card payment 20,2,3.44,EUR
PM-WDF02-04609,WDF02,SM-WDF02,2026-04-16,Card payment 20,1,1.7,EUR
PM-WDF02-04610,WDF02,SM-WDF02,2026-04-17,Card payment 20,3,5.9,EUR
PM-WDF02-04611,WDF02,SM-WDF02,2026-04-21,Card payment 20,1,3.4,EUR
PM-WDF02-04612,WDF02,SM-WDF02,2026-04-21,Card payment VISA,1,2.5,EUR
PM-WDF02-04613,WDF02,SM-WDF02,2026-04-22,Card payment 20,1,4.3,EUR
PM-WDF02-04614,WDF02,SM-WDF02,2026-04-22,Card payment VISA,1,1.45,EUR
PM-WDF02-04615,WDF02,SM-WDF02,2026-04-23,Card payment 20,2,0.16,EUR
PM-WDF02-04616,WDF02,SM-WDF02,2026-04-23,Card payment VISA,1,1.4,EUR
PM-WDF02-04617,WDF02,SM-WDF02,2026-04-27,Card payment 20,2,7.4,EUR
PM-WDF02-04618,WDF02,SM-WDF02,2026-04-27,Card payment VISA,1,1.32,EUR
PM-WDF02-04619,WDF02,SM-WDF02,2026-04-28,Card payment 20,1,0.86,EUR
PM-WDF02-04620,WDF02,SM-WDF02,2026-04-28,Card payment Master Card,1,0.15,EUR
PM-WDF02-04621,WDF02,SM-WDF02,2026-04-28,Card payment VISA,2,3.28,EUR
PM-WDF02-04622,WDF02,SM-WDF02,2026-04-30,Card payment 10,1,0.23,EUR
PM-WDF02-04623,WDF02,SM-WDF02,2026-04-30,Card payment 20,1,1.2,EUR
PM-WDF02-04624,WDF02,SM-WDF02,2026-04-30,Card payment Master Card,2,4.61,EUR
PM-WDF02-04625,WDF02,SM-WDF02,2026-05-01,Card payment 20,1,1.0,EUR
PM-WDF02-04626,WDF02,SM-WDF02,2026-05-04,Card payment 20,1,2.65,EUR
PM-WDF02-04627,WDF02,SM-WDF02,2026-05-04,Card payment American Express,1,5.3,EUR
PM-WDF02-04628,WDF02,SM-WDF02,2026-05-04,Card payment Master Card,1,1.0,EUR
PM-WDF02-04629,WDF02,SM-WDF02,2026-05-05,Card payment 20,3,5.37,EUR
PM-WDF02-04630,WDF02,SM-WDF02,2026-05-06,Card payment 10,1,1.5,EUR
PM-WDF02-04631,WDF02,SM-WDF02,2026-05-06,Card payment Master Card,1,0.24,EUR
PM-WDF02-04632,WDF02,SM-WDF02,2026-05-06,Card payment VISA,1,1.02,EUR
PM-WDF02-04633,WDF02,SM-WDF02,2026-05-07,Card payment 20,3,5.3,EUR
PM-WDF02-04634,WDF02,SM-WDF02,2026-05-07,Card payment VISA,1,2.05,EUR
PM-WDF02-04635,WDF02,SM-WDF02,2026-05-08,Card payment 20,1,4.7,EUR
PM-WDF02-04636,WDF02,SM-WDF02,2026-05-11,Card payment 20,5,8.47,EUR
PM-WDF02-04637,WDF02,SM-WDF02,2026-05-12,Card payment 20,2,1.77,EUR
PM-WDF02-04638,WDF02,SM-WDF02,2026-05-13,Card payment 20,2,0.5,EUR
PM-WDF02-04639,WDF02,SM-WDF02,2026-05-13,Card payment Master Card,1,0.25,EUR
PM-WDF02-04640,WDF02,SM-WDF02,2026-05-13,Card payment VISA,1,2.2,EUR
PM-WDF02-04641,WDF02,SM-WDF02,2026-05-14,Card payment 20,3,5.85,EUR
PM-WDF02-04642,WDF02,SM-WDF02,2026-05-15,Card payment 20,1,0.33,EUR
PM-WDF02-04643,WDF02,SM-WDF02,2026-05-15,Card payment VISA,1,2.1,EUR
PM-WDF02-04644,WDF02,SM-WDF02,2026-05-18,Card payment 10,1,1.5,EUR
PM-WDF02-04645,WDF02,SM-WDF02,2026-05-18,Card payment 20,3,6.45,EUR
PM-WDF02-04646,WDF02,SM-WDF02,2026-05-18,Card payment Master Card,1,1.51,EUR
PM-WDF02-04647,WDF02,SM-WDF02,2026-05-19,Card payment 10,1,0.15,EUR
PM-WDF02-04648,WDF02,SM-WDF02,2026-05-19,Card payment VISA,2,1.9,EUR
PM-WDF02-04649,WDF02,SM-WDF02,2026-05-20,Card payment 20,1,2.5,EUR
PM-WDF02-04650,WDF02,SM-WDF02,2026-05-20,Card payment Master Card,1,3.93,EUR
PM-WDF02-04651,WDF02,SM-WDF02,2026-05-21,Card payment Master Card,1,1.7,EUR
PM-WDF02-04652,WDF02,SM-WDF02,2026-05-22,Card payment 20,2,2.7,EUR
PM-WDF02-04653,WDF02,SM-WDF02,2026-05-25,Card payment 20,1,1.2,EUR
PM-WDF02-04654,WDF02,SM-WDF02,2026-05-26,Card payment 20,1,1.5,EUR
PM-WDF02-04655,WDF02,SM-WDF02,2026-05-26,Card payment VISA,1,4.7,EUR
PM-WDF02-04656,WDF02,SM-WDF02,2026-05-27,Card payment 20,5,5.83,EUR
PM-WDF02-04657,WDF02,SM-WDF02,2026-05-28,Card payment 10,1,1.0,EUR
PM-WDF02-04658,WDF02,SM-WDF02,2026-05-28,Card payment 20,4,8.2,EUR
PM-WDF02-04659,WDF02,SM-WDF02,2026-05-29,Card payment 20,2,3.5,EUR
PM-WDF02-04660,WDF02,SM-WDF02,2026-06-01,Card payment 20,2,1.28,EUR
PM-WDF02-04661,WDF02,SM-WDF02,2026-06-01,Card payment American Express,1,2.2,EUR
PM-WDF02-04662,WDF02,SM-WDF02,2026-06-01,Card payment Master Card,1,1.2,EUR
PM-WDF02-04663,WDF02,SM-WDF02,2026-06-02,Card payment 20,2,5.8,EUR
PM-WDF02-04664,WDF02,SM-WDF02,2026-06-03,Card payment 20,1,1.06,EUR
PM-WDF02-04665,WDF02,SM-WDF02,2026-06-04,Card payment 10,1,0.15,EUR
PM-WDF02-04666,WDF02,SM-WDF02,2026-06-04,Card payment 20,2,1.41,EUR
PM-WDF02-04667,WDF02,SM-WDF02,2026-06-04,Card payment VISA,1,2.24,EUR
PM-WDF02-04668,WDF02,SM-WDF02,2026-06-05,Card payment 20,1,2.5,EUR
PM-WDF02-04669,WDF02,SM-WDF02,2026-06-05,Card payment Master Card,1,0.25,EUR
PM-WDF02-04670,WDF02,SM-WDF02,2026-06-05,Card payment VISA,1,2.0,EUR
PM-WDF02-04671,WDF02,SM-WDF02,2026-06-08,Card payment 20,4,12.65,EUR
PM-WDF02-04672,WDF02,SM-WDF02,2026-06-09,Card payment 10,1,0.32,EUR
PM-WDF02-04673,WDF02,SM-WDF02,2026-06-09,Card payment 20,1,3.8,EUR
PM-WDF02-04674,WDF02,SM-WDF02,2026-06-09,Card payment VISA,1,1.62,EUR
PM-WDF02-04675,WDF02,SM-WDF02,2026-06-10,Card payment 20,2,3.15,EUR
PM-WDF02-04676,WDF02,SM-WDF02,2026-06-10,Card payment Master Card,1,2.5,EUR
PM-WDF02-04677,WDF02,SM-WDF02,2026-06-10,Card payment VISA,1,2.5,EUR
PM-WDF02-04678,WDF02,SM-WDF02,2026-06-11,Card payment 20,1,1.7,EUR
PM-WDF02-04679,WDF02,SM-WDF02,2026-06-12,Card payment 20,4,5.4,EUR
PM-WDF02-04680,WDF02,SM-WDF02,2026-06-15,Card payment 10,1,3.9,EUR
PM-WDF02-04681,WDF02,SM-WDF02,2026-06-15,Card payment VISA,2,1.5,EUR
PM-WDF02-04682,WDF02,SM-WDF02,2026-06-16,Card payment,1,1.7,EUR
PM-WDF02-04683,WDF02,SM-WDF02,2026-06-16,Card payment 20,1,1.5,EUR
PM-WDF02-04684,WDF02,SM-WDF02,2026-06-17,Card payment 20,2,4.06,EUR
PM-WDF02-04685,WDF02,SM-WDF02,2026-06-18,Card payment 20,2,2.73,EUR
PM-WDF02-04686,WDF02,SM-WDF02,2026-06-18,Card payment VISA,1,1.95,EUR
PM-WDF02-04687,WDF02,SM-WDF02,2026-06-19,Card payment 20,1,0.15,EUR
PM-WDF02-04688,WDF02,SM-WDF02,2026-06-23,Card payment 20,1,0.19,EUR
PM-WDF02-04689,WDF02,SM-WDF02,2026-06-23,Card payment VISA,1,0.15,EUR
PM-WDF02-04690,WDF02,SM-WDF02,2026-06-24,Card payment 20,2,0.5,EUR
PM-WDF02-04691,WDF02,SM-WDF02,2026-06-25,Card payment 20,3,5.3,EUR
PM-WDF02-04692,WDF02,SM-WDF02,2026-06-25,Card payment VISA,1,0.25,EUR
PM-WDF02-04693,WDF02,SM-WDF02,2026-06-26,Card payment 10,1,2.5,EUR
PM-WDF02-04694,WDF02,SM-WDF02,2026-06-26,Card payment 20,2,2.4,EUR
PM-WDF02-04695,WDF02,SM-WDF02,2026-06-29,Card payment 20,2,7.3,EUR
PM-WDF02-04696,WDF02,SM-WDF02,2026-06-29,Card payment Master Card,2,2.6,EUR
PM-WDF02-04697,WDF02,SM-WDF02,2026-06-30,Card payment 20,4,7.21,EUR
PM-WDF02-04698,WDF02,SM-WDF02,2026-06-30,Card payment VISA,1,2.0,EUR
PM-WDF02-04699,WDF02,SM-WDF02,2026-07-01,Card payment 20,3,6.08,EUR
PM-WDF02-04700,WDF02,SM-WDF02,2026-07-01,Card payment VISA,1,1.95,EUR
PM-WDF02-04701,WDF02,SM-WDF02,2026-07-02,Card payment 20,3,4.9,EUR
PM-WDF02-04702,WDF02,SM-WDF02,2026-07-02,Card payment VISA,3,8.7,EUR
PM-WDF02-04703,WDF02,SM-WDF02,2026-07-03,Card payment 20,3,5.98,EUR
PM-WDF02-04704,WDF02,SM-WDF02,2026-07-03,Card payment VISA,1,1.7,EUR
