ID,store_ID,posSystem_ID,article_ID,detectedOn,pattern,severity,criticality,state,anomalyScore,cancellationRate,baselineRate,valueAtRisk,currency_code,evidence,recommendedAction
SA-000001,WDF01,PF02,SM0014,2026-05-31,PRICE_ERROR,CRITICAL,1,OPEN,100,0.9524,0.95,635.94,EUR,"Cancelled value implies EUR 31.80 per unit but the master price is EUR 0.99 (factor 32.12). Cancellation rate 95.2% against a network baseline of 95.0% for this article (7 events, 20 units).",Reconcile the article master price with the electronic shelf label.
SA-000002,WDF01,PF02,AR90004,2026-07-03,TAG_ABSENT,CRITICAL,1,OPEN,100,0.3557,0.1547,126.9,EUR,"Leergut 0,25 EUR is not RFID tagged but is being presented at an autonomous gate (508 cancellations, 508.0049999999996 units). Cancellation rate 35.6% against a network baseline of 15.5% for this article (508 events, 508.0049999999996 units). Counted stock runs 13.2% below book stock across 21 daily counts.",Add the article to the RFID tagging list or block it from the autonomous assortment.
SA-000003,WDF01,SM01,SM0018,2026-06-07,PRICE_ERROR,CRITICAL,1,OPEN,96.4,1,1,59.7,EUR,Cancelled value implies EUR 19.90 per unit but the master price is EUR 3.95 (factor 5.04).,Reconcile the article master price with the electronic shelf label.
SA-000004,WDF02,PF-WDF02,AR00163,2026-05-01,RFID_MISREAD,CRITICAL,1,OPEN,91.52,0.75,0.2222,22.8,EUR,"Cancellation rate 75.0% against a network baseline of 22.2% for this article (3 events, 6 units).",Re-tag the facing and run an RFID read test at the gate antenna.
SA-000005,WDF02,PF-WDF02,AR00164,2026-03-27,RFID_MISREAD,CRITICAL,1,OPEN,91.05,0.75,0.2338,22.8,EUR,"Cancellation rate 75.0% against a network baseline of 23.4% for this article (3 events, 6 units). Counted stock runs 32.2% below book stock across 21 daily counts. GO FRESH Wrap Linse Falaf is not RFID tagged but is being presented at an autonomous gate (3 cancellations, 6 units).",Re-tag the facing and run an RFID read test at the gate antenna.
SA-000006,WDF02,PF-WDF02,AR00288,2026-06-16,STOCK_VARIANCE,CRITICAL,1,OPEN,90.66,0.8,0.6094,19.2,EUR,"Counted stock runs 54.1% below book stock across 21 daily counts. Smothie Froosh  Strawberry 250ml is not RFID tagged but is being presented at an autonomous gate (5 cancellations, 8 units). Cancellation rate 80.0% against a network baseline of 60.9% for this article (5 events, 8 units).",Schedule a cycle count and check the shelf for concealed removals.
SA-000007,STR01,PF-STR01,AR00245,2026-06-02,RFID_MISREAD,CRITICAL,1,OPEN,90.51,0.1538,0.0452,18.6,EUR,"Cancellation rate 15.4% against a network baseline of 4.5% for this article (3 events, 6 units). Counted stock runs 8.2% below book stock across 21 daily counts.",Re-tag the facing and run an RFID read test at the gate antenna.
SA-000008,WDF02,PF-WDF02,AR00065,2026-05-05,RFID_MISREAD,CRITICAL,1,OPEN,90.21,0.5,0.139,17.5,EUR,"Cancellation rate 50.0% against a network baseline of 13.9% for this article (3 events, 7 units). Counted stock runs 13.1% below book stock across 21 daily counts.",Re-tag the facing and run an RFID read test at the gate antenna.
SA-000009,STR01,PF-STR01,AR00031,2026-06-26,RFID_MISREAD,CRITICAL,1,OPEN,89.92,0.5238,0.16,16.5,EUR,"Cancellation rate 52.4% against a network baseline of 16.0% for this article (4 events, 11 units).",Re-tag the facing and run an RFID read test at the gate antenna.
SA-000010,WDF01,PF02,AR00054,2026-06-26,STOCK_VARIANCE,CRITICAL,1,OPEN,89.45,0.3333,0.2188,15,EUR,"Counted stock runs 49.3% below book stock across 21 daily counts. M&M Peanut is not RFID tagged but is being presented at an autonomous gate (11 cancellations, 15 units). Cancellation rate 33.3% against a network baseline of 21.9% for this article (11 events, 15 units).",Schedule a cycle count and check the shelf for concealed removals.
SA-000011,MUC01,PF-MUC01,AR90040,2026-06-19,STOCK_VARIANCE,CRITICAL,1,OPEN,89.34,0.5,0.3534,18.7,EUR,"Counted stock runs 44.7% below book stock across 21 daily counts. FUZE T PFIRSICH is not RFID tagged but is being presented at an autonomous gate (4 cancellations, 11 units). Cancellation rate 50.0% against a network baseline of 35.3% for this article (4 events, 11 units).",Schedule a cycle count and check the shelf for concealed removals.
SA-000012,BLN01,SM-BLN01,AR90040,2026-05-26,STOCK_VARIANCE,CRITICAL,1,OPEN,88.97,0.2581,0.3534,13.6,EUR,Counted stock runs 51.5% below book stock across 21 daily counts.,Schedule a cycle count and check the shelf for concealed removals.
SA-000013,HAM01,PF-HAM01,AR90040,2026-06-18,STOCK_VARIANCE,CRITICAL,1,OPEN,88.97,0.3478,0.3534,13.6,EUR,"Counted stock runs 61.7% below book stock across 21 daily counts. FUZE T PFIRSICH is not RFID tagged but is being presented at an autonomous gate (4 cancellations, 8 units).",Schedule a cycle count and check the shelf for concealed removals.
SA-000014,WDF02,SM-WDF02,AR00194,2026-04-16,BASKET_ABANDONED,CRITICAL,1,OPEN,88.6,0.7778,0.2348,12.6,EUR,"Cancellation rate 77.8% against a network baseline of 23.5% for this article (3 events, 7 units).",Review basket abandonment at this terminal with the shift lead.
SA-000015,WDF02,PF-WDF02,AR00244,2026-05-11,RFID_MISREAD,CRITICAL,1,OPEN,88.56,0.625,0.119,12.5,EUR,"Cancellation rate 62.5% against a network baseline of 11.9% for this article (3 events, 5 units). Counted stock runs 31.8% below book stock across 21 daily counts. HOMEMADE BUN Veggie Laugenecke Tom Moz is not RFID tagged but is being presented at an autonomous gate (3 cancellations, 5 units).",Re-tag the facing and run an RFID read test at the gate antenna.
SA-000016,WDF01,PF02,AR90003,2026-06-24,TAG_ABSENT,CRITICAL,1,OPEN,88.35,0.1706,0.0688,11.96,EUR,"Leergut 0,15 EUR is not RFID tagged but is being presented at an autonomous gate (79 cancellations, 78.98799999999996 units). Cancellation rate 17.1% against a network baseline of 6.9% for this article (79 events, 78.98799999999996 units). Counted stock runs 21.9% below book stock across 21 daily counts.",Add the article to the RFID tagging list or block it from the autonomous assortment.
SA-000017,WDF02,SM-WDF02,AR00240,2026-06-11,BASKET_ABANDONED,CRITICAL,1,OPEN,88.12,0.5,0.1408,11.4,EUR,"Cancellation rate 50.0% against a network baseline of 14.1% for this article (3 events, 6 units). Counted stock runs 9.1% below book stock across 21 daily counts.",Review basket abandonment at this terminal with the shift lead.
SA-000018,WDF01,SM01,SM0017,2026-03-24,PRICE_ERROR,CRITICAL,1,OPEN,87.58,0.8571,0.9048,37.76,EUR,Cancelled value implies EUR 6.29 per unit but the master price is EUR 1.99 (factor 3.16).,Reconcile the article master price with the electronic shelf label.
SA-000019,WDF02,SM-WDF02,AR00011,2026-06-01,BASKET_ABANDONED,CRITICAL,1,OPEN,87,0.5294,0.1348,9,EUR,"Cancellation rate 52.9% against a network baseline of 13.5% for this article (3 events, 9 units). Counted stock runs 8.7% below book stock across 21 daily counts.",Review basket abandonment at this terminal with the shift lead.
SA-000020,WDF02,SM-WDF02,AR00288,2026-03-23,STOCK_VARIANCE,CRITICAL,1,OPEN,85.97,0.6,0.6094,7.2,EUR,Counted stock runs 54.1% below book stock across 21 daily counts.,Schedule a cycle count and check the shelf for concealed removals.
SA-000021,STR01,PF-STR01,AR00054,2026-06-29,STOCK_VARIANCE,CRITICAL,1,OPEN,85.84,0.3333,0.2188,7,EUR,"Counted stock runs 48.1% below book stock across 21 daily counts. M&M Peanut is not RFID tagged but is being presented at an autonomous gate (3 cancellations, 7 units). Cancellation rate 33.3% against a network baseline of 21.9% for this article (3 events, 7 units).",Schedule a cycle count and check the shelf for concealed removals.
SA-000022,STR01,PF-STR01,AR90040,2026-04-23,STOCK_VARIANCE,CRITICAL,1,OPEN,85.71,0.25,0.3534,6.8,EUR,"Counted stock runs 50.6% below book stock across 21 daily counts. FUZE T PFIRSICH is not RFID tagged but is being presented at an autonomous gate (3 cancellations, 4 units).",Schedule a cycle count and check the shelf for concealed removals.
SA-000023,STR01,SM-STR01,AR90040,2026-06-24,STOCK_VARIANCE,CRITICAL,1,OPEN,85.71,0.25,0.3534,6.8,EUR,Counted stock runs 50.6% below book stock across 21 daily counts.,Schedule a cycle count and check the shelf for concealed removals.
SA-000024,WDF01,PF02,AR00003,2026-02-28,STOCK_VARIANCE,CRITICAL,1,OPEN,85.14,0.2308,0.2393,6,EUR,"Counted stock runs 49.4% below book stock across 21 daily counts. KitKat is not RFID tagged but is being presented at an autonomous gate (6 cancellations, 6 units).",Schedule a cycle count and check the shelf for concealed removals.
SA-000025,HAM01,PF-HAM01,AR00003,2026-05-22,STOCK_VARIANCE,CRITICAL,1,OPEN,85.14,0.24,0.2393,6,EUR,"Counted stock runs 54.1% below book stock across 21 daily counts. KitKat is not RFID tagged but is being presented at an autonomous gate (3 cancellations, 6 units). Cancellation rate 24.0% against a network baseline of 23.9% for this article (3 events, 6 units).",Schedule a cycle count and check the shelf for concealed removals.
SA-000026,HAM01,PF-HAM01,AR00054,2026-05-15,STOCK_VARIANCE,CRITICAL,1,OPEN,85.14,0.1277,0.2188,6,EUR,"Counted stock runs 50.7% below book stock across 21 daily counts. M&M Peanut is not RFID tagged but is being presented at an autonomous gate (3 cancellations, 6 units).",Schedule a cycle count and check the shelf for concealed removals.
SA-000027,WDF01,PF02,SM0015,2026-06-10,PRICE_ERROR,CRITICAL,1,OPEN,84.79,1,1,5.55,EUR,Cancelled value implies EUR 0.92 per unit but the master price is EUR 3.95 (factor 0.23).,Reconcile the article master price with the electronic shelf label.
SA-000028,WDF01,PF02,AR90002,2026-06-23,TAG_ABSENT,CRITICAL,1,OPEN,84.34,0.2305,0.102,5,EUR,"Leergut 0,08 EUR is not RFID tagged but is being presented at an autonomous gate (62 cancellations, 62.00000000000002 units). Counted stock runs 45.6% below book stock across 21 daily counts. Cancellation rate 23.0% against a network baseline of 10.2% for this article (62 events, 62.00000000000002 units).",Add the article to the RFID tagging list or block it from the autonomous assortment.
SA-000029,MUC01,PF-MUC01,AR00054,2026-04-16,STOCK_VARIANCE,CRITICAL,1,OPEN,84.34,0.2,0.2188,5,EUR,"Counted stock runs 49.5% below book stock across 21 daily counts. M&M Peanut is not RFID tagged but is being presented at an autonomous gate (3 cancellations, 5 units).",Schedule a cycle count and check the shelf for concealed removals.
SA-000030,WDF02,PF-WDF02,AR00188,2026-04-14,RFID_MISREAD,CRITICAL,1,OPEN,82.29,0.4118,0.1357,12.6,EUR,"Cancellation rate 41.2% against a network baseline of 13.6% for this article (3 events, 7 units). Counted stock runs 6.0% below book stock across 21 daily counts.",Re-tag the facing and run an RFID read test at the gate antenna.
SA-000031,WDF01,PF02,AR00241,2026-06-28,RFID_MISREAD,CRITICAL,1,OPEN,81.87,0.299,0.1082,72.54,EUR,"Cancellation rate 29.9% against a network baseline of 10.8% for this article (28 events, 28.998000000000005 units). Counted stock runs 6.8% below book stock across 21 daily counts.",Re-tag the facing and run an RFID read test at the gate antenna.
SA-000032,WDF01,PF02,AR90040,2026-06-10,STOCK_VARIANCE,CRITICAL,1,OPEN,79.52,0.2593,0.3534,11.9,EUR,"Counted stock runs 40.1% below book stock across 21 daily counts. FUZE T PFIRSICH is not RFID tagged but is being presented at an autonomous gate (7 cancellations, 7 units).",Schedule a cycle count and check the shelf for concealed removals.
SA-000033,MUC01,PF-MUC01,AR90002,2026-05-28,STOCK_VARIANCE,CRITICAL,1,OPEN,78.29,0.0902,0.102,0.88,EUR,"Counted stock runs 51.2% below book stock across 21 daily counts. Leergut 0,08 EUR is not RFID tagged but is being presented at an autonomous gate (5 cancellations, 11 units).",Schedule a cycle count and check the shelf for concealed removals.
SA-000034,WDF01,PF02,SM0017,2026-05-10,PRICE_ERROR,HIGH,1,OPEN,77.8,0.95,0.9048,93.81,EUR,"Cancelled value implies EUR 4.94 per unit but the master price is EUR 1.99 (factor 2.48). Cancellation rate 95.0% against a network baseline of 90.5% for this article (5 events, 19 units).",Reconcile the article master price with the electronic shelf label.
SA-000035,WDF01,SM01,AR90002,2026-05-04,STOCK_VARIANCE,HIGH,1,OPEN,77.32,0.0327,0.102,0.56,EUR,Counted stock runs 45.6% below book stock across 21 daily counts.,Schedule a cycle count and check the shelf for concealed removals.
SA-000036,WDF01,PF02,AR00243,2026-03-28,RFID_MISREAD,HIGH,1,OPEN,76.99,0.2462,0.0909,40,EUR,"Cancellation rate 24.6% against a network baseline of 9.1% for this article (16 events, 16 units). Counted stock runs 10.0% below book stock across 21 daily counts.",Re-tag the facing and run an RFID read test at the gate antenna.
SA-000037,STR01,PF-STR01,AR00330,2026-04-01,TAG_ABSENT,HIGH,1,OPEN,75.71,1,0.8788,175.5,EUR,"The Yeah Blend Pistatcha Latte Powder is not RFID tagged but is being presented at an autonomous gate (5 cancellations, 9 units). Cancellation rate 100.0% against a network baseline of 87.9% for this article (5 events, 9 units).",Add the article to the RFID tagging list or block it from the autonomous assortment.
SA-000038,MUC01,PF-MUC01,AR00330,2026-06-02,TAG_ABSENT,HIGH,1,OPEN,73.6,1,0.8788,156,EUR,"The Yeah Blend Pistatcha Latte Powder is not RFID tagged but is being presented at an autonomous gate (3 cancellations, 8 units). Cancellation rate 100.0% against a network baseline of 87.9% for this article (3 events, 8 units).",Add the article to the RFID tagging list or block it from the autonomous assortment.
SA-000039,WDF02,PF-WDF02,AR00456,2026-06-30,TAG_ABSENT,HIGH,1,OPEN,72.23,1,0.7027,103.5,EUR,"Heitlinger Pinot Bois is not RFID tagged but is being presented at an autonomous gate (4 cancellations, 9 units). Cancellation rate 100.0% against a network baseline of 70.3% for this article (4 events, 9 units).",Add the article to the RFID tagging list or block it from the autonomous assortment.
SA-000040,WDF01,PF02,AR90018,2026-06-28,RFID_MISREAD,HIGH,1,OPEN,72.15,0.4503,0.1932,185.38,EUR,"Cancellation rate 45.0% against a network baseline of 19.3% for this article (95 events, 95.01499999999996 units). Counted stock runs 15.3% below book stock across 21 daily counts.",Re-tag the facing and run an RFID read test at the gate antenna.
SA-000041,WDF02,PF-WDF02,AR90035,2026-03-31,RFID_MISREAD,HIGH,1,OPEN,72.04,0.6667,0.248,17,EUR,"Cancellation rate 66.7% against a network baseline of 24.8% for this article (4 events, 10 units). Counted stock runs 17.6% below book stock across 21 daily counts.",Re-tag the facing and run an RFID read test at the gate antenna.
SA-000042,WDF02,PF-WDF02,AR00230,2026-04-24,TAG_ABSENT,HIGH,1,OPEN,71.4,1,0.7222,102,EUR,"Thermobecher 480ml Bambus & Edelstahl is not RFID tagged but is being presented at an autonomous gate (3 cancellations, 6 units). Cancellation rate 100.0% against a network baseline of 72.2% for this article (3 events, 6 units).",Add the article to the RFID tagging list or block it from the autonomous assortment.
SA-000043,WDF01,SM01,SM0015,2026-06-10,PRICE_ERROR,HIGH,1,OPEN,71.31,1,1,11.93,EUR,Cancelled value implies EUR 1.49 per unit but the master price is EUR 3.95 (factor 0.38).,Reconcile the article master price with the electronic shelf label.
SA-000044,HAM01,PF-HAM01,AR00456,2026-06-05,TAG_ABSENT,HIGH,1,OPEN,70.93,0.7,0.7027,80.5,EUR,"Heitlinger Pinot Bois is not RFID tagged but is being presented at an autonomous gate (4 cancellations, 7 units).",Add the article to the RFID tagging list or block it from the autonomous assortment.
SA-000045,HAM01,PF-HAM01,AR00070,2026-07-03,TAG_ABSENT,HIGH,1,OPEN,69.6,0.8333,0.8409,34.5,EUR,"Milka Alpenmilch is not RFID tagged but is being presented at an autonomous gate (8 cancellations, 15 units).",Add the article to the RFID tagging list or block it from the autonomous assortment.
SA-000046,MUC01,PF-MUC01,AR00456,2026-04-21,TAG_ABSENT,HIGH,1,OPEN,69.39,0.6667,0.7027,69,EUR,"Heitlinger Pinot Bois is not RFID tagged but is being presented at an autonomous gate (3 cancellations, 6 units).",Add the article to the RFID tagging list or block it from the autonomous assortment.
SA-000047,STR01,PF-STR01,AR00137,2026-06-25,RFID_MISREAD,HIGH,1,OPEN,69.37,0.5,0.1968,27,EUR,"Cancellation rate 50.0% against a network baseline of 19.7% for this article (5 events, 10 units). Counted stock runs 18.5% below book stock across 21 daily counts.",Re-tag the facing and run an RFID read test at the gate antenna.
SA-000048,WDF01,PF02,SM0016,2026-06-01,PRICE_ERROR,HIGH,1,OPEN,68.73,1,1,21.23,EUR,Cancelled value implies EUR 1.63 per unit but the master price is EUR 3.95 (factor 0.41).,Reconcile the article master price with the electronic shelf label.
SA-000049,WDF01,PF02,AR00230,2026-03-22,TAG_ABSENT,HIGH,1,OPEN,67.84,0.6,0.7222,51,EUR,"Thermobecher 480ml Bambus & Edelstahl is not RFID tagged but is being presented at an autonomous gate (3 cancellations, 3 units).",Add the article to the RFID tagging list or block it from the autonomous assortment.
SA-000050,STR01,PF-STR01,AR00193,2026-07-02,RFID_MISREAD,HIGH,1,OPEN,67.63,0.4167,0.1611,14,EUR,"Cancellation rate 41.7% against a network baseline of 16.1% for this article (6 events, 10 units).",Re-tag the facing and run an RFID read test at the gate antenna.
SA-000051,WDF02,PF-WDF02,AR00359,2026-06-30,TAG_ABSENT,HIGH,1,OPEN,67.47,1,0.9355,47.4,EUR,"Geschnetzeltes vom D. Angus Rind im Glas is not RFID tagged but is being presented at an autonomous gate (3 cancellations, 6 units). Cancellation rate 100.0% against a network baseline of 93.5% for this article (3 events, 6 units).",Add the article to the RFID tagging list or block it from the autonomous assortment.
SA-000052,WDF01,PF02,AR00244,2026-04-23,TAG_ABSENT,HIGH,1,OPEN,66.87,0.1356,0.119,20,EUR,"HOMEMADE BUN Veggie Laugenecke Tom Moz is not RFID tagged but is being presented at an autonomous gate (8 cancellations, 8 units). Counted stock runs 30.2% below book stock across 21 daily counts. Cancellation rate 13.6% against a network baseline of 11.9% for this article (8 events, 8 units).",Add the article to the RFID tagging list or block it from the autonomous assortment.
SA-000053,WDF01,PF02,AR90034,2026-06-29,RFID_MISREAD,HIGH,1,OPEN,66.85,0.3125,0.1343,67.99,EUR,"Cancellation rate 31.3% against a network baseline of 13.4% for this article (40 events, 40.00099999999999 units). Counted stock runs 9.4% below book stock across 21 daily counts.",Re-tag the facing and run an RFID read test at the gate antenna.
SA-000054,STR01,PF-STR01,AR00024,2026-02-20,RFID_MISREAD,HIGH,1,OPEN,66.72,0.4118,0.163,17.5,EUR,"Cancellation rate 41.2% against a network baseline of 16.3% for this article (3 events, 7 units). Counted stock runs 10.1% below book stock across 21 daily counts.",Re-tag the facing and run an RFID read test at the gate antenna.
SA-000055,WDF02,PF-WDF02,AR00010,2026-04-10,RFID_MISREAD,HIGH,1,OPEN,65.83,0.3,0.1132,6,EUR,"Cancellation rate 30.0% against a network baseline of 11.3% for this article (3 events, 6 units). Counted stock runs 23.1% below book stock across 21 daily counts.",Re-tag the facing and run an RFID read test at the gate antenna.
SA-000056,HAM01,PF-HAM01,AR00143,2026-06-22,TAG_ABSENT,HIGH,1,OPEN,65.81,1,0.9474,29.5,EUR,"Fairy Original Spülmittel is not RFID tagged but is being presented at an autonomous gate (4 cancellations, 10 units). Cancellation rate 100.0% against a network baseline of 94.7% for this article (4 events, 10 units).",Add the article to the RFID tagging list or block it from the autonomous assortment.
SA-000057,HAM01,PF-HAM01,AR00304,2026-07-01,TAG_ABSENT,HIGH,1,OPEN,65.76,0.6667,0.7097,33.9,EUR,"Graci Laboratories Muesli Fruits Big Tu is not RFID tagged but is being presented at an autonomous gate (3 cancellations, 6 units).",Add the article to the RFID tagging list or block it from the autonomous assortment.
SA-000058,WDF02,SM-WDF02,AR00319,2026-07-01,BASKET_ABANDONED,HIGH,1,OPEN,65.58,0.5556,0.2102,6,EUR,"Cancellation rate 55.6% against a network baseline of 21.0% for this article (3 events, 5 units). Counted stock runs 14.9% below book stock across 21 daily counts.",Review basket abandonment at this terminal with the shift lead.
SA-000059,WDF02,PF-WDF02,AR00017,2026-03-31,TAG_ABSENT,HIGH,1,OPEN,64.65,1,0.7778,23.4,EUR,"Wheat Germ & Tomato Cuori 250g is not RFID tagged but is being presented at an autonomous gate (4 cancellations, 6 units). Cancellation rate 100.0% against a network baseline of 77.8% for this article (4 events, 6 units).",Add the article to the RFID tagging list or block it from the autonomous assortment.
SA-000060,MUC01,PF-MUC01,AR00288,2026-05-28,TAG_ABSENT,HIGH,1,OPEN,64.25,0.6923,0.6094,21.6,EUR,"Smothie Froosh  Strawberry 250ml is not RFID tagged but is being presented at an autonomous gate (4 cancellations, 9 units). Cancellation rate 69.2% against a network baseline of 60.9% for this article (4 events, 9 units).",Add the article to the RFID tagging list or block it from the autonomous assortment.
SA-000061,WDF02,PF-WDF02,AR00190,2026-07-02,RFID_MISREAD,HIGH,1,OPEN,63.99,0.5,0.2,12,EUR,"Cancellation rate 50.0% against a network baseline of 20.0% for this article (3 events, 8 units). Brown Donut is not RFID tagged but is being presented at an autonomous gate (3 cancellations, 8 units). Counted stock runs 20.8% below book stock across 21 daily counts.",Re-tag the facing and run an RFID read test at the gate antenna.
SA-000062,HAM01,PF-HAM01,AR00231,2026-06-26,TAG_ABSENT,HIGH,1,OPEN,63.96,0.6667,0.7879,23.7,EUR,"Deostick Sweet Summer is not RFID tagged but is being presented at an autonomous gate (3 cancellations, 6 units).",Add the article to the RFID tagging list or block it from the autonomous assortment.
SA-000063,HAM01,PF-HAM01,AR00015,2026-05-11,TAG_ABSENT,HIGH,1,OPEN,63.82,0.5455,0.6471,19.8,EUR,"Markenbutter Alu is not RFID tagged but is being presented at an autonomous gate (4 cancellations, 6 units).",Add the article to the RFID tagging list or block it from the autonomous assortment.
SA-000064,WDF02,PF-WDF02,AR00318,2026-05-12,RFID_MISREAD,HIGH,1,OPEN,63.37,0.9167,0.3714,13.2,EUR,"Cancellation rate 91.7% against a network baseline of 37.1% for this article (4 events, 11 units).",Re-tag the facing and run an RFID read test at the gate antenna.
SA-000065,MUC01,PF-MUC01,AR00070,2026-06-24,TAG_ABSENT,HIGH,1,OPEN,63.29,1,0.8409,20.7,EUR,"Milka Alpenmilch is not RFID tagged but is being presented at an autonomous gate (3 cancellations, 9 units). Cancellation rate 100.0% against a network baseline of 84.1% for this article (3 events, 9 units).",Add the article to the RFID tagging list or block it from the autonomous assortment.
SA-000066,WDF01,SM01,SM0016,2026-03-24,PRICE_ERROR,HIGH,1,OPEN,62.84,1,1,13.93,EUR,Cancelled value implies EUR 1.74 per unit but the master price is EUR 3.95 (factor 0.44).,Reconcile the article master price with the electronic shelf label.
SA-000067,MUC01,PF-MUC01,AR00143,2026-04-30,TAG_ABSENT,HIGH,1,OPEN,62.51,1,0.9474,17.7,EUR,"Fairy Original Spülmittel is not RFID tagged but is being presented at an autonomous gate (3 cancellations, 6 units). Cancellation rate 100.0% against a network baseline of 94.7% for this article (3 events, 6 units).",Add the article to the RFID tagging list or block it from the autonomous assortment.
SA-000068,WDF02,PF-WDF02,AR00082,2026-05-21,TAG_ABSENT,HIGH,1,OPEN,62.43,1,0.6585,17.4,EUR,"Nivea Creme is not RFID tagged but is being presented at an autonomous gate (3 cancellations, 6 units). Cancellation rate 100.0% against a network baseline of 65.9% for this article (3 events, 6 units).",Add the article to the RFID tagging list or block it from the autonomous assortment.
SA-000069,WDF02,PF-WDF02,AR00143,2026-03-27,TAG_ABSENT,HIGH,1,OPEN,62.37,1,0.9474,14.75,EUR,"Fairy Original Spülmittel is not RFID tagged but is being presented at an autonomous gate (4 cancellations, 5 units). Cancellation rate 100.0% against a network baseline of 94.7% for this article (4 events, 5 units).",Add the article to the RFID tagging list or block it from the autonomous assortment.
SA-000070,STR01,PF-STR01,AR00197,2026-05-29,TAG_ABSENT,HIGH,1,OPEN,62.08,0.9,0.9211,16.2,EUR,"Knäckebrot Urtyp 250g Burger is not RFID tagged but is being presented at an autonomous gate (3 cancellations, 9 units).",Add the article to the RFID tagging list or block it from the autonomous assortment.
SA-000071,WDF02,PF-WDF02,AR00064,2026-04-17,RFID_MISREAD,HIGH,1,OPEN,61.72,0.8462,0.3661,27.5,EUR,"Cancellation rate 84.6% against a network baseline of 36.6% for this article (4 events, 11 units). Counted stock runs 15.3% below book stock across 21 daily counts.",Re-tag the facing and run an RFID read test at the gate antenna.
SA-000072,WDF01,PF02,AR00240,2026-06-17,RFID_MISREAD,HIGH,1,OPEN,61.61,0.3111,0.1408,53.2,EUR,"Cancellation rate 31.1% against a network baseline of 14.1% for this article (26 events, 28 units). Counted stock runs 8.4% below book stock across 21 daily counts.",Re-tag the facing and run an RFID read test at the gate antenna.
SA-000073,WDF02,PF-WDF02,AR00056,2026-06-12,RFID_MISREAD,HIGH,1,OPEN,61.37,0.9,0.3861,22.5,EUR,"Cancellation rate 90.0% against a network baseline of 38.6% for this article (5 events, 9 units).",Re-tag the facing and run an RFID read test at the gate antenna.
SA-000074,STR01,PF-STR01,AR90030,2026-07-01,RFID_MISREAD,HIGH,1,OPEN,60.95,0.7143,0.3016,16,EUR,"Cancellation rate 71.4% against a network baseline of 30.2% for this article (5 events, 10 units). Counted stock runs 13.6% below book stock across 21 daily counts.",Re-tag the facing and run an RFID read test at the gate antenna.
SA-000075,MUC01,PF-MUC01,AR00197,2026-06-16,TAG_ABSENT,HIGH,1,OPEN,60.85,1,0.9211,12.6,EUR,"Knäckebrot Urtyp 250g Burger is not RFID tagged but is being presented at an autonomous gate (3 cancellations, 7 units). Cancellation rate 100.0% against a network baseline of 92.1% for this article (3 events, 7 units).",Add the article to the RFID tagging list or block it from the autonomous assortment.
SA-000076,WDF02,PF-WDF02,AR00396,2026-03-06,RFID_MISREAD,HIGH,1,OPEN,60.84,0.4545,0.1879,11,EUR,"Cancellation rate 45.5% against a network baseline of 18.8% for this article (3 events, 5 units). Counted stock runs 16.2% below book stock across 21 daily counts.",Re-tag the facing and run an RFID read test at the gate antenna.
SA-000077,HAM01,PF-HAM01,AR00244,2026-06-12,TAG_ABSENT,HIGH,1,OPEN,60.81,0.0455,0.119,12.5,EUR,"HOMEMADE BUN Veggie Laugenecke Tom Moz is not RFID tagged but is being presented at an autonomous gate (3 cancellations, 5 units). Counted stock runs 28.4% below book stock across 21 daily counts.",Add the article to the RFID tagging list or block it from the autonomous assortment.
SA-000078,HAM01,PF-HAM01,AR00288,2026-05-09,TAG_ABSENT,HIGH,1,OPEN,60.62,0.4545,0.6094,12,EUR,"Smothie Froosh  Strawberry 250ml is not RFID tagged but is being presented at an autonomous gate (3 cancellations, 5 units).",Add the article to the RFID tagging list or block it from the autonomous assortment.
SA-000079,WDF02,PF-WDF02,AR00004,2026-06-23,RFID_MISREAD,HIGH,1,OPEN,60.59,0.8333,0.3309,5,EUR,"Cancellation rate 83.3% against a network baseline of 33.1% for this article (4 events, 10 units).",Re-tag the facing and run an RFID read test at the gate antenna.
SA-000080,STR01,PF-STR01,AR00143,2026-06-01,TAG_ABSENT,HIGH,1,OPEN,60.54,1,0.9474,11.8,EUR,"Fairy Original Spülmittel is not RFID tagged but is being presented at an autonomous gate (3 cancellations, 4 units). Cancellation rate 100.0% against a network baseline of 94.7% for this article (3 events, 4 units).",Add the article to the RFID tagging list or block it from the autonomous assortment.
SA-000081,WDF02,SM-WDF02,AR00121,2026-05-28,BASKET_ABANDONED,HIGH,1,OPEN,60.23,0.5714,0.2449,17.6,EUR,"Cancellation rate 57.1% against a network baseline of 24.5% for this article (3 events, 8 units). Counted stock runs 15.9% below book stock across 21 daily counts.",Review basket abandonment at this terminal with the shift lead.
SA-000082,WDF02,SM-WDF02,AR00157,2026-06-24,BASKET_ABANDONED,HIGH,1,OPEN,59.83,0.7,0.3097,26.6,EUR,"Cancellation rate 70.0% against a network baseline of 31.0% for this article (3 events, 7 units). Counted stock runs 9.1% below book stock across 21 daily counts.",Review basket abandonment at this terminal with the shift lead.
SA-000083,STR01,PF-STR01,AR00244,2026-05-24,TAG_ABSENT,HIGH,1,OPEN,59.75,0.1481,0.119,10,EUR,"HOMEMADE BUN Veggie Laugenecke Tom Moz is not RFID tagged but is being presented at an autonomous gate (3 cancellations, 4 units). Counted stock runs 25.6% below book stock across 21 daily counts. Cancellation rate 14.8% against a network baseline of 11.9% for this article (3 events, 4 units).",Add the article to the RFID tagging list or block it from the autonomous assortment.
SA-000084,STR01,PF-STR01,AR00161,2026-06-10,RFID_MISREAD,HIGH,1,OPEN,59.38,0.8,0.3434,15.2,EUR,"Cancellation rate 80.0% against a network baseline of 34.3% for this article (3 events, 4 units).",Re-tag the facing and run an RFID read test at the gate antenna.
SA-000085,STR01,PF-STR01,AR00396,2026-06-16,RFID_MISREAD,HIGH,1,OPEN,59.04,0.4286,0.1879,19.8,EUR,"Cancellation rate 42.9% against a network baseline of 18.8% for this article (4 events, 9 units). Counted stock runs 14.3% below book stock across 21 daily counts.",Re-tag the facing and run an RFID read test at the gate antenna.
SA-000086,MUC01,PF-MUC01,AR90004,2026-06-18,TAG_ABSENT,HIGH,1,OPEN,58.89,0.0316,0.1547,4.25,EUR,"Leergut 0,25 EUR is not RFID tagged but is being presented at an autonomous gate (7 cancellations, 17 units). Counted stock runs 13.1% below book stock across 21 daily counts.",Add the article to the RFID tagging list or block it from the autonomous assortment.
SA-000087,STR01,PF-STR01,AR00319,2026-04-09,RFID_MISREAD,HIGH,1,OPEN,58.82,0.5,0.2102,9.6,EUR,"Cancellation rate 50.0% against a network baseline of 21.0% for this article (4 events, 8 units). Counted stock runs 9.4% below book stock across 21 daily counts.",Re-tag the facing and run an RFID read test at the gate antenna.
SA-000088,WDF02,PF-WDF02,AR00161,2026-06-23,RFID_MISREAD,HIGH,1,OPEN,58.51,0.75,0.3434,34.2,EUR,"Cancellation rate 75.0% against a network baseline of 34.3% for this article (4 events, 9 units). Counted stock runs 8.4% below book stock across 21 daily counts.",Re-tag the facing and run an RFID read test at the gate antenna.
SA-000089,WDF02,PF-WDF02,AR00203,2026-05-06,RFID_MISREAD,HIGH,1,OPEN,57.28,0.8571,0.3778,15,EUR,"Cancellation rate 85.7% against a network baseline of 37.8% for this article (3 events, 6 units).",Re-tag the facing and run an RFID read test at the gate antenna.
SA-000090,WDF02,PF-WDF02,AR90009,2026-05-11,RFID_MISREAD,HIGH,1,OPEN,56.49,0.25,0.1057,6.4,EUR,"Cancellation rate 25.0% against a network baseline of 10.6% for this article (3 events, 4 units). Counted stock runs 14.3% below book stock across 21 daily counts.",Re-tag the facing and run an RFID read test at the gate antenna.
SA-000091,WDF01,PF02,AR00190,2026-01-11,TAG_ABSENT,HIGH,1,OPEN,56.13,0.1154,0.2,4.5,EUR,"Brown Donut is not RFID tagged but is being presented at an autonomous gate (3 cancellations, 3 units). Counted stock runs 20.4% below book stock across 21 daily counts.",Add the article to the RFID tagging list or block it from the autonomous assortment.
SA-000092,WDF01,PF02,AR00395,2026-06-13,RFID_MISREAD,HIGH,1,OPEN,56.04,0.136,0.0655,42.5,EUR,"Cancellation rate 13.6% against a network baseline of 6.5% for this article (17 events, 17 units). Counted stock runs 17.4% below book stock across 21 daily counts.",Re-tag the facing and run an RFID read test at the gate antenna.
SA-000093,WDF02,PF-WDF02,AR00166,2026-05-18,RFID_MISREAD,HIGH,1,OPEN,55.97,0.7143,0.3253,19,EUR,"Cancellation rate 71.4% against a network baseline of 32.5% for this article (3 events, 5 units). Counted stock runs 9.0% below book stock across 21 daily counts.",Re-tag the facing and run an RFID read test at the gate antenna.
SA-000094,WDF01,PF02,AR00039,2026-07-03,RFID_MISREAD,HIGH,1,OPEN,55.48,0.5,0.2448,48,EUR,"Cancellation rate 50.0% against a network baseline of 24.5% for this article (14 events, 48 units). Counted stock runs 14.5% below book stock across 21 daily counts.",Re-tag the facing and run an RFID read test at the gate antenna.
SA-000095,WDF02,PF-WDF02,AR00151,2026-06-19,RFID_MISREAD,HIGH,1,OPEN,55.22,1,0.4762,31.2,EUR,"Cancellation rate 100.0% against a network baseline of 47.6% for this article (3 events, 8 units).",Re-tag the facing and run an RFID read test at the gate antenna.
SA-000096,STR01,PF-STR01,AR00144,2026-06-24,RFID_MISREAD,MEDIUM,2,OPEN,54.69,1,0.4565,15.2,EUR,"Cancellation rate 100.0% against a network baseline of 45.7% for this article (3 events, 8 units).",Re-tag the facing and run an RFID read test at the gate antenna.
SA-000097,WDF02,PF-WDF02,AR00057,2026-06-18,RFID_MISREAD,MEDIUM,2,OPEN,54.33,0.7059,0.3394,30,EUR,"Cancellation rate 70.6% against a network baseline of 33.9% for this article (4 events, 12 units). Counted stock runs 12.5% below book stock across 21 daily counts.",Re-tag the facing and run an RFID read test at the gate antenna.
SA-000098,WDF01,PF02,AR00094,2026-07-03,STOCK_VARIANCE,MEDIUM,2,OPEN,54.29,0.9597,0.8389,107.01,EUR,"Counted stock runs 18.1% below book stock across 21 daily counts. Cancellation rate 96.0% against a network baseline of 83.9% for this article (124 events, 356.9869999999998 units).",Schedule a cycle count and check the shelf for concealed removals.
SA-000099,WDF01,MOB1,AR00027,2026-06-30,STOCK_VARIANCE,MEDIUM,2,OPEN,53.62,0.8739,0.705,116.48,EUR,"Counted stock runs 17.4% below book stock across 21 daily counts. Cancellation rate 87.4% against a network baseline of 70.5% for this article (97 events, 96.99200000000005 units).",Schedule a cycle count and check the shelf for concealed removals.
SA-000100,HAM01,PF-HAM01,AR90004,2026-06-16,TAG_ABSENT,MEDIUM,2,OPEN,53.27,0.0064,0.1547,1.75,EUR,"Leergut 0,25 EUR is not RFID tagged but is being presented at an autonomous gate (4 cancellations, 7 units). Counted stock runs 17.9% below book stock across 21 daily counts.",Add the article to the RFID tagging list or block it from the autonomous assortment.
SA-000101,WDF01,PF02,AR90012,2026-06-29,STOCK_VARIANCE,MEDIUM,2,OPEN,53.19,0.3097,0.1921,42.35,EUR,"Counted stock runs 20.3% below book stock across 21 daily counts. Cancellation rate 31.0% against a network baseline of 19.2% for this article (35 events, 35.001999999999995 units).",Schedule a cycle count and check the shelf for concealed removals.
SA-000102,WDF02,PF-WDF02,AR00154,2026-06-24,RFID_MISREAD,MEDIUM,2,OPEN,52.89,0.8095,0.4157,54.4,EUR,"Cancellation rate 81.0% against a network baseline of 41.6% for this article (6 events, 17 units). Counted stock runs 12.3% below book stock across 21 daily counts.",Re-tag the facing and run an RFID read test at the gate antenna.
SA-000103,STR01,PF-STR01,AR90004,2026-06-24,TAG_ABSENT,MEDIUM,2,OPEN,52.52,0.021,0.1547,1.75,EUR,"Leergut 0,25 EUR is not RFID tagged but is being presented at an autonomous gate (3 cancellations, 7 units). Counted stock runs 15.3% below book stock across 21 daily counts.",Add the article to the RFID tagging list or block it from the autonomous assortment.
SA-000104,WDF01,PF02,AR00187,2026-04-24,STOCK_VARIANCE,MEDIUM,2,OPEN,52.07,0.2759,0.2886,20,EUR,Counted stock runs 21.9% below book stock across 21 daily counts.,Schedule a cycle count and check the shelf for concealed removals.
SA-000105,WDF02,SM-WDF02,AR00009,2026-04-17,BASKET_ABANDONED,MEDIUM,2,OPEN,51.24,0.3,0.1353,6,EUR,"Cancellation rate 30.0% against a network baseline of 13.5% for this article (3 events, 6 units). Counted stock runs 14.9% below book stock across 21 daily counts.",Review basket abandonment at this terminal with the shift lead.
SA-000106,MUC01,SM-MUC01,AR00137,2026-06-12,STOCK_VARIANCE,MEDIUM,2,OPEN,51.09,0.2,0.1968,18.9,EUR,"Counted stock runs 21.5% below book stock across 21 daily counts. Cancellation rate 20.0% against a network baseline of 19.7% for this article (3 events, 7 units).",Schedule a cycle count and check the shelf for concealed removals.
SA-000107,HAM01,PF-HAM01,AR90002,2026-06-20,STOCK_VARIANCE,MEDIUM,2,OPEN,51.01,0.0346,0.102,0.72,EUR,"Counted stock runs 29.2% below book stock across 21 daily counts. Leergut 0,08 EUR is not RFID tagged but is being presented at an autonomous gate (3 cancellations, 9 units).",Schedule a cycle count and check the shelf for concealed removals.
SA-000108,STR01,PF-STR01,AR00207,2026-05-18,RFID_MISREAD,MEDIUM,2,OPEN,50.85,0.6429,0.2989,9,EUR,"Cancellation rate 64.3% against a network baseline of 29.9% for this article (4 events, 9 units). Counted stock runs 14.6% below book stock across 21 daily counts.",Re-tag the facing and run an RFID read test at the gate antenna.
SA-000109,WDF01,PF02,AR90013,2026-07-01,RFID_MISREAD,MEDIUM,2,OPEN,50.72,0.3729,0.2148,142.65,EUR,"Cancellation rate 37.3% against a network baseline of 21.5% for this article (135 events, 135 units). Counted stock runs 9.3% below book stock across 21 daily counts.",Re-tag the facing and run an RFID read test at the gate antenna.
SA-000110,HAM01,SM-HAM01,AR90002,2026-06-10,STOCK_VARIANCE,MEDIUM,2,OPEN,50.5,0.0271,0.102,0.56,EUR,Counted stock runs 29.2% below book stock across 21 daily counts.,Schedule a cycle count and check the shelf for concealed removals.
SA-000111,MUC01,PF-MUC01,AR00191,2026-05-29,RFID_MISREAD,MEDIUM,2,OPEN,50.47,0.8571,0.4054,10.8,EUR,"Cancellation rate 85.7% against a network baseline of 40.5% for this article (3 events, 6 units).",Re-tag the facing and run an RFID read test at the gate antenna.
SA-000112,WDF02,PF-WDF02,AR00043,2026-05-01,STOCK_VARIANCE,MEDIUM,2,OPEN,50.08,0.8,0.8,71.2,EUR,Counted stock runs 16.8% below book stock across 21 daily counts.,Schedule a cycle count and check the shelf for concealed removals.
SA-000113,WDF01,PF02,AR90015,2026-06-17,STOCK_VARIANCE,MEDIUM,2,OPEN,50.06,0.2667,0.1486,38.1,EUR,"Counted stock runs 18.8% below book stock across 21 daily counts. Cancellation rate 26.7% against a network baseline of 14.9% for this article (32 events, 31.999999999999996 units).",Schedule a cycle count and check the shelf for concealed removals.
SA-000114,STR01,PF-STR01,AR00321,2026-07-03,RFID_MISREAD,MEDIUM,2,OPEN,50.03,0.5385,0.252,8.4,EUR,"Cancellation rate 53.8% against a network baseline of 25.2% for this article (4 events, 7 units). Counted stock runs 21.0% below book stock across 21 daily counts.",Re-tag the facing and run an RFID read test at the gate antenna.
SA-000115,WDF02,PF-WDF02,AR00157,2026-07-02,RFID_MISREAD,MEDIUM,2,OPEN,49.98,0.625,0.3097,19,EUR,"Cancellation rate 62.5% against a network baseline of 31.0% for this article (3 events, 5 units). Counted stock runs 9.1% below book stock across 21 daily counts.",Re-tag the facing and run an RFID read test at the gate antenna.
SA-000116,HAM01,PF-HAM01,AR00454,2026-06-26,STOCK_VARIANCE,MEDIUM,2,OPEN,49.9,0.3143,0.3704,31.9,EUR,Counted stock runs 19.2% below book stock across 21 daily counts.,Schedule a cycle count and check the shelf for concealed removals.
SA-000117,WDF02,SM-WDF02,AR90020,2026-03-03,BASKET_ABANDONED,MEDIUM,2,OPEN,49.89,0.6154,0.301,15.6,EUR,"Cancellation rate 61.5% against a network baseline of 30.1% for this article (4 events, 8 units). Counted stock runs 9.6% below book stock across 21 daily counts.",Review basket abandonment at this terminal with the shift lead.
SA-000118,WDF01,PF02,AR00210,2026-04-05,STOCK_VARIANCE,MEDIUM,2,OPEN,49.59,0.3654,0.2629,22.8,EUR,"Counted stock runs 20.0% below book stock across 21 daily counts. Cancellation rate 36.5% against a network baseline of 26.3% for this article (15 events, 19 units).",Schedule a cycle count and check the shelf for concealed removals.
SA-000119,STR01,PF-STR01,AR00040,2026-04-20,STOCK_VARIANCE,MEDIUM,2,OPEN,49.55,0.5556,0.5185,16.5,EUR,"Counted stock runs 21.0% below book stock across 21 daily counts. Cancellation rate 55.6% against a network baseline of 51.9% for this article (4 events, 5 units).",Schedule a cycle count and check the shelf for concealed removals.
SA-000120,WDF01,PF02,AR90020,2026-05-03,STOCK_VARIANCE,MEDIUM,2,OPEN,49.4,0.4407,0.301,50.72,EUR,"Counted stock runs 17.5% below book stock across 21 daily counts. Cancellation rate 44.1% against a network baseline of 30.1% for this article (26 events, 26 units).",Schedule a cycle count and check the shelf for concealed removals.
SA-000121,MUC01,PF-MUC01,AR00057,2026-07-01,STOCK_VARIANCE,MEDIUM,2,OPEN,49.02,0.5333,0.3394,20,EUR,"Counted stock runs 20.1% below book stock across 21 daily counts. Cancellation rate 53.3% against a network baseline of 33.9% for this article (4 events, 8 units).",Schedule a cycle count and check the shelf for concealed removals.
SA-000122,MUC01,PF-MUC01,AR00319,2026-04-09,STOCK_VARIANCE,MEDIUM,2,OPEN,48.36,0.24,0.2102,7.2,EUR,"Counted stock runs 22.7% below book stock across 21 daily counts. Cancellation rate 24.0% against a network baseline of 21.0% for this article (3 events, 6 units).",Schedule a cycle count and check the shelf for concealed removals.
SA-000123,HAM01,PF-HAM01,AR00039,2026-06-01,STOCK_VARIANCE,MEDIUM,2,OPEN,48.33,0.1644,0.2448,12,EUR,Counted stock runs 21.2% below book stock across 21 daily counts.,Schedule a cycle count and check the shelf for concealed removals.
SA-000124,HAM01,PF-HAM01,AR00055,2026-06-26,STOCK_VARIANCE,MEDIUM,2,OPEN,48.16,0.5,0.4713,32.5,EUR,"Counted stock runs 18.1% below book stock across 21 daily counts. Cancellation rate 50.0% against a network baseline of 47.1% for this article (5 events, 13 units).",Schedule a cycle count and check the shelf for concealed removals.
SA-000125,STR01,PF-STR01,AR00026,2026-06-16,RFID_MISREAD,MEDIUM,2,OPEN,47.93,0.5625,0.2759,10.8,EUR,"Cancellation rate 56.3% against a network baseline of 27.6% for this article (3 events, 9 units). Counted stock runs 14.0% below book stock across 21 daily counts.",Re-tag the facing and run an RFID read test at the gate antenna.
SA-000126,STR01,SM-STR01,AR00138,2026-06-02,STOCK_VARIANCE,MEDIUM,2,OPEN,47.77,0.2727,0.1773,12,EUR,"Counted stock runs 20.9% below book stock across 21 daily counts. Cancellation rate 27.3% against a network baseline of 17.7% for this article (3 events, 6 units).",Schedule a cycle count and check the shelf for concealed removals.
SA-000127,WDF01,PF02,AR90008,2026-05-05,STOCK_VARIANCE,MEDIUM,2,OPEN,47.68,0.4615,0.3361,25.2,EUR,"Counted stock runs 18.6% below book stock across 21 daily counts. Cancellation rate 46.2% against a network baseline of 33.6% for this article (18 events, 18 units).",Schedule a cycle count and check the shelf for concealed removals.
SA-000128,STR01,PF-STR01,AR90010,2026-07-01,RFID_MISREAD,MEDIUM,2,OPEN,47.57,0.625,0.3085,11,EUR,"Cancellation rate 62.5% against a network baseline of 30.9% for this article (3 events, 5 units). Counted stock runs 14.5% below book stock across 21 daily counts.",Re-tag the facing and run an RFID read test at the gate antenna.
SA-000129,WDF02,PF-WDF02,AR00441,2026-05-01,RFID_MISREAD,MEDIUM,2,OPEN,47.49,1,0.5254,25.11,EUR,"Cancellation rate 100.0% against a network baseline of 52.5% for this article (3 events, 9 units).",Re-tag the facing and run an RFID read test at the gate antenna.
SA-000130,MUC01,PF-MUC01,AR00367,2026-04-06,RFID_MISREAD,MEDIUM,2,OPEN,47.42,0.625,0.3214,18.75,EUR,"Cancellation rate 62.5% against a network baseline of 32.1% for this article (3 events, 5 units).",Re-tag the facing and run an RFID read test at the gate antenna.
SA-000131,MUC01,PF-MUC01,AR00405,2026-06-30,RFID_MISREAD,MEDIUM,2,OPEN,47.42,0.7143,0.3556,12,EUR,"Cancellation rate 71.4% against a network baseline of 35.6% for this article (4 events, 10 units).",Re-tag the facing and run an RFID read test at the gate antenna.
SA-000132,BLN01,SM-BLN01,AR00111,2026-03-30,STOCK_VARIANCE,MEDIUM,2,OPEN,47.38,0.2333,0.3148,17.5,EUR,Counted stock runs 19.5% below book stock across 21 daily counts.,Schedule a cycle count and check the shelf for concealed removals.
SA-000133,WDF01,SM01,AR00187,2026-04-12,STOCK_VARIANCE,MEDIUM,2,OPEN,47.36,0.125,0.2886,7.5,EUR,Counted stock runs 21.9% below book stock across 21 daily counts.,Schedule a cycle count and check the shelf for concealed removals.
SA-000134,STR01,PF-STR01,AR00013,2026-04-21,RFID_MISREAD,MEDIUM,2,OPEN,47.27,0.4,0.1927,7.2,EUR,"Cancellation rate 40.0% against a network baseline of 19.3% for this article (3 events, 4 units).",Re-tag the facing and run an RFID read test at the gate antenna.
SA-000135,WDF02,PF-WDF02,AR00204,2026-06-30,RFID_MISREAD,MEDIUM,2,OPEN,46.99,0.75,0.3925,21.6,EUR,"Cancellation rate 75.0% against a network baseline of 39.3% for this article (6 events, 12 units).",Re-tag the facing and run an RFID read test at the gate antenna.
SA-000136,STR01,PF-STR01,AR00001,2026-05-18,RFID_MISREAD,MEDIUM,2,OPEN,46.84,0.3684,0.1783,7,EUR,"Cancellation rate 36.8% against a network baseline of 17.8% for this article (3 events, 7 units). Counted stock runs 14.8% below book stock across 21 daily counts.",Re-tag the facing and run an RFID read test at the gate antenna.
SA-000137,WDF02,SM-WDF02,AR00135,2026-04-07,BASKET_ABANDONED,MEDIUM,2,OPEN,46.73,0.875,0.4643,24.5,EUR,"Cancellation rate 87.5% against a network baseline of 46.4% for this article (3 events, 7 units).",Review basket abandonment at this terminal with the shift lead.
SA-000138,WDF01,SM01,AR90012,2026-06-18,STOCK_VARIANCE,MEDIUM,2,OPEN,46.68,0.1034,0.1921,11.43,EUR,Counted stock runs 20.3% below book stock across 21 daily counts.,Schedule a cycle count and check the shelf for concealed removals.
SA-000139,WDF01,PF02,AR00065,2026-05-20,STOCK_VARIANCE,MEDIUM,2,OPEN,46.59,0.2045,0.139,22.5,EUR,"Counted stock runs 18.3% below book stock across 21 daily counts. Cancellation rate 20.5% against a network baseline of 13.9% for this article (9 events, 9 units).",Schedule a cycle count and check the shelf for concealed removals.
SA-000140,HAM01,PF-HAM01,AR00220,2026-03-06,STOCK_VARIANCE,MEDIUM,2,OPEN,46.41,0.1795,0.3349,7,EUR,Counted stock runs 21.6% below book stock across 21 daily counts.,Schedule a cycle count and check the shelf for concealed removals.
SA-000141,BLN01,SM-BLN01,AR00448,2026-05-27,STOCK_VARIANCE,MEDIUM,2,OPEN,46.28,0.381,0.4177,31.12,EUR,Counted stock runs 17.1% below book stock across 21 daily counts.,Schedule a cycle count and check the shelf for concealed removals.
SA-000142,MUC01,PF-MUC01,AR90042,2026-04-14,RFID_MISREAD,MEDIUM,2,OPEN,46.26,0.4118,0.2101,13.3,EUR,"Cancellation rate 41.2% against a network baseline of 21.0% for this article (3 events, 7 units). Counted stock runs 14.8% below book stock across 21 daily counts.",Re-tag the facing and run an RFID read test at the gate antenna.
SA-000143,MUC01,PF-MUC01,AR00067,2026-05-07,RFID_MISREAD,MEDIUM,2,OPEN,46.25,1,0.5,10,EUR,"Cancellation rate 100.0% against a network baseline of 50.0% for this article (3 events, 4 units).",Re-tag the facing and run an RFID read test at the gate antenna.
SA-000144,HAM01,PF-HAM01,AR00333,2026-05-30,STOCK_VARIANCE,MEDIUM,2,OPEN,46.23,0.3125,0.4215,22.5,EUR,Counted stock runs 18.0% below book stock across 21 daily counts.,Schedule a cycle count and check the shelf for concealed removals.
SA-000145,WDF02,PF-WDF02,AR00401,2026-05-25,RFID_MISREAD,MEDIUM,2,OPEN,46.05,0.8,0.4,9.6,EUR,"Cancellation rate 80.0% against a network baseline of 40.0% for this article (3 events, 8 units). Counted stock runs 13.2% below book stock across 21 daily counts.",Re-tag the facing and run an RFID read test at the gate antenna.
SA-000146,STR01,PF-STR01,AR90051,2026-07-02,RFID_MISREAD,MEDIUM,2,OPEN,45.93,0.8889,0.4545,12.8,EUR,"Cancellation rate 88.9% against a network baseline of 45.5% for this article (4 events, 8 units).",Re-tag the facing and run an RFID read test at the gate antenna.
SA-000147,MUC01,SM-MUC01,AR00055,2026-06-24,STOCK_VARIANCE,MEDIUM,2,OPEN,45.87,0.5,0.4713,15,EUR,"Counted stock runs 19.0% below book stock across 21 daily counts. Cancellation rate 50.0% against a network baseline of 47.1% for this article (3 events, 6 units).",Schedule a cycle count and check the shelf for concealed removals.
SA-000148,STR01,PF-STR01,AR00400,2026-06-25,STOCK_VARIANCE,MEDIUM,2,OPEN,45.84,0.5172,0.2741,18,EUR,"Counted stock runs 18.5% below book stock across 21 daily counts. Cancellation rate 51.7% against a network baseline of 27.4% for this article (7 events, 15 units).",Schedule a cycle count and check the shelf for concealed removals.
SA-000149,WDF01,PF02,AR00136,2026-06-07,STOCK_VARIANCE,MEDIUM,2,OPEN,45.76,0.1321,0.0877,37.8,EUR,"Counted stock runs 16.2% below book stock across 21 daily counts. Cancellation rate 13.2% against a network baseline of 8.8% for this article (14 events, 14 units).",Schedule a cycle count and check the shelf for concealed removals.
SA-000150,WDF01,PF02,AR90019,2026-06-27,STOCK_VARIANCE,MEDIUM,2,OPEN,45.68,0.3572,0.2188,68.2,EUR,"Counted stock runs 14.3% below book stock across 21 daily counts. Cancellation rate 35.7% against a network baseline of 21.9% for this article (35 events, 35.001999999999995 units).",Schedule a cycle count and check the shelf for concealed removals.
SA-000151,WDF01,PF02,AR00220,2026-04-16,STOCK_VARIANCE,MEDIUM,2,OPEN,45.5,0.5429,0.3349,38.01,EUR,"Counted stock runs 16.0% below book stock across 21 daily counts. Cancellation rate 54.3% against a network baseline of 33.5% for this article (11 events, 38.001 units).",Schedule a cycle count and check the shelf for concealed removals.
SA-000152,HAM01,SM-HAM01,AR90053,2026-05-28,STOCK_VARIANCE,MEDIUM,2,OPEN,45.35,0.3462,0.4273,18,EUR,Counted stock runs 18.2% below book stock across 21 daily counts.,Schedule a cycle count and check the shelf for concealed removals.
SA-000153,HAM01,PF-HAM01,AR00394,2026-07-03,STOCK_VARIANCE,MEDIUM,2,OPEN,45.32,0.0571,0.0717,23.2,EUR,Counted stock runs 17.4% below book stock across 21 daily counts.,Schedule a cycle count and check the shelf for concealed removals.
SA-000154,BLN01,SM-BLN01,AR90003,2026-05-01,STOCK_VARIANCE,MEDIUM,2,OPEN,45.21,0.0183,0.0688,1.2,EUR,Counted stock runs 24.9% below book stock across 21 daily counts.,Schedule a cycle count and check the shelf for concealed removals.
SA-000155,WDF02,PF-WDF02,AR00176,2026-05-05,RFID_MISREAD,MEDIUM,2,OPEN,45.17,0.7273,0.3725,11.2,EUR,"Cancellation rate 72.7% against a network baseline of 37.3% for this article (4 events, 8 units). Counted stock runs 11.0% below book stock across 21 daily counts.",Re-tag the facing and run an RFID read test at the gate antenna.
SA-000156,WDF01,SM01,AR00094,2026-06-05,STOCK_VARIANCE,MEDIUM,2,OPEN,45.14,0.7973,0.8389,17.67,EUR,Counted stock runs 18.1% below book stock across 21 daily counts.,Schedule a cycle count and check the shelf for concealed removals.
SA-000157,WDF02,PF-WDF02,AR00187,2026-06-19,RFID_MISREAD,MEDIUM,2,OPEN,44.78,0.5556,0.2886,12.5,EUR,"Cancellation rate 55.6% against a network baseline of 28.9% for this article (3 events, 5 units). Counted stock runs 9.3% below book stock across 21 daily counts.",Re-tag the facing and run an RFID read test at the gate antenna.
SA-000158,WDF01,PF02,AR90055,2026-05-14,STOCK_VARIANCE,MEDIUM,2,OPEN,44.56,0.4265,0.3088,33.03,EUR,"Counted stock runs 15.9% below book stock across 21 daily counts. Cancellation rate 42.6% against a network baseline of 30.9% for this article (29 events, 28.998000000000005 units).",Schedule a cycle count and check the shelf for concealed removals.
SA-000159,WDF02,PF-WDF02,AR00219,2026-06-23,RFID_MISREAD,MEDIUM,2,OPEN,44.45,0.8333,0.4265,9.5,EUR,"Cancellation rate 83.3% against a network baseline of 42.6% for this article (3 events, 5 units).",Re-tag the facing and run an RFID read test at the gate antenna.
SA-000160,MUC01,PF-MUC01,AR00278,2026-06-29,STOCK_VARIANCE,MEDIUM,2,OPEN,44.45,0.5,0.5574,71.4,EUR,Counted stock runs 13.4% below book stock across 21 daily counts.,Schedule a cycle count and check the shelf for concealed removals.
SA-000161,STR01,PF-STR01,AR00009,2026-05-27,RFID_MISREAD,MEDIUM,2,OPEN,44.4,0.2632,0.1353,10,EUR,"Cancellation rate 26.3% against a network baseline of 13.5% for this article (5 events, 10 units). Counted stock runs 12.9% below book stock across 21 daily counts.",Re-tag the facing and run an RFID read test at the gate antenna.
SA-000162,STR01,SM-STR01,AR00118,2026-03-31,STOCK_VARIANCE,MEDIUM,2,OPEN,44.35,0.6667,0.6667,17.7,EUR,Counted stock runs 17.6% below book stock across 21 daily counts.,Schedule a cycle count and check the shelf for concealed removals.
SA-000163,WDF02,PF-WDF02,AR00006,2026-06-25,RFID_MISREAD,MEDIUM,2,OPEN,44.29,0.6364,0.3333,12.6,EUR,"Cancellation rate 63.6% against a network baseline of 33.3% for this article (3 events, 7 units). Counted stock runs 6.2% below book stock across 21 daily counts.",Re-tag the facing and run an RFID read test at the gate antenna.
SA-000164,MUC01,PF-MUC01,AR00403,2026-04-10,STOCK_VARIANCE,MEDIUM,2,OPEN,44.29,0.5,0.4143,9.6,EUR,"Counted stock runs 19.4% below book stock across 21 daily counts. Cancellation rate 50.0% against a network baseline of 41.4% for this article (4 events, 8 units).",Schedule a cycle count and check the shelf for concealed removals.
SA-000165,WDF01,PF02,AR00289,2026-06-02,STOCK_VARIANCE,MEDIUM,2,OPEN,43.99,0.1948,0.1464,33,EUR,"Counted stock runs 15.5% below book stock across 21 daily counts. Cancellation rate 19.5% against a network baseline of 14.6% for this article (12 events, 15 units).",Schedule a cycle count and check the shelf for concealed removals.
SA-000166,HAM01,PF-HAM01,AR90019,2026-06-06,STOCK_VARIANCE,MEDIUM,2,OPEN,43.54,0.0845,0.2188,11.7,EUR,Counted stock runs 18.4% below book stock across 21 daily counts.,Schedule a cycle count and check the shelf for concealed removals.
SA-000167,HAM01,PF-HAM01,AR00276,2026-05-16,STOCK_VARIANCE,MEDIUM,2,OPEN,43.5,0.1622,0.1886,14.4,EUR,Counted stock runs 17.7% below book stock across 21 daily counts.,Schedule a cycle count and check the shelf for concealed removals.
SA-000168,WDF01,MOB1,AR90012,2026-01-20,STOCK_VARIANCE,MEDIUM,2,OPEN,42.97,0.037,0.1921,5.1,EUR,Counted stock runs 20.3% below book stock across 21 daily counts.,Schedule a cycle count and check the shelf for concealed removals.
SA-000169,STR01,PF-STR01,AR00289,2026-04-20,RFID_MISREAD,MEDIUM,2,OPEN,42.89,0.2692,0.1464,15.4,EUR,"Cancellation rate 26.9% against a network baseline of 14.6% for this article (3 events, 7 units). Counted stock runs 14.7% below book stock across 21 daily counts.",Re-tag the facing and run an RFID read test at the gate antenna.
SA-000170,HAM01,PF-HAM01,AR90011,2026-06-17,STOCK_VARIANCE,MEDIUM,2,OPEN,42.8,0.1731,0.2277,15.3,EUR,Counted stock runs 17.1% below book stock across 21 daily counts.,Schedule a cycle count and check the shelf for concealed removals.
SA-000171,MUC01,PF-MUC01,AR00193,2026-05-28,RFID_MISREAD,MEDIUM,2,OPEN,42.69,0.3,0.1611,12.6,EUR,"Cancellation rate 30.0% against a network baseline of 16.1% for this article (4 events, 9 units).",Re-tag the facing and run an RFID read test at the gate antenna.
SA-000172,WDF01,PF02,AR00081,2026-06-25,STOCK_VARIANCE,MEDIUM,2,OPEN,42.63,0.4058,0.3148,53.52,EUR,"Counted stock runs 13.2% below book stock across 21 daily counts. Cancellation rate 40.6% against a network baseline of 31.5% for this article (19 events, 28.002000000000002 units).",Schedule a cycle count and check the shelf for concealed removals.
SA-000173,BLN01,SM-BLN01,AR00405,2026-05-29,STOCK_VARIANCE,MEDIUM,2,OPEN,42.53,0.2174,0.3556,6,EUR,Counted stock runs 19.6% below book stock across 21 daily counts.,Schedule a cycle count and check the shelf for concealed removals.
SA-000174,WDF01,PF02,AR00058,2026-06-24,RFID_MISREAD,MEDIUM,2,OPEN,42.47,0.3703,0.211,24.99,EUR,"Cancellation rate 37.0% against a network baseline of 21.1% for this article (10 events, 9.999 units). Counted stock runs 14.6% below book stock across 21 daily counts.",Re-tag the facing and run an RFID read test at the gate antenna.
SA-000175,WDF01,PF02,AR90027,2026-06-08,STOCK_VARIANCE,MEDIUM,2,OPEN,42.24,0.2857,0.2156,19.2,EUR,"Counted stock runs 16.1% below book stock across 21 daily counts. Cancellation rate 28.6% against a network baseline of 21.6% for this article (12 events, 12 units).",Schedule a cycle count and check the shelf for concealed removals.
SA-000176,STR01,SM-STR01,AR00285,2026-05-28,BASKET_ABANDONED,MEDIUM,2,OPEN,42.14,0.6667,0.3711,17.7,EUR,"Cancellation rate 66.7% against a network baseline of 37.1% for this article (3 events, 6 units).",Review basket abandonment at this terminal with the shift lead.
SA-000177,WDF01,PF02,AR00394,2026-05-05,STOCK_VARIANCE,MEDIUM,2,OPEN,42.08,0.0536,0.0717,17.4,EUR,Counted stock runs 16.3% below book stock across 21 daily counts.,Schedule a cycle count and check the shelf for concealed removals.
SA-000178,STR01,PF-STR01,AR00080,2026-02-25,STOCK_VARIANCE,MEDIUM,2,OPEN,42.06,0.1724,0.2,12.5,EUR,Counted stock runs 17.3% below book stock across 21 daily counts.,Schedule a cycle count and check the shelf for concealed removals.
SA-000179,WDF01,SM01,AR90004,2026-06-28,STOCK_VARIANCE,MEDIUM,2,OPEN,41.96,0.1682,0.1547,46.35,EUR,"Counted stock runs 13.2% below book stock across 21 daily counts. Cancellation rate 16.8% against a network baseline of 15.5% for this article (186 events, 185.9850000000001 units).",Schedule a cycle count and check the shelf for concealed removals.
SA-000180,WDF01,PF02,AR00242,2026-03-15,RFID_MISREAD,MEDIUM,2,OPEN,41.71,0.2325,0.1342,24.99,EUR,"Cancellation rate 23.3% against a network baseline of 13.4% for this article (10 events, 9.999 units). Counted stock runs 7.6% below book stock across 21 daily counts.",Re-tag the facing and run an RFID read test at the gate antenna.
SA-000181,STR01,PF-STR01,AR00136,2026-07-01,STOCK_VARIANCE,MEDIUM,2,OPEN,41.67,0.1346,0.0877,18.9,EUR,"Counted stock runs 15.8% below book stock across 21 daily counts. Cancellation rate 13.5% against a network baseline of 8.8% for this article (3 events, 7 units).",Schedule a cycle count and check the shelf for concealed removals.
SA-000182,WDF01,MOB1,AR90015,2026-01-22,STOCK_VARIANCE,MEDIUM,2,OPEN,41.66,0.0435,0.1486,6.8,EUR,Counted stock runs 18.8% below book stock across 21 daily counts.,Schedule a cycle count and check the shelf for concealed removals.
SA-000183,STR01,PF-STR01,AR00146,2026-05-08,RFID_MISREAD,MEDIUM,2,OPEN,41.59,0.9231,0.5652,47.4,EUR,"Cancellation rate 92.3% against a network baseline of 56.5% for this article (7 events, 12 units).",Re-tag the facing and run an RFID read test at the gate antenna.
SA-000184,WDF01,SM01,AR90003,2026-05-20,STOCK_VARIANCE,MEDIUM,2,OPEN,41.54,0.0303,0.0688,1.8,EUR,Counted stock runs 21.9% below book stock across 21 daily counts.,Schedule a cycle count and check the shelf for concealed removals.
SA-000185,WDF01,PF02,AR00080,2026-06-22,STOCK_VARIANCE,MEDIUM,2,OPEN,41.51,0.2957,0.2,59.52,EUR,"Counted stock runs 12.2% below book stock across 21 daily counts. Cancellation rate 29.6% against a network baseline of 20.0% for this article (19 events, 34.002 units).",Schedule a cycle count and check the shelf for concealed removals.
SA-000186,MUC01,PF-MUC01,AR90054,2026-06-03,STOCK_VARIANCE,MEDIUM,2,OPEN,41.49,0.2917,0.4133,11.9,EUR,Counted stock runs 17.1% below book stock across 21 daily counts.,Schedule a cycle count and check the shelf for concealed removals.
SA-000187,WDF01,PF02,AR90054,2026-06-25,STOCK_VARIANCE,MEDIUM,2,OPEN,41.47,0.5588,0.4133,36.48,EUR,"Counted stock runs 13.7% below book stock across 21 daily counts. Cancellation rate 55.9% against a network baseline of 41.3% for this article (38 events, 38.004000000000005 units).",Schedule a cycle count and check the shelf for concealed removals.
SA-000188,MUC01,PF-MUC01,AR00289,2026-05-17,STOCK_VARIANCE,MEDIUM,2,OPEN,41.44,0.2432,0.1464,19.8,EUR,"Counted stock runs 15.5% below book stock across 21 daily counts. Cancellation rate 24.3% against a network baseline of 14.6% for this article (4 events, 9 units).",Schedule a cycle count and check the shelf for concealed removals.
SA-000189,WDF01,SM01,AR90015,2026-04-17,STOCK_VARIANCE,MEDIUM,2,OPEN,41.36,0.0538,0.1486,6.36,EUR,Counted stock runs 18.8% below book stock across 21 daily counts.,Schedule a cycle count and check the shelf for concealed removals.
SA-000190,HAM01,PF-HAM01,AR00285,2026-05-30,STOCK_VARIANCE,MEDIUM,2,OPEN,41.26,0.3182,0.3711,20.65,EUR,Counted stock runs 15.3% below book stock across 21 daily counts.,Schedule a cycle count and check the shelf for concealed removals.
SA-000191,MUC01,PF-MUC01,AR90015,2026-06-05,STOCK_VARIANCE,MEDIUM,2,OPEN,41.22,0.1525,0.1486,15.3,EUR,"Counted stock runs 16.2% below book stock across 21 daily counts. Cancellation rate 15.3% against a network baseline of 14.9% for this article (3 events, 9 units).",Schedule a cycle count and check the shelf for concealed removals.
SA-000192,WDF01,MOB1,AR00394,2026-05-04,STOCK_VARIANCE,MEDIUM,2,OPEN,41.19,0.045,0.0717,14.5,EUR,Counted stock runs 16.3% below book stock across 21 daily counts.,Schedule a cycle count and check the shelf for concealed removals.
SA-000193,HAM01,PF-HAM01,AR00322,2026-06-24,STOCK_VARIANCE,MEDIUM,2,OPEN,41.19,0.3824,0.2817,15.6,EUR,"Counted stock runs 16.1% below book stock across 21 daily counts. Cancellation rate 38.2% against a network baseline of 28.2% for this article (6 events, 13 units).",Schedule a cycle count and check the shelf for concealed removals.
SA-000194,STR01,PF-STR01,AR00406,2026-06-23,RFID_MISREAD,MEDIUM,2,OPEN,41.13,1,0.5614,16,EUR,"Cancellation rate 100.0% against a network baseline of 56.1% for this article (3 events, 5 units).",Re-tag the facing and run an RFID read test at the gate antenna.
SA-000195,WDF01,PF02,AR00027,2026-05-03,STOCK_VARIANCE,MEDIUM,2,OPEN,41.09,0.3636,0.705,9.6,EUR,Counted stock runs 17.4% below book stock across 21 daily counts.,Schedule a cycle count and check the shelf for concealed removals.
SA-000196,HAM01,SM-HAM01,AR00059,2026-05-19,STOCK_VARIANCE,MEDIUM,2,OPEN,41.06,0.2632,0.3378,12.5,EUR,Counted stock runs 16.7% below book stock across 21 daily counts.,Schedule a cycle count and check the shelf for concealed removals.
SA-000197,HAM01,PF-HAM01,AR00059,2026-06-17,STOCK_VARIANCE,MEDIUM,2,OPEN,41.06,0.2632,0.3378,12.5,EUR,Counted stock runs 16.7% below book stock across 21 daily counts.,Schedule a cycle count and check the shelf for concealed removals.
SA-000198,WDF01,SM01,AR90055,2026-06-16,STOCK_VARIANCE,MEDIUM,2,OPEN,40.98,0.3036,0.3088,16.1,EUR,Counted stock runs 15.9% below book stock across 21 daily counts.,Schedule a cycle count and check the shelf for concealed removals.
SA-000199,WDF01,PF02,AR00321,2026-06-13,STOCK_VARIANCE,MEDIUM,2,OPEN,40.92,0.2308,0.252,7.2,EUR,Counted stock runs 18.2% below book stock across 21 daily counts.,Schedule a cycle count and check the shelf for concealed removals.
SA-000200,WDF01,SM01,AR00081,2026-06-30,STOCK_VARIANCE,MEDIUM,2,OPEN,40.85,0.3167,0.3148,37.74,EUR,"Counted stock runs 13.2% below book stock across 21 daily counts. Cancellation rate 31.7% against a network baseline of 31.5% for this article (19 events, 19.002 units).",Schedule a cycle count and check the shelf for concealed removals.
SA-000201,WDF01,PF02,AR00040,2026-04-21,STOCK_VARIANCE,MEDIUM,2,OPEN,40.79,0.3571,0.5185,16.5,EUR,Counted stock runs 15.7% below book stock across 21 daily counts.,Schedule a cycle count and check the shelf for concealed removals.
SA-000202,WDF02,PF-WDF02,AR00134,2026-05-21,RFID_MISREAD,MEDIUM,2,OPEN,40.78,0.875,0.5122,24.5,EUR,"Cancellation rate 87.5% against a network baseline of 51.2% for this article (3 events, 7 units).",Re-tag the facing and run an RFID read test at the gate antenna.
SA-000203,BLN01,SM-BLN01,AR90030,2026-06-09,STOCK_VARIANCE,MEDIUM,2,OPEN,40.56,0.2051,0.3016,12.8,EUR,Counted stock runs 16.3% below book stock across 21 daily counts.,Schedule a cycle count and check the shelf for concealed removals.
SA-000204,HAM01,SM-HAM01,AR00285,2026-05-11,STOCK_VARIANCE,MEDIUM,2,OPEN,40.49,0.2857,0.3711,17.7,EUR,Counted stock runs 15.3% below book stock across 21 daily counts.,Schedule a cycle count and check the shelf for concealed removals.
SA-000205,MUC01,PF-MUC01,AR90011,2026-03-09,STOCK_VARIANCE,MEDIUM,2,OPEN,40.29,0.2083,0.2277,8.5,EUR,Counted stock runs 17.3% below book stock across 21 daily counts.,Schedule a cycle count and check the shelf for concealed removals.
SA-000206,HAM01,PF-HAM01,AR00154,2026-05-12,STOCK_VARIANCE,MEDIUM,2,OPEN,40.26,0.2222,0.4157,12.8,EUR,Counted stock runs 16.1% below book stock across 21 daily counts.,Schedule a cycle count and check the shelf for concealed removals.
SA-000207,HAM01,SM-HAM01,AR00407,2026-06-01,STOCK_VARIANCE,MEDIUM,2,OPEN,40.26,0.1923,0.3039,16,EUR,Counted stock runs 15.5% below book stock across 21 daily counts.,Schedule a cycle count and check the shelf for concealed removals.
SA-000208,WDF01,PF02,AR90041,2026-06-01,STOCK_VARIANCE,MEDIUM,2,OPEN,40.24,0.6538,0.473,28.9,EUR,"Counted stock runs 13.7% below book stock across 21 daily counts. Cancellation rate 65.4% against a network baseline of 47.3% for this article (17 events, 17 units).",Schedule a cycle count and check the shelf for concealed removals.
SA-000209,MUC01,PF-MUC01,AR00024,2026-01-28,STOCK_VARIANCE,MEDIUM,2,OPEN,40.15,0.1563,0.163,12.5,EUR,Counted stock runs 16.1% below book stock across 21 daily counts.,Schedule a cycle count and check the shelf for concealed removals.
SA-000210,MUC01,PF-MUC01,AR00081,2026-03-18,STOCK_VARIANCE,MEDIUM,2,OPEN,40.15,0.1923,0.3148,12.5,EUR,Counted stock runs 16.1% below book stock across 21 daily counts.,Schedule a cycle count and check the shelf for concealed removals.
SA-000211,HAM01,PF-HAM01,AR00080,2026-06-13,STOCK_VARIANCE,MEDIUM,2,OPEN,40.13,0.1132,0.2,30,EUR,Counted stock runs 13.5% below book stock across 21 daily counts.,Schedule a cycle count and check the shelf for concealed removals.
SA-000212,WDF01,SM01,AR00394,2026-01-18,STOCK_VARIANCE,MEDIUM,2,OPEN,40.11,0.0364,0.0717,11.6,EUR,Counted stock runs 16.3% below book stock across 21 daily counts.,Schedule a cycle count and check the shelf for concealed removals.
SA-000213,HAM01,SM-HAM01,AR00185,2026-02-22,STOCK_VARIANCE,MEDIUM,2,OPEN,40.03,0.2857,0.3983,18,EUR,Counted stock runs 15.0% below book stock across 21 daily counts.,Schedule a cycle count and check the shelf for concealed removals.
SA-000214,STR01,PF-STR01,AR90033,2026-06-08,STOCK_VARIANCE,MEDIUM,2,OPEN,40.01,0.2353,0.2482,4.8,EUR,Counted stock runs 18.7% below book stock across 21 daily counts.,Schedule a cycle count and check the shelf for concealed removals.
SA-000215,WDF02,PF-WDF02,AR00055,2026-05-06,STOCK_VARIANCE,MEDIUM,2,OPEN,39.96,0.7778,0.4713,17.5,EUR,"Counted stock runs 15.0% below book stock across 21 daily counts. Cancellation rate 77.8% against a network baseline of 47.1% for this article (3 events, 7 units).",Schedule a cycle count and check the shelf for concealed removals.
SA-000216,WDF01,MOB1,AR90021,2026-03-06,STOCK_VARIANCE,MEDIUM,2,OPEN,39.95,0.1875,0.25,14.7,EUR,Counted stock runs 15.5% below book stock across 21 daily counts.,Schedule a cycle count and check the shelf for concealed removals.
SA-000217,MUC01,PF-MUC01,AR00378,2026-05-31,RFID_MISREAD,MEDIUM,2,OPEN,39.85,0.8889,0.5821,68,EUR,"Cancellation rate 88.9% against a network baseline of 58.2% for this article (7 events, 16 units).",Re-tag the facing and run an RFID read test at the gate antenna.
SA-000218,WDF02,PF-WDF02,AR00220,2026-04-08,STOCK_VARIANCE,MEDIUM,2,OPEN,39.82,0.375,0.3349,6,EUR,"Counted stock runs 18.0% below book stock across 21 daily counts. Cancellation rate 37.5% against a network baseline of 33.5% for this article (4 events, 6 units).",Schedule a cycle count and check the shelf for concealed removals.
SA-000219,BLN01,SM-BLN01,AR00024,2026-05-31,STOCK_VARIANCE,MEDIUM,2,OPEN,39.81,0.1071,0.163,15,EUR,Counted stock runs 15.4% below book stock across 21 daily counts.,Schedule a cycle count and check the shelf for concealed removals.
SA-000220,STR01,PF-STR01,AR00177,2026-06-30,RFID_MISREAD,MEDIUM,2,OPEN,39.76,0.9167,0.525,15.4,EUR,"Cancellation rate 91.7% against a network baseline of 52.5% for this article (5 events, 11 units).",Re-tag the facing and run an RFID read test at the gate antenna.
SA-000221,STR01,PF-STR01,AR00122,2026-06-01,RFID_MISREAD,MEDIUM,2,OPEN,39.69,0.8333,0.4697,12.5,EUR,"Cancellation rate 83.3% against a network baseline of 47.0% for this article (3 events, 5 units).",Re-tag the facing and run an RFID read test at the gate antenna.
SA-000222,WDF01,PF02,AR00154,2026-03-29,STOCK_VARIANCE,MEDIUM,2,OPEN,39.61,0.3333,0.4157,19.2,EUR,Counted stock runs 14.5% below book stock across 21 daily counts.,Schedule a cycle count and check the shelf for concealed removals.
SA-000223,WDF01,SM01,AR90013,2026-06-25,STOCK_VARIANCE,MEDIUM,2,OPEN,39.61,0.2994,0.2148,103.36,EUR,"Counted stock runs 9.3% below book stock across 21 daily counts. Cancellation rate 29.9% against a network baseline of 21.5% for this article (97 events, 96.99200000000005 units).",Schedule a cycle count and check the shelf for concealed removals.
SA-000224,MUC01,PF-MUC01,AR00185,2026-04-21,STOCK_VARIANCE,MEDIUM,2,OPEN,39.57,0.5,0.3983,27,EUR,"Counted stock runs 13.5% below book stock across 21 daily counts. Cancellation rate 50.0% against a network baseline of 39.8% for this article (4 events, 12 units).",Schedule a cycle count and check the shelf for concealed removals.
SA-000225,WDF01,SM01,AR90054,2026-06-03,STOCK_VARIANCE,MEDIUM,2,OPEN,39.49,0.434,0.4133,24.64,EUR,"Counted stock runs 13.7% below book stock across 21 daily counts. Cancellation rate 43.4% against a network baseline of 41.3% for this article (23 events, 23.002000000000002 units).",Schedule a cycle count and check the shelf for concealed removals.
SA-000226,WDF01,PF02,AR00275,2026-05-08,STOCK_VARIANCE,MEDIUM,2,OPEN,39.48,0.4,0.3535,24,EUR,"Counted stock runs 13.8% below book stock across 21 daily counts. Cancellation rate 40.0% against a network baseline of 35.4% for this article (10 events, 9.999 units).",Schedule a cycle count and check the shelf for concealed removals.
SA-000227,WDF01,SM01,AR00025,2026-03-10,STOCK_VARIANCE,MEDIUM,2,OPEN,39.47,0.2632,0.381,12.5,EUR,Counted stock runs 15.7% below book stock across 21 daily counts.,Schedule a cycle count and check the shelf for concealed removals.
SA-000228,WDF01,PF02,AR00001,2026-03-14,STOCK_VARIANCE,MEDIUM,2,OPEN,39.45,0.1042,0.1783,5,EUR,Counted stock runs 18.3% below book stock across 21 daily counts.,Schedule a cycle count and check the shelf for concealed removals.
SA-000229,BLN01,SM-BLN01,AR90038,2026-05-14,STOCK_VARIANCE,MEDIUM,2,OPEN,39.42,0.1795,0.1847,10.5,EUR,Counted stock runs 16.2% below book stock across 21 daily counts.,Schedule a cycle count and check the shelf for concealed removals.
SA-000230,BLN01,SM-BLN01,AR90033,2026-06-03,STOCK_VARIANCE,MEDIUM,2,OPEN,39.41,0.2581,0.2482,9.6,EUR,"Counted stock runs 16.4% below book stock across 21 daily counts. Cancellation rate 25.8% against a network baseline of 24.8% for this article (3 events, 8 units).",Schedule a cycle count and check the shelf for concealed removals.
SA-000231,WDF01,PF02,AR00294,2026-06-29,STOCK_VARIANCE,MEDIUM,2,OPEN,39.39,0.3256,0.2529,30.8,EUR,"Counted stock runs 12.9% below book stock across 21 daily counts. Cancellation rate 32.6% against a network baseline of 25.3% for this article (13 events, 14 units).",Schedule a cycle count and check the shelf for concealed removals.
SA-000232,HAM01,PF-HAM01,AR90021,2026-04-01,RFID_MISREAD,MEDIUM,2,OPEN,39.38,0.4167,0.25,24.5,EUR,"Cancellation rate 41.7% against a network baseline of 25.0% for this article (3 events, 5 units).",Re-tag the facing and run an RFID read test at the gate antenna.
SA-000233,STR01,PF-STR01,AR00159,2026-06-30,RFID_MISREAD,MEDIUM,2,OPEN,39.31,0.4286,0.2558,22.8,EUR,"Cancellation rate 42.9% against a network baseline of 25.6% for this article (3 events, 6 units). Counted stock runs 7.4% below book stock across 21 daily counts.",Re-tag the facing and run an RFID read test at the gate antenna.
SA-000234,STR01,SM-STR01,AR00027,2026-05-11,STOCK_VARIANCE,MEDIUM,2,OPEN,39.27,0.5833,0.705,8.4,EUR,Counted stock runs 16.7% below book stock across 21 daily counts.,Schedule a cycle count and check the shelf for concealed removals.
SA-000235,WDF01,MOB1,AR90008,2026-01-31,STOCK_VARIANCE,MEDIUM,2,OPEN,39.25,0.125,0.3361,4.2,EUR,Counted stock runs 18.6% below book stock across 21 daily counts.,Schedule a cycle count and check the shelf for concealed removals.
SA-000236,STR01,PF-STR01,AR00401,2026-06-08,STOCK_VARIANCE,MEDIUM,2,OPEN,39.21,0.5385,0.4,8.4,EUR,"Counted stock runs 16.7% below book stock across 21 daily counts. Cancellation rate 53.8% against a network baseline of 40.0% for this article (3 events, 7 units).",Schedule a cycle count and check the shelf for concealed removals.
SA-000237,MUC01,PF-MUC01,AR00274,2026-06-18,STOCK_VARIANCE,MEDIUM,2,OPEN,39.18,0.5833,0.6133,16.8,EUR,Counted stock runs 14.7% below book stock across 21 daily counts.,Schedule a cycle count and check the shelf for concealed removals.
SA-000238,HAM01,PF-HAM01,AR00407,2026-05-05,STOCK_VARIANCE,MEDIUM,2,OPEN,39.17,0.16,0.3039,12.8,EUR,Counted stock runs 15.5% below book stock across 21 daily counts.,Schedule a cycle count and check the shelf for concealed removals.
SA-000239,HAM01,PF-HAM01,AR00101,2026-07-03,STOCK_VARIANCE,MEDIUM,2,OPEN,39.17,0.4762,0.3939,19,EUR,"Counted stock runs 14.3% below book stock across 21 daily counts. Cancellation rate 47.6% against a network baseline of 39.4% for this article (5 events, 10 units).",Schedule a cycle count and check the shelf for concealed removals.
SA-000240,WDF01,PF02,AR90038,2026-06-01,STOCK_VARIANCE,MEDIUM,2,OPEN,39.04,0.1143,0.1847,6,EUR,Counted stock runs 17.5% below book stock across 21 daily counts.,Schedule a cycle count and check the shelf for concealed removals.
SA-000241,WDF02,PF-WDF02,AR90014,2026-04-17,STOCK_VARIANCE,MEDIUM,2,OPEN,39.02,0.2308,0.1806,10.2,EUR,"Counted stock runs 16.0% below book stock across 21 daily counts. Cancellation rate 23.1% against a network baseline of 18.1% for this article (3 events, 6 units).",Schedule a cycle count and check the shelf for concealed removals.
SA-000242,WDF02,PF-WDF02,AR00432,2026-06-10,STOCK_VARIANCE,MEDIUM,2,OPEN,38.99,0.75,0.8723,21,EUR,Counted stock runs 13.9% below book stock across 21 daily counts.,Schedule a cycle count and check the shelf for concealed removals.
SA-000243,STR01,PF-STR01,AR00055,2026-06-19,STOCK_VARIANCE,MEDIUM,2,OPEN,38.98,0.6154,0.4713,20,EUR,"Counted stock runs 14.0% below book stock across 21 daily counts. Cancellation rate 61.5% against a network baseline of 47.1% for this article (3 events, 8 units).",Schedule a cycle count and check the shelf for concealed removals.
SA-000244,HAM01,PF-HAM01,AR00397,2026-04-06,STOCK_VARIANCE,MEDIUM,2,OPEN,38.98,0.2593,0.35,17.5,EUR,Counted stock runs 14.4% below book stock across 21 daily counts.,Schedule a cycle count and check the shelf for concealed removals.
SA-000245,STR01,PF-STR01,AR00208,2026-06-19,STOCK_VARIANCE,MEDIUM,2,OPEN,38.95,0.3158,0.1728,3,EUR,"Counted stock runs 19.2% below book stock across 21 daily counts. Cancellation rate 31.6% against a network baseline of 17.3% for this article (4 events, 6 units).",Schedule a cycle count and check the shelf for concealed removals.
SA-000246,WDF02,SM-WDF02,AR90025,2026-02-24,BASKET_ABANDONED,MEDIUM,2,OPEN,38.85,0.9,0.5085,10.8,EUR,"Cancellation rate 90.0% against a network baseline of 50.8% for this article (3 events, 9 units).",Review basket abandonment at this terminal with the shift lead.
SA-000247,STR01,PF-STR01,AR00064,2026-06-23,RFID_MISREAD,MEDIUM,2,OPEN,38.85,0.6154,0.3661,20,EUR,"Cancellation rate 61.5% against a network baseline of 36.6% for this article (5 events, 8 units). Counted stock runs 13.8% below book stock across 21 daily counts.",Re-tag the facing and run an RFID read test at the gate antenna.
SA-000248,STR01,PF-STR01,AR90041,2026-05-21,STOCK_VARIANCE,MEDIUM,2,OPEN,38.84,0.5385,0.473,11.9,EUR,"Counted stock runs 15.5% below book stock across 21 daily counts. Cancellation rate 53.8% against a network baseline of 47.3% for this article (3 events, 7 units).",Schedule a cycle count and check the shelf for concealed removals.
SA-000249,WDF01,SM01,AR90019,2026-04-24,STOCK_VARIANCE,MEDIUM,2,OPEN,38.82,0.125,0.2188,17.55,EUR,Counted stock runs 14.3% below book stock across 21 daily counts.,Schedule a cycle count and check the shelf for concealed removals.
SA-000250,HAM01,PF-HAM01,AR00286,2026-06-19,STOCK_VARIANCE,MEDIUM,2,OPEN,38.79,0.375,0.3113,10.8,EUR,"Counted stock runs 15.7% below book stock across 21 daily counts. Cancellation rate 37.5% against a network baseline of 31.1% for this article (4 events, 9 units).",Schedule a cycle count and check the shelf for concealed removals.
SA-000251,STR01,PF-STR01,AR00324,2026-04-20,STOCK_VARIANCE,MEDIUM,2,OPEN,38.67,0.5714,0.6,13.2,EUR,Counted stock runs 15.1% below book stock across 21 daily counts.,Schedule a cycle count and check the shelf for concealed removals.
SA-000252,WDF02,PF-WDF02,AR00294,2026-03-31,STOCK_VARIANCE,MEDIUM,2,OPEN,38.63,0.4286,0.2529,13.2,EUR,"Counted stock runs 15.0% below book stock across 21 daily counts. Cancellation rate 42.9% against a network baseline of 25.3% for this article (4 events, 6 units).",Schedule a cycle count and check the shelf for concealed removals.
SA-000253,HAM01,PF-HAM01,AR00214,2026-05-18,RFID_MISREAD,MEDIUM,2,OPEN,38.63,0.8571,0.4902,12,EUR,"Cancellation rate 85.7% against a network baseline of 49.0% for this article (6 events, 12 units).",Re-tag the facing and run an RFID read test at the gate antenna.
SA-000254,WDF02,PF-WDF02,AR00201,2026-06-18,RFID_MISREAD,MEDIUM,2,OPEN,38.6,1,0.75,189,EUR,"Cancellation rate 100.0% against a network baseline of 75.0% for this article (4 events, 7 units).",Re-tag the facing and run an RFID read test at the gate antenna.
SA-000255,WDF01,PF02,AR00333,2026-05-10,STOCK_VARIANCE,MEDIUM,2,OPEN,38.5,0.5588,0.4215,42.76,EUR,"Counted stock runs 11.4% below book stock across 21 daily counts. Cancellation rate 55.9% against a network baseline of 42.1% for this article (7 events, 19 units).",Schedule a cycle count and check the shelf for concealed removals.
SA-000256,HAM01,PF-HAM01,AR90029,2026-05-01,STOCK_VARIANCE,MEDIUM,2,OPEN,38.47,0.2857,0.2432,12.8,EUR,"Counted stock runs 15.0% below book stock across 21 daily counts. Cancellation rate 28.6% against a network baseline of 24.3% for this article (3 events, 8 units).",Schedule a cycle count and check the shelf for concealed removals.
SA-000257,WDF01,MOB1,AR00040,2026-06-01,STOCK_VARIANCE,MEDIUM,2,OPEN,38.33,0.25,0.5185,9.9,EUR,Counted stock runs 15.7% below book stock across 21 daily counts.,Schedule a cycle count and check the shelf for concealed removals.
SA-000258,MUC01,PF-MUC01,AR90014,2026-06-14,STOCK_VARIANCE,MEDIUM,2,OPEN,38.32,0.2698,0.1806,28.9,EUR,"Counted stock runs 12.5% below book stock across 21 daily counts. Cancellation rate 27.0% against a network baseline of 18.1% for this article (7 events, 17 units).",Schedule a cycle count and check the shelf for concealed removals.
SA-000259,WDF01,SM01,AR00080,2026-04-13,STOCK_VARIANCE,MEDIUM,2,OPEN,38.27,0.1563,0.2,31.5,EUR,Counted stock runs 12.2% below book stock across 21 daily counts.,Schedule a cycle count and check the shelf for concealed removals.
SA-000260,WDF01,MOB1,AR00136,2026-05-17,STOCK_VARIANCE,MEDIUM,2,OPEN,38.2,0.0316,0.0877,8.1,EUR,Counted stock runs 16.2% below book stock across 21 daily counts.,Schedule a cycle count and check the shelf for concealed removals.
SA-000261,WDF02,PF-WDF02,AR00378,2026-06-19,STOCK_VARIANCE,MEDIUM,2,OPEN,38.16,0.7143,0.5821,21.25,EUR,"Counted stock runs 13.3% below book stock across 21 daily counts. Cancellation rate 71.4% against a network baseline of 58.2% for this article (3 events, 5 units).",Schedule a cycle count and check the shelf for concealed removals.
SA-000262,MUC01,SM-MUC01,AR00285,2026-06-18,STOCK_VARIANCE,MEDIUM,2,OPEN,38.1,0.4,0.3711,11.8,EUR,"Counted stock runs 15.0% below book stock across 21 daily counts. Cancellation rate 40.0% against a network baseline of 37.1% for this article (3 events, 4 units).",Schedule a cycle count and check the shelf for concealed removals.
SA-000263,WDF01,PF02,AR00002,2026-05-13,STOCK_VARIANCE,MEDIUM,2,OPEN,38.07,0.6279,0.4,13.5,EUR,"Counted stock runs 14.6% below book stock across 21 daily counts. Cancellation rate 62.8% against a network baseline of 40.0% for this article (10 events, 27 units).",Schedule a cycle count and check the shelf for concealed removals.
SA-000264,MUC01,PF-MUC01,AR00286,2026-06-29,STOCK_VARIANCE,MEDIUM,2,OPEN,37.91,0.4118,0.3113,8.4,EUR,"Counted stock runs 15.9% below book stock across 21 daily counts. Cancellation rate 41.2% against a network baseline of 31.1% for this article (4 events, 7 units).",Schedule a cycle count and check the shelf for concealed removals.
SA-000265,MUC01,PF-MUC01,AR00419,2026-05-20,RFID_MISREAD,MEDIUM,2,OPEN,37.9,1,0.7755,220,EUR,"Cancellation rate 100.0% against a network baseline of 77.6% for this article (3 events, 5 units).",Re-tag the facing and run an RFID read test at the gate antenna.
SA-000266,MUC01,PF-MUC01,AR90012,2026-04-30,STOCK_VARIANCE,MEDIUM,2,OPEN,37.86,0.1094,0.1921,11.9,EUR,Counted stock runs 14.9% below book stock across 21 daily counts.,Schedule a cycle count and check the shelf for concealed removals.
SA-000267,HAM01,PF-HAM01,AR00138,2026-02-10,STOCK_VARIANCE,MEDIUM,2,OPEN,37.79,0.1579,0.1773,18,EUR,Counted stock runs 13.6% below book stock across 21 daily counts.,Schedule a cycle count and check the shelf for concealed removals.
SA-000268,WDF01,PF02,AR00129,2026-05-10,STOCK_VARIANCE,MEDIUM,2,OPEN,37.77,0.5263,0.4651,14,EUR,"Counted stock runs 14.3% below book stock across 21 daily counts. Cancellation rate 52.6% against a network baseline of 46.5% for this article (8 events, 10 units).",Schedule a cycle count and check the shelf for concealed removals.
SA-000269,HAM01,PF-HAM01,AR00056,2026-04-08,STOCK_VARIANCE,MEDIUM,2,OPEN,37.71,0.3333,0.3861,22.5,EUR,Counted stock runs 12.9% below book stock across 21 daily counts.,Schedule a cycle count and check the shelf for concealed removals.
SA-000270,WDF01,PF02,AR00320,2026-01-13,STOCK_VARIANCE,MEDIUM,2,OPEN,37.65,0.1818,0.1979,4.8,EUR,Counted stock runs 17.3% below book stock across 21 daily counts.,Schedule a cycle count and check the shelf for concealed removals.
SA-000271,WDF01,PF02,AR00137,2026-06-23,STOCK_VARIANCE,MEDIUM,2,OPEN,37.63,0.2157,0.1968,29.7,EUR,"Counted stock runs 12.0% below book stock across 21 daily counts. Cancellation rate 21.6% against a network baseline of 19.7% for this article (7 events, 11 units).",Schedule a cycle count and check the shelf for concealed removals.
SA-000272,HAM01,PF-HAM01,AR00040,2026-07-02,STOCK_VARIANCE,MEDIUM,2,OPEN,37.6,0.4286,0.5185,29.7,EUR,Counted stock runs 12.0% below book stock across 21 daily counts.,Schedule a cycle count and check the shelf for concealed removals.
SA-000273,HAM01,PF-HAM01,AR00207,2026-07-03,STOCK_VARIANCE,MEDIUM,2,OPEN,37.6,0.1905,0.2989,4,EUR,Counted stock runs 17.7% below book stock across 21 daily counts.,Schedule a cycle count and check the shelf for concealed removals.
SA-000274,HAM01,PF-HAM01,AR00404,2026-06-01,STOCK_VARIANCE,MEDIUM,2,OPEN,37.58,0.3182,0.2621,8.4,EUR,"Counted stock runs 15.7% below book stock across 21 daily counts. Cancellation rate 31.8% against a network baseline of 26.2% for this article (3 events, 7 units).",Schedule a cycle count and check the shelf for concealed removals.
SA-000275,MUC01,SM-MUC01,AR00080,2026-06-02,STOCK_VARIANCE,MEDIUM,2,OPEN,37.56,0.1277,0.2,15,EUR,Counted stock runs 14.0% below book stock across 21 daily counts.,Schedule a cycle count and check the shelf for concealed removals.
SA-000276,BLN01,SM-BLN01,AR90036,2026-05-21,STOCK_VARIANCE,MEDIUM,2,OPEN,37.54,0.1023,0.108,15.3,EUR,Counted stock runs 13.9% below book stock across 21 daily counts.,Schedule a cycle count and check the shelf for concealed removals.
SA-000277,WDF02,PF-WDF02,AR00398,2026-06-19,STOCK_VARIANCE,MEDIUM,2,OPEN,37.53,0.75,0.5217,14.1,EUR,"Counted stock runs 14.2% below book stock across 21 daily counts. Cancellation rate 75.0% against a network baseline of 52.2% for this article (3 events, 6 units).",Schedule a cycle count and check the shelf for concealed removals.
SA-000278,BLN01,SM-BLN01,AR00211,2026-06-24,STOCK_VARIANCE,MEDIUM,2,OPEN,37.52,0.3333,0.34,10.8,EUR,Counted stock runs 14.9% below book stock across 21 daily counts.,Schedule a cycle count and check the shelf for concealed removals.
SA-000279,MUC01,PF-MUC01,AR00162,2026-06-05,RFID_MISREAD,MEDIUM,2,OPEN,37.5,0.9091,0.5882,38,EUR,"Cancellation rate 90.9% against a network baseline of 58.8% for this article (5 events, 10 units).",Re-tag the facing and run an RFID read test at the gate antenna.
SA-000280,WDF02,PF-WDF02,AR90016,2026-05-11,STOCK_VARIANCE,MEDIUM,2,OPEN,37.47,0.5,0.3585,11.9,EUR,"Counted stock runs 14.6% below book stock across 21 daily counts. Cancellation rate 50.0% against a network baseline of 35.8% for this article (3 events, 7 units).",Schedule a cycle count and check the shelf for concealed removals.
SA-000281,MUC01,SM-MUC01,AR00138,2026-03-11,STOCK_VARIANCE,MEDIUM,2,OPEN,37.47,0.2593,0.1773,14,EUR,"Counted stock runs 14.2% below book stock across 21 daily counts. Cancellation rate 25.9% against a network baseline of 17.7% for this article (3 events, 7 units).",Schedule a cycle count and check the shelf for concealed removals.
SA-000282,WDF01,PF02,AR90014,2026-06-01,RFID_MISREAD,MEDIUM,2,OPEN,37.35,0.2778,0.1806,38.6,EUR,"Cancellation rate 27.8% against a network baseline of 18.1% for this article (30 events, 30 units). Counted stock runs 10.4% below book stock across 21 daily counts.",Re-tag the facing and run an RFID read test at the gate antenna.
SA-000283,WDF01,MOB1,AR00001,2026-01-17,STOCK_VARIANCE,MEDIUM,2,OPEN,37.34,0.0652,0.1783,3,EUR,Counted stock runs 18.3% below book stock across 21 daily counts.,Schedule a cycle count and check the shelf for concealed removals.
SA-000284,HAM01,PF-HAM01,AR00024,2026-04-06,STOCK_VARIANCE,MEDIUM,2,OPEN,37.34,0.1311,0.163,20,EUR,Counted stock runs 13.0% below book stock across 21 daily counts.,Schedule a cycle count and check the shelf for concealed removals.
SA-000285,WDF01,PF02,AR00283,2026-03-10,STOCK_VARIANCE,MEDIUM,2,OPEN,37.28,0.2353,0.2817,11.8,EUR,Counted stock runs 14.5% below book stock across 21 daily counts.,Schedule a cycle count and check the shelf for concealed removals.
SA-000286,MUC01,PF-MUC01,AR00109,2026-05-27,RFID_MISREAD,MEDIUM,2,OPEN,37.27,0.6667,0.4,16,EUR,"Cancellation rate 66.7% against a network baseline of 40.0% for this article (4 events, 8 units).",Re-tag the facing and run an RFID read test at the gate antenna.
SA-000287,WDF02,PF-WDF02,AR00005,2026-04-30,RFID_MISREAD,MEDIUM,2,OPEN,37.2,0.3889,0.2183,7,EUR,"Cancellation rate 38.9% against a network baseline of 21.8% for this article (3 events, 7 units).",Re-tag the facing and run an RFID read test at the gate antenna.
SA-000288,WDF01,PF02,AR00209,2026-06-24,RFID_MISREAD,MEDIUM,2,OPEN,37.16,0.5811,0.3586,21.48,EUR,"Cancellation rate 58.1% against a network baseline of 35.9% for this article (20 events, 43.002 units). Counted stock runs 12.0% below book stock across 21 daily counts.",Re-tag the facing and run an RFID read test at the gate antenna.
SA-000289,WDF01,PF02,AR00448,2026-03-21,STOCK_VARIANCE,MEDIUM,2,OPEN,36.99,0.2857,0.4177,15.56,EUR,Counted stock runs 13.6% below book stock across 21 daily counts.,Schedule a cycle count and check the shelf for concealed removals.
SA-000290,WDF01,SM01,AR00448,2026-06-17,STOCK_VARIANCE,MEDIUM,2,OPEN,36.99,0.2857,0.4177,15.56,EUR,Counted stock runs 13.6% below book stock across 21 daily counts.,Schedule a cycle count and check the shelf for concealed removals.
SA-000291,WDF01,PF02,AR00041,2026-02-15,STOCK_VARIANCE,MEDIUM,2,OPEN,36.93,0.25,0.1882,16.5,EUR,"Counted stock runs 13.3% below book stock across 21 daily counts. Cancellation rate 25.0% against a network baseline of 18.8% for this article (5 events, 5 units).",Schedule a cycle count and check the shelf for concealed removals.
SA-000292,WDF01,PF02,AR00185,2026-04-20,STOCK_VARIANCE,MEDIUM,2,OPEN,36.9,0.3636,0.3983,18,EUR,Counted stock runs 13.1% below book stock across 21 daily counts.,Schedule a cycle count and check the shelf for concealed removals.
SA-000293,HAM01,PF-HAM01,AR90055,2026-05-05,STOCK_VARIANCE,MEDIUM,2,OPEN,36.9,0.1754,0.3088,17,EUR,Counted stock runs 13.2% below book stock across 21 daily counts.,Schedule a cycle count and check the shelf for concealed removals.
SA-000294,STR01,PF-STR01,AR00210,2026-03-17,STOCK_VARIANCE,MEDIUM,2,OPEN,36.88,0.3,0.2629,7.2,EUR,"Counted stock runs 15.7% below book stock across 21 daily counts. Cancellation rate 30.0% against a network baseline of 26.3% for this article (3 events, 6 units).",Schedule a cycle count and check the shelf for concealed removals.
SA-000295,MUC01,PF-MUC01,AR00398,2026-04-08,RFID_MISREAD,MEDIUM,2,OPEN,36.83,0.8333,0.5217,23.5,EUR,"Cancellation rate 83.3% against a network baseline of 52.2% for this article (4 events, 10 units).",Re-tag the facing and run an RFID read test at the gate antenna.
SA-000296,MUC01,SM-MUC01,AR00404,2026-06-07,STOCK_VARIANCE,MEDIUM,2,OPEN,36.62,0.2308,0.2621,3.6,EUR,Counted stock runs 17.4% below book stock across 21 daily counts.,Schedule a cycle count and check the shelf for concealed removals.
SA-000297,HAM01,PF-HAM01,AR00289,2026-03-30,STOCK_VARIANCE,MEDIUM,2,OPEN,36.6,0.087,0.1464,17.6,EUR,Counted stock runs 12.9% below book stock across 21 daily counts.,Schedule a cycle count and check the shelf for concealed removals.
SA-000298,MUC01,SM-MUC01,AR90009,2026-02-23,STOCK_VARIANCE,MEDIUM,2,OPEN,36.52,0.1714,0.1057,9.6,EUR,"Counted stock runs 14.7% below book stock across 21 daily counts. Cancellation rate 17.1% against a network baseline of 10.6% for this article (3 events, 6 units).",Schedule a cycle count and check the shelf for concealed removals.
SA-000299,MUC01,PF-MUC01,AR00027,2026-04-24,STOCK_VARIANCE,MEDIUM,2,OPEN,36.51,0.5789,0.705,13.2,EUR,Counted stock runs 13.7% below book stock across 21 daily counts.,Schedule a cycle count and check the shelf for concealed removals.
SA-000300,BLN01,SM-BLN01,AR00276,2026-03-25,STOCK_VARIANCE,MEDIUM,2,OPEN,36.39,0.1163,0.1886,12,EUR,Counted stock runs 14.0% below book stock across 21 daily counts.,Schedule a cycle count and check the shelf for concealed removals.
SA-000301,STR01,PF-STR01,AR00081,2026-06-29,STOCK_VARIANCE,MEDIUM,2,OPEN,36.38,0.3529,0.3148,15,EUR,"Counted stock runs 13.3% below book stock across 21 daily counts. Cancellation rate 35.3% against a network baseline of 31.5% for this article (3 events, 6 units).",Schedule a cycle count and check the shelf for concealed removals.
SA-000302,MUC01,PF-MUC01,AR00004,2026-05-18,RFID_MISREAD,MEDIUM,2,OPEN,36.33,0.6,0.3309,4.5,EUR,"Cancellation rate 60.0% against a network baseline of 33.1% for this article (4 events, 9 units). Counted stock runs 15.6% below book stock across 21 daily counts.",Re-tag the facing and run an RFID read test at the gate antenna.
SA-000303,STR01,PF-STR01,AR00441,2026-04-27,RFID_MISREAD,MEDIUM,2,OPEN,36.3,0.8571,0.5254,16.74,EUR,"Cancellation rate 85.7% against a network baseline of 52.5% for this article (3 events, 6 units).",Re-tag the facing and run an RFID read test at the gate antenna.
SA-000304,WDF01,PF02,AR00011,2026-06-08,STOCK_VARIANCE,MEDIUM,2,OPEN,36.29,0.1429,0.1348,9,EUR,"Counted stock runs 14.7% below book stock across 21 daily counts. Cancellation rate 14.3% against a network baseline of 13.5% for this article (9 events, 9 units).",Schedule a cycle count and check the shelf for concealed removals.
SA-000305,MUC01,PF-MUC01,AR90031,2026-06-05,STOCK_VARIANCE,MEDIUM,2,OPEN,36.28,0.2727,0.2075,10.8,EUR,"Counted stock runs 14.2% below book stock across 21 daily counts. Cancellation rate 27.3% against a network baseline of 20.8% for this article (6 events, 9 units).",Schedule a cycle count and check the shelf for concealed removals.
SA-000306,MUC01,PF-MUC01,AR00095,2026-06-02,RFID_MISREAD,MEDIUM,2,OPEN,36.25,0.625,0.375,13,EUR,"Cancellation rate 62.5% against a network baseline of 37.5% for this article (3 events, 5 units).",Re-tag the facing and run an RFID read test at the gate antenna.
SA-000307,WDF01,PF02,AR90039,2026-04-25,STOCK_VARIANCE,MEDIUM,2,OPEN,36.22,0.087,0.056,24,EUR,"Counted stock runs 11.8% below book stock across 21 daily counts. Cancellation rate 8.7% against a network baseline of 5.6% for this article (16 events, 16 units).",Schedule a cycle count and check the shelf for concealed removals.
SA-000308,WDF01,PF02,AR00222,2026-03-10,STOCK_VARIANCE,MEDIUM,2,OPEN,36.21,0.2,0.2973,3,EUR,Counted stock runs 17.6% below book stock across 21 daily counts.,Schedule a cycle count and check the shelf for concealed removals.
SA-000309,MUC01,PF-MUC01,AR00169,2026-06-16,STOCK_VARIANCE,MEDIUM,2,OPEN,36.19,0.4,0.4697,10,EUR,Counted stock runs 14.4% below book stock across 21 daily counts.,Schedule a cycle count and check the shelf for concealed removals.
SA-000310,WDF01,PF02,AR00084,2026-03-23,STOCK_VARIANCE,MEDIUM,2,OPEN,36.12,0.1563,0.0985,20,EUR,"Counted stock runs 12.3% below book stock across 21 daily counts. Cancellation rate 15.6% against a network baseline of 9.8% for this article (7 events, 10 units).",Schedule a cycle count and check the shelf for concealed removals.
SA-000311,WDF01,PF02,AR00454,2026-05-18,STOCK_VARIANCE,MEDIUM,2,OPEN,36,0.3929,0.3704,31.89,EUR,"Counted stock runs 10.8% below book stock across 21 daily counts. Cancellation rate 39.3% against a network baseline of 37.0% for this article (10 events, 11.001 units).",Schedule a cycle count and check the shelf for concealed removals.
SA-000312,WDF02,PF-WDF02,AR00281,2026-06-22,RFID_MISREAD,MEDIUM,2,OPEN,35.99,1,0.625,19.5,EUR,"Cancellation rate 100.0% against a network baseline of 62.5% for this article (3 events, 6 units).",Re-tag the facing and run an RFID read test at the gate antenna.
SA-000313,WDF01,PF02,AR00407,2026-05-15,STOCK_VARIANCE,MEDIUM,2,OPEN,35.98,0.1905,0.3039,12.8,EUR,Counted stock runs 13.5% below book stock across 21 daily counts.,Schedule a cycle count and check the shelf for concealed removals.
SA-000314,STR01,PF-STR01,AR00332,2026-04-06,STOCK_VARIANCE,MEDIUM,2,OPEN,35.9,0.5455,0.4189,13.5,EUR,"Counted stock runs 13.3% below book stock across 21 daily counts. Cancellation rate 54.5% against a network baseline of 41.9% for this article (3 events, 6 units).",Schedule a cycle count and check the shelf for concealed removals.
SA-000315,MUC01,PF-MUC01,AR00111,2026-06-19,STOCK_VARIANCE,MEDIUM,2,OPEN,35.88,0.4444,0.3148,20,EUR,"Counted stock runs 12.1% below book stock across 21 daily counts. Cancellation rate 44.4% against a network baseline of 31.5% for this article (5 events, 8 units).",Schedule a cycle count and check the shelf for concealed removals.
SA-000316,HAM01,PF-HAM01,AR00417,2026-06-30,RFID_MISREAD,MEDIUM,2,OPEN,35.84,0.7273,0.62,352,EUR,"Cancellation rate 72.7% against a network baseline of 62.0% for this article (4 events, 8 units).",Re-tag the facing and run an RFID read test at the gate antenna.
SA-000317,MUC01,PF-MUC01,AR00407,2026-05-17,STOCK_VARIANCE,MEDIUM,2,OPEN,35.82,0.4375,0.3039,22.4,EUR,"Counted stock runs 11.8% below book stock across 21 daily counts. Cancellation rate 43.8% against a network baseline of 30.4% for this article (3 events, 7 units).",Schedule a cycle count and check the shelf for concealed removals.
SA-000318,WDF01,PF02,AR00010,2026-05-21,RFID_MISREAD,MEDIUM,2,OPEN,35.81,0.1828,0.1132,17,EUR,"Cancellation rate 18.3% against a network baseline of 11.3% for this article (15 events, 17 units). Counted stock runs 11.6% below book stock across 21 daily counts.",Re-tag the facing and run an RFID read test at the gate antenna.
SA-000319,HAM01,SM-HAM01,AR00080,2026-05-14,STOCK_VARIANCE,MEDIUM,2,OPEN,35.8,0.0505,0.2,12.5,EUR,Counted stock runs 13.5% below book stock across 21 daily counts.,Schedule a cycle count and check the shelf for concealed removals.
SA-000320,WDF01,MOB1,AR00094,2026-04-18,STOCK_VARIANCE,MEDIUM,2,OPEN,35.79,0.3182,0.8389,2.1,EUR,Counted stock runs 18.1% below book stock across 21 daily counts.,Schedule a cycle count and check the shelf for concealed removals.
SA-000321,WDF01,PF02,AR00245,2026-05-22,RFID_MISREAD,MEDIUM,2,OPEN,35.78,0.0723,0.0452,18.6,EUR,"Cancellation rate 7.2% against a network baseline of 4.5% for this article (6 events, 6 units). Counted stock runs 7.1% below book stock across 21 daily counts.",Re-tag the facing and run an RFID read test at the gate antenna.
SA-000322,STR01,PF-STR01,AR00294,2026-06-11,RFID_MISREAD,MEDIUM,2,OPEN,35.77,0.4118,0.2529,15.4,EUR,"Cancellation rate 41.2% against a network baseline of 25.3% for this article (4 events, 7 units). Counted stock runs 11.1% below book stock across 21 daily counts.",Re-tag the facing and run an RFID read test at the gate antenna.
SA-000323,WDF01,PF02,AR90010,2026-04-25,STOCK_VARIANCE,MEDIUM,2,OPEN,35.73,0.1429,0.3085,6.6,EUR,Counted stock runs 15.2% below book stock across 21 daily counts.,Schedule a cycle count and check the shelf for concealed removals.
SA-000324,WDF01,PF02,AR00056,2026-02-12,STOCK_VARIANCE,MEDIUM,2,OPEN,35.72,0.2381,0.3861,12.5,EUR,Counted stock runs 13.4% below book stock across 21 daily counts.,Schedule a cycle count and check the shelf for concealed removals.
SA-000325,STR01,PF-STR01,AR00108,2026-06-30,RFID_MISREAD,MEDIUM,2,OPEN,35.69,0.75,0.5,36,EUR,"Cancellation rate 75.0% against a network baseline of 50.0% for this article (4 events, 12 units).",Re-tag the facing and run an RFID read test at the gate antenna.
SA-000326,BLN01,SM-BLN01,AR90013,2026-05-25,STOCK_VARIANCE,MEDIUM,2,OPEN,35.67,0.0472,0.2148,20.4,EUR,Counted stock runs 11.9% below book stock across 21 daily counts.,Schedule a cycle count and check the shelf for concealed removals.
SA-000327,MUC01,PF-MUC01,AR00080,2026-06-30,STOCK_VARIANCE,MEDIUM,2,OPEN,35.61,0.0889,0.2,10,EUR,Counted stock runs 14.0% below book stock across 21 daily counts.,Schedule a cycle count and check the shelf for concealed removals.
SA-000328,WDF02,SM-WDF02,AR00327,2026-06-22,BASKET_ABANDONED,MEDIUM,2,OPEN,35.58,1,0.6596,31.6,EUR,"Cancellation rate 100.0% against a network baseline of 66.0% for this article (4 events, 8 units).",Review basket abandonment at this terminal with the shift lead.
SA-000329,HAM01,PF-HAM01,AR00403,2026-06-24,RFID_MISREAD,MEDIUM,2,OPEN,35.51,0.6923,0.4143,10.8,EUR,"Cancellation rate 69.2% against a network baseline of 41.4% for this article (4 events, 9 units).",Re-tag the facing and run an RFID read test at the gate antenna.
SA-000330,HAM01,PF-HAM01,AR00222,2026-06-13,STOCK_VARIANCE,MEDIUM,2,OPEN,35.46,0.3333,0.2973,7,EUR,"Counted stock runs 14.9% below book stock across 21 daily counts. Cancellation rate 33.3% against a network baseline of 29.7% for this article (4 events, 7 units).",Schedule a cycle count and check the shelf for concealed removals.
SA-000331,STR01,PF-STR01,AR90020,2026-06-10,STOCK_VARIANCE,MEDIUM,2,OPEN,35.43,0.381,0.301,15.6,EUR,"Counted stock runs 12.6% below book stock across 21 daily counts. Cancellation rate 38.1% against a network baseline of 30.1% for this article (4 events, 8 units).",Schedule a cycle count and check the shelf for concealed removals.
SA-000332,MUC01,SM-MUC01,AR90055,2026-06-19,STOCK_VARIANCE,MEDIUM,2,OPEN,35.43,0.2353,0.3088,13.6,EUR,Counted stock runs 13.0% below book stock across 21 daily counts.,Schedule a cycle count and check the shelf for concealed removals.
SA-000333,WDF02,SM-WDF02,AR00022,2026-05-29,BASKET_ABANDONED,MEDIUM,2,OPEN,35.42,1,0.6034,11.7,EUR,"Cancellation rate 100.0% against a network baseline of 60.3% for this article (3 events, 3 units).",Review basket abandonment at this terminal with the shift lead.
SA-000334,MUC01,PF-MUC01,AR00400,2026-05-13,RFID_MISREAD,MEDIUM,2,OPEN,35.39,0.4667,0.2741,8.4,EUR,"Cancellation rate 46.7% against a network baseline of 27.4% for this article (3 events, 7 units). Counted stock runs 9.6% below book stock across 21 daily counts.",Re-tag the facing and run an RFID read test at the gate antenna.
SA-000335,STR01,PF-STR01,AR00071,2026-06-19,RFID_MISREAD,MEDIUM,2,OPEN,35.36,0.3571,0.2199,14.5,EUR,"Cancellation rate 35.7% against a network baseline of 22.0% for this article (3 events, 5 units). Counted stock runs 7.8% below book stock across 21 daily counts.",Re-tag the facing and run an RFID read test at the gate antenna.
SA-000336,WDF01,PF02,AR00397,2026-03-27,STOCK_VARIANCE,MEDIUM,2,OPEN,35.35,0.2222,0.35,10,EUR,Counted stock runs 13.9% below book stock across 21 daily counts.,Schedule a cycle count and check the shelf for concealed removals.
SA-000337,WDF02,PF-WDF02,AR00383,2026-06-22,RFID_MISREAD,MEDIUM,2,OPEN,35.33,1,0.6222,16.25,EUR,"Cancellation rate 100.0% against a network baseline of 62.2% for this article (3 events, 5 units).",Re-tag the facing and run an RFID read test at the gate antenna.
SA-000338,MUC01,PF-MUC01,AR00040,2026-04-15,STOCK_VARIANCE,MEDIUM,2,OPEN,35.33,0.4545,0.5185,16.5,EUR,Counted stock runs 12.4% below book stock across 21 daily counts.,Schedule a cycle count and check the shelf for concealed removals.
SA-000339,MUC01,SM-MUC01,AR00419,2026-06-01,BASKET_ABANDONED,MEDIUM,2,OPEN,35.26,1,0.7755,132,EUR,"Cancellation rate 100.0% against a network baseline of 77.6% for this article (3 events, 3 units).",Review basket abandonment at this terminal with the shift lead.
SA-000340,WDF01,PF02,AR90033,2026-01-31,STOCK_VARIANCE,MEDIUM,2,OPEN,35.19,0.1852,0.2482,6,EUR,Counted stock runs 15.2% below book stock across 21 daily counts.,Schedule a cycle count and check the shelf for concealed removals.
SA-000341,WDF02,SM-WDF02,AR90053,2026-06-24,BASKET_ABANDONED,MEDIUM,2,OPEN,35.17,0.7143,0.4273,10,EUR,"Cancellation rate 71.4% against a network baseline of 42.7% for this article (3 events, 5 units).",Review basket abandonment at this terminal with the shift lead.
SA-000342,MUC01,SM-MUC01,AR00333,2026-06-30,STOCK_VARIANCE,MEDIUM,2,OPEN,35.16,0.3333,0.4215,13.5,EUR,Counted stock runs 12.9% below book stock across 21 daily counts.,Schedule a cycle count and check the shelf for concealed removals.
SA-000343,MUC01,PF-MUC01,AR00333,2026-06-18,STOCK_VARIANCE,MEDIUM,2,OPEN,35.16,0.3333,0.4215,13.5,EUR,Counted stock runs 12.9% below book stock across 21 daily counts.,Schedule a cycle count and check the shelf for concealed removals.
SA-000344,WDF01,PF02,AR90036,2026-06-29,STOCK_VARIANCE,MEDIUM,2,OPEN,35.15,0.1375,0.108,18.69,EUR,"Counted stock runs 11.9% below book stock across 21 daily counts. Cancellation rate 13.8% against a network baseline of 10.8% for this article (11 events, 11.001 units).",Schedule a cycle count and check the shelf for concealed removals.
SA-000345,MUC01,PF-MUC01,AR00208,2026-06-04,RFID_MISREAD,MEDIUM,2,OPEN,35.14,0.3158,0.1728,3,EUR,"Cancellation rate 31.6% against a network baseline of 17.3% for this article (3 events, 6 units). Counted stock runs 13.5% below book stock across 21 daily counts.",Re-tag the facing and run an RFID read test at the gate antenna.
SA-000346,MUC01,SM-MUC01,AR90039,2026-01-22,STOCK_VARIANCE,MEDIUM,2,OPEN,35.12,0.0357,0.056,6,EUR,Counted stock runs 15.1% below book stock across 21 daily counts.,Schedule a cycle count and check the shelf for concealed removals.
SA-000347,STR01,PF-STR01,AR00416,2026-03-18,RFID_MISREAD,MEDIUM,2,OPEN,34.99,0.75,0.4571,12,EUR,"Cancellation rate 75.0% against a network baseline of 45.7% for this article (3 events, 6 units).",Re-tag the facing and run an RFID read test at the gate antenna.
SA-000348,MUC01,PF-MUC01,AR00068,2026-05-13,STOCK_VARIANCE,MEDIUM,2,OPEN,34.98,0.2143,0.2406,7.5,EUR,Counted stock runs 14.4% below book stock across 21 daily counts.,Schedule a cycle count and check the shelf for concealed removals.
SA-000349,STR01,SM-STR01,AR00327,2026-06-16,BASKET_ABANDONED,MEDIUM,2,OPEN,34.9,1,0.6596,27.65,EUR,"Cancellation rate 100.0% against a network baseline of 66.0% for this article (4 events, 7 units).",Review basket abandonment at this terminal with the shift lead.
SA-000350,MUC01,PF-MUC01,AR00159,2026-06-18,RFID_MISREAD,MEDIUM,2,OPEN,34.85,0.3889,0.2558,26.6,EUR,"Cancellation rate 38.9% against a network baseline of 25.6% for this article (3 events, 7 units). Counted stock runs 9.2% below book stock across 21 daily counts.",Re-tag the facing and run an RFID read test at the gate antenna.
SA-000351,MUC01,PF-MUC01,AR90055,2026-03-31,STOCK_VARIANCE,MEDIUM,2,OPEN,34.79,0.2121,0.3088,11.9,EUR,Counted stock runs 13.0% below book stock across 21 daily counts.,Schedule a cycle count and check the shelf for concealed removals.
SA-000352,HAM01,SM-HAM01,AR00068,2026-06-27,STOCK_VARIANCE,MEDIUM,2,OPEN,34.79,0.2273,0.2406,25,EUR,Counted stock runs 10.8% below book stock across 21 daily counts.,Schedule a cycle count and check the shelf for concealed removals.
SA-000353,HAM01,PF-HAM01,AR00279,2026-04-15,RFID_MISREAD,MEDIUM,2,OPEN,34.77,0.6316,0.5,142.8,EUR,"Cancellation rate 63.2% against a network baseline of 50.0% for this article (5 events, 12 units).",Re-tag the facing and run an RFID read test at the gate antenna.
SA-000354,MUC01,PF-MUC01,AR90020,2026-06-24,STOCK_VARIANCE,MEDIUM,2,OPEN,34.76,0.1667,0.301,7.8,EUR,Counted stock runs 14.2% below book stock across 21 daily counts.,Schedule a cycle count and check the shelf for concealed removals.
SA-000355,HAM01,PF-HAM01,AR00332,2026-05-16,STOCK_VARIANCE,MEDIUM,2,OPEN,34.76,0.2222,0.4189,9,EUR,Counted stock runs 13.8% below book stock across 21 daily counts.,Schedule a cycle count and check the shelf for concealed removals.
SA-000356,WDF01,PF02,AR90009,2026-03-05,STOCK_VARIANCE,MEDIUM,2,OPEN,34.69,0.14,0.1057,11.2,EUR,"Counted stock runs 13.1% below book stock across 21 daily counts. Cancellation rate 14.0% against a network baseline of 10.6% for this article (7 events, 7 units).",Schedule a cycle count and check the shelf for concealed removals.
SA-000357,WDF02,PF-WDF02,AR00291,2026-04-24,RFID_MISREAD,MEDIUM,2,OPEN,34.62,0.875,0.549,15.4,EUR,"Cancellation rate 87.5% against a network baseline of 54.9% for this article (3 events, 7 units).",Re-tag the facing and run an RFID read test at the gate antenna.
SA-000358,STR01,PF-STR01,AR00317,2026-07-01,RFID_MISREAD,MEDIUM,2,OPEN,34.61,0.9167,0.6078,27.5,EUR,"Cancellation rate 91.7% against a network baseline of 60.8% for this article (6 events, 11 units).",Re-tag the facing and run an RFID read test at the gate antenna.
SA-000359,HAM01,PF-HAM01,AR00060,2026-06-08,STOCK_VARIANCE,MEDIUM,2,OPEN,34.61,0.2903,0.1927,22.5,EUR,"Counted stock runs 11.0% below book stock across 21 daily counts. Cancellation rate 29.0% against a network baseline of 19.3% for this article (5 events, 9 units).",Schedule a cycle count and check the shelf for concealed removals.
SA-000360,HAM01,PF-HAM01,AR00210,2026-06-14,STOCK_VARIANCE,MEDIUM,2,OPEN,34.56,0.16,0.2629,9.6,EUR,Counted stock runs 13.5% below book stock across 21 daily counts.,Schedule a cycle count and check the shelf for concealed removals.
SA-000361,MUC01,PF-MUC01,AR90007,2026-07-02,RFID_MISREAD,MEDIUM,2,OPEN,34.55,0.9524,0.6333,28,EUR,"Cancellation rate 95.2% against a network baseline of 63.3% for this article (7 events, 20 units).",Re-tag the facing and run an RFID read test at the gate antenna.
SA-000362,HAM01,PF-HAM01,AR90031,2026-04-04,STOCK_VARIANCE,MEDIUM,2,OPEN,34.52,0.1471,0.2075,6,EUR,Counted stock runs 14.8% below book stock across 21 daily counts.,Schedule a cycle count and check the shelf for concealed removals.
SA-000363,HAM01,PF-HAM01,AR90054,2026-05-22,STOCK_VARIANCE,MEDIUM,2,OPEN,34.49,0.2424,0.4133,13.6,EUR,Counted stock runs 12.4% below book stock across 21 daily counts.,Schedule a cycle count and check the shelf for concealed removals.
SA-000364,MUC01,SM-MUC01,AR90031,2026-05-20,STOCK_VARIANCE,MEDIUM,2,OPEN,34.38,0.2,0.2075,7.2,EUR,Counted stock runs 14.2% below book stock across 21 daily counts.,Schedule a cycle count and check the shelf for concealed removals.
SA-000365,MUC01,PF-MUC01,AR00365,2026-04-14,RFID_MISREAD,MEDIUM,2,OPEN,34.27,1,0.6545,22.5,EUR,"Cancellation rate 100.0% against a network baseline of 65.5% for this article (3 events, 6 units).",Re-tag the facing and run an RFID read test at the gate antenna.
SA-000366,WDF01,PF02,AR90029,2026-05-04,STOCK_VARIANCE,MEDIUM,2,OPEN,34.15,0.15,0.2432,4.8,EUR,Counted stock runs 15.1% below book stock across 21 daily counts.,Schedule a cycle count and check the shelf for concealed removals.
SA-000367,WDF01,PF02,AR00211,2026-06-09,STOCK_VARIANCE,MEDIUM,2,OPEN,34.12,0.2,0.34,3.6,EUR,Counted stock runs 15.9% below book stock across 21 daily counts.,Schedule a cycle count and check the shelf for concealed removals.
SA-000368,MUC01,SM-MUC01,AR00401,2026-06-07,STOCK_VARIANCE,MEDIUM,2,OPEN,34.05,0.4706,0.4,9.6,EUR,"Counted stock runs 13.2% below book stock across 21 daily counts. Cancellation rate 47.1% against a network baseline of 40.0% for this article (3 events, 8 units).",Schedule a cycle count and check the shelf for concealed removals.
SA-000369,MUC01,PF-MUC01,AR00056,2026-04-15,STOCK_VARIANCE,MEDIUM,2,OPEN,33.92,0.4615,0.3861,15,EUR,"Counted stock runs 11.8% below book stock across 21 daily counts. Cancellation rate 46.2% against a network baseline of 38.6% for this article (4 events, 6 units).",Schedule a cycle count and check the shelf for concealed removals.
SA-000370,HAM01,PF-HAM01,AR00010,2026-06-15,STOCK_VARIANCE,MEDIUM,2,OPEN,33.88,0.0874,0.1132,9,EUR,Counted stock runs 13.3% below book stock across 21 daily counts.,Schedule a cycle count and check the shelf for concealed removals.
SA-000371,STR01,PF-STR01,AR00120,2026-04-07,STOCK_VARIANCE,MEDIUM,2,OPEN,33.79,0.4545,0.386,10,EUR,"Counted stock runs 12.9% below book stock across 21 daily counts. Cancellation rate 45.5% against a network baseline of 38.6% for this article (3 events, 5 units).",Schedule a cycle count and check the shelf for concealed removals.
SA-000372,STR01,PF-STR01,AR90013,2026-07-01,STOCK_VARIANCE,MEDIUM,2,OPEN,33.79,0.0857,0.2148,15.3,EUR,Counted stock runs 11.7% below book stock across 21 daily counts.,Schedule a cycle count and check the shelf for concealed removals.
SA-000373,WDF01,SM01,AR00454,2026-06-26,STOCK_VARIANCE,MEDIUM,2,OPEN,33.73,0.2917,0.3704,20.3,EUR,Counted stock runs 10.8% below book stock across 21 daily counts.,Schedule a cycle count and check the shelf for concealed removals.
SA-000374,BLN01,SM-BLN01,AR90027,2026-05-20,STOCK_VARIANCE,MEDIUM,2,OPEN,33.69,0.1364,0.2156,9.6,EUR,Counted stock runs 13.0% below book stock across 21 daily counts.,Schedule a cycle count and check the shelf for concealed removals.
SA-000375,MUC01,PF-MUC01,AR00321,2026-05-17,STOCK_VARIANCE,MEDIUM,2,OPEN,33.69,0.4118,0.252,8.4,EUR,"Counted stock runs 13.3% below book stock across 21 daily counts. Cancellation rate 41.2% against a network baseline of 25.2% for this article (3 events, 7 units).",Schedule a cycle count and check the shelf for concealed removals.
SA-000376,WDF01,PF02,AR00332,2026-02-22,STOCK_VARIANCE,MEDIUM,2,OPEN,33.61,0.3125,0.4189,11.25,EUR,Counted stock runs 12.5% below book stock across 21 daily counts.,Schedule a cycle count and check the shelf for concealed removals.
SA-000377,MUC01,SM-MUC01,AR00318,2026-05-03,STOCK_VARIANCE,MEDIUM,2,OPEN,33.56,0.3333,0.3714,8.4,EUR,Counted stock runs 13.3% below book stock across 21 daily counts.,Schedule a cycle count and check the shelf for concealed removals.
SA-000378,MUC01,PF-MUC01,AR90035,2026-03-15,STOCK_VARIANCE,MEDIUM,2,OPEN,33.49,0.3158,0.248,10.2,EUR,"Counted stock runs 12.7% below book stock across 21 daily counts. Cancellation rate 31.6% against a network baseline of 24.8% for this article (4 events, 6 units).",Schedule a cycle count and check the shelf for concealed removals.
SA-000379,HAM01,PF-HAM01,AR00026,2026-06-25,STOCK_VARIANCE,MEDIUM,2,OPEN,33.45,0.1316,0.2759,6,EUR,Counted stock runs 14.1% below book stock across 21 daily counts.,Schedule a cycle count and check the shelf for concealed removals.
SA-000380,STR01,PF-STR01,AR00417,2026-05-27,RFID_MISREAD,MEDIUM,2,OPEN,33.27,0.7143,0.62,220,EUR,"Cancellation rate 71.4% against a network baseline of 62.0% for this article (3 events, 5 units).",Re-tag the facing and run an RFID read test at the gate antenna.
SA-000381,WDF02,SM-WDF02,AR00034,2026-05-05,BASKET_ABANDONED,MEDIUM,2,OPEN,33.19,1,0.6389,14,EUR,"Cancellation rate 100.0% against a network baseline of 63.9% for this article (3 events, 7 units).",Review basket abandonment at this terminal with the shift lead.
SA-000382,WDF01,PF02,AR90053,2026-05-01,STOCK_VARIANCE,MEDIUM,2,OPEN,33.06,0.3636,0.4273,16,EUR,Counted stock runs 11.1% below book stock across 21 daily counts.,Schedule a cycle count and check the shelf for concealed removals.
SA-000383,BLN01,SM-BLN01,AR00004,2026-06-22,STOCK_VARIANCE,MEDIUM,2,OPEN,33.04,0.2414,0.3309,3.5,EUR,Counted stock runs 15.3% below book stock across 21 daily counts.,Schedule a cycle count and check the shelf for concealed removals.
SA-000384,WDF01,PF02,AR00213,2026-07-02,STOCK_VARIANCE,MEDIUM,2,OPEN,33.02,0.1351,0.2071,6,EUR,Counted stock runs 13.9% below book stock across 21 daily counts.,Schedule a cycle count and check the shelf for concealed removals.
SA-000385,HAM01,PF-HAM01,AR00271,2026-04-06,RFID_MISREAD,MEDIUM,2,OPEN,33,0.9231,0.8478,324,EUR,"Cancellation rate 92.3% against a network baseline of 84.8% for this article (6 events, 12 units).",Re-tag the facing and run an RFID read test at the gate antenna.
SA-000386,HAM01,PF-HAM01,AR00158,2026-06-27,STOCK_VARIANCE,MEDIUM,2,OPEN,32.97,0.1739,0.3125,30.4,EUR,Counted stock runs 9.1% below book stock across 21 daily counts.,Schedule a cycle count and check the shelf for concealed removals.
SA-000387,MUC01,SM-MUC01,AR00187,2026-06-18,STOCK_VARIANCE,MEDIUM,2,OPEN,32.96,0.2273,0.2886,12.5,EUR,Counted stock runs 11.8% below book stock across 21 daily counts.,Schedule a cycle count and check the shelf for concealed removals.
SA-000388,WDF01,MOB1,AR00081,2026-05-15,STOCK_VARIANCE,MEDIUM,2,OPEN,32.95,0.0682,0.3148,7.5,EUR,Counted stock runs 13.2% below book stock across 21 daily counts.,Schedule a cycle count and check the shelf for concealed removals.
SA-000389,WDF01,SM01,AR00004,2026-01-22,STOCK_VARIANCE,MEDIUM,2,OPEN,32.78,0.1364,0.3309,1.5,EUR,Counted stock runs 17.0% below book stock across 21 daily counts.,Schedule a cycle count and check the shelf for concealed removals.
SA-000390,STR01,PF-STR01,AR00047,2026-06-10,RFID_MISREAD,MEDIUM,2,OPEN,32.76,0.8889,0.6786,71.2,EUR,"Cancellation rate 88.9% against a network baseline of 67.9% for this article (4 events, 8 units).",Re-tag the facing and run an RFID read test at the gate antenna.
SA-000391,MUC01,SM-MUC01,AR00145,2026-04-29,BASKET_ABANDONED,MEDIUM,2,OPEN,32.69,0.7333,0.4667,12.1,EUR,"Cancellation rate 73.3% against a network baseline of 46.7% for this article (5 events, 11 units).",Review basket abandonment at this terminal with the shift lead.
SA-000392,STR01,PF-STR01,AR00419,2026-06-24,RFID_MISREAD,MEDIUM,2,OPEN,32.63,0.8571,0.7755,264,EUR,"Cancellation rate 85.7% against a network baseline of 77.6% for this article (3 events, 6 units).",Re-tag the facing and run an RFID read test at the gate antenna.
SA-000393,WDF01,PF02,AR00215,2026-03-23,STOCK_VARIANCE,MEDIUM,2,OPEN,32.62,0.25,0.3019,20.7,EUR,Counted stock runs 10.0% below book stock across 21 daily counts.,Schedule a cycle count and check the shelf for concealed removals.
SA-000394,WDF01,MOB1,AR00080,2026-04-19,STOCK_VARIANCE,MEDIUM,2,OPEN,32.62,0.0471,0.2,10,EUR,Counted stock runs 12.2% below book stock across 21 daily counts.,Schedule a cycle count and check the shelf for concealed removals.
SA-000395,MUC01,PF-MUC01,AR00158,2026-06-18,RFID_MISREAD,MEDIUM,2,OPEN,32.62,0.4615,0.3125,22.8,EUR,"Cancellation rate 46.2% against a network baseline of 31.3% for this article (4 events, 6 units). Counted stock runs 7.2% below book stock across 21 daily counts.",Re-tag the facing and run an RFID read test at the gate antenna.
SA-000396,WDF01,PF02,AR00396,2026-03-23,STOCK_VARIANCE,MEDIUM,2,OPEN,32.61,0.125,0.1879,8.8,EUR,Counted stock runs 12.6% below book stock across 21 daily counts.,Schedule a cycle count and check the shelf for concealed removals.
SA-000397,STR01,PF-STR01,AR00271,2026-06-29,RFID_MISREAD,MEDIUM,2,OPEN,32.6,1,0.8478,162,EUR,"Cancellation rate 100.0% against a network baseline of 84.8% for this article (3 events, 6 units).",Re-tag the facing and run an RFID read test at the gate antenna.
SA-000398,MUC01,SM-MUC01,AR00209,2026-06-14,STOCK_VARIANCE,MEDIUM,2,OPEN,32.6,0.5238,0.3586,5.5,EUR,"Counted stock runs 13.8% below book stock across 21 daily counts. Cancellation rate 52.4% against a network baseline of 35.9% for this article (6 events, 11 units).",Schedule a cycle count and check the shelf for concealed removals.
SA-000399,WDF01,PF02,AR90011,2026-05-30,STOCK_VARIANCE,MEDIUM,2,OPEN,32.55,0.18,0.2277,9.75,EUR,Counted stock runs 12.2% below book stock across 21 daily counts.,Schedule a cycle count and check the shelf for concealed removals.
SA-000400,HAM01,PF-HAM01,AR90012,2026-06-06,STOCK_VARIANCE,MEDIUM,2,OPEN,32.55,0.0889,0.1921,13.6,EUR,Counted stock runs 11.3% below book stock across 21 daily counts.,Schedule a cycle count and check the shelf for concealed removals.
SA-000401,WDF02,PF-WDF02,AR00106,2026-06-16,STOCK_VARIANCE,MEDIUM,2,OPEN,32.54,0.6,0.6053,11.7,EUR,Counted stock runs 11.7% below book stock across 21 daily counts.,Schedule a cycle count and check the shelf for concealed removals.
SA-000402,WDF01,PF02,AR00138,2026-04-19,STOCK_VARIANCE,MEDIUM,2,OPEN,32.49,0.1111,0.1773,10,EUR,Counted stock runs 12.1% below book stock across 21 daily counts.,Schedule a cycle count and check the shelf for concealed removals.
SA-000403,STR01,PF-STR01,AR00325,2026-03-26,RFID_MISREAD,MEDIUM,2,OPEN,32.49,1,0.6923,27.65,EUR,"Cancellation rate 100.0% against a network baseline of 69.2% for this article (3 events, 7 units).",Re-tag the facing and run an RFID read test at the gate antenna.
SA-000404,MUC01,PF-MUC01,AR00135,2026-05-05,STOCK_VARIANCE,MEDIUM,2,OPEN,32.47,0.6154,0.4643,28,EUR,"Counted stock runs 9.0% below book stock across 21 daily counts. Cancellation rate 61.5% against a network baseline of 46.4% for this article (4 events, 8 units).",Schedule a cycle count and check the shelf for concealed removals.
SA-000405,STR01,PF-STR01,AR00106,2026-05-26,RFID_MISREAD,MEDIUM,2,OPEN,32.46,0.875,0.6053,27.3,EUR,"Cancellation rate 87.5% against a network baseline of 60.5% for this article (3 events, 7 units).",Re-tag the facing and run an RFID read test at the gate antenna.
SA-000406,BLN01,SM-BLN01,AR00397,2026-06-06,STOCK_VARIANCE,MEDIUM,2,OPEN,32.4,0.25,0.35,10,EUR,Counted stock runs 12.1% below book stock across 21 daily counts.,Schedule a cycle count and check the shelf for concealed removals.
SA-000407,WDF02,PF-WDF02,AR00141,2026-04-03,RFID_MISREAD,MEDIUM,2,OPEN,32.31,1,0.6724,20,EUR,"Cancellation rate 100.0% against a network baseline of 67.2% for this article (4 events, 8 units).",Re-tag the facing and run an RFID read test at the gate antenna.
SA-000408,HAM01,SM-HAM01,AR00158,2026-01-15,STOCK_VARIANCE,MEDIUM,2,OPEN,32.29,0.1556,0.3125,26.6,EUR,Counted stock runs 9.1% below book stock across 21 daily counts.,Schedule a cycle count and check the shelf for concealed removals.
SA-000409,STR01,PF-STR01,AR00185,2026-07-02,RFID_MISREAD,MEDIUM,2,OPEN,32.27,0.625,0.3983,11.25,EUR,"Cancellation rate 62.5% against a network baseline of 39.8% for this article (3 events, 5 units).",Re-tag the facing and run an RFID read test at the gate antenna.
SA-000410,MUC01,SM-MUC01,AR00001,2026-06-16,STOCK_VARIANCE,MEDIUM,2,OPEN,32.22,0.1951,0.1783,8,EUR,"Counted stock runs 12.6% below book stock across 21 daily counts. Cancellation rate 19.5% against a network baseline of 17.8% for this article (3 events, 8 units).",Schedule a cycle count and check the shelf for concealed removals.
SA-000411,MUC01,PF-MUC01,AR00276,2026-05-18,STOCK_VARIANCE,MEDIUM,2,OPEN,32.21,0.1538,0.1886,9.6,EUR,Counted stock runs 12.1% below book stock across 21 daily counts.,Schedule a cycle count and check the shelf for concealed removals.
SA-000412,HAM01,PF-HAM01,AR00157,2026-04-27,STOCK_VARIANCE,MEDIUM,2,OPEN,32.2,0.25,0.3097,45.6,EUR,Counted stock runs 7.4% below book stock across 21 daily counts.,Schedule a cycle count and check the shelf for concealed removals.
SA-000413,MUC01,SM-MUC01,AR90013,2026-02-17,STOCK_VARIANCE,MEDIUM,2,OPEN,32.14,0.0443,0.2148,11.9,EUR,Counted stock runs 11.4% below book stock across 21 daily counts.,Schedule a cycle count and check the shelf for concealed removals.
SA-000414,HAM01,PF-HAM01,AR00120,2026-04-02,STOCK_VARIANCE,MEDIUM,2,OPEN,32.11,0.2353,0.386,8,EUR,Counted stock runs 12.5% below book stock across 21 daily counts.,Schedule a cycle count and check the shelf for concealed removals.
SA-000415,WDF02,PF-WDF02,AR00021,2026-03-26,RFID_MISREAD,MEDIUM,2,OPEN,32.02,1,0.6981,27.3,EUR,"Cancellation rate 100.0% against a network baseline of 69.8% for this article (3 events, 7 units).",Re-tag the facing and run an RFID read test at the gate antenna.
SA-000416,HAM01,SM-HAM01,AR00010,2026-04-09,STOCK_VARIANCE,MEDIUM,2,OPEN,32.02,0.06,0.1132,6,EUR,Counted stock runs 13.3% below book stock across 21 daily counts.,Schedule a cycle count and check the shelf for concealed removals.
SA-000417,WDF01,PF02,AR00292,2026-06-27,STOCK_VARIANCE,MEDIUM,2,OPEN,32,0.25,0.2297,8.8,EUR,"Counted stock runs 12.2% below book stock across 21 daily counts. Cancellation rate 25.0% against a network baseline of 23.0% for this article (4 events, 4 units).",Schedule a cycle count and check the shelf for concealed removals.
SA-000418,WDF02,PF-WDF02,AR90018,2026-06-12,STOCK_VARIANCE,MEDIUM,2,OPEN,32,0.1143,0.1932,7.8,EUR,Counted stock runs 12.5% below book stock across 21 daily counts.,Schedule a cycle count and check the shelf for concealed removals.
SA-000419,WDF01,PF02,AR00111,2026-03-12,STOCK_VARIANCE,MEDIUM,2,OPEN,31.96,0.1875,0.3148,7.5,EUR,Counted stock runs 12.6% below book stock across 21 daily counts.,Schedule a cycle count and check the shelf for concealed removals.
SA-000420,MUC01,PF-MUC01,AR90053,2026-03-29,STOCK_VARIANCE,MEDIUM,2,OPEN,31.81,0.5333,0.4273,16,EUR,"Counted stock runs 10.3% below book stock across 21 daily counts. Cancellation rate 53.3% against a network baseline of 42.7% for this article (3 events, 8 units).",Schedule a cycle count and check the shelf for concealed removals.
SA-000421,MUC01,PF-MUC01,AR90029,2026-03-30,STOCK_VARIANCE,MEDIUM,2,OPEN,31.77,0.3077,0.2432,6.4,EUR,"Counted stock runs 12.9% below book stock across 21 daily counts. Cancellation rate 30.8% against a network baseline of 24.3% for this article (3 events, 4 units).",Schedule a cycle count and check the shelf for concealed removals.
SA-000422,STR01,PF-STR01,AR00214,2026-05-31,STOCK_VARIANCE,MEDIUM,2,OPEN,31.75,0.4286,0.4902,3,EUR,Counted stock runs 14.9% below book stock across 21 daily counts.,Schedule a cycle count and check the shelf for concealed removals.
SA-000423,WDF01,PF02,AR00276,2026-05-25,STOCK_VARIANCE,MEDIUM,2,OPEN,31.69,0.2381,0.1886,24,EUR,"Counted stock runs 9.0% below book stock across 21 daily counts. Cancellation rate 23.8% against a network baseline of 18.9% for this article (9 events, 9.999 units).",Schedule a cycle count and check the shelf for concealed removals.
SA-000424,MUC01,PF-MUC01,AR00227,2026-07-02,RFID_MISREAD,MEDIUM,2,OPEN,31.69,1,0.7826,71.4,EUR,"Cancellation rate 100.0% against a network baseline of 78.3% for this article (4 events, 6 units).",Re-tag the facing and run an RFID read test at the gate antenna.
SA-000425,WDF02,PF-WDF02,AR00115,2026-02-23,STOCK_VARIANCE,MEDIUM,2,OPEN,31.67,0.75,0.6452,21,EUR,"Counted stock runs 9.4% below book stock across 21 daily counts. Cancellation rate 75.0% against a network baseline of 64.5% for this article (3 events, 6 units).",Schedule a cycle count and check the shelf for concealed removals.
SA-000426,WDF01,SM01,AR90011,2026-03-27,STOCK_VARIANCE,MEDIUM,2,OPEN,31.65,0.18,0.2277,8.04,EUR,Counted stock runs 12.2% below book stock across 21 daily counts.,Schedule a cycle count and check the shelf for concealed removals.
SA-000427,STR01,PF-STR01,AR90014,2026-06-30,STOCK_VARIANCE,MEDIUM,2,OPEN,31.61,0.1818,0.1806,10.2,EUR,"Counted stock runs 11.5% below book stock across 21 daily counts. Cancellation rate 18.2% against a network baseline of 18.1% for this article (4 events, 6 units).",Schedule a cycle count and check the shelf for concealed removals.
SA-000428,WDF01,PF02,AR00157,2026-06-06,STOCK_VARIANCE,MEDIUM,2,OPEN,31.52,0.3103,0.3097,34.2,EUR,"Counted stock runs 7.9% below book stock across 21 daily counts. Cancellation rate 31.0% against a network baseline of 31.0% for this article (9 events, 9 units).",Schedule a cycle count and check the shelf for concealed removals.
SA-000429,MUC01,PF-MUC01,AR00416,2026-06-25,RFID_MISREAD,MEDIUM,2,OPEN,31.48,0.7143,0.4571,10,EUR,"Cancellation rate 71.4% against a network baseline of 45.7% for this article (3 events, 5 units).",Re-tag the facing and run an RFID read test at the gate antenna.
SA-000430,WDF01,SM01,AR90039,2026-02-08,STOCK_VARIANCE,MEDIUM,2,OPEN,31.45,0.0345,0.056,9,EUR,Counted stock runs 11.8% below book stock across 21 daily counts.,Schedule a cycle count and check the shelf for concealed removals.
SA-000431,STR01,PF-STR01,AR00220,2026-04-03,STOCK_VARIANCE,MEDIUM,2,OPEN,31.43,0.5,0.3349,7,EUR,"Counted stock runs 12.5% below book stock across 21 daily counts. Cancellation rate 50.0% against a network baseline of 33.5% for this article (3 events, 7 units).",Schedule a cycle count and check the shelf for concealed removals.
SA-000432,MUC01,PF-MUC01,AR00436,2026-03-30,RFID_MISREAD,MEDIUM,2,OPEN,31.3,1,0.7273,34.8,EUR,"Cancellation rate 100.0% against a network baseline of 72.7% for this article (4 events, 8 units).",Re-tag the facing and run an RFID read test at the gate antenna.
SA-000433,STR01,SM-STR01,AR00294,2026-02-24,STOCK_VARIANCE,MEDIUM,2,OPEN,31.27,0.3333,0.2529,11,EUR,"Counted stock runs 11.1% below book stock across 21 daily counts. Cancellation rate 33.3% against a network baseline of 25.3% for this article (3 events, 5 units).",Schedule a cycle count and check the shelf for concealed removals.
SA-000434,HAM01,PF-HAM01,AR00027,2026-06-08,STOCK_VARIANCE,MEDIUM,2,OPEN,31.21,0.2727,0.705,7.2,EUR,Counted stock runs 12.3% below book stock across 21 daily counts.,Schedule a cycle count and check the shelf for concealed removals.
SA-000435,MUC01,PF-MUC01,AR00454,2026-06-07,RFID_MISREAD,MEDIUM,2,OPEN,31.13,0.5455,0.3704,17.4,EUR,"Cancellation rate 54.5% against a network baseline of 37.0% for this article (3 events, 6 units).",Re-tag the facing and run an RFID read test at the gate antenna.
SA-000436,STR01,PF-STR01,AR00212,2026-06-01,RFID_MISREAD,MEDIUM,2,OPEN,31.12,0.8,0.5652,25.6,EUR,"Cancellation rate 80.0% against a network baseline of 56.5% for this article (3 events, 8 units).",Re-tag the facing and run an RFID read test at the gate antenna.
SA-000437,BLN01,SM-BLN01,AR00213,2026-04-25,STOCK_VARIANCE,MEDIUM,2,OPEN,31.11,0.0784,0.2071,4.8,EUR,Counted stock runs 13.3% below book stock across 21 daily counts.,Schedule a cycle count and check the shelf for concealed removals.
SA-000438,WDF01,PF02,AR00009,2026-06-26,STOCK_VARIANCE,MEDIUM,2,OPEN,31.1,0.1798,0.1353,15.99,EUR,"Counted stock runs 9.9% below book stock across 21 daily counts. Cancellation rate 18.0% against a network baseline of 13.5% for this article (10 events, 15.999 units).",Schedule a cycle count and check the shelf for concealed removals.
SA-000439,STR01,PF-STR01,AR00381,2026-06-08,RFID_MISREAD,MEDIUM,2,OPEN,31.06,0.9167,0.6829,41.25,EUR,"Cancellation rate 91.7% against a network baseline of 68.3% for this article (4 events, 11 units).",Re-tag the facing and run an RFID read test at the gate antenna.
SA-000440,WDF01,SM01,AR90016,2026-02-27,STOCK_VARIANCE,MEDIUM,2,OPEN,30.98,0.32,0.3585,10.18,EUR,Counted stock runs 11.1% below book stock across 21 daily counts.,Schedule a cycle count and check the shelf for concealed removals.
SA-000441,WDF01,PF02,AR00026,2026-04-09,STOCK_VARIANCE,MEDIUM,2,OPEN,30.95,0.2424,0.2759,9.6,EUR,Counted stock runs 11.3% below book stock across 21 daily counts.,Schedule a cycle count and check the shelf for concealed removals.
SA-000442,WDF01,PF02,AR00208,2026-02-10,STOCK_VARIANCE,MEDIUM,2,OPEN,30.92,0.1563,0.1728,2.5,EUR,Counted stock runs 14.8% below book stock across 21 daily counts.,Schedule a cycle count and check the shelf for concealed removals.
SA-000443,WDF01,SM01,AR00213,2026-01-03,STOCK_VARIANCE,MEDIUM,2,OPEN,30.83,0.0857,0.2071,3.6,EUR,Counted stock runs 13.9% below book stock across 21 daily counts.,Schedule a cycle count and check the shelf for concealed removals.
SA-000444,WDF01,PF02,AR90016,2026-04-27,STOCK_VARIANCE,MEDIUM,2,OPEN,30.77,0.3462,0.3585,9.75,EUR,Counted stock runs 11.1% below book stock across 21 daily counts.,Schedule a cycle count and check the shelf for concealed removals.
SA-000445,HAM01,PF-HAM01,AR00166,2026-04-24,STOCK_VARIANCE,MEDIUM,2,OPEN,30.62,0.2963,0.3253,30.4,EUR,Counted stock runs 7.7% below book stock across 21 daily counts.,Schedule a cycle count and check the shelf for concealed removals.
SA-000446,MUC01,PF-MUC01,AR00210,2026-05-18,STOCK_VARIANCE,MEDIUM,2,OPEN,30.58,0.2778,0.2629,6,EUR,"Counted stock runs 12.4% below book stock across 21 daily counts. Cancellation rate 27.8% against a network baseline of 26.3% for this article (3 events, 5 units).",Schedule a cycle count and check the shelf for concealed removals.
SA-000447,HAM01,PF-HAM01,AR90030,2026-06-16,STOCK_VARIANCE,MEDIUM,2,OPEN,30.53,0.25,0.3016,9.6,EUR,Counted stock runs 11.0% below book stock across 21 daily counts.,Schedule a cycle count and check the shelf for concealed removals.
SA-000448,STR01,PF-STR01,AR00023,2026-06-19,RFID_MISREAD,MEDIUM,2,OPEN,30.49,0.9231,0.6491,21.6,EUR,"Cancellation rate 92.3% against a network baseline of 64.9% for this article (5 events, 12 units).",Re-tag the facing and run an RFID read test at the gate antenna.
SA-000449,HAM01,PF-HAM01,AR00161,2026-06-22,STOCK_VARIANCE,MEDIUM,2,OPEN,30.47,0.2439,0.3434,38,EUR,Counted stock runs 6.9% below book stock across 21 daily counts.,Schedule a cycle count and check the shelf for concealed removals.
SA-000450,HAM01,PF-HAM01,AR00240,2026-06-25,STOCK_VARIANCE,MEDIUM,2,OPEN,30.41,0.0566,0.1408,17.1,EUR,Counted stock runs 9.3% below book stock across 21 daily counts.,Schedule a cycle count and check the shelf for concealed removals.
SA-000451,WDF02,PF-WDF02,AR00420,2026-03-19,RFID_MISREAD,MEDIUM,2,OPEN,30.39,1,0.6818,15.6,EUR,"Cancellation rate 100.0% against a network baseline of 68.2% for this article (3 events, 6 units).",Re-tag the facing and run an RFID read test at the gate antenna.
SA-000452,WDF02,PF-WDF02,AR00087,2026-07-03,RFID_MISREAD,MEDIUM,2,OPEN,30.33,1,0.6731,13.5,EUR,"Cancellation rate 100.0% against a network baseline of 67.3% for this article (4 events, 9 units).",Re-tag the facing and run an RFID read test at the gate antenna.
SA-000453,WDF01,PF02,AR90031,2026-04-06,STOCK_VARIANCE,MEDIUM,2,OPEN,30.29,0.125,0.2075,4.8,EUR,Counted stock runs 12.8% below book stock across 21 daily counts.,Schedule a cycle count and check the shelf for concealed removals.
SA-000454,WDF01,PF02,AR90037,2026-05-26,STOCK_VARIANCE,MEDIUM,2,OPEN,30.17,0.1395,0.1389,9,EUR,"Counted stock runs 11.0% below book stock across 21 daily counts. Cancellation rate 14.0% against a network baseline of 13.9% for this article (6 events, 6 units).",Schedule a cycle count and check the shelf for concealed removals.
SA-000455,WDF01,MOB1,AR00138,2026-05-10,STOCK_VARIANCE,MEDIUM,2,OPEN,30.14,0.0698,0.1773,6,EUR,Counted stock runs 12.1% below book stock across 21 daily counts.,Schedule a cycle count and check the shelf for concealed removals.
SA-000456,MUC01,PF-MUC01,AR00001,2026-06-03,STOCK_VARIANCE,MEDIUM,2,OPEN,30.1,0.1316,0.1783,5,EUR,Counted stock runs 12.6% below book stock across 21 daily counts.,Schedule a cycle count and check the shelf for concealed removals.
SA-000457,HAM01,SM-HAM01,AR90036,2026-06-01,STOCK_VARIANCE,MEDIUM,2,OPEN,30.1,0.0714,0.108,8.5,EUR,Counted stock runs 11.1% below book stock across 21 daily counts.,Schedule a cycle count and check the shelf for concealed removals.
SA-000458,STR01,PF-STR01,AR00221,2026-05-24,STOCK_VARIANCE,MEDIUM,2,OPEN,30.09,0.3333,0.2578,3,EUR,"Counted stock runs 13.9% below book stock across 21 daily counts. Cancellation rate 33.3% against a network baseline of 25.8% for this article (3 events, 3 units).",Schedule a cycle count and check the shelf for concealed removals.
SA-000459,WDF02,PF-WDF02,AR00365,2026-07-03,RFID_MISREAD,LOW,3,OPEN,29.98,0.8889,0.6545,30,EUR,"Cancellation rate 88.9% against a network baseline of 65.5% for this article (5 events, 8 units).",Re-tag the facing and run an RFID read test at the gate antenna.
SA-000460,STR01,PF-STR01,AR00405,2026-05-05,STOCK_VARIANCE,LOW,3,OPEN,29.93,0.4167,0.3556,6,EUR,"Counted stock runs 12.0% below book stock across 21 daily counts. Cancellation rate 41.7% against a network baseline of 35.6% for this article (3 events, 5 units).",Schedule a cycle count and check the shelf for concealed removals.
SA-000461,MUC01,PF-MUC01,AR00096,2026-05-18,RFID_MISREAD,LOW,3,OPEN,29.86,0.8571,0.6667,47.4,EUR,"Cancellation rate 85.7% against a network baseline of 66.7% for this article (6 events, 12 units).",Re-tag the facing and run an RFID read test at the gate antenna.
SA-000462,WDF01,MOB1,AR90039,2026-02-08,STOCK_VARIANCE,LOW,3,OPEN,29.59,0.0233,0.056,6,EUR,Counted stock runs 11.8% below book stock across 21 daily counts.,Schedule a cycle count and check the shelf for concealed removals.
SA-000463,HAM01,PF-HAM01,AR00209,2026-06-30,STOCK_VARIANCE,LOW,3,OPEN,29.45,0.1667,0.3586,4,EUR,Counted stock runs 12.8% below book stock across 21 daily counts.,Schedule a cycle count and check the shelf for concealed removals.
SA-000464,HAM01,PF-HAM01,AR00094,2026-05-05,STOCK_VARIANCE,LOW,3,OPEN,29.11,0.2121,0.8389,2.1,EUR,Counted stock runs 14.1% below book stock across 21 daily counts.,Schedule a cycle count and check the shelf for concealed removals.
SA-000465,WDF01,MOB1,AR90031,2026-02-23,STOCK_VARIANCE,LOW,3,OPEN,29.08,0.0968,0.2075,3.6,EUR,Counted stock runs 12.8% below book stock across 21 daily counts.,Schedule a cycle count and check the shelf for concealed removals.
SA-000466,WDF01,PF02,AR90035,2026-02-24,STOCK_VARIANCE,LOW,3,OPEN,29.07,0.15,0.248,5.1,EUR,Counted stock runs 11.9% below book stock across 21 daily counts.,Schedule a cycle count and check the shelf for concealed removals.
SA-000467,STR01,PF-STR01,AR00331,2026-06-16,RFID_MISREAD,LOW,3,OPEN,28.99,1,0.8444,78,EUR,"Cancellation rate 100.0% against a network baseline of 84.4% for this article (3 events, 4 units).",Re-tag the facing and run an RFID read test at the gate antenna.
SA-000468,HAM01,PF-HAM01,AR00331,2026-03-07,RFID_MISREAD,LOW,3,OPEN,28.96,0.8571,0.8444,234,EUR,"Cancellation rate 85.7% against a network baseline of 84.4% for this article (4 events, 12 units).",Re-tag the facing and run an RFID read test at the gate antenna.
SA-000469,MUC01,PF-MUC01,AR00306,2026-06-12,RFID_MISREAD,LOW,3,OPEN,28.91,0.9333,0.7727,65.8,EUR,"Cancellation rate 93.3% against a network baseline of 77.3% for this article (6 events, 14 units).",Re-tag the facing and run an RFID read test at the gate antenna.
SA-000470,STR01,PF-STR01,AR00129,2026-05-04,STOCK_VARIANCE,LOW,3,OPEN,28.82,0.5556,0.4651,7,EUR,"Counted stock runs 10.9% below book stock across 21 daily counts. Cancellation rate 55.6% against a network baseline of 46.5% for this article (4 events, 5 units).",Schedule a cycle count and check the shelf for concealed removals.
SA-000471,HAM01,PF-HAM01,AR00319,2026-06-25,STOCK_VARIANCE,LOW,3,OPEN,28.82,0.1739,0.2102,9.6,EUR,Counted stock runs 10.0% below book stock across 21 daily counts.,Schedule a cycle count and check the shelf for concealed removals.
SA-000472,WDF01,PF02,AR00293,2026-01-13,STOCK_VARIANCE,LOW,3,OPEN,28.81,0.2667,0.2857,8.8,EUR,Counted stock runs 10.3% below book stock across 21 daily counts.,Schedule a cycle count and check the shelf for concealed removals.
SA-000473,HAM01,PF-HAM01,AR00321,2026-06-05,STOCK_VARIANCE,LOW,3,OPEN,28.81,0.1786,0.252,6,EUR,Counted stock runs 11.3% below book stock across 21 daily counts.,Schedule a cycle count and check the shelf for concealed removals.
SA-000474,HAM01,PF-HAM01,AR00381,2026-06-23,RFID_MISREAD,LOW,3,OPEN,28.73,1,0.6829,11.25,EUR,"Cancellation rate 100.0% against a network baseline of 68.3% for this article (3 events, 3 units).",Re-tag the facing and run an RFID read test at the gate antenna.
SA-000475,WDF01,PF02,AR00159,2026-03-04,STOCK_VARIANCE,LOW,3,OPEN,28.63,0.32,0.2558,30.4,EUR,"Counted stock runs 6.5% below book stock across 21 daily counts. Cancellation rate 32.0% against a network baseline of 25.6% for this article (8 events, 8 units).",Schedule a cycle count and check the shelf for concealed removals.
SA-000476,WDF01,PF02,AR00160,2026-04-27,STOCK_VARIANCE,LOW,3,OPEN,28.57,0.2593,0.2093,26.6,EUR,"Counted stock runs 6.8% below book stock across 21 daily counts. Cancellation rate 25.9% against a network baseline of 20.9% for this article (7 events, 7 units).",Schedule a cycle count and check the shelf for concealed removals.
SA-000477,HAM01,SM-HAM01,AR00104,2026-05-06,BASKET_ABANDONED,LOW,3,OPEN,28.43,1,0.697,13,EUR,"Cancellation rate 100.0% against a network baseline of 69.7% for this article (3 events, 5 units).",Review basket abandonment at this terminal with the shift lead.
SA-000478,WDF02,SM-WDF02,AR00087,2026-03-13,BASKET_ABANDONED,LOW,3,OPEN,28.39,1,0.6731,9,EUR,"Cancellation rate 100.0% against a network baseline of 67.3% for this article (3 events, 6 units).",Review basket abandonment at this terminal with the shift lead.
SA-000479,STR01,PF-STR01,AR00087,2026-05-12,RFID_MISREAD,LOW,3,OPEN,28.39,1,0.6731,9,EUR,"Cancellation rate 100.0% against a network baseline of 67.3% for this article (3 events, 6 units).",Re-tag the facing and run an RFID read test at the gate antenna.
SA-000480,HAM01,PF-HAM01,AR00095,2026-06-24,STOCK_VARIANCE,LOW,3,OPEN,28.34,0.2813,0.375,23.4,EUR,Counted stock runs 7.1% below book stock across 21 daily counts.,Schedule a cycle count and check the shelf for concealed removals.
SA-000481,STR01,PF-STR01,AR00131,2026-06-26,RFID_MISREAD,LOW,3,OPEN,28.28,1,0.7941,41.4,EUR,"Cancellation rate 100.0% against a network baseline of 79.4% for this article (4 events, 6 units).",Re-tag the facing and run an RFID read test at the gate antenna.
SA-000482,MUC01,PF-MUC01,AR00050,2026-05-29,RFID_MISREAD,LOW,3,OPEN,28.26,1,0.8929,103.2,EUR,"Cancellation rate 100.0% against a network baseline of 89.3% for this article (5 events, 8 units).",Re-tag the facing and run an RFID read test at the gate antenna.
SA-000483,HAM01,PF-HAM01,AR00221,2026-06-25,STOCK_VARIANCE,LOW,3,OPEN,28.2,0.3667,0.2578,11,EUR,"Counted stock runs 9.2% below book stock across 21 daily counts. Cancellation rate 36.7% against a network baseline of 25.8% for this article (5 events, 11 units).",Schedule a cycle count and check the shelf for concealed removals.
SA-000484,WDF02,PF-WDF02,AR00039,2026-04-21,RFID_MISREAD,LOW,3,OPEN,28.1,0.375,0.2448,6,EUR,"Cancellation rate 37.5% against a network baseline of 24.5% for this article (3 events, 6 units). Counted stock runs 10.7% below book stock across 21 daily counts.",Re-tag the facing and run an RFID read test at the gate antenna.
SA-000485,HAM01,PF-HAM01,AR00376,2026-06-17,RFID_MISREAD,LOW,3,OPEN,28.02,0.8667,0.7174,55.25,EUR,"Cancellation rate 86.7% against a network baseline of 71.7% for this article (8 events, 13 units).",Re-tag the facing and run an RFID read test at the gate antenna.
SA-000486,HAM01,PF-HAM01,AR00163,2026-04-12,STOCK_VARIANCE,LOW,3,OPEN,27.95,0.1569,0.2222,30.4,EUR,Counted stock runs 6.1% below book stock across 21 daily counts.,Schedule a cycle count and check the shelf for concealed removals.
SA-000487,WDF01,PF02,AR00013,2026-06-26,RFID_MISREAD,LOW,3,OPEN,27.94,0.2619,0.1927,19.8,EUR,"Cancellation rate 26.2% against a network baseline of 19.3% for this article (11 events, 11.001 units).",Re-tag the facing and run an RFID read test at the gate antenna.
SA-000488,STR01,PF-STR01,AR00366,2026-06-12,RFID_MISREAD,LOW,3,OPEN,27.89,0.8182,0.64,33.75,EUR,"Cancellation rate 81.8% against a network baseline of 64.0% for this article (3 events, 9 units).",Re-tag the facing and run an RFID read test at the gate antenna.
SA-000489,HAM01,PF-HAM01,AR00011,2026-06-22,STOCK_VARIANCE,LOW,3,OPEN,27.89,0.0938,0.1348,6,EUR,Counted stock runs 10.8% below book stock across 21 daily counts.,Schedule a cycle count and check the shelf for concealed removals.
SA-000490,WDF01,SM01,AR90014,2026-05-31,STOCK_VARIANCE,LOW,3,OPEN,27.88,0.0602,0.1806,6.79,EUR,Counted stock runs 10.4% below book stock across 21 daily counts.,Schedule a cycle count and check the shelf for concealed removals.
SA-000491,STR01,PF-STR01,AR00141,2026-06-30,RFID_MISREAD,LOW,3,OPEN,27.88,0.9,0.6724,22.5,EUR,"Cancellation rate 90.0% against a network baseline of 67.2% for this article (5 events, 9 units).",Re-tag the facing and run an RFID read test at the gate antenna.
SA-000492,MUC01,PF-MUC01,AR00240,2026-05-20,STOCK_VARIANCE,LOW,3,OPEN,27.81,0.1786,0.1408,19,EUR,"Counted stock runs 7.4% below book stock across 21 daily counts. Cancellation rate 17.9% against a network baseline of 14.1% for this article (4 events, 10 units).",Schedule a cycle count and check the shelf for concealed removals.
SA-000493,MUC01,PF-MUC01,AR00280,2026-06-12,RFID_MISREAD,LOW,3,OPEN,27.81,0.8462,0.7907,130.9,EUR,"Cancellation rate 84.6% against a network baseline of 79.1% for this article (6 events, 11 units).",Re-tag the facing and run an RFID read test at the gate antenna.
SA-000494,HAM01,PF-HAM01,AR00009,2026-06-25,STOCK_VARIANCE,LOW,3,OPEN,27.79,0.0435,0.1353,4,EUR,Counted stock runs 11.8% below book stock across 21 daily counts.,Schedule a cycle count and check the shelf for concealed removals.
SA-000495,WDF02,SM-WDF02,AR00274,2026-05-19,BASKET_ABANDONED,LOW,3,OPEN,27.67,0.8571,0.6133,14.4,EUR,"Cancellation rate 85.7% against a network baseline of 61.3% for this article (3 events, 6 units).",Review basket abandonment at this terminal with the shift lead.
SA-000496,BLN01,SM-BLN01,AR00050,2026-05-08,BASKET_ABANDONED,LOW,3,OPEN,27.58,1,0.8929,90.3,EUR,"Cancellation rate 100.0% against a network baseline of 89.3% for this article (3 events, 7 units).",Review basket abandonment at this terminal with the shift lead.
SA-000497,HAM01,PF-HAM01,AR00402,2026-06-16,STOCK_VARIANCE,LOW,3,OPEN,27.53,0.2667,0.2167,9.6,EUR,"Counted stock runs 9.2% below book stock across 21 daily counts. Cancellation rate 26.7% against a network baseline of 21.7% for this article (4 events, 8 units).",Schedule a cycle count and check the shelf for concealed removals.
SA-000498,WDF01,PF02,AR00400,2026-01-30,STOCK_VARIANCE,LOW,3,OPEN,27.49,0.1364,0.2741,3.6,EUR,Counted stock runs 11.8% below book stock across 21 daily counts.,Schedule a cycle count and check the shelf for concealed removals.
SA-000499,WDF01,PF02,AR00158,2026-02-03,STOCK_VARIANCE,LOW,3,OPEN,27.24,0.1667,0.3125,11.4,EUR,Counted stock runs 8.6% below book stock across 21 daily counts.,Schedule a cycle count and check the shelf for concealed removals.
SA-000500,WDF02,PF-WDF02,AR00066,2026-06-26,RFID_MISREAD,LOW,3,OPEN,27.22,1,0.7581,22.5,EUR,"Cancellation rate 100.0% against a network baseline of 75.8% for this article (4 events, 9 units).",Re-tag the facing and run an RFID read test at the gate antenna.
SA-000501,STR01,PF-STR01,AR00066,2026-06-03,RFID_MISREAD,LOW,3,OPEN,27.22,1,0.7581,22.5,EUR,"Cancellation rate 100.0% against a network baseline of 75.8% for this article (3 events, 9 units).",Re-tag the facing and run an RFID read test at the gate antenna.
SA-000502,WDF02,PF-WDF02,AR00098,2026-05-04,RFID_MISREAD,LOW,3,OPEN,27.1,1,0.814,40.25,EUR,"Cancellation rate 100.0% against a network baseline of 81.4% for this article (4 events, 7 units).",Re-tag the facing and run an RFID read test at the gate antenna.
SA-000503,WDF02,PF-WDF02,AR00301,2026-04-17,RFID_MISREAD,LOW,3,OPEN,27.09,1,0.7907,31.6,EUR,"Cancellation rate 100.0% against a network baseline of 79.1% for this article (3 events, 8 units).",Re-tag the facing and run an RFID read test at the gate antenna.
SA-000504,HAM01,SM-HAM01,AR00188,2026-05-31,STOCK_VARIANCE,LOW,3,OPEN,27.08,0.0863,0.1357,21.6,EUR,Counted stock runs 6.6% below book stock across 21 daily counts.,Schedule a cycle count and check the shelf for concealed removals.
SA-000505,MUC01,SM-MUC01,AR00229,2026-06-04,BASKET_ABANDONED,LOW,3,OPEN,27.01,0.8889,0.8387,120,EUR,"Cancellation rate 88.9% against a network baseline of 83.9% for this article (4 events, 8 units).",Review basket abandonment at this terminal with the shift lead.
SA-000506,MUC01,PF-MUC01,AR00345,2026-06-30,RFID_MISREAD,LOW,3,OPEN,26.99,1,0.75,19.5,EUR,"Cancellation rate 100.0% against a network baseline of 75.0% for this article (3 events, 5 units).",Re-tag the facing and run an RFID read test at the gate antenna.
SA-000507,WDF01,MOB1,AR00163,2026-02-14,STOCK_VARIANCE,LOW,3,OPEN,26.95,0.1765,0.2222,11.4,EUR,Counted stock runs 8.4% below book stock across 21 daily counts.,Schedule a cycle count and check the shelf for concealed removals.
SA-000508,MUC01,PF-MUC01,AR00013,2026-06-12,RFID_MISREAD,LOW,3,OPEN,26.9,0.2778,0.1927,9,EUR,"Cancellation rate 27.8% against a network baseline of 19.3% for this article (3 events, 5 units).",Re-tag the facing and run an RFID read test at the gate antenna.
SA-000509,WDF01,MOB1,AR00160,2026-05-15,STOCK_VARIANCE,LOW,3,OPEN,26.89,0.2,0.2093,19,EUR,Counted stock runs 6.8% below book stock across 21 daily counts.,Schedule a cycle count and check the shelf for concealed removals.
SA-000510,HAM01,SM-HAM01,AR90015,2026-04-29,STOCK_VARIANCE,LOW,3,OPEN,26.87,0.0297,0.1486,5.1,EUR,Counted stock runs 10.6% below book stock across 21 daily counts.,Schedule a cycle count and check the shelf for concealed removals.
SA-000511,HAM01,PF-HAM01,AR00135,2026-05-23,STOCK_VARIANCE,LOW,3,OPEN,26.84,0.2941,0.4643,17.5,EUR,Counted stock runs 7.1% below book stock across 21 daily counts.,Schedule a cycle count and check the shelf for concealed removals.
SA-000512,MUC01,PF-MUC01,AR00383,2026-06-12,RFID_MISREAD,LOW,3,OPEN,26.82,0.8,0.6222,26,EUR,"Cancellation rate 80.0% against a network baseline of 62.2% for this article (4 events, 8 units).",Re-tag the facing and run an RFID read test at the gate antenna.
SA-000513,WDF02,PF-WDF02,AR00050,2026-05-20,RFID_MISREAD,LOW,3,OPEN,26.78,1,0.8929,77.4,EUR,"Cancellation rate 100.0% against a network baseline of 89.3% for this article (3 events, 6 units).",Re-tag the facing and run an RFID read test at the gate antenna.
SA-000514,BLN01,SM-BLN01,AR00002,2026-06-14,STOCK_VARIANCE,LOW,3,OPEN,26.74,0.28,0.4,3.5,EUR,Counted stock runs 11.5% below book stock across 21 daily counts.,Schedule a cycle count and check the shelf for concealed removals.
SA-000515,HAM01,PF-HAM01,AR00188,2026-06-20,STOCK_VARIANCE,LOW,3,OPEN,26.65,0.0797,0.1357,19.8,EUR,Counted stock runs 6.6% below book stock across 21 daily counts.,Schedule a cycle count and check the shelf for concealed removals.
SA-000516,STR01,PF-STR01,AR00306,2026-07-01,RFID_MISREAD,LOW,3,OPEN,26.6,1,0.7727,23.5,EUR,"Cancellation rate 100.0% against a network baseline of 77.3% for this article (4 events, 5 units).",Re-tag the facing and run an RFID read test at the gate antenna.
SA-000517,HAM01,PF-HAM01,AR00243,2026-04-24,STOCK_VARIANCE,LOW,3,OPEN,26.6,0.0394,0.0909,12.5,EUR,Counted stock runs 7.9% below book stock across 21 daily counts.,Schedule a cycle count and check the shelf for concealed removals.
SA-000518,WDF02,PF-WDF02,AR00346,2026-06-05,RFID_MISREAD,LOW,3,OPEN,26.59,1,0.8485,50.7,EUR,"Cancellation rate 100.0% against a network baseline of 84.8% for this article (6 events, 13 units).",Re-tag the facing and run an RFID read test at the gate antenna.
SA-000519,MUC01,PF-MUC01,AR00153,2026-05-31,RFID_MISREAD,LOW,3,OPEN,26.58,1,0.8,31.5,EUR,"Cancellation rate 100.0% against a network baseline of 80.0% for this article (4 events, 9 units).",Re-tag the facing and run an RFID read test at the gate antenna.
SA-000520,STR01,PF-STR01,AR00095,2026-06-22,STOCK_VARIANCE,LOW,3,OPEN,26.45,0.4667,0.375,18.2,EUR,"Counted stock runs 6.7% below book stock across 21 daily counts. Cancellation rate 46.7% against a network baseline of 37.5% for this article (3 events, 7 units).",Schedule a cycle count and check the shelf for concealed removals.
SA-000521,MUC01,SM-MUC01,AR00096,2026-06-18,BASKET_ABANDONED,LOW,3,OPEN,26.43,0.8182,0.6667,35.55,EUR,"Cancellation rate 81.8% against a network baseline of 66.7% for this article (4 events, 9 units).",Review basket abandonment at this terminal with the shift lead.
SA-000522,WDF02,PF-WDF02,AR00076,2026-05-28,RFID_MISREAD,LOW,3,OPEN,26.41,1,0.8824,66,EUR,"Cancellation rate 100.0% against a network baseline of 88.2% for this article (4 events, 12 units).",Re-tag the facing and run an RFID read test at the gate antenna.
SA-000523,MUC01,PF-MUC01,AR00094,2026-05-31,STOCK_VARIANCE,LOW,3,OPEN,26.4,0.3889,0.8389,2.1,EUR,Counted stock runs 12.4% below book stock across 21 daily counts.,Schedule a cycle count and check the shelf for concealed removals.
SA-000524,HAM01,PF-HAM01,AR00386,2026-07-02,RFID_MISREAD,LOW,3,OPEN,26.39,0.6364,0.4667,14,EUR,"Cancellation rate 63.6% against a network baseline of 46.7% for this article (5 events, 7 units).",Re-tag the facing and run an RFID read test at the gate antenna.
SA-000525,HAM01,PF-HAM01,AR00049,2026-05-06,RFID_MISREAD,LOW,3,OPEN,26.38,0.8889,0.7931,71.2,EUR,"Cancellation rate 88.9% against a network baseline of 79.3% for this article (4 events, 8 units).",Re-tag the facing and run an RFID read test at the gate antenna.
SA-000526,WDF02,SM-WDF02,AR00017,2026-02-16,BASKET_ABANDONED,LOW,3,OPEN,26.29,1,0.7778,23.4,EUR,"Cancellation rate 100.0% against a network baseline of 77.8% for this article (3 events, 6 units).",Review basket abandonment at this terminal with the shift lead.
SA-000527,WDF02,PF-WDF02,AR00131,2026-04-06,RFID_MISREAD,LOW,3,OPEN,26.23,1,0.7941,27.6,EUR,"Cancellation rate 100.0% against a network baseline of 79.4% for this article (3 events, 4 units).",Re-tag the facing and run an RFID read test at the gate antenna.
SA-000528,HAM01,SM-HAM01,AR00002,2026-06-05,STOCK_VARIANCE,LOW,3,OPEN,26.15,0.1364,0.4,1.5,EUR,Counted stock runs 13.0% below book stock across 21 daily counts.,Schedule a cycle count and check the shelf for concealed removals.
SA-000529,WDF02,PF-WDF02,AR00104,2026-05-05,RFID_MISREAD,LOW,3,OPEN,26.01,1,0.697,7.8,EUR,"Cancellation rate 100.0% against a network baseline of 69.7% for this article (3 events, 3 units).",Re-tag the facing and run an RFID read test at the gate antenna.
SA-000530,HAM01,PF-HAM01,AR00001,2026-04-12,STOCK_VARIANCE,LOW,3,OPEN,25.97,0.0889,0.1783,4,EUR,Counted stock runs 10.7% below book stock across 21 daily counts.,Schedule a cycle count and check the shelf for concealed removals.
SA-000531,HAM01,PF-HAM01,AR00242,2026-06-25,STOCK_VARIANCE,LOW,3,OPEN,25.97,0.0333,0.1342,7.5,EUR,Counted stock runs 9.0% below book stock across 21 daily counts.,Schedule a cycle count and check the shelf for concealed removals.
SA-000532,STR01,PF-STR01,AR00386,2026-04-01,RFID_MISREAD,LOW,3,OPEN,25.92,0.6667,0.4667,8,EUR,"Cancellation rate 66.7% against a network baseline of 46.7% for this article (3 events, 4 units).",Re-tag the facing and run an RFID read test at the gate antenna.
SA-000533,WDF01,PF02,AR00188,2026-03-03,STOCK_VARIANCE,LOW,3,OPEN,25.86,0.1158,0.1357,19.8,EUR,Counted stock runs 6.1% below book stock across 21 daily counts.,Schedule a cycle count and check the shelf for concealed removals.
SA-000534,WDF01,MOB1,AR00095,2026-01-07,STOCK_VARIANCE,LOW,3,OPEN,25.81,0.2,0.375,7.8,EUR,Counted stock runs 8.8% below book stock across 21 daily counts.,Schedule a cycle count and check the shelf for concealed removals.
SA-000535,MUC01,PF-MUC01,AR00105,2026-05-24,RFID_MISREAD,LOW,3,OPEN,25.64,1,0.8519,43.45,EUR,"Cancellation rate 100.0% against a network baseline of 85.2% for this article (4 events, 11 units).",Re-tag the facing and run an RFID read test at the gate antenna.
SA-000536,MUC01,SM-MUC01,AR00109,2026-06-15,BASKET_ABANDONED,LOW,3,OPEN,25.62,0.5556,0.4,10,EUR,"Cancellation rate 55.6% against a network baseline of 40.0% for this article (3 events, 5 units).",Review basket abandonment at this terminal with the shift lead.
SA-000537,STR01,PF-STR01,AR00147,2026-06-17,RFID_MISREAD,LOW,3,OPEN,25.56,1,0.878,53.9,EUR,"Cancellation rate 100.0% against a network baseline of 87.8% for this article (4 events, 11 units).",Re-tag the facing and run an RFID read test at the gate antenna.
SA-000538,STR01,PF-STR01,AR00098,2026-06-03,RFID_MISREAD,LOW,3,OPEN,25.4,1,0.814,28.75,EUR,"Cancellation rate 100.0% against a network baseline of 81.4% for this article (3 events, 5 units).",Re-tag the facing and run an RFID read test at the gate antenna.
SA-000539,STR01,PF-STR01,AR00035,2026-05-27,RFID_MISREAD,LOW,3,OPEN,25.32,0.8889,0.6944,20,EUR,"Cancellation rate 88.9% against a network baseline of 69.4% for this article (3 events, 8 units).",Re-tag the facing and run an RFID read test at the gate antenna.
SA-000540,STR01,PF-STR01,AR00228,2026-07-03,RFID_MISREAD,LOW,3,OPEN,25.21,0.9091,0.8333,69,EUR,"Cancellation rate 90.9% against a network baseline of 83.3% for this article (4 events, 10 units).",Re-tag the facing and run an RFID read test at the gate antenna.
SA-000541,WDF01,PF02,AR00088,2026-07-03,RFID_MISREAD,LOW,3,OPEN,25.16,0.9062,0.8228,63.78,EUR,"Cancellation rate 90.6% against a network baseline of 82.3% for this article (20 events, 28.997999999999998 units).",Re-tag the facing and run an RFID read test at the gate antenna.
SA-000542,MUC01,PF-MUC01,AR00442,2026-04-23,RFID_MISREAD,LOW,3,OPEN,25.05,1,0.7857,19.92,EUR,"Cancellation rate 100.0% against a network baseline of 78.6% for this article (5 events, 8 units).",Re-tag the facing and run an RFID read test at the gate antenna.
SA-000543,WDF02,PF-WDF02,AR00033,2026-06-11,RFID_MISREAD,LOW,3,OPEN,24.97,1,0.7907,20.7,EUR,"Cancellation rate 100.0% against a network baseline of 79.1% for this article (3 events, 6 units).",Re-tag the facing and run an RFID read test at the gate antenna.
SA-000544,WDF02,PF-WDF02,AR00119,2026-04-16,RFID_MISREAD,LOW,3,OPEN,24.93,1,0.8438,35,EUR,"Cancellation rate 100.0% against a network baseline of 84.4% for this article (5 events, 10 units).",Re-tag the facing and run an RFID read test at the gate antenna.
SA-000545,STR01,PF-STR01,AR00158,2026-05-05,STOCK_VARIANCE,LOW,3,OPEN,24.91,0.2857,0.3125,15.2,EUR,Counted stock runs 6.3% below book stock across 21 daily counts.,Schedule a cycle count and check the shelf for concealed removals.
SA-000546,WDF01,SM01,AR90034,2026-05-08,STOCK_VARIANCE,LOW,3,OPEN,24.88,0.033,0.1343,5.1,EUR,Counted stock runs 9.4% below book stock across 21 daily counts.,Schedule a cycle count and check the shelf for concealed removals.
SA-000547,STR01,PF-STR01,AR00188,2026-06-17,STOCK_VARIANCE,LOW,3,OPEN,24.88,0.175,0.1357,12.6,EUR,"Counted stock runs 6.8% below book stock across 21 daily counts. Cancellation rate 17.5% against a network baseline of 13.6% for this article (3 events, 7 units).",Schedule a cycle count and check the shelf for concealed removals.
SA-000548,STR01,PF-STR01,AR00022,2026-02-25,RFID_MISREAD,LOW,3,OPEN,24.85,0.75,0.6034,23.4,EUR,"Cancellation rate 75.0% against a network baseline of 60.3% for this article (3 events, 6 units).",Re-tag the facing and run an RFID read test at the gate antenna.
SA-000549,WDF01,MOB1,AR90013,2026-01-31,STOCK_VARIANCE,LOW,3,OPEN,24.81,0.013,0.2148,5.1,EUR,Counted stock runs 9.3% below book stock across 21 daily counts.,Schedule a cycle count and check the shelf for concealed removals.
SA-000550,STR01,PF-STR01,AR00281,2026-04-21,RFID_MISREAD,LOW,3,OPEN,24.76,0.7778,0.625,22.75,EUR,"Cancellation rate 77.8% against a network baseline of 62.5% for this article (3 events, 7 units).",Re-tag the facing and run an RFID read test at the gate antenna.
SA-000551,WDF02,PF-WDF02,AR00303,2026-06-05,RFID_MISREAD,LOW,3,OPEN,24.55,1,0.8947,50.85,EUR,"Cancellation rate 100.0% against a network baseline of 89.5% for this article (5 events, 9 units).",Re-tag the facing and run an RFID read test at the gate antenna.
SA-000552,MUC01,SM-MUC01,AR00153,2026-05-08,BASKET_ABANDONED,LOW,3,OPEN,24.55,1,0.8,21,EUR,"Cancellation rate 100.0% against a network baseline of 80.0% for this article (3 events, 6 units).",Review basket abandonment at this terminal with the shift lead.
SA-000553,HAM01,PF-HAM01,AR90023,2026-06-28,RFID_MISREAD,LOW,3,OPEN,24.55,0.6429,0.4925,14.4,EUR,"Cancellation rate 64.3% against a network baseline of 49.3% for this article (3 events, 9 units).",Re-tag the facing and run an RFID read test at the gate antenna.
SA-000554,STR01,PF-STR01,AR00349,2026-06-26,RFID_MISREAD,LOW,3,OPEN,24.52,0.8889,0.8,52.8,EUR,"Cancellation rate 88.9% against a network baseline of 80.0% for this article (3 events, 8 units).",Re-tag the facing and run an RFID read test at the gate antenna.
SA-000555,HAM01,PF-HAM01,AR00349,2026-03-29,RFID_MISREAD,LOW,3,OPEN,24.52,0.8889,0.8,52.8,EUR,"Cancellation rate 88.9% against a network baseline of 80.0% for this article (3 events, 8 units).",Re-tag the facing and run an RFID read test at the gate antenna.
SA-000556,WDF02,SM-WDF02,AR00126,2026-06-03,BASKET_ABANDONED,LOW,3,OPEN,24.51,0.9,0.7037,17.1,EUR,"Cancellation rate 90.0% against a network baseline of 70.4% for this article (3 events, 9 units).",Review basket abandonment at this terminal with the shift lead.
SA-000557,MUC01,PF-MUC01,AR00387,2026-05-26,RFID_MISREAD,LOW,3,OPEN,24.32,0.6923,0.5741,27,EUR,"Cancellation rate 69.2% against a network baseline of 57.4% for this article (4 events, 9 units).",Re-tag the facing and run an RFID read test at the gate antenna.
SA-000558,WDF02,PF-WDF02,AR00020,2026-05-07,RFID_MISREAD,LOW,3,OPEN,24.28,0.875,0.7273,27.3,EUR,"Cancellation rate 87.5% against a network baseline of 72.7% for this article (4 events, 7 units).",Re-tag the facing and run an RFID read test at the gate antenna.
SA-000559,WDF01,PF02,AR00071,2026-05-31,STOCK_VARIANCE,LOW,3,OPEN,24.22,0.16,0.2199,11.6,EUR,Counted stock runs 6.7% below book stock across 21 daily counts.,Schedule a cycle count and check the shelf for concealed removals.
SA-000560,HAM01,PF-HAM01,AR00178,2026-05-29,RFID_MISREAD,LOW,3,OPEN,24.22,0.5263,0.4051,14,EUR,"Cancellation rate 52.6% against a network baseline of 40.5% for this article (5 events, 10 units).",Re-tag the facing and run an RFID read test at the gate antenna.
SA-000561,HAM01,PF-HAM01,AR00110,2026-06-29,RFID_MISREAD,LOW,3,OPEN,24.17,0.75,0.6364,31.5,EUR,"Cancellation rate 75.0% against a network baseline of 63.6% for this article (5 events, 9 units).",Re-tag the facing and run an RFID read test at the gate antenna.
SA-000562,WDF02,PF-WDF02,AR00105,2026-06-18,RFID_MISREAD,LOW,3,OPEN,24.03,1,0.8519,31.6,EUR,"Cancellation rate 100.0% against a network baseline of 85.2% for this article (3 events, 8 units).",Re-tag the facing and run an RFID read test at the gate antenna.
SA-000563,HAM01,PF-HAM01,AR00069,2026-05-23,RFID_MISREAD,LOW,3,OPEN,23.94,0.8,0.6786,30,EUR,"Cancellation rate 80.0% against a network baseline of 67.9% for this article (6 events, 12 units).",Re-tag the facing and run an RFID read test at the gate antenna.
SA-000564,WDF02,PF-WDF02,AR00133,2026-06-05,RFID_MISREAD,LOW,3,OPEN,23.91,1,0.8276,24.5,EUR,"Cancellation rate 100.0% against a network baseline of 82.8% for this article (3 events, 7 units).",Re-tag the facing and run an RFID read test at the gate antenna.
SA-000565,HAM01,PF-HAM01,AR00356,2026-06-27,RFID_MISREAD,LOW,3,OPEN,23.9,1,0.907,49.5,EUR,"Cancellation rate 100.0% against a network baseline of 90.7% for this article (4 events, 9 units).",Re-tag the facing and run an RFID read test at the gate antenna.
SA-000566,STR01,SM-STR01,AR00270,2026-06-08,BASKET_ABANDONED,LOW,3,OPEN,23.75,1,0.8222,22.5,EUR,"Cancellation rate 100.0% against a network baseline of 82.2% for this article (3 events, 9 units).",Review basket abandonment at this terminal with the shift lead.
SA-000567,MUC01,PF-MUC01,AR00303,2026-05-27,RFID_MISREAD,LOW,3,OPEN,23.74,0.9286,0.8947,73.45,EUR,"Cancellation rate 92.9% against a network baseline of 89.5% for this article (5 events, 13 units).",Re-tag the facing and run an RFID read test at the gate antenna.
SA-000568,HAM01,PF-HAM01,AR00132,2026-06-08,RFID_MISREAD,LOW,3,OPEN,23.69,1,0.9697,75.9,EUR,"Cancellation rate 100.0% against a network baseline of 97.0% for this article (6 events, 11 units).",Re-tag the facing and run an RFID read test at the gate antenna.
SA-000569,HAM01,PF-HAM01,AR00140,2026-05-21,RFID_MISREAD,LOW,3,OPEN,23.68,0.9091,0.7727,29,EUR,"Cancellation rate 90.9% against a network baseline of 77.3% for this article (4 events, 10 units).",Re-tag the facing and run an RFID read test at the gate antenna.
SA-000570,MUC01,SM-MUC01,AR00322,2026-04-09,STOCK_VARIANCE,LOW,3,OPEN,23.44,0.2,0.2817,3.6,EUR,Counted stock runs 9.4% below book stock across 21 daily counts.,Schedule a cycle count and check the shelf for concealed removals.
SA-000571,WDF02,SM-WDF02,AR00270,2026-05-27,BASKET_ABANDONED,LOW,3,OPEN,23.16,1,0.8222,20,EUR,"Cancellation rate 100.0% against a network baseline of 82.2% for this article (3 events, 8 units).",Review basket abandonment at this terminal with the shift lead.
SA-000572,WDF02,SM-WDF02,AR00096,2026-06-23,BASKET_ABANDONED,LOW,3,OPEN,23.11,0.7778,0.6667,27.65,EUR,"Cancellation rate 77.8% against a network baseline of 66.7% for this article (3 events, 7 units).",Review basket abandonment at this terminal with the shift lead.
SA-000573,WDF01,PF02,AR00008,2026-06-10,RFID_MISREAD,LOW,3,OPEN,23.05,0.7778,0.6957,37.8,EUR,"Cancellation rate 77.8% against a network baseline of 69.6% for this article (21 events, 21 units).",Re-tag the facing and run an RFID read test at the gate antenna.
SA-000574,MUC01,PF-MUC01,AR00204,2026-05-11,STOCK_VARIANCE,LOW,3,OPEN,22.89,0.3571,0.3925,9,EUR,Counted stock runs 6.6% below book stock across 21 daily counts.,Schedule a cycle count and check the shelf for concealed removals.
SA-000575,MUC01,PF-MUC01,AR00441,2026-06-24,RFID_MISREAD,LOW,3,OPEN,22.87,0.6364,0.5254,19.53,EUR,"Cancellation rate 63.6% against a network baseline of 52.5% for this article (3 events, 7 units).",Re-tag the facing and run an RFID read test at the gate antenna.
SA-000576,HAM01,PF-HAM01,AR90050,2026-06-12,RFID_MISREAD,LOW,3,OPEN,22.69,0.5,0.4,14.4,EUR,"Cancellation rate 50.0% against a network baseline of 40.0% for this article (5 events, 9 units).",Re-tag the facing and run an RFID read test at the gate antenna.
SA-000577,WDF02,PF-WDF02,AR00132,2026-06-01,RFID_MISREAD,LOW,3,OPEN,22.66,1,0.9697,62.1,EUR,"Cancellation rate 100.0% against a network baseline of 97.0% for this article (4 events, 9 units).",Re-tag the facing and run an RFID read test at the gate antenna.
SA-000578,STR01,PF-STR01,AR00063,2026-06-12,RFID_MISREAD,LOW,3,OPEN,22.63,0.875,0.7391,22.4,EUR,"Cancellation rate 87.5% against a network baseline of 73.9% for this article (3 events, 7 units).",Re-tag the facing and run an RFID read test at the gate antenna.
SA-000579,STR01,PF-STR01,AR00384,2026-06-23,RFID_MISREAD,LOW,3,OPEN,22.56,1,0.8846,31.6,EUR,"Cancellation rate 100.0% against a network baseline of 88.5% for this article (3 events, 8 units).",Re-tag the facing and run an RFID read test at the gate antenna.
SA-000580,MUC01,PF-MUC01,AR00438,2026-06-29,RFID_MISREAD,LOW,3,OPEN,22.56,0.8462,0.7292,25.85,EUR,"Cancellation rate 84.6% against a network baseline of 72.9% for this article (5 events, 11 units).",Re-tag the facing and run an RFID read test at the gate antenna.
SA-000581,WDF02,SM-WDF02,AR00359,2026-07-01,BASKET_ABANDONED,LOW,3,OPEN,22.55,1,0.9355,47.4,EUR,"Cancellation rate 100.0% against a network baseline of 93.5% for this article (3 events, 6 units).",Review basket abandonment at this terminal with the shift lead.
SA-000582,WDF02,PF-WDF02,AR00153,2026-04-07,RFID_MISREAD,LOW,3,OPEN,22.55,1,0.8,14,EUR,"Cancellation rate 100.0% against a network baseline of 80.0% for this article (3 events, 4 units).",Re-tag the facing and run an RFID read test at the gate antenna.
SA-000583,STR01,PF-STR01,AR00156,2026-05-28,RFID_MISREAD,LOW,3,OPEN,22.53,1,0.8529,23.7,EUR,"Cancellation rate 100.0% against a network baseline of 85.3% for this article (3 events, 6 units).",Re-tag the facing and run an RFID read test at the gate antenna.
SA-000584,MUC01,PF-MUC01,AR00314,2026-05-28,RFID_MISREAD,LOW,3,OPEN,22.52,0.8333,0.6585,12.5,EUR,"Cancellation rate 83.3% against a network baseline of 65.9% for this article (3 events, 5 units).",Re-tag the facing and run an RFID read test at the gate antenna.
SA-000585,MUC01,PF-MUC01,AR00317,2026-06-30,RFID_MISREAD,LOW,3,OPEN,22.5,0.7273,0.6078,20,EUR,"Cancellation rate 72.7% against a network baseline of 60.8% for this article (4 events, 8 units).",Re-tag the facing and run an RFID read test at the gate antenna.
SA-000586,HAM01,PF-HAM01,AR00373,2026-06-23,RFID_MISREAD,LOW,3,OPEN,22.5,1,0.9677,59.4,EUR,"Cancellation rate 100.0% against a network baseline of 96.8% for this article (5 events, 12 units).",Re-tag the facing and run an RFID read test at the gate antenna.
SA-000587,MUC01,PF-MUC01,AR00323,2026-05-18,RFID_MISREAD,LOW,3,OPEN,22.39,0.9,0.7931,29.7,EUR,"Cancellation rate 90.0% against a network baseline of 79.3% for this article (6 events, 9 units).",Re-tag the facing and run an RFID read test at the gate antenna.
SA-000588,HAM01,PF-HAM01,AR00375,2026-05-13,RFID_MISREAD,LOW,3,OPEN,22.35,0.7143,0.6154,24.75,EUR,"Cancellation rate 71.4% against a network baseline of 61.5% for this article (3 events, 5 units).",Re-tag the facing and run an RFID read test at the gate antenna.
SA-000589,WDF01,PF02,AR00194,2026-01-09,STOCK_VARIANCE,LOW,3,OPEN,22.27,0.16,0.2348,7.2,EUR,Counted stock runs 6.9% below book stock across 21 daily counts.,Schedule a cycle count and check the shelf for concealed removals.
SA-000590,WDF02,PF-WDF02,AR00377,2026-06-18,RFID_MISREAD,LOW,3,OPEN,22.21,0.9286,0.8966,55.25,EUR,"Cancellation rate 92.9% against a network baseline of 89.7% for this article (5 events, 13 units).",Re-tag the facing and run an RFID read test at the gate antenna.
SA-000591,MUC01,PF-MUC01,AR00069,2026-04-26,RFID_MISREAD,LOW,3,OPEN,21.91,0.8,0.6786,20,EUR,"Cancellation rate 80.0% against a network baseline of 67.9% for this article (3 events, 8 units).",Re-tag the facing and run an RFID read test at the gate antenna.
SA-000592,WDF01,PF02,AR00438,2026-03-10,RFID_MISREAD,LOW,3,OPEN,21.85,0.8125,0.7292,30.56,EUR,"Cancellation rate 81.3% against a network baseline of 72.9% for this article (7 events, 13 units).",Re-tag the facing and run an RFID read test at the gate antenna.
SA-000593,WDF02,PF-WDF02,AR00356,2026-03-27,RFID_MISREAD,LOW,3,OPEN,21.84,1,0.907,33,EUR,"Cancellation rate 100.0% against a network baseline of 90.7% for this article (4 events, 6 units).",Re-tag the facing and run an RFID read test at the gate antenna.
SA-000594,STR01,PF-STR01,AR00356,2026-06-17,RFID_MISREAD,LOW,3,OPEN,21.84,1,0.907,33,EUR,"Cancellation rate 100.0% against a network baseline of 90.7% for this article (3 events, 6 units).",Re-tag the facing and run an RFID read test at the gate antenna.
SA-000595,STR01,SM-STR01,AR00389,2026-06-14,BASKET_ABANDONED,LOW,3,OPEN,21.64,0.8889,0.8438,44,EUR,"Cancellation rate 88.9% against a network baseline of 84.4% for this article (3 events, 8 units).",Review basket abandonment at this terminal with the shift lead.
SA-000596,BLN01,SM-BLN01,AR00346,2026-05-08,BASKET_ABANDONED,LOW,3,OPEN,21.64,0.9091,0.8485,39,EUR,"Cancellation rate 90.9% against a network baseline of 84.8% for this article (4 events, 10 units).",Review basket abandonment at this terminal with the shift lead.
SA-000597,BLN01,SM-BLN01,AR00359,2026-05-09,BASKET_ABANDONED,LOW,3,OPEN,21.62,1,0.9355,39.5,EUR,"Cancellation rate 100.0% against a network baseline of 93.5% for this article (3 events, 5 units).",Review basket abandonment at this terminal with the shift lead.
SA-000598,HAM01,PF-HAM01,AR00066,2026-07-01,RFID_MISREAD,LOW,3,OPEN,21.59,0.8235,0.7581,35,EUR,"Cancellation rate 82.4% against a network baseline of 75.8% for this article (6 events, 14 units).",Re-tag the facing and run an RFID read test at the gate antenna.
SA-000599,STR01,PF-STR01,AR00303,2026-05-12,RFID_MISREAD,LOW,3,OPEN,21.56,1,0.8947,28.25,EUR,"Cancellation rate 100.0% against a network baseline of 89.5% for this article (3 events, 5 units).",Re-tag the facing and run an RFID read test at the gate antenna.
SA-000600,WDF02,PF-WDF02,AR00089,2026-06-01,RFID_MISREAD,LOW,3,OPEN,21.48,0.8889,0.75,17.6,EUR,"Cancellation rate 88.9% against a network baseline of 75.0% for this article (4 events, 8 units).",Re-tag the facing and run an RFID read test at the gate antenna.
SA-000601,STR01,PF-STR01,AR00323,2026-05-14,RFID_MISREAD,LOW,3,OPEN,21.33,0.8889,0.7931,26.4,EUR,"Cancellation rate 88.9% against a network baseline of 79.3% for this article (4 events, 8 units).",Re-tag the facing and run an RFID read test at the gate antenna.
SA-000602,WDF02,PF-WDF02,AR00061,2026-06-30,RFID_MISREAD,LOW,3,OPEN,21.31,1,0.8611,20,EUR,"Cancellation rate 100.0% against a network baseline of 86.1% for this article (4 events, 8 units).",Re-tag the facing and run an RFID read test at the gate antenna.
SA-000603,HAM01,SM-HAM01,AR00061,2026-06-18,BASKET_ABANDONED,LOW,3,OPEN,21.31,1,0.8611,20,EUR,"Cancellation rate 100.0% against a network baseline of 86.1% for this article (3 events, 8 units).",Review basket abandonment at this terminal with the shift lead.
SA-000604,MUC01,PF-MUC01,AR00063,2026-05-26,RFID_MISREAD,LOW,3,OPEN,21.3,0.8182,0.7391,28.8,EUR,"Cancellation rate 81.8% against a network baseline of 73.9% for this article (4 events, 9 units).",Re-tag the facing and run an RFID read test at the gate antenna.
SA-000605,MUC01,SM-MUC01,AR00290,2026-03-08,BASKET_ABANDONED,LOW,3,OPEN,21.29,1,0.8478,17.6,EUR,"Cancellation rate 100.0% against a network baseline of 84.8% for this article (3 events, 8 units).",Review basket abandonment at this terminal with the shift lead.
SA-000606,STR01,PF-STR01,AR00301,2026-03-03,RFID_MISREAD,LOW,3,OPEN,21.08,0.875,0.7907,27.65,EUR,"Cancellation rate 87.5% against a network baseline of 79.1% for this article (3 events, 7 units).",Re-tag the facing and run an RFID read test at the gate antenna.
SA-000607,WDF02,SM-WDF02,AR00356,2026-05-28,BASKET_ABANDONED,LOW,3,OPEN,20.92,1,0.907,27.5,EUR,"Cancellation rate 100.0% against a network baseline of 90.7% for this article (3 events, 5 units).",Review basket abandonment at this terminal with the shift lead.
SA-000608,STR01,PF-STR01,AR00053,2026-05-22,RFID_MISREAD,LOW,3,OPEN,20.87,0.9,0.8293,30.6,EUR,"Cancellation rate 90.0% against a network baseline of 82.9% for this article (4 events, 9 units).",Re-tag the facing and run an RFID read test at the gate antenna.
SA-000609,MUC01,PF-MUC01,AR00432,2026-06-24,RFID_MISREAD,LOW,3,OPEN,20.87,0.9167,0.8723,38.5,EUR,"Cancellation rate 91.7% against a network baseline of 87.2% for this article (6 events, 11 units).",Re-tag the facing and run an RFID read test at the gate antenna.
SA-000610,MUC01,SM-MUC01,AR00426,2026-05-11,BASKET_ABANDONED,LOW,3,OPEN,20.86,0.8,0.697,20,EUR,"Cancellation rate 80.0% against a network baseline of 69.7% for this article (4 events, 8 units).",Review basket abandonment at this terminal with the shift lead.
SA-000611,STR01,PF-STR01,AR00076,2026-04-24,RFID_MISREAD,LOW,3,OPEN,20.84,1,0.8824,22,EUR,"Cancellation rate 100.0% against a network baseline of 88.2% for this article (3 events, 4 units).",Re-tag the facing and run an RFID read test at the gate antenna.
SA-000612,HAM01,PF-HAM01,AR00096,2026-06-28,RFID_MISREAD,LOW,3,OPEN,20.83,0.6875,0.6667,43.45,EUR,"Cancellation rate 68.8% against a network baseline of 66.7% for this article (4 events, 11 units).",Re-tag the facing and run an RFID read test at the gate antenna.
SA-000613,BLN01,SM-BLN01,AR00117,2026-05-27,BASKET_ABANDONED,LOW,3,OPEN,20.81,1,0.8393,14.7,EUR,"Cancellation rate 100.0% against a network baseline of 83.9% for this article (3 events, 7 units).",Review basket abandonment at this terminal with the shift lead.
SA-000614,HAM01,PF-HAM01,AR00129,2026-05-25,RFID_MISREAD,LOW,3,OPEN,20.74,0.55,0.4651,15.4,EUR,"Cancellation rate 55.0% against a network baseline of 46.5% for this article (5 events, 11 units).",Re-tag the facing and run an RFID read test at the gate antenna.
SA-000615,STR01,SM-STR01,AR00020,2026-04-15,BASKET_ABANDONED,LOW,3,OPEN,20.66,0.8333,0.7273,19.5,EUR,"Cancellation rate 83.3% against a network baseline of 72.7% for this article (3 events, 5 units).",Review basket abandonment at this terminal with the shift lead.
SA-000616,WDF01,PF02,AR00193,2026-06-23,STOCK_VARIANCE,LOW,3,OPEN,20.58,0.1026,0.1611,5.6,EUR,Counted stock runs 6.5% below book stock across 21 daily counts.,Schedule a cycle count and check the shelf for concealed removals.
SA-000617,STR01,PF-STR01,AR00302,2026-06-01,RFID_MISREAD,LOW,3,OPEN,20.49,1,0.9355,31.6,EUR,"Cancellation rate 100.0% against a network baseline of 93.5% for this article (3 events, 8 units).",Re-tag the facing and run an RFID read test at the gate antenna.
SA-000618,WDF02,PF-WDF02,AR00113,2026-06-26,RFID_MISREAD,LOW,3,OPEN,20.44,1,0.8857,20.9,EUR,"Cancellation rate 100.0% against a network baseline of 88.6% for this article (4 events, 11 units).",Re-tag the facing and run an RFID read test at the gate antenna.
SA-000619,HAM01,PF-HAM01,AR00030,2026-06-29,RFID_MISREAD,LOW,3,OPEN,20.42,0.8462,0.8158,38.5,EUR,"Cancellation rate 84.6% against a network baseline of 81.6% for this article (6 events, 11 units).",Re-tag the facing and run an RFID read test at the gate antenna.
SA-000620,WDF02,PF-WDF02,AR00018,2026-06-05,RFID_MISREAD,LOW,3,OPEN,20.37,1,0.8704,18,EUR,"Cancellation rate 100.0% against a network baseline of 87.0% for this article (4 events, 10 units).",Re-tag the facing and run an RFID read test at the gate antenna.
SA-000621,WDF01,SM01,AR00149,2026-06-17,BASKET_ABANDONED,LOW,3,OPEN,20.26,0.875,0.8205,30.74,EUR,"Cancellation rate 87.5% against a network baseline of 82.1% for this article (7 events, 7 units).",Review basket abandonment at this terminal with the shift lead.
SA-000622,WDF02,SM-WDF02,AR00089,2026-06-30,BASKET_ABANDONED,LOW,3,OPEN,20.2,0.875,0.75,15.4,EUR,"Cancellation rate 87.5% against a network baseline of 75.0% for this article (3 events, 7 units).",Review basket abandonment at this terminal with the shift lead.
SA-000623,BLN01,SM-BLN01,AR00453,2026-03-21,BASKET_ABANDONED,LOW,3,OPEN,20.17,1,0.8529,14.7,EUR,"Cancellation rate 100.0% against a network baseline of 85.3% for this article (3 events, 7 units).",Review basket abandonment at this terminal with the shift lead.
SA-000624,STR01,SM-STR01,AR00284,2026-06-24,BASKET_ABANDONED,LOW,3,OPEN,20.07,1,0.8958,21.15,EUR,"Cancellation rate 100.0% against a network baseline of 89.6% for this article (4 events, 9 units).",Review basket abandonment at this terminal with the shift lead.
SA-000625,STR01,PF-STR01,AR00364,2026-06-17,RFID_MISREAD,LOW,3,OPEN,20.07,0.6667,0.5714,15,EUR,"Cancellation rate 66.7% against a network baseline of 57.1% for this article (3 events, 4 units).",Re-tag the facing and run an RFID read test at the gate antenna.
SA-000626,MUC01,PF-MUC01,AR00018,2026-06-18,RFID_MISREAD,LOW,3,OPEN,19.97,0.9375,0.8704,27,EUR,"Cancellation rate 93.8% against a network baseline of 87.0% for this article (7 events, 15 units).",Re-tag the facing and run an RFID read test at the gate antenna.
SA-000627,BLN01,SM-BLN01,AR00063,2026-05-07,BASKET_ABANDONED,LOW,3,OPEN,19.88,0.8,0.7391,25.6,EUR,"Cancellation rate 80.0% against a network baseline of 73.9% for this article (4 events, 8 units).",Review basket abandonment at this terminal with the shift lead.
SA-000628,HAM01,PF-HAM01,AR00434,2026-06-05,RFID_MISREAD,LOW,3,OPEN,19.81,0.6,0.5484,23.34,EUR,"Cancellation rate 60.0% against a network baseline of 54.8% for this article (4 events, 6 units).",Re-tag the facing and run an RFID read test at the gate antenna.
SA-000629,WDF01,SM01,AR00188,2026-03-23,STOCK_VARIANCE,LOW,3,OPEN,19.71,0.0345,0.1357,5.4,EUR,Counted stock runs 6.1% below book stock across 21 daily counts.,Schedule a cycle count and check the shelf for concealed removals.
SA-000630,MUC01,PF-MUC01,AR00218,2026-05-27,RFID_MISREAD,LOW,3,OPEN,19.59,1,0.8214,9.5,EUR,"Cancellation rate 100.0% against a network baseline of 82.1% for this article (3 events, 5 units).",Re-tag the facing and run an RFID read test at the gate antenna.
SA-000631,WDF02,PF-WDF02,AR00392,2026-06-11,RFID_MISREAD,LOW,3,OPEN,19.53,1,0.9286,24.75,EUR,"Cancellation rate 100.0% against a network baseline of 92.9% for this article (4 events, 9 units).",Re-tag the facing and run an RFID read test at the gate antenna.
SA-000632,BLN01,SM-BLN01,AR00371,2026-05-11,BASKET_ABANDONED,LOW,3,OPEN,19.53,1,0.9286,24.75,EUR,"Cancellation rate 100.0% against a network baseline of 92.9% for this article (3 events, 5 units).",Review basket abandonment at this terminal with the shift lead.
SA-000633,HAM01,PF-HAM01,AR00284,2026-07-01,RFID_MISREAD,LOW,3,OPEN,19.48,1,0.8958,18.8,EUR,"Cancellation rate 100.0% against a network baseline of 89.6% for this article (4 events, 8 units).",Re-tag the facing and run an RFID read test at the gate antenna.
SA-000634,HAM01,PF-HAM01,AR00196,2026-06-15,RFID_MISREAD,LOW,3,OPEN,19.44,1,0.8667,14.4,EUR,"Cancellation rate 100.0% against a network baseline of 86.7% for this article (5 events, 9 units).",Re-tag the facing and run an RFID read test at the gate antenna.
SA-000635,MUC01,SM-MUC01,AR00152,2026-04-16,BASKET_ABANDONED,LOW,3,OPEN,19.43,0.6667,0.617,23.7,EUR,"Cancellation rate 66.7% against a network baseline of 61.7% for this article (3 events, 6 units).",Review basket abandonment at this terminal with the shift lead.
SA-000636,MUC01,PF-MUC01,AR00029,2026-03-20,RFID_MISREAD,LOW,3,OPEN,19.11,1,0.871,14,EUR,"Cancellation rate 100.0% against a network baseline of 87.1% for this article (3 events, 4 units).",Re-tag the facing and run an RFID read test at the gate antenna.
SA-000637,WDF01,PF02,AR00006,2026-02-23,RFID_MISREAD,LOW,3,OPEN,19.09,0.3703,0.3333,18,EUR,"Cancellation rate 37.0% against a network baseline of 33.3% for this article (10 events, 9.999 units).",Re-tag the facing and run an RFID read test at the gate antenna.
SA-000638,MUC01,PF-MUC01,AR90051,2026-07-03,RFID_MISREAD,LOW,3,OPEN,19.05,0.5455,0.4545,9.6,EUR,"Cancellation rate 54.5% against a network baseline of 45.5% for this article (3 events, 6 units).",Re-tag the facing and run an RFID read test at the gate antenna.
SA-000639,HAM01,PF-HAM01,AR00113,2026-07-02,RFID_MISREAD,LOW,3,OPEN,18.87,1,0.8857,15.2,EUR,"Cancellation rate 100.0% against a network baseline of 88.6% for this article (4 events, 8 units).",Re-tag the facing and run an RFID read test at the gate antenna.
SA-000640,HAM01,PF-HAM01,AR00312,2026-05-10,RFID_MISREAD,LOW,3,OPEN,18.85,0.6667,0.6316,25,EUR,"Cancellation rate 66.7% against a network baseline of 63.2% for this article (4 events, 10 units).",Re-tag the facing and run an RFID read test at the gate antenna.
SA-000641,WDF02,PF-WDF02,AR00008,2026-07-02,RFID_MISREAD,LOW,3,OPEN,18.68,0.8333,0.6957,9,EUR,"Cancellation rate 83.3% against a network baseline of 69.6% for this article (3 events, 5 units).",Re-tag the facing and run an RFID read test at the gate antenna.
SA-000642,STR01,SM-STR01,AR00436,2026-07-03,BASKET_ABANDONED,LOW,3,OPEN,18.55,0.8,0.7273,17.4,EUR,"Cancellation rate 80.0% against a network baseline of 72.7% for this article (3 events, 4 units).",Review basket abandonment at this terminal with the shift lead.
SA-000643,HAM01,PF-HAM01,AR00126,2026-06-22,RFID_MISREAD,LOW,3,OPEN,18.47,0.8333,0.7037,9.5,EUR,"Cancellation rate 83.3% against a network baseline of 70.4% for this article (3 events, 5 units).",Re-tag the facing and run an RFID read test at the gate antenna.
SA-000644,STR01,PF-STR01,AR00380,2026-05-29,RFID_MISREAD,LOW,3,OPEN,18.36,0.8333,0.7692,18.75,EUR,"Cancellation rate 83.3% against a network baseline of 76.9% for this article (4 events, 5 units).",Re-tag the facing and run an RFID read test at the gate antenna.
SA-000645,STR01,PF-STR01,SM0017,2026-05-27,RFID_MISREAD,LOW,3,OPEN,18.29,1,0.9048,15.92,EUR,"Cancellation rate 100.0% against a network baseline of 90.5% for this article (3 events, 8 units).",Re-tag the facing and run an RFID read test at the gate antenna.
SA-000646,WDF01,PF02,AR00029,2026-03-20,RFID_MISREAD,LOW,3,OPEN,18.24,0.8889,0.871,28,EUR,"Cancellation rate 88.9% against a network baseline of 87.1% for this article (8 events, 8 units).",Re-tag the facing and run an RFID read test at the gate antenna.
SA-000647,MUC01,PF-MUC01,AR00196,2026-05-27,RFID_MISREAD,LOW,3,OPEN,18.23,1,0.8667,11.2,EUR,"Cancellation rate 100.0% against a network baseline of 86.7% for this article (5 events, 7 units).",Re-tag the facing and run an RFID read test at the gate antenna.
SA-000648,BLN01,SM-BLN01,AR00040,2026-06-12,BASKET_ABANDONED,LOW,3,OPEN,18.22,0.5333,0.5185,26.4,EUR,"Cancellation rate 53.3% against a network baseline of 51.9% for this article (3 events, 8 units).",Review basket abandonment at this terminal with the shift lead.
SA-000649,WDF01,MOB1,AR00005,2026-01-17,STOCK_VARIANCE,LOW,3,OPEN,18.08,0.0882,0.2183,3,EUR,Counted stock runs 6.6% below book stock across 21 daily counts.,Schedule a cycle count and check the shelf for concealed removals.
SA-000650,MUC01,PF-MUC01,AR00106,2026-04-09,RFID_MISREAD,LOW,3,OPEN,18.07,0.6667,0.6053,15.6,EUR,"Cancellation rate 66.7% against a network baseline of 60.5% for this article (3 events, 4 units).",Re-tag the facing and run an RFID read test at the gate antenna.
SA-000651,STR01,PF-STR01,AR00069,2026-02-26,RFID_MISREAD,LOW,3,OPEN,18,0.75,0.6786,15,EUR,"Cancellation rate 75.0% against a network baseline of 67.9% for this article (3 events, 6 units).",Re-tag the facing and run an RFID read test at the gate antenna.
SA-000652,WDF01,PF02,AR00030,2026-05-13,RFID_MISREAD,LOW,3,OPEN,17.82,0.8571,0.8158,21,EUR,"Cancellation rate 85.7% against a network baseline of 81.6% for this article (6 events, 6 units).",Re-tag the facing and run an RFID read test at the gate antenna.
SA-000653,HAM01,PF-HAM01,AR00118,2026-06-07,RFID_MISREAD,LOW,3,OPEN,17.71,0.7,0.6667,20.65,EUR,"Cancellation rate 70.0% against a network baseline of 66.7% for this article (4 events, 7 units).",Re-tag the facing and run an RFID read test at the gate antenna.
SA-000654,HAM01,PF-HAM01,AR00432,2026-05-22,RFID_MISREAD,LOW,3,OPEN,17.67,1,0.8723,10.5,EUR,"Cancellation rate 100.0% against a network baseline of 87.2% for this article (3 events, 3 units).",Re-tag the facing and run an RFID read test at the gate antenna.
SA-000655,WDF02,PF-WDF02,AR00019,2026-04-06,RFID_MISREAD,LOW,3,OPEN,17.64,1,0.9231,16.2,EUR,"Cancellation rate 100.0% against a network baseline of 92.3% for this article (4 events, 9 units).",Re-tag the facing and run an RFID read test at the gate antenna.
SA-000656,MUC01,PF-MUC01,AR00126,2026-06-29,RFID_MISREAD,LOW,3,OPEN,17.51,0.7333,0.7037,20.9,EUR,"Cancellation rate 73.3% against a network baseline of 70.4% for this article (5 events, 11 units).",Re-tag the facing and run an RFID read test at the gate antenna.
SA-000657,HAM01,PF-HAM01,AR00021,2026-03-23,RFID_MISREAD,LOW,3,OPEN,17.51,0.7,0.6981,27.3,EUR,"Cancellation rate 70.0% against a network baseline of 69.8% for this article (4 events, 7 units).",Re-tag the facing and run an RFID read test at the gate antenna.
SA-000658,WDF02,SM-WDF02,AR00113,2026-06-15,BASKET_ABANDONED,LOW,3,OPEN,17.48,1,0.8857,11.4,EUR,"Cancellation rate 100.0% against a network baseline of 88.6% for this article (3 events, 6 units).",Review basket abandonment at this terminal with the shift lead.
SA-000659,HAM01,PF-HAM01,AR00169,2026-07-01,RFID_MISREAD,LOW,3,OPEN,17.38,0.5,0.4697,17.5,EUR,"Cancellation rate 50.0% against a network baseline of 47.0% for this article (3 events, 7 units).",Re-tag the facing and run an RFID read test at the gate antenna.
SA-000660,MUC01,PF-MUC01,AR00142,2026-04-26,RFID_MISREAD,LOW,3,OPEN,17.26,1,0.8846,10.8,EUR,"Cancellation rate 100.0% against a network baseline of 88.5% for this article (3 events, 6 units).",Re-tag the facing and run an RFID read test at the gate antenna.
SA-000661,HAM01,PF-HAM01,AR00006,2026-05-26,RFID_MISREAD,LOW,3,OPEN,17.21,0.3429,0.3333,21.6,EUR,"Cancellation rate 34.3% against a network baseline of 33.3% for this article (6 events, 12 units).",Re-tag the facing and run an RFID read test at the gate antenna.
SA-000662,HAM01,PF-HAM01,AR00090,2026-05-22,RFID_MISREAD,LOW,3,OPEN,17.16,0.7692,0.6986,13,EUR,"Cancellation rate 76.9% against a network baseline of 69.9% for this article (5 events, 10 units).",Re-tag the facing and run an RFID read test at the gate antenna.
SA-000663,WDF02,PF-WDF02,AR00345,2026-05-08,RFID_MISREAD,LOW,3,OPEN,16.89,0.8,0.75,15.6,EUR,"Cancellation rate 80.0% against a network baseline of 75.0% for this article (3 events, 4 units).",Re-tag the facing and run an RFID read test at the gate antenna.
SA-000664,BLN01,SM-BLN01,AR00387,2026-06-13,BASKET_ABANDONED,LOW,3,OPEN,16.87,0.6,0.5741,18,EUR,"Cancellation rate 60.0% against a network baseline of 57.4% for this article (3 events, 6 units).",Review basket abandonment at this terminal with the shift lead.
SA-000665,WDF02,SM-WDF02,AR00062,2026-03-23,BASKET_ABANDONED,LOW,3,OPEN,16.54,1,0.8636,7.6,EUR,"Cancellation rate 100.0% against a network baseline of 86.4% for this article (3 events, 4 units).",Review basket abandonment at this terminal with the shift lead.
SA-000666,MUC01,PF-MUC01,AR00175,2026-04-07,RFID_MISREAD,LOW,3,OPEN,16.35,1,0.8667,7.5,EUR,"Cancellation rate 100.0% against a network baseline of 86.7% for this article (3 events, 3 units).",Re-tag the facing and run an RFID read test at the gate antenna.
SA-000667,HAM01,PF-HAM01,AR00270,2026-06-21,RFID_MISREAD,LOW,3,OPEN,15.88,0.8571,0.8222,15,EUR,"Cancellation rate 85.7% against a network baseline of 82.2% for this article (3 events, 6 units).",Re-tag the facing and run an RFID read test at the gate antenna.
SA-000668,STR01,SM-STR01,AR00301,2026-07-02,BASKET_ABANDONED,LOW,3,OPEN,15.1,0.8,0.7907,15.8,EUR,"Cancellation rate 80.0% against a network baseline of 79.1% for this article (4 events, 4 units).",Review basket abandonment at this terminal with the shift lead.
SA-000669,HAM01,SM-HAM01,AR00018,2026-06-30,BASKET_ABANDONED,LOW,3,OPEN,14.97,0.8889,0.8704,14.4,EUR,"Cancellation rate 88.9% against a network baseline of 87.0% for this article (3 events, 8 units).",Review basket abandonment at this terminal with the shift lead.
SA-000670,BLN01,SM-BLN01,AR00290,2026-04-21,BASKET_ABANDONED,LOW,3,OPEN,14.2,0.8571,0.8478,13.2,EUR,"Cancellation rate 85.7% against a network baseline of 84.8% for this article (3 events, 6 units).",Review basket abandonment at this terminal with the shift lead.
SA-000671,WDF01,PF02,AR00031,2026-06-08,RFID_MISREAD,LOW,3,OPEN,14.13,0.1667,0.16,10.5,EUR,"Cancellation rate 16.7% against a network baseline of 16.0% for this article (7 events, 7 units).",Re-tag the facing and run an RFID read test at the gate antenna.
SA-000672,MUC01,PF-MUC01,AR00023,2026-05-13,RFID_MISREAD,LOW,3,OPEN,13.77,0.6667,0.6491,10.8,EUR,"Cancellation rate 66.7% against a network baseline of 64.9% for this article (4 events, 6 units).",Re-tag the facing and run an RFID read test at the gate antenna.
SA-000673,MUC01,PF-MUC01,AR90025,2026-03-30,RFID_MISREAD,LOW,3,OPEN,13.42,0.5455,0.5085,7.2,EUR,"Cancellation rate 54.5% against a network baseline of 50.8% for this article (3 events, 6 units).",Re-tag the facing and run an RFID read test at the gate antenna.
SA-000674,STR01,PF-STR01,SM0014,2026-05-28,RFID_MISREAD,LOW,3,OPEN,12.57,1,0.95,6.93,EUR,"Cancellation rate 100.0% against a network baseline of 95.0% for this article (4 events, 7 units).",Re-tag the facing and run an RFID read test at the gate antenna.
SA-000675,HAM01,PF-HAM01,SM0014,2026-06-05,RFID_MISREAD,LOW,3,OPEN,11.87,1,0.95,5.94,EUR,"Cancellation rate 100.0% against a network baseline of 95.0% for this article (3 events, 6 units).",Re-tag the facing and run an RFID read test at the gate antenna.
SA-000676,WDF02,PF-WDF02,SM0014,2026-05-27,RFID_MISREAD,LOW,3,OPEN,10.12,1,0.95,3.96,EUR,"Cancellation rate 100.0% against a network baseline of 95.0% for this article (3 events, 4 units).",Re-tag the facing and run an RFID read test at the gate antenna.
