ID,store_ID,hourStart,businessDate,hourOfDay,visitors,conversionRate,avgDwellSeconds
FF-BLN01-2026-01-01T08,BLN01,2026-01-01T08:00:00Z,2026-01-01,8,2,0.5,181
FF-BLN01-2026-01-01T09,BLN01,2026-01-01T09:00:00Z,2026-01-01,9,2,0.5,143
FF-BLN01-2026-01-01T10,BLN01,2026-01-01T10:00:00Z,2026-01-01,10,2,0.5,172
FF-BLN01-2026-01-01T11,BLN01,2026-01-01T11:00:00Z,2026-01-01,11,2,0.5,162
FF-BLN01-2026-01-01T12,BLN01,2026-01-01T12:00:00Z,2026-01-01,12,5,0.4,127
FF-BLN01-2026-01-01T13,BLN01,2026-01-01T13:00:00Z,2026-01-01,13,4,0.5,163
FF-BLN01-2026-01-01T14,BLN01,2026-01-01T14:00:00Z,2026-01-01,14,7,0.4286,156
FF-BLN01-2026-01-01T15,BLN01,2026-01-01T15:00:00Z,2026-01-01,15,2,0.5,168
FF-BLN01-2026-01-01T16,BLN01,2026-01-01T16:00:00Z,2026-01-01,16,2,0.5,165
FF-BLN01-2026-01-01T17,BLN01,2026-01-01T17:00:00Z,2026-01-01,17,4,0.5,179
FF-BLN01-2026-01-01T18,BLN01,2026-01-01T18:00:00Z,2026-01-01,18,4,0.5,190
FF-BLN01-2026-01-01T19,BLN01,2026-01-01T19:00:00Z,2026-01-01,19,1,1.0,165
FF-BLN01-2026-01-01T20,BLN01,2026-01-01T20:00:00Z,2026-01-01,20,1,1.0,134
FF-BLN01-2026-01-01T21,BLN01,2026-01-01T21:00:00Z,2026-01-01,21,2,0.5,172
FF-BLN01-2026-01-01T22,BLN01,2026-01-01T22:00:00Z,2026-01-01,22,2,0.5,191
FF-BLN01-2026-01-02T08,BLN01,2026-01-02T08:00:00Z,2026-01-02,8,3,0.3333,180
FF-BLN01-2026-01-02T12,BLN01,2026-01-02T12:00:00Z,2026-01-02,12,2,0.5,167
FF-BLN01-2026-01-02T13,BLN01,2026-01-02T13:00:00Z,2026-01-02,13,2,0.5,167
FF-BLN01-2026-01-02T14,BLN01,2026-01-02T14:00:00Z,2026-01-02,14,7,0.4286,204
FF-BLN01-2026-01-02T15,BLN01,2026-01-02T15:00:00Z,2026-01-02,15,6,0.3333,202
FF-BLN01-2026-01-02T16,BLN01,2026-01-02T16:00:00Z,2026-01-02,16,2,0.5,132
FF-BLN01-2026-01-02T17,BLN01,2026-01-02T17:00:00Z,2026-01-02,17,3,0.3333,124
FF-BLN01-2026-01-02T18,BLN01,2026-01-02T18:00:00Z,2026-01-02,18,2,0.5,171
FF-BLN01-2026-01-02T19,BLN01,2026-01-02T19:00:00Z,2026-01-02,19,3,0.3333,157
FF-BLN01-2026-01-02T20,BLN01,2026-01-02T20:00:00Z,2026-01-02,20,2,0.5,167
FF-BLN01-2026-01-02T21,BLN01,2026-01-02T21:00:00Z,2026-01-02,21,2,0.5,193
FF-BLN01-2026-01-03T12,BLN01,2026-01-03T12:00:00Z,2026-01-03,12,2,0.5,153
FF-BLN01-2026-01-03T13,BLN01,2026-01-03T13:00:00Z,2026-01-03,13,2,0.5,161
FF-BLN01-2026-01-03T14,BLN01,2026-01-03T14:00:00Z,2026-01-03,14,3,0.3333,169
FF-BLN01-2026-01-03T15,BLN01,2026-01-03T15:00:00Z,2026-01-03,15,2,0.5,167
FF-BLN01-2026-01-03T16,BLN01,2026-01-03T16:00:00Z,2026-01-03,16,2,0.5,129
FF-BLN01-2026-01-03T17,BLN01,2026-01-03T17:00:00Z,2026-01-03,17,2,0.5,184
FF-BLN01-2026-01-04T09,BLN01,2026-01-04T09:00:00Z,2026-01-04,9,4,0.25,111
FF-BLN01-2026-01-04T11,BLN01,2026-01-04T11:00:00Z,2026-01-04,11,3,0.3333,118
FF-BLN01-2026-01-04T12,BLN01,2026-01-04T12:00:00Z,2026-01-04,12,2,0.5,192
FF-BLN01-2026-01-04T13,BLN01,2026-01-04T13:00:00Z,2026-01-04,13,2,0.5,155
FF-BLN01-2026-01-04T14,BLN01,2026-01-04T14:00:00Z,2026-01-04,14,2,0.5,164
FF-BLN01-2026-01-04T15,BLN01,2026-01-04T15:00:00Z,2026-01-04,15,2,0.5,170
FF-BLN01-2026-01-04T16,BLN01,2026-01-04T16:00:00Z,2026-01-04,16,2,0.5,160
FF-BLN01-2026-01-04T17,BLN01,2026-01-04T17:00:00Z,2026-01-04,17,3,0.3333,185
FF-BLN01-2026-01-04T18,BLN01,2026-01-04T18:00:00Z,2026-01-04,18,2,0.5,163
FF-BLN01-2026-01-04T20,BLN01,2026-01-04T20:00:00Z,2026-01-04,20,2,0.5,150
FF-BLN01-2026-01-05T08,BLN01,2026-01-05T08:00:00Z,2026-01-05,8,2,0.5,148
FF-BLN01-2026-01-05T09,BLN01,2026-01-05T09:00:00Z,2026-01-05,9,2,0.5,152
FF-BLN01-2026-01-05T10,BLN01,2026-01-05T10:00:00Z,2026-01-05,10,2,0.5,148
FF-BLN01-2026-01-05T11,BLN01,2026-01-05T11:00:00Z,2026-01-05,11,2,0.5,204
FF-BLN01-2026-01-05T12,BLN01,2026-01-05T12:00:00Z,2026-01-05,12,3,0.6667,207
FF-BLN01-2026-01-05T13,BLN01,2026-01-05T13:00:00Z,2026-01-05,13,3,0.6667,176
FF-BLN01-2026-01-05T14,BLN01,2026-01-05T14:00:00Z,2026-01-05,14,3,0.6667,173
FF-BLN01-2026-01-05T15,BLN01,2026-01-05T15:00:00Z,2026-01-05,15,4,0.5,147
FF-BLN01-2026-01-05T16,BLN01,2026-01-05T16:00:00Z,2026-01-05,16,4,0.75,164
FF-BLN01-2026-01-05T17,BLN01,2026-01-05T17:00:00Z,2026-01-05,17,3,0.6667,195
FF-BLN01-2026-01-05T18,BLN01,2026-01-05T18:00:00Z,2026-01-05,18,4,0.5,179
FF-BLN01-2026-01-05T19,BLN01,2026-01-05T19:00:00Z,2026-01-05,19,3,0.6667,179
FF-BLN01-2026-01-05T20,BLN01,2026-01-05T20:00:00Z,2026-01-05,20,2,0.5,196
FF-BLN01-2026-01-05T21,BLN01,2026-01-05T21:00:00Z,2026-01-05,21,5,0.4,159
FF-BLN01-2026-01-05T22,BLN01,2026-01-05T22:00:00Z,2026-01-05,22,2,0.5,198
FF-BLN01-2026-01-06T08,BLN01,2026-01-06T08:00:00Z,2026-01-06,8,2,0.5,155
FF-BLN01-2026-01-06T09,BLN01,2026-01-06T09:00:00Z,2026-01-06,9,2,0.5,158
FF-BLN01-2026-01-06T10,BLN01,2026-01-06T10:00:00Z,2026-01-06,10,2,0.5,173
FF-BLN01-2026-01-06T11,BLN01,2026-01-06T11:00:00Z,2026-01-06,11,2,0.5,120
FF-BLN01-2026-01-06T12,BLN01,2026-01-06T12:00:00Z,2026-01-06,12,3,0.6667,159
FF-BLN01-2026-01-06T13,BLN01,2026-01-06T13:00:00Z,2026-01-06,13,5,0.6,157
FF-BLN01-2026-01-06T14,BLN01,2026-01-06T14:00:00Z,2026-01-06,14,2,0.5,171
FF-BLN01-2026-01-06T15,BLN01,2026-01-06T15:00:00Z,2026-01-06,15,8,0.5,174
FF-BLN01-2026-01-06T16,BLN01,2026-01-06T16:00:00Z,2026-01-06,16,2,0.5,157
FF-BLN01-2026-01-06T17,BLN01,2026-01-06T17:00:00Z,2026-01-06,17,3,0.6667,170
FF-BLN01-2026-01-06T18,BLN01,2026-01-06T18:00:00Z,2026-01-06,18,4,0.5,176
FF-BLN01-2026-01-06T19,BLN01,2026-01-06T19:00:00Z,2026-01-06,19,2,0.5,144
FF-BLN01-2026-01-06T20,BLN01,2026-01-06T20:00:00Z,2026-01-06,20,2,0.5,171
FF-BLN01-2026-01-06T21,BLN01,2026-01-06T21:00:00Z,2026-01-06,21,3,0.6667,158
FF-BLN01-2026-01-06T22,BLN01,2026-01-06T22:00:00Z,2026-01-06,22,2,0.5,159
FF-BLN01-2026-01-07T08,BLN01,2026-01-07T08:00:00Z,2026-01-07,8,2,0.5,169
FF-BLN01-2026-01-07T09,BLN01,2026-01-07T09:00:00Z,2026-01-07,9,1,1.0,154
FF-BLN01-2026-01-07T10,BLN01,2026-01-07T10:00:00Z,2026-01-07,10,2,0.5,163
FF-BLN01-2026-01-07T11,BLN01,2026-01-07T11:00:00Z,2026-01-07,11,3,0.6667,178
FF-BLN01-2026-01-07T12,BLN01,2026-01-07T12:00:00Z,2026-01-07,12,2,0.5,171
FF-BLN01-2026-01-07T13,BLN01,2026-01-07T13:00:00Z,2026-01-07,13,5,0.6,172
FF-BLN01-2026-01-07T14,BLN01,2026-01-07T14:00:00Z,2026-01-07,14,9,0.5556,171
FF-BLN01-2026-01-07T15,BLN01,2026-01-07T15:00:00Z,2026-01-07,15,4,0.5,142
FF-BLN01-2026-01-07T16,BLN01,2026-01-07T16:00:00Z,2026-01-07,16,7,0.5714,159
FF-BLN01-2026-01-07T17,BLN01,2026-01-07T17:00:00Z,2026-01-07,17,7,0.4286,151
FF-BLN01-2026-01-07T18,BLN01,2026-01-07T18:00:00Z,2026-01-07,18,3,0.6667,173
FF-BLN01-2026-01-07T19,BLN01,2026-01-07T19:00:00Z,2026-01-07,19,4,0.5,163
FF-BLN01-2026-01-07T20,BLN01,2026-01-07T20:00:00Z,2026-01-07,20,2,0.5,168
FF-BLN01-2026-01-07T21,BLN01,2026-01-07T21:00:00Z,2026-01-07,21,2,0.5,148
FF-BLN01-2026-01-07T22,BLN01,2026-01-07T22:00:00Z,2026-01-07,22,2,0.5,146
FF-BLN01-2026-01-08T08,BLN01,2026-01-08T08:00:00Z,2026-01-08,8,2,0.5,142
FF-BLN01-2026-01-08T09,BLN01,2026-01-08T09:00:00Z,2026-01-08,9,2,0.5,152
FF-BLN01-2026-01-08T10,BLN01,2026-01-08T10:00:00Z,2026-01-08,10,2,0.5,128
FF-BLN01-2026-01-08T11,BLN01,2026-01-08T11:00:00Z,2026-01-08,11,2,0.5,152
FF-BLN01-2026-01-08T12,BLN01,2026-01-08T12:00:00Z,2026-01-08,12,4,0.5,161
FF-BLN01-2026-01-08T13,BLN01,2026-01-08T13:00:00Z,2026-01-08,13,9,0.4444,132
FF-BLN01-2026-01-08T14,BLN01,2026-01-08T14:00:00Z,2026-01-08,14,4,0.5,142
FF-BLN01-2026-01-08T15,BLN01,2026-01-08T15:00:00Z,2026-01-08,15,6,0.5,155
FF-BLN01-2026-01-08T16,BLN01,2026-01-08T16:00:00Z,2026-01-08,16,3,0.6667,200
FF-BLN01-2026-01-08T17,BLN01,2026-01-08T17:00:00Z,2026-01-08,17,3,0.6667,175
FF-BLN01-2026-01-08T18,BLN01,2026-01-08T18:00:00Z,2026-01-08,18,4,0.5,124
FF-BLN01-2026-01-08T19,BLN01,2026-01-08T19:00:00Z,2026-01-08,19,2,0.5,167
FF-BLN01-2026-01-08T20,BLN01,2026-01-08T20:00:00Z,2026-01-08,20,2,0.5,159
FF-BLN01-2026-01-08T21,BLN01,2026-01-08T21:00:00Z,2026-01-08,21,2,0.5,167
FF-BLN01-2026-01-09T08,BLN01,2026-01-09T08:00:00Z,2026-01-09,8,2,0.5,178
FF-BLN01-2026-01-09T09,BLN01,2026-01-09T09:00:00Z,2026-01-09,9,1,1.0,128
FF-BLN01-2026-01-09T10,BLN01,2026-01-09T10:00:00Z,2026-01-09,10,2,0.5,173
FF-BLN01-2026-01-09T11,BLN01,2026-01-09T11:00:00Z,2026-01-09,11,2,0.5,152
FF-BLN01-2026-01-09T12,BLN01,2026-01-09T12:00:00Z,2026-01-09,12,5,0.4,169
FF-BLN01-2026-01-09T13,BLN01,2026-01-09T13:00:00Z,2026-01-09,13,8,0.375,202
FF-BLN01-2026-01-09T14,BLN01,2026-01-09T14:00:00Z,2026-01-09,14,2,0.5,177
FF-BLN01-2026-01-09T15,BLN01,2026-01-09T15:00:00Z,2026-01-09,15,2,0.5,181
FF-BLN01-2026-01-09T16,BLN01,2026-01-09T16:00:00Z,2026-01-09,16,3,0.6667,178
FF-BLN01-2026-01-09T17,BLN01,2026-01-09T17:00:00Z,2026-01-09,17,2,0.5,144
FF-BLN01-2026-01-09T18,BLN01,2026-01-09T18:00:00Z,2026-01-09,18,5,0.4,135
FF-BLN01-2026-01-09T19,BLN01,2026-01-09T19:00:00Z,2026-01-09,19,2,0.5,201
FF-BLN01-2026-01-09T20,BLN01,2026-01-09T20:00:00Z,2026-01-09,20,3,0.3333,159
FF-BLN01-2026-01-09T21,BLN01,2026-01-09T21:00:00Z,2026-01-09,21,2,0.5,187
FF-BLN01-2026-01-09T22,BLN01,2026-01-09T22:00:00Z,2026-01-09,22,3,0.3333,183
FF-BLN01-2026-01-10T12,BLN01,2026-01-10T12:00:00Z,2026-01-10,12,2,0.5,125
FF-BLN01-2026-01-10T14,BLN01,2026-01-10T14:00:00Z,2026-01-10,14,2,0.5,179
FF-BLN01-2026-01-10T15,BLN01,2026-01-10T15:00:00Z,2026-01-10,15,2,0.5,195
FF-BLN01-2026-01-10T17,BLN01,2026-01-10T17:00:00Z,2026-01-10,17,2,0.5,163
FF-BLN01-2026-01-10T18,BLN01,2026-01-10T18:00:00Z,2026-01-10,18,2,0.5,176
FF-BLN01-2026-01-10T19,BLN01,2026-01-10T19:00:00Z,2026-01-10,19,2,0.5,148
FF-BLN01-2026-01-11T10,BLN01,2026-01-11T10:00:00Z,2026-01-11,10,2,0.5,164
FF-BLN01-2026-01-11T12,BLN01,2026-01-11T12:00:00Z,2026-01-11,12,2,0.5,189
FF-BLN01-2026-01-11T13,BLN01,2026-01-11T13:00:00Z,2026-01-11,13,4,0.5,175
FF-BLN01-2026-01-11T14,BLN01,2026-01-11T14:00:00Z,2026-01-11,14,3,0.6667,170
FF-BLN01-2026-01-11T15,BLN01,2026-01-11T15:00:00Z,2026-01-11,15,1,1.0,159
FF-BLN01-2026-01-11T17,BLN01,2026-01-11T17:00:00Z,2026-01-11,17,2,0.5,144
FF-BLN01-2026-01-11T18,BLN01,2026-01-11T18:00:00Z,2026-01-11,18,2,0.5,158
FF-BLN01-2026-01-11T21,BLN01,2026-01-11T21:00:00Z,2026-01-11,21,2,0.5,135
FF-BLN01-2026-01-12T09,BLN01,2026-01-12T09:00:00Z,2026-01-12,9,2,0.5,162
FF-BLN01-2026-01-12T10,BLN01,2026-01-12T10:00:00Z,2026-01-12,10,2,0.5,169
FF-BLN01-2026-01-12T11,BLN01,2026-01-12T11:00:00Z,2026-01-12,11,2,0.5,148
FF-BLN01-2026-01-12T12,BLN01,2026-01-12T12:00:00Z,2026-01-12,12,7,0.5714,187
FF-BLN01-2026-01-12T13,BLN01,2026-01-12T13:00:00Z,2026-01-12,13,4,0.5,177
FF-BLN01-2026-01-12T14,BLN01,2026-01-12T14:00:00Z,2026-01-12,14,6,0.5,180
FF-BLN01-2026-01-12T15,BLN01,2026-01-12T15:00:00Z,2026-01-12,15,6,0.5,143
FF-BLN01-2026-01-12T16,BLN01,2026-01-12T16:00:00Z,2026-01-12,16,4,0.5,174
FF-BLN01-2026-01-12T17,BLN01,2026-01-12T17:00:00Z,2026-01-12,17,5,0.4,155
FF-BLN01-2026-01-12T18,BLN01,2026-01-12T18:00:00Z,2026-01-12,18,4,0.5,151
FF-BLN01-2026-01-12T20,BLN01,2026-01-12T20:00:00Z,2026-01-12,20,2,0.5,171
FF-BLN01-2026-01-12T21,BLN01,2026-01-12T21:00:00Z,2026-01-12,21,1,1.0,167
FF-BLN01-2026-01-12T22,BLN01,2026-01-12T22:00:00Z,2026-01-12,22,2,0.5,179
FF-BLN01-2026-01-13T08,BLN01,2026-01-13T08:00:00Z,2026-01-13,8,2,0.5,137
FF-BLN01-2026-01-13T09,BLN01,2026-01-13T09:00:00Z,2026-01-13,9,2,0.5,186
FF-BLN01-2026-01-13T10,BLN01,2026-01-13T10:00:00Z,2026-01-13,10,2,0.5,141
FF-BLN01-2026-01-13T11,BLN01,2026-01-13T11:00:00Z,2026-01-13,11,4,0.5,145
FF-BLN01-2026-01-13T12,BLN01,2026-01-13T12:00:00Z,2026-01-13,12,6,0.5,134
FF-BLN01-2026-01-13T13,BLN01,2026-01-13T13:00:00Z,2026-01-13,13,3,0.6667,174
FF-BLN01-2026-01-13T14,BLN01,2026-01-13T14:00:00Z,2026-01-13,14,4,0.5,166
FF-BLN01-2026-01-13T15,BLN01,2026-01-13T15:00:00Z,2026-01-13,15,3,0.3333,146
FF-BLN01-2026-01-13T16,BLN01,2026-01-13T16:00:00Z,2026-01-13,16,6,0.5,143
FF-BLN01-2026-01-13T17,BLN01,2026-01-13T17:00:00Z,2026-01-13,17,2,0.5,190
FF-BLN01-2026-01-13T18,BLN01,2026-01-13T18:00:00Z,2026-01-13,18,3,0.6667,177
FF-BLN01-2026-01-13T19,BLN01,2026-01-13T19:00:00Z,2026-01-13,19,4,0.5,166
FF-BLN01-2026-01-13T20,BLN01,2026-01-13T20:00:00Z,2026-01-13,20,4,0.5,161
FF-BLN01-2026-01-13T22,BLN01,2026-01-13T22:00:00Z,2026-01-13,22,2,0.5,187
FF-BLN01-2026-01-14T08,BLN01,2026-01-14T08:00:00Z,2026-01-14,8,2,0.5,171
FF-BLN01-2026-01-14T09,BLN01,2026-01-14T09:00:00Z,2026-01-14,9,2,0.5,183
FF-BLN01-2026-01-14T10,BLN01,2026-01-14T10:00:00Z,2026-01-14,10,2,0.5,170
FF-BLN01-2026-01-14T11,BLN01,2026-01-14T11:00:00Z,2026-01-14,11,2,0.5,139
FF-BLN01-2026-01-14T12,BLN01,2026-01-14T12:00:00Z,2026-01-14,12,4,0.5,145
FF-BLN01-2026-01-14T13,BLN01,2026-01-14T13:00:00Z,2026-01-14,13,3,0.6667,187
FF-BLN01-2026-01-14T14,BLN01,2026-01-14T14:00:00Z,2026-01-14,14,2,0.5,161
FF-BLN01-2026-01-14T15,BLN01,2026-01-14T15:00:00Z,2026-01-14,15,8,0.625,146
FF-BLN01-2026-01-14T16,BLN01,2026-01-14T16:00:00Z,2026-01-14,16,4,0.5,148
FF-BLN01-2026-01-14T17,BLN01,2026-01-14T17:00:00Z,2026-01-14,17,4,0.5,210
FF-BLN01-2026-01-14T18,BLN01,2026-01-14T18:00:00Z,2026-01-14,18,9,0.5556,152
FF-BLN01-2026-01-14T19,BLN01,2026-01-14T19:00:00Z,2026-01-14,19,2,0.5,191
FF-BLN01-2026-01-14T20,BLN01,2026-01-14T20:00:00Z,2026-01-14,20,2,0.5,180
FF-BLN01-2026-01-14T21,BLN01,2026-01-14T21:00:00Z,2026-01-14,21,1,1.0,167
FF-BLN01-2026-01-14T22,BLN01,2026-01-14T22:00:00Z,2026-01-14,22,2,0.5,153
FF-BLN01-2026-01-15T08,BLN01,2026-01-15T08:00:00Z,2026-01-15,8,2,0.5,193
FF-BLN01-2026-01-15T09,BLN01,2026-01-15T09:00:00Z,2026-01-15,9,2,0.5,168
FF-BLN01-2026-01-15T10,BLN01,2026-01-15T10:00:00Z,2026-01-15,10,2,0.5,144
FF-BLN01-2026-01-15T11,BLN01,2026-01-15T11:00:00Z,2026-01-15,11,2,0.5,151
FF-BLN01-2026-01-15T12,BLN01,2026-01-15T12:00:00Z,2026-01-15,12,7,0.4286,189
FF-BLN01-2026-01-15T13,BLN01,2026-01-15T13:00:00Z,2026-01-15,13,5,0.6,149
FF-BLN01-2026-01-15T14,BLN01,2026-01-15T14:00:00Z,2026-01-15,14,3,0.6667,162
FF-BLN01-2026-01-15T15,BLN01,2026-01-15T15:00:00Z,2026-01-15,15,4,0.5,162
FF-BLN01-2026-01-15T16,BLN01,2026-01-15T16:00:00Z,2026-01-15,16,4,0.75,163
FF-BLN01-2026-01-15T17,BLN01,2026-01-15T17:00:00Z,2026-01-15,17,4,0.5,187
FF-BLN01-2026-01-15T18,BLN01,2026-01-15T18:00:00Z,2026-01-15,18,4,0.5,169
FF-BLN01-2026-01-15T19,BLN01,2026-01-15T19:00:00Z,2026-01-15,19,2,0.5,135
FF-BLN01-2026-01-15T21,BLN01,2026-01-15T21:00:00Z,2026-01-15,21,2,0.5,148
FF-BLN01-2026-01-15T22,BLN01,2026-01-15T22:00:00Z,2026-01-15,22,2,0.5,185
FF-BLN01-2026-01-16T09,BLN01,2026-01-16T09:00:00Z,2026-01-16,9,2,0.5,162
FF-BLN01-2026-01-16T10,BLN01,2026-01-16T10:00:00Z,2026-01-16,10,3,0.3333,189
FF-BLN01-2026-01-16T11,BLN01,2026-01-16T11:00:00Z,2026-01-16,11,2,0.5,167
FF-BLN01-2026-01-16T14,BLN01,2026-01-16T14:00:00Z,2026-01-16,14,2,0.5,158
FF-BLN01-2026-01-16T15,BLN01,2026-01-16T15:00:00Z,2026-01-16,15,2,0.5,177
FF-BLN01-2026-01-16T16,BLN01,2026-01-16T16:00:00Z,2026-01-16,16,2,0.5,186
FF-BLN01-2026-01-16T17,BLN01,2026-01-16T17:00:00Z,2026-01-16,17,2,0.5,193
FF-BLN01-2026-01-16T18,BLN01,2026-01-16T18:00:00Z,2026-01-16,18,2,0.5,156
FF-BLN01-2026-01-16T19,BLN01,2026-01-16T19:00:00Z,2026-01-16,19,2,0.5,173
FF-BLN01-2026-01-16T20,BLN01,2026-01-16T20:00:00Z,2026-01-16,20,2,0.5,147
FF-BLN01-2026-01-17T12,BLN01,2026-01-17T12:00:00Z,2026-01-17,12,2,0.5,148
FF-BLN01-2026-01-17T13,BLN01,2026-01-17T13:00:00Z,2026-01-17,13,2,0.5,169
FF-BLN01-2026-01-17T14,BLN01,2026-01-17T14:00:00Z,2026-01-17,14,2,0.5,154
FF-BLN01-2026-01-17T15,BLN01,2026-01-17T15:00:00Z,2026-01-17,15,2,0.5,131
FF-BLN01-2026-01-17T16,BLN01,2026-01-17T16:00:00Z,2026-01-17,16,2,0.5,149
FF-BLN01-2026-01-17T17,BLN01,2026-01-17T17:00:00Z,2026-01-17,17,2,0.5,195
FF-BLN01-2026-01-17T18,BLN01,2026-01-17T18:00:00Z,2026-01-17,18,1,1.0,183
FF-BLN01-2026-01-18T13,BLN01,2026-01-18T13:00:00Z,2026-01-18,13,2,0.5,178
FF-BLN01-2026-01-18T14,BLN01,2026-01-18T14:00:00Z,2026-01-18,14,2,0.5,208
FF-BLN01-2026-01-18T15,BLN01,2026-01-18T15:00:00Z,2026-01-18,15,2,0.5,177
FF-BLN01-2026-01-18T16,BLN01,2026-01-18T16:00:00Z,2026-01-18,16,2,0.5,170
FF-BLN01-2026-01-18T17,BLN01,2026-01-18T17:00:00Z,2026-01-18,17,2,0.5,194
FF-BLN01-2026-01-18T18,BLN01,2026-01-18T18:00:00Z,2026-01-18,18,2,0.5,137
FF-BLN01-2026-01-18T19,BLN01,2026-01-18T19:00:00Z,2026-01-18,19,2,0.5,171
FF-BLN01-2026-01-18T20,BLN01,2026-01-18T20:00:00Z,2026-01-18,20,3,0.3333,189
FF-BLN01-2026-01-18T21,BLN01,2026-01-18T21:00:00Z,2026-01-18,21,2,0.5,150
FF-BLN01-2026-01-19T08,BLN01,2026-01-19T08:00:00Z,2026-01-19,8,2,0.5,163
FF-BLN01-2026-01-19T09,BLN01,2026-01-19T09:00:00Z,2026-01-19,9,2,0.5,162
FF-BLN01-2026-01-19T10,BLN01,2026-01-19T10:00:00Z,2026-01-19,10,2,0.5,187
FF-BLN01-2026-01-19T11,BLN01,2026-01-19T11:00:00Z,2026-01-19,11,2,0.5,158
FF-BLN01-2026-01-19T12,BLN01,2026-01-19T12:00:00Z,2026-01-19,12,3,0.6667,182
FF-BLN01-2026-01-19T13,BLN01,2026-01-19T13:00:00Z,2026-01-19,13,2,0.5,170
FF-BLN01-2026-01-19T14,BLN01,2026-01-19T14:00:00Z,2026-01-19,14,4,0.5,166
FF-BLN01-2026-01-19T15,BLN01,2026-01-19T15:00:00Z,2026-01-19,15,8,0.25,181
FF-BLN01-2026-01-19T16,BLN01,2026-01-19T16:00:00Z,2026-01-19,16,2,0.5,173
FF-BLN01-2026-01-19T17,BLN01,2026-01-19T17:00:00Z,2026-01-19,17,4,0.5,181
FF-BLN01-2026-01-19T18,BLN01,2026-01-19T18:00:00Z,2026-01-19,18,5,0.6,131
FF-BLN01-2026-01-19T19,BLN01,2026-01-19T19:00:00Z,2026-01-19,19,2,0.5,131
FF-BLN01-2026-01-19T20,BLN01,2026-01-19T20:00:00Z,2026-01-19,20,4,0.5,149
FF-BLN01-2026-01-19T21,BLN01,2026-01-19T21:00:00Z,2026-01-19,21,2,0.5,187
FF-BLN01-2026-01-19T22,BLN01,2026-01-19T22:00:00Z,2026-01-19,22,2,0.5,172
FF-BLN01-2026-01-20T08,BLN01,2026-01-20T08:00:00Z,2026-01-20,8,2,0.5,190
FF-BLN01-2026-01-20T09,BLN01,2026-01-20T09:00:00Z,2026-01-20,9,2,0.5,188
FF-BLN01-2026-01-20T10,BLN01,2026-01-20T10:00:00Z,2026-01-20,10,4,0.5,170
FF-BLN01-2026-01-20T11,BLN01,2026-01-20T11:00:00Z,2026-01-20,11,2,0.5,177
FF-BLN01-2026-01-20T12,BLN01,2026-01-20T12:00:00Z,2026-01-20,12,5,0.6,163
FF-BLN01-2026-01-20T13,BLN01,2026-01-20T13:00:00Z,2026-01-20,13,6,0.3333,156
FF-BLN01-2026-01-20T14,BLN01,2026-01-20T14:00:00Z,2026-01-20,14,5,0.4,154
FF-BLN01-2026-01-20T15,BLN01,2026-01-20T15:00:00Z,2026-01-20,15,7,0.5714,151
FF-BLN01-2026-01-20T16,BLN01,2026-01-20T16:00:00Z,2026-01-20,16,5,0.4,168
FF-BLN01-2026-01-20T17,BLN01,2026-01-20T17:00:00Z,2026-01-20,17,2,0.5,182
FF-BLN01-2026-01-20T18,BLN01,2026-01-20T18:00:00Z,2026-01-20,18,11,0.2727,133
FF-BLN01-2026-01-20T19,BLN01,2026-01-20T19:00:00Z,2026-01-20,19,4,0.5,168
FF-BLN01-2026-01-20T20,BLN01,2026-01-20T20:00:00Z,2026-01-20,20,2,0.5,162
FF-BLN01-2026-01-20T21,BLN01,2026-01-20T21:00:00Z,2026-01-20,21,1,1.0,217
FF-BLN01-2026-01-20T22,BLN01,2026-01-20T22:00:00Z,2026-01-20,22,2,0.5,185
FF-BLN01-2026-01-21T09,BLN01,2026-01-21T09:00:00Z,2026-01-21,9,2,0.5,147
FF-BLN01-2026-01-21T10,BLN01,2026-01-21T10:00:00Z,2026-01-21,10,1,1.0,140
FF-BLN01-2026-01-21T11,BLN01,2026-01-21T11:00:00Z,2026-01-21,11,2,0.5,192
FF-BLN01-2026-01-21T12,BLN01,2026-01-21T12:00:00Z,2026-01-21,12,5,0.6,152
FF-BLN01-2026-01-21T13,BLN01,2026-01-21T13:00:00Z,2026-01-21,13,2,0.5,144
FF-BLN01-2026-01-21T14,BLN01,2026-01-21T14:00:00Z,2026-01-21,14,2,0.5,194
FF-BLN01-2026-01-21T15,BLN01,2026-01-21T15:00:00Z,2026-01-21,15,8,0.5,143
FF-BLN01-2026-01-21T16,BLN01,2026-01-21T16:00:00Z,2026-01-21,16,9,0.5556,185
FF-BLN01-2026-01-21T17,BLN01,2026-01-21T17:00:00Z,2026-01-21,17,3,0.6667,161
FF-BLN01-2026-01-21T18,BLN01,2026-01-21T18:00:00Z,2026-01-21,18,6,0.5,148
FF-BLN01-2026-01-21T19,BLN01,2026-01-21T19:00:00Z,2026-01-21,19,2,0.5,180
FF-BLN01-2026-01-21T20,BLN01,2026-01-21T20:00:00Z,2026-01-21,20,2,0.5,187
FF-BLN01-2026-01-21T21,BLN01,2026-01-21T21:00:00Z,2026-01-21,21,2,0.5,197
FF-BLN01-2026-01-22T09,BLN01,2026-01-22T09:00:00Z,2026-01-22,9,2,0.5,169
FF-BLN01-2026-01-22T10,BLN01,2026-01-22T10:00:00Z,2026-01-22,10,2,0.5,177
FF-BLN01-2026-01-22T11,BLN01,2026-01-22T11:00:00Z,2026-01-22,11,2,0.5,143
FF-BLN01-2026-01-22T12,BLN01,2026-01-22T12:00:00Z,2026-01-22,12,2,0.5,150
FF-BLN01-2026-01-22T13,BLN01,2026-01-22T13:00:00Z,2026-01-22,13,4,0.5,194
FF-BLN01-2026-01-22T14,BLN01,2026-01-22T14:00:00Z,2026-01-22,14,4,0.5,180
FF-BLN01-2026-01-22T15,BLN01,2026-01-22T15:00:00Z,2026-01-22,15,6,0.5,172
FF-BLN01-2026-01-22T16,BLN01,2026-01-22T16:00:00Z,2026-01-22,16,6,0.5,126
FF-BLN01-2026-01-22T17,BLN01,2026-01-22T17:00:00Z,2026-01-22,17,2,0.5,140
FF-BLN01-2026-01-22T18,BLN01,2026-01-22T18:00:00Z,2026-01-22,18,4,0.5,155
FF-BLN01-2026-01-22T19,BLN01,2026-01-22T19:00:00Z,2026-01-22,19,2,0.5,199
FF-BLN01-2026-01-22T20,BLN01,2026-01-22T20:00:00Z,2026-01-22,20,1,1.0,176
FF-BLN01-2026-01-22T21,BLN01,2026-01-22T21:00:00Z,2026-01-22,21,4,0.5,190
FF-BLN01-2026-01-22T22,BLN01,2026-01-22T22:00:00Z,2026-01-22,22,2,0.5,191
FF-BLN01-2026-01-23T10,BLN01,2026-01-23T10:00:00Z,2026-01-23,10,2,0.5,164
FF-BLN01-2026-01-23T12,BLN01,2026-01-23T12:00:00Z,2026-01-23,12,2,0.5,203
FF-BLN01-2026-01-23T13,BLN01,2026-01-23T13:00:00Z,2026-01-23,13,3,0.3333,168
FF-BLN01-2026-01-23T14,BLN01,2026-01-23T14:00:00Z,2026-01-23,14,2,0.5,187
FF-BLN01-2026-01-23T15,BLN01,2026-01-23T15:00:00Z,2026-01-23,15,2,0.5,126
FF-BLN01-2026-01-23T16,BLN01,2026-01-23T16:00:00Z,2026-01-23,16,3,0.6667,158
FF-BLN01-2026-01-23T17,BLN01,2026-01-23T17:00:00Z,2026-01-23,17,3,0.6667,151
FF-BLN01-2026-01-23T18,BLN01,2026-01-23T18:00:00Z,2026-01-23,18,4,0.5,138
FF-BLN01-2026-01-23T19,BLN01,2026-01-23T19:00:00Z,2026-01-23,19,2,0.5,177
FF-BLN01-2026-01-23T21,BLN01,2026-01-23T21:00:00Z,2026-01-23,21,2,0.5,146
FF-BLN01-2026-01-23T22,BLN01,2026-01-23T22:00:00Z,2026-01-23,22,2,0.5,205
FF-BLN01-2026-01-24T12,BLN01,2026-01-24T12:00:00Z,2026-01-24,12,2,0.5,169
FF-BLN01-2026-01-24T13,BLN01,2026-01-24T13:00:00Z,2026-01-24,13,2,0.5,190
FF-BLN01-2026-01-24T14,BLN01,2026-01-24T14:00:00Z,2026-01-24,14,2,0.5,146
FF-BLN01-2026-01-24T15,BLN01,2026-01-24T15:00:00Z,2026-01-24,15,1,1.0,161
FF-BLN01-2026-01-24T16,BLN01,2026-01-24T16:00:00Z,2026-01-24,16,2,0.5,179
FF-BLN01-2026-01-24T18,BLN01,2026-01-24T18:00:00Z,2026-01-24,18,2,0.5,129
FF-BLN01-2026-01-24T19,BLN01,2026-01-24T19:00:00Z,2026-01-24,19,2,0.5,178
FF-BLN01-2026-01-24T20,BLN01,2026-01-24T20:00:00Z,2026-01-24,20,2,0.5,177
FF-BLN01-2026-01-24T21,BLN01,2026-01-24T21:00:00Z,2026-01-24,21,2,0.5,193
FF-BLN01-2026-01-25T09,BLN01,2026-01-25T09:00:00Z,2026-01-25,9,2,0.5,164
FF-BLN01-2026-01-25T11,BLN01,2026-01-25T11:00:00Z,2026-01-25,11,2,0.5,187
FF-BLN01-2026-01-25T12,BLN01,2026-01-25T12:00:00Z,2026-01-25,12,2,0.5,192
FF-BLN01-2026-01-25T13,BLN01,2026-01-25T13:00:00Z,2026-01-25,13,2,0.5,157
FF-BLN01-2026-01-25T14,BLN01,2026-01-25T14:00:00Z,2026-01-25,14,2,0.5,152
FF-BLN01-2026-01-25T15,BLN01,2026-01-25T15:00:00Z,2026-01-25,15,3,0.3333,170
FF-BLN01-2026-01-25T16,BLN01,2026-01-25T16:00:00Z,2026-01-25,16,2,0.5,169
FF-BLN01-2026-01-25T17,BLN01,2026-01-25T17:00:00Z,2026-01-25,17,2,0.5,179
FF-BLN01-2026-01-25T18,BLN01,2026-01-25T18:00:00Z,2026-01-25,18,2,0.5,129
FF-BLN01-2026-01-25T19,BLN01,2026-01-25T19:00:00Z,2026-01-25,19,1,1.0,192
FF-BLN01-2026-01-26T08,BLN01,2026-01-26T08:00:00Z,2026-01-26,8,2,0.5,127
FF-BLN01-2026-01-26T10,BLN01,2026-01-26T10:00:00Z,2026-01-26,10,2,0.5,187
FF-BLN01-2026-01-26T11,BLN01,2026-01-26T11:00:00Z,2026-01-26,11,2,0.5,114
FF-BLN01-2026-01-26T12,BLN01,2026-01-26T12:00:00Z,2026-01-26,12,2,0.5,157
FF-BLN01-2026-01-26T13,BLN01,2026-01-26T13:00:00Z,2026-01-26,13,4,0.5,157
FF-BLN01-2026-01-26T14,BLN01,2026-01-26T14:00:00Z,2026-01-26,14,4,0.5,163
FF-BLN01-2026-01-26T15,BLN01,2026-01-26T15:00:00Z,2026-01-26,15,6,0.5,117
FF-BLN01-2026-01-26T16,BLN01,2026-01-26T16:00:00Z,2026-01-26,16,7,0.4286,135
FF-BLN01-2026-01-26T17,BLN01,2026-01-26T17:00:00Z,2026-01-26,17,3,0.6667,167
FF-BLN01-2026-01-26T18,BLN01,2026-01-26T18:00:00Z,2026-01-26,18,2,0.5,202
FF-BLN01-2026-01-26T19,BLN01,2026-01-26T19:00:00Z,2026-01-26,19,2,0.5,168
FF-BLN01-2026-01-26T20,BLN01,2026-01-26T20:00:00Z,2026-01-26,20,1,1.0,190
FF-BLN01-2026-01-26T21,BLN01,2026-01-26T21:00:00Z,2026-01-26,21,2,0.5,178
FF-BLN01-2026-01-27T08,BLN01,2026-01-27T08:00:00Z,2026-01-27,8,1,1.0,192
FF-BLN01-2026-01-27T09,BLN01,2026-01-27T09:00:00Z,2026-01-27,9,2,0.5,171
FF-BLN01-2026-01-27T10,BLN01,2026-01-27T10:00:00Z,2026-01-27,10,2,0.5,143
FF-BLN01-2026-01-27T11,BLN01,2026-01-27T11:00:00Z,2026-01-27,11,1,1.0,157
FF-BLN01-2026-01-27T12,BLN01,2026-01-27T12:00:00Z,2026-01-27,12,4,0.5,187
FF-BLN01-2026-01-27T13,BLN01,2026-01-27T13:00:00Z,2026-01-27,13,5,0.6,135
FF-BLN01-2026-01-27T14,BLN01,2026-01-27T14:00:00Z,2026-01-27,14,7,0.4286,188
FF-BLN01-2026-01-27T15,BLN01,2026-01-27T15:00:00Z,2026-01-27,15,3,0.6667,175
FF-BLN01-2026-01-27T16,BLN01,2026-01-27T16:00:00Z,2026-01-27,16,4,0.5,156
FF-BLN01-2026-01-27T17,BLN01,2026-01-27T17:00:00Z,2026-01-27,17,4,0.5,179
FF-BLN01-2026-01-27T18,BLN01,2026-01-27T18:00:00Z,2026-01-27,18,2,0.5,165
FF-BLN01-2026-01-27T19,BLN01,2026-01-27T19:00:00Z,2026-01-27,19,2,0.5,165
FF-BLN01-2026-01-27T20,BLN01,2026-01-27T20:00:00Z,2026-01-27,20,3,0.3333,155
FF-BLN01-2026-01-27T21,BLN01,2026-01-27T21:00:00Z,2026-01-27,21,4,0.5,153
FF-BLN01-2026-01-27T22,BLN01,2026-01-27T22:00:00Z,2026-01-27,22,2,0.5,161
FF-BLN01-2026-01-28T08,BLN01,2026-01-28T08:00:00Z,2026-01-28,8,2,0.5,185
FF-BLN01-2026-01-28T09,BLN01,2026-01-28T09:00:00Z,2026-01-28,9,2,0.5,168
FF-BLN01-2026-01-28T10,BLN01,2026-01-28T10:00:00Z,2026-01-28,10,2,0.5,207
FF-BLN01-2026-01-28T12,BLN01,2026-01-28T12:00:00Z,2026-01-28,12,2,0.5,187
FF-BLN01-2026-01-28T13,BLN01,2026-01-28T13:00:00Z,2026-01-28,13,5,0.4,173
FF-BLN01-2026-01-28T14,BLN01,2026-01-28T14:00:00Z,2026-01-28,14,10,0.3,148
FF-BLN01-2026-01-28T15,BLN01,2026-01-28T15:00:00Z,2026-01-28,15,4,0.5,163
FF-BLN01-2026-01-28T16,BLN01,2026-01-28T16:00:00Z,2026-01-28,16,5,0.6,213
FF-BLN01-2026-01-28T17,BLN01,2026-01-28T17:00:00Z,2026-01-28,17,6,0.3333,169
FF-BLN01-2026-01-28T18,BLN01,2026-01-28T18:00:00Z,2026-01-28,18,2,0.5,162
FF-BLN01-2026-01-28T19,BLN01,2026-01-28T19:00:00Z,2026-01-28,19,4,0.5,185
FF-BLN01-2026-01-28T20,BLN01,2026-01-28T20:00:00Z,2026-01-28,20,3,0.6667,148
FF-BLN01-2026-01-28T21,BLN01,2026-01-28T21:00:00Z,2026-01-28,21,2,0.5,169
FF-BLN01-2026-01-28T22,BLN01,2026-01-28T22:00:00Z,2026-01-28,22,2,0.5,177
FF-BLN01-2026-01-29T08,BLN01,2026-01-29T08:00:00Z,2026-01-29,8,2,0.5,150
FF-BLN01-2026-01-29T09,BLN01,2026-01-29T09:00:00Z,2026-01-29,9,4,0.5,165
FF-BLN01-2026-01-29T10,BLN01,2026-01-29T10:00:00Z,2026-01-29,10,1,1.0,147
FF-BLN01-2026-01-29T11,BLN01,2026-01-29T11:00:00Z,2026-01-29,11,2,0.5,163
FF-BLN01-2026-01-29T12,BLN01,2026-01-29T12:00:00Z,2026-01-29,12,3,0.6667,164
FF-BLN01-2026-01-29T13,BLN01,2026-01-29T13:00:00Z,2026-01-29,13,3,0.6667,190
FF-BLN01-2026-01-29T14,BLN01,2026-01-29T14:00:00Z,2026-01-29,14,4,0.5,171
FF-BLN01-2026-01-29T15,BLN01,2026-01-29T15:00:00Z,2026-01-29,15,4,0.5,185
FF-BLN01-2026-01-29T16,BLN01,2026-01-29T16:00:00Z,2026-01-29,16,3,0.6667,160
FF-BLN01-2026-01-29T17,BLN01,2026-01-29T17:00:00Z,2026-01-29,17,3,0.6667,160
FF-BLN01-2026-01-29T18,BLN01,2026-01-29T18:00:00Z,2026-01-29,18,6,0.5,188
FF-BLN01-2026-01-29T19,BLN01,2026-01-29T19:00:00Z,2026-01-29,19,2,0.5,159
FF-BLN01-2026-01-29T20,BLN01,2026-01-29T20:00:00Z,2026-01-29,20,2,0.5,174
FF-BLN01-2026-01-29T21,BLN01,2026-01-29T21:00:00Z,2026-01-29,21,2,0.5,161
FF-BLN01-2026-01-30T09,BLN01,2026-01-30T09:00:00Z,2026-01-30,9,2,0.5,157
FF-BLN01-2026-01-30T10,BLN01,2026-01-30T10:00:00Z,2026-01-30,10,2,0.5,181
FF-BLN01-2026-01-30T12,BLN01,2026-01-30T12:00:00Z,2026-01-30,12,2,0.5,160
FF-BLN01-2026-01-30T13,BLN01,2026-01-30T13:00:00Z,2026-01-30,13,5,0.4,176
FF-BLN01-2026-01-30T14,BLN01,2026-01-30T14:00:00Z,2026-01-30,14,4,0.5,145
FF-BLN01-2026-01-30T15,BLN01,2026-01-30T15:00:00Z,2026-01-30,15,2,0.5,194
FF-BLN01-2026-01-30T16,BLN01,2026-01-30T16:00:00Z,2026-01-30,16,4,0.5,189
FF-BLN01-2026-01-30T17,BLN01,2026-01-30T17:00:00Z,2026-01-30,17,4,0.5,149
FF-BLN01-2026-01-30T18,BLN01,2026-01-30T18:00:00Z,2026-01-30,18,2,0.5,144
FF-BLN01-2026-01-30T19,BLN01,2026-01-30T19:00:00Z,2026-01-30,19,1,1.0,158
FF-BLN01-2026-01-30T21,BLN01,2026-01-30T21:00:00Z,2026-01-30,21,2,0.5,175
FF-BLN01-2026-01-30T22,BLN01,2026-01-30T22:00:00Z,2026-01-30,22,1,1.0,186
FF-BLN01-2026-01-31T12,BLN01,2026-01-31T12:00:00Z,2026-01-31,12,1,1.0,154
FF-BLN01-2026-01-31T14,BLN01,2026-01-31T14:00:00Z,2026-01-31,14,2,0.5,163
FF-BLN01-2026-01-31T15,BLN01,2026-01-31T15:00:00Z,2026-01-31,15,2,0.5,182
FF-BLN01-2026-01-31T16,BLN01,2026-01-31T16:00:00Z,2026-01-31,16,2,0.5,180
FF-BLN01-2026-01-31T17,BLN01,2026-01-31T17:00:00Z,2026-01-31,17,2,0.5,170
FF-BLN01-2026-01-31T18,BLN01,2026-01-31T18:00:00Z,2026-01-31,18,2,0.5,146
FF-BLN01-2026-02-01T11,BLN01,2026-02-01T11:00:00Z,2026-02-01,11,2,0.5,193
FF-BLN01-2026-02-01T12,BLN01,2026-02-01T12:00:00Z,2026-02-01,12,2,0.5,147
FF-BLN01-2026-02-01T13,BLN01,2026-02-01T13:00:00Z,2026-02-01,13,2,0.5,160
FF-BLN01-2026-02-01T15,BLN01,2026-02-01T15:00:00Z,2026-02-01,15,2,0.5,189
FF-BLN01-2026-02-01T16,BLN01,2026-02-01T16:00:00Z,2026-02-01,16,2,0.5,146
FF-BLN01-2026-02-01T17,BLN01,2026-02-01T17:00:00Z,2026-02-01,17,2,0.5,180
FF-BLN01-2026-02-01T18,BLN01,2026-02-01T18:00:00Z,2026-02-01,18,2,0.5,171
FF-BLN01-2026-02-01T19,BLN01,2026-02-01T19:00:00Z,2026-02-01,19,2,0.5,155
FF-BLN01-2026-02-01T20,BLN01,2026-02-01T20:00:00Z,2026-02-01,20,2,0.5,193
FF-BLN01-2026-02-02T09,BLN01,2026-02-02T09:00:00Z,2026-02-02,9,2,0.5,156
FF-BLN01-2026-02-02T10,BLN01,2026-02-02T10:00:00Z,2026-02-02,10,2,0.5,161
FF-BLN01-2026-02-02T11,BLN01,2026-02-02T11:00:00Z,2026-02-02,11,2,0.5,149
FF-BLN01-2026-02-02T12,BLN01,2026-02-02T12:00:00Z,2026-02-02,12,2,0.5,170
FF-BLN01-2026-02-02T14,BLN01,2026-02-02T14:00:00Z,2026-02-02,14,7,0.5714,201
FF-BLN01-2026-02-02T15,BLN01,2026-02-02T15:00:00Z,2026-02-02,15,4,0.5,139
FF-BLN01-2026-02-02T16,BLN01,2026-02-02T16:00:00Z,2026-02-02,16,5,0.6,185
FF-BLN01-2026-02-02T17,BLN01,2026-02-02T17:00:00Z,2026-02-02,17,2,0.5,168
FF-BLN01-2026-02-02T18,BLN01,2026-02-02T18:00:00Z,2026-02-02,18,3,0.6667,181
FF-BLN01-2026-02-02T19,BLN01,2026-02-02T19:00:00Z,2026-02-02,19,5,0.4,174
FF-BLN01-2026-02-02T21,BLN01,2026-02-02T21:00:00Z,2026-02-02,21,2,0.5,174
FF-BLN01-2026-02-02T22,BLN01,2026-02-02T22:00:00Z,2026-02-02,22,2,0.5,140
FF-BLN01-2026-02-03T08,BLN01,2026-02-03T08:00:00Z,2026-02-03,8,2,0.5,175
FF-BLN01-2026-02-03T09,BLN01,2026-02-03T09:00:00Z,2026-02-03,9,2,0.5,159
FF-BLN01-2026-02-03T10,BLN01,2026-02-03T10:00:00Z,2026-02-03,10,2,0.5,164
FF-BLN01-2026-02-03T11,BLN01,2026-02-03T11:00:00Z,2026-02-03,11,4,0.5,191
FF-BLN01-2026-02-03T12,BLN01,2026-02-03T12:00:00Z,2026-02-03,12,5,0.6,176
FF-BLN01-2026-02-03T13,BLN01,2026-02-03T13:00:00Z,2026-02-03,13,8,0.625,202
FF-BLN01-2026-02-03T14,BLN01,2026-02-03T14:00:00Z,2026-02-03,14,4,0.5,155
FF-BLN01-2026-02-03T15,BLN01,2026-02-03T15:00:00Z,2026-02-03,15,9,0.5556,186
FF-BLN01-2026-02-03T16,BLN01,2026-02-03T16:00:00Z,2026-02-03,16,2,0.5,171
FF-BLN01-2026-02-03T17,BLN01,2026-02-03T17:00:00Z,2026-02-03,17,8,0.625,170
FF-BLN01-2026-02-03T18,BLN01,2026-02-03T18:00:00Z,2026-02-03,18,3,0.6667,176
FF-BLN01-2026-02-03T19,BLN01,2026-02-03T19:00:00Z,2026-02-03,19,5,0.4,197
FF-BLN01-2026-02-03T20,BLN01,2026-02-03T20:00:00Z,2026-02-03,20,2,0.5,179
FF-BLN01-2026-02-03T21,BLN01,2026-02-03T21:00:00Z,2026-02-03,21,5,0.4,175
FF-BLN01-2026-02-03T22,BLN01,2026-02-03T22:00:00Z,2026-02-03,22,2,0.5,160
FF-BLN01-2026-02-04T08,BLN01,2026-02-04T08:00:00Z,2026-02-04,8,2,0.5,182
FF-BLN01-2026-02-04T09,BLN01,2026-02-04T09:00:00Z,2026-02-04,9,2,0.5,161
FF-BLN01-2026-02-04T10,BLN01,2026-02-04T10:00:00Z,2026-02-04,10,2,0.5,145
FF-BLN01-2026-02-04T12,BLN01,2026-02-04T12:00:00Z,2026-02-04,12,6,0.5,197
FF-BLN01-2026-02-04T13,BLN01,2026-02-04T13:00:00Z,2026-02-04,13,10,0.5,193
FF-BLN01-2026-02-04T14,BLN01,2026-02-04T14:00:00Z,2026-02-04,14,15,0.4,168
FF-BLN01-2026-02-04T15,BLN01,2026-02-04T15:00:00Z,2026-02-04,15,10,0.4,168
FF-BLN01-2026-02-04T16,BLN01,2026-02-04T16:00:00Z,2026-02-04,16,2,0.5,179
FF-BLN01-2026-02-04T17,BLN01,2026-02-04T17:00:00Z,2026-02-04,17,4,0.5,118
FF-BLN01-2026-02-04T18,BLN01,2026-02-04T18:00:00Z,2026-02-04,18,2,0.5,198
FF-BLN01-2026-02-04T20,BLN01,2026-02-04T20:00:00Z,2026-02-04,20,4,0.5,170
FF-BLN01-2026-02-04T21,BLN01,2026-02-04T21:00:00Z,2026-02-04,21,2,0.5,194
FF-BLN01-2026-02-04T22,BLN01,2026-02-04T22:00:00Z,2026-02-04,22,2,0.5,160
FF-BLN01-2026-02-05T09,BLN01,2026-02-05T09:00:00Z,2026-02-05,9,2,0.5,195
FF-BLN01-2026-02-05T10,BLN01,2026-02-05T10:00:00Z,2026-02-05,10,2,0.5,184
FF-BLN01-2026-02-05T11,BLN01,2026-02-05T11:00:00Z,2026-02-05,11,2,0.5,182
FF-BLN01-2026-02-05T12,BLN01,2026-02-05T12:00:00Z,2026-02-05,12,4,0.5,158
FF-BLN01-2026-02-05T13,BLN01,2026-02-05T13:00:00Z,2026-02-05,13,1,1.0,171
FF-BLN01-2026-02-05T14,BLN01,2026-02-05T14:00:00Z,2026-02-05,14,5,0.4,167
FF-BLN01-2026-02-05T15,BLN01,2026-02-05T15:00:00Z,2026-02-05,15,6,0.5,154
FF-BLN01-2026-02-05T16,BLN01,2026-02-05T16:00:00Z,2026-02-05,16,4,0.5,152
FF-BLN01-2026-02-05T17,BLN01,2026-02-05T17:00:00Z,2026-02-05,17,5,0.6,148
FF-BLN01-2026-02-05T18,BLN01,2026-02-05T18:00:00Z,2026-02-05,18,4,0.5,150
FF-BLN01-2026-02-05T19,BLN01,2026-02-05T19:00:00Z,2026-02-05,19,4,0.5,166
FF-BLN01-2026-02-05T20,BLN01,2026-02-05T20:00:00Z,2026-02-05,20,2,0.5,171
FF-BLN01-2026-02-05T21,BLN01,2026-02-05T21:00:00Z,2026-02-05,21,2,0.5,167
FF-BLN01-2026-02-05T22,BLN01,2026-02-05T22:00:00Z,2026-02-05,22,2,0.5,138
FF-BLN01-2026-02-06T09,BLN01,2026-02-06T09:00:00Z,2026-02-06,9,2,0.5,186
FF-BLN01-2026-02-06T10,BLN01,2026-02-06T10:00:00Z,2026-02-06,10,2,0.5,147
FF-BLN01-2026-02-06T12,BLN01,2026-02-06T12:00:00Z,2026-02-06,12,2,0.5,150
FF-BLN01-2026-02-06T13,BLN01,2026-02-06T13:00:00Z,2026-02-06,13,2,0.5,155
FF-BLN01-2026-02-06T14,BLN01,2026-02-06T14:00:00Z,2026-02-06,14,5,0.4,184
FF-BLN01-2026-02-06T15,BLN01,2026-02-06T15:00:00Z,2026-02-06,15,2,0.5,187
FF-BLN01-2026-02-06T16,BLN01,2026-02-06T16:00:00Z,2026-02-06,16,4,0.5,179
FF-BLN01-2026-02-06T17,BLN01,2026-02-06T17:00:00Z,2026-02-06,17,2,0.5,161
FF-BLN01-2026-02-06T18,BLN01,2026-02-06T18:00:00Z,2026-02-06,18,1,1.0,166
FF-BLN01-2026-02-06T19,BLN01,2026-02-06T19:00:00Z,2026-02-06,19,1,1.0,149
FF-BLN01-2026-02-06T20,BLN01,2026-02-06T20:00:00Z,2026-02-06,20,1,1.0,158
FF-BLN01-2026-02-06T21,BLN01,2026-02-06T21:00:00Z,2026-02-06,21,2,0.5,168
FF-BLN01-2026-02-07T12,BLN01,2026-02-07T12:00:00Z,2026-02-07,12,1,1.0,183
FF-BLN01-2026-02-07T13,BLN01,2026-02-07T13:00:00Z,2026-02-07,13,2,0.5,144
FF-BLN01-2026-02-07T14,BLN01,2026-02-07T14:00:00Z,2026-02-07,14,2,0.5,177
FF-BLN01-2026-02-07T15,BLN01,2026-02-07T15:00:00Z,2026-02-07,15,2,0.5,177
FF-BLN01-2026-02-07T16,BLN01,2026-02-07T16:00:00Z,2026-02-07,16,2,0.5,188
FF-BLN01-2026-02-08T09,BLN01,2026-02-08T09:00:00Z,2026-02-08,9,2,0.5,169
FF-BLN01-2026-02-08T10,BLN01,2026-02-08T10:00:00Z,2026-02-08,10,3,0.3333,186
FF-BLN01-2026-02-08T12,BLN01,2026-02-08T12:00:00Z,2026-02-08,12,2,0.5,152
FF-BLN01-2026-02-08T13,BLN01,2026-02-08T13:00:00Z,2026-02-08,13,1,1.0,172
FF-BLN01-2026-02-08T14,BLN01,2026-02-08T14:00:00Z,2026-02-08,14,2,0.5,165
FF-BLN01-2026-02-08T15,BLN01,2026-02-08T15:00:00Z,2026-02-08,15,3,0.6667,115
FF-BLN01-2026-02-08T16,BLN01,2026-02-08T16:00:00Z,2026-02-08,16,2,0.5,182
FF-BLN01-2026-02-08T17,BLN01,2026-02-08T17:00:00Z,2026-02-08,17,3,0.6667,129
FF-BLN01-2026-02-08T18,BLN01,2026-02-08T18:00:00Z,2026-02-08,18,2,0.5,174
FF-BLN01-2026-02-08T19,BLN01,2026-02-08T19:00:00Z,2026-02-08,19,2,0.5,190
FF-BLN01-2026-02-08T20,BLN01,2026-02-08T20:00:00Z,2026-02-08,20,2,0.5,145
FF-BLN01-2026-02-08T21,BLN01,2026-02-08T21:00:00Z,2026-02-08,21,2,0.5,176
FF-BLN01-2026-02-09T08,BLN01,2026-02-09T08:00:00Z,2026-02-09,8,2,0.5,205
FF-BLN01-2026-02-09T09,BLN01,2026-02-09T09:00:00Z,2026-02-09,9,2,0.5,169
FF-BLN01-2026-02-09T10,BLN01,2026-02-09T10:00:00Z,2026-02-09,10,2,0.5,197
FF-BLN01-2026-02-09T11,BLN01,2026-02-09T11:00:00Z,2026-02-09,11,2,0.5,164
FF-BLN01-2026-02-09T12,BLN01,2026-02-09T12:00:00Z,2026-02-09,12,4,0.5,146
FF-BLN01-2026-02-09T13,BLN01,2026-02-09T13:00:00Z,2026-02-09,13,10,0.4,159
FF-BLN01-2026-02-09T14,BLN01,2026-02-09T14:00:00Z,2026-02-09,14,2,0.5,179
FF-BLN01-2026-02-09T15,BLN01,2026-02-09T15:00:00Z,2026-02-09,15,14,0.3571,186
FF-BLN01-2026-02-09T16,BLN01,2026-02-09T16:00:00Z,2026-02-09,16,4,0.5,140
FF-BLN01-2026-02-09T17,BLN01,2026-02-09T17:00:00Z,2026-02-09,17,3,0.6667,177
FF-BLN01-2026-02-09T18,BLN01,2026-02-09T18:00:00Z,2026-02-09,18,5,0.4,200
FF-BLN01-2026-02-09T19,BLN01,2026-02-09T19:00:00Z,2026-02-09,19,2,0.5,170
FF-BLN01-2026-02-09T20,BLN01,2026-02-09T20:00:00Z,2026-02-09,20,2,0.5,166
FF-BLN01-2026-02-09T21,BLN01,2026-02-09T21:00:00Z,2026-02-09,21,2,0.5,181
FF-BLN01-2026-02-10T09,BLN01,2026-02-10T09:00:00Z,2026-02-10,9,1,1.0,179
FF-BLN01-2026-02-10T10,BLN01,2026-02-10T10:00:00Z,2026-02-10,10,2,0.5,159
FF-BLN01-2026-02-10T11,BLN01,2026-02-10T11:00:00Z,2026-02-10,11,3,0.6667,114
FF-BLN01-2026-02-10T12,BLN01,2026-02-10T12:00:00Z,2026-02-10,12,5,0.8,198
FF-BLN01-2026-02-10T13,BLN01,2026-02-10T13:00:00Z,2026-02-10,13,9,0.5556,190
FF-BLN01-2026-02-10T14,BLN01,2026-02-10T14:00:00Z,2026-02-10,14,2,0.5,166
FF-BLN01-2026-02-10T15,BLN01,2026-02-10T15:00:00Z,2026-02-10,15,4,0.5,147
FF-BLN01-2026-02-10T16,BLN01,2026-02-10T16:00:00Z,2026-02-10,16,5,0.6,175
FF-BLN01-2026-02-10T17,BLN01,2026-02-10T17:00:00Z,2026-02-10,17,5,0.4,173
FF-BLN01-2026-02-10T18,BLN01,2026-02-10T18:00:00Z,2026-02-10,18,6,0.5,205
FF-BLN01-2026-02-10T19,BLN01,2026-02-10T19:00:00Z,2026-02-10,19,5,0.4,167
FF-BLN01-2026-02-10T20,BLN01,2026-02-10T20:00:00Z,2026-02-10,20,2,0.5,154
FF-BLN01-2026-02-10T21,BLN01,2026-02-10T21:00:00Z,2026-02-10,21,4,0.5,189
FF-BLN01-2026-02-10T22,BLN01,2026-02-10T22:00:00Z,2026-02-10,22,2,0.5,166
FF-BLN01-2026-02-11T08,BLN01,2026-02-11T08:00:00Z,2026-02-11,8,2,0.5,153
FF-BLN01-2026-02-11T09,BLN01,2026-02-11T09:00:00Z,2026-02-11,9,2,0.5,178
FF-BLN01-2026-02-11T10,BLN01,2026-02-11T10:00:00Z,2026-02-11,10,2,0.5,160
FF-BLN01-2026-02-11T11,BLN01,2026-02-11T11:00:00Z,2026-02-11,11,4,0.5,150
FF-BLN01-2026-02-11T12,BLN01,2026-02-11T12:00:00Z,2026-02-11,12,4,0.5,188
FF-BLN01-2026-02-11T13,BLN01,2026-02-11T13:00:00Z,2026-02-11,13,7,0.4286,171
FF-BLN01-2026-02-11T14,BLN01,2026-02-11T14:00:00Z,2026-02-11,14,4,0.5,173
FF-BLN01-2026-02-11T15,BLN01,2026-02-11T15:00:00Z,2026-02-11,15,2,0.5,171
FF-BLN01-2026-02-11T16,BLN01,2026-02-11T16:00:00Z,2026-02-11,16,6,0.6667,154
FF-BLN01-2026-02-11T17,BLN01,2026-02-11T17:00:00Z,2026-02-11,17,2,0.5,167
FF-BLN01-2026-02-11T18,BLN01,2026-02-11T18:00:00Z,2026-02-11,18,3,0.6667,167
FF-BLN01-2026-02-11T19,BLN01,2026-02-11T19:00:00Z,2026-02-11,19,3,0.6667,145
FF-BLN01-2026-02-11T20,BLN01,2026-02-11T20:00:00Z,2026-02-11,20,2,0.5,184
FF-BLN01-2026-02-11T21,BLN01,2026-02-11T21:00:00Z,2026-02-11,21,2,0.5,122
FF-BLN01-2026-02-11T22,BLN01,2026-02-11T22:00:00Z,2026-02-11,22,2,0.5,153
FF-BLN01-2026-02-12T08,BLN01,2026-02-12T08:00:00Z,2026-02-12,8,2,0.5,190
FF-BLN01-2026-02-12T09,BLN01,2026-02-12T09:00:00Z,2026-02-12,9,2,0.5,176
FF-BLN01-2026-02-12T10,BLN01,2026-02-12T10:00:00Z,2026-02-12,10,2,0.5,196
FF-BLN01-2026-02-12T11,BLN01,2026-02-12T11:00:00Z,2026-02-12,11,2,0.5,196
FF-BLN01-2026-02-12T12,BLN01,2026-02-12T12:00:00Z,2026-02-12,12,2,0.5,174
FF-BLN01-2026-02-12T13,BLN01,2026-02-12T13:00:00Z,2026-02-12,13,3,0.6667,146
FF-BLN01-2026-02-12T14,BLN01,2026-02-12T14:00:00Z,2026-02-12,14,5,0.4,165
FF-BLN01-2026-02-12T15,BLN01,2026-02-12T15:00:00Z,2026-02-12,15,4,0.5,170
FF-BLN01-2026-02-12T16,BLN01,2026-02-12T16:00:00Z,2026-02-12,16,4,0.5,186
FF-BLN01-2026-02-12T17,BLN01,2026-02-12T17:00:00Z,2026-02-12,17,4,0.5,175
FF-BLN01-2026-02-12T18,BLN01,2026-02-12T18:00:00Z,2026-02-12,18,4,0.5,123
FF-BLN01-2026-02-12T19,BLN01,2026-02-12T19:00:00Z,2026-02-12,19,2,0.5,172
FF-BLN01-2026-02-12T20,BLN01,2026-02-12T20:00:00Z,2026-02-12,20,2,0.5,146
FF-BLN01-2026-02-12T21,BLN01,2026-02-12T21:00:00Z,2026-02-12,21,2,0.5,171
FF-BLN01-2026-02-13T09,BLN01,2026-02-13T09:00:00Z,2026-02-13,9,2,0.5,161
FF-BLN01-2026-02-13T10,BLN01,2026-02-13T10:00:00Z,2026-02-13,10,2,0.5,166
FF-BLN01-2026-02-13T12,BLN01,2026-02-13T12:00:00Z,2026-02-13,12,2,0.5,207
FF-BLN01-2026-02-13T13,BLN01,2026-02-13T13:00:00Z,2026-02-13,13,4,0.5,155
FF-BLN01-2026-02-13T14,BLN01,2026-02-13T14:00:00Z,2026-02-13,14,2,0.5,184
FF-BLN01-2026-02-13T15,BLN01,2026-02-13T15:00:00Z,2026-02-13,15,3,0.6667,163
FF-BLN01-2026-02-13T16,BLN01,2026-02-13T16:00:00Z,2026-02-13,16,5,0.4,198
FF-BLN01-2026-02-13T17,BLN01,2026-02-13T17:00:00Z,2026-02-13,17,2,0.5,174
FF-BLN01-2026-02-13T18,BLN01,2026-02-13T18:00:00Z,2026-02-13,18,2,0.5,150
FF-BLN01-2026-02-14T13,BLN01,2026-02-14T13:00:00Z,2026-02-14,13,2,0.5,178
FF-BLN01-2026-02-14T14,BLN01,2026-02-14T14:00:00Z,2026-02-14,14,2,0.5,161
FF-BLN01-2026-02-14T15,BLN01,2026-02-14T15:00:00Z,2026-02-14,15,2,0.5,177
FF-BLN01-2026-02-14T16,BLN01,2026-02-14T16:00:00Z,2026-02-14,16,2,0.5,206
FF-BLN01-2026-02-14T17,BLN01,2026-02-14T17:00:00Z,2026-02-14,17,2,0.5,145
FF-BLN01-2026-02-15T09,BLN01,2026-02-15T09:00:00Z,2026-02-15,9,2,0.5,173
FF-BLN01-2026-02-15T11,BLN01,2026-02-15T11:00:00Z,2026-02-15,11,2,0.5,183
FF-BLN01-2026-02-15T13,BLN01,2026-02-15T13:00:00Z,2026-02-15,13,4,0.5,163
FF-BLN01-2026-02-15T14,BLN01,2026-02-15T14:00:00Z,2026-02-15,14,2,0.5,194
FF-BLN01-2026-02-15T15,BLN01,2026-02-15T15:00:00Z,2026-02-15,15,4,0.5,167
FF-BLN01-2026-02-15T16,BLN01,2026-02-15T16:00:00Z,2026-02-15,16,2,0.5,170
FF-BLN01-2026-02-15T17,BLN01,2026-02-15T17:00:00Z,2026-02-15,17,3,0.3333,178
FF-BLN01-2026-02-15T18,BLN01,2026-02-15T18:00:00Z,2026-02-15,18,2,0.5,174
FF-BLN01-2026-02-15T19,BLN01,2026-02-15T19:00:00Z,2026-02-15,19,2,0.5,159
FF-BLN01-2026-02-15T20,BLN01,2026-02-15T20:00:00Z,2026-02-15,20,2,0.5,188
FF-BLN01-2026-02-15T21,BLN01,2026-02-15T21:00:00Z,2026-02-15,21,2,0.5,178
FF-BLN01-2026-02-16T10,BLN01,2026-02-16T10:00:00Z,2026-02-16,10,2,0.5,183
FF-BLN01-2026-02-16T11,BLN01,2026-02-16T11:00:00Z,2026-02-16,11,1,1.0,169
FF-BLN01-2026-02-16T12,BLN01,2026-02-16T12:00:00Z,2026-02-16,12,3,0.6667,177
FF-BLN01-2026-02-16T13,BLN01,2026-02-16T13:00:00Z,2026-02-16,13,7,0.5714,187
FF-BLN01-2026-02-16T14,BLN01,2026-02-16T14:00:00Z,2026-02-16,14,6,0.5,184
FF-BLN01-2026-02-16T15,BLN01,2026-02-16T15:00:00Z,2026-02-16,15,5,0.4,203
FF-BLN01-2026-02-16T17,BLN01,2026-02-16T17:00:00Z,2026-02-16,17,2,0.5,174
FF-BLN01-2026-02-16T18,BLN01,2026-02-16T18:00:00Z,2026-02-16,18,2,0.5,171
FF-BLN01-2026-02-16T19,BLN01,2026-02-16T19:00:00Z,2026-02-16,19,3,0.3333,163
FF-BLN01-2026-02-16T20,BLN01,2026-02-16T20:00:00Z,2026-02-16,20,2,0.5,163
FF-BLN01-2026-02-16T21,BLN01,2026-02-16T21:00:00Z,2026-02-16,21,2,0.5,160
FF-BLN01-2026-02-16T22,BLN01,2026-02-16T22:00:00Z,2026-02-16,22,2,0.5,180
FF-BLN01-2026-02-17T09,BLN01,2026-02-17T09:00:00Z,2026-02-17,9,2,0.5,176
FF-BLN01-2026-02-17T10,BLN01,2026-02-17T10:00:00Z,2026-02-17,10,2,0.5,168
FF-BLN01-2026-02-17T11,BLN01,2026-02-17T11:00:00Z,2026-02-17,11,2,0.5,143
FF-BLN01-2026-02-17T12,BLN01,2026-02-17T12:00:00Z,2026-02-17,12,3,0.6667,145
FF-BLN01-2026-02-17T13,BLN01,2026-02-17T13:00:00Z,2026-02-17,13,3,0.6667,172
FF-BLN01-2026-02-17T14,BLN01,2026-02-17T14:00:00Z,2026-02-17,14,4,0.5,154
FF-BLN01-2026-02-17T15,BLN01,2026-02-17T15:00:00Z,2026-02-17,15,9,0.4444,184
FF-BLN01-2026-02-17T16,BLN01,2026-02-17T16:00:00Z,2026-02-17,16,3,0.6667,197
FF-BLN01-2026-02-17T17,BLN01,2026-02-17T17:00:00Z,2026-02-17,17,6,0.5,147
FF-BLN01-2026-02-17T18,BLN01,2026-02-17T18:00:00Z,2026-02-17,18,2,0.5,166
FF-BLN01-2026-02-17T19,BLN01,2026-02-17T19:00:00Z,2026-02-17,19,5,0.4,215
FF-BLN01-2026-02-17T20,BLN01,2026-02-17T20:00:00Z,2026-02-17,20,2,0.5,158
FF-BLN01-2026-02-17T21,BLN01,2026-02-17T21:00:00Z,2026-02-17,21,2,0.5,194
FF-BLN01-2026-02-17T22,BLN01,2026-02-17T22:00:00Z,2026-02-17,22,2,0.5,146
FF-BLN01-2026-02-18T08,BLN01,2026-02-18T08:00:00Z,2026-02-18,8,2,0.5,145
FF-BLN01-2026-02-18T10,BLN01,2026-02-18T10:00:00Z,2026-02-18,10,2,0.5,162
FF-BLN01-2026-02-18T11,BLN01,2026-02-18T11:00:00Z,2026-02-18,11,3,0.3333,153
FF-BLN01-2026-02-18T12,BLN01,2026-02-18T12:00:00Z,2026-02-18,12,4,0.5,179
FF-BLN01-2026-02-18T13,BLN01,2026-02-18T13:00:00Z,2026-02-18,13,4,0.5,184
FF-BLN01-2026-02-18T14,BLN01,2026-02-18T14:00:00Z,2026-02-18,14,3,0.6667,177
FF-BLN01-2026-02-18T15,BLN01,2026-02-18T15:00:00Z,2026-02-18,15,5,0.6,179
FF-BLN01-2026-02-18T16,BLN01,2026-02-18T16:00:00Z,2026-02-18,16,4,0.5,139
FF-BLN01-2026-02-18T17,BLN01,2026-02-18T17:00:00Z,2026-02-18,17,6,0.5,127
FF-BLN01-2026-02-18T18,BLN01,2026-02-18T18:00:00Z,2026-02-18,18,5,0.4,132
FF-BLN01-2026-02-18T19,BLN01,2026-02-18T19:00:00Z,2026-02-18,19,4,0.5,167
FF-BLN01-2026-02-18T20,BLN01,2026-02-18T20:00:00Z,2026-02-18,20,2,0.5,171
FF-BLN01-2026-02-18T22,BLN01,2026-02-18T22:00:00Z,2026-02-18,22,2,0.5,139
FF-BLN01-2026-02-19T08,BLN01,2026-02-19T08:00:00Z,2026-02-19,8,2,0.5,169
FF-BLN01-2026-02-19T09,BLN01,2026-02-19T09:00:00Z,2026-02-19,9,2,0.5,155
FF-BLN01-2026-02-19T10,BLN01,2026-02-19T10:00:00Z,2026-02-19,10,2,0.5,129
FF-BLN01-2026-02-19T11,BLN01,2026-02-19T11:00:00Z,2026-02-19,11,2,0.5,162
FF-BLN01-2026-02-19T12,BLN01,2026-02-19T12:00:00Z,2026-02-19,12,4,0.5,151
FF-BLN01-2026-02-19T13,BLN01,2026-02-19T13:00:00Z,2026-02-19,13,8,0.5,171
FF-BLN01-2026-02-19T14,BLN01,2026-02-19T14:00:00Z,2026-02-19,14,3,0.6667,130
FF-BLN01-2026-02-19T15,BLN01,2026-02-19T15:00:00Z,2026-02-19,15,8,0.5,147
FF-BLN01-2026-02-19T16,BLN01,2026-02-19T16:00:00Z,2026-02-19,16,7,0.5714,139
FF-BLN01-2026-02-19T17,BLN01,2026-02-19T17:00:00Z,2026-02-19,17,4,0.5,146
FF-BLN01-2026-02-19T18,BLN01,2026-02-19T18:00:00Z,2026-02-19,18,4,0.5,182
FF-BLN01-2026-02-19T19,BLN01,2026-02-19T19:00:00Z,2026-02-19,19,3,0.3333,149
FF-BLN01-2026-02-19T20,BLN01,2026-02-19T20:00:00Z,2026-02-19,20,2,0.5,145
FF-BLN01-2026-02-19T21,BLN01,2026-02-19T21:00:00Z,2026-02-19,21,2,0.5,198
FF-BLN01-2026-02-19T22,BLN01,2026-02-19T22:00:00Z,2026-02-19,22,2,0.5,116
FF-BLN01-2026-02-20T09,BLN01,2026-02-20T09:00:00Z,2026-02-20,9,2,0.5,196
FF-BLN01-2026-02-20T11,BLN01,2026-02-20T11:00:00Z,2026-02-20,11,2,0.5,158
FF-BLN01-2026-02-20T12,BLN01,2026-02-20T12:00:00Z,2026-02-20,12,3,0.6667,163
FF-BLN01-2026-02-20T13,BLN01,2026-02-20T13:00:00Z,2026-02-20,13,3,0.6667,192
FF-BLN01-2026-02-20T14,BLN01,2026-02-20T14:00:00Z,2026-02-20,14,4,0.5,152
FF-BLN01-2026-02-20T15,BLN01,2026-02-20T15:00:00Z,2026-02-20,15,4,0.5,182
FF-BLN01-2026-02-20T16,BLN01,2026-02-20T16:00:00Z,2026-02-20,16,2,0.5,159
FF-BLN01-2026-02-20T17,BLN01,2026-02-20T17:00:00Z,2026-02-20,17,2,0.5,164
FF-BLN01-2026-02-20T18,BLN01,2026-02-20T18:00:00Z,2026-02-20,18,4,0.5,134
FF-BLN01-2026-02-20T19,BLN01,2026-02-20T19:00:00Z,2026-02-20,19,2,0.5,165
FF-BLN01-2026-02-20T20,BLN01,2026-02-20T20:00:00Z,2026-02-20,20,2,0.5,181
FF-BLN01-2026-02-20T21,BLN01,2026-02-20T21:00:00Z,2026-02-20,21,2,0.5,204
FF-BLN01-2026-02-20T22,BLN01,2026-02-20T22:00:00Z,2026-02-20,22,2,0.5,151
FF-BLN01-2026-02-21T10,BLN01,2026-02-21T10:00:00Z,2026-02-21,10,2,0.5,134
FF-BLN01-2026-02-21T12,BLN01,2026-02-21T12:00:00Z,2026-02-21,12,2,0.5,183
FF-BLN01-2026-02-21T13,BLN01,2026-02-21T13:00:00Z,2026-02-21,13,2,0.5,135
FF-BLN01-2026-02-21T14,BLN01,2026-02-21T14:00:00Z,2026-02-21,14,2,0.5,186
FF-BLN01-2026-02-21T16,BLN01,2026-02-21T16:00:00Z,2026-02-21,16,2,0.5,185
FF-BLN01-2026-02-21T17,BLN01,2026-02-21T17:00:00Z,2026-02-21,17,2,0.5,171
FF-BLN01-2026-02-21T18,BLN01,2026-02-21T18:00:00Z,2026-02-21,18,2,0.5,154
FF-BLN01-2026-02-22T08,BLN01,2026-02-22T08:00:00Z,2026-02-22,8,1,1.0,163
FF-BLN01-2026-02-22T10,BLN01,2026-02-22T10:00:00Z,2026-02-22,10,2,0.5,181
FF-BLN01-2026-02-22T12,BLN01,2026-02-22T12:00:00Z,2026-02-22,12,1,1.0,184
FF-BLN01-2026-02-22T13,BLN01,2026-02-22T13:00:00Z,2026-02-22,13,2,0.5,117
FF-BLN01-2026-02-22T14,BLN01,2026-02-22T14:00:00Z,2026-02-22,14,2,0.5,135
FF-BLN01-2026-02-22T16,BLN01,2026-02-22T16:00:00Z,2026-02-22,16,2,0.5,151
FF-BLN01-2026-02-22T17,BLN01,2026-02-22T17:00:00Z,2026-02-22,17,1,1.0,174
FF-BLN01-2026-02-22T18,BLN01,2026-02-22T18:00:00Z,2026-02-22,18,1,1.0,192
FF-BLN01-2026-02-22T19,BLN01,2026-02-22T19:00:00Z,2026-02-22,19,2,0.5,174
FF-BLN01-2026-02-22T20,BLN01,2026-02-22T20:00:00Z,2026-02-22,20,2,0.5,176
FF-BLN01-2026-02-23T08,BLN01,2026-02-23T08:00:00Z,2026-02-23,8,2,0.5,154
FF-BLN01-2026-02-23T09,BLN01,2026-02-23T09:00:00Z,2026-02-23,9,2,0.5,161
FF-BLN01-2026-02-23T10,BLN01,2026-02-23T10:00:00Z,2026-02-23,10,2,0.5,165
FF-BLN01-2026-02-23T11,BLN01,2026-02-23T11:00:00Z,2026-02-23,11,2,0.5,189
FF-BLN01-2026-02-23T12,BLN01,2026-02-23T12:00:00Z,2026-02-23,12,3,0.6667,185
FF-BLN01-2026-02-23T13,BLN01,2026-02-23T13:00:00Z,2026-02-23,13,4,0.5,152
FF-BLN01-2026-02-23T14,BLN01,2026-02-23T14:00:00Z,2026-02-23,14,4,0.5,148
FF-BLN01-2026-02-23T15,BLN01,2026-02-23T15:00:00Z,2026-02-23,15,3,0.6667,164
FF-BLN01-2026-02-23T16,BLN01,2026-02-23T16:00:00Z,2026-02-23,16,5,0.8,170
FF-BLN01-2026-02-23T17,BLN01,2026-02-23T17:00:00Z,2026-02-23,17,2,0.5,159
FF-BLN01-2026-02-23T18,BLN01,2026-02-23T18:00:00Z,2026-02-23,18,3,0.6667,150
FF-BLN01-2026-02-23T19,BLN01,2026-02-23T19:00:00Z,2026-02-23,19,2,0.5,168
FF-BLN01-2026-02-23T20,BLN01,2026-02-23T20:00:00Z,2026-02-23,20,2,0.5,150
FF-BLN01-2026-02-23T21,BLN01,2026-02-23T21:00:00Z,2026-02-23,21,2,0.5,151
FF-BLN01-2026-02-23T22,BLN01,2026-02-23T22:00:00Z,2026-02-23,22,2,0.5,183
FF-BLN01-2026-02-24T09,BLN01,2026-02-24T09:00:00Z,2026-02-24,9,2,0.5,170
FF-BLN01-2026-02-24T10,BLN01,2026-02-24T10:00:00Z,2026-02-24,10,2,0.5,155
FF-BLN01-2026-02-24T11,BLN01,2026-02-24T11:00:00Z,2026-02-24,11,2,0.5,175
FF-BLN01-2026-02-24T12,BLN01,2026-02-24T12:00:00Z,2026-02-24,12,4,0.5,184
FF-BLN01-2026-02-24T13,BLN01,2026-02-24T13:00:00Z,2026-02-24,13,9,0.6667,178
FF-BLN01-2026-02-24T14,BLN01,2026-02-24T14:00:00Z,2026-02-24,14,8,0.5,186
FF-BLN01-2026-02-24T15,BLN01,2026-02-24T15:00:00Z,2026-02-24,15,11,0.3636,157
FF-BLN01-2026-02-24T16,BLN01,2026-02-24T16:00:00Z,2026-02-24,16,3,0.6667,164
FF-BLN01-2026-02-24T17,BLN01,2026-02-24T17:00:00Z,2026-02-24,17,5,0.6,172
FF-BLN01-2026-02-24T18,BLN01,2026-02-24T18:00:00Z,2026-02-24,18,6,0.5,162
FF-BLN01-2026-02-24T19,BLN01,2026-02-24T19:00:00Z,2026-02-24,19,2,0.5,113
FF-BLN01-2026-02-24T20,BLN01,2026-02-24T20:00:00Z,2026-02-24,20,2,0.5,158
FF-BLN01-2026-02-24T21,BLN01,2026-02-24T21:00:00Z,2026-02-24,21,2,0.5,192
FF-BLN01-2026-02-24T22,BLN01,2026-02-24T22:00:00Z,2026-02-24,22,2,0.5,148
FF-BLN01-2026-02-25T08,BLN01,2026-02-25T08:00:00Z,2026-02-25,8,2,0.5,168
FF-BLN01-2026-02-25T09,BLN01,2026-02-25T09:00:00Z,2026-02-25,9,2,0.5,172
FF-BLN01-2026-02-25T11,BLN01,2026-02-25T11:00:00Z,2026-02-25,11,3,0.3333,170
FF-BLN01-2026-02-25T12,BLN01,2026-02-25T12:00:00Z,2026-02-25,12,3,0.6667,179
FF-BLN01-2026-02-25T13,BLN01,2026-02-25T13:00:00Z,2026-02-25,13,7,0.5714,176
FF-BLN01-2026-02-25T14,BLN01,2026-02-25T14:00:00Z,2026-02-25,14,5,0.6,191
FF-BLN01-2026-02-25T15,BLN01,2026-02-25T15:00:00Z,2026-02-25,15,5,0.6,174
FF-BLN01-2026-02-25T16,BLN01,2026-02-25T16:00:00Z,2026-02-25,16,2,0.5,178
FF-BLN01-2026-02-25T17,BLN01,2026-02-25T17:00:00Z,2026-02-25,17,4,0.5,155
FF-BLN01-2026-02-25T18,BLN01,2026-02-25T18:00:00Z,2026-02-25,18,2,0.5,184
FF-BLN01-2026-02-25T19,BLN01,2026-02-25T19:00:00Z,2026-02-25,19,3,0.6667,136
FF-BLN01-2026-02-25T20,BLN01,2026-02-25T20:00:00Z,2026-02-25,20,2,0.5,204
FF-BLN01-2026-02-25T21,BLN01,2026-02-25T21:00:00Z,2026-02-25,21,2,0.5,193
FF-BLN01-2026-02-25T22,BLN01,2026-02-25T22:00:00Z,2026-02-25,22,2,0.5,174
FF-BLN01-2026-02-26T08,BLN01,2026-02-26T08:00:00Z,2026-02-26,8,3,0.3333,186
FF-BLN01-2026-02-26T09,BLN01,2026-02-26T09:00:00Z,2026-02-26,9,2,0.5,157
FF-BLN01-2026-02-26T10,BLN01,2026-02-26T10:00:00Z,2026-02-26,10,2,0.5,135
FF-BLN01-2026-02-26T11,BLN01,2026-02-26T11:00:00Z,2026-02-26,11,2,0.5,154
FF-BLN01-2026-02-26T12,BLN01,2026-02-26T12:00:00Z,2026-02-26,12,4,0.5,159
FF-BLN01-2026-02-26T13,BLN01,2026-02-26T13:00:00Z,2026-02-26,13,5,0.6,197
FF-BLN01-2026-02-26T14,BLN01,2026-02-26T14:00:00Z,2026-02-26,14,4,0.5,152
FF-BLN01-2026-02-26T15,BLN01,2026-02-26T15:00:00Z,2026-02-26,15,4,0.5,195
FF-BLN01-2026-02-26T16,BLN01,2026-02-26T16:00:00Z,2026-02-26,16,3,0.6667,158
FF-BLN01-2026-02-26T17,BLN01,2026-02-26T17:00:00Z,2026-02-26,17,6,0.5,129
FF-BLN01-2026-02-26T19,BLN01,2026-02-26T19:00:00Z,2026-02-26,19,4,0.5,167
FF-BLN01-2026-02-26T20,BLN01,2026-02-26T20:00:00Z,2026-02-26,20,2,0.5,171
FF-BLN01-2026-02-26T21,BLN01,2026-02-26T21:00:00Z,2026-02-26,21,2,0.5,172
FF-BLN01-2026-02-27T09,BLN01,2026-02-27T09:00:00Z,2026-02-27,9,2,0.5,161
FF-BLN01-2026-02-27T10,BLN01,2026-02-27T10:00:00Z,2026-02-27,10,2,0.5,144
FF-BLN01-2026-02-27T11,BLN01,2026-02-27T11:00:00Z,2026-02-27,11,2,0.5,150
FF-BLN01-2026-02-27T12,BLN01,2026-02-27T12:00:00Z,2026-02-27,12,1,1.0,128
FF-BLN01-2026-02-27T13,BLN01,2026-02-27T13:00:00Z,2026-02-27,13,2,0.5,156
FF-BLN01-2026-02-27T14,BLN01,2026-02-27T14:00:00Z,2026-02-27,14,4,0.5,196
FF-BLN01-2026-02-27T15,BLN01,2026-02-27T15:00:00Z,2026-02-27,15,2,0.5,177
FF-BLN01-2026-02-27T16,BLN01,2026-02-27T16:00:00Z,2026-02-27,16,3,0.6667,181
FF-BLN01-2026-02-27T17,BLN01,2026-02-27T17:00:00Z,2026-02-27,17,2,0.5,168
FF-BLN01-2026-02-27T19,BLN01,2026-02-27T19:00:00Z,2026-02-27,19,1,1.0,178
FF-BLN01-2026-02-28T12,BLN01,2026-02-28T12:00:00Z,2026-02-28,12,2,0.5,185
FF-BLN01-2026-02-28T13,BLN01,2026-02-28T13:00:00Z,2026-02-28,13,2,0.5,179
FF-BLN01-2026-02-28T14,BLN01,2026-02-28T14:00:00Z,2026-02-28,14,2,0.5,209
FF-BLN01-2026-02-28T15,BLN01,2026-02-28T15:00:00Z,2026-02-28,15,2,0.5,195
FF-BLN01-2026-02-28T16,BLN01,2026-02-28T16:00:00Z,2026-02-28,16,2,0.5,179
FF-BLN01-2026-02-28T17,BLN01,2026-02-28T17:00:00Z,2026-02-28,17,2,0.5,167
FF-BLN01-2026-02-28T18,BLN01,2026-02-28T18:00:00Z,2026-02-28,18,1,1.0,152
FF-BLN01-2026-03-01T09,BLN01,2026-03-01T09:00:00Z,2026-03-01,9,2,0.5,172
FF-BLN01-2026-03-01T10,BLN01,2026-03-01T10:00:00Z,2026-03-01,10,3,0.3333,188
FF-BLN01-2026-03-01T11,BLN01,2026-03-01T11:00:00Z,2026-03-01,11,2,0.5,128
FF-BLN01-2026-03-01T13,BLN01,2026-03-01T13:00:00Z,2026-03-01,13,2,0.5,164
FF-BLN01-2026-03-01T14,BLN01,2026-03-01T14:00:00Z,2026-03-01,14,2,0.5,172
FF-BLN01-2026-03-01T15,BLN01,2026-03-01T15:00:00Z,2026-03-01,15,2,0.5,110
FF-BLN01-2026-03-01T16,BLN01,2026-03-01T16:00:00Z,2026-03-01,16,2,0.5,143
FF-BLN01-2026-03-01T17,BLN01,2026-03-01T17:00:00Z,2026-03-01,17,2,0.5,157
FF-BLN01-2026-03-01T18,BLN01,2026-03-01T18:00:00Z,2026-03-01,18,2,0.5,150
FF-BLN01-2026-03-01T19,BLN01,2026-03-01T19:00:00Z,2026-03-01,19,2,0.5,169
FF-BLN01-2026-03-01T21,BLN01,2026-03-01T21:00:00Z,2026-03-01,21,2,0.5,164
FF-BLN01-2026-03-02T09,BLN01,2026-03-02T09:00:00Z,2026-03-02,9,2,0.5,174
FF-BLN01-2026-03-02T10,BLN01,2026-03-02T10:00:00Z,2026-03-02,10,2,0.5,120
FF-BLN01-2026-03-02T11,BLN01,2026-03-02T11:00:00Z,2026-03-02,11,2,0.5,172
FF-BLN01-2026-03-02T12,BLN01,2026-03-02T12:00:00Z,2026-03-02,12,2,0.5,147
FF-BLN01-2026-03-02T13,BLN01,2026-03-02T13:00:00Z,2026-03-02,13,3,0.6667,146
FF-BLN01-2026-03-02T15,BLN01,2026-03-02T15:00:00Z,2026-03-02,15,5,0.6,139
FF-BLN01-2026-03-02T16,BLN01,2026-03-02T16:00:00Z,2026-03-02,16,3,0.6667,173
FF-BLN01-2026-03-02T17,BLN01,2026-03-02T17:00:00Z,2026-03-02,17,3,0.6667,171
FF-BLN01-2026-03-02T18,BLN01,2026-03-02T18:00:00Z,2026-03-02,18,3,0.3333,168
FF-BLN01-2026-03-02T19,BLN01,2026-03-02T19:00:00Z,2026-03-02,19,2,0.5,163
FF-BLN01-2026-03-02T20,BLN01,2026-03-02T20:00:00Z,2026-03-02,20,2,0.5,168
FF-BLN01-2026-03-02T21,BLN01,2026-03-02T21:00:00Z,2026-03-02,21,2,0.5,144
FF-BLN01-2026-03-02T22,BLN01,2026-03-02T22:00:00Z,2026-03-02,22,2,0.5,176
FF-BLN01-2026-03-03T08,BLN01,2026-03-03T08:00:00Z,2026-03-03,8,2,0.5,204
FF-BLN01-2026-03-03T09,BLN01,2026-03-03T09:00:00Z,2026-03-03,9,2,0.5,149
FF-BLN01-2026-03-03T10,BLN01,2026-03-03T10:00:00Z,2026-03-03,10,2,0.5,163
FF-BLN01-2026-03-03T11,BLN01,2026-03-03T11:00:00Z,2026-03-03,11,2,0.5,192
FF-BLN01-2026-03-03T12,BLN01,2026-03-03T12:00:00Z,2026-03-03,12,4,0.5,146
FF-BLN01-2026-03-03T13,BLN01,2026-03-03T13:00:00Z,2026-03-03,13,5,0.6,187
FF-BLN01-2026-03-03T14,BLN01,2026-03-03T14:00:00Z,2026-03-03,14,2,0.5,185
FF-BLN01-2026-03-03T15,BLN01,2026-03-03T15:00:00Z,2026-03-03,15,4,0.5,162
FF-BLN01-2026-03-03T16,BLN01,2026-03-03T16:00:00Z,2026-03-03,16,5,0.6,209
FF-BLN01-2026-03-03T17,BLN01,2026-03-03T17:00:00Z,2026-03-03,17,6,0.5,199
FF-BLN01-2026-03-03T18,BLN01,2026-03-03T18:00:00Z,2026-03-03,18,15,0.3333,203
FF-BLN01-2026-03-03T19,BLN01,2026-03-03T19:00:00Z,2026-03-03,19,2,0.5,157
FF-BLN01-2026-03-03T20,BLN01,2026-03-03T20:00:00Z,2026-03-03,20,4,0.5,191
FF-BLN01-2026-03-03T21,BLN01,2026-03-03T21:00:00Z,2026-03-03,21,3,0.6667,181
FF-BLN01-2026-03-03T22,BLN01,2026-03-03T22:00:00Z,2026-03-03,22,2,0.5,196
FF-BLN01-2026-03-04T08,BLN01,2026-03-04T08:00:00Z,2026-03-04,8,2,0.5,172
FF-BLN01-2026-03-04T09,BLN01,2026-03-04T09:00:00Z,2026-03-04,9,2,0.5,163
FF-BLN01-2026-03-04T10,BLN01,2026-03-04T10:00:00Z,2026-03-04,10,2,0.5,184
FF-BLN01-2026-03-04T11,BLN01,2026-03-04T11:00:00Z,2026-03-04,11,2,0.5,166
FF-BLN01-2026-03-04T12,BLN01,2026-03-04T12:00:00Z,2026-03-04,12,4,0.5,182
FF-BLN01-2026-03-04T13,BLN01,2026-03-04T13:00:00Z,2026-03-04,13,2,0.5,149
FF-BLN01-2026-03-04T14,BLN01,2026-03-04T14:00:00Z,2026-03-04,14,4,0.5,176
FF-BLN01-2026-03-04T15,BLN01,2026-03-04T15:00:00Z,2026-03-04,15,8,0.375,160
FF-BLN01-2026-03-04T16,BLN01,2026-03-04T16:00:00Z,2026-03-04,16,4,0.5,127
FF-BLN01-2026-03-04T17,BLN01,2026-03-04T17:00:00Z,2026-03-04,17,5,0.6,196
FF-BLN01-2026-03-04T18,BLN01,2026-03-04T18:00:00Z,2026-03-04,18,2,0.5,206
FF-BLN01-2026-03-04T19,BLN01,2026-03-04T19:00:00Z,2026-03-04,19,2,0.5,171
FF-BLN01-2026-03-04T20,BLN01,2026-03-04T20:00:00Z,2026-03-04,20,2,0.5,174
FF-BLN01-2026-03-04T21,BLN01,2026-03-04T21:00:00Z,2026-03-04,21,2,0.5,183
FF-BLN01-2026-03-05T08,BLN01,2026-03-05T08:00:00Z,2026-03-05,8,2,0.5,170
FF-BLN01-2026-03-05T09,BLN01,2026-03-05T09:00:00Z,2026-03-05,9,1,1.0,178
FF-BLN01-2026-03-05T10,BLN01,2026-03-05T10:00:00Z,2026-03-05,10,2,0.5,164
FF-BLN01-2026-03-05T11,BLN01,2026-03-05T11:00:00Z,2026-03-05,11,4,0.5,143
FF-BLN01-2026-03-05T12,BLN01,2026-03-05T12:00:00Z,2026-03-05,12,4,0.5,229
FF-BLN01-2026-03-05T13,BLN01,2026-03-05T13:00:00Z,2026-03-05,13,9,0.5556,212
FF-BLN01-2026-03-05T14,BLN01,2026-03-05T14:00:00Z,2026-03-05,14,5,0.6,155
FF-BLN01-2026-03-05T15,BLN01,2026-03-05T15:00:00Z,2026-03-05,15,5,0.6,158
FF-BLN01-2026-03-05T16,BLN01,2026-03-05T16:00:00Z,2026-03-05,16,1,1.0,155
FF-BLN01-2026-03-05T17,BLN01,2026-03-05T17:00:00Z,2026-03-05,17,2,0.5,125
FF-BLN01-2026-03-05T18,BLN01,2026-03-05T18:00:00Z,2026-03-05,18,5,0.6,160
FF-BLN01-2026-03-05T19,BLN01,2026-03-05T19:00:00Z,2026-03-05,19,2,0.5,202
FF-BLN01-2026-03-05T20,BLN01,2026-03-05T20:00:00Z,2026-03-05,20,4,0.5,169
FF-BLN01-2026-03-05T21,BLN01,2026-03-05T21:00:00Z,2026-03-05,21,4,0.5,137
FF-BLN01-2026-03-05T22,BLN01,2026-03-05T22:00:00Z,2026-03-05,22,2,0.5,124
FF-BLN01-2026-03-06T08,BLN01,2026-03-06T08:00:00Z,2026-03-06,8,2,0.5,163
FF-BLN01-2026-03-06T11,BLN01,2026-03-06T11:00:00Z,2026-03-06,11,3,0.3333,138
FF-BLN01-2026-03-06T12,BLN01,2026-03-06T12:00:00Z,2026-03-06,12,5,0.4,180
FF-BLN01-2026-03-06T13,BLN01,2026-03-06T13:00:00Z,2026-03-06,13,4,0.5,156
FF-BLN01-2026-03-06T14,BLN01,2026-03-06T14:00:00Z,2026-03-06,14,4,0.5,177
FF-BLN01-2026-03-06T15,BLN01,2026-03-06T15:00:00Z,2026-03-06,15,3,0.6667,161
FF-BLN01-2026-03-06T16,BLN01,2026-03-06T16:00:00Z,2026-03-06,16,3,0.6667,165
FF-BLN01-2026-03-06T17,BLN01,2026-03-06T17:00:00Z,2026-03-06,17,2,0.5,184
FF-BLN01-2026-03-06T18,BLN01,2026-03-06T18:00:00Z,2026-03-06,18,2,0.5,148
FF-BLN01-2026-03-06T20,BLN01,2026-03-06T20:00:00Z,2026-03-06,20,2,0.5,180
FF-BLN01-2026-03-06T21,BLN01,2026-03-06T21:00:00Z,2026-03-06,21,2,0.5,144
FF-BLN01-2026-03-07T12,BLN01,2026-03-07T12:00:00Z,2026-03-07,12,2,0.5,184
FF-BLN01-2026-03-07T13,BLN01,2026-03-07T13:00:00Z,2026-03-07,13,2,0.5,181
FF-BLN01-2026-03-07T14,BLN01,2026-03-07T14:00:00Z,2026-03-07,14,2,0.5,172
FF-BLN01-2026-03-07T17,BLN01,2026-03-07T17:00:00Z,2026-03-07,17,2,0.5,148
FF-BLN01-2026-03-08T09,BLN01,2026-03-08T09:00:00Z,2026-03-08,9,2,0.5,167
FF-BLN01-2026-03-08T12,BLN01,2026-03-08T12:00:00Z,2026-03-08,12,2,0.5,134
FF-BLN01-2026-03-08T13,BLN01,2026-03-08T13:00:00Z,2026-03-08,13,2,0.5,142
FF-BLN01-2026-03-08T14,BLN01,2026-03-08T14:00:00Z,2026-03-08,14,4,0.5,194
FF-BLN01-2026-03-08T16,BLN01,2026-03-08T16:00:00Z,2026-03-08,16,2,0.5,184
FF-BLN01-2026-03-08T17,BLN01,2026-03-08T17:00:00Z,2026-03-08,17,2,0.5,206
FF-BLN01-2026-03-08T18,BLN01,2026-03-08T18:00:00Z,2026-03-08,18,2,0.5,171
FF-BLN01-2026-03-08T19,BLN01,2026-03-08T19:00:00Z,2026-03-08,19,2,0.5,157
FF-BLN01-2026-03-08T21,BLN01,2026-03-08T21:00:00Z,2026-03-08,21,2,0.5,128
FF-BLN01-2026-03-09T08,BLN01,2026-03-09T08:00:00Z,2026-03-09,8,2,0.5,192
FF-BLN01-2026-03-09T09,BLN01,2026-03-09T09:00:00Z,2026-03-09,9,2,0.5,179
FF-BLN01-2026-03-09T10,BLN01,2026-03-09T10:00:00Z,2026-03-09,10,2,0.5,154
FF-BLN01-2026-03-09T11,BLN01,2026-03-09T11:00:00Z,2026-03-09,11,2,0.5,142
FF-BLN01-2026-03-09T12,BLN01,2026-03-09T12:00:00Z,2026-03-09,12,4,0.5,199
FF-BLN01-2026-03-09T14,BLN01,2026-03-09T14:00:00Z,2026-03-09,14,3,0.6667,161
FF-BLN01-2026-03-09T16,BLN01,2026-03-09T16:00:00Z,2026-03-09,16,5,0.4,193
FF-BLN01-2026-03-09T17,BLN01,2026-03-09T17:00:00Z,2026-03-09,17,3,0.6667,151
FF-BLN01-2026-03-09T18,BLN01,2026-03-09T18:00:00Z,2026-03-09,18,2,0.5,196
FF-BLN01-2026-03-09T19,BLN01,2026-03-09T19:00:00Z,2026-03-09,19,2,0.5,177
FF-BLN01-2026-03-09T21,BLN01,2026-03-09T21:00:00Z,2026-03-09,21,2,0.5,173
FF-BLN01-2026-03-10T09,BLN01,2026-03-10T09:00:00Z,2026-03-10,9,2,0.5,139
FF-BLN01-2026-03-10T10,BLN01,2026-03-10T10:00:00Z,2026-03-10,10,2,0.5,158
FF-BLN01-2026-03-10T11,BLN01,2026-03-10T11:00:00Z,2026-03-10,11,2,0.5,145
FF-BLN01-2026-03-10T12,BLN01,2026-03-10T12:00:00Z,2026-03-10,12,12,0.3333,172
FF-BLN01-2026-03-10T13,BLN01,2026-03-10T13:00:00Z,2026-03-10,13,5,0.6,157
FF-BLN01-2026-03-10T14,BLN01,2026-03-10T14:00:00Z,2026-03-10,14,5,0.6,166
FF-BLN01-2026-03-10T15,BLN01,2026-03-10T15:00:00Z,2026-03-10,15,5,0.6,128
FF-BLN01-2026-03-10T16,BLN01,2026-03-10T16:00:00Z,2026-03-10,16,3,0.6667,135
FF-BLN01-2026-03-10T17,BLN01,2026-03-10T17:00:00Z,2026-03-10,17,9,0.5556,164
FF-BLN01-2026-03-10T18,BLN01,2026-03-10T18:00:00Z,2026-03-10,18,3,0.6667,197
FF-BLN01-2026-03-10T19,BLN01,2026-03-10T19:00:00Z,2026-03-10,19,2,0.5,168
FF-BLN01-2026-03-10T20,BLN01,2026-03-10T20:00:00Z,2026-03-10,20,3,0.6667,159
FF-BLN01-2026-03-10T21,BLN01,2026-03-10T21:00:00Z,2026-03-10,21,4,0.5,149
FF-BLN01-2026-03-10T22,BLN01,2026-03-10T22:00:00Z,2026-03-10,22,2,0.5,149
FF-BLN01-2026-03-11T08,BLN01,2026-03-11T08:00:00Z,2026-03-11,8,2,0.5,175
FF-BLN01-2026-03-11T09,BLN01,2026-03-11T09:00:00Z,2026-03-11,9,2,0.5,178
FF-BLN01-2026-03-11T10,BLN01,2026-03-11T10:00:00Z,2026-03-11,10,3,0.6667,176
FF-BLN01-2026-03-11T11,BLN01,2026-03-11T11:00:00Z,2026-03-11,11,3,0.6667,166
FF-BLN01-2026-03-11T14,BLN01,2026-03-11T14:00:00Z,2026-03-11,14,4,0.5,175
FF-BLN01-2026-03-11T15,BLN01,2026-03-11T15:00:00Z,2026-03-11,15,4,0.5,209
FF-BLN01-2026-03-11T17,BLN01,2026-03-11T17:00:00Z,2026-03-11,17,7,0.5714,191
FF-BLN01-2026-03-11T18,BLN01,2026-03-11T18:00:00Z,2026-03-11,18,4,0.5,160
FF-BLN01-2026-03-11T19,BLN01,2026-03-11T19:00:00Z,2026-03-11,19,2,0.5,204
FF-BLN01-2026-03-11T20,BLN01,2026-03-11T20:00:00Z,2026-03-11,20,4,0.5,158
FF-BLN01-2026-03-11T21,BLN01,2026-03-11T21:00:00Z,2026-03-11,21,2,0.5,162
FF-BLN01-2026-03-11T22,BLN01,2026-03-11T22:00:00Z,2026-03-11,22,2,0.5,172
FF-BLN01-2026-03-12T08,BLN01,2026-03-12T08:00:00Z,2026-03-12,8,2,0.5,188
FF-BLN01-2026-03-12T09,BLN01,2026-03-12T09:00:00Z,2026-03-12,9,2,0.5,123
FF-BLN01-2026-03-12T10,BLN01,2026-03-12T10:00:00Z,2026-03-12,10,2,0.5,119
FF-BLN01-2026-03-12T11,BLN01,2026-03-12T11:00:00Z,2026-03-12,11,2,0.5,177
FF-BLN01-2026-03-12T12,BLN01,2026-03-12T12:00:00Z,2026-03-12,12,2,0.5,167
FF-BLN01-2026-03-12T13,BLN01,2026-03-12T13:00:00Z,2026-03-12,13,7,0.5714,161
FF-BLN01-2026-03-12T14,BLN01,2026-03-12T14:00:00Z,2026-03-12,14,9,0.4444,184
FF-BLN01-2026-03-12T15,BLN01,2026-03-12T15:00:00Z,2026-03-12,15,6,0.5,175
FF-BLN01-2026-03-12T16,BLN01,2026-03-12T16:00:00Z,2026-03-12,16,7,0.5714,203
FF-BLN01-2026-03-12T17,BLN01,2026-03-12T17:00:00Z,2026-03-12,17,4,0.5,126
FF-BLN01-2026-03-12T18,BLN01,2026-03-12T18:00:00Z,2026-03-12,18,3,0.6667,180
FF-BLN01-2026-03-12T19,BLN01,2026-03-12T19:00:00Z,2026-03-12,19,2,0.5,155
FF-BLN01-2026-03-12T20,BLN01,2026-03-12T20:00:00Z,2026-03-12,20,2,0.5,161
FF-BLN01-2026-03-12T21,BLN01,2026-03-12T21:00:00Z,2026-03-12,21,4,0.25,186
FF-BLN01-2026-03-12T22,BLN01,2026-03-12T22:00:00Z,2026-03-12,22,2,0.5,152
FF-BLN01-2026-03-13T08,BLN01,2026-03-13T08:00:00Z,2026-03-13,8,2,0.5,132
FF-BLN01-2026-03-13T10,BLN01,2026-03-13T10:00:00Z,2026-03-13,10,2,0.5,166
FF-BLN01-2026-03-13T11,BLN01,2026-03-13T11:00:00Z,2026-03-13,11,2,0.5,146
FF-BLN01-2026-03-13T12,BLN01,2026-03-13T12:00:00Z,2026-03-13,12,4,0.5,181
FF-BLN01-2026-03-13T13,BLN01,2026-03-13T13:00:00Z,2026-03-13,13,2,0.5,140
FF-BLN01-2026-03-13T14,BLN01,2026-03-13T14:00:00Z,2026-03-13,14,2,0.5,195
FF-BLN01-2026-03-13T15,BLN01,2026-03-13T15:00:00Z,2026-03-13,15,2,0.5,183
FF-BLN01-2026-03-13T16,BLN01,2026-03-13T16:00:00Z,2026-03-13,16,1,1.0,143
FF-BLN01-2026-03-13T17,BLN01,2026-03-13T17:00:00Z,2026-03-13,17,3,0.6667,182
FF-BLN01-2026-03-13T18,BLN01,2026-03-13T18:00:00Z,2026-03-13,18,2,0.5,174
FF-BLN01-2026-03-13T19,BLN01,2026-03-13T19:00:00Z,2026-03-13,19,2,0.5,172
FF-BLN01-2026-03-13T20,BLN01,2026-03-13T20:00:00Z,2026-03-13,20,3,0.3333,202
FF-BLN01-2026-03-14T13,BLN01,2026-03-14T13:00:00Z,2026-03-14,13,2,0.5,173
FF-BLN01-2026-03-14T14,BLN01,2026-03-14T14:00:00Z,2026-03-14,14,2,0.5,178
FF-BLN01-2026-03-14T17,BLN01,2026-03-14T17:00:00Z,2026-03-14,17,2,0.5,136
FF-BLN01-2026-03-15T12,BLN01,2026-03-15T12:00:00Z,2026-03-15,12,2,0.5,208
FF-BLN01-2026-03-15T13,BLN01,2026-03-15T13:00:00Z,2026-03-15,13,2,0.5,186
FF-BLN01-2026-03-15T14,BLN01,2026-03-15T14:00:00Z,2026-03-15,14,2,0.5,182
FF-BLN01-2026-03-15T16,BLN01,2026-03-15T16:00:00Z,2026-03-15,16,2,0.5,133
FF-BLN01-2026-03-15T17,BLN01,2026-03-15T17:00:00Z,2026-03-15,17,2,0.5,180
FF-BLN01-2026-03-15T18,BLN01,2026-03-15T18:00:00Z,2026-03-15,18,2,0.5,143
FF-BLN01-2026-03-15T19,BLN01,2026-03-15T19:00:00Z,2026-03-15,19,2,0.5,168
FF-BLN01-2026-03-15T21,BLN01,2026-03-15T21:00:00Z,2026-03-15,21,2,0.5,181
FF-BLN01-2026-03-16T08,BLN01,2026-03-16T08:00:00Z,2026-03-16,8,2,0.5,148
FF-BLN01-2026-03-16T09,BLN01,2026-03-16T09:00:00Z,2026-03-16,9,2,0.5,169
FF-BLN01-2026-03-16T10,BLN01,2026-03-16T10:00:00Z,2026-03-16,10,2,0.5,149
FF-BLN01-2026-03-16T11,BLN01,2026-03-16T11:00:00Z,2026-03-16,11,2,0.5,163
FF-BLN01-2026-03-16T12,BLN01,2026-03-16T12:00:00Z,2026-03-16,12,2,0.5,206
FF-BLN01-2026-03-16T13,BLN01,2026-03-16T13:00:00Z,2026-03-16,13,3,0.6667,172
FF-BLN01-2026-03-16T14,BLN01,2026-03-16T14:00:00Z,2026-03-16,14,3,0.6667,166
FF-BLN01-2026-03-16T15,BLN01,2026-03-16T15:00:00Z,2026-03-16,15,3,0.3333,156
FF-BLN01-2026-03-16T16,BLN01,2026-03-16T16:00:00Z,2026-03-16,16,3,0.6667,187
FF-BLN01-2026-03-16T17,BLN01,2026-03-16T17:00:00Z,2026-03-16,17,2,0.5,156
FF-BLN01-2026-03-16T18,BLN01,2026-03-16T18:00:00Z,2026-03-16,18,2,0.5,141
FF-BLN01-2026-03-16T19,BLN01,2026-03-16T19:00:00Z,2026-03-16,19,2,0.5,186
FF-BLN01-2026-03-16T20,BLN01,2026-03-16T20:00:00Z,2026-03-16,20,2,0.5,211
FF-BLN01-2026-03-16T21,BLN01,2026-03-16T21:00:00Z,2026-03-16,21,2,0.5,161
FF-BLN01-2026-03-16T22,BLN01,2026-03-16T22:00:00Z,2026-03-16,22,2,0.5,204
FF-BLN01-2026-03-17T10,BLN01,2026-03-17T10:00:00Z,2026-03-17,10,2,0.5,150
FF-BLN01-2026-03-17T11,BLN01,2026-03-17T11:00:00Z,2026-03-17,11,2,0.5,143
FF-BLN01-2026-03-17T12,BLN01,2026-03-17T12:00:00Z,2026-03-17,12,4,0.5,160
FF-BLN01-2026-03-17T13,BLN01,2026-03-17T13:00:00Z,2026-03-17,13,8,0.5,160
FF-BLN01-2026-03-17T14,BLN01,2026-03-17T14:00:00Z,2026-03-17,14,2,0.5,202
FF-BLN01-2026-03-17T15,BLN01,2026-03-17T15:00:00Z,2026-03-17,15,10,0.4,201
FF-BLN01-2026-03-17T16,BLN01,2026-03-17T16:00:00Z,2026-03-17,16,5,0.4,159
FF-BLN01-2026-03-17T17,BLN01,2026-03-17T17:00:00Z,2026-03-17,17,4,0.5,151
FF-BLN01-2026-03-17T18,BLN01,2026-03-17T18:00:00Z,2026-03-17,18,4,0.5,162
FF-BLN01-2026-03-17T19,BLN01,2026-03-17T19:00:00Z,2026-03-17,19,2,0.5,157
FF-BLN01-2026-03-17T20,BLN01,2026-03-17T20:00:00Z,2026-03-17,20,2,0.5,139
FF-BLN01-2026-03-17T21,BLN01,2026-03-17T21:00:00Z,2026-03-17,21,4,0.5,198
FF-BLN01-2026-03-17T22,BLN01,2026-03-17T22:00:00Z,2026-03-17,22,2,0.5,137
FF-BLN01-2026-03-18T08,BLN01,2026-03-18T08:00:00Z,2026-03-18,8,2,0.5,154
FF-BLN01-2026-03-18T09,BLN01,2026-03-18T09:00:00Z,2026-03-18,9,4,0.5,138
FF-BLN01-2026-03-18T10,BLN01,2026-03-18T10:00:00Z,2026-03-18,10,2,0.5,181
FF-BLN01-2026-03-18T11,BLN01,2026-03-18T11:00:00Z,2026-03-18,11,4,0.5,165
FF-BLN01-2026-03-18T12,BLN01,2026-03-18T12:00:00Z,2026-03-18,12,9,0.3333,184
FF-BLN01-2026-03-18T13,BLN01,2026-03-18T13:00:00Z,2026-03-18,13,9,0.6667,158
FF-BLN01-2026-03-18T14,BLN01,2026-03-18T14:00:00Z,2026-03-18,14,4,0.5,163
FF-BLN01-2026-03-18T15,BLN01,2026-03-18T15:00:00Z,2026-03-18,15,7,0.5714,189
FF-BLN01-2026-03-18T16,BLN01,2026-03-18T16:00:00Z,2026-03-18,16,11,0.4545,191
FF-BLN01-2026-03-18T17,BLN01,2026-03-18T17:00:00Z,2026-03-18,17,7,0.4286,160
FF-BLN01-2026-03-18T18,BLN01,2026-03-18T18:00:00Z,2026-03-18,18,12,0.4167,206
FF-BLN01-2026-03-18T19,BLN01,2026-03-18T19:00:00Z,2026-03-18,19,4,0.5,196
FF-BLN01-2026-03-18T20,BLN01,2026-03-18T20:00:00Z,2026-03-18,20,2,0.5,179
FF-BLN01-2026-03-18T21,BLN01,2026-03-18T21:00:00Z,2026-03-18,21,2,0.5,176
FF-BLN01-2026-03-18T22,BLN01,2026-03-18T22:00:00Z,2026-03-18,22,2,0.5,179
FF-BLN01-2026-03-19T09,BLN01,2026-03-19T09:00:00Z,2026-03-19,9,2,0.5,184
FF-BLN01-2026-03-19T10,BLN01,2026-03-19T10:00:00Z,2026-03-19,10,2,0.5,171
FF-BLN01-2026-03-19T11,BLN01,2026-03-19T11:00:00Z,2026-03-19,11,1,1.0,171
FF-BLN01-2026-03-19T12,BLN01,2026-03-19T12:00:00Z,2026-03-19,12,5,0.6,133
FF-BLN01-2026-03-19T13,BLN01,2026-03-19T13:00:00Z,2026-03-19,13,3,0.6667,167
FF-BLN01-2026-03-19T14,BLN01,2026-03-19T14:00:00Z,2026-03-19,14,8,0.5,169
FF-BLN01-2026-03-19T15,BLN01,2026-03-19T15:00:00Z,2026-03-19,15,5,0.6,181
FF-BLN01-2026-03-19T16,BLN01,2026-03-19T16:00:00Z,2026-03-19,16,4,0.5,191
FF-BLN01-2026-03-19T17,BLN01,2026-03-19T17:00:00Z,2026-03-19,17,5,0.6,175
FF-BLN01-2026-03-19T18,BLN01,2026-03-19T18:00:00Z,2026-03-19,18,4,0.5,147
FF-BLN01-2026-03-19T19,BLN01,2026-03-19T19:00:00Z,2026-03-19,19,2,0.5,153
FF-BLN01-2026-03-19T20,BLN01,2026-03-19T20:00:00Z,2026-03-19,20,2,0.5,155
FF-BLN01-2026-03-19T21,BLN01,2026-03-19T21:00:00Z,2026-03-19,21,2,0.5,130
FF-BLN01-2026-03-19T22,BLN01,2026-03-19T22:00:00Z,2026-03-19,22,2,0.5,164
FF-BLN01-2026-03-20T09,BLN01,2026-03-20T09:00:00Z,2026-03-20,9,1,1.0,176
FF-BLN01-2026-03-20T10,BLN01,2026-03-20T10:00:00Z,2026-03-20,10,2,0.5,190
FF-BLN01-2026-03-20T12,BLN01,2026-03-20T12:00:00Z,2026-03-20,12,2,0.5,193
FF-BLN01-2026-03-20T13,BLN01,2026-03-20T13:00:00Z,2026-03-20,13,3,0.6667,164
FF-BLN01-2026-03-20T14,BLN01,2026-03-20T14:00:00Z,2026-03-20,14,2,0.5,164
FF-BLN01-2026-03-20T15,BLN01,2026-03-20T15:00:00Z,2026-03-20,15,2,0.5,168
FF-BLN01-2026-03-20T16,BLN01,2026-03-20T16:00:00Z,2026-03-20,16,4,0.5,133
FF-BLN01-2026-03-20T17,BLN01,2026-03-20T17:00:00Z,2026-03-20,17,2,0.5,173
FF-BLN01-2026-03-20T19,BLN01,2026-03-20T19:00:00Z,2026-03-20,19,2,0.5,133
FF-BLN01-2026-03-20T21,BLN01,2026-03-20T21:00:00Z,2026-03-20,21,2,0.5,158
FF-BLN01-2026-03-21T12,BLN01,2026-03-21T12:00:00Z,2026-03-21,12,2,0.5,152
FF-BLN01-2026-03-21T13,BLN01,2026-03-21T13:00:00Z,2026-03-21,13,2,0.5,179
FF-BLN01-2026-03-21T14,BLN01,2026-03-21T14:00:00Z,2026-03-21,14,2,0.5,182
FF-BLN01-2026-03-21T15,BLN01,2026-03-21T15:00:00Z,2026-03-21,15,1,1.0,165
FF-BLN01-2026-03-21T16,BLN01,2026-03-21T16:00:00Z,2026-03-21,16,2,0.5,169
FF-BLN01-2026-03-21T17,BLN01,2026-03-21T17:00:00Z,2026-03-21,17,2,0.5,200
FF-BLN01-2026-03-21T18,BLN01,2026-03-21T18:00:00Z,2026-03-21,18,2,0.5,175
FF-BLN01-2026-03-22T09,BLN01,2026-03-22T09:00:00Z,2026-03-22,9,2,0.5,164
FF-BLN01-2026-03-22T10,BLN01,2026-03-22T10:00:00Z,2026-03-22,10,2,0.5,94
FF-BLN01-2026-03-22T11,BLN01,2026-03-22T11:00:00Z,2026-03-22,11,2,0.5,157
FF-BLN01-2026-03-22T12,BLN01,2026-03-22T12:00:00Z,2026-03-22,12,2,0.5,178
FF-BLN01-2026-03-22T13,BLN01,2026-03-22T13:00:00Z,2026-03-22,13,2,0.5,141
FF-BLN01-2026-03-22T14,BLN01,2026-03-22T14:00:00Z,2026-03-22,14,3,0.3333,186
FF-BLN01-2026-03-22T15,BLN01,2026-03-22T15:00:00Z,2026-03-22,15,2,0.5,171
FF-BLN01-2026-03-22T16,BLN01,2026-03-22T16:00:00Z,2026-03-22,16,4,0.5,165
FF-BLN01-2026-03-22T17,BLN01,2026-03-22T17:00:00Z,2026-03-22,17,2,0.5,153
FF-BLN01-2026-03-22T21,BLN01,2026-03-22T21:00:00Z,2026-03-22,21,2,0.5,180
FF-BLN01-2026-03-23T09,BLN01,2026-03-23T09:00:00Z,2026-03-23,9,2,0.5,168
FF-BLN01-2026-03-23T10,BLN01,2026-03-23T10:00:00Z,2026-03-23,10,2,0.5,166
FF-BLN01-2026-03-23T11,BLN01,2026-03-23T11:00:00Z,2026-03-23,11,2,0.5,154
FF-BLN01-2026-03-23T12,BLN01,2026-03-23T12:00:00Z,2026-03-23,12,3,0.6667,161
FF-BLN01-2026-03-23T13,BLN01,2026-03-23T13:00:00Z,2026-03-23,13,2,0.5,119
FF-BLN01-2026-03-23T14,BLN01,2026-03-23T14:00:00Z,2026-03-23,14,3,0.6667,144
FF-BLN01-2026-03-23T15,BLN01,2026-03-23T15:00:00Z,2026-03-23,15,2,0.5,132
FF-BLN01-2026-03-23T16,BLN01,2026-03-23T16:00:00Z,2026-03-23,16,5,0.4,164
FF-BLN01-2026-03-23T17,BLN01,2026-03-23T17:00:00Z,2026-03-23,17,4,0.5,186
FF-BLN01-2026-03-23T18,BLN01,2026-03-23T18:00:00Z,2026-03-23,18,4,0.5,163
FF-BLN01-2026-03-23T19,BLN01,2026-03-23T19:00:00Z,2026-03-23,19,2,0.5,161
FF-BLN01-2026-03-23T20,BLN01,2026-03-23T20:00:00Z,2026-03-23,20,2,0.5,170
FF-BLN01-2026-03-23T21,BLN01,2026-03-23T21:00:00Z,2026-03-23,21,2,0.5,143
FF-BLN01-2026-03-24T09,BLN01,2026-03-24T09:00:00Z,2026-03-24,9,2,0.5,170
FF-BLN01-2026-03-24T10,BLN01,2026-03-24T10:00:00Z,2026-03-24,10,1,1.0,164
FF-BLN01-2026-03-24T11,BLN01,2026-03-24T11:00:00Z,2026-03-24,11,2,0.5,166
FF-BLN01-2026-03-24T12,BLN01,2026-03-24T12:00:00Z,2026-03-24,12,9,0.5556,185
FF-BLN01-2026-03-24T13,BLN01,2026-03-24T13:00:00Z,2026-03-24,13,6,0.5,128
FF-BLN01-2026-03-24T14,BLN01,2026-03-24T14:00:00Z,2026-03-24,14,7,0.5714,137
FF-BLN01-2026-03-24T15,BLN01,2026-03-24T15:00:00Z,2026-03-24,15,5,0.4,148
FF-BLN01-2026-03-24T16,BLN01,2026-03-24T16:00:00Z,2026-03-24,16,2,0.5,144
FF-BLN01-2026-03-24T17,BLN01,2026-03-24T17:00:00Z,2026-03-24,17,6,0.5,126
FF-BLN01-2026-03-24T18,BLN01,2026-03-24T18:00:00Z,2026-03-24,18,5,0.4,147
FF-BLN01-2026-03-24T19,BLN01,2026-03-24T19:00:00Z,2026-03-24,19,4,0.5,179
FF-BLN01-2026-03-24T20,BLN01,2026-03-24T20:00:00Z,2026-03-24,20,2,0.5,154
FF-BLN01-2026-03-24T21,BLN01,2026-03-24T21:00:00Z,2026-03-24,21,2,0.5,146
FF-BLN01-2026-03-24T22,BLN01,2026-03-24T22:00:00Z,2026-03-24,22,2,0.5,142
FF-BLN01-2026-03-25T11,BLN01,2026-03-25T11:00:00Z,2026-03-25,11,2,0.5,204
FF-BLN01-2026-03-25T12,BLN01,2026-03-25T12:00:00Z,2026-03-25,12,3,0.6667,154
FF-BLN01-2026-03-25T13,BLN01,2026-03-25T13:00:00Z,2026-03-25,13,7,0.7143,139
FF-BLN01-2026-03-25T14,BLN01,2026-03-25T14:00:00Z,2026-03-25,14,4,0.5,133
FF-BLN01-2026-03-25T15,BLN01,2026-03-25T15:00:00Z,2026-03-25,15,4,0.5,162
FF-BLN01-2026-03-25T16,BLN01,2026-03-25T16:00:00Z,2026-03-25,16,2,0.5,159
FF-BLN01-2026-03-25T17,BLN01,2026-03-25T17:00:00Z,2026-03-25,17,8,0.625,176
FF-BLN01-2026-03-25T18,BLN01,2026-03-25T18:00:00Z,2026-03-25,18,6,0.5,162
FF-BLN01-2026-03-25T19,BLN01,2026-03-25T19:00:00Z,2026-03-25,19,2,0.5,173
FF-BLN01-2026-03-25T20,BLN01,2026-03-25T20:00:00Z,2026-03-25,20,2,0.5,139
FF-BLN01-2026-03-25T21,BLN01,2026-03-25T21:00:00Z,2026-03-25,21,4,0.5,165
FF-BLN01-2026-03-25T22,BLN01,2026-03-25T22:00:00Z,2026-03-25,22,2,0.5,160
FF-BLN01-2026-03-26T09,BLN01,2026-03-26T09:00:00Z,2026-03-26,9,2,0.5,177
FF-BLN01-2026-03-26T10,BLN01,2026-03-26T10:00:00Z,2026-03-26,10,2,0.5,150
FF-BLN01-2026-03-26T11,BLN01,2026-03-26T11:00:00Z,2026-03-26,11,4,0.25,157
FF-BLN01-2026-03-26T12,BLN01,2026-03-26T12:00:00Z,2026-03-26,12,4,0.5,165
FF-BLN01-2026-03-26T13,BLN01,2026-03-26T13:00:00Z,2026-03-26,13,2,0.5,190
FF-BLN01-2026-03-26T14,BLN01,2026-03-26T14:00:00Z,2026-03-26,14,9,0.4444,152
FF-BLN01-2026-03-26T16,BLN01,2026-03-26T16:00:00Z,2026-03-26,16,4,0.5,188
FF-BLN01-2026-03-26T17,BLN01,2026-03-26T17:00:00Z,2026-03-26,17,6,0.6667,148
FF-BLN01-2026-03-26T18,BLN01,2026-03-26T18:00:00Z,2026-03-26,18,5,0.4,171
FF-BLN01-2026-03-26T19,BLN01,2026-03-26T19:00:00Z,2026-03-26,19,2,0.5,164
FF-BLN01-2026-03-26T20,BLN01,2026-03-26T20:00:00Z,2026-03-26,20,3,0.6667,151
FF-BLN01-2026-03-26T21,BLN01,2026-03-26T21:00:00Z,2026-03-26,21,2,0.5,156
FF-BLN01-2026-03-27T09,BLN01,2026-03-27T09:00:00Z,2026-03-27,9,2,0.5,179
FF-BLN01-2026-03-27T10,BLN01,2026-03-27T10:00:00Z,2026-03-27,10,2,0.5,176
FF-BLN01-2026-03-27T11,BLN01,2026-03-27T11:00:00Z,2026-03-27,11,2,0.5,179
FF-BLN01-2026-03-27T12,BLN01,2026-03-27T12:00:00Z,2026-03-27,12,4,0.5,158
FF-BLN01-2026-03-27T13,BLN01,2026-03-27T13:00:00Z,2026-03-27,13,4,0.5,200
FF-BLN01-2026-03-27T14,BLN01,2026-03-27T14:00:00Z,2026-03-27,14,6,0.5,139
FF-BLN01-2026-03-27T15,BLN01,2026-03-27T15:00:00Z,2026-03-27,15,5,0.4,190
FF-BLN01-2026-03-27T16,BLN01,2026-03-27T16:00:00Z,2026-03-27,16,4,0.5,187
FF-BLN01-2026-03-27T17,BLN01,2026-03-27T17:00:00Z,2026-03-27,17,4,0.5,157
FF-BLN01-2026-03-27T18,BLN01,2026-03-27T18:00:00Z,2026-03-27,18,2,0.5,167
FF-BLN01-2026-03-27T19,BLN01,2026-03-27T19:00:00Z,2026-03-27,19,3,0.3333,218
FF-BLN01-2026-03-27T20,BLN01,2026-03-27T20:00:00Z,2026-03-27,20,2,0.5,196
FF-BLN01-2026-03-27T21,BLN01,2026-03-27T21:00:00Z,2026-03-27,21,2,0.5,200
FF-BLN01-2026-03-28T12,BLN01,2026-03-28T12:00:00Z,2026-03-28,12,2,0.5,165
FF-BLN01-2026-03-28T14,BLN01,2026-03-28T14:00:00Z,2026-03-28,14,2,0.5,146
FF-BLN01-2026-03-28T15,BLN01,2026-03-28T15:00:00Z,2026-03-28,15,1,1.0,196
FF-BLN01-2026-03-28T16,BLN01,2026-03-28T16:00:00Z,2026-03-28,16,2,0.5,182
FF-BLN01-2026-03-28T17,BLN01,2026-03-28T17:00:00Z,2026-03-28,17,2,0.5,204
FF-BLN01-2026-03-28T18,BLN01,2026-03-28T18:00:00Z,2026-03-28,18,1,1.0,172
FF-BLN01-2026-03-29T11,BLN01,2026-03-29T11:00:00Z,2026-03-29,11,2,0.5,134
FF-BLN01-2026-03-29T13,BLN01,2026-03-29T13:00:00Z,2026-03-29,13,2,0.5,161
FF-BLN01-2026-03-29T14,BLN01,2026-03-29T14:00:00Z,2026-03-29,14,2,0.5,168
FF-BLN01-2026-03-29T15,BLN01,2026-03-29T15:00:00Z,2026-03-29,15,2,0.5,142
FF-BLN01-2026-03-29T16,BLN01,2026-03-29T16:00:00Z,2026-03-29,16,4,0.5,180
FF-BLN01-2026-03-29T17,BLN01,2026-03-29T17:00:00Z,2026-03-29,17,2,0.5,177
FF-BLN01-2026-03-29T18,BLN01,2026-03-29T18:00:00Z,2026-03-29,18,2,0.5,152
FF-BLN01-2026-03-29T21,BLN01,2026-03-29T21:00:00Z,2026-03-29,21,3,0.3333,140
FF-BLN01-2026-03-30T08,BLN01,2026-03-30T08:00:00Z,2026-03-30,8,2,0.5,173
FF-BLN01-2026-03-30T09,BLN01,2026-03-30T09:00:00Z,2026-03-30,9,2,0.5,183
FF-BLN01-2026-03-30T10,BLN01,2026-03-30T10:00:00Z,2026-03-30,10,2,0.5,164
FF-BLN01-2026-03-30T11,BLN01,2026-03-30T11:00:00Z,2026-03-30,11,6,0.3333,155
FF-BLN01-2026-03-30T13,BLN01,2026-03-30T13:00:00Z,2026-03-30,13,10,0.4,160
FF-BLN01-2026-03-30T14,BLN01,2026-03-30T14:00:00Z,2026-03-30,14,3,0.6667,122
FF-BLN01-2026-03-30T15,BLN01,2026-03-30T15:00:00Z,2026-03-30,15,3,0.6667,163
FF-BLN01-2026-03-30T16,BLN01,2026-03-30T16:00:00Z,2026-03-30,16,2,0.5,219
FF-BLN01-2026-03-30T17,BLN01,2026-03-30T17:00:00Z,2026-03-30,17,2,0.5,150
FF-BLN01-2026-03-30T18,BLN01,2026-03-30T18:00:00Z,2026-03-30,18,5,0.4,162
FF-BLN01-2026-03-30T19,BLN01,2026-03-30T19:00:00Z,2026-03-30,19,2,0.5,178
FF-BLN01-2026-03-30T20,BLN01,2026-03-30T20:00:00Z,2026-03-30,20,2,0.5,168
FF-BLN01-2026-03-30T21,BLN01,2026-03-30T21:00:00Z,2026-03-30,21,2,0.5,175
FF-BLN01-2026-03-30T22,BLN01,2026-03-30T22:00:00Z,2026-03-30,22,3,0.3333,206
FF-BLN01-2026-03-31T09,BLN01,2026-03-31T09:00:00Z,2026-03-31,9,2,0.5,180
FF-BLN01-2026-03-31T10,BLN01,2026-03-31T10:00:00Z,2026-03-31,10,2,0.5,144
FF-BLN01-2026-03-31T11,BLN01,2026-03-31T11:00:00Z,2026-03-31,11,2,0.5,149
FF-BLN01-2026-03-31T12,BLN01,2026-03-31T12:00:00Z,2026-03-31,12,2,0.5,164
FF-BLN01-2026-03-31T13,BLN01,2026-03-31T13:00:00Z,2026-03-31,13,5,0.6,194
FF-BLN01-2026-03-31T14,BLN01,2026-03-31T14:00:00Z,2026-03-31,14,5,0.6,158
FF-BLN01-2026-03-31T15,BLN01,2026-03-31T15:00:00Z,2026-03-31,15,8,0.625,170
FF-BLN01-2026-03-31T16,BLN01,2026-03-31T16:00:00Z,2026-03-31,16,7,0.4286,179
FF-BLN01-2026-03-31T18,BLN01,2026-03-31T18:00:00Z,2026-03-31,18,4,0.5,173
FF-BLN01-2026-03-31T19,BLN01,2026-03-31T19:00:00Z,2026-03-31,19,2,0.5,155
FF-BLN01-2026-03-31T21,BLN01,2026-03-31T21:00:00Z,2026-03-31,21,2,0.5,158
FF-BLN01-2026-03-31T22,BLN01,2026-03-31T22:00:00Z,2026-03-31,22,2,0.5,176
FF-BLN01-2026-04-01T08,BLN01,2026-04-01T08:00:00Z,2026-04-01,8,3,0.3333,136
FF-BLN01-2026-04-01T09,BLN01,2026-04-01T09:00:00Z,2026-04-01,9,4,0.5,159
FF-BLN01-2026-04-01T10,BLN01,2026-04-01T10:00:00Z,2026-04-01,10,2,0.5,164
FF-BLN01-2026-04-01T11,BLN01,2026-04-01T11:00:00Z,2026-04-01,11,2,0.5,159
FF-BLN01-2026-04-01T12,BLN01,2026-04-01T12:00:00Z,2026-04-01,12,5,0.6,133
FF-BLN01-2026-04-01T13,BLN01,2026-04-01T13:00:00Z,2026-04-01,13,7,0.4286,179
FF-BLN01-2026-04-01T14,BLN01,2026-04-01T14:00:00Z,2026-04-01,14,3,0.6667,176
FF-BLN01-2026-04-01T15,BLN01,2026-04-01T15:00:00Z,2026-04-01,15,3,0.6667,168
FF-BLN01-2026-04-01T16,BLN01,2026-04-01T16:00:00Z,2026-04-01,16,5,0.6,188
FF-BLN01-2026-04-01T17,BLN01,2026-04-01T17:00:00Z,2026-04-01,17,5,0.6,204
FF-BLN01-2026-04-01T18,BLN01,2026-04-01T18:00:00Z,2026-04-01,18,3,0.6667,183
FF-BLN01-2026-04-01T19,BLN01,2026-04-01T19:00:00Z,2026-04-01,19,1,1.0,221
FF-BLN01-2026-04-01T20,BLN01,2026-04-01T20:00:00Z,2026-04-01,20,2,0.5,172
FF-BLN01-2026-04-01T21,BLN01,2026-04-01T21:00:00Z,2026-04-01,21,2,0.5,177
FF-BLN01-2026-04-02T09,BLN01,2026-04-02T09:00:00Z,2026-04-02,9,2,0.5,141
FF-BLN01-2026-04-02T11,BLN01,2026-04-02T11:00:00Z,2026-04-02,11,2,0.5,174
FF-BLN01-2026-04-02T12,BLN01,2026-04-02T12:00:00Z,2026-04-02,12,4,0.5,155
FF-BLN01-2026-04-02T13,BLN01,2026-04-02T13:00:00Z,2026-04-02,13,2,0.5,213
FF-BLN01-2026-04-02T14,BLN01,2026-04-02T14:00:00Z,2026-04-02,14,3,0.6667,168
FF-BLN01-2026-04-02T15,BLN01,2026-04-02T15:00:00Z,2026-04-02,15,2,0.5,160
FF-BLN01-2026-04-02T16,BLN01,2026-04-02T16:00:00Z,2026-04-02,16,6,0.5,181
FF-BLN01-2026-04-02T17,BLN01,2026-04-02T17:00:00Z,2026-04-02,17,4,0.5,166
FF-BLN01-2026-04-02T18,BLN01,2026-04-02T18:00:00Z,2026-04-02,18,3,0.6667,170
FF-BLN01-2026-04-02T19,BLN01,2026-04-02T19:00:00Z,2026-04-02,19,2,0.5,170
FF-BLN01-2026-04-02T20,BLN01,2026-04-02T20:00:00Z,2026-04-02,20,2,0.5,151
FF-BLN01-2026-04-02T21,BLN01,2026-04-02T21:00:00Z,2026-04-02,21,2,0.5,169
FF-BLN01-2026-04-03T08,BLN01,2026-04-03T08:00:00Z,2026-04-03,8,2,0.5,155
FF-BLN01-2026-04-03T09,BLN01,2026-04-03T09:00:00Z,2026-04-03,9,2,0.5,182
FF-BLN01-2026-04-03T10,BLN01,2026-04-03T10:00:00Z,2026-04-03,10,2,0.5,144
FF-BLN01-2026-04-03T11,BLN01,2026-04-03T11:00:00Z,2026-04-03,11,2,0.5,193
FF-BLN01-2026-04-03T12,BLN01,2026-04-03T12:00:00Z,2026-04-03,12,1,1.0,134
FF-BLN01-2026-04-03T13,BLN01,2026-04-03T13:00:00Z,2026-04-03,13,6,0.6667,167
FF-BLN01-2026-04-03T14,BLN01,2026-04-03T14:00:00Z,2026-04-03,14,2,0.5,160
FF-BLN01-2026-04-03T15,BLN01,2026-04-03T15:00:00Z,2026-04-03,15,2,1.0,177
FF-BLN01-2026-04-03T16,BLN01,2026-04-03T16:00:00Z,2026-04-03,16,2,0.5,138
FF-BLN01-2026-04-03T17,BLN01,2026-04-03T17:00:00Z,2026-04-03,17,1,1.0,186
FF-BLN01-2026-04-03T18,BLN01,2026-04-03T18:00:00Z,2026-04-03,18,2,0.5,218
FF-BLN01-2026-04-03T19,BLN01,2026-04-03T19:00:00Z,2026-04-03,19,2,0.5,182
FF-BLN01-2026-04-03T21,BLN01,2026-04-03T21:00:00Z,2026-04-03,21,2,0.5,157
FF-BLN01-2026-04-04T15,BLN01,2026-04-04T15:00:00Z,2026-04-04,15,2,0.5,152
FF-BLN01-2026-04-04T17,BLN01,2026-04-04T17:00:00Z,2026-04-04,17,2,0.5,121
FF-BLN01-2026-04-04T18,BLN01,2026-04-04T18:00:00Z,2026-04-04,18,2,0.5,163
FF-BLN01-2026-04-04T21,BLN01,2026-04-04T21:00:00Z,2026-04-04,21,2,0.5,156
FF-BLN01-2026-04-05T09,BLN01,2026-04-05T09:00:00Z,2026-04-05,9,2,0.5,168
FF-BLN01-2026-04-05T10,BLN01,2026-04-05T10:00:00Z,2026-04-05,10,2,0.5,180
FF-BLN01-2026-04-05T11,BLN01,2026-04-05T11:00:00Z,2026-04-05,11,2,0.5,143
FF-BLN01-2026-04-05T12,BLN01,2026-04-05T12:00:00Z,2026-04-05,12,2,0.5,179
FF-BLN01-2026-04-05T13,BLN01,2026-04-05T13:00:00Z,2026-04-05,13,2,0.5,180
FF-BLN01-2026-04-05T14,BLN01,2026-04-05T14:00:00Z,2026-04-05,14,2,0.5,169
FF-BLN01-2026-04-05T15,BLN01,2026-04-05T15:00:00Z,2026-04-05,15,4,0.5,163
FF-BLN01-2026-04-05T16,BLN01,2026-04-05T16:00:00Z,2026-04-05,16,3,0.3333,193
FF-BLN01-2026-04-05T17,BLN01,2026-04-05T17:00:00Z,2026-04-05,17,1,1.0,150
FF-BLN01-2026-04-05T18,BLN01,2026-04-05T18:00:00Z,2026-04-05,18,2,0.5,189
FF-BLN01-2026-04-05T20,BLN01,2026-04-05T20:00:00Z,2026-04-05,20,2,0.5,174
FF-BLN01-2026-04-06T08,BLN01,2026-04-06T08:00:00Z,2026-04-06,8,3,0.3333,169
FF-BLN01-2026-04-06T09,BLN01,2026-04-06T09:00:00Z,2026-04-06,9,2,0.5,108
FF-BLN01-2026-04-06T10,BLN01,2026-04-06T10:00:00Z,2026-04-06,10,2,0.5,152
FF-BLN01-2026-04-06T12,BLN01,2026-04-06T12:00:00Z,2026-04-06,12,7,0.4286,173
FF-BLN01-2026-04-06T13,BLN01,2026-04-06T13:00:00Z,2026-04-06,13,5,0.4,156
FF-BLN01-2026-04-06T14,BLN01,2026-04-06T14:00:00Z,2026-04-06,14,7,0.4286,149
FF-BLN01-2026-04-06T15,BLN01,2026-04-06T15:00:00Z,2026-04-06,15,2,0.5,183
FF-BLN01-2026-04-06T16,BLN01,2026-04-06T16:00:00Z,2026-04-06,16,4,0.5,171
FF-BLN01-2026-04-06T17,BLN01,2026-04-06T17:00:00Z,2026-04-06,17,2,0.5,195
FF-BLN01-2026-04-06T18,BLN01,2026-04-06T18:00:00Z,2026-04-06,18,2,0.5,186
FF-BLN01-2026-04-06T19,BLN01,2026-04-06T19:00:00Z,2026-04-06,19,2,0.5,160
FF-BLN01-2026-04-06T20,BLN01,2026-04-06T20:00:00Z,2026-04-06,20,2,0.5,177
FF-BLN01-2026-04-06T22,BLN01,2026-04-06T22:00:00Z,2026-04-06,22,2,0.5,165
FF-BLN01-2026-04-07T08,BLN01,2026-04-07T08:00:00Z,2026-04-07,8,2,0.5,161
FF-BLN01-2026-04-07T09,BLN01,2026-04-07T09:00:00Z,2026-04-07,9,2,0.5,123
FF-BLN01-2026-04-07T10,BLN01,2026-04-07T10:00:00Z,2026-04-07,10,2,0.5,171
FF-BLN01-2026-04-07T11,BLN01,2026-04-07T11:00:00Z,2026-04-07,11,2,0.5,142
FF-BLN01-2026-04-07T12,BLN01,2026-04-07T12:00:00Z,2026-04-07,12,5,0.6,168
FF-BLN01-2026-04-07T13,BLN01,2026-04-07T13:00:00Z,2026-04-07,13,10,0.6,218
FF-BLN01-2026-04-07T14,BLN01,2026-04-07T14:00:00Z,2026-04-07,14,11,0.4545,203
FF-BLN01-2026-04-07T15,BLN01,2026-04-07T15:00:00Z,2026-04-07,15,7,0.7143,162
FF-BLN01-2026-04-07T16,BLN01,2026-04-07T16:00:00Z,2026-04-07,16,7,0.4286,168
FF-BLN01-2026-04-07T17,BLN01,2026-04-07T17:00:00Z,2026-04-07,17,2,0.5,158
FF-BLN01-2026-04-07T18,BLN01,2026-04-07T18:00:00Z,2026-04-07,18,2,0.5,152
FF-BLN01-2026-04-07T20,BLN01,2026-04-07T20:00:00Z,2026-04-07,20,2,0.5,161
FF-BLN01-2026-04-07T21,BLN01,2026-04-07T21:00:00Z,2026-04-07,21,3,0.3333,123
FF-BLN01-2026-04-07T22,BLN01,2026-04-07T22:00:00Z,2026-04-07,22,2,0.5,148
FF-BLN01-2026-04-08T08,BLN01,2026-04-08T08:00:00Z,2026-04-08,8,1,1.0,189
FF-BLN01-2026-04-08T09,BLN01,2026-04-08T09:00:00Z,2026-04-08,9,2,0.5,158
FF-BLN01-2026-04-08T10,BLN01,2026-04-08T10:00:00Z,2026-04-08,10,3,0.6667,143
FF-BLN01-2026-04-08T11,BLN01,2026-04-08T11:00:00Z,2026-04-08,11,2,0.5,185
FF-BLN01-2026-04-08T12,BLN01,2026-04-08T12:00:00Z,2026-04-08,12,4,0.5,170
FF-BLN01-2026-04-08T14,BLN01,2026-04-08T14:00:00Z,2026-04-08,14,1,1.0,168
FF-BLN01-2026-04-08T15,BLN01,2026-04-08T15:00:00Z,2026-04-08,15,11,0.4545,187
FF-BLN01-2026-04-08T16,BLN01,2026-04-08T16:00:00Z,2026-04-08,16,2,0.5,152
FF-BLN01-2026-04-08T17,BLN01,2026-04-08T17:00:00Z,2026-04-08,17,3,0.6667,192
FF-BLN01-2026-04-08T18,BLN01,2026-04-08T18:00:00Z,2026-04-08,18,4,0.5,133
FF-BLN01-2026-04-08T19,BLN01,2026-04-08T19:00:00Z,2026-04-08,19,4,0.5,171
FF-BLN01-2026-04-08T20,BLN01,2026-04-08T20:00:00Z,2026-04-08,20,3,0.3333,184
FF-BLN01-2026-04-08T21,BLN01,2026-04-08T21:00:00Z,2026-04-08,21,2,0.5,154
FF-BLN01-2026-04-08T22,BLN01,2026-04-08T22:00:00Z,2026-04-08,22,2,0.5,201
FF-BLN01-2026-04-09T08,BLN01,2026-04-09T08:00:00Z,2026-04-09,8,2,0.5,149
FF-BLN01-2026-04-09T09,BLN01,2026-04-09T09:00:00Z,2026-04-09,9,1,1.0,193
FF-BLN01-2026-04-09T10,BLN01,2026-04-09T10:00:00Z,2026-04-09,10,3,0.3333,215
FF-BLN01-2026-04-09T11,BLN01,2026-04-09T11:00:00Z,2026-04-09,11,2,0.5,153
FF-BLN01-2026-04-09T13,BLN01,2026-04-09T13:00:00Z,2026-04-09,13,6,0.5,148
FF-BLN01-2026-04-09T14,BLN01,2026-04-09T14:00:00Z,2026-04-09,14,2,0.5,204
FF-BLN01-2026-04-09T15,BLN01,2026-04-09T15:00:00Z,2026-04-09,15,5,0.4,160
FF-BLN01-2026-04-09T16,BLN01,2026-04-09T16:00:00Z,2026-04-09,16,6,0.5,171
FF-BLN01-2026-04-09T17,BLN01,2026-04-09T17:00:00Z,2026-04-09,17,2,0.5,213
FF-BLN01-2026-04-09T18,BLN01,2026-04-09T18:00:00Z,2026-04-09,18,3,0.6667,158
FF-BLN01-2026-04-09T19,BLN01,2026-04-09T19:00:00Z,2026-04-09,19,2,0.5,164
FF-BLN01-2026-04-09T20,BLN01,2026-04-09T20:00:00Z,2026-04-09,20,2,0.5,206
FF-BLN01-2026-04-09T21,BLN01,2026-04-09T21:00:00Z,2026-04-09,21,2,0.5,164
FF-BLN01-2026-04-09T22,BLN01,2026-04-09T22:00:00Z,2026-04-09,22,2,0.5,159
FF-BLN01-2026-04-10T08,BLN01,2026-04-10T08:00:00Z,2026-04-10,8,2,0.5,177
FF-BLN01-2026-04-10T09,BLN01,2026-04-10T09:00:00Z,2026-04-10,9,2,0.5,153
FF-BLN01-2026-04-10T10,BLN01,2026-04-10T10:00:00Z,2026-04-10,10,1,1.0,202
FF-BLN01-2026-04-10T11,BLN01,2026-04-10T11:00:00Z,2026-04-10,11,2,0.5,168
FF-BLN01-2026-04-10T12,BLN01,2026-04-10T12:00:00Z,2026-04-10,12,3,0.6667,178
FF-BLN01-2026-04-10T13,BLN01,2026-04-10T13:00:00Z,2026-04-10,13,4,0.5,193
FF-BLN01-2026-04-10T14,BLN01,2026-04-10T14:00:00Z,2026-04-10,14,3,0.6667,191
FF-BLN01-2026-04-10T15,BLN01,2026-04-10T15:00:00Z,2026-04-10,15,2,0.5,186
FF-BLN01-2026-04-10T16,BLN01,2026-04-10T16:00:00Z,2026-04-10,16,4,0.5,174
FF-BLN01-2026-04-10T17,BLN01,2026-04-10T17:00:00Z,2026-04-10,17,4,0.5,138
FF-BLN01-2026-04-10T18,BLN01,2026-04-10T18:00:00Z,2026-04-10,18,4,0.5,150
FF-BLN01-2026-04-10T19,BLN01,2026-04-10T19:00:00Z,2026-04-10,19,2,0.5,173
FF-BLN01-2026-04-10T20,BLN01,2026-04-10T20:00:00Z,2026-04-10,20,2,0.5,159
FF-BLN01-2026-04-10T22,BLN01,2026-04-10T22:00:00Z,2026-04-10,22,2,0.5,189
FF-BLN01-2026-04-11T13,BLN01,2026-04-11T13:00:00Z,2026-04-11,13,2,0.5,150
FF-BLN01-2026-04-11T14,BLN01,2026-04-11T14:00:00Z,2026-04-11,14,2,0.5,187
FF-BLN01-2026-04-11T15,BLN01,2026-04-11T15:00:00Z,2026-04-11,15,2,0.5,176
FF-BLN01-2026-04-11T16,BLN01,2026-04-11T16:00:00Z,2026-04-11,16,2,0.5,150
FF-BLN01-2026-04-11T17,BLN01,2026-04-11T17:00:00Z,2026-04-11,17,2,0.5,190
FF-BLN01-2026-04-11T18,BLN01,2026-04-11T18:00:00Z,2026-04-11,18,2,0.5,168
FF-BLN01-2026-04-11T20,BLN01,2026-04-11T20:00:00Z,2026-04-11,20,2,0.5,173
FF-BLN01-2026-04-12T11,BLN01,2026-04-12T11:00:00Z,2026-04-12,11,2,0.5,170
FF-BLN01-2026-04-12T12,BLN01,2026-04-12T12:00:00Z,2026-04-12,12,2,0.5,187
FF-BLN01-2026-04-12T13,BLN01,2026-04-12T13:00:00Z,2026-04-12,13,2,0.5,188
FF-BLN01-2026-04-12T14,BLN01,2026-04-12T14:00:00Z,2026-04-12,14,2,0.5,151
FF-BLN01-2026-04-12T15,BLN01,2026-04-12T15:00:00Z,2026-04-12,15,3,0.3333,169
FF-BLN01-2026-04-12T16,BLN01,2026-04-12T16:00:00Z,2026-04-12,16,2,0.5,178
FF-BLN01-2026-04-13T08,BLN01,2026-04-13T08:00:00Z,2026-04-13,8,2,0.5,119
FF-BLN01-2026-04-13T10,BLN01,2026-04-13T10:00:00Z,2026-04-13,10,2,0.5,178
FF-BLN01-2026-04-13T12,BLN01,2026-04-13T12:00:00Z,2026-04-13,12,2,0.5,154
FF-BLN01-2026-04-13T13,BLN01,2026-04-13T13:00:00Z,2026-04-13,13,4,0.5,168
FF-BLN01-2026-04-13T14,BLN01,2026-04-13T14:00:00Z,2026-04-13,14,4,0.5,149
FF-BLN01-2026-04-13T15,BLN01,2026-04-13T15:00:00Z,2026-04-13,15,2,0.5,174
FF-BLN01-2026-04-13T16,BLN01,2026-04-13T16:00:00Z,2026-04-13,16,4,0.5,146
FF-BLN01-2026-04-13T17,BLN01,2026-04-13T17:00:00Z,2026-04-13,17,2,0.5,159
FF-BLN01-2026-04-13T18,BLN01,2026-04-13T18:00:00Z,2026-04-13,18,2,0.5,184
FF-BLN01-2026-04-13T19,BLN01,2026-04-13T19:00:00Z,2026-04-13,19,3,0.3333,161
FF-BLN01-2026-04-13T20,BLN01,2026-04-13T20:00:00Z,2026-04-13,20,2,0.5,204
FF-BLN01-2026-04-13T21,BLN01,2026-04-13T21:00:00Z,2026-04-13,21,2,0.5,179
FF-BLN01-2026-04-14T08,BLN01,2026-04-14T08:00:00Z,2026-04-14,8,2,0.5,181
FF-BLN01-2026-04-14T10,BLN01,2026-04-14T10:00:00Z,2026-04-14,10,4,0.5,181
FF-BLN01-2026-04-14T11,BLN01,2026-04-14T11:00:00Z,2026-04-14,11,2,0.5,162
FF-BLN01-2026-04-14T12,BLN01,2026-04-14T12:00:00Z,2026-04-14,12,2,0.5,173
FF-BLN01-2026-04-14T13,BLN01,2026-04-14T13:00:00Z,2026-04-14,13,2,0.5,128
FF-BLN01-2026-04-14T14,BLN01,2026-04-14T14:00:00Z,2026-04-14,14,10,0.4,155
FF-BLN01-2026-04-14T15,BLN01,2026-04-14T15:00:00Z,2026-04-14,15,6,0.6667,158
FF-BLN01-2026-04-14T16,BLN01,2026-04-14T16:00:00Z,2026-04-14,16,4,0.5,190
FF-BLN01-2026-04-14T17,BLN01,2026-04-14T17:00:00Z,2026-04-14,17,4,0.5,174
FF-BLN01-2026-04-14T18,BLN01,2026-04-14T18:00:00Z,2026-04-14,18,5,0.4,179
FF-BLN01-2026-04-14T19,BLN01,2026-04-14T19:00:00Z,2026-04-14,19,4,0.5,177
FF-BLN01-2026-04-14T20,BLN01,2026-04-14T20:00:00Z,2026-04-14,20,2,0.5,120
FF-BLN01-2026-04-14T21,BLN01,2026-04-14T21:00:00Z,2026-04-14,21,2,0.5,173
FF-BLN01-2026-04-14T22,BLN01,2026-04-14T22:00:00Z,2026-04-14,22,2,0.5,181
FF-BLN01-2026-04-15T08,BLN01,2026-04-15T08:00:00Z,2026-04-15,8,2,0.5,169
FF-BLN01-2026-04-15T09,BLN01,2026-04-15T09:00:00Z,2026-04-15,9,3,0.3333,171
FF-BLN01-2026-04-15T10,BLN01,2026-04-15T10:00:00Z,2026-04-15,10,3,0.3333,176
FF-BLN01-2026-04-15T11,BLN01,2026-04-15T11:00:00Z,2026-04-15,11,3,0.3333,185
FF-BLN01-2026-04-15T12,BLN01,2026-04-15T12:00:00Z,2026-04-15,12,4,0.5,177
FF-BLN01-2026-04-15T13,BLN01,2026-04-15T13:00:00Z,2026-04-15,13,3,0.6667,140
FF-BLN01-2026-04-15T14,BLN01,2026-04-15T14:00:00Z,2026-04-15,14,5,0.6,163
FF-BLN01-2026-04-15T15,BLN01,2026-04-15T15:00:00Z,2026-04-15,15,5,0.6,147
FF-BLN01-2026-04-15T16,BLN01,2026-04-15T16:00:00Z,2026-04-15,16,3,0.6667,132
FF-BLN01-2026-04-15T17,BLN01,2026-04-15T17:00:00Z,2026-04-15,17,5,0.4,201
FF-BLN01-2026-04-15T18,BLN01,2026-04-15T18:00:00Z,2026-04-15,18,2,0.5,156
FF-BLN01-2026-04-15T19,BLN01,2026-04-15T19:00:00Z,2026-04-15,19,4,0.5,147
FF-BLN01-2026-04-15T20,BLN01,2026-04-15T20:00:00Z,2026-04-15,20,2,0.5,194
FF-BLN01-2026-04-15T21,BLN01,2026-04-15T21:00:00Z,2026-04-15,21,4,0.5,166
FF-BLN01-2026-04-15T22,BLN01,2026-04-15T22:00:00Z,2026-04-15,22,2,0.5,171
FF-BLN01-2026-04-16T08,BLN01,2026-04-16T08:00:00Z,2026-04-16,8,2,0.5,163
FF-BLN01-2026-04-16T09,BLN01,2026-04-16T09:00:00Z,2026-04-16,9,2,0.5,160
FF-BLN01-2026-04-16T10,BLN01,2026-04-16T10:00:00Z,2026-04-16,10,2,0.5,147
FF-BLN01-2026-04-16T11,BLN01,2026-04-16T11:00:00Z,2026-04-16,11,2,0.5,154
FF-BLN01-2026-04-16T12,BLN01,2026-04-16T12:00:00Z,2026-04-16,12,4,0.5,193
FF-BLN01-2026-04-16T13,BLN01,2026-04-16T13:00:00Z,2026-04-16,13,3,0.6667,171
FF-BLN01-2026-04-16T14,BLN01,2026-04-16T14:00:00Z,2026-04-16,14,3,0.6667,144
FF-BLN01-2026-04-16T15,BLN01,2026-04-16T15:00:00Z,2026-04-16,15,6,0.5,175
FF-BLN01-2026-04-16T16,BLN01,2026-04-16T16:00:00Z,2026-04-16,16,3,0.6667,164
FF-BLN01-2026-04-16T17,BLN01,2026-04-16T17:00:00Z,2026-04-16,17,4,0.5,168
FF-BLN01-2026-04-16T18,BLN01,2026-04-16T18:00:00Z,2026-04-16,18,2,0.5,189
FF-BLN01-2026-04-16T19,BLN01,2026-04-16T19:00:00Z,2026-04-16,19,3,0.3333,185
FF-BLN01-2026-04-16T20,BLN01,2026-04-16T20:00:00Z,2026-04-16,20,2,0.5,189
FF-BLN01-2026-04-16T21,BLN01,2026-04-16T21:00:00Z,2026-04-16,21,3,0.3333,201
FF-BLN01-2026-04-16T22,BLN01,2026-04-16T22:00:00Z,2026-04-16,22,2,0.5,153
FF-BLN01-2026-04-17T11,BLN01,2026-04-17T11:00:00Z,2026-04-17,11,2,0.5,146
FF-BLN01-2026-04-17T12,BLN01,2026-04-17T12:00:00Z,2026-04-17,12,2,0.5,128
FF-BLN01-2026-04-17T13,BLN01,2026-04-17T13:00:00Z,2026-04-17,13,2,0.5,159
FF-BLN01-2026-04-17T14,BLN01,2026-04-17T14:00:00Z,2026-04-17,14,4,0.5,141
FF-BLN01-2026-04-17T15,BLN01,2026-04-17T15:00:00Z,2026-04-17,15,7,0.5714,158
FF-BLN01-2026-04-17T16,BLN01,2026-04-17T16:00:00Z,2026-04-17,16,2,0.5,201
FF-BLN01-2026-04-17T17,BLN01,2026-04-17T17:00:00Z,2026-04-17,17,7,0.5714,120
FF-BLN01-2026-04-17T19,BLN01,2026-04-17T19:00:00Z,2026-04-17,19,2,0.5,191
FF-BLN01-2026-04-17T21,BLN01,2026-04-17T21:00:00Z,2026-04-17,21,2,0.5,170
FF-BLN01-2026-04-17T22,BLN01,2026-04-17T22:00:00Z,2026-04-17,22,2,0.5,177
FF-BLN01-2026-04-18T13,BLN01,2026-04-18T13:00:00Z,2026-04-18,13,2,0.5,146
FF-BLN01-2026-04-18T14,BLN01,2026-04-18T14:00:00Z,2026-04-18,14,2,0.5,143
FF-BLN01-2026-04-18T15,BLN01,2026-04-18T15:00:00Z,2026-04-18,15,2,0.5,194
FF-BLN01-2026-04-18T16,BLN01,2026-04-18T16:00:00Z,2026-04-18,16,2,0.5,152
FF-BLN01-2026-04-18T17,BLN01,2026-04-18T17:00:00Z,2026-04-18,17,1,1.0,179
FF-BLN01-2026-04-18T18,BLN01,2026-04-18T18:00:00Z,2026-04-18,18,2,0.5,155
FF-BLN01-2026-04-19T11,BLN01,2026-04-19T11:00:00Z,2026-04-19,11,2,0.5,181
FF-BLN01-2026-04-19T12,BLN01,2026-04-19T12:00:00Z,2026-04-19,12,1,1.0,216
FF-BLN01-2026-04-19T13,BLN01,2026-04-19T13:00:00Z,2026-04-19,13,2,0.5,191
FF-BLN01-2026-04-19T14,BLN01,2026-04-19T14:00:00Z,2026-04-19,14,2,0.5,161
FF-BLN01-2026-04-19T15,BLN01,2026-04-19T15:00:00Z,2026-04-19,15,2,0.5,176
FF-BLN01-2026-04-19T16,BLN01,2026-04-19T16:00:00Z,2026-04-19,16,2,0.5,189
FF-BLN01-2026-04-19T17,BLN01,2026-04-19T17:00:00Z,2026-04-19,17,2,0.5,185
FF-BLN01-2026-04-19T18,BLN01,2026-04-19T18:00:00Z,2026-04-19,18,2,0.5,162
FF-BLN01-2026-04-19T19,BLN01,2026-04-19T19:00:00Z,2026-04-19,19,2,0.5,160
FF-BLN01-2026-04-19T20,BLN01,2026-04-19T20:00:00Z,2026-04-19,20,2,0.5,174
FF-BLN01-2026-04-19T21,BLN01,2026-04-19T21:00:00Z,2026-04-19,21,2,0.5,163
FF-BLN01-2026-04-20T09,BLN01,2026-04-20T09:00:00Z,2026-04-20,9,2,0.5,155
FF-BLN01-2026-04-20T10,BLN01,2026-04-20T10:00:00Z,2026-04-20,10,2,0.5,169
FF-BLN01-2026-04-20T11,BLN01,2026-04-20T11:00:00Z,2026-04-20,11,2,0.5,171
FF-BLN01-2026-04-20T12,BLN01,2026-04-20T12:00:00Z,2026-04-20,12,5,0.4,139
FF-BLN01-2026-04-20T13,BLN01,2026-04-20T13:00:00Z,2026-04-20,13,5,0.6,192
FF-BLN01-2026-04-20T14,BLN01,2026-04-20T14:00:00Z,2026-04-20,14,3,0.6667,160
FF-BLN01-2026-04-20T15,BLN01,2026-04-20T15:00:00Z,2026-04-20,15,2,0.5,184
FF-BLN01-2026-04-20T16,BLN01,2026-04-20T16:00:00Z,2026-04-20,16,2,0.5,138
FF-BLN01-2026-04-20T17,BLN01,2026-04-20T17:00:00Z,2026-04-20,17,9,0.5556,150
FF-BLN01-2026-04-20T18,BLN01,2026-04-20T18:00:00Z,2026-04-20,18,9,0.4444,186
FF-BLN01-2026-04-20T19,BLN01,2026-04-20T19:00:00Z,2026-04-20,19,3,0.6667,129
FF-BLN01-2026-04-20T20,BLN01,2026-04-20T20:00:00Z,2026-04-20,20,2,0.5,170
FF-BLN01-2026-04-20T21,BLN01,2026-04-20T21:00:00Z,2026-04-20,21,2,0.5,166
FF-BLN01-2026-04-21T08,BLN01,2026-04-21T08:00:00Z,2026-04-21,8,2,0.5,174
FF-BLN01-2026-04-21T09,BLN01,2026-04-21T09:00:00Z,2026-04-21,9,1,1.0,138
FF-BLN01-2026-04-21T10,BLN01,2026-04-21T10:00:00Z,2026-04-21,10,2,0.5,149
FF-BLN01-2026-04-21T12,BLN01,2026-04-21T12:00:00Z,2026-04-21,12,3,0.6667,156
FF-BLN01-2026-04-21T13,BLN01,2026-04-21T13:00:00Z,2026-04-21,13,8,0.625,207
FF-BLN01-2026-04-21T14,BLN01,2026-04-21T14:00:00Z,2026-04-21,14,3,0.6667,185
FF-BLN01-2026-04-21T15,BLN01,2026-04-21T15:00:00Z,2026-04-21,15,5,0.6,174
FF-BLN01-2026-04-21T16,BLN01,2026-04-21T16:00:00Z,2026-04-21,16,8,0.5,178
FF-BLN01-2026-04-21T17,BLN01,2026-04-21T17:00:00Z,2026-04-21,17,4,0.5,164
FF-BLN01-2026-04-21T18,BLN01,2026-04-21T18:00:00Z,2026-04-21,18,4,0.5,160
FF-BLN01-2026-04-21T19,BLN01,2026-04-21T19:00:00Z,2026-04-21,19,5,0.4,134
FF-BLN01-2026-04-21T20,BLN01,2026-04-21T20:00:00Z,2026-04-21,20,2,0.5,170
FF-BLN01-2026-04-21T21,BLN01,2026-04-21T21:00:00Z,2026-04-21,21,2,0.5,148
FF-BLN01-2026-04-21T22,BLN01,2026-04-21T22:00:00Z,2026-04-21,22,2,0.5,190
FF-BLN01-2026-04-22T08,BLN01,2026-04-22T08:00:00Z,2026-04-22,8,2,0.5,205
FF-BLN01-2026-04-22T09,BLN01,2026-04-22T09:00:00Z,2026-04-22,9,2,0.5,161
FF-BLN01-2026-04-22T10,BLN01,2026-04-22T10:00:00Z,2026-04-22,10,2,0.5,208
FF-BLN01-2026-04-22T11,BLN01,2026-04-22T11:00:00Z,2026-04-22,11,3,0.3333,150
FF-BLN01-2026-04-22T12,BLN01,2026-04-22T12:00:00Z,2026-04-22,12,3,0.6667,156
FF-BLN01-2026-04-22T13,BLN01,2026-04-22T13:00:00Z,2026-04-22,13,2,0.5,189
FF-BLN01-2026-04-22T14,BLN01,2026-04-22T14:00:00Z,2026-04-22,14,8,0.5,194
FF-BLN01-2026-04-22T15,BLN01,2026-04-22T15:00:00Z,2026-04-22,15,2,0.5,173
FF-BLN01-2026-04-22T16,BLN01,2026-04-22T16:00:00Z,2026-04-22,16,4,0.5,193
FF-BLN01-2026-04-22T17,BLN01,2026-04-22T17:00:00Z,2026-04-22,17,7,0.5714,175
FF-BLN01-2026-04-22T18,BLN01,2026-04-22T18:00:00Z,2026-04-22,18,5,0.6,174
FF-BLN01-2026-04-22T19,BLN01,2026-04-22T19:00:00Z,2026-04-22,19,2,0.5,195
FF-BLN01-2026-04-22T20,BLN01,2026-04-22T20:00:00Z,2026-04-22,20,1,1.0,127
FF-BLN01-2026-04-22T21,BLN01,2026-04-22T21:00:00Z,2026-04-22,21,3,0.6667,174
FF-BLN01-2026-04-22T22,BLN01,2026-04-22T22:00:00Z,2026-04-22,22,2,0.5,166
FF-BLN01-2026-04-23T09,BLN01,2026-04-23T09:00:00Z,2026-04-23,9,2,0.5,172
FF-BLN01-2026-04-23T10,BLN01,2026-04-23T10:00:00Z,2026-04-23,10,2,0.5,176
FF-BLN01-2026-04-23T11,BLN01,2026-04-23T11:00:00Z,2026-04-23,11,2,0.5,184
FF-BLN01-2026-04-23T12,BLN01,2026-04-23T12:00:00Z,2026-04-23,12,3,0.6667,175
FF-BLN01-2026-04-23T13,BLN01,2026-04-23T13:00:00Z,2026-04-23,13,1,1.0,175
FF-BLN01-2026-04-23T14,BLN01,2026-04-23T14:00:00Z,2026-04-23,14,4,0.75,156
FF-BLN01-2026-04-23T15,BLN01,2026-04-23T15:00:00Z,2026-04-23,15,2,0.5,173
FF-BLN01-2026-04-23T16,BLN01,2026-04-23T16:00:00Z,2026-04-23,16,2,0.5,180
FF-BLN01-2026-04-23T17,BLN01,2026-04-23T17:00:00Z,2026-04-23,17,2,0.5,150
FF-BLN01-2026-04-23T18,BLN01,2026-04-23T18:00:00Z,2026-04-23,18,4,0.5,167
FF-BLN01-2026-04-23T19,BLN01,2026-04-23T19:00:00Z,2026-04-23,19,4,0.5,177
FF-BLN01-2026-04-23T20,BLN01,2026-04-23T20:00:00Z,2026-04-23,20,2,0.5,147
FF-BLN01-2026-04-23T21,BLN01,2026-04-23T21:00:00Z,2026-04-23,21,2,0.5,180
FF-BLN01-2026-04-24T09,BLN01,2026-04-24T09:00:00Z,2026-04-24,9,3,0.3333,159
FF-BLN01-2026-04-24T13,BLN01,2026-04-24T13:00:00Z,2026-04-24,13,2,0.5,175
FF-BLN01-2026-04-24T14,BLN01,2026-04-24T14:00:00Z,2026-04-24,14,2,0.5,173
FF-BLN01-2026-04-24T15,BLN01,2026-04-24T15:00:00Z,2026-04-24,15,2,0.5,185
FF-BLN01-2026-04-24T16,BLN01,2026-04-24T16:00:00Z,2026-04-24,16,4,0.5,164
FF-BLN01-2026-04-24T17,BLN01,2026-04-24T17:00:00Z,2026-04-24,17,2,0.5,162
FF-BLN01-2026-04-24T18,BLN01,2026-04-24T18:00:00Z,2026-04-24,18,2,0.5,162
FF-BLN01-2026-04-24T19,BLN01,2026-04-24T19:00:00Z,2026-04-24,19,2,0.5,175
FF-BLN01-2026-04-24T20,BLN01,2026-04-24T20:00:00Z,2026-04-24,20,3,0.3333,161
FF-BLN01-2026-04-24T21,BLN01,2026-04-24T21:00:00Z,2026-04-24,21,2,0.5,184
FF-BLN01-2026-04-24T22,BLN01,2026-04-24T22:00:00Z,2026-04-24,22,1,1.0,183
FF-BLN01-2026-04-25T12,BLN01,2026-04-25T12:00:00Z,2026-04-25,12,2,0.5,126
FF-BLN01-2026-04-25T13,BLN01,2026-04-25T13:00:00Z,2026-04-25,13,2,0.5,185
FF-BLN01-2026-04-25T14,BLN01,2026-04-25T14:00:00Z,2026-04-25,14,2,0.5,185
FF-BLN01-2026-04-25T15,BLN01,2026-04-25T15:00:00Z,2026-04-25,15,2,0.5,122
FF-BLN01-2026-04-25T16,BLN01,2026-04-25T16:00:00Z,2026-04-25,16,1,1.0,179
FF-BLN01-2026-04-25T17,BLN01,2026-04-25T17:00:00Z,2026-04-25,17,2,0.5,157
FF-BLN01-2026-04-26T08,BLN01,2026-04-26T08:00:00Z,2026-04-26,8,2,0.5,165
FF-BLN01-2026-04-26T09,BLN01,2026-04-26T09:00:00Z,2026-04-26,9,2,0.5,154
FF-BLN01-2026-04-26T11,BLN01,2026-04-26T11:00:00Z,2026-04-26,11,2,0.5,181
FF-BLN01-2026-04-26T13,BLN01,2026-04-26T13:00:00Z,2026-04-26,13,2,0.5,135
FF-BLN01-2026-04-26T14,BLN01,2026-04-26T14:00:00Z,2026-04-26,14,2,0.5,169
FF-BLN01-2026-04-26T15,BLN01,2026-04-26T15:00:00Z,2026-04-26,15,5,0.4,177
FF-BLN01-2026-04-26T16,BLN01,2026-04-26T16:00:00Z,2026-04-26,16,3,0.6667,167
FF-BLN01-2026-04-26T17,BLN01,2026-04-26T17:00:00Z,2026-04-26,17,3,0.3333,219
FF-BLN01-2026-04-26T18,BLN01,2026-04-26T18:00:00Z,2026-04-26,18,2,0.5,167
FF-BLN01-2026-04-26T20,BLN01,2026-04-26T20:00:00Z,2026-04-26,20,2,0.5,169
FF-BLN01-2026-04-26T21,BLN01,2026-04-26T21:00:00Z,2026-04-26,21,2,0.5,154
FF-BLN01-2026-04-27T09,BLN01,2026-04-27T09:00:00Z,2026-04-27,9,2,0.5,134
FF-BLN01-2026-04-27T11,BLN01,2026-04-27T11:00:00Z,2026-04-27,11,2,0.5,144
FF-BLN01-2026-04-27T12,BLN01,2026-04-27T12:00:00Z,2026-04-27,12,5,0.4,144
FF-BLN01-2026-04-27T13,BLN01,2026-04-27T13:00:00Z,2026-04-27,13,3,0.6667,184
FF-BLN01-2026-04-27T14,BLN01,2026-04-27T14:00:00Z,2026-04-27,14,7,0.4286,156
FF-BLN01-2026-04-27T15,BLN01,2026-04-27T15:00:00Z,2026-04-27,15,6,0.3333,160
FF-BLN01-2026-04-27T16,BLN01,2026-04-27T16:00:00Z,2026-04-27,16,4,0.5,131
FF-BLN01-2026-04-27T17,BLN01,2026-04-27T17:00:00Z,2026-04-27,17,2,0.5,188
FF-BLN01-2026-04-27T18,BLN01,2026-04-27T18:00:00Z,2026-04-27,18,4,0.5,140
FF-BLN01-2026-04-27T20,BLN01,2026-04-27T20:00:00Z,2026-04-27,20,2,0.5,152
FF-BLN01-2026-04-27T21,BLN01,2026-04-27T21:00:00Z,2026-04-27,21,2,0.5,116
FF-BLN01-2026-04-27T22,BLN01,2026-04-27T22:00:00Z,2026-04-27,22,2,0.5,149
FF-BLN01-2026-04-28T09,BLN01,2026-04-28T09:00:00Z,2026-04-28,9,2,0.5,197
FF-BLN01-2026-04-28T11,BLN01,2026-04-28T11:00:00Z,2026-04-28,11,2,0.5,168
FF-BLN01-2026-04-28T12,BLN01,2026-04-28T12:00:00Z,2026-04-28,12,2,0.5,171
FF-BLN01-2026-04-28T13,BLN01,2026-04-28T13:00:00Z,2026-04-28,13,5,0.6,188
FF-BLN01-2026-04-28T14,BLN01,2026-04-28T14:00:00Z,2026-04-28,14,6,0.5,144
FF-BLN01-2026-04-28T15,BLN01,2026-04-28T15:00:00Z,2026-04-28,15,4,0.5,195
FF-BLN01-2026-04-28T16,BLN01,2026-04-28T16:00:00Z,2026-04-28,16,3,0.6667,155
FF-BLN01-2026-04-28T17,BLN01,2026-04-28T17:00:00Z,2026-04-28,17,4,0.5,198
FF-BLN01-2026-04-28T18,BLN01,2026-04-28T18:00:00Z,2026-04-28,18,6,0.5,171
FF-BLN01-2026-04-28T19,BLN01,2026-04-28T19:00:00Z,2026-04-28,19,2,0.5,180
FF-BLN01-2026-04-28T21,BLN01,2026-04-28T21:00:00Z,2026-04-28,21,2,0.5,185
FF-BLN01-2026-04-28T22,BLN01,2026-04-28T22:00:00Z,2026-04-28,22,2,0.5,178
FF-BLN01-2026-04-29T10,BLN01,2026-04-29T10:00:00Z,2026-04-29,10,3,0.3333,153
FF-BLN01-2026-04-29T12,BLN01,2026-04-29T12:00:00Z,2026-04-29,12,5,0.6,131
FF-BLN01-2026-04-29T13,BLN01,2026-04-29T13:00:00Z,2026-04-29,13,7,0.5714,168
FF-BLN01-2026-04-29T14,BLN01,2026-04-29T14:00:00Z,2026-04-29,14,3,0.3333,160
FF-BLN01-2026-04-29T15,BLN01,2026-04-29T15:00:00Z,2026-04-29,15,7,0.7143,177
FF-BLN01-2026-04-29T16,BLN01,2026-04-29T16:00:00Z,2026-04-29,16,6,0.6667,110
FF-BLN01-2026-04-29T17,BLN01,2026-04-29T17:00:00Z,2026-04-29,17,4,0.5,156
FF-BLN01-2026-04-29T18,BLN01,2026-04-29T18:00:00Z,2026-04-29,18,6,0.5,175
FF-BLN01-2026-04-29T19,BLN01,2026-04-29T19:00:00Z,2026-04-29,19,4,0.5,169
FF-BLN01-2026-04-29T20,BLN01,2026-04-29T20:00:00Z,2026-04-29,20,2,0.5,166
FF-BLN01-2026-04-29T21,BLN01,2026-04-29T21:00:00Z,2026-04-29,21,4,0.5,164
FF-BLN01-2026-04-30T08,BLN01,2026-04-30T08:00:00Z,2026-04-30,8,2,0.5,154
FF-BLN01-2026-04-30T09,BLN01,2026-04-30T09:00:00Z,2026-04-30,9,1,1.0,152
FF-BLN01-2026-04-30T10,BLN01,2026-04-30T10:00:00Z,2026-04-30,10,2,0.5,140
FF-BLN01-2026-04-30T11,BLN01,2026-04-30T11:00:00Z,2026-04-30,11,2,0.5,194
FF-BLN01-2026-04-30T12,BLN01,2026-04-30T12:00:00Z,2026-04-30,12,6,0.5,163
FF-BLN01-2026-04-30T13,BLN01,2026-04-30T13:00:00Z,2026-04-30,13,4,0.5,201
FF-BLN01-2026-04-30T14,BLN01,2026-04-30T14:00:00Z,2026-04-30,14,6,0.5,217
FF-BLN01-2026-04-30T15,BLN01,2026-04-30T15:00:00Z,2026-04-30,15,4,0.5,161
FF-BLN01-2026-04-30T16,BLN01,2026-04-30T16:00:00Z,2026-04-30,16,4,0.75,146
FF-BLN01-2026-04-30T17,BLN01,2026-04-30T17:00:00Z,2026-04-30,17,4,0.5,149
FF-BLN01-2026-04-30T18,BLN01,2026-04-30T18:00:00Z,2026-04-30,18,4,0.5,194
FF-BLN01-2026-04-30T19,BLN01,2026-04-30T19:00:00Z,2026-04-30,19,1,1.0,160
FF-BLN01-2026-04-30T20,BLN01,2026-04-30T20:00:00Z,2026-04-30,20,2,0.5,182
FF-BLN01-2026-04-30T21,BLN01,2026-04-30T21:00:00Z,2026-04-30,21,2,0.5,163
FF-BLN01-2026-04-30T22,BLN01,2026-04-30T22:00:00Z,2026-04-30,22,2,0.5,148
FF-BLN01-2026-05-01T10,BLN01,2026-05-01T10:00:00Z,2026-05-01,10,2,0.5,154
FF-BLN01-2026-05-01T11,BLN01,2026-05-01T11:00:00Z,2026-05-01,11,2,0.5,156
FF-BLN01-2026-05-01T12,BLN01,2026-05-01T12:00:00Z,2026-05-01,12,2,0.5,172
FF-BLN01-2026-05-01T13,BLN01,2026-05-01T13:00:00Z,2026-05-01,13,6,0.5,171
FF-BLN01-2026-05-01T14,BLN01,2026-05-01T14:00:00Z,2026-05-01,14,4,0.5,188
FF-BLN01-2026-05-01T16,BLN01,2026-05-01T16:00:00Z,2026-05-01,16,2,0.5,157
FF-BLN01-2026-05-01T18,BLN01,2026-05-01T18:00:00Z,2026-05-01,18,3,0.3333,187
FF-BLN01-2026-05-01T21,BLN01,2026-05-01T21:00:00Z,2026-05-01,21,1,1.0,184
FF-BLN01-2026-05-02T12,BLN01,2026-05-02T12:00:00Z,2026-05-02,12,3,0.3333,171
FF-BLN01-2026-05-02T13,BLN01,2026-05-02T13:00:00Z,2026-05-02,13,2,0.5,142
FF-BLN01-2026-05-02T14,BLN01,2026-05-02T14:00:00Z,2026-05-02,14,2,0.5,144
FF-BLN01-2026-05-02T16,BLN01,2026-05-02T16:00:00Z,2026-05-02,16,2,0.5,170
FF-BLN01-2026-05-02T17,BLN01,2026-05-02T17:00:00Z,2026-05-02,17,2,0.5,167
FF-BLN01-2026-05-02T18,BLN01,2026-05-02T18:00:00Z,2026-05-02,18,2,0.5,165
FF-BLN01-2026-05-03T08,BLN01,2026-05-03T08:00:00Z,2026-05-03,8,2,0.5,174
FF-BLN01-2026-05-03T10,BLN01,2026-05-03T10:00:00Z,2026-05-03,10,2,0.5,185
FF-BLN01-2026-05-03T11,BLN01,2026-05-03T11:00:00Z,2026-05-03,11,1,1.0,184
FF-BLN01-2026-05-03T12,BLN01,2026-05-03T12:00:00Z,2026-05-03,12,2,0.5,148
FF-BLN01-2026-05-03T13,BLN01,2026-05-03T13:00:00Z,2026-05-03,13,3,0.6667,127
FF-BLN01-2026-05-03T14,BLN01,2026-05-03T14:00:00Z,2026-05-03,14,2,0.5,204
FF-BLN01-2026-05-03T15,BLN01,2026-05-03T15:00:00Z,2026-05-03,15,5,0.4,182
FF-BLN01-2026-05-03T16,BLN01,2026-05-03T16:00:00Z,2026-05-03,16,2,0.5,183
FF-BLN01-2026-05-03T17,BLN01,2026-05-03T17:00:00Z,2026-05-03,17,2,0.5,168
FF-BLN01-2026-05-03T18,BLN01,2026-05-03T18:00:00Z,2026-05-03,18,2,0.5,147
FF-BLN01-2026-05-03T19,BLN01,2026-05-03T19:00:00Z,2026-05-03,19,2,0.5,190
FF-BLN01-2026-05-03T21,BLN01,2026-05-03T21:00:00Z,2026-05-03,21,2,0.5,220
FF-BLN01-2026-05-04T08,BLN01,2026-05-04T08:00:00Z,2026-05-04,8,2,0.5,164
FF-BLN01-2026-05-04T09,BLN01,2026-05-04T09:00:00Z,2026-05-04,9,2,0.5,171
FF-BLN01-2026-05-04T10,BLN01,2026-05-04T10:00:00Z,2026-05-04,10,1,1.0,180
FF-BLN01-2026-05-04T11,BLN01,2026-05-04T11:00:00Z,2026-05-04,11,2,0.5,184
FF-BLN01-2026-05-04T12,BLN01,2026-05-04T12:00:00Z,2026-05-04,12,5,0.4,153
FF-BLN01-2026-05-04T13,BLN01,2026-05-04T13:00:00Z,2026-05-04,13,5,0.4,149
FF-BLN01-2026-05-04T14,BLN01,2026-05-04T14:00:00Z,2026-05-04,14,2,0.5,172
FF-BLN01-2026-05-04T15,BLN01,2026-05-04T15:00:00Z,2026-05-04,15,8,0.5,160
FF-BLN01-2026-05-04T16,BLN01,2026-05-04T16:00:00Z,2026-05-04,16,7,0.5714,187
FF-BLN01-2026-05-04T17,BLN01,2026-05-04T17:00:00Z,2026-05-04,17,4,0.5,155
FF-BLN01-2026-05-04T18,BLN01,2026-05-04T18:00:00Z,2026-05-04,18,3,0.6667,162
FF-BLN01-2026-05-04T19,BLN01,2026-05-04T19:00:00Z,2026-05-04,19,2,0.5,146
FF-BLN01-2026-05-04T20,BLN01,2026-05-04T20:00:00Z,2026-05-04,20,2,0.5,184
FF-BLN01-2026-05-04T21,BLN01,2026-05-04T21:00:00Z,2026-05-04,21,2,0.5,180
FF-BLN01-2026-05-04T22,BLN01,2026-05-04T22:00:00Z,2026-05-04,22,2,0.5,178
FF-BLN01-2026-05-05T08,BLN01,2026-05-05T08:00:00Z,2026-05-05,8,2,0.5,149
FF-BLN01-2026-05-05T09,BLN01,2026-05-05T09:00:00Z,2026-05-05,9,2,0.5,175
FF-BLN01-2026-05-05T10,BLN01,2026-05-05T10:00:00Z,2026-05-05,10,3,0.6667,180
FF-BLN01-2026-05-05T11,BLN01,2026-05-05T11:00:00Z,2026-05-05,11,3,0.6667,198
FF-BLN01-2026-05-05T12,BLN01,2026-05-05T12:00:00Z,2026-05-05,12,4,0.5,182
FF-BLN01-2026-05-05T13,BLN01,2026-05-05T13:00:00Z,2026-05-05,13,4,0.5,164
FF-BLN01-2026-05-05T14,BLN01,2026-05-05T14:00:00Z,2026-05-05,14,5,0.6,149
FF-BLN01-2026-05-05T15,BLN01,2026-05-05T15:00:00Z,2026-05-05,15,7,0.5714,166
FF-BLN01-2026-05-05T16,BLN01,2026-05-05T16:00:00Z,2026-05-05,16,5,0.6,176
FF-BLN01-2026-05-05T17,BLN01,2026-05-05T17:00:00Z,2026-05-05,17,5,0.6,178
FF-BLN01-2026-05-05T18,BLN01,2026-05-05T18:00:00Z,2026-05-05,18,2,0.5,165
FF-BLN01-2026-05-05T19,BLN01,2026-05-05T19:00:00Z,2026-05-05,19,2,0.5,187
FF-BLN01-2026-05-05T20,BLN01,2026-05-05T20:00:00Z,2026-05-05,20,3,0.6667,195
FF-BLN01-2026-05-05T21,BLN01,2026-05-05T21:00:00Z,2026-05-05,21,4,0.5,202
FF-BLN01-2026-05-05T22,BLN01,2026-05-05T22:00:00Z,2026-05-05,22,1,1.0,182
FF-BLN01-2026-05-06T09,BLN01,2026-05-06T09:00:00Z,2026-05-06,9,1,1.0,197
FF-BLN01-2026-05-06T10,BLN01,2026-05-06T10:00:00Z,2026-05-06,10,1,1.0,172
FF-BLN01-2026-05-06T11,BLN01,2026-05-06T11:00:00Z,2026-05-06,11,3,0.3333,178
FF-BLN01-2026-05-06T12,BLN01,2026-05-06T12:00:00Z,2026-05-06,12,8,0.5,184
FF-BLN01-2026-05-06T13,BLN01,2026-05-06T13:00:00Z,2026-05-06,13,12,0.5,176
FF-BLN01-2026-05-06T14,BLN01,2026-05-06T14:00:00Z,2026-05-06,14,7,0.7143,160
FF-BLN01-2026-05-06T15,BLN01,2026-05-06T15:00:00Z,2026-05-06,15,4,0.5,161
FF-BLN01-2026-05-06T16,BLN01,2026-05-06T16:00:00Z,2026-05-06,16,6,0.5,162
FF-BLN01-2026-05-06T17,BLN01,2026-05-06T17:00:00Z,2026-05-06,17,2,0.5,175
FF-BLN01-2026-05-06T18,BLN01,2026-05-06T18:00:00Z,2026-05-06,18,6,0.5,180
FF-BLN01-2026-05-06T19,BLN01,2026-05-06T19:00:00Z,2026-05-06,19,2,0.5,208
FF-BLN01-2026-05-06T20,BLN01,2026-05-06T20:00:00Z,2026-05-06,20,3,0.6667,205
FF-BLN01-2026-05-06T21,BLN01,2026-05-06T21:00:00Z,2026-05-06,21,2,0.5,161
FF-BLN01-2026-05-06T22,BLN01,2026-05-06T22:00:00Z,2026-05-06,22,2,0.5,165
FF-BLN01-2026-05-07T09,BLN01,2026-05-07T09:00:00Z,2026-05-07,9,3,0.3333,182
FF-BLN01-2026-05-07T10,BLN01,2026-05-07T10:00:00Z,2026-05-07,10,2,0.5,183
FF-BLN01-2026-05-07T11,BLN01,2026-05-07T11:00:00Z,2026-05-07,11,2,0.5,128
FF-BLN01-2026-05-07T12,BLN01,2026-05-07T12:00:00Z,2026-05-07,12,2,0.5,165
FF-BLN01-2026-05-07T13,BLN01,2026-05-07T13:00:00Z,2026-05-07,13,12,0.4167,190
FF-BLN01-2026-05-07T14,BLN01,2026-05-07T14:00:00Z,2026-05-07,14,4,0.5,181
FF-BLN01-2026-05-07T15,BLN01,2026-05-07T15:00:00Z,2026-05-07,15,6,0.5,205
FF-BLN01-2026-05-07T16,BLN01,2026-05-07T16:00:00Z,2026-05-07,16,5,0.4,172
FF-BLN01-2026-05-07T17,BLN01,2026-05-07T17:00:00Z,2026-05-07,17,2,0.5,143
FF-BLN01-2026-05-07T18,BLN01,2026-05-07T18:00:00Z,2026-05-07,18,3,0.6667,163
FF-BLN01-2026-05-07T19,BLN01,2026-05-07T19:00:00Z,2026-05-07,19,4,0.5,155
FF-BLN01-2026-05-07T20,BLN01,2026-05-07T20:00:00Z,2026-05-07,20,2,0.5,141
FF-BLN01-2026-05-07T21,BLN01,2026-05-07T21:00:00Z,2026-05-07,21,2,0.5,155
FF-BLN01-2026-05-08T09,BLN01,2026-05-08T09:00:00Z,2026-05-08,9,2,0.5,193
FF-BLN01-2026-05-08T11,BLN01,2026-05-08T11:00:00Z,2026-05-08,11,1,1.0,179
FF-BLN01-2026-05-08T12,BLN01,2026-05-08T12:00:00Z,2026-05-08,12,2,0.5,183
FF-BLN01-2026-05-08T13,BLN01,2026-05-08T13:00:00Z,2026-05-08,13,2,0.5,172
FF-BLN01-2026-05-08T14,BLN01,2026-05-08T14:00:00Z,2026-05-08,14,2,0.5,153
FF-BLN01-2026-05-08T15,BLN01,2026-05-08T15:00:00Z,2026-05-08,15,2,0.5,214
FF-BLN01-2026-05-08T16,BLN01,2026-05-08T16:00:00Z,2026-05-08,16,2,0.5,156
FF-BLN01-2026-05-08T17,BLN01,2026-05-08T17:00:00Z,2026-05-08,17,3,0.6667,180
FF-BLN01-2026-05-08T18,BLN01,2026-05-08T18:00:00Z,2026-05-08,18,2,0.5,115
FF-BLN01-2026-05-08T19,BLN01,2026-05-08T19:00:00Z,2026-05-08,19,2,0.5,163
FF-BLN01-2026-05-08T20,BLN01,2026-05-08T20:00:00Z,2026-05-08,20,2,0.5,146
FF-BLN01-2026-05-08T21,BLN01,2026-05-08T21:00:00Z,2026-05-08,21,2,0.5,177
FF-BLN01-2026-05-09T13,BLN01,2026-05-09T13:00:00Z,2026-05-09,13,2,0.5,189
FF-BLN01-2026-05-09T14,BLN01,2026-05-09T14:00:00Z,2026-05-09,14,2,0.5,126
FF-BLN01-2026-05-09T15,BLN01,2026-05-09T15:00:00Z,2026-05-09,15,2,0.5,142
FF-BLN01-2026-05-09T16,BLN01,2026-05-09T16:00:00Z,2026-05-09,16,2,0.5,183
FF-BLN01-2026-05-10T12,BLN01,2026-05-10T12:00:00Z,2026-05-10,12,3,0.3333,166
FF-BLN01-2026-05-10T13,BLN01,2026-05-10T13:00:00Z,2026-05-10,13,1,1.0,178
FF-BLN01-2026-05-10T14,BLN01,2026-05-10T14:00:00Z,2026-05-10,14,2,0.5,186
FF-BLN01-2026-05-10T15,BLN01,2026-05-10T15:00:00Z,2026-05-10,15,2,0.5,192
FF-BLN01-2026-05-10T16,BLN01,2026-05-10T16:00:00Z,2026-05-10,16,2,0.5,200
FF-BLN01-2026-05-10T17,BLN01,2026-05-10T17:00:00Z,2026-05-10,17,2,0.5,153
FF-BLN01-2026-05-10T18,BLN01,2026-05-10T18:00:00Z,2026-05-10,18,2,0.5,194
FF-BLN01-2026-05-10T19,BLN01,2026-05-10T19:00:00Z,2026-05-10,19,3,0.3333,176
FF-BLN01-2026-05-11T08,BLN01,2026-05-11T08:00:00Z,2026-05-11,8,2,0.5,167
FF-BLN01-2026-05-11T10,BLN01,2026-05-11T10:00:00Z,2026-05-11,10,2,0.5,140
FF-BLN01-2026-05-11T11,BLN01,2026-05-11T11:00:00Z,2026-05-11,11,2,0.5,175
FF-BLN01-2026-05-11T12,BLN01,2026-05-11T12:00:00Z,2026-05-11,12,7,0.5714,154
FF-BLN01-2026-05-11T13,BLN01,2026-05-11T13:00:00Z,2026-05-11,13,8,0.5,176
FF-BLN01-2026-05-11T14,BLN01,2026-05-11T14:00:00Z,2026-05-11,14,5,0.6,209
FF-BLN01-2026-05-11T15,BLN01,2026-05-11T15:00:00Z,2026-05-11,15,5,0.4,213
FF-BLN01-2026-05-11T16,BLN01,2026-05-11T16:00:00Z,2026-05-11,16,2,0.5,139
FF-BLN01-2026-05-11T17,BLN01,2026-05-11T17:00:00Z,2026-05-11,17,1,1.0,156
FF-BLN01-2026-05-11T18,BLN01,2026-05-11T18:00:00Z,2026-05-11,18,2,0.5,177
FF-BLN01-2026-05-11T19,BLN01,2026-05-11T19:00:00Z,2026-05-11,19,2,0.5,182
FF-BLN01-2026-05-11T20,BLN01,2026-05-11T20:00:00Z,2026-05-11,20,2,0.5,192
FF-BLN01-2026-05-11T22,BLN01,2026-05-11T22:00:00Z,2026-05-11,22,2,0.5,150
FF-BLN01-2026-05-12T08,BLN01,2026-05-12T08:00:00Z,2026-05-12,8,2,0.5,150
FF-BLN01-2026-05-12T09,BLN01,2026-05-12T09:00:00Z,2026-05-12,9,2,0.5,172
FF-BLN01-2026-05-12T10,BLN01,2026-05-12T10:00:00Z,2026-05-12,10,2,0.5,154
FF-BLN01-2026-05-12T11,BLN01,2026-05-12T11:00:00Z,2026-05-12,11,4,0.5,166
FF-BLN01-2026-05-12T12,BLN01,2026-05-12T12:00:00Z,2026-05-12,12,7,0.5714,160
FF-BLN01-2026-05-12T13,BLN01,2026-05-12T13:00:00Z,2026-05-12,13,8,0.5,157
FF-BLN01-2026-05-12T14,BLN01,2026-05-12T14:00:00Z,2026-05-12,14,4,0.5,168
FF-BLN01-2026-05-12T15,BLN01,2026-05-12T15:00:00Z,2026-05-12,15,4,0.5,208
FF-BLN01-2026-05-12T16,BLN01,2026-05-12T16:00:00Z,2026-05-12,16,3,0.6667,166
FF-BLN01-2026-05-12T17,BLN01,2026-05-12T17:00:00Z,2026-05-12,17,6,0.6667,123
FF-BLN01-2026-05-12T18,BLN01,2026-05-12T18:00:00Z,2026-05-12,18,5,0.6,145
FF-BLN01-2026-05-12T19,BLN01,2026-05-12T19:00:00Z,2026-05-12,19,4,0.5,199
FF-BLN01-2026-05-12T20,BLN01,2026-05-12T20:00:00Z,2026-05-12,20,2,0.5,197
FF-BLN01-2026-05-12T21,BLN01,2026-05-12T21:00:00Z,2026-05-12,21,4,0.5,169
FF-BLN01-2026-05-13T08,BLN01,2026-05-13T08:00:00Z,2026-05-13,8,1,1.0,193
FF-BLN01-2026-05-13T09,BLN01,2026-05-13T09:00:00Z,2026-05-13,9,1,1.0,164
FF-BLN01-2026-05-13T11,BLN01,2026-05-13T11:00:00Z,2026-05-13,11,5,0.4,138
FF-BLN01-2026-05-13T12,BLN01,2026-05-13T12:00:00Z,2026-05-13,12,4,0.5,179
FF-BLN01-2026-05-13T13,BLN01,2026-05-13T13:00:00Z,2026-05-13,13,7,0.5714,154
FF-BLN01-2026-05-13T14,BLN01,2026-05-13T14:00:00Z,2026-05-13,14,9,0.5556,195
FF-BLN01-2026-05-13T15,BLN01,2026-05-13T15:00:00Z,2026-05-13,15,4,0.75,154
FF-BLN01-2026-05-13T16,BLN01,2026-05-13T16:00:00Z,2026-05-13,16,11,0.4545,162
FF-BLN01-2026-05-13T17,BLN01,2026-05-13T17:00:00Z,2026-05-13,17,7,0.5714,133
FF-BLN01-2026-05-13T18,BLN01,2026-05-13T18:00:00Z,2026-05-13,18,6,0.6667,174
FF-BLN01-2026-05-13T19,BLN01,2026-05-13T19:00:00Z,2026-05-13,19,2,0.5,205
FF-BLN01-2026-05-13T20,BLN01,2026-05-13T20:00:00Z,2026-05-13,20,5,0.4,185
FF-BLN01-2026-05-13T21,BLN01,2026-05-13T21:00:00Z,2026-05-13,21,3,0.3333,189
FF-BLN01-2026-05-13T22,BLN01,2026-05-13T22:00:00Z,2026-05-13,22,2,0.5,126
FF-BLN01-2026-05-14T08,BLN01,2026-05-14T08:00:00Z,2026-05-14,8,2,0.5,167
FF-BLN01-2026-05-14T09,BLN01,2026-05-14T09:00:00Z,2026-05-14,9,3,0.3333,177
FF-BLN01-2026-05-14T11,BLN01,2026-05-14T11:00:00Z,2026-05-14,11,2,0.5,180
FF-BLN01-2026-05-14T12,BLN01,2026-05-14T12:00:00Z,2026-05-14,12,7,0.5714,158
FF-BLN01-2026-05-14T13,BLN01,2026-05-14T13:00:00Z,2026-05-14,13,4,0.5,152
FF-BLN01-2026-05-14T14,BLN01,2026-05-14T14:00:00Z,2026-05-14,14,2,0.5,170
FF-BLN01-2026-05-14T15,BLN01,2026-05-14T15:00:00Z,2026-05-14,15,6,0.6667,125
FF-BLN01-2026-05-14T16,BLN01,2026-05-14T16:00:00Z,2026-05-14,16,3,0.6667,191
FF-BLN01-2026-05-14T17,BLN01,2026-05-14T17:00:00Z,2026-05-14,17,6,0.5,174
FF-BLN01-2026-05-14T18,BLN01,2026-05-14T18:00:00Z,2026-05-14,18,7,0.4286,180
FF-BLN01-2026-05-14T19,BLN01,2026-05-14T19:00:00Z,2026-05-14,19,2,0.5,162
FF-BLN01-2026-05-14T20,BLN01,2026-05-14T20:00:00Z,2026-05-14,20,2,0.5,166
FF-BLN01-2026-05-14T21,BLN01,2026-05-14T21:00:00Z,2026-05-14,21,2,0.5,165
FF-BLN01-2026-05-15T08,BLN01,2026-05-15T08:00:00Z,2026-05-15,8,2,0.5,162
FF-BLN01-2026-05-15T10,BLN01,2026-05-15T10:00:00Z,2026-05-15,10,2,0.5,194
FF-BLN01-2026-05-15T11,BLN01,2026-05-15T11:00:00Z,2026-05-15,11,2,0.5,146
FF-BLN01-2026-05-15T12,BLN01,2026-05-15T12:00:00Z,2026-05-15,12,2,0.5,132
FF-BLN01-2026-05-15T13,BLN01,2026-05-15T13:00:00Z,2026-05-15,13,2,0.5,207
FF-BLN01-2026-05-15T14,BLN01,2026-05-15T14:00:00Z,2026-05-15,14,2,0.5,174
FF-BLN01-2026-05-15T15,BLN01,2026-05-15T15:00:00Z,2026-05-15,15,4,0.5,166
FF-BLN01-2026-05-15T16,BLN01,2026-05-15T16:00:00Z,2026-05-15,16,4,0.5,165
FF-BLN01-2026-05-15T17,BLN01,2026-05-15T17:00:00Z,2026-05-15,17,2,0.5,148
FF-BLN01-2026-05-15T18,BLN01,2026-05-15T18:00:00Z,2026-05-15,18,2,0.5,173
FF-BLN01-2026-05-15T20,BLN01,2026-05-15T20:00:00Z,2026-05-15,20,2,0.5,130
FF-BLN01-2026-05-16T11,BLN01,2026-05-16T11:00:00Z,2026-05-16,11,2,0.5,171
FF-BLN01-2026-05-16T12,BLN01,2026-05-16T12:00:00Z,2026-05-16,12,2,0.5,165
FF-BLN01-2026-05-16T13,BLN01,2026-05-16T13:00:00Z,2026-05-16,13,2,0.5,177
FF-BLN01-2026-05-16T14,BLN01,2026-05-16T14:00:00Z,2026-05-16,14,2,0.5,181
FF-BLN01-2026-05-16T15,BLN01,2026-05-16T15:00:00Z,2026-05-16,15,2,0.5,192
FF-BLN01-2026-05-16T16,BLN01,2026-05-16T16:00:00Z,2026-05-16,16,2,0.5,160
FF-BLN01-2026-05-16T17,BLN01,2026-05-16T17:00:00Z,2026-05-16,17,2,0.5,176
FF-BLN01-2026-05-17T12,BLN01,2026-05-17T12:00:00Z,2026-05-17,12,2,0.5,184
FF-BLN01-2026-05-17T13,BLN01,2026-05-17T13:00:00Z,2026-05-17,13,4,0.5,181
FF-BLN01-2026-05-17T14,BLN01,2026-05-17T14:00:00Z,2026-05-17,14,2,0.5,144
FF-BLN01-2026-05-17T15,BLN01,2026-05-17T15:00:00Z,2026-05-17,15,2,0.5,219
FF-BLN01-2026-05-17T16,BLN01,2026-05-17T16:00:00Z,2026-05-17,16,2,0.5,166
FF-BLN01-2026-05-17T17,BLN01,2026-05-17T17:00:00Z,2026-05-17,17,2,0.5,163
FF-BLN01-2026-05-17T18,BLN01,2026-05-17T18:00:00Z,2026-05-17,18,2,0.5,160
FF-BLN01-2026-05-17T19,BLN01,2026-05-17T19:00:00Z,2026-05-17,19,2,0.5,180
FF-BLN01-2026-05-17T20,BLN01,2026-05-17T20:00:00Z,2026-05-17,20,2,0.5,207
FF-BLN01-2026-05-17T21,BLN01,2026-05-17T21:00:00Z,2026-05-17,21,2,0.5,145
FF-BLN01-2026-05-18T08,BLN01,2026-05-18T08:00:00Z,2026-05-18,8,2,0.5,118
FF-BLN01-2026-05-18T09,BLN01,2026-05-18T09:00:00Z,2026-05-18,9,2,0.5,169
FF-BLN01-2026-05-18T10,BLN01,2026-05-18T10:00:00Z,2026-05-18,10,2,0.5,190
FF-BLN01-2026-05-18T12,BLN01,2026-05-18T12:00:00Z,2026-05-18,12,4,0.5,180
FF-BLN01-2026-05-18T13,BLN01,2026-05-18T13:00:00Z,2026-05-18,13,11,0.5455,167
FF-BLN01-2026-05-18T14,BLN01,2026-05-18T14:00:00Z,2026-05-18,14,2,0.5,142
FF-BLN01-2026-05-18T15,BLN01,2026-05-18T15:00:00Z,2026-05-18,15,7,0.5714,140
FF-BLN01-2026-05-18T16,BLN01,2026-05-18T16:00:00Z,2026-05-18,16,12,0.4167,176
FF-BLN01-2026-05-18T17,BLN01,2026-05-18T17:00:00Z,2026-05-18,17,4,0.5,188
FF-BLN01-2026-05-18T18,BLN01,2026-05-18T18:00:00Z,2026-05-18,18,4,0.5,179
FF-BLN01-2026-05-18T19,BLN01,2026-05-18T19:00:00Z,2026-05-18,19,4,0.5,122
FF-BLN01-2026-05-18T20,BLN01,2026-05-18T20:00:00Z,2026-05-18,20,1,1.0,210
FF-BLN01-2026-05-18T21,BLN01,2026-05-18T21:00:00Z,2026-05-18,21,3,0.6667,179
FF-BLN01-2026-05-18T22,BLN01,2026-05-18T22:00:00Z,2026-05-18,22,2,0.5,191
FF-BLN01-2026-05-19T08,BLN01,2026-05-19T08:00:00Z,2026-05-19,8,2,0.5,169
FF-BLN01-2026-05-19T09,BLN01,2026-05-19T09:00:00Z,2026-05-19,9,2,0.5,135
FF-BLN01-2026-05-19T11,BLN01,2026-05-19T11:00:00Z,2026-05-19,11,2,0.5,170
FF-BLN01-2026-05-19T12,BLN01,2026-05-19T12:00:00Z,2026-05-19,12,5,0.4,166
FF-BLN01-2026-05-19T13,BLN01,2026-05-19T13:00:00Z,2026-05-19,13,2,0.5,154
FF-BLN01-2026-05-19T14,BLN01,2026-05-19T14:00:00Z,2026-05-19,14,2,0.5,154
FF-BLN01-2026-05-19T15,BLN01,2026-05-19T15:00:00Z,2026-05-19,15,4,0.5,177
FF-BLN01-2026-05-19T16,BLN01,2026-05-19T16:00:00Z,2026-05-19,16,3,0.6667,212
FF-BLN01-2026-05-19T17,BLN01,2026-05-19T17:00:00Z,2026-05-19,17,3,0.6667,152
FF-BLN01-2026-05-19T18,BLN01,2026-05-19T18:00:00Z,2026-05-19,18,3,0.6667,143
FF-BLN01-2026-05-19T19,BLN01,2026-05-19T19:00:00Z,2026-05-19,19,4,0.5,204
FF-BLN01-2026-05-19T20,BLN01,2026-05-19T20:00:00Z,2026-05-19,20,2,0.5,154
FF-BLN01-2026-05-19T21,BLN01,2026-05-19T21:00:00Z,2026-05-19,21,2,0.5,163
FF-BLN01-2026-05-19T22,BLN01,2026-05-19T22:00:00Z,2026-05-19,22,2,0.5,164
FF-BLN01-2026-05-20T08,BLN01,2026-05-20T08:00:00Z,2026-05-20,8,2,0.5,178
FF-BLN01-2026-05-20T10,BLN01,2026-05-20T10:00:00Z,2026-05-20,10,2,0.5,169
FF-BLN01-2026-05-20T12,BLN01,2026-05-20T12:00:00Z,2026-05-20,12,8,0.375,154
FF-BLN01-2026-05-20T13,BLN01,2026-05-20T13:00:00Z,2026-05-20,13,7,0.4286,139
FF-BLN01-2026-05-20T15,BLN01,2026-05-20T15:00:00Z,2026-05-20,15,5,0.6,169
FF-BLN01-2026-05-20T16,BLN01,2026-05-20T16:00:00Z,2026-05-20,16,6,0.5,173
FF-BLN01-2026-05-20T17,BLN01,2026-05-20T17:00:00Z,2026-05-20,17,2,0.5,177
FF-BLN01-2026-05-20T18,BLN01,2026-05-20T18:00:00Z,2026-05-20,18,2,0.5,149
FF-BLN01-2026-05-20T19,BLN01,2026-05-20T19:00:00Z,2026-05-20,19,3,0.3333,202
FF-BLN01-2026-05-20T20,BLN01,2026-05-20T20:00:00Z,2026-05-20,20,2,0.5,144
FF-BLN01-2026-05-20T21,BLN01,2026-05-20T21:00:00Z,2026-05-20,21,4,0.5,130
FF-BLN01-2026-05-21T08,BLN01,2026-05-21T08:00:00Z,2026-05-21,8,1,1.0,176
FF-BLN01-2026-05-21T09,BLN01,2026-05-21T09:00:00Z,2026-05-21,9,1,1.0,177
FF-BLN01-2026-05-21T10,BLN01,2026-05-21T10:00:00Z,2026-05-21,10,2,0.5,156
FF-BLN01-2026-05-21T11,BLN01,2026-05-21T11:00:00Z,2026-05-21,11,2,0.5,136
FF-BLN01-2026-05-21T12,BLN01,2026-05-21T12:00:00Z,2026-05-21,12,2,0.5,150
FF-BLN01-2026-05-21T13,BLN01,2026-05-21T13:00:00Z,2026-05-21,13,8,0.625,161
FF-BLN01-2026-05-21T14,BLN01,2026-05-21T14:00:00Z,2026-05-21,14,5,0.6,149
FF-BLN01-2026-05-21T15,BLN01,2026-05-21T15:00:00Z,2026-05-21,15,5,0.6,171
FF-BLN01-2026-05-21T16,BLN01,2026-05-21T16:00:00Z,2026-05-21,16,2,0.5,198
FF-BLN01-2026-05-21T17,BLN01,2026-05-21T17:00:00Z,2026-05-21,17,4,0.5,161
FF-BLN01-2026-05-21T19,BLN01,2026-05-21T19:00:00Z,2026-05-21,19,1,1.0,143
FF-BLN01-2026-05-21T20,BLN01,2026-05-21T20:00:00Z,2026-05-21,20,2,0.5,169
FF-BLN01-2026-05-21T21,BLN01,2026-05-21T21:00:00Z,2026-05-21,21,2,0.5,155
FF-BLN01-2026-05-21T22,BLN01,2026-05-21T22:00:00Z,2026-05-21,22,2,0.5,167
FF-BLN01-2026-05-22T09,BLN01,2026-05-22T09:00:00Z,2026-05-22,9,2,0.5,169
FF-BLN01-2026-05-22T10,BLN01,2026-05-22T10:00:00Z,2026-05-22,10,1,1.0,184
FF-BLN01-2026-05-22T11,BLN01,2026-05-22T11:00:00Z,2026-05-22,11,1,1.0,179
FF-BLN01-2026-05-22T12,BLN01,2026-05-22T12:00:00Z,2026-05-22,12,2,0.5,153
FF-BLN01-2026-05-22T13,BLN01,2026-05-22T13:00:00Z,2026-05-22,13,4,0.5,182
FF-BLN01-2026-05-22T14,BLN01,2026-05-22T14:00:00Z,2026-05-22,14,2,0.5,147
FF-BLN01-2026-05-22T15,BLN01,2026-05-22T15:00:00Z,2026-05-22,15,3,0.3333,182
FF-BLN01-2026-05-22T16,BLN01,2026-05-22T16:00:00Z,2026-05-22,16,5,0.6,172
FF-BLN01-2026-05-22T18,BLN01,2026-05-22T18:00:00Z,2026-05-22,18,2,0.5,184
FF-BLN01-2026-05-22T19,BLN01,2026-05-22T19:00:00Z,2026-05-22,19,2,0.5,172
FF-BLN01-2026-05-22T20,BLN01,2026-05-22T20:00:00Z,2026-05-22,20,2,0.5,158
FF-BLN01-2026-05-22T21,BLN01,2026-05-22T21:00:00Z,2026-05-22,21,1,1.0,176
FF-BLN01-2026-05-22T22,BLN01,2026-05-22T22:00:00Z,2026-05-22,22,2,0.5,155
FF-BLN01-2026-05-23T11,BLN01,2026-05-23T11:00:00Z,2026-05-23,11,2,0.5,154
FF-BLN01-2026-05-23T12,BLN01,2026-05-23T12:00:00Z,2026-05-23,12,2,0.5,165
FF-BLN01-2026-05-23T13,BLN01,2026-05-23T13:00:00Z,2026-05-23,13,2,0.5,180
FF-BLN01-2026-05-23T15,BLN01,2026-05-23T15:00:00Z,2026-05-23,15,2,0.5,126
FF-BLN01-2026-05-23T16,BLN01,2026-05-23T16:00:00Z,2026-05-23,16,2,0.5,165
FF-BLN01-2026-05-23T18,BLN01,2026-05-23T18:00:00Z,2026-05-23,18,2,0.5,167
FF-BLN01-2026-05-23T19,BLN01,2026-05-23T19:00:00Z,2026-05-23,19,2,0.5,155
FF-BLN01-2026-05-24T11,BLN01,2026-05-24T11:00:00Z,2026-05-24,11,1,1.0,154
FF-BLN01-2026-05-24T12,BLN01,2026-05-24T12:00:00Z,2026-05-24,12,4,0.5,192
FF-BLN01-2026-05-24T13,BLN01,2026-05-24T13:00:00Z,2026-05-24,13,2,0.5,198
FF-BLN01-2026-05-24T15,BLN01,2026-05-24T15:00:00Z,2026-05-24,15,4,0.5,147
FF-BLN01-2026-05-24T16,BLN01,2026-05-24T16:00:00Z,2026-05-24,16,3,0.6667,162
FF-BLN01-2026-05-24T17,BLN01,2026-05-24T17:00:00Z,2026-05-24,17,4,0.5,137
FF-BLN01-2026-05-24T18,BLN01,2026-05-24T18:00:00Z,2026-05-24,18,4,0.25,171
FF-BLN01-2026-05-24T19,BLN01,2026-05-24T19:00:00Z,2026-05-24,19,2,0.5,199
FF-BLN01-2026-05-24T20,BLN01,2026-05-24T20:00:00Z,2026-05-24,20,2,0.5,132
FF-BLN01-2026-05-25T09,BLN01,2026-05-25T09:00:00Z,2026-05-25,9,2,0.5,169
FF-BLN01-2026-05-25T10,BLN01,2026-05-25T10:00:00Z,2026-05-25,10,2,0.5,145
FF-BLN01-2026-05-25T11,BLN01,2026-05-25T11:00:00Z,2026-05-25,11,2,0.5,186
FF-BLN01-2026-05-25T12,BLN01,2026-05-25T12:00:00Z,2026-05-25,12,3,0.6667,146
FF-BLN01-2026-05-25T13,BLN01,2026-05-25T13:00:00Z,2026-05-25,13,5,0.6,203
FF-BLN01-2026-05-25T14,BLN01,2026-05-25T14:00:00Z,2026-05-25,14,3,0.6667,172
FF-BLN01-2026-05-25T15,BLN01,2026-05-25T15:00:00Z,2026-05-25,15,4,0.5,150
FF-BLN01-2026-05-25T16,BLN01,2026-05-25T16:00:00Z,2026-05-25,16,5,0.6,165
FF-BLN01-2026-05-25T17,BLN01,2026-05-25T17:00:00Z,2026-05-25,17,5,0.4,138
FF-BLN01-2026-05-25T18,BLN01,2026-05-25T18:00:00Z,2026-05-25,18,3,0.6667,154
FF-BLN01-2026-05-25T19,BLN01,2026-05-25T19:00:00Z,2026-05-25,19,4,0.5,159
FF-BLN01-2026-05-25T20,BLN01,2026-05-25T20:00:00Z,2026-05-25,20,2,0.5,146
FF-BLN01-2026-05-25T21,BLN01,2026-05-25T21:00:00Z,2026-05-25,21,2,0.5,170
FF-BLN01-2026-05-26T08,BLN01,2026-05-26T08:00:00Z,2026-05-26,8,2,0.5,177
FF-BLN01-2026-05-26T09,BLN01,2026-05-26T09:00:00Z,2026-05-26,9,2,0.5,159
FF-BLN01-2026-05-26T10,BLN01,2026-05-26T10:00:00Z,2026-05-26,10,2,0.5,147
FF-BLN01-2026-05-26T11,BLN01,2026-05-26T11:00:00Z,2026-05-26,11,1,1.0,186
FF-BLN01-2026-05-26T12,BLN01,2026-05-26T12:00:00Z,2026-05-26,12,2,0.5,163
FF-BLN01-2026-05-26T13,BLN01,2026-05-26T13:00:00Z,2026-05-26,13,6,0.6667,163
FF-BLN01-2026-05-26T14,BLN01,2026-05-26T14:00:00Z,2026-05-26,14,4,0.5,165
FF-BLN01-2026-05-26T15,BLN01,2026-05-26T15:00:00Z,2026-05-26,15,4,0.5,180
FF-BLN01-2026-05-26T16,BLN01,2026-05-26T16:00:00Z,2026-05-26,16,6,0.5,147
FF-BLN01-2026-05-26T18,BLN01,2026-05-26T18:00:00Z,2026-05-26,18,5,0.6,144
FF-BLN01-2026-05-26T19,BLN01,2026-05-26T19:00:00Z,2026-05-26,19,2,0.5,160
FF-BLN01-2026-05-26T21,BLN01,2026-05-26T21:00:00Z,2026-05-26,21,2,0.5,149
FF-BLN01-2026-05-27T09,BLN01,2026-05-27T09:00:00Z,2026-05-27,9,1,1.0,170
FF-BLN01-2026-05-27T10,BLN01,2026-05-27T10:00:00Z,2026-05-27,10,2,0.5,169
FF-BLN01-2026-05-27T11,BLN01,2026-05-27T11:00:00Z,2026-05-27,11,2,0.5,225
FF-BLN01-2026-05-27T12,BLN01,2026-05-27T12:00:00Z,2026-05-27,12,5,0.6,138
FF-BLN01-2026-05-27T13,BLN01,2026-05-27T13:00:00Z,2026-05-27,13,11,0.4545,175
FF-BLN01-2026-05-27T14,BLN01,2026-05-27T14:00:00Z,2026-05-27,14,4,0.5,172
FF-BLN01-2026-05-27T15,BLN01,2026-05-27T15:00:00Z,2026-05-27,15,6,0.5,184
FF-BLN01-2026-05-27T16,BLN01,2026-05-27T16:00:00Z,2026-05-27,16,5,0.6,144
FF-BLN01-2026-05-27T17,BLN01,2026-05-27T17:00:00Z,2026-05-27,17,4,0.5,163
FF-BLN01-2026-05-27T18,BLN01,2026-05-27T18:00:00Z,2026-05-27,18,7,0.5714,138
FF-BLN01-2026-05-27T19,BLN01,2026-05-27T19:00:00Z,2026-05-27,19,3,0.3333,157
FF-BLN01-2026-05-27T20,BLN01,2026-05-27T20:00:00Z,2026-05-27,20,2,0.5,185
FF-BLN01-2026-05-27T21,BLN01,2026-05-27T21:00:00Z,2026-05-27,21,2,0.5,147
FF-BLN01-2026-05-27T22,BLN01,2026-05-27T22:00:00Z,2026-05-27,22,1,1.0,150
FF-BLN01-2026-05-28T08,BLN01,2026-05-28T08:00:00Z,2026-05-28,8,2,0.5,184
FF-BLN01-2026-05-28T09,BLN01,2026-05-28T09:00:00Z,2026-05-28,9,3,0.6667,140
FF-BLN01-2026-05-28T10,BLN01,2026-05-28T10:00:00Z,2026-05-28,10,2,0.5,198
FF-BLN01-2026-05-28T11,BLN01,2026-05-28T11:00:00Z,2026-05-28,11,2,0.5,142
FF-BLN01-2026-05-28T12,BLN01,2026-05-28T12:00:00Z,2026-05-28,12,4,0.5,150
FF-BLN01-2026-05-28T13,BLN01,2026-05-28T13:00:00Z,2026-05-28,13,4,0.5,190
FF-BLN01-2026-05-28T14,BLN01,2026-05-28T14:00:00Z,2026-05-28,14,6,0.6667,147
FF-BLN01-2026-05-28T15,BLN01,2026-05-28T15:00:00Z,2026-05-28,15,3,0.6667,156
FF-BLN01-2026-05-28T16,BLN01,2026-05-28T16:00:00Z,2026-05-28,16,7,0.4286,200
FF-BLN01-2026-05-28T17,BLN01,2026-05-28T17:00:00Z,2026-05-28,17,6,0.6667,171
FF-BLN01-2026-05-28T18,BLN01,2026-05-28T18:00:00Z,2026-05-28,18,5,0.4,176
FF-BLN01-2026-05-28T19,BLN01,2026-05-28T19:00:00Z,2026-05-28,19,2,0.5,140
FF-BLN01-2026-05-28T20,BLN01,2026-05-28T20:00:00Z,2026-05-28,20,2,0.5,193
FF-BLN01-2026-05-28T21,BLN01,2026-05-28T21:00:00Z,2026-05-28,21,2,0.5,161
FF-BLN01-2026-05-28T22,BLN01,2026-05-28T22:00:00Z,2026-05-28,22,2,0.5,177
FF-BLN01-2026-05-29T08,BLN01,2026-05-29T08:00:00Z,2026-05-29,8,2,0.5,167
FF-BLN01-2026-05-29T09,BLN01,2026-05-29T09:00:00Z,2026-05-29,9,2,0.5,135
FF-BLN01-2026-05-29T12,BLN01,2026-05-29T12:00:00Z,2026-05-29,12,2,0.5,167
FF-BLN01-2026-05-29T13,BLN01,2026-05-29T13:00:00Z,2026-05-29,13,9,0.5556,128
FF-BLN01-2026-05-29T14,BLN01,2026-05-29T14:00:00Z,2026-05-29,14,5,0.6,162
FF-BLN01-2026-05-29T15,BLN01,2026-05-29T15:00:00Z,2026-05-29,15,6,0.5,174
FF-BLN01-2026-05-29T16,BLN01,2026-05-29T16:00:00Z,2026-05-29,16,2,0.5,165
FF-BLN01-2026-05-29T17,BLN01,2026-05-29T17:00:00Z,2026-05-29,17,1,1.0,226
FF-BLN01-2026-05-29T18,BLN01,2026-05-29T18:00:00Z,2026-05-29,18,4,0.5,141
FF-BLN01-2026-05-29T19,BLN01,2026-05-29T19:00:00Z,2026-05-29,19,2,0.5,194
FF-BLN01-2026-05-29T20,BLN01,2026-05-29T20:00:00Z,2026-05-29,20,2,0.5,168
FF-BLN01-2026-05-29T21,BLN01,2026-05-29T21:00:00Z,2026-05-29,21,2,0.5,149
FF-BLN01-2026-05-29T22,BLN01,2026-05-29T22:00:00Z,2026-05-29,22,2,0.5,161
FF-BLN01-2026-05-30T10,BLN01,2026-05-30T10:00:00Z,2026-05-30,10,2,0.5,173
FF-BLN01-2026-05-30T12,BLN01,2026-05-30T12:00:00Z,2026-05-30,12,2,0.5,117
FF-BLN01-2026-05-30T13,BLN01,2026-05-30T13:00:00Z,2026-05-30,13,3,0.3333,136
FF-BLN01-2026-05-30T14,BLN01,2026-05-30T14:00:00Z,2026-05-30,14,2,0.5,175
FF-BLN01-2026-05-30T16,BLN01,2026-05-30T16:00:00Z,2026-05-30,16,1,1.0,185
FF-BLN01-2026-05-31T12,BLN01,2026-05-31T12:00:00Z,2026-05-31,12,2,0.5,172
FF-BLN01-2026-05-31T13,BLN01,2026-05-31T13:00:00Z,2026-05-31,13,1,1.0,184
FF-BLN01-2026-05-31T14,BLN01,2026-05-31T14:00:00Z,2026-05-31,14,2,0.5,166
FF-BLN01-2026-05-31T15,BLN01,2026-05-31T15:00:00Z,2026-05-31,15,2,0.5,137
FF-BLN01-2026-05-31T16,BLN01,2026-05-31T16:00:00Z,2026-05-31,16,2,0.5,195
FF-BLN01-2026-05-31T17,BLN01,2026-05-31T17:00:00Z,2026-05-31,17,2,0.5,161
FF-BLN01-2026-05-31T18,BLN01,2026-05-31T18:00:00Z,2026-05-31,18,2,0.5,157
FF-BLN01-2026-06-01T08,BLN01,2026-06-01T08:00:00Z,2026-06-01,8,2,0.5,181
FF-BLN01-2026-06-01T09,BLN01,2026-06-01T09:00:00Z,2026-06-01,9,2,0.5,158
FF-BLN01-2026-06-01T10,BLN01,2026-06-01T10:00:00Z,2026-06-01,10,3,0.3333,190
FF-BLN01-2026-06-01T11,BLN01,2026-06-01T11:00:00Z,2026-06-01,11,2,0.5,184
FF-BLN01-2026-06-01T12,BLN01,2026-06-01T12:00:00Z,2026-06-01,12,1,1.0,190
FF-BLN01-2026-06-01T13,BLN01,2026-06-01T13:00:00Z,2026-06-01,13,2,0.5,161
FF-BLN01-2026-06-01T14,BLN01,2026-06-01T14:00:00Z,2026-06-01,14,4,0.5,175
FF-BLN01-2026-06-01T15,BLN01,2026-06-01T15:00:00Z,2026-06-01,15,2,0.5,186
FF-BLN01-2026-06-01T16,BLN01,2026-06-01T16:00:00Z,2026-06-01,16,3,0.6667,172
FF-BLN01-2026-06-01T17,BLN01,2026-06-01T17:00:00Z,2026-06-01,17,2,0.5,149
FF-BLN01-2026-06-01T18,BLN01,2026-06-01T18:00:00Z,2026-06-01,18,2,0.5,139
FF-BLN01-2026-06-01T19,BLN01,2026-06-01T19:00:00Z,2026-06-01,19,2,0.5,178
FF-BLN01-2026-06-01T20,BLN01,2026-06-01T20:00:00Z,2026-06-01,20,2,0.5,161
FF-BLN01-2026-06-01T22,BLN01,2026-06-01T22:00:00Z,2026-06-01,22,2,0.5,176
FF-BLN01-2026-06-02T08,BLN01,2026-06-02T08:00:00Z,2026-06-02,8,3,0.3333,166
FF-BLN01-2026-06-02T10,BLN01,2026-06-02T10:00:00Z,2026-06-02,10,2,0.5,181
FF-BLN01-2026-06-02T11,BLN01,2026-06-02T11:00:00Z,2026-06-02,11,2,0.5,179
FF-BLN01-2026-06-02T12,BLN01,2026-06-02T12:00:00Z,2026-06-02,12,7,0.4286,174
FF-BLN01-2026-06-02T13,BLN01,2026-06-02T13:00:00Z,2026-06-02,13,11,0.5455,157
FF-BLN01-2026-06-02T14,BLN01,2026-06-02T14:00:00Z,2026-06-02,14,2,0.5,176
FF-BLN01-2026-06-02T15,BLN01,2026-06-02T15:00:00Z,2026-06-02,15,2,0.5,144
FF-BLN01-2026-06-02T16,BLN01,2026-06-02T16:00:00Z,2026-06-02,16,4,0.75,187
FF-BLN01-2026-06-02T17,BLN01,2026-06-02T17:00:00Z,2026-06-02,17,6,0.6667,158
FF-BLN01-2026-06-02T18,BLN01,2026-06-02T18:00:00Z,2026-06-02,18,4,0.5,186
FF-BLN01-2026-06-02T19,BLN01,2026-06-02T19:00:00Z,2026-06-02,19,2,0.5,190
FF-BLN01-2026-06-02T20,BLN01,2026-06-02T20:00:00Z,2026-06-02,20,4,0.5,151
FF-BLN01-2026-06-02T21,BLN01,2026-06-02T21:00:00Z,2026-06-02,21,2,0.5,193
FF-BLN01-2026-06-02T22,BLN01,2026-06-02T22:00:00Z,2026-06-02,22,3,0.3333,178
FF-BLN01-2026-06-03T08,BLN01,2026-06-03T08:00:00Z,2026-06-03,8,2,0.5,159
FF-BLN01-2026-06-03T10,BLN01,2026-06-03T10:00:00Z,2026-06-03,10,2,0.5,179
FF-BLN01-2026-06-03T11,BLN01,2026-06-03T11:00:00Z,2026-06-03,11,1,1.0,152
FF-BLN01-2026-06-03T12,BLN01,2026-06-03T12:00:00Z,2026-06-03,12,2,0.5,136
FF-BLN01-2026-06-03T13,BLN01,2026-06-03T13:00:00Z,2026-06-03,13,4,0.5,151
FF-BLN01-2026-06-03T14,BLN01,2026-06-03T14:00:00Z,2026-06-03,14,3,0.6667,194
FF-BLN01-2026-06-03T15,BLN01,2026-06-03T15:00:00Z,2026-06-03,15,5,0.6,190
FF-BLN01-2026-06-03T16,BLN01,2026-06-03T16:00:00Z,2026-06-03,16,4,0.5,153
FF-BLN01-2026-06-03T17,BLN01,2026-06-03T17:00:00Z,2026-06-03,17,12,0.4167,149
FF-BLN01-2026-06-03T18,BLN01,2026-06-03T18:00:00Z,2026-06-03,18,2,0.5,151
FF-BLN01-2026-06-03T19,BLN01,2026-06-03T19:00:00Z,2026-06-03,19,4,0.5,148
FF-BLN01-2026-06-03T20,BLN01,2026-06-03T20:00:00Z,2026-06-03,20,1,1.0,130
FF-BLN01-2026-06-03T21,BLN01,2026-06-03T21:00:00Z,2026-06-03,21,2,0.5,175
FF-BLN01-2026-06-03T22,BLN01,2026-06-03T22:00:00Z,2026-06-03,22,2,0.5,152
FF-BLN01-2026-06-04T09,BLN01,2026-06-04T09:00:00Z,2026-06-04,9,2,0.5,153
FF-BLN01-2026-06-04T10,BLN01,2026-06-04T10:00:00Z,2026-06-04,10,2,0.5,167
FF-BLN01-2026-06-04T11,BLN01,2026-06-04T11:00:00Z,2026-06-04,11,2,0.5,143
FF-BLN01-2026-06-04T12,BLN01,2026-06-04T12:00:00Z,2026-06-04,12,2,0.5,157
FF-BLN01-2026-06-04T13,BLN01,2026-06-04T13:00:00Z,2026-06-04,13,7,0.5714,168
FF-BLN01-2026-06-04T14,BLN01,2026-06-04T14:00:00Z,2026-06-04,14,5,0.4,155
FF-BLN01-2026-06-04T15,BLN01,2026-06-04T15:00:00Z,2026-06-04,15,6,0.5,130
FF-BLN01-2026-06-04T16,BLN01,2026-06-04T16:00:00Z,2026-06-04,16,11,0.4545,167
FF-BLN01-2026-06-04T17,BLN01,2026-06-04T17:00:00Z,2026-06-04,17,3,0.6667,181
FF-BLN01-2026-06-04T18,BLN01,2026-06-04T18:00:00Z,2026-06-04,18,2,0.5,206
FF-BLN01-2026-06-04T19,BLN01,2026-06-04T19:00:00Z,2026-06-04,19,4,0.5,126
FF-BLN01-2026-06-04T20,BLN01,2026-06-04T20:00:00Z,2026-06-04,20,2,0.5,182
FF-BLN01-2026-06-04T21,BLN01,2026-06-04T21:00:00Z,2026-06-04,21,3,0.6667,187
FF-BLN01-2026-06-04T22,BLN01,2026-06-04T22:00:00Z,2026-06-04,22,2,0.5,177
FF-BLN01-2026-06-05T09,BLN01,2026-06-05T09:00:00Z,2026-06-05,9,2,0.5,169
FF-BLN01-2026-06-05T10,BLN01,2026-06-05T10:00:00Z,2026-06-05,10,2,0.5,162
FF-BLN01-2026-06-05T11,BLN01,2026-06-05T11:00:00Z,2026-06-05,11,2,0.5,176
FF-BLN01-2026-06-05T12,BLN01,2026-06-05T12:00:00Z,2026-06-05,12,2,0.5,204
FF-BLN01-2026-06-05T13,BLN01,2026-06-05T13:00:00Z,2026-06-05,13,2,0.5,148
FF-BLN01-2026-06-05T14,BLN01,2026-06-05T14:00:00Z,2026-06-05,14,4,0.5,186
FF-BLN01-2026-06-05T15,BLN01,2026-06-05T15:00:00Z,2026-06-05,15,6,0.5,188
FF-BLN01-2026-06-05T16,BLN01,2026-06-05T16:00:00Z,2026-06-05,16,4,0.5,174
FF-BLN01-2026-06-05T17,BLN01,2026-06-05T17:00:00Z,2026-06-05,17,4,0.5,159
FF-BLN01-2026-06-05T18,BLN01,2026-06-05T18:00:00Z,2026-06-05,18,2,0.5,165
FF-BLN01-2026-06-05T20,BLN01,2026-06-05T20:00:00Z,2026-06-05,20,2,0.5,189
FF-BLN01-2026-06-05T21,BLN01,2026-06-05T21:00:00Z,2026-06-05,21,2,0.5,157
FF-BLN01-2026-06-06T13,BLN01,2026-06-06T13:00:00Z,2026-06-06,13,1,1.0,156
FF-BLN01-2026-06-06T14,BLN01,2026-06-06T14:00:00Z,2026-06-06,14,2,0.5,159
FF-BLN01-2026-06-06T15,BLN01,2026-06-06T15:00:00Z,2026-06-06,15,1,1.0,183
FF-BLN01-2026-06-06T17,BLN01,2026-06-06T17:00:00Z,2026-06-06,17,2,0.5,168
FF-BLN01-2026-06-06T18,BLN01,2026-06-06T18:00:00Z,2026-06-06,18,2,0.5,153
FF-BLN01-2026-06-06T21,BLN01,2026-06-06T21:00:00Z,2026-06-06,21,2,0.5,163
FF-BLN01-2026-06-07T12,BLN01,2026-06-07T12:00:00Z,2026-06-07,12,2,0.5,155
FF-BLN01-2026-06-07T13,BLN01,2026-06-07T13:00:00Z,2026-06-07,13,2,0.5,161
FF-BLN01-2026-06-07T14,BLN01,2026-06-07T14:00:00Z,2026-06-07,14,2,0.5,195
FF-BLN01-2026-06-07T15,BLN01,2026-06-07T15:00:00Z,2026-06-07,15,2,0.5,159
FF-BLN01-2026-06-07T17,BLN01,2026-06-07T17:00:00Z,2026-06-07,17,2,0.5,161
FF-BLN01-2026-06-07T18,BLN01,2026-06-07T18:00:00Z,2026-06-07,18,3,0.3333,197
FF-BLN01-2026-06-08T08,BLN01,2026-06-08T08:00:00Z,2026-06-08,8,3,0.3333,161
FF-BLN01-2026-06-08T09,BLN01,2026-06-08T09:00:00Z,2026-06-08,9,2,0.5,188
FF-BLN01-2026-06-08T10,BLN01,2026-06-08T10:00:00Z,2026-06-08,10,2,0.5,169
FF-BLN01-2026-06-08T11,BLN01,2026-06-08T11:00:00Z,2026-06-08,11,2,0.5,199
FF-BLN01-2026-06-08T12,BLN01,2026-06-08T12:00:00Z,2026-06-08,12,6,0.5,139
FF-BLN01-2026-06-08T13,BLN01,2026-06-08T13:00:00Z,2026-06-08,13,7,0.4286,163
FF-BLN01-2026-06-08T14,BLN01,2026-06-08T14:00:00Z,2026-06-08,14,10,0.5,165
FF-BLN01-2026-06-08T15,BLN01,2026-06-08T15:00:00Z,2026-06-08,15,10,0.4,184
FF-BLN01-2026-06-08T16,BLN01,2026-06-08T16:00:00Z,2026-06-08,16,7,0.4286,174
FF-BLN01-2026-06-08T17,BLN01,2026-06-08T17:00:00Z,2026-06-08,17,10,0.5,150
FF-BLN01-2026-06-08T18,BLN01,2026-06-08T18:00:00Z,2026-06-08,18,3,0.6667,142
FF-BLN01-2026-06-08T19,BLN01,2026-06-08T19:00:00Z,2026-06-08,19,2,0.5,204
FF-BLN01-2026-06-08T20,BLN01,2026-06-08T20:00:00Z,2026-06-08,20,2,0.5,127
FF-BLN01-2026-06-08T21,BLN01,2026-06-08T21:00:00Z,2026-06-08,21,2,0.5,175
FF-BLN01-2026-06-08T22,BLN01,2026-06-08T22:00:00Z,2026-06-08,22,2,0.5,183
FF-BLN01-2026-06-09T08,BLN01,2026-06-09T08:00:00Z,2026-06-09,8,2,0.5,186
FF-BLN01-2026-06-09T09,BLN01,2026-06-09T09:00:00Z,2026-06-09,9,2,0.5,199
FF-BLN01-2026-06-09T10,BLN01,2026-06-09T10:00:00Z,2026-06-09,10,2,0.5,172
FF-BLN01-2026-06-09T11,BLN01,2026-06-09T11:00:00Z,2026-06-09,11,4,0.5,199
FF-BLN01-2026-06-09T12,BLN01,2026-06-09T12:00:00Z,2026-06-09,12,3,0.6667,187
FF-BLN01-2026-06-09T13,BLN01,2026-06-09T13:00:00Z,2026-06-09,13,8,0.625,174
FF-BLN01-2026-06-09T14,BLN01,2026-06-09T14:00:00Z,2026-06-09,14,8,0.625,160
FF-BLN01-2026-06-09T15,BLN01,2026-06-09T15:00:00Z,2026-06-09,15,7,0.5714,196
FF-BLN01-2026-06-09T16,BLN01,2026-06-09T16:00:00Z,2026-06-09,16,7,0.4286,182
FF-BLN01-2026-06-09T17,BLN01,2026-06-09T17:00:00Z,2026-06-09,17,5,0.6,193
FF-BLN01-2026-06-09T18,BLN01,2026-06-09T18:00:00Z,2026-06-09,18,2,0.5,171
FF-BLN01-2026-06-09T19,BLN01,2026-06-09T19:00:00Z,2026-06-09,19,5,0.4,163
FF-BLN01-2026-06-09T20,BLN01,2026-06-09T20:00:00Z,2026-06-09,20,4,0.5,184
FF-BLN01-2026-06-09T21,BLN01,2026-06-09T21:00:00Z,2026-06-09,21,2,0.5,191
FF-BLN01-2026-06-09T22,BLN01,2026-06-09T22:00:00Z,2026-06-09,22,2,0.5,180
FF-BLN01-2026-06-10T08,BLN01,2026-06-10T08:00:00Z,2026-06-10,8,2,0.5,205
FF-BLN01-2026-06-10T09,BLN01,2026-06-10T09:00:00Z,2026-06-10,9,2,0.5,177
FF-BLN01-2026-06-10T10,BLN01,2026-06-10T10:00:00Z,2026-06-10,10,1,1.0,169
FF-BLN01-2026-06-10T11,BLN01,2026-06-10T11:00:00Z,2026-06-10,11,2,0.5,171
FF-BLN01-2026-06-10T12,BLN01,2026-06-10T12:00:00Z,2026-06-10,12,6,0.5,149
FF-BLN01-2026-06-10T13,BLN01,2026-06-10T13:00:00Z,2026-06-10,13,8,0.625,144
FF-BLN01-2026-06-10T14,BLN01,2026-06-10T14:00:00Z,2026-06-10,14,5,0.4,142
FF-BLN01-2026-06-10T16,BLN01,2026-06-10T16:00:00Z,2026-06-10,16,6,0.6667,187
FF-BLN01-2026-06-10T17,BLN01,2026-06-10T17:00:00Z,2026-06-10,17,8,0.5,174
FF-BLN01-2026-06-10T18,BLN01,2026-06-10T18:00:00Z,2026-06-10,18,3,0.6667,154
FF-BLN01-2026-06-10T19,BLN01,2026-06-10T19:00:00Z,2026-06-10,19,4,0.5,196
FF-BLN01-2026-06-10T20,BLN01,2026-06-10T20:00:00Z,2026-06-10,20,2,0.5,171
FF-BLN01-2026-06-10T21,BLN01,2026-06-10T21:00:00Z,2026-06-10,21,2,0.5,128
FF-BLN01-2026-06-10T22,BLN01,2026-06-10T22:00:00Z,2026-06-10,22,1,1.0,182
FF-BLN01-2026-06-11T08,BLN01,2026-06-11T08:00:00Z,2026-06-11,8,2,0.5,169
FF-BLN01-2026-06-11T09,BLN01,2026-06-11T09:00:00Z,2026-06-11,9,2,0.5,186
FF-BLN01-2026-06-11T10,BLN01,2026-06-11T10:00:00Z,2026-06-11,10,2,0.5,163
FF-BLN01-2026-06-11T11,BLN01,2026-06-11T11:00:00Z,2026-06-11,11,1,1.0,181
FF-BLN01-2026-06-11T13,BLN01,2026-06-11T13:00:00Z,2026-06-11,13,6,0.5,147
FF-BLN01-2026-06-11T14,BLN01,2026-06-11T14:00:00Z,2026-06-11,14,7,0.5714,183
FF-BLN01-2026-06-11T16,BLN01,2026-06-11T16:00:00Z,2026-06-11,16,9,0.4444,172
FF-BLN01-2026-06-11T17,BLN01,2026-06-11T17:00:00Z,2026-06-11,17,3,0.6667,155
FF-BLN01-2026-06-11T18,BLN01,2026-06-11T18:00:00Z,2026-06-11,18,5,0.4,207
FF-BLN01-2026-06-11T19,BLN01,2026-06-11T19:00:00Z,2026-06-11,19,2,0.5,157
FF-BLN01-2026-06-11T20,BLN01,2026-06-11T20:00:00Z,2026-06-11,20,3,0.3333,171
FF-BLN01-2026-06-11T21,BLN01,2026-06-11T21:00:00Z,2026-06-11,21,2,0.5,179
FF-BLN01-2026-06-11T22,BLN01,2026-06-11T22:00:00Z,2026-06-11,22,2,0.5,152
FF-BLN01-2026-06-12T09,BLN01,2026-06-12T09:00:00Z,2026-06-12,9,2,0.5,180
FF-BLN01-2026-06-12T10,BLN01,2026-06-12T10:00:00Z,2026-06-12,10,1,1.0,188
FF-BLN01-2026-06-12T11,BLN01,2026-06-12T11:00:00Z,2026-06-12,11,2,0.5,165
FF-BLN01-2026-06-12T12,BLN01,2026-06-12T12:00:00Z,2026-06-12,12,3,0.6667,180
FF-BLN01-2026-06-12T13,BLN01,2026-06-12T13:00:00Z,2026-06-12,13,2,0.5,161
FF-BLN01-2026-06-12T14,BLN01,2026-06-12T14:00:00Z,2026-06-12,14,4,0.5,183
FF-BLN01-2026-06-12T15,BLN01,2026-06-12T15:00:00Z,2026-06-12,15,3,0.3333,214
FF-BLN01-2026-06-12T17,BLN01,2026-06-12T17:00:00Z,2026-06-12,17,5,0.4,165
FF-BLN01-2026-06-12T18,BLN01,2026-06-12T18:00:00Z,2026-06-12,18,1,1.0,142
FF-BLN01-2026-06-12T19,BLN01,2026-06-12T19:00:00Z,2026-06-12,19,2,0.5,217
FF-BLN01-2026-06-12T20,BLN01,2026-06-12T20:00:00Z,2026-06-12,20,2,0.5,156
FF-BLN01-2026-06-13T12,BLN01,2026-06-13T12:00:00Z,2026-06-13,12,2,0.5,148
FF-BLN01-2026-06-13T13,BLN01,2026-06-13T13:00:00Z,2026-06-13,13,2,0.5,168
FF-BLN01-2026-06-13T14,BLN01,2026-06-13T14:00:00Z,2026-06-13,14,2,0.5,186
FF-BLN01-2026-06-13T17,BLN01,2026-06-13T17:00:00Z,2026-06-13,17,2,0.5,171
FF-BLN01-2026-06-14T12,BLN01,2026-06-14T12:00:00Z,2026-06-14,12,2,0.5,142
FF-BLN01-2026-06-14T13,BLN01,2026-06-14T13:00:00Z,2026-06-14,13,2,0.5,151
FF-BLN01-2026-06-14T14,BLN01,2026-06-14T14:00:00Z,2026-06-14,14,4,0.5,182
FF-BLN01-2026-06-14T15,BLN01,2026-06-14T15:00:00Z,2026-06-14,15,2,0.5,139
FF-BLN01-2026-06-14T16,BLN01,2026-06-14T16:00:00Z,2026-06-14,16,2,0.5,172
FF-BLN01-2026-06-14T17,BLN01,2026-06-14T17:00:00Z,2026-06-14,17,2,0.5,172
FF-BLN01-2026-06-14T18,BLN01,2026-06-14T18:00:00Z,2026-06-14,18,2,0.5,146
FF-BLN01-2026-06-14T20,BLN01,2026-06-14T20:00:00Z,2026-06-14,20,2,0.5,183
FF-BLN01-2026-06-15T08,BLN01,2026-06-15T08:00:00Z,2026-06-15,8,2,0.5,181
FF-BLN01-2026-06-15T09,BLN01,2026-06-15T09:00:00Z,2026-06-15,9,1,1.0,139
FF-BLN01-2026-06-15T10,BLN01,2026-06-15T10:00:00Z,2026-06-15,10,2,0.5,160
FF-BLN01-2026-06-15T11,BLN01,2026-06-15T11:00:00Z,2026-06-15,11,2,0.5,139
FF-BLN01-2026-06-15T12,BLN01,2026-06-15T12:00:00Z,2026-06-15,12,2,0.5,166
FF-BLN01-2026-06-15T13,BLN01,2026-06-15T13:00:00Z,2026-06-15,13,6,0.5,150
FF-BLN01-2026-06-15T14,BLN01,2026-06-15T14:00:00Z,2026-06-15,14,5,0.4,175
FF-BLN01-2026-06-15T15,BLN01,2026-06-15T15:00:00Z,2026-06-15,15,4,0.5,200
FF-BLN01-2026-06-15T16,BLN01,2026-06-15T16:00:00Z,2026-06-15,16,4,0.5,166
FF-BLN01-2026-06-15T17,BLN01,2026-06-15T17:00:00Z,2026-06-15,17,4,0.5,185
FF-BLN01-2026-06-15T18,BLN01,2026-06-15T18:00:00Z,2026-06-15,18,2,0.5,159
FF-BLN01-2026-06-15T19,BLN01,2026-06-15T19:00:00Z,2026-06-15,19,2,0.5,184
FF-BLN01-2026-06-15T20,BLN01,2026-06-15T20:00:00Z,2026-06-15,20,2,0.5,182
FF-BLN01-2026-06-15T21,BLN01,2026-06-15T21:00:00Z,2026-06-15,21,3,0.3333,199
FF-BLN01-2026-06-16T09,BLN01,2026-06-16T09:00:00Z,2026-06-16,9,3,0.6667,192
FF-BLN01-2026-06-16T10,BLN01,2026-06-16T10:00:00Z,2026-06-16,10,2,0.5,167
FF-BLN01-2026-06-16T11,BLN01,2026-06-16T11:00:00Z,2026-06-16,11,4,0.75,194
FF-BLN01-2026-06-16T12,BLN01,2026-06-16T12:00:00Z,2026-06-16,12,2,0.5,170
FF-BLN01-2026-06-16T13,BLN01,2026-06-16T13:00:00Z,2026-06-16,13,11,0.5455,196
FF-BLN01-2026-06-16T14,BLN01,2026-06-16T14:00:00Z,2026-06-16,14,4,0.5,157
FF-BLN01-2026-06-16T15,BLN01,2026-06-16T15:00:00Z,2026-06-16,15,5,0.6,154
FF-BLN01-2026-06-16T16,BLN01,2026-06-16T16:00:00Z,2026-06-16,16,9,0.5556,156
FF-BLN01-2026-06-16T17,BLN01,2026-06-16T17:00:00Z,2026-06-16,17,4,0.5,158
FF-BLN01-2026-06-16T18,BLN01,2026-06-16T18:00:00Z,2026-06-16,18,4,0.5,177
FF-BLN01-2026-06-16T19,BLN01,2026-06-16T19:00:00Z,2026-06-16,19,3,0.3333,193
FF-BLN01-2026-06-16T20,BLN01,2026-06-16T20:00:00Z,2026-06-16,20,2,0.5,178
FF-BLN01-2026-06-16T21,BLN01,2026-06-16T21:00:00Z,2026-06-16,21,5,0.4,221
FF-BLN01-2026-06-16T22,BLN01,2026-06-16T22:00:00Z,2026-06-16,22,2,0.5,128
FF-BLN01-2026-06-17T08,BLN01,2026-06-17T08:00:00Z,2026-06-17,8,2,0.5,160
FF-BLN01-2026-06-17T10,BLN01,2026-06-17T10:00:00Z,2026-06-17,10,2,0.5,162
FF-BLN01-2026-06-17T11,BLN01,2026-06-17T11:00:00Z,2026-06-17,11,2,0.5,173
FF-BLN01-2026-06-17T12,BLN01,2026-06-17T12:00:00Z,2026-06-17,12,7,0.2857,181
FF-BLN01-2026-06-17T13,BLN01,2026-06-17T13:00:00Z,2026-06-17,13,8,0.625,204
FF-BLN01-2026-06-17T14,BLN01,2026-06-17T14:00:00Z,2026-06-17,14,5,0.6,156
FF-BLN01-2026-06-17T15,BLN01,2026-06-17T15:00:00Z,2026-06-17,15,4,0.75,214
FF-BLN01-2026-06-17T16,BLN01,2026-06-17T16:00:00Z,2026-06-17,16,9,0.5556,206
FF-BLN01-2026-06-17T17,BLN01,2026-06-17T17:00:00Z,2026-06-17,17,5,0.6,206
FF-BLN01-2026-06-17T18,BLN01,2026-06-17T18:00:00Z,2026-06-17,18,3,0.6667,171
FF-BLN01-2026-06-17T19,BLN01,2026-06-17T19:00:00Z,2026-06-17,19,4,0.5,177
FF-BLN01-2026-06-17T20,BLN01,2026-06-17T20:00:00Z,2026-06-17,20,4,0.5,161
FF-BLN01-2026-06-17T21,BLN01,2026-06-17T21:00:00Z,2026-06-17,21,2,0.5,183
FF-BLN01-2026-06-18T08,BLN01,2026-06-18T08:00:00Z,2026-06-18,8,2,0.5,195
FF-BLN01-2026-06-18T09,BLN01,2026-06-18T09:00:00Z,2026-06-18,9,2,0.5,175
FF-BLN01-2026-06-18T10,BLN01,2026-06-18T10:00:00Z,2026-06-18,10,2,0.5,195
FF-BLN01-2026-06-18T11,BLN01,2026-06-18T11:00:00Z,2026-06-18,11,3,0.3333,163
FF-BLN01-2026-06-18T12,BLN01,2026-06-18T12:00:00Z,2026-06-18,12,2,0.5,198
FF-BLN01-2026-06-18T13,BLN01,2026-06-18T13:00:00Z,2026-06-18,13,7,0.5714,170
FF-BLN01-2026-06-18T14,BLN01,2026-06-18T14:00:00Z,2026-06-18,14,6,0.6667,151
FF-BLN01-2026-06-18T15,BLN01,2026-06-18T15:00:00Z,2026-06-18,15,4,0.5,152
FF-BLN01-2026-06-18T16,BLN01,2026-06-18T16:00:00Z,2026-06-18,16,8,0.625,188
FF-BLN01-2026-06-18T17,BLN01,2026-06-18T17:00:00Z,2026-06-18,17,4,0.5,149
FF-BLN01-2026-06-18T18,BLN01,2026-06-18T18:00:00Z,2026-06-18,18,2,0.5,166
FF-BLN01-2026-06-18T19,BLN01,2026-06-18T19:00:00Z,2026-06-18,19,3,0.6667,190
FF-BLN01-2026-06-18T20,BLN01,2026-06-18T20:00:00Z,2026-06-18,20,1,1.0,185
FF-BLN01-2026-06-18T21,BLN01,2026-06-18T21:00:00Z,2026-06-18,21,2,0.5,204
FF-BLN01-2026-06-18T22,BLN01,2026-06-18T22:00:00Z,2026-06-18,22,2,0.5,178
FF-BLN01-2026-06-19T10,BLN01,2026-06-19T10:00:00Z,2026-06-19,10,2,0.5,175
FF-BLN01-2026-06-19T11,BLN01,2026-06-19T11:00:00Z,2026-06-19,11,2,0.5,176
FF-BLN01-2026-06-19T12,BLN01,2026-06-19T12:00:00Z,2026-06-19,12,2,0.5,175
FF-BLN01-2026-06-19T13,BLN01,2026-06-19T13:00:00Z,2026-06-19,13,5,0.4,183
FF-BLN01-2026-06-19T14,BLN01,2026-06-19T14:00:00Z,2026-06-19,14,6,0.3333,158
FF-BLN01-2026-06-19T15,BLN01,2026-06-19T15:00:00Z,2026-06-19,15,2,0.5,182
FF-BLN01-2026-06-19T16,BLN01,2026-06-19T16:00:00Z,2026-06-19,16,2,0.5,165
FF-BLN01-2026-06-19T17,BLN01,2026-06-19T17:00:00Z,2026-06-19,17,5,0.4,132
FF-BLN01-2026-06-19T18,BLN01,2026-06-19T18:00:00Z,2026-06-19,18,3,0.3333,182
FF-BLN01-2026-06-19T19,BLN01,2026-06-19T19:00:00Z,2026-06-19,19,2,0.5,183
FF-BLN01-2026-06-19T20,BLN01,2026-06-19T20:00:00Z,2026-06-19,20,2,0.5,150
FF-BLN01-2026-06-19T21,BLN01,2026-06-19T21:00:00Z,2026-06-19,21,2,0.5,170
FF-BLN01-2026-06-20T10,BLN01,2026-06-20T10:00:00Z,2026-06-20,10,2,0.5,138
FF-BLN01-2026-06-20T12,BLN01,2026-06-20T12:00:00Z,2026-06-20,12,2,0.5,171
FF-BLN01-2026-06-20T13,BLN01,2026-06-20T13:00:00Z,2026-06-20,13,2,0.5,191
FF-BLN01-2026-06-20T15,BLN01,2026-06-20T15:00:00Z,2026-06-20,15,1,1.0,172
FF-BLN01-2026-06-20T16,BLN01,2026-06-20T16:00:00Z,2026-06-20,16,2,0.5,217
FF-BLN01-2026-06-20T17,BLN01,2026-06-20T17:00:00Z,2026-06-20,17,2,0.5,164
FF-BLN01-2026-06-20T18,BLN01,2026-06-20T18:00:00Z,2026-06-20,18,2,0.5,175
FF-BLN01-2026-06-21T10,BLN01,2026-06-21T10:00:00Z,2026-06-21,10,2,0.5,210
FF-BLN01-2026-06-21T11,BLN01,2026-06-21T11:00:00Z,2026-06-21,11,2,0.5,183
FF-BLN01-2026-06-21T12,BLN01,2026-06-21T12:00:00Z,2026-06-21,12,2,0.5,171
FF-BLN01-2026-06-21T14,BLN01,2026-06-21T14:00:00Z,2026-06-21,14,1,1.0,177
FF-BLN01-2026-06-21T15,BLN01,2026-06-21T15:00:00Z,2026-06-21,15,2,0.5,191
FF-BLN01-2026-06-21T16,BLN01,2026-06-21T16:00:00Z,2026-06-21,16,2,0.5,192
FF-BLN01-2026-06-21T17,BLN01,2026-06-21T17:00:00Z,2026-06-21,17,2,0.5,154
FF-BLN01-2026-06-21T18,BLN01,2026-06-21T18:00:00Z,2026-06-21,18,2,0.5,183
FF-BLN01-2026-06-21T19,BLN01,2026-06-21T19:00:00Z,2026-06-21,19,2,0.5,131
FF-BLN01-2026-06-21T20,BLN01,2026-06-21T20:00:00Z,2026-06-21,20,2,0.5,170
FF-BLN01-2026-06-21T21,BLN01,2026-06-21T21:00:00Z,2026-06-21,21,2,0.5,168
FF-BLN01-2026-06-22T08,BLN01,2026-06-22T08:00:00Z,2026-06-22,8,3,0.3333,170
FF-BLN01-2026-06-22T11,BLN01,2026-06-22T11:00:00Z,2026-06-22,11,2,0.5,163
FF-BLN01-2026-06-22T12,BLN01,2026-06-22T12:00:00Z,2026-06-22,12,5,0.6,203
FF-BLN01-2026-06-22T13,BLN01,2026-06-22T13:00:00Z,2026-06-22,13,6,0.5,174
FF-BLN01-2026-06-22T14,BLN01,2026-06-22T14:00:00Z,2026-06-22,14,4,0.5,196
FF-BLN01-2026-06-22T15,BLN01,2026-06-22T15:00:00Z,2026-06-22,15,5,0.4,184
FF-BLN01-2026-06-22T16,BLN01,2026-06-22T16:00:00Z,2026-06-22,16,5,0.6,156
FF-BLN01-2026-06-22T18,BLN01,2026-06-22T18:00:00Z,2026-06-22,18,5,0.6,156
FF-BLN01-2026-06-22T19,BLN01,2026-06-22T19:00:00Z,2026-06-22,19,5,0.4,172
FF-BLN01-2026-06-22T20,BLN01,2026-06-22T20:00:00Z,2026-06-22,20,2,0.5,179
FF-BLN01-2026-06-23T08,BLN01,2026-06-23T08:00:00Z,2026-06-23,8,2,0.5,159
FF-BLN01-2026-06-23T09,BLN01,2026-06-23T09:00:00Z,2026-06-23,9,2,0.5,163
FF-BLN01-2026-06-23T10,BLN01,2026-06-23T10:00:00Z,2026-06-23,10,2,0.5,220
FF-BLN01-2026-06-23T11,BLN01,2026-06-23T11:00:00Z,2026-06-23,11,2,0.5,196
FF-BLN01-2026-06-23T12,BLN01,2026-06-23T12:00:00Z,2026-06-23,12,3,0.6667,174
FF-BLN01-2026-06-23T13,BLN01,2026-06-23T13:00:00Z,2026-06-23,13,14,0.3571,178
FF-BLN01-2026-06-23T14,BLN01,2026-06-23T14:00:00Z,2026-06-23,14,5,0.6,164
FF-BLN01-2026-06-23T15,BLN01,2026-06-23T15:00:00Z,2026-06-23,15,11,0.5455,169
FF-BLN01-2026-06-23T16,BLN01,2026-06-23T16:00:00Z,2026-06-23,16,7,0.5714,168
FF-BLN01-2026-06-23T17,BLN01,2026-06-23T17:00:00Z,2026-06-23,17,12,0.4167,193
FF-BLN01-2026-06-23T18,BLN01,2026-06-23T18:00:00Z,2026-06-23,18,5,0.6,184
FF-BLN01-2026-06-23T19,BLN01,2026-06-23T19:00:00Z,2026-06-23,19,2,0.5,176
FF-BLN01-2026-06-23T20,BLN01,2026-06-23T20:00:00Z,2026-06-23,20,2,0.5,136
FF-BLN01-2026-06-23T21,BLN01,2026-06-23T21:00:00Z,2026-06-23,21,2,0.5,159
FF-BLN01-2026-06-24T08,BLN01,2026-06-24T08:00:00Z,2026-06-24,8,2,0.5,151
FF-BLN01-2026-06-24T09,BLN01,2026-06-24T09:00:00Z,2026-06-24,9,2,0.5,190
FF-BLN01-2026-06-24T10,BLN01,2026-06-24T10:00:00Z,2026-06-24,10,4,0.5,172
FF-BLN01-2026-06-24T11,BLN01,2026-06-24T11:00:00Z,2026-06-24,11,1,1.0,189
FF-BLN01-2026-06-24T12,BLN01,2026-06-24T12:00:00Z,2026-06-24,12,10,0.4,191
FF-BLN01-2026-06-24T13,BLN01,2026-06-24T13:00:00Z,2026-06-24,13,7,0.5714,151
FF-BLN01-2026-06-24T14,BLN01,2026-06-24T14:00:00Z,2026-06-24,14,3,0.6667,139
FF-BLN01-2026-06-24T15,BLN01,2026-06-24T15:00:00Z,2026-06-24,15,7,0.7143,151
FF-BLN01-2026-06-24T16,BLN01,2026-06-24T16:00:00Z,2026-06-24,16,3,0.6667,199
FF-BLN01-2026-06-24T17,BLN01,2026-06-24T17:00:00Z,2026-06-24,17,7,0.5714,178
FF-BLN01-2026-06-24T18,BLN01,2026-06-24T18:00:00Z,2026-06-24,18,3,0.6667,183
FF-BLN01-2026-06-24T19,BLN01,2026-06-24T19:00:00Z,2026-06-24,19,2,0.5,182
FF-BLN01-2026-06-24T20,BLN01,2026-06-24T20:00:00Z,2026-06-24,20,2,0.5,181
FF-BLN01-2026-06-24T21,BLN01,2026-06-24T21:00:00Z,2026-06-24,21,4,0.5,170
FF-BLN01-2026-06-24T22,BLN01,2026-06-24T22:00:00Z,2026-06-24,22,2,0.5,143
FF-BLN01-2026-06-25T08,BLN01,2026-06-25T08:00:00Z,2026-06-25,8,2,0.5,167
FF-BLN01-2026-06-25T09,BLN01,2026-06-25T09:00:00Z,2026-06-25,9,2,0.5,180
FF-BLN01-2026-06-25T12,BLN01,2026-06-25T12:00:00Z,2026-06-25,12,6,0.3333,188
FF-BLN01-2026-06-25T13,BLN01,2026-06-25T13:00:00Z,2026-06-25,13,9,0.4444,177
FF-BLN01-2026-06-25T14,BLN01,2026-06-25T14:00:00Z,2026-06-25,14,3,0.6667,190
FF-BLN01-2026-06-25T15,BLN01,2026-06-25T15:00:00Z,2026-06-25,15,7,0.7143,195
FF-BLN01-2026-06-25T16,BLN01,2026-06-25T16:00:00Z,2026-06-25,16,3,0.6667,192
FF-BLN01-2026-06-25T17,BLN01,2026-06-25T17:00:00Z,2026-06-25,17,5,0.6,192
FF-BLN01-2026-06-25T18,BLN01,2026-06-25T18:00:00Z,2026-06-25,18,3,0.3333,185
FF-BLN01-2026-06-25T19,BLN01,2026-06-25T19:00:00Z,2026-06-25,19,2,0.5,156
FF-BLN01-2026-06-25T20,BLN01,2026-06-25T20:00:00Z,2026-06-25,20,2,0.5,174
FF-BLN01-2026-06-25T21,BLN01,2026-06-25T21:00:00Z,2026-06-25,21,3,0.6667,167
FF-BLN01-2026-06-26T08,BLN01,2026-06-26T08:00:00Z,2026-06-26,8,2,0.5,163
FF-BLN01-2026-06-26T09,BLN01,2026-06-26T09:00:00Z,2026-06-26,9,1,1.0,174
FF-BLN01-2026-06-26T10,BLN01,2026-06-26T10:00:00Z,2026-06-26,10,2,0.5,158
FF-BLN01-2026-06-26T11,BLN01,2026-06-26T11:00:00Z,2026-06-26,11,2,0.5,166
FF-BLN01-2026-06-26T12,BLN01,2026-06-26T12:00:00Z,2026-06-26,12,2,0.5,176
FF-BLN01-2026-06-26T13,BLN01,2026-06-26T13:00:00Z,2026-06-26,13,4,0.5,162
FF-BLN01-2026-06-26T14,BLN01,2026-06-26T14:00:00Z,2026-06-26,14,2,0.5,170
FF-BLN01-2026-06-26T16,BLN01,2026-06-26T16:00:00Z,2026-06-26,16,4,0.5,186
FF-BLN01-2026-06-26T17,BLN01,2026-06-26T17:00:00Z,2026-06-26,17,3,0.6667,193
FF-BLN01-2026-06-26T18,BLN01,2026-06-26T18:00:00Z,2026-06-26,18,2,0.5,162
FF-BLN01-2026-06-26T19,BLN01,2026-06-26T19:00:00Z,2026-06-26,19,2,0.5,161
FF-BLN01-2026-06-26T20,BLN01,2026-06-26T20:00:00Z,2026-06-26,20,2,0.5,183
FF-BLN01-2026-06-26T21,BLN01,2026-06-26T21:00:00Z,2026-06-26,21,2,0.5,161
FF-BLN01-2026-06-27T12,BLN01,2026-06-27T12:00:00Z,2026-06-27,12,2,0.5,202
FF-BLN01-2026-06-27T13,BLN01,2026-06-27T13:00:00Z,2026-06-27,13,2,0.5,153
FF-BLN01-2026-06-27T14,BLN01,2026-06-27T14:00:00Z,2026-06-27,14,2,0.5,172
FF-BLN01-2026-06-27T15,BLN01,2026-06-27T15:00:00Z,2026-06-27,15,2,0.5,190
FF-BLN01-2026-06-27T16,BLN01,2026-06-27T16:00:00Z,2026-06-27,16,2,0.5,212
FF-BLN01-2026-06-27T18,BLN01,2026-06-27T18:00:00Z,2026-06-27,18,2,0.5,167
FF-BLN01-2026-06-28T09,BLN01,2026-06-28T09:00:00Z,2026-06-28,9,2,0.5,139
FF-BLN01-2026-06-28T11,BLN01,2026-06-28T11:00:00Z,2026-06-28,11,2,0.5,140
FF-BLN01-2026-06-28T12,BLN01,2026-06-28T12:00:00Z,2026-06-28,12,2,0.5,186
FF-BLN01-2026-06-28T13,BLN01,2026-06-28T13:00:00Z,2026-06-28,13,2,0.5,163
FF-BLN01-2026-06-28T14,BLN01,2026-06-28T14:00:00Z,2026-06-28,14,2,0.5,133
FF-BLN01-2026-06-28T15,BLN01,2026-06-28T15:00:00Z,2026-06-28,15,4,0.5,145
FF-BLN01-2026-06-28T16,BLN01,2026-06-28T16:00:00Z,2026-06-28,16,2,0.5,165
FF-BLN01-2026-06-28T17,BLN01,2026-06-28T17:00:00Z,2026-06-28,17,2,0.5,163
FF-BLN01-2026-06-28T18,BLN01,2026-06-28T18:00:00Z,2026-06-28,18,2,0.5,164
FF-BLN01-2026-06-28T20,BLN01,2026-06-28T20:00:00Z,2026-06-28,20,2,0.5,158
FF-BLN01-2026-06-28T21,BLN01,2026-06-28T21:00:00Z,2026-06-28,21,2,0.5,189
FF-BLN01-2026-06-29T09,BLN01,2026-06-29T09:00:00Z,2026-06-29,9,1,1.0,185
FF-BLN01-2026-06-29T10,BLN01,2026-06-29T10:00:00Z,2026-06-29,10,2,0.5,151
FF-BLN01-2026-06-29T11,BLN01,2026-06-29T11:00:00Z,2026-06-29,11,2,0.5,182
FF-BLN01-2026-06-29T12,BLN01,2026-06-29T12:00:00Z,2026-06-29,12,6,0.5,165
FF-BLN01-2026-06-29T13,BLN01,2026-06-29T13:00:00Z,2026-06-29,13,4,0.5,157
FF-BLN01-2026-06-29T14,BLN01,2026-06-29T14:00:00Z,2026-06-29,14,2,0.5,150
FF-BLN01-2026-06-29T15,BLN01,2026-06-29T15:00:00Z,2026-06-29,15,3,0.6667,170
FF-BLN01-2026-06-29T16,BLN01,2026-06-29T16:00:00Z,2026-06-29,16,4,0.75,167
FF-BLN01-2026-06-29T17,BLN01,2026-06-29T17:00:00Z,2026-06-29,17,2,0.5,171
FF-BLN01-2026-06-29T18,BLN01,2026-06-29T18:00:00Z,2026-06-29,18,4,0.5,152
FF-BLN01-2026-06-29T19,BLN01,2026-06-29T19:00:00Z,2026-06-29,19,2,0.5,141
FF-BLN01-2026-06-29T20,BLN01,2026-06-29T20:00:00Z,2026-06-29,20,4,0.5,151
FF-BLN01-2026-06-29T21,BLN01,2026-06-29T21:00:00Z,2026-06-29,21,2,0.5,177
FF-BLN01-2026-06-30T08,BLN01,2026-06-30T08:00:00Z,2026-06-30,8,2,0.5,159
FF-BLN01-2026-06-30T09,BLN01,2026-06-30T09:00:00Z,2026-06-30,9,2,0.5,160
FF-BLN01-2026-06-30T10,BLN01,2026-06-30T10:00:00Z,2026-06-30,10,2,0.5,189
FF-BLN01-2026-06-30T11,BLN01,2026-06-30T11:00:00Z,2026-06-30,11,3,0.6667,184
FF-BLN01-2026-06-30T12,BLN01,2026-06-30T12:00:00Z,2026-06-30,12,2,0.5,151
FF-BLN01-2026-06-30T13,BLN01,2026-06-30T13:00:00Z,2026-06-30,13,4,0.5,167
FF-BLN01-2026-06-30T14,BLN01,2026-06-30T14:00:00Z,2026-06-30,14,4,0.75,192
FF-BLN01-2026-06-30T15,BLN01,2026-06-30T15:00:00Z,2026-06-30,15,7,0.5714,213
FF-BLN01-2026-06-30T16,BLN01,2026-06-30T16:00:00Z,2026-06-30,16,5,0.6,162
FF-BLN01-2026-06-30T17,BLN01,2026-06-30T17:00:00Z,2026-06-30,17,11,0.4545,138
FF-BLN01-2026-06-30T18,BLN01,2026-06-30T18:00:00Z,2026-06-30,18,4,0.5,142
FF-BLN01-2026-06-30T19,BLN01,2026-06-30T19:00:00Z,2026-06-30,19,4,0.5,168
FF-BLN01-2026-06-30T20,BLN01,2026-06-30T20:00:00Z,2026-06-30,20,2,0.5,163
FF-BLN01-2026-06-30T21,BLN01,2026-06-30T21:00:00Z,2026-06-30,21,3,0.6667,223
FF-BLN01-2026-06-30T22,BLN01,2026-06-30T22:00:00Z,2026-06-30,22,2,0.5,169
FF-BLN01-2026-07-01T08,BLN01,2026-07-01T08:00:00Z,2026-07-01,8,2,0.5,175
FF-BLN01-2026-07-01T09,BLN01,2026-07-01T09:00:00Z,2026-07-01,9,2,0.5,191
FF-BLN01-2026-07-01T10,BLN01,2026-07-01T10:00:00Z,2026-07-01,10,2,0.5,181
FF-BLN01-2026-07-01T11,BLN01,2026-07-01T11:00:00Z,2026-07-01,11,4,0.5,196
FF-BLN01-2026-07-01T12,BLN01,2026-07-01T12:00:00Z,2026-07-01,12,3,0.6667,179
FF-BLN01-2026-07-01T13,BLN01,2026-07-01T13:00:00Z,2026-07-01,13,10,0.6,142
FF-BLN01-2026-07-01T14,BLN01,2026-07-01T14:00:00Z,2026-07-01,14,12,0.4167,162
FF-BLN01-2026-07-01T15,BLN01,2026-07-01T15:00:00Z,2026-07-01,15,7,0.5714,183
FF-BLN01-2026-07-01T16,BLN01,2026-07-01T16:00:00Z,2026-07-01,16,10,0.6,198
FF-BLN01-2026-07-01T17,BLN01,2026-07-01T17:00:00Z,2026-07-01,17,6,0.6667,165
FF-BLN01-2026-07-01T18,BLN01,2026-07-01T18:00:00Z,2026-07-01,18,4,0.5,127
FF-BLN01-2026-07-01T19,BLN01,2026-07-01T19:00:00Z,2026-07-01,19,2,0.5,152
FF-BLN01-2026-07-01T20,BLN01,2026-07-01T20:00:00Z,2026-07-01,20,2,0.5,157
FF-BLN01-2026-07-01T21,BLN01,2026-07-01T21:00:00Z,2026-07-01,21,2,0.5,176
FF-BLN01-2026-07-01T22,BLN01,2026-07-01T22:00:00Z,2026-07-01,22,2,0.5,135
FF-BLN01-2026-07-02T08,BLN01,2026-07-02T08:00:00Z,2026-07-02,8,2,0.5,176
FF-BLN01-2026-07-02T09,BLN01,2026-07-02T09:00:00Z,2026-07-02,9,2,0.5,201
FF-BLN01-2026-07-02T10,BLN01,2026-07-02T10:00:00Z,2026-07-02,10,2,0.5,190
FF-BLN01-2026-07-02T12,BLN01,2026-07-02T12:00:00Z,2026-07-02,12,3,0.6667,146
FF-BLN01-2026-07-02T13,BLN01,2026-07-02T13:00:00Z,2026-07-02,13,2,0.5,172
FF-BLN01-2026-07-02T14,BLN01,2026-07-02T14:00:00Z,2026-07-02,14,3,0.6667,157
FF-BLN01-2026-07-02T15,BLN01,2026-07-02T15:00:00Z,2026-07-02,15,3,0.6667,169
FF-BLN01-2026-07-02T16,BLN01,2026-07-02T16:00:00Z,2026-07-02,16,8,0.5,167
FF-BLN01-2026-07-02T17,BLN01,2026-07-02T17:00:00Z,2026-07-02,17,6,0.5,121
FF-BLN01-2026-07-02T18,BLN01,2026-07-02T18:00:00Z,2026-07-02,18,2,0.5,154
FF-BLN01-2026-07-02T20,BLN01,2026-07-02T20:00:00Z,2026-07-02,20,2,0.5,166
FF-BLN01-2026-07-02T21,BLN01,2026-07-02T21:00:00Z,2026-07-02,21,2,0.5,191
FF-BLN01-2026-07-02T22,BLN01,2026-07-02T22:00:00Z,2026-07-02,22,2,0.5,138
FF-BLN01-2026-07-03T08,BLN01,2026-07-03T08:00:00Z,2026-07-03,8,2,0.5,170
FF-BLN01-2026-07-03T10,BLN01,2026-07-03T10:00:00Z,2026-07-03,10,2,0.5,170
FF-BLN01-2026-07-03T11,BLN01,2026-07-03T11:00:00Z,2026-07-03,11,2,0.5,191
FF-BLN01-2026-07-03T12,BLN01,2026-07-03T12:00:00Z,2026-07-03,12,2,0.5,145
FF-BLN01-2026-07-03T13,BLN01,2026-07-03T13:00:00Z,2026-07-03,13,2,0.5,171
FF-BLN01-2026-07-03T14,BLN01,2026-07-03T14:00:00Z,2026-07-03,14,3,0.6667,167
FF-BLN01-2026-07-03T15,BLN01,2026-07-03T15:00:00Z,2026-07-03,15,2,0.5,146
FF-BLN01-2026-07-03T16,BLN01,2026-07-03T16:00:00Z,2026-07-03,16,3,0.6667,176
FF-BLN01-2026-07-03T17,BLN01,2026-07-03T17:00:00Z,2026-07-03,17,4,0.5,190
FF-BLN01-2026-07-03T18,BLN01,2026-07-03T18:00:00Z,2026-07-03,18,2,0.5,185
FF-BLN01-2026-07-03T19,BLN01,2026-07-03T19:00:00Z,2026-07-03,19,2,0.5,141
FF-BLN01-2026-07-03T20,BLN01,2026-07-03T20:00:00Z,2026-07-03,20,2,0.5,181
FF-BLN01-2026-07-03T21,BLN01,2026-07-03T21:00:00Z,2026-07-03,21,2,0.5,184
FF-HAM01-2026-01-01T07,HAM01,2026-01-01T07:00:00Z,2026-01-01,7,2,0.5,160
FF-HAM01-2026-01-01T09,HAM01,2026-01-01T09:00:00Z,2026-01-01,9,2,0.5,156
FF-HAM01-2026-01-01T10,HAM01,2026-01-01T10:00:00Z,2026-01-01,10,1,1.0,162
FF-HAM01-2026-01-01T11,HAM01,2026-01-01T11:00:00Z,2026-01-01,11,2,0.5,175
FF-HAM01-2026-01-01T12,HAM01,2026-01-01T12:00:00Z,2026-01-01,12,3,0.6667,174
FF-HAM01-2026-01-01T13,HAM01,2026-01-01T13:00:00Z,2026-01-01,13,7,0.5714,166
FF-HAM01-2026-01-01T14,HAM01,2026-01-01T14:00:00Z,2026-01-01,14,10,0.6,169
FF-HAM01-2026-01-01T15,HAM01,2026-01-01T15:00:00Z,2026-01-01,15,10,0.5,198
FF-HAM01-2026-01-01T16,HAM01,2026-01-01T16:00:00Z,2026-01-01,16,7,0.5714,154
FF-HAM01-2026-01-01T17,HAM01,2026-01-01T17:00:00Z,2026-01-01,17,16,0.375,181
FF-HAM01-2026-01-01T18,HAM01,2026-01-01T18:00:00Z,2026-01-01,18,8,0.5,176
FF-HAM01-2026-01-01T19,HAM01,2026-01-01T19:00:00Z,2026-01-01,19,4,0.5,158
FF-HAM01-2026-01-01T20,HAM01,2026-01-01T20:00:00Z,2026-01-01,20,2,0.5,140
FF-HAM01-2026-01-01T21,HAM01,2026-01-01T21:00:00Z,2026-01-01,21,2,0.5,163
FF-HAM01-2026-01-02T08,HAM01,2026-01-02T08:00:00Z,2026-01-02,8,2,0.5,165
FF-HAM01-2026-01-02T09,HAM01,2026-01-02T09:00:00Z,2026-01-02,9,2,0.5,132
FF-HAM01-2026-01-02T10,HAM01,2026-01-02T10:00:00Z,2026-01-02,10,2,0.5,168
FF-HAM01-2026-01-02T11,HAM01,2026-01-02T11:00:00Z,2026-01-02,11,4,0.25,159
FF-HAM01-2026-01-02T12,HAM01,2026-01-02T12:00:00Z,2026-01-02,12,4,0.5,158
FF-HAM01-2026-01-02T13,HAM01,2026-01-02T13:00:00Z,2026-01-02,13,2,0.5,149
FF-HAM01-2026-01-02T14,HAM01,2026-01-02T14:00:00Z,2026-01-02,14,6,0.3333,195
FF-HAM01-2026-01-02T15,HAM01,2026-01-02T15:00:00Z,2026-01-02,15,4,0.5,139
FF-HAM01-2026-01-02T16,HAM01,2026-01-02T16:00:00Z,2026-01-02,16,4,0.5,153
FF-HAM01-2026-01-02T17,HAM01,2026-01-02T17:00:00Z,2026-01-02,17,3,0.6667,176
FF-HAM01-2026-01-02T18,HAM01,2026-01-02T18:00:00Z,2026-01-02,18,3,0.6667,188
FF-HAM01-2026-01-02T19,HAM01,2026-01-02T19:00:00Z,2026-01-02,19,2,0.5,161
FF-HAM01-2026-01-02T20,HAM01,2026-01-02T20:00:00Z,2026-01-02,20,2,0.5,177
FF-HAM01-2026-01-02T21,HAM01,2026-01-02T21:00:00Z,2026-01-02,21,2,0.5,165
FF-HAM01-2026-01-03T12,HAM01,2026-01-03T12:00:00Z,2026-01-03,12,4,0.25,164
FF-HAM01-2026-01-03T13,HAM01,2026-01-03T13:00:00Z,2026-01-03,13,1,1.0,166
FF-HAM01-2026-01-03T14,HAM01,2026-01-03T14:00:00Z,2026-01-03,14,2,0.5,152
FF-HAM01-2026-01-03T15,HAM01,2026-01-03T15:00:00Z,2026-01-03,15,2,0.5,168
FF-HAM01-2026-01-03T16,HAM01,2026-01-03T16:00:00Z,2026-01-03,16,1,1.0,207
FF-HAM01-2026-01-03T17,HAM01,2026-01-03T17:00:00Z,2026-01-03,17,2,0.5,166
FF-HAM01-2026-01-04T12,HAM01,2026-01-04T12:00:00Z,2026-01-04,12,2,0.5,187
FF-HAM01-2026-01-04T13,HAM01,2026-01-04T13:00:00Z,2026-01-04,13,2,0.5,168
FF-HAM01-2026-01-04T14,HAM01,2026-01-04T14:00:00Z,2026-01-04,14,1,1.0,166
FF-HAM01-2026-01-04T15,HAM01,2026-01-04T15:00:00Z,2026-01-04,15,3,0.6667,173
FF-HAM01-2026-01-04T16,HAM01,2026-01-04T16:00:00Z,2026-01-04,16,1,1.0,170
FF-HAM01-2026-01-04T17,HAM01,2026-01-04T17:00:00Z,2026-01-04,17,2,0.5,140
FF-HAM01-2026-01-04T18,HAM01,2026-01-04T18:00:00Z,2026-01-04,18,3,0.6667,166
FF-HAM01-2026-01-04T20,HAM01,2026-01-04T20:00:00Z,2026-01-04,20,2,0.5,161
FF-HAM01-2026-01-05T09,HAM01,2026-01-05T09:00:00Z,2026-01-05,9,3,0.3333,164
FF-HAM01-2026-01-05T10,HAM01,2026-01-05T10:00:00Z,2026-01-05,10,1,1.0,171
FF-HAM01-2026-01-05T12,HAM01,2026-01-05T12:00:00Z,2026-01-05,12,2,0.5,168
FF-HAM01-2026-01-05T13,HAM01,2026-01-05T13:00:00Z,2026-01-05,13,4,0.5,172
FF-HAM01-2026-01-05T14,HAM01,2026-01-05T14:00:00Z,2026-01-05,14,3,0.6667,189
FF-HAM01-2026-01-05T15,HAM01,2026-01-05T15:00:00Z,2026-01-05,15,7,0.7143,155
FF-HAM01-2026-01-05T16,HAM01,2026-01-05T16:00:00Z,2026-01-05,16,5,0.4,202
FF-HAM01-2026-01-05T17,HAM01,2026-01-05T17:00:00Z,2026-01-05,17,10,0.3,136
FF-HAM01-2026-01-05T18,HAM01,2026-01-05T18:00:00Z,2026-01-05,18,3,0.6667,206
FF-HAM01-2026-01-05T19,HAM01,2026-01-05T19:00:00Z,2026-01-05,19,2,0.5,157
FF-HAM01-2026-01-05T20,HAM01,2026-01-05T20:00:00Z,2026-01-05,20,1,1.0,168
FF-HAM01-2026-01-05T21,HAM01,2026-01-05T21:00:00Z,2026-01-05,21,2,0.5,171
FF-HAM01-2026-01-06T08,HAM01,2026-01-06T08:00:00Z,2026-01-06,8,2,0.5,180
FF-HAM01-2026-01-06T09,HAM01,2026-01-06T09:00:00Z,2026-01-06,9,2,0.5,196
FF-HAM01-2026-01-06T10,HAM01,2026-01-06T10:00:00Z,2026-01-06,10,2,0.5,191
FF-HAM01-2026-01-06T11,HAM01,2026-01-06T11:00:00Z,2026-01-06,11,2,0.5,151
FF-HAM01-2026-01-06T12,HAM01,2026-01-06T12:00:00Z,2026-01-06,12,2,0.5,176
FF-HAM01-2026-01-06T13,HAM01,2026-01-06T13:00:00Z,2026-01-06,13,12,0.5,158
FF-HAM01-2026-01-06T14,HAM01,2026-01-06T14:00:00Z,2026-01-06,14,8,0.625,139
FF-HAM01-2026-01-06T15,HAM01,2026-01-06T15:00:00Z,2026-01-06,15,7,0.5714,165
FF-HAM01-2026-01-06T16,HAM01,2026-01-06T16:00:00Z,2026-01-06,16,9,0.6667,130
FF-HAM01-2026-01-06T17,HAM01,2026-01-06T17:00:00Z,2026-01-06,17,16,0.375,140
FF-HAM01-2026-01-06T18,HAM01,2026-01-06T18:00:00Z,2026-01-06,18,8,0.625,185
FF-HAM01-2026-01-06T19,HAM01,2026-01-06T19:00:00Z,2026-01-06,19,5,0.6,180
FF-HAM01-2026-01-06T20,HAM01,2026-01-06T20:00:00Z,2026-01-06,20,3,0.6667,183
FF-HAM01-2026-01-06T21,HAM01,2026-01-06T21:00:00Z,2026-01-06,21,2,0.5,113
FF-HAM01-2026-01-07T08,HAM01,2026-01-07T08:00:00Z,2026-01-07,8,3,0.3333,187
FF-HAM01-2026-01-07T11,HAM01,2026-01-07T11:00:00Z,2026-01-07,11,4,0.5,167
FF-HAM01-2026-01-07T12,HAM01,2026-01-07T12:00:00Z,2026-01-07,12,3,0.6667,144
FF-HAM01-2026-01-07T13,HAM01,2026-01-07T13:00:00Z,2026-01-07,13,7,0.4286,156
FF-HAM01-2026-01-07T14,HAM01,2026-01-07T14:00:00Z,2026-01-07,14,3,0.6667,158
FF-HAM01-2026-01-07T15,HAM01,2026-01-07T15:00:00Z,2026-01-07,15,1,1.0,147
FF-HAM01-2026-01-07T16,HAM01,2026-01-07T16:00:00Z,2026-01-07,16,3,0.6667,139
FF-HAM01-2026-01-07T17,HAM01,2026-01-07T17:00:00Z,2026-01-07,17,5,0.6,155
FF-HAM01-2026-01-07T18,HAM01,2026-01-07T18:00:00Z,2026-01-07,18,4,0.5,187
FF-HAM01-2026-01-07T19,HAM01,2026-01-07T19:00:00Z,2026-01-07,19,4,0.5,151
FF-HAM01-2026-01-07T20,HAM01,2026-01-07T20:00:00Z,2026-01-07,20,6,0.3333,156
FF-HAM01-2026-01-07T21,HAM01,2026-01-07T21:00:00Z,2026-01-07,21,3,0.6667,157
FF-HAM01-2026-01-08T08,HAM01,2026-01-08T08:00:00Z,2026-01-08,8,1,1.0,159
FF-HAM01-2026-01-08T09,HAM01,2026-01-08T09:00:00Z,2026-01-08,9,1,1.0,203
FF-HAM01-2026-01-08T10,HAM01,2026-01-08T10:00:00Z,2026-01-08,10,2,0.5,149
FF-HAM01-2026-01-08T12,HAM01,2026-01-08T12:00:00Z,2026-01-08,12,4,0.5,169
FF-HAM01-2026-01-08T13,HAM01,2026-01-08T13:00:00Z,2026-01-08,13,2,0.5,195
FF-HAM01-2026-01-08T14,HAM01,2026-01-08T14:00:00Z,2026-01-08,14,2,0.5,169
FF-HAM01-2026-01-08T15,HAM01,2026-01-08T15:00:00Z,2026-01-08,15,3,0.6667,178
FF-HAM01-2026-01-08T16,HAM01,2026-01-08T16:00:00Z,2026-01-08,16,7,0.4286,172
FF-HAM01-2026-01-08T17,HAM01,2026-01-08T17:00:00Z,2026-01-08,17,2,0.5,133
FF-HAM01-2026-01-08T18,HAM01,2026-01-08T18:00:00Z,2026-01-08,18,3,0.6667,211
FF-HAM01-2026-01-08T19,HAM01,2026-01-08T19:00:00Z,2026-01-08,19,4,0.5,149
FF-HAM01-2026-01-08T20,HAM01,2026-01-08T20:00:00Z,2026-01-08,20,2,0.5,177
FF-HAM01-2026-01-08T21,HAM01,2026-01-08T21:00:00Z,2026-01-08,21,2,0.5,205
FF-HAM01-2026-01-09T10,HAM01,2026-01-09T10:00:00Z,2026-01-09,10,2,0.5,149
FF-HAM01-2026-01-09T12,HAM01,2026-01-09T12:00:00Z,2026-01-09,12,3,0.6667,173
FF-HAM01-2026-01-09T13,HAM01,2026-01-09T13:00:00Z,2026-01-09,13,1,1.0,189
FF-HAM01-2026-01-09T14,HAM01,2026-01-09T14:00:00Z,2026-01-09,14,2,0.5,190
FF-HAM01-2026-01-09T15,HAM01,2026-01-09T15:00:00Z,2026-01-09,15,4,0.5,161
FF-HAM01-2026-01-09T16,HAM01,2026-01-09T16:00:00Z,2026-01-09,16,6,0.5,189
FF-HAM01-2026-01-09T18,HAM01,2026-01-09T18:00:00Z,2026-01-09,18,3,0.3333,146
FF-HAM01-2026-01-09T19,HAM01,2026-01-09T19:00:00Z,2026-01-09,19,2,0.5,163
FF-HAM01-2026-01-09T20,HAM01,2026-01-09T20:00:00Z,2026-01-09,20,2,0.5,193
FF-HAM01-2026-01-10T11,HAM01,2026-01-10T11:00:00Z,2026-01-10,11,2,0.5,147
FF-HAM01-2026-01-10T12,HAM01,2026-01-10T12:00:00Z,2026-01-10,12,2,0.5,149
FF-HAM01-2026-01-10T13,HAM01,2026-01-10T13:00:00Z,2026-01-10,13,2,0.5,154
FF-HAM01-2026-01-10T14,HAM01,2026-01-10T14:00:00Z,2026-01-10,14,1,1.0,214
FF-HAM01-2026-01-10T15,HAM01,2026-01-10T15:00:00Z,2026-01-10,15,2,0.5,129
FF-HAM01-2026-01-10T16,HAM01,2026-01-10T16:00:00Z,2026-01-10,16,2,0.5,164
FF-HAM01-2026-01-10T18,HAM01,2026-01-10T18:00:00Z,2026-01-10,18,2,0.5,139
FF-HAM01-2026-01-10T21,HAM01,2026-01-10T21:00:00Z,2026-01-10,21,2,0.5,167
FF-HAM01-2026-01-11T09,HAM01,2026-01-11T09:00:00Z,2026-01-11,9,2,0.5,150
FF-HAM01-2026-01-11T11,HAM01,2026-01-11T11:00:00Z,2026-01-11,11,2,0.5,214
FF-HAM01-2026-01-11T12,HAM01,2026-01-11T12:00:00Z,2026-01-11,12,1,1.0,176
FF-HAM01-2026-01-11T13,HAM01,2026-01-11T13:00:00Z,2026-01-11,13,2,0.5,181
FF-HAM01-2026-01-11T14,HAM01,2026-01-11T14:00:00Z,2026-01-11,14,4,0.5,157
FF-HAM01-2026-01-11T15,HAM01,2026-01-11T15:00:00Z,2026-01-11,15,3,0.6667,167
FF-HAM01-2026-01-11T16,HAM01,2026-01-11T16:00:00Z,2026-01-11,16,4,0.5,158
FF-HAM01-2026-01-11T17,HAM01,2026-01-11T17:00:00Z,2026-01-11,17,3,0.6667,172
FF-HAM01-2026-01-11T18,HAM01,2026-01-11T18:00:00Z,2026-01-11,18,4,0.5,183
FF-HAM01-2026-01-11T21,HAM01,2026-01-11T21:00:00Z,2026-01-11,21,2,0.5,175
FF-HAM01-2026-01-12T08,HAM01,2026-01-12T08:00:00Z,2026-01-12,8,2,0.5,185
FF-HAM01-2026-01-12T09,HAM01,2026-01-12T09:00:00Z,2026-01-12,9,2,0.5,142
FF-HAM01-2026-01-12T10,HAM01,2026-01-12T10:00:00Z,2026-01-12,10,2,0.5,154
FF-HAM01-2026-01-12T11,HAM01,2026-01-12T11:00:00Z,2026-01-12,11,2,0.5,160
FF-HAM01-2026-01-12T12,HAM01,2026-01-12T12:00:00Z,2026-01-12,12,3,0.6667,203
FF-HAM01-2026-01-12T13,HAM01,2026-01-12T13:00:00Z,2026-01-12,13,3,0.6667,191
FF-HAM01-2026-01-12T14,HAM01,2026-01-12T14:00:00Z,2026-01-12,14,11,0.4545,152
FF-HAM01-2026-01-12T15,HAM01,2026-01-12T15:00:00Z,2026-01-12,15,2,0.5,173
FF-HAM01-2026-01-12T16,HAM01,2026-01-12T16:00:00Z,2026-01-12,16,3,0.6667,175
FF-HAM01-2026-01-12T17,HAM01,2026-01-12T17:00:00Z,2026-01-12,17,6,0.5,145
FF-HAM01-2026-01-12T18,HAM01,2026-01-12T18:00:00Z,2026-01-12,18,2,0.5,181
FF-HAM01-2026-01-12T19,HAM01,2026-01-12T19:00:00Z,2026-01-12,19,2,0.5,163
FF-HAM01-2026-01-12T20,HAM01,2026-01-12T20:00:00Z,2026-01-12,20,2,0.5,156
FF-HAM01-2026-01-12T21,HAM01,2026-01-12T21:00:00Z,2026-01-12,21,1,1.0,167
FF-HAM01-2026-01-13T08,HAM01,2026-01-13T08:00:00Z,2026-01-13,8,2,0.5,160
FF-HAM01-2026-01-13T10,HAM01,2026-01-13T10:00:00Z,2026-01-13,10,2,0.5,174
FF-HAM01-2026-01-13T11,HAM01,2026-01-13T11:00:00Z,2026-01-13,11,2,0.5,174
FF-HAM01-2026-01-13T12,HAM01,2026-01-13T12:00:00Z,2026-01-13,12,3,0.6667,152
FF-HAM01-2026-01-13T13,HAM01,2026-01-13T13:00:00Z,2026-01-13,13,12,0.5,175
FF-HAM01-2026-01-13T14,HAM01,2026-01-13T14:00:00Z,2026-01-13,14,10,0.5,134
FF-HAM01-2026-01-13T15,HAM01,2026-01-13T15:00:00Z,2026-01-13,15,5,0.6,180
FF-HAM01-2026-01-13T16,HAM01,2026-01-13T16:00:00Z,2026-01-13,16,4,0.5,204
FF-HAM01-2026-01-13T17,HAM01,2026-01-13T17:00:00Z,2026-01-13,17,3,0.6667,152
FF-HAM01-2026-01-13T18,HAM01,2026-01-13T18:00:00Z,2026-01-13,18,8,0.625,161
FF-HAM01-2026-01-13T19,HAM01,2026-01-13T19:00:00Z,2026-01-13,19,3,0.3333,152
FF-HAM01-2026-01-13T20,HAM01,2026-01-13T20:00:00Z,2026-01-13,20,5,0.4,191
FF-HAM01-2026-01-14T08,HAM01,2026-01-14T08:00:00Z,2026-01-14,8,2,0.5,164
FF-HAM01-2026-01-14T09,HAM01,2026-01-14T09:00:00Z,2026-01-14,9,2,0.5,210
FF-HAM01-2026-01-14T10,HAM01,2026-01-14T10:00:00Z,2026-01-14,10,1,1.0,144
FF-HAM01-2026-01-14T11,HAM01,2026-01-14T11:00:00Z,2026-01-14,11,2,0.5,209
FF-HAM01-2026-01-14T12,HAM01,2026-01-14T12:00:00Z,2026-01-14,12,2,0.5,205
FF-HAM01-2026-01-14T13,HAM01,2026-01-14T13:00:00Z,2026-01-14,13,8,0.5,160
FF-HAM01-2026-01-14T14,HAM01,2026-01-14T14:00:00Z,2026-01-14,14,9,0.4444,138
FF-HAM01-2026-01-14T15,HAM01,2026-01-14T15:00:00Z,2026-01-14,15,11,0.5455,166
FF-HAM01-2026-01-14T16,HAM01,2026-01-14T16:00:00Z,2026-01-14,16,8,0.5,156
FF-HAM01-2026-01-14T17,HAM01,2026-01-14T17:00:00Z,2026-01-14,17,6,0.6667,147
FF-HAM01-2026-01-14T18,HAM01,2026-01-14T18:00:00Z,2026-01-14,18,6,0.6667,201
FF-HAM01-2026-01-14T19,HAM01,2026-01-14T19:00:00Z,2026-01-14,19,4,0.75,158
FF-HAM01-2026-01-14T20,HAM01,2026-01-14T20:00:00Z,2026-01-14,20,2,0.5,152
FF-HAM01-2026-01-14T21,HAM01,2026-01-14T21:00:00Z,2026-01-14,21,4,0.5,153
FF-HAM01-2026-01-15T09,HAM01,2026-01-15T09:00:00Z,2026-01-15,9,3,0.3333,165
FF-HAM01-2026-01-15T10,HAM01,2026-01-15T10:00:00Z,2026-01-15,10,2,0.5,199
FF-HAM01-2026-01-15T11,HAM01,2026-01-15T11:00:00Z,2026-01-15,11,2,0.5,143
FF-HAM01-2026-01-15T12,HAM01,2026-01-15T12:00:00Z,2026-01-15,12,3,0.6667,166
FF-HAM01-2026-01-15T13,HAM01,2026-01-15T13:00:00Z,2026-01-15,13,2,0.5,181
FF-HAM01-2026-01-15T14,HAM01,2026-01-15T14:00:00Z,2026-01-15,14,7,0.5714,194
FF-HAM01-2026-01-15T15,HAM01,2026-01-15T15:00:00Z,2026-01-15,15,5,0.6,130
FF-HAM01-2026-01-15T16,HAM01,2026-01-15T16:00:00Z,2026-01-15,16,7,0.5714,158
FF-HAM01-2026-01-15T17,HAM01,2026-01-15T17:00:00Z,2026-01-15,17,9,0.4444,135
FF-HAM01-2026-01-15T18,HAM01,2026-01-15T18:00:00Z,2026-01-15,18,12,0.3333,179
FF-HAM01-2026-01-15T19,HAM01,2026-01-15T19:00:00Z,2026-01-15,19,3,0.6667,202
FF-HAM01-2026-01-15T20,HAM01,2026-01-15T20:00:00Z,2026-01-15,20,2,0.5,160
FF-HAM01-2026-01-15T21,HAM01,2026-01-15T21:00:00Z,2026-01-15,21,3,0.6667,185
FF-HAM01-2026-01-16T09,HAM01,2026-01-16T09:00:00Z,2026-01-16,9,2,0.5,156
FF-HAM01-2026-01-16T10,HAM01,2026-01-16T10:00:00Z,2026-01-16,10,2,0.5,173
FF-HAM01-2026-01-16T11,HAM01,2026-01-16T11:00:00Z,2026-01-16,11,2,0.5,191
FF-HAM01-2026-01-16T12,HAM01,2026-01-16T12:00:00Z,2026-01-16,12,2,0.5,191
FF-HAM01-2026-01-16T13,HAM01,2026-01-16T13:00:00Z,2026-01-16,13,2,0.5,163
FF-HAM01-2026-01-16T14,HAM01,2026-01-16T14:00:00Z,2026-01-16,14,3,0.6667,139
FF-HAM01-2026-01-16T15,HAM01,2026-01-16T15:00:00Z,2026-01-16,15,2,0.5,171
FF-HAM01-2026-01-16T16,HAM01,2026-01-16T16:00:00Z,2026-01-16,16,1,1.0,213
FF-HAM01-2026-01-16T17,HAM01,2026-01-16T17:00:00Z,2026-01-16,17,2,0.5,147
FF-HAM01-2026-01-16T18,HAM01,2026-01-16T18:00:00Z,2026-01-16,18,2,0.5,178
FF-HAM01-2026-01-16T20,HAM01,2026-01-16T20:00:00Z,2026-01-16,20,2,0.5,178
FF-HAM01-2026-01-16T21,HAM01,2026-01-16T21:00:00Z,2026-01-16,21,2,0.5,181
FF-HAM01-2026-01-17T12,HAM01,2026-01-17T12:00:00Z,2026-01-17,12,2,0.5,159
FF-HAM01-2026-01-17T13,HAM01,2026-01-17T13:00:00Z,2026-01-17,13,2,0.5,179
FF-HAM01-2026-01-17T14,HAM01,2026-01-17T14:00:00Z,2026-01-17,14,2,0.5,160
FF-HAM01-2026-01-17T15,HAM01,2026-01-17T15:00:00Z,2026-01-17,15,2,0.5,206
FF-HAM01-2026-01-17T16,HAM01,2026-01-17T16:00:00Z,2026-01-17,16,2,0.5,143
FF-HAM01-2026-01-17T17,HAM01,2026-01-17T17:00:00Z,2026-01-17,17,2,0.5,161
FF-HAM01-2026-01-17T18,HAM01,2026-01-17T18:00:00Z,2026-01-17,18,2,0.5,154
FF-HAM01-2026-01-18T09,HAM01,2026-01-18T09:00:00Z,2026-01-18,9,2,0.5,153
FF-HAM01-2026-01-18T10,HAM01,2026-01-18T10:00:00Z,2026-01-18,10,2,0.5,172
FF-HAM01-2026-01-18T12,HAM01,2026-01-18T12:00:00Z,2026-01-18,12,2,0.5,152
FF-HAM01-2026-01-18T13,HAM01,2026-01-18T13:00:00Z,2026-01-18,13,3,0.6667,169
FF-HAM01-2026-01-18T14,HAM01,2026-01-18T14:00:00Z,2026-01-18,14,2,0.5,154
FF-HAM01-2026-01-18T15,HAM01,2026-01-18T15:00:00Z,2026-01-18,15,2,0.5,182
FF-HAM01-2026-01-18T16,HAM01,2026-01-18T16:00:00Z,2026-01-18,16,5,0.4,181
FF-HAM01-2026-01-18T17,HAM01,2026-01-18T17:00:00Z,2026-01-18,17,2,0.5,170
FF-HAM01-2026-01-18T19,HAM01,2026-01-18T19:00:00Z,2026-01-18,19,2,0.5,141
FF-HAM01-2026-01-18T20,HAM01,2026-01-18T20:00:00Z,2026-01-18,20,2,0.5,149
FF-HAM01-2026-01-18T21,HAM01,2026-01-18T21:00:00Z,2026-01-18,21,2,0.5,156
FF-HAM01-2026-01-19T08,HAM01,2026-01-19T08:00:00Z,2026-01-19,8,2,0.5,179
FF-HAM01-2026-01-19T09,HAM01,2026-01-19T09:00:00Z,2026-01-19,9,2,0.5,225
FF-HAM01-2026-01-19T10,HAM01,2026-01-19T10:00:00Z,2026-01-19,10,2,0.5,167
FF-HAM01-2026-01-19T11,HAM01,2026-01-19T11:00:00Z,2026-01-19,11,2,0.5,165
FF-HAM01-2026-01-19T12,HAM01,2026-01-19T12:00:00Z,2026-01-19,12,2,0.5,191
FF-HAM01-2026-01-19T13,HAM01,2026-01-19T13:00:00Z,2026-01-19,13,10,0.5,147
FF-HAM01-2026-01-19T14,HAM01,2026-01-19T14:00:00Z,2026-01-19,14,12,0.3333,175
FF-HAM01-2026-01-19T15,HAM01,2026-01-19T15:00:00Z,2026-01-19,15,3,0.6667,148
FF-HAM01-2026-01-19T16,HAM01,2026-01-19T16:00:00Z,2026-01-19,16,1,1.0,154
FF-HAM01-2026-01-19T17,HAM01,2026-01-19T17:00:00Z,2026-01-19,17,11,0.3636,160
FF-HAM01-2026-01-19T18,HAM01,2026-01-19T18:00:00Z,2026-01-19,18,3,0.3333,208
FF-HAM01-2026-01-19T19,HAM01,2026-01-19T19:00:00Z,2026-01-19,19,3,0.6667,178
FF-HAM01-2026-01-19T20,HAM01,2026-01-19T20:00:00Z,2026-01-19,20,2,0.5,174
FF-HAM01-2026-01-19T21,HAM01,2026-01-19T21:00:00Z,2026-01-19,21,2,0.5,204
FF-HAM01-2026-01-20T09,HAM01,2026-01-20T09:00:00Z,2026-01-20,9,4,0.5,165
FF-HAM01-2026-01-20T10,HAM01,2026-01-20T10:00:00Z,2026-01-20,10,2,0.5,169
FF-HAM01-2026-01-20T11,HAM01,2026-01-20T11:00:00Z,2026-01-20,11,3,0.6667,180
FF-HAM01-2026-01-20T12,HAM01,2026-01-20T12:00:00Z,2026-01-20,12,8,0.625,175
FF-HAM01-2026-01-20T13,HAM01,2026-01-20T13:00:00Z,2026-01-20,13,12,0.5,180
FF-HAM01-2026-01-20T14,HAM01,2026-01-20T14:00:00Z,2026-01-20,14,5,0.6,154
FF-HAM01-2026-01-20T15,HAM01,2026-01-20T15:00:00Z,2026-01-20,15,7,0.4286,168
FF-HAM01-2026-01-20T16,HAM01,2026-01-20T16:00:00Z,2026-01-20,16,5,0.6,165
FF-HAM01-2026-01-20T17,HAM01,2026-01-20T17:00:00Z,2026-01-20,17,10,0.6,165
FF-HAM01-2026-01-20T18,HAM01,2026-01-20T18:00:00Z,2026-01-20,18,6,0.5,152
FF-HAM01-2026-01-20T19,HAM01,2026-01-20T19:00:00Z,2026-01-20,19,3,0.6667,197
FF-HAM01-2026-01-20T20,HAM01,2026-01-20T20:00:00Z,2026-01-20,20,2,0.5,166
FF-HAM01-2026-01-20T21,HAM01,2026-01-20T21:00:00Z,2026-01-20,21,4,0.5,182
FF-HAM01-2026-01-21T08,HAM01,2026-01-21T08:00:00Z,2026-01-21,8,2,0.5,174
FF-HAM01-2026-01-21T09,HAM01,2026-01-21T09:00:00Z,2026-01-21,9,3,0.3333,153
FF-HAM01-2026-01-21T12,HAM01,2026-01-21T12:00:00Z,2026-01-21,12,8,0.5,173
FF-HAM01-2026-01-21T13,HAM01,2026-01-21T13:00:00Z,2026-01-21,13,10,0.5,148
FF-HAM01-2026-01-21T14,HAM01,2026-01-21T14:00:00Z,2026-01-21,14,8,0.625,171
FF-HAM01-2026-01-21T15,HAM01,2026-01-21T15:00:00Z,2026-01-21,15,3,0.6667,180
FF-HAM01-2026-01-21T16,HAM01,2026-01-21T16:00:00Z,2026-01-21,16,3,0.6667,181
FF-HAM01-2026-01-21T17,HAM01,2026-01-21T17:00:00Z,2026-01-21,17,6,0.5,145
FF-HAM01-2026-01-21T18,HAM01,2026-01-21T18:00:00Z,2026-01-21,18,6,0.5,171
FF-HAM01-2026-01-21T19,HAM01,2026-01-21T19:00:00Z,2026-01-21,19,2,0.5,159
FF-HAM01-2026-01-21T20,HAM01,2026-01-21T20:00:00Z,2026-01-21,20,2,0.5,149
FF-HAM01-2026-01-21T21,HAM01,2026-01-21T21:00:00Z,2026-01-21,21,2,0.5,163
FF-HAM01-2026-01-22T08,HAM01,2026-01-22T08:00:00Z,2026-01-22,8,2,0.5,166
FF-HAM01-2026-01-22T09,HAM01,2026-01-22T09:00:00Z,2026-01-22,9,1,1.0,140
FF-HAM01-2026-01-22T10,HAM01,2026-01-22T10:00:00Z,2026-01-22,10,2,0.5,156
FF-HAM01-2026-01-22T11,HAM01,2026-01-22T11:00:00Z,2026-01-22,11,2,0.5,157
FF-HAM01-2026-01-22T12,HAM01,2026-01-22T12:00:00Z,2026-01-22,12,5,0.6,178
FF-HAM01-2026-01-22T13,HAM01,2026-01-22T13:00:00Z,2026-01-22,13,3,0.6667,178
FF-HAM01-2026-01-22T14,HAM01,2026-01-22T14:00:00Z,2026-01-22,14,5,0.6,177
FF-HAM01-2026-01-22T15,HAM01,2026-01-22T15:00:00Z,2026-01-22,15,8,0.5,162
FF-HAM01-2026-01-22T16,HAM01,2026-01-22T16:00:00Z,2026-01-22,16,3,0.6667,155
FF-HAM01-2026-01-22T17,HAM01,2026-01-22T17:00:00Z,2026-01-22,17,5,0.6,195
FF-HAM01-2026-01-22T18,HAM01,2026-01-22T18:00:00Z,2026-01-22,18,3,0.6667,172
FF-HAM01-2026-01-22T19,HAM01,2026-01-22T19:00:00Z,2026-01-22,19,2,0.5,164
FF-HAM01-2026-01-22T20,HAM01,2026-01-22T20:00:00Z,2026-01-22,20,1,1.0,177
FF-HAM01-2026-01-22T21,HAM01,2026-01-22T21:00:00Z,2026-01-22,21,2,0.5,130
FF-HAM01-2026-01-23T08,HAM01,2026-01-23T08:00:00Z,2026-01-23,8,2,0.5,139
FF-HAM01-2026-01-23T10,HAM01,2026-01-23T10:00:00Z,2026-01-23,10,2,0.5,179
FF-HAM01-2026-01-23T11,HAM01,2026-01-23T11:00:00Z,2026-01-23,11,2,0.5,173
FF-HAM01-2026-01-23T12,HAM01,2026-01-23T12:00:00Z,2026-01-23,12,3,0.6667,176
FF-HAM01-2026-01-23T13,HAM01,2026-01-23T13:00:00Z,2026-01-23,13,10,0.4,183
FF-HAM01-2026-01-23T14,HAM01,2026-01-23T14:00:00Z,2026-01-23,14,4,0.5,169
FF-HAM01-2026-01-23T15,HAM01,2026-01-23T15:00:00Z,2026-01-23,15,4,0.5,158
FF-HAM01-2026-01-23T16,HAM01,2026-01-23T16:00:00Z,2026-01-23,16,3,0.6667,173
FF-HAM01-2026-01-23T17,HAM01,2026-01-23T17:00:00Z,2026-01-23,17,6,0.5,146
FF-HAM01-2026-01-23T18,HAM01,2026-01-23T18:00:00Z,2026-01-23,18,1,1.0,134
FF-HAM01-2026-01-23T19,HAM01,2026-01-23T19:00:00Z,2026-01-23,19,2,0.5,170
FF-HAM01-2026-01-23T20,HAM01,2026-01-23T20:00:00Z,2026-01-23,20,2,0.5,184
FF-HAM01-2026-01-23T21,HAM01,2026-01-23T21:00:00Z,2026-01-23,21,1,1.0,159
FF-HAM01-2026-01-24T12,HAM01,2026-01-24T12:00:00Z,2026-01-24,12,2,0.5,175
FF-HAM01-2026-01-24T14,HAM01,2026-01-24T14:00:00Z,2026-01-24,14,1,1.0,171
FF-HAM01-2026-01-24T15,HAM01,2026-01-24T15:00:00Z,2026-01-24,15,3,0.3333,146
FF-HAM01-2026-01-24T16,HAM01,2026-01-24T16:00:00Z,2026-01-24,16,2,0.5,149
FF-HAM01-2026-01-24T17,HAM01,2026-01-24T17:00:00Z,2026-01-24,17,3,0.3333,175
FF-HAM01-2026-01-24T18,HAM01,2026-01-24T18:00:00Z,2026-01-24,18,2,0.5,195
FF-HAM01-2026-01-24T20,HAM01,2026-01-24T20:00:00Z,2026-01-24,20,3,0.3333,176
FF-HAM01-2026-01-25T08,HAM01,2026-01-25T08:00:00Z,2026-01-25,8,2,0.5,160
FF-HAM01-2026-01-25T09,HAM01,2026-01-25T09:00:00Z,2026-01-25,9,2,0.5,148
FF-HAM01-2026-01-25T10,HAM01,2026-01-25T10:00:00Z,2026-01-25,10,2,0.5,167
FF-HAM01-2026-01-25T11,HAM01,2026-01-25T11:00:00Z,2026-01-25,11,3,0.3333,180
FF-HAM01-2026-01-25T12,HAM01,2026-01-25T12:00:00Z,2026-01-25,12,2,0.5,179
FF-HAM01-2026-01-25T13,HAM01,2026-01-25T13:00:00Z,2026-01-25,13,4,0.5,165
FF-HAM01-2026-01-25T14,HAM01,2026-01-25T14:00:00Z,2026-01-25,14,2,0.5,185
FF-HAM01-2026-01-25T15,HAM01,2026-01-25T15:00:00Z,2026-01-25,15,2,0.5,162
FF-HAM01-2026-01-25T16,HAM01,2026-01-25T16:00:00Z,2026-01-25,16,2,0.5,168
FF-HAM01-2026-01-25T18,HAM01,2026-01-25T18:00:00Z,2026-01-25,18,2,0.5,148
FF-HAM01-2026-01-25T19,HAM01,2026-01-25T19:00:00Z,2026-01-25,19,2,0.5,131
FF-HAM01-2026-01-25T21,HAM01,2026-01-25T21:00:00Z,2026-01-25,21,2,0.5,173
FF-HAM01-2026-01-26T10,HAM01,2026-01-26T10:00:00Z,2026-01-26,10,2,0.5,160
FF-HAM01-2026-01-26T11,HAM01,2026-01-26T11:00:00Z,2026-01-26,11,2,0.5,163
FF-HAM01-2026-01-26T12,HAM01,2026-01-26T12:00:00Z,2026-01-26,12,5,0.6,133
FF-HAM01-2026-01-26T13,HAM01,2026-01-26T13:00:00Z,2026-01-26,13,10,0.4,175
FF-HAM01-2026-01-26T14,HAM01,2026-01-26T14:00:00Z,2026-01-26,14,5,0.6,178
FF-HAM01-2026-01-26T15,HAM01,2026-01-26T15:00:00Z,2026-01-26,15,2,0.5,182
FF-HAM01-2026-01-26T16,HAM01,2026-01-26T16:00:00Z,2026-01-26,16,3,0.6667,158
FF-HAM01-2026-01-26T17,HAM01,2026-01-26T17:00:00Z,2026-01-26,17,4,0.75,171
FF-HAM01-2026-01-26T18,HAM01,2026-01-26T18:00:00Z,2026-01-26,18,2,0.5,155
FF-HAM01-2026-01-26T19,HAM01,2026-01-26T19:00:00Z,2026-01-26,19,2,0.5,159
FF-HAM01-2026-01-26T20,HAM01,2026-01-26T20:00:00Z,2026-01-26,20,2,0.5,146
FF-HAM01-2026-01-26T21,HAM01,2026-01-26T21:00:00Z,2026-01-26,21,2,0.5,151
FF-HAM01-2026-01-27T08,HAM01,2026-01-27T08:00:00Z,2026-01-27,8,2,0.5,186
FF-HAM01-2026-01-27T09,HAM01,2026-01-27T09:00:00Z,2026-01-27,9,2,0.5,163
FF-HAM01-2026-01-27T10,HAM01,2026-01-27T10:00:00Z,2026-01-27,10,2,0.5,175
FF-HAM01-2026-01-27T12,HAM01,2026-01-27T12:00:00Z,2026-01-27,12,11,0.4545,163
FF-HAM01-2026-01-27T13,HAM01,2026-01-27T13:00:00Z,2026-01-27,13,8,0.625,149
FF-HAM01-2026-01-27T14,HAM01,2026-01-27T14:00:00Z,2026-01-27,14,12,0.5,166
FF-HAM01-2026-01-27T15,HAM01,2026-01-27T15:00:00Z,2026-01-27,15,5,0.6,141
FF-HAM01-2026-01-27T16,HAM01,2026-01-27T16:00:00Z,2026-01-27,16,9,0.5556,191
FF-HAM01-2026-01-27T17,HAM01,2026-01-27T17:00:00Z,2026-01-27,17,3,0.6667,162
FF-HAM01-2026-01-27T18,HAM01,2026-01-27T18:00:00Z,2026-01-27,18,7,0.4286,207
FF-HAM01-2026-01-27T19,HAM01,2026-01-27T19:00:00Z,2026-01-27,19,3,0.6667,169
FF-HAM01-2026-01-27T20,HAM01,2026-01-27T20:00:00Z,2026-01-27,20,1,1.0,168
FF-HAM01-2026-01-27T21,HAM01,2026-01-27T21:00:00Z,2026-01-27,21,4,0.5,178
FF-HAM01-2026-01-28T10,HAM01,2026-01-28T10:00:00Z,2026-01-28,10,4,0.5,168
FF-HAM01-2026-01-28T11,HAM01,2026-01-28T11:00:00Z,2026-01-28,11,2,0.5,196
FF-HAM01-2026-01-28T12,HAM01,2026-01-28T12:00:00Z,2026-01-28,12,2,0.5,196
FF-HAM01-2026-01-28T13,HAM01,2026-01-28T13:00:00Z,2026-01-28,13,5,0.4,153
FF-HAM01-2026-01-28T14,HAM01,2026-01-28T14:00:00Z,2026-01-28,14,13,0.3846,174
FF-HAM01-2026-01-28T15,HAM01,2026-01-28T15:00:00Z,2026-01-28,15,11,0.5455,198
FF-HAM01-2026-01-28T16,HAM01,2026-01-28T16:00:00Z,2026-01-28,16,6,0.5,183
FF-HAM01-2026-01-28T17,HAM01,2026-01-28T17:00:00Z,2026-01-28,17,11,0.4545,183
FF-HAM01-2026-01-28T18,HAM01,2026-01-28T18:00:00Z,2026-01-28,18,3,0.6667,162
FF-HAM01-2026-01-28T19,HAM01,2026-01-28T19:00:00Z,2026-01-28,19,2,0.5,152
FF-HAM01-2026-01-28T20,HAM01,2026-01-28T20:00:00Z,2026-01-28,20,3,0.6667,199
FF-HAM01-2026-01-28T21,HAM01,2026-01-28T21:00:00Z,2026-01-28,21,4,0.5,152
FF-HAM01-2026-01-29T09,HAM01,2026-01-29T09:00:00Z,2026-01-29,9,2,0.5,118
FF-HAM01-2026-01-29T10,HAM01,2026-01-29T10:00:00Z,2026-01-29,10,2,0.5,164
FF-HAM01-2026-01-29T11,HAM01,2026-01-29T11:00:00Z,2026-01-29,11,2,0.5,167
FF-HAM01-2026-01-29T13,HAM01,2026-01-29T13:00:00Z,2026-01-29,13,3,0.6667,174
FF-HAM01-2026-01-29T14,HAM01,2026-01-29T14:00:00Z,2026-01-29,14,3,0.6667,193
FF-HAM01-2026-01-29T15,HAM01,2026-01-29T15:00:00Z,2026-01-29,15,5,0.6,145
FF-HAM01-2026-01-29T16,HAM01,2026-01-29T16:00:00Z,2026-01-29,16,5,0.6,159
FF-HAM01-2026-01-29T17,HAM01,2026-01-29T17:00:00Z,2026-01-29,17,3,0.6667,131
FF-HAM01-2026-01-29T18,HAM01,2026-01-29T18:00:00Z,2026-01-29,18,7,0.5714,144
FF-HAM01-2026-01-29T19,HAM01,2026-01-29T19:00:00Z,2026-01-29,19,2,0.5,122
FF-HAM01-2026-01-29T20,HAM01,2026-01-29T20:00:00Z,2026-01-29,20,2,0.5,143
FF-HAM01-2026-01-29T21,HAM01,2026-01-29T21:00:00Z,2026-01-29,21,3,0.6667,186
FF-HAM01-2026-01-30T09,HAM01,2026-01-30T09:00:00Z,2026-01-30,9,2,0.5,135
FF-HAM01-2026-01-30T10,HAM01,2026-01-30T10:00:00Z,2026-01-30,10,1,1.0,171
FF-HAM01-2026-01-30T11,HAM01,2026-01-30T11:00:00Z,2026-01-30,11,1,1.0,154
FF-HAM01-2026-01-30T12,HAM01,2026-01-30T12:00:00Z,2026-01-30,12,4,0.5,158
FF-HAM01-2026-01-30T13,HAM01,2026-01-30T13:00:00Z,2026-01-30,13,3,0.6667,195
FF-HAM01-2026-01-30T14,HAM01,2026-01-30T14:00:00Z,2026-01-30,14,7,0.5714,148
FF-HAM01-2026-01-30T15,HAM01,2026-01-30T15:00:00Z,2026-01-30,15,3,0.6667,149
FF-HAM01-2026-01-30T16,HAM01,2026-01-30T16:00:00Z,2026-01-30,16,4,0.5,183
FF-HAM01-2026-01-30T17,HAM01,2026-01-30T17:00:00Z,2026-01-30,17,2,0.5,180
FF-HAM01-2026-01-30T18,HAM01,2026-01-30T18:00:00Z,2026-01-30,18,4,0.5,174
FF-HAM01-2026-01-30T19,HAM01,2026-01-30T19:00:00Z,2026-01-30,19,2,0.5,164
FF-HAM01-2026-01-30T20,HAM01,2026-01-30T20:00:00Z,2026-01-30,20,2,0.5,187
FF-HAM01-2026-01-30T21,HAM01,2026-01-30T21:00:00Z,2026-01-30,21,2,0.5,165
FF-HAM01-2026-01-31T12,HAM01,2026-01-31T12:00:00Z,2026-01-31,12,2,0.5,170
FF-HAM01-2026-01-31T13,HAM01,2026-01-31T13:00:00Z,2026-01-31,13,2,0.5,188
FF-HAM01-2026-01-31T14,HAM01,2026-01-31T14:00:00Z,2026-01-31,14,2,0.5,188
FF-HAM01-2026-01-31T15,HAM01,2026-01-31T15:00:00Z,2026-01-31,15,2,0.5,161
FF-HAM01-2026-01-31T16,HAM01,2026-01-31T16:00:00Z,2026-01-31,16,2,0.5,152
FF-HAM01-2026-01-31T17,HAM01,2026-01-31T17:00:00Z,2026-01-31,17,2,0.5,175
FF-HAM01-2026-01-31T18,HAM01,2026-01-31T18:00:00Z,2026-01-31,18,2,0.5,172
FF-HAM01-2026-01-31T19,HAM01,2026-01-31T19:00:00Z,2026-01-31,19,2,0.5,147
FF-HAM01-2026-01-31T21,HAM01,2026-01-31T21:00:00Z,2026-01-31,21,2,0.5,157
FF-HAM01-2026-02-01T11,HAM01,2026-02-01T11:00:00Z,2026-02-01,11,2,0.5,165
FF-HAM01-2026-02-01T12,HAM01,2026-02-01T12:00:00Z,2026-02-01,12,2,0.5,166
FF-HAM01-2026-02-01T13,HAM01,2026-02-01T13:00:00Z,2026-02-01,13,4,0.5,178
FF-HAM01-2026-02-01T14,HAM01,2026-02-01T14:00:00Z,2026-02-01,14,2,0.5,137
FF-HAM01-2026-02-01T15,HAM01,2026-02-01T15:00:00Z,2026-02-01,15,2,0.5,161
FF-HAM01-2026-02-01T16,HAM01,2026-02-01T16:00:00Z,2026-02-01,16,4,0.5,128
FF-HAM01-2026-02-01T18,HAM01,2026-02-01T18:00:00Z,2026-02-01,18,1,1.0,162
FF-HAM01-2026-02-01T19,HAM01,2026-02-01T19:00:00Z,2026-02-01,19,2,0.5,153
FF-HAM01-2026-02-01T20,HAM01,2026-02-01T20:00:00Z,2026-02-01,20,2,0.5,172
FF-HAM01-2026-02-02T09,HAM01,2026-02-02T09:00:00Z,2026-02-02,9,3,0.3333,199
FF-HAM01-2026-02-02T10,HAM01,2026-02-02T10:00:00Z,2026-02-02,10,2,0.5,202
FF-HAM01-2026-02-02T11,HAM01,2026-02-02T11:00:00Z,2026-02-02,11,3,0.6667,163
FF-HAM01-2026-02-02T12,HAM01,2026-02-02T12:00:00Z,2026-02-02,12,6,0.5,144
FF-HAM01-2026-02-02T13,HAM01,2026-02-02T13:00:00Z,2026-02-02,13,10,0.5,190
FF-HAM01-2026-02-02T14,HAM01,2026-02-02T14:00:00Z,2026-02-02,14,7,0.5714,131
FF-HAM01-2026-02-02T15,HAM01,2026-02-02T15:00:00Z,2026-02-02,15,4,0.5,178
FF-HAM01-2026-02-02T16,HAM01,2026-02-02T16:00:00Z,2026-02-02,16,8,0.5,212
FF-HAM01-2026-02-02T17,HAM01,2026-02-02T17:00:00Z,2026-02-02,17,7,0.5714,168
FF-HAM01-2026-02-02T18,HAM01,2026-02-02T18:00:00Z,2026-02-02,18,4,0.75,162
FF-HAM01-2026-02-02T19,HAM01,2026-02-02T19:00:00Z,2026-02-02,19,2,0.5,161
FF-HAM01-2026-02-02T21,HAM01,2026-02-02T21:00:00Z,2026-02-02,21,5,0.4,146
FF-HAM01-2026-02-03T08,HAM01,2026-02-03T08:00:00Z,2026-02-03,8,2,0.5,192
FF-HAM01-2026-02-03T10,HAM01,2026-02-03T10:00:00Z,2026-02-03,10,2,0.5,157
FF-HAM01-2026-02-03T12,HAM01,2026-02-03T12:00:00Z,2026-02-03,12,3,0.6667,157
FF-HAM01-2026-02-03T13,HAM01,2026-02-03T13:00:00Z,2026-02-03,13,1,1.0,169
FF-HAM01-2026-02-03T14,HAM01,2026-02-03T14:00:00Z,2026-02-03,14,3,0.6667,173
FF-HAM01-2026-02-03T15,HAM01,2026-02-03T15:00:00Z,2026-02-03,15,6,0.6667,159
FF-HAM01-2026-02-03T16,HAM01,2026-02-03T16:00:00Z,2026-02-03,16,6,0.5,165
FF-HAM01-2026-02-03T17,HAM01,2026-02-03T17:00:00Z,2026-02-03,17,12,0.5,137
FF-HAM01-2026-02-03T18,HAM01,2026-02-03T18:00:00Z,2026-02-03,18,7,0.4286,194
FF-HAM01-2026-02-03T19,HAM01,2026-02-03T19:00:00Z,2026-02-03,19,2,0.5,158
FF-HAM01-2026-02-03T20,HAM01,2026-02-03T20:00:00Z,2026-02-03,20,2,0.5,183
FF-HAM01-2026-02-03T21,HAM01,2026-02-03T21:00:00Z,2026-02-03,21,5,0.4,174
FF-HAM01-2026-02-04T08,HAM01,2026-02-04T08:00:00Z,2026-02-04,8,2,0.5,191
FF-HAM01-2026-02-04T09,HAM01,2026-02-04T09:00:00Z,2026-02-04,9,2,0.5,178
FF-HAM01-2026-02-04T10,HAM01,2026-02-04T10:00:00Z,2026-02-04,10,2,0.5,171
FF-HAM01-2026-02-04T11,HAM01,2026-02-04T11:00:00Z,2026-02-04,11,3,0.6667,125
FF-HAM01-2026-02-04T12,HAM01,2026-02-04T12:00:00Z,2026-02-04,12,5,0.4,158
FF-HAM01-2026-02-04T13,HAM01,2026-02-04T13:00:00Z,2026-02-04,13,3,0.6667,199
FF-HAM01-2026-02-04T14,HAM01,2026-02-04T14:00:00Z,2026-02-04,14,5,0.6,145
FF-HAM01-2026-02-04T15,HAM01,2026-02-04T15:00:00Z,2026-02-04,15,2,0.5,163
FF-HAM01-2026-02-04T16,HAM01,2026-02-04T16:00:00Z,2026-02-04,16,6,0.6667,133
FF-HAM01-2026-02-04T17,HAM01,2026-02-04T17:00:00Z,2026-02-04,17,4,0.5,152
FF-HAM01-2026-02-04T18,HAM01,2026-02-04T18:00:00Z,2026-02-04,18,2,0.5,139
FF-HAM01-2026-02-04T19,HAM01,2026-02-04T19:00:00Z,2026-02-04,19,5,0.4,170
FF-HAM01-2026-02-04T20,HAM01,2026-02-04T20:00:00Z,2026-02-04,20,2,0.5,175
FF-HAM01-2026-02-05T08,HAM01,2026-02-05T08:00:00Z,2026-02-05,8,2,0.5,165
FF-HAM01-2026-02-05T09,HAM01,2026-02-05T09:00:00Z,2026-02-05,9,2,0.5,154
FF-HAM01-2026-02-05T10,HAM01,2026-02-05T10:00:00Z,2026-02-05,10,2,0.5,177
FF-HAM01-2026-02-05T11,HAM01,2026-02-05T11:00:00Z,2026-02-05,11,2,0.5,160
FF-HAM01-2026-02-05T12,HAM01,2026-02-05T12:00:00Z,2026-02-05,12,8,0.375,204
FF-HAM01-2026-02-05T13,HAM01,2026-02-05T13:00:00Z,2026-02-05,13,5,0.6,185
FF-HAM01-2026-02-05T14,HAM01,2026-02-05T14:00:00Z,2026-02-05,14,4,0.5,156
FF-HAM01-2026-02-05T15,HAM01,2026-02-05T15:00:00Z,2026-02-05,15,10,0.6,175
FF-HAM01-2026-02-05T16,HAM01,2026-02-05T16:00:00Z,2026-02-05,16,3,0.6667,168
FF-HAM01-2026-02-05T17,HAM01,2026-02-05T17:00:00Z,2026-02-05,17,3,0.6667,153
FF-HAM01-2026-02-05T18,HAM01,2026-02-05T18:00:00Z,2026-02-05,18,4,0.5,194
FF-HAM01-2026-02-05T19,HAM01,2026-02-05T19:00:00Z,2026-02-05,19,2,0.5,193
FF-HAM01-2026-02-05T20,HAM01,2026-02-05T20:00:00Z,2026-02-05,20,2,0.5,168
FF-HAM01-2026-02-05T21,HAM01,2026-02-05T21:00:00Z,2026-02-05,21,1,1.0,137
FF-HAM01-2026-02-06T08,HAM01,2026-02-06T08:00:00Z,2026-02-06,8,2,0.5,161
FF-HAM01-2026-02-06T09,HAM01,2026-02-06T09:00:00Z,2026-02-06,9,2,0.5,193
FF-HAM01-2026-02-06T10,HAM01,2026-02-06T10:00:00Z,2026-02-06,10,2,0.5,172
FF-HAM01-2026-02-06T12,HAM01,2026-02-06T12:00:00Z,2026-02-06,12,2,0.5,170
FF-HAM01-2026-02-06T13,HAM01,2026-02-06T13:00:00Z,2026-02-06,13,2,0.5,160
FF-HAM01-2026-02-06T14,HAM01,2026-02-06T14:00:00Z,2026-02-06,14,2,0.5,179
FF-HAM01-2026-02-06T15,HAM01,2026-02-06T15:00:00Z,2026-02-06,15,4,0.5,115
FF-HAM01-2026-02-06T16,HAM01,2026-02-06T16:00:00Z,2026-02-06,16,2,0.5,191
FF-HAM01-2026-02-06T19,HAM01,2026-02-06T19:00:00Z,2026-02-06,19,2,0.5,148
FF-HAM01-2026-02-06T21,HAM01,2026-02-06T21:00:00Z,2026-02-06,21,2,0.5,188
FF-HAM01-2026-02-07T09,HAM01,2026-02-07T09:00:00Z,2026-02-07,9,1,1.0,188
FF-HAM01-2026-02-07T12,HAM01,2026-02-07T12:00:00Z,2026-02-07,12,2,0.5,148
FF-HAM01-2026-02-07T13,HAM01,2026-02-07T13:00:00Z,2026-02-07,13,2,0.5,145
FF-HAM01-2026-02-07T14,HAM01,2026-02-07T14:00:00Z,2026-02-07,14,2,0.5,142
FF-HAM01-2026-02-07T15,HAM01,2026-02-07T15:00:00Z,2026-02-07,15,3,0.6667,181
FF-HAM01-2026-02-07T16,HAM01,2026-02-07T16:00:00Z,2026-02-07,16,2,0.5,131
FF-HAM01-2026-02-07T17,HAM01,2026-02-07T17:00:00Z,2026-02-07,17,2,0.5,203
FF-HAM01-2026-02-07T18,HAM01,2026-02-07T18:00:00Z,2026-02-07,18,3,0.3333,173
FF-HAM01-2026-02-07T21,HAM01,2026-02-07T21:00:00Z,2026-02-07,21,2,0.5,134
FF-HAM01-2026-02-08T09,HAM01,2026-02-08T09:00:00Z,2026-02-08,9,2,0.5,145
FF-HAM01-2026-02-08T10,HAM01,2026-02-08T10:00:00Z,2026-02-08,10,2,0.5,163
FF-HAM01-2026-02-08T12,HAM01,2026-02-08T12:00:00Z,2026-02-08,12,2,0.5,161
FF-HAM01-2026-02-08T13,HAM01,2026-02-08T13:00:00Z,2026-02-08,13,4,0.5,200
FF-HAM01-2026-02-08T14,HAM01,2026-02-08T14:00:00Z,2026-02-08,14,3,0.3333,182
FF-HAM01-2026-02-08T15,HAM01,2026-02-08T15:00:00Z,2026-02-08,15,2,0.5,159
FF-HAM01-2026-02-08T16,HAM01,2026-02-08T16:00:00Z,2026-02-08,16,2,0.5,167
FF-HAM01-2026-02-08T17,HAM01,2026-02-08T17:00:00Z,2026-02-08,17,2,0.5,182
FF-HAM01-2026-02-08T18,HAM01,2026-02-08T18:00:00Z,2026-02-08,18,4,0.5,151
FF-HAM01-2026-02-08T19,HAM01,2026-02-08T19:00:00Z,2026-02-08,19,2,0.5,164
FF-HAM01-2026-02-08T20,HAM01,2026-02-08T20:00:00Z,2026-02-08,20,2,0.5,153
FF-HAM01-2026-02-08T21,HAM01,2026-02-08T21:00:00Z,2026-02-08,21,2,0.5,168
FF-HAM01-2026-02-09T09,HAM01,2026-02-09T09:00:00Z,2026-02-09,9,1,1.0,161
FF-HAM01-2026-02-09T10,HAM01,2026-02-09T10:00:00Z,2026-02-09,10,2,0.5,171
FF-HAM01-2026-02-09T11,HAM01,2026-02-09T11:00:00Z,2026-02-09,11,2,0.5,144
FF-HAM01-2026-02-09T12,HAM01,2026-02-09T12:00:00Z,2026-02-09,12,1,1.0,174
FF-HAM01-2026-02-09T13,HAM01,2026-02-09T13:00:00Z,2026-02-09,13,2,0.5,149
FF-HAM01-2026-02-09T14,HAM01,2026-02-09T14:00:00Z,2026-02-09,14,10,0.4,173
FF-HAM01-2026-02-09T15,HAM01,2026-02-09T15:00:00Z,2026-02-09,15,5,0.6,198
FF-HAM01-2026-02-09T16,HAM01,2026-02-09T16:00:00Z,2026-02-09,16,5,0.6,155
FF-HAM01-2026-02-09T17,HAM01,2026-02-09T17:00:00Z,2026-02-09,17,2,0.5,150
FF-HAM01-2026-02-09T18,HAM01,2026-02-09T18:00:00Z,2026-02-09,18,3,0.6667,166
FF-HAM01-2026-02-09T19,HAM01,2026-02-09T19:00:00Z,2026-02-09,19,4,0.5,154
FF-HAM01-2026-02-09T20,HAM01,2026-02-09T20:00:00Z,2026-02-09,20,2,0.5,183
FF-HAM01-2026-02-09T21,HAM01,2026-02-09T21:00:00Z,2026-02-09,21,3,0.6667,159
FF-HAM01-2026-02-10T08,HAM01,2026-02-10T08:00:00Z,2026-02-10,8,2,0.5,154
FF-HAM01-2026-02-10T09,HAM01,2026-02-10T09:00:00Z,2026-02-10,9,4,0.5,171
FF-HAM01-2026-02-10T10,HAM01,2026-02-10T10:00:00Z,2026-02-10,10,2,0.5,192
FF-HAM01-2026-02-10T11,HAM01,2026-02-10T11:00:00Z,2026-02-10,11,2,0.5,152
FF-HAM01-2026-02-10T12,HAM01,2026-02-10T12:00:00Z,2026-02-10,12,2,0.5,156
FF-HAM01-2026-02-10T13,HAM01,2026-02-10T13:00:00Z,2026-02-10,13,7,0.4286,171
FF-HAM01-2026-02-10T14,HAM01,2026-02-10T14:00:00Z,2026-02-10,14,5,0.4,196
FF-HAM01-2026-02-10T15,HAM01,2026-02-10T15:00:00Z,2026-02-10,15,7,0.5714,181
FF-HAM01-2026-02-10T16,HAM01,2026-02-10T16:00:00Z,2026-02-10,16,7,0.4286,193
FF-HAM01-2026-02-10T17,HAM01,2026-02-10T17:00:00Z,2026-02-10,17,6,0.5,142
FF-HAM01-2026-02-10T18,HAM01,2026-02-10T18:00:00Z,2026-02-10,18,2,0.5,191
FF-HAM01-2026-02-10T19,HAM01,2026-02-10T19:00:00Z,2026-02-10,19,3,0.6667,187
FF-HAM01-2026-02-10T21,HAM01,2026-02-10T21:00:00Z,2026-02-10,21,2,0.5,175
FF-HAM01-2026-02-11T08,HAM01,2026-02-11T08:00:00Z,2026-02-11,8,2,0.5,151
FF-HAM01-2026-02-11T09,HAM01,2026-02-11T09:00:00Z,2026-02-11,9,2,0.5,156
FF-HAM01-2026-02-11T11,HAM01,2026-02-11T11:00:00Z,2026-02-11,11,3,0.3333,176
FF-HAM01-2026-02-11T12,HAM01,2026-02-11T12:00:00Z,2026-02-11,12,3,0.6667,150
FF-HAM01-2026-02-11T13,HAM01,2026-02-11T13:00:00Z,2026-02-11,13,6,0.6667,138
FF-HAM01-2026-02-11T14,HAM01,2026-02-11T14:00:00Z,2026-02-11,14,7,0.5714,204
FF-HAM01-2026-02-11T15,HAM01,2026-02-11T15:00:00Z,2026-02-11,15,11,0.4545,188
FF-HAM01-2026-02-11T16,HAM01,2026-02-11T16:00:00Z,2026-02-11,16,3,0.6667,159
FF-HAM01-2026-02-11T17,HAM01,2026-02-11T17:00:00Z,2026-02-11,17,7,0.5714,147
FF-HAM01-2026-02-11T18,HAM01,2026-02-11T18:00:00Z,2026-02-11,18,5,0.4,147
FF-HAM01-2026-02-11T19,HAM01,2026-02-11T19:00:00Z,2026-02-11,19,2,0.5,136
FF-HAM01-2026-02-11T20,HAM01,2026-02-11T20:00:00Z,2026-02-11,20,2,0.5,179
FF-HAM01-2026-02-11T21,HAM01,2026-02-11T21:00:00Z,2026-02-11,21,2,0.5,170
FF-HAM01-2026-02-12T08,HAM01,2026-02-12T08:00:00Z,2026-02-12,8,2,0.5,182
FF-HAM01-2026-02-12T10,HAM01,2026-02-12T10:00:00Z,2026-02-12,10,2,0.5,140
FF-HAM01-2026-02-12T11,HAM01,2026-02-12T11:00:00Z,2026-02-12,11,2,0.5,163
FF-HAM01-2026-02-12T12,HAM01,2026-02-12T12:00:00Z,2026-02-12,12,3,0.6667,156
FF-HAM01-2026-02-12T13,HAM01,2026-02-12T13:00:00Z,2026-02-12,13,6,0.3333,156
FF-HAM01-2026-02-12T14,HAM01,2026-02-12T14:00:00Z,2026-02-12,14,5,0.6,189
FF-HAM01-2026-02-12T15,HAM01,2026-02-12T15:00:00Z,2026-02-12,15,2,0.5,191
FF-HAM01-2026-02-12T16,HAM01,2026-02-12T16:00:00Z,2026-02-12,16,14,0.4286,173
FF-HAM01-2026-02-12T17,HAM01,2026-02-12T17:00:00Z,2026-02-12,17,3,0.6667,152
FF-HAM01-2026-02-12T18,HAM01,2026-02-12T18:00:00Z,2026-02-12,18,2,0.5,164
FF-HAM01-2026-02-12T19,HAM01,2026-02-12T19:00:00Z,2026-02-12,19,2,0.5,165
FF-HAM01-2026-02-12T20,HAM01,2026-02-12T20:00:00Z,2026-02-12,20,3,0.3333,173
FF-HAM01-2026-02-12T21,HAM01,2026-02-12T21:00:00Z,2026-02-12,21,3,0.3333,173
FF-HAM01-2026-02-13T08,HAM01,2026-02-13T08:00:00Z,2026-02-13,8,2,0.5,185
FF-HAM01-2026-02-13T09,HAM01,2026-02-13T09:00:00Z,2026-02-13,9,1,1.0,159
FF-HAM01-2026-02-13T10,HAM01,2026-02-13T10:00:00Z,2026-02-13,10,2,0.5,147
FF-HAM01-2026-02-13T11,HAM01,2026-02-13T11:00:00Z,2026-02-13,11,2,0.5,198
FF-HAM01-2026-02-13T12,HAM01,2026-02-13T12:00:00Z,2026-02-13,12,2,0.5,184
FF-HAM01-2026-02-13T13,HAM01,2026-02-13T13:00:00Z,2026-02-13,13,3,0.6667,195
FF-HAM01-2026-02-13T14,HAM01,2026-02-13T14:00:00Z,2026-02-13,14,2,0.5,185
FF-HAM01-2026-02-13T15,HAM01,2026-02-13T15:00:00Z,2026-02-13,15,2,0.5,160
FF-HAM01-2026-02-13T16,HAM01,2026-02-13T16:00:00Z,2026-02-13,16,6,0.5,196
FF-HAM01-2026-02-13T17,HAM01,2026-02-13T17:00:00Z,2026-02-13,17,4,0.5,138
FF-HAM01-2026-02-13T18,HAM01,2026-02-13T18:00:00Z,2026-02-13,18,4,0.5,174
FF-HAM01-2026-02-13T19,HAM01,2026-02-13T19:00:00Z,2026-02-13,19,1,1.0,191
FF-HAM01-2026-02-14T13,HAM01,2026-02-14T13:00:00Z,2026-02-14,13,1,1.0,187
FF-HAM01-2026-02-14T15,HAM01,2026-02-14T15:00:00Z,2026-02-14,15,2,0.5,131
FF-HAM01-2026-02-14T16,HAM01,2026-02-14T16:00:00Z,2026-02-14,16,2,0.5,171
FF-HAM01-2026-02-14T17,HAM01,2026-02-14T17:00:00Z,2026-02-14,17,2,0.5,178
FF-HAM01-2026-02-14T18,HAM01,2026-02-14T18:00:00Z,2026-02-14,18,2,0.5,189
FF-HAM01-2026-02-15T08,HAM01,2026-02-15T08:00:00Z,2026-02-15,8,2,0.5,192
FF-HAM01-2026-02-15T09,HAM01,2026-02-15T09:00:00Z,2026-02-15,9,1,1.0,197
FF-HAM01-2026-02-15T10,HAM01,2026-02-15T10:00:00Z,2026-02-15,10,2,0.5,161
FF-HAM01-2026-02-15T12,HAM01,2026-02-15T12:00:00Z,2026-02-15,12,2,0.5,169
FF-HAM01-2026-02-15T13,HAM01,2026-02-15T13:00:00Z,2026-02-15,13,7,0.4286,178
FF-HAM01-2026-02-15T14,HAM01,2026-02-15T14:00:00Z,2026-02-15,14,2,0.5,149
FF-HAM01-2026-02-15T15,HAM01,2026-02-15T15:00:00Z,2026-02-15,15,3,0.6667,151
FF-HAM01-2026-02-15T16,HAM01,2026-02-15T16:00:00Z,2026-02-15,16,5,0.4,119
FF-HAM01-2026-02-15T17,HAM01,2026-02-15T17:00:00Z,2026-02-15,17,3,0.6667,127
FF-HAM01-2026-02-15T18,HAM01,2026-02-15T18:00:00Z,2026-02-15,18,3,0.3333,151
FF-HAM01-2026-02-15T19,HAM01,2026-02-15T19:00:00Z,2026-02-15,19,1,1.0,167
FF-HAM01-2026-02-15T21,HAM01,2026-02-15T21:00:00Z,2026-02-15,21,2,0.5,159
FF-HAM01-2026-02-16T08,HAM01,2026-02-16T08:00:00Z,2026-02-16,8,2,0.5,188
FF-HAM01-2026-02-16T09,HAM01,2026-02-16T09:00:00Z,2026-02-16,9,2,0.5,179
FF-HAM01-2026-02-16T10,HAM01,2026-02-16T10:00:00Z,2026-02-16,10,2,0.5,143
FF-HAM01-2026-02-16T11,HAM01,2026-02-16T11:00:00Z,2026-02-16,11,2,0.5,186
FF-HAM01-2026-02-16T12,HAM01,2026-02-16T12:00:00Z,2026-02-16,12,5,0.4,152
FF-HAM01-2026-02-16T13,HAM01,2026-02-16T13:00:00Z,2026-02-16,13,5,0.4,182
FF-HAM01-2026-02-16T14,HAM01,2026-02-16T14:00:00Z,2026-02-16,14,4,0.5,152
FF-HAM01-2026-02-16T15,HAM01,2026-02-16T15:00:00Z,2026-02-16,15,9,0.3333,179
FF-HAM01-2026-02-16T16,HAM01,2026-02-16T16:00:00Z,2026-02-16,16,6,0.5,175
FF-HAM01-2026-02-16T17,HAM01,2026-02-16T17:00:00Z,2026-02-16,17,4,0.75,171
FF-HAM01-2026-02-16T18,HAM01,2026-02-16T18:00:00Z,2026-02-16,18,3,0.6667,177
FF-HAM01-2026-02-16T19,HAM01,2026-02-16T19:00:00Z,2026-02-16,19,5,0.4,188
FF-HAM01-2026-02-16T20,HAM01,2026-02-16T20:00:00Z,2026-02-16,20,2,0.5,153
FF-HAM01-2026-02-16T21,HAM01,2026-02-16T21:00:00Z,2026-02-16,21,2,0.5,154
FF-HAM01-2026-02-17T08,HAM01,2026-02-17T08:00:00Z,2026-02-17,8,2,0.5,158
FF-HAM01-2026-02-17T09,HAM01,2026-02-17T09:00:00Z,2026-02-17,9,2,0.5,199
FF-HAM01-2026-02-17T10,HAM01,2026-02-17T10:00:00Z,2026-02-17,10,2,0.5,178
FF-HAM01-2026-02-17T11,HAM01,2026-02-17T11:00:00Z,2026-02-17,11,3,0.6667,194
FF-HAM01-2026-02-17T12,HAM01,2026-02-17T12:00:00Z,2026-02-17,12,3,0.6667,180
FF-HAM01-2026-02-17T13,HAM01,2026-02-17T13:00:00Z,2026-02-17,13,4,0.5,135
FF-HAM01-2026-02-17T14,HAM01,2026-02-17T14:00:00Z,2026-02-17,14,6,0.5,175
FF-HAM01-2026-02-17T15,HAM01,2026-02-17T15:00:00Z,2026-02-17,15,17,0.3529,141
FF-HAM01-2026-02-17T16,HAM01,2026-02-17T16:00:00Z,2026-02-17,16,10,0.5,126
FF-HAM01-2026-02-17T17,HAM01,2026-02-17T17:00:00Z,2026-02-17,17,5,0.6,212
FF-HAM01-2026-02-17T18,HAM01,2026-02-17T18:00:00Z,2026-02-17,18,10,0.4,147
FF-HAM01-2026-02-17T19,HAM01,2026-02-17T19:00:00Z,2026-02-17,19,6,0.5,188
FF-HAM01-2026-02-17T21,HAM01,2026-02-17T21:00:00Z,2026-02-17,21,4,0.5,168
FF-HAM01-2026-02-18T08,HAM01,2026-02-18T08:00:00Z,2026-02-18,8,2,0.5,150
FF-HAM01-2026-02-18T10,HAM01,2026-02-18T10:00:00Z,2026-02-18,10,2,0.5,143
FF-HAM01-2026-02-18T11,HAM01,2026-02-18T11:00:00Z,2026-02-18,11,4,0.5,152
FF-HAM01-2026-02-18T12,HAM01,2026-02-18T12:00:00Z,2026-02-18,12,5,0.6,214
FF-HAM01-2026-02-18T13,HAM01,2026-02-18T13:00:00Z,2026-02-18,13,8,0.5,172
FF-HAM01-2026-02-18T14,HAM01,2026-02-18T14:00:00Z,2026-02-18,14,4,0.5,185
FF-HAM01-2026-02-18T15,HAM01,2026-02-18T15:00:00Z,2026-02-18,15,6,0.5,152
FF-HAM01-2026-02-18T16,HAM01,2026-02-18T16:00:00Z,2026-02-18,16,6,0.6667,160
FF-HAM01-2026-02-18T17,HAM01,2026-02-18T17:00:00Z,2026-02-18,17,4,0.75,158
FF-HAM01-2026-02-18T18,HAM01,2026-02-18T18:00:00Z,2026-02-18,18,3,0.6667,169
FF-HAM01-2026-02-18T19,HAM01,2026-02-18T19:00:00Z,2026-02-18,19,2,0.5,161
FF-HAM01-2026-02-18T20,HAM01,2026-02-18T20:00:00Z,2026-02-18,20,2,0.5,167
FF-HAM01-2026-02-18T21,HAM01,2026-02-18T21:00:00Z,2026-02-18,21,2,0.5,196
FF-HAM01-2026-02-19T08,HAM01,2026-02-19T08:00:00Z,2026-02-19,8,2,0.5,171
FF-HAM01-2026-02-19T10,HAM01,2026-02-19T10:00:00Z,2026-02-19,10,2,0.5,167
FF-HAM01-2026-02-19T11,HAM01,2026-02-19T11:00:00Z,2026-02-19,11,2,0.5,170
FF-HAM01-2026-02-19T12,HAM01,2026-02-19T12:00:00Z,2026-02-19,12,4,0.5,159
FF-HAM01-2026-02-19T13,HAM01,2026-02-19T13:00:00Z,2026-02-19,13,3,0.6667,179
FF-HAM01-2026-02-19T14,HAM01,2026-02-19T14:00:00Z,2026-02-19,14,5,0.4,170
FF-HAM01-2026-02-19T15,HAM01,2026-02-19T15:00:00Z,2026-02-19,15,4,0.5,181
FF-HAM01-2026-02-19T16,HAM01,2026-02-19T16:00:00Z,2026-02-19,16,5,0.4,127
FF-HAM01-2026-02-19T17,HAM01,2026-02-19T17:00:00Z,2026-02-19,17,2,0.5,176
FF-HAM01-2026-02-19T18,HAM01,2026-02-19T18:00:00Z,2026-02-19,18,3,0.6667,203
FF-HAM01-2026-02-19T21,HAM01,2026-02-19T21:00:00Z,2026-02-19,21,2,0.5,178
FF-HAM01-2026-02-20T09,HAM01,2026-02-20T09:00:00Z,2026-02-20,9,2,0.5,147
FF-HAM01-2026-02-20T12,HAM01,2026-02-20T12:00:00Z,2026-02-20,12,6,0.5,170
FF-HAM01-2026-02-20T13,HAM01,2026-02-20T13:00:00Z,2026-02-20,13,4,0.5,172
FF-HAM01-2026-02-20T14,HAM01,2026-02-20T14:00:00Z,2026-02-20,14,1,1.0,189
FF-HAM01-2026-02-20T15,HAM01,2026-02-20T15:00:00Z,2026-02-20,15,3,0.6667,208
FF-HAM01-2026-02-20T16,HAM01,2026-02-20T16:00:00Z,2026-02-20,16,6,0.3333,169
FF-HAM01-2026-02-20T17,HAM01,2026-02-20T17:00:00Z,2026-02-20,17,2,0.5,152
FF-HAM01-2026-02-20T18,HAM01,2026-02-20T18:00:00Z,2026-02-20,18,2,0.5,177
FF-HAM01-2026-02-20T19,HAM01,2026-02-20T19:00:00Z,2026-02-20,19,2,0.5,183
FF-HAM01-2026-02-20T20,HAM01,2026-02-20T20:00:00Z,2026-02-20,20,2,0.5,191
FF-HAM01-2026-02-20T21,HAM01,2026-02-20T21:00:00Z,2026-02-20,21,2,0.5,159
FF-HAM01-2026-02-21T12,HAM01,2026-02-21T12:00:00Z,2026-02-21,12,2,0.5,164
FF-HAM01-2026-02-21T14,HAM01,2026-02-21T14:00:00Z,2026-02-21,14,1,1.0,160
FF-HAM01-2026-02-21T17,HAM01,2026-02-21T17:00:00Z,2026-02-21,17,2,0.5,176
FF-HAM01-2026-02-21T18,HAM01,2026-02-21T18:00:00Z,2026-02-21,18,2,0.5,197
FF-HAM01-2026-02-22T11,HAM01,2026-02-22T11:00:00Z,2026-02-22,11,2,0.5,191
FF-HAM01-2026-02-22T12,HAM01,2026-02-22T12:00:00Z,2026-02-22,12,2,0.5,163
FF-HAM01-2026-02-22T13,HAM01,2026-02-22T13:00:00Z,2026-02-22,13,2,0.5,162
FF-HAM01-2026-02-22T14,HAM01,2026-02-22T14:00:00Z,2026-02-22,14,3,0.6667,133
FF-HAM01-2026-02-22T15,HAM01,2026-02-22T15:00:00Z,2026-02-22,15,2,0.5,157
FF-HAM01-2026-02-22T17,HAM01,2026-02-22T17:00:00Z,2026-02-22,17,2,0.5,193
FF-HAM01-2026-02-22T18,HAM01,2026-02-22T18:00:00Z,2026-02-22,18,2,0.5,165
FF-HAM01-2026-02-22T19,HAM01,2026-02-22T19:00:00Z,2026-02-22,19,2,0.5,186
FF-HAM01-2026-02-22T21,HAM01,2026-02-22T21:00:00Z,2026-02-22,21,1,1.0,151
FF-HAM01-2026-02-23T08,HAM01,2026-02-23T08:00:00Z,2026-02-23,8,1,1.0,200
FF-HAM01-2026-02-23T09,HAM01,2026-02-23T09:00:00Z,2026-02-23,9,2,0.5,150
FF-HAM01-2026-02-23T10,HAM01,2026-02-23T10:00:00Z,2026-02-23,10,2,0.5,149
FF-HAM01-2026-02-23T11,HAM01,2026-02-23T11:00:00Z,2026-02-23,11,2,0.5,183
FF-HAM01-2026-02-23T12,HAM01,2026-02-23T12:00:00Z,2026-02-23,12,5,0.6,168
FF-HAM01-2026-02-23T13,HAM01,2026-02-23T13:00:00Z,2026-02-23,13,5,0.6,165
FF-HAM01-2026-02-23T14,HAM01,2026-02-23T14:00:00Z,2026-02-23,14,4,0.5,193
FF-HAM01-2026-02-23T15,HAM01,2026-02-23T15:00:00Z,2026-02-23,15,7,0.4286,150
FF-HAM01-2026-02-23T16,HAM01,2026-02-23T16:00:00Z,2026-02-23,16,6,0.5,201
FF-HAM01-2026-02-23T17,HAM01,2026-02-23T17:00:00Z,2026-02-23,17,4,0.5,169
FF-HAM01-2026-02-23T18,HAM01,2026-02-23T18:00:00Z,2026-02-23,18,5,0.6,169
FF-HAM01-2026-02-23T19,HAM01,2026-02-23T19:00:00Z,2026-02-23,19,2,0.5,137
FF-HAM01-2026-02-23T20,HAM01,2026-02-23T20:00:00Z,2026-02-23,20,2,0.5,180
FF-HAM01-2026-02-23T21,HAM01,2026-02-23T21:00:00Z,2026-02-23,21,2,0.5,190
FF-HAM01-2026-02-24T08,HAM01,2026-02-24T08:00:00Z,2026-02-24,8,2,0.5,143
FF-HAM01-2026-02-24T09,HAM01,2026-02-24T09:00:00Z,2026-02-24,9,3,0.3333,154
FF-HAM01-2026-02-24T10,HAM01,2026-02-24T10:00:00Z,2026-02-24,10,2,0.5,141
FF-HAM01-2026-02-24T11,HAM01,2026-02-24T11:00:00Z,2026-02-24,11,2,0.5,170
FF-HAM01-2026-02-24T12,HAM01,2026-02-24T12:00:00Z,2026-02-24,12,4,0.5,191
FF-HAM01-2026-02-24T13,HAM01,2026-02-24T13:00:00Z,2026-02-24,13,15,0.3333,146
FF-HAM01-2026-02-24T14,HAM01,2026-02-24T14:00:00Z,2026-02-24,14,3,0.3333,149
FF-HAM01-2026-02-24T15,HAM01,2026-02-24T15:00:00Z,2026-02-24,15,9,0.4444,190
FF-HAM01-2026-02-24T16,HAM01,2026-02-24T16:00:00Z,2026-02-24,16,4,0.5,136
FF-HAM01-2026-02-24T17,HAM01,2026-02-24T17:00:00Z,2026-02-24,17,3,0.6667,131
FF-HAM01-2026-02-24T18,HAM01,2026-02-24T18:00:00Z,2026-02-24,18,5,0.4,136
FF-HAM01-2026-02-24T19,HAM01,2026-02-24T19:00:00Z,2026-02-24,19,2,0.5,176
FF-HAM01-2026-02-24T20,HAM01,2026-02-24T20:00:00Z,2026-02-24,20,2,0.5,182
FF-HAM01-2026-02-24T21,HAM01,2026-02-24T21:00:00Z,2026-02-24,21,2,0.5,161
FF-HAM01-2026-02-25T08,HAM01,2026-02-25T08:00:00Z,2026-02-25,8,2,0.5,161
FF-HAM01-2026-02-25T09,HAM01,2026-02-25T09:00:00Z,2026-02-25,9,2,0.5,157
FF-HAM01-2026-02-25T10,HAM01,2026-02-25T10:00:00Z,2026-02-25,10,2,0.5,147
FF-HAM01-2026-02-25T11,HAM01,2026-02-25T11:00:00Z,2026-02-25,11,2,0.5,123
FF-HAM01-2026-02-25T12,HAM01,2026-02-25T12:00:00Z,2026-02-25,12,4,0.5,165
FF-HAM01-2026-02-25T13,HAM01,2026-02-25T13:00:00Z,2026-02-25,13,11,0.4545,206
FF-HAM01-2026-02-25T14,HAM01,2026-02-25T14:00:00Z,2026-02-25,14,4,0.5,182
FF-HAM01-2026-02-25T15,HAM01,2026-02-25T15:00:00Z,2026-02-25,15,4,0.5,186
FF-HAM01-2026-02-25T16,HAM01,2026-02-25T16:00:00Z,2026-02-25,16,5,0.4,184
FF-HAM01-2026-02-25T17,HAM01,2026-02-25T17:00:00Z,2026-02-25,17,4,0.5,190
FF-HAM01-2026-02-25T18,HAM01,2026-02-25T18:00:00Z,2026-02-25,18,2,0.5,131
FF-HAM01-2026-02-25T19,HAM01,2026-02-25T19:00:00Z,2026-02-25,19,2,0.5,158
FF-HAM01-2026-02-25T20,HAM01,2026-02-25T20:00:00Z,2026-02-25,20,2,0.5,166
FF-HAM01-2026-02-25T21,HAM01,2026-02-25T21:00:00Z,2026-02-25,21,3,0.6667,190
FF-HAM01-2026-02-26T08,HAM01,2026-02-26T08:00:00Z,2026-02-26,8,2,0.5,174
FF-HAM01-2026-02-26T09,HAM01,2026-02-26T09:00:00Z,2026-02-26,9,2,0.5,184
FF-HAM01-2026-02-26T10,HAM01,2026-02-26T10:00:00Z,2026-02-26,10,2,0.5,174
FF-HAM01-2026-02-26T12,HAM01,2026-02-26T12:00:00Z,2026-02-26,12,4,0.5,163
FF-HAM01-2026-02-26T13,HAM01,2026-02-26T13:00:00Z,2026-02-26,13,4,0.5,160
FF-HAM01-2026-02-26T14,HAM01,2026-02-26T14:00:00Z,2026-02-26,14,2,0.5,125
FF-HAM01-2026-02-26T15,HAM01,2026-02-26T15:00:00Z,2026-02-26,15,4,0.5,171
FF-HAM01-2026-02-26T16,HAM01,2026-02-26T16:00:00Z,2026-02-26,16,2,0.5,143
FF-HAM01-2026-02-26T17,HAM01,2026-02-26T17:00:00Z,2026-02-26,17,3,0.6667,151
FF-HAM01-2026-02-26T18,HAM01,2026-02-26T18:00:00Z,2026-02-26,18,2,0.5,131
FF-HAM01-2026-02-26T19,HAM01,2026-02-26T19:00:00Z,2026-02-26,19,2,0.5,140
FF-HAM01-2026-02-26T20,HAM01,2026-02-26T20:00:00Z,2026-02-26,20,2,0.5,167
FF-HAM01-2026-02-26T21,HAM01,2026-02-26T21:00:00Z,2026-02-26,21,4,0.5,153
FF-HAM01-2026-02-27T08,HAM01,2026-02-27T08:00:00Z,2026-02-27,8,2,0.5,153
FF-HAM01-2026-02-27T09,HAM01,2026-02-27T09:00:00Z,2026-02-27,9,2,0.5,179
FF-HAM01-2026-02-27T12,HAM01,2026-02-27T12:00:00Z,2026-02-27,12,2,0.5,180
FF-HAM01-2026-02-27T13,HAM01,2026-02-27T13:00:00Z,2026-02-27,13,4,0.5,150
FF-HAM01-2026-02-27T14,HAM01,2026-02-27T14:00:00Z,2026-02-27,14,5,0.4,217
FF-HAM01-2026-02-27T15,HAM01,2026-02-27T15:00:00Z,2026-02-27,15,2,0.5,176
FF-HAM01-2026-02-27T16,HAM01,2026-02-27T16:00:00Z,2026-02-27,16,9,0.2222,129
FF-HAM01-2026-02-27T17,HAM01,2026-02-27T17:00:00Z,2026-02-27,17,2,0.5,151
FF-HAM01-2026-02-27T18,HAM01,2026-02-27T18:00:00Z,2026-02-27,18,3,0.3333,128
FF-HAM01-2026-02-27T19,HAM01,2026-02-27T19:00:00Z,2026-02-27,19,1,1.0,164
FF-HAM01-2026-02-27T20,HAM01,2026-02-27T20:00:00Z,2026-02-27,20,2,0.5,140
FF-HAM01-2026-02-27T21,HAM01,2026-02-27T21:00:00Z,2026-02-27,21,2,0.5,188
FF-HAM01-2026-02-28T11,HAM01,2026-02-28T11:00:00Z,2026-02-28,11,2,0.5,174
FF-HAM01-2026-02-28T12,HAM01,2026-02-28T12:00:00Z,2026-02-28,12,2,0.5,172
FF-HAM01-2026-02-28T13,HAM01,2026-02-28T13:00:00Z,2026-02-28,13,2,0.5,156
FF-HAM01-2026-02-28T14,HAM01,2026-02-28T14:00:00Z,2026-02-28,14,2,0.5,145
FF-HAM01-2026-02-28T15,HAM01,2026-02-28T15:00:00Z,2026-02-28,15,2,0.5,167
FF-HAM01-2026-02-28T16,HAM01,2026-02-28T16:00:00Z,2026-02-28,16,2,0.5,139
FF-HAM01-2026-02-28T18,HAM01,2026-02-28T18:00:00Z,2026-02-28,18,2,0.5,195
FF-HAM01-2026-02-28T19,HAM01,2026-02-28T19:00:00Z,2026-02-28,19,2,0.5,137
FF-HAM01-2026-03-01T09,HAM01,2026-03-01T09:00:00Z,2026-03-01,9,1,1.0,192
FF-HAM01-2026-03-01T11,HAM01,2026-03-01T11:00:00Z,2026-03-01,11,2,0.5,168
FF-HAM01-2026-03-01T12,HAM01,2026-03-01T12:00:00Z,2026-03-01,12,2,0.5,140
FF-HAM01-2026-03-01T13,HAM01,2026-03-01T13:00:00Z,2026-03-01,13,3,0.6667,140
FF-HAM01-2026-03-01T14,HAM01,2026-03-01T14:00:00Z,2026-03-01,14,2,0.5,173
FF-HAM01-2026-03-01T15,HAM01,2026-03-01T15:00:00Z,2026-03-01,15,4,0.5,133
FF-HAM01-2026-03-01T16,HAM01,2026-03-01T16:00:00Z,2026-03-01,16,2,0.5,168
FF-HAM01-2026-03-01T17,HAM01,2026-03-01T17:00:00Z,2026-03-01,17,2,0.5,179
FF-HAM01-2026-03-01T18,HAM01,2026-03-01T18:00:00Z,2026-03-01,18,2,0.5,172
FF-HAM01-2026-03-01T21,HAM01,2026-03-01T21:00:00Z,2026-03-01,21,2,0.5,135
FF-HAM01-2026-03-02T08,HAM01,2026-03-02T08:00:00Z,2026-03-02,8,2,0.5,139
FF-HAM01-2026-03-02T09,HAM01,2026-03-02T09:00:00Z,2026-03-02,9,2,0.5,139
FF-HAM01-2026-03-02T10,HAM01,2026-03-02T10:00:00Z,2026-03-02,10,2,0.5,128
FF-HAM01-2026-03-02T11,HAM01,2026-03-02T11:00:00Z,2026-03-02,11,2,0.5,144
FF-HAM01-2026-03-02T12,HAM01,2026-03-02T12:00:00Z,2026-03-02,12,4,0.5,177
FF-HAM01-2026-03-02T13,HAM01,2026-03-02T13:00:00Z,2026-03-02,13,5,0.4,177
FF-HAM01-2026-03-02T14,HAM01,2026-03-02T14:00:00Z,2026-03-02,14,6,0.5,149
FF-HAM01-2026-03-02T15,HAM01,2026-03-02T15:00:00Z,2026-03-02,15,6,0.5,140
FF-HAM01-2026-03-02T16,HAM01,2026-03-02T16:00:00Z,2026-03-02,16,6,0.5,185
FF-HAM01-2026-03-02T17,HAM01,2026-03-02T17:00:00Z,2026-03-02,17,6,0.5,130
FF-HAM01-2026-03-02T18,HAM01,2026-03-02T18:00:00Z,2026-03-02,18,2,0.5,151
FF-HAM01-2026-03-02T19,HAM01,2026-03-02T19:00:00Z,2026-03-02,19,3,0.6667,187
FF-HAM01-2026-03-02T20,HAM01,2026-03-02T20:00:00Z,2026-03-02,20,2,0.5,211
FF-HAM01-2026-03-02T21,HAM01,2026-03-02T21:00:00Z,2026-03-02,21,2,0.5,146
FF-HAM01-2026-03-03T08,HAM01,2026-03-03T08:00:00Z,2026-03-03,8,4,0.5,164
FF-HAM01-2026-03-03T10,HAM01,2026-03-03T10:00:00Z,2026-03-03,10,2,0.5,176
FF-HAM01-2026-03-03T11,HAM01,2026-03-03T11:00:00Z,2026-03-03,11,3,0.6667,138
FF-HAM01-2026-03-03T12,HAM01,2026-03-03T12:00:00Z,2026-03-03,12,3,0.6667,188
FF-HAM01-2026-03-03T13,HAM01,2026-03-03T13:00:00Z,2026-03-03,13,11,0.4545,174
FF-HAM01-2026-03-03T14,HAM01,2026-03-03T14:00:00Z,2026-03-03,14,5,0.4,166
FF-HAM01-2026-03-03T15,HAM01,2026-03-03T15:00:00Z,2026-03-03,15,11,0.4545,173
FF-HAM01-2026-03-03T16,HAM01,2026-03-03T16:00:00Z,2026-03-03,16,9,0.5556,152
FF-HAM01-2026-03-03T17,HAM01,2026-03-03T17:00:00Z,2026-03-03,17,6,0.5,171
FF-HAM01-2026-03-03T18,HAM01,2026-03-03T18:00:00Z,2026-03-03,18,10,0.5,152
FF-HAM01-2026-03-03T19,HAM01,2026-03-03T19:00:00Z,2026-03-03,19,2,0.5,188
FF-HAM01-2026-03-03T20,HAM01,2026-03-03T20:00:00Z,2026-03-03,20,2,0.5,190
FF-HAM01-2026-03-03T21,HAM01,2026-03-03T21:00:00Z,2026-03-03,21,4,0.5,143
FF-HAM01-2026-03-04T08,HAM01,2026-03-04T08:00:00Z,2026-03-04,8,2,0.5,136
FF-HAM01-2026-03-04T09,HAM01,2026-03-04T09:00:00Z,2026-03-04,9,2,0.5,129
FF-HAM01-2026-03-04T10,HAM01,2026-03-04T10:00:00Z,2026-03-04,10,4,0.5,160
FF-HAM01-2026-03-04T11,HAM01,2026-03-04T11:00:00Z,2026-03-04,11,2,0.5,170
FF-HAM01-2026-03-04T12,HAM01,2026-03-04T12:00:00Z,2026-03-04,12,11,0.3636,170
FF-HAM01-2026-03-04T13,HAM01,2026-03-04T13:00:00Z,2026-03-04,13,9,0.5556,208
FF-HAM01-2026-03-04T14,HAM01,2026-03-04T14:00:00Z,2026-03-04,14,4,0.5,164
FF-HAM01-2026-03-04T15,HAM01,2026-03-04T15:00:00Z,2026-03-04,15,9,0.6667,137
FF-HAM01-2026-03-04T16,HAM01,2026-03-04T16:00:00Z,2026-03-04,16,7,0.4286,170
FF-HAM01-2026-03-04T17,HAM01,2026-03-04T17:00:00Z,2026-03-04,17,7,0.5714,170
FF-HAM01-2026-03-04T18,HAM01,2026-03-04T18:00:00Z,2026-03-04,18,5,0.4,156
FF-HAM01-2026-03-04T20,HAM01,2026-03-04T20:00:00Z,2026-03-04,20,4,0.5,138
FF-HAM01-2026-03-04T21,HAM01,2026-03-04T21:00:00Z,2026-03-04,21,2,0.5,177
FF-HAM01-2026-03-05T08,HAM01,2026-03-05T08:00:00Z,2026-03-05,8,2,0.5,202
FF-HAM01-2026-03-05T09,HAM01,2026-03-05T09:00:00Z,2026-03-05,9,3,0.3333,156
FF-HAM01-2026-03-05T10,HAM01,2026-03-05T10:00:00Z,2026-03-05,10,2,0.5,161
FF-HAM01-2026-03-05T11,HAM01,2026-03-05T11:00:00Z,2026-03-05,11,2,0.5,197
FF-HAM01-2026-03-05T12,HAM01,2026-03-05T12:00:00Z,2026-03-05,12,5,0.4,178
FF-HAM01-2026-03-05T13,HAM01,2026-03-05T13:00:00Z,2026-03-05,13,7,0.4286,202
FF-HAM01-2026-03-05T14,HAM01,2026-03-05T14:00:00Z,2026-03-05,14,4,0.5,149
FF-HAM01-2026-03-05T15,HAM01,2026-03-05T15:00:00Z,2026-03-05,15,10,0.5,156
FF-HAM01-2026-03-05T16,HAM01,2026-03-05T16:00:00Z,2026-03-05,16,7,0.5714,185
FF-HAM01-2026-03-05T17,HAM01,2026-03-05T17:00:00Z,2026-03-05,17,4,0.5,177
FF-HAM01-2026-03-05T18,HAM01,2026-03-05T18:00:00Z,2026-03-05,18,5,0.4,173
FF-HAM01-2026-03-05T19,HAM01,2026-03-05T19:00:00Z,2026-03-05,19,2,0.5,185
FF-HAM01-2026-03-05T21,HAM01,2026-03-05T21:00:00Z,2026-03-05,21,2,0.5,178
FF-HAM01-2026-03-06T08,HAM01,2026-03-06T08:00:00Z,2026-03-06,8,2,0.5,136
FF-HAM01-2026-03-06T10,HAM01,2026-03-06T10:00:00Z,2026-03-06,10,2,0.5,141
FF-HAM01-2026-03-06T11,HAM01,2026-03-06T11:00:00Z,2026-03-06,11,2,0.5,173
FF-HAM01-2026-03-06T12,HAM01,2026-03-06T12:00:00Z,2026-03-06,12,5,0.4,177
FF-HAM01-2026-03-06T13,HAM01,2026-03-06T13:00:00Z,2026-03-06,13,1,1.0,167
FF-HAM01-2026-03-06T14,HAM01,2026-03-06T14:00:00Z,2026-03-06,14,5,0.4,160
FF-HAM01-2026-03-06T15,HAM01,2026-03-06T15:00:00Z,2026-03-06,15,2,0.5,163
FF-HAM01-2026-03-06T16,HAM01,2026-03-06T16:00:00Z,2026-03-06,16,4,0.5,184
FF-HAM01-2026-03-06T18,HAM01,2026-03-06T18:00:00Z,2026-03-06,18,3,0.3333,167
FF-HAM01-2026-03-06T19,HAM01,2026-03-06T19:00:00Z,2026-03-06,19,2,0.5,176
FF-HAM01-2026-03-06T20,HAM01,2026-03-06T20:00:00Z,2026-03-06,20,2,0.5,177
FF-HAM01-2026-03-07T13,HAM01,2026-03-07T13:00:00Z,2026-03-07,13,2,0.5,132
FF-HAM01-2026-03-07T14,HAM01,2026-03-07T14:00:00Z,2026-03-07,14,2,0.5,169
FF-HAM01-2026-03-07T15,HAM01,2026-03-07T15:00:00Z,2026-03-07,15,2,0.5,162
FF-HAM01-2026-03-07T16,HAM01,2026-03-07T16:00:00Z,2026-03-07,16,2,0.5,154
FF-HAM01-2026-03-07T17,HAM01,2026-03-07T17:00:00Z,2026-03-07,17,2,0.5,167
FF-HAM01-2026-03-07T18,HAM01,2026-03-07T18:00:00Z,2026-03-07,18,2,0.5,167
FF-HAM01-2026-03-08T09,HAM01,2026-03-08T09:00:00Z,2026-03-08,9,2,0.5,152
FF-HAM01-2026-03-08T10,HAM01,2026-03-08T10:00:00Z,2026-03-08,10,2,0.5,175
FF-HAM01-2026-03-08T11,HAM01,2026-03-08T11:00:00Z,2026-03-08,11,2,0.5,174
FF-HAM01-2026-03-08T13,HAM01,2026-03-08T13:00:00Z,2026-03-08,13,5,0.4,136
FF-HAM01-2026-03-08T14,HAM01,2026-03-08T14:00:00Z,2026-03-08,14,2,0.5,179
FF-HAM01-2026-03-08T15,HAM01,2026-03-08T15:00:00Z,2026-03-08,15,3,0.6667,145
FF-HAM01-2026-03-08T16,HAM01,2026-03-08T16:00:00Z,2026-03-08,16,3,0.3333,144
FF-HAM01-2026-03-08T17,HAM01,2026-03-08T17:00:00Z,2026-03-08,17,2,0.5,158
FF-HAM01-2026-03-08T18,HAM01,2026-03-08T18:00:00Z,2026-03-08,18,4,0.5,175
FF-HAM01-2026-03-08T19,HAM01,2026-03-08T19:00:00Z,2026-03-08,19,2,0.5,201
FF-HAM01-2026-03-08T21,HAM01,2026-03-08T21:00:00Z,2026-03-08,21,2,0.5,153
FF-HAM01-2026-03-09T08,HAM01,2026-03-09T08:00:00Z,2026-03-09,8,1,1.0,170
FF-HAM01-2026-03-09T09,HAM01,2026-03-09T09:00:00Z,2026-03-09,9,2,0.5,166
FF-HAM01-2026-03-09T10,HAM01,2026-03-09T10:00:00Z,2026-03-09,10,2,0.5,133
FF-HAM01-2026-03-09T12,HAM01,2026-03-09T12:00:00Z,2026-03-09,12,4,0.5,189
FF-HAM01-2026-03-09T13,HAM01,2026-03-09T13:00:00Z,2026-03-09,13,3,0.3333,172
FF-HAM01-2026-03-09T14,HAM01,2026-03-09T14:00:00Z,2026-03-09,14,4,0.5,167
FF-HAM01-2026-03-09T15,HAM01,2026-03-09T15:00:00Z,2026-03-09,15,3,0.3333,155
FF-HAM01-2026-03-09T16,HAM01,2026-03-09T16:00:00Z,2026-03-09,16,3,0.3333,182
FF-HAM01-2026-03-09T17,HAM01,2026-03-09T17:00:00Z,2026-03-09,17,4,0.5,188
FF-HAM01-2026-03-09T18,HAM01,2026-03-09T18:00:00Z,2026-03-09,18,4,0.5,201
FF-HAM01-2026-03-09T19,HAM01,2026-03-09T19:00:00Z,2026-03-09,19,2,0.5,183
FF-HAM01-2026-03-09T20,HAM01,2026-03-09T20:00:00Z,2026-03-09,20,2,0.5,188
FF-HAM01-2026-03-09T21,HAM01,2026-03-09T21:00:00Z,2026-03-09,21,2,0.5,179
FF-HAM01-2026-03-10T09,HAM01,2026-03-10T09:00:00Z,2026-03-10,9,2,0.5,169
FF-HAM01-2026-03-10T10,HAM01,2026-03-10T10:00:00Z,2026-03-10,10,2,0.5,161
FF-HAM01-2026-03-10T11,HAM01,2026-03-10T11:00:00Z,2026-03-10,11,1,1.0,169
FF-HAM01-2026-03-10T12,HAM01,2026-03-10T12:00:00Z,2026-03-10,12,4,0.5,178
FF-HAM01-2026-03-10T13,HAM01,2026-03-10T13:00:00Z,2026-03-10,13,4,0.5,173
FF-HAM01-2026-03-10T14,HAM01,2026-03-10T14:00:00Z,2026-03-10,14,3,0.6667,164
FF-HAM01-2026-03-10T15,HAM01,2026-03-10T15:00:00Z,2026-03-10,15,3,0.6667,181
FF-HAM01-2026-03-10T16,HAM01,2026-03-10T16:00:00Z,2026-03-10,16,5,0.6,165
FF-HAM01-2026-03-10T17,HAM01,2026-03-10T17:00:00Z,2026-03-10,17,3,0.6667,151
FF-HAM01-2026-03-10T18,HAM01,2026-03-10T18:00:00Z,2026-03-10,18,3,0.6667,184
FF-HAM01-2026-03-10T19,HAM01,2026-03-10T19:00:00Z,2026-03-10,19,3,0.3333,158
FF-HAM01-2026-03-10T20,HAM01,2026-03-10T20:00:00Z,2026-03-10,20,3,0.6667,158
FF-HAM01-2026-03-10T21,HAM01,2026-03-10T21:00:00Z,2026-03-10,21,2,0.5,133
FF-HAM01-2026-03-11T08,HAM01,2026-03-11T08:00:00Z,2026-03-11,8,2,0.5,174
FF-HAM01-2026-03-11T09,HAM01,2026-03-11T09:00:00Z,2026-03-11,9,2,0.5,171
FF-HAM01-2026-03-11T10,HAM01,2026-03-11T10:00:00Z,2026-03-11,10,5,0.4,167
FF-HAM01-2026-03-11T11,HAM01,2026-03-11T11:00:00Z,2026-03-11,11,2,0.5,148
FF-HAM01-2026-03-11T12,HAM01,2026-03-11T12:00:00Z,2026-03-11,12,4,0.5,164
FF-HAM01-2026-03-11T13,HAM01,2026-03-11T13:00:00Z,2026-03-11,13,11,0.4545,215
FF-HAM01-2026-03-11T14,HAM01,2026-03-11T14:00:00Z,2026-03-11,14,6,0.5,201
FF-HAM01-2026-03-11T15,HAM01,2026-03-11T15:00:00Z,2026-03-11,15,7,0.4286,180
FF-HAM01-2026-03-11T16,HAM01,2026-03-11T16:00:00Z,2026-03-11,16,6,0.5,160
FF-HAM01-2026-03-11T17,HAM01,2026-03-11T17:00:00Z,2026-03-11,17,4,0.5,149
FF-HAM01-2026-03-11T18,HAM01,2026-03-11T18:00:00Z,2026-03-11,18,3,0.6667,168
FF-HAM01-2026-03-11T19,HAM01,2026-03-11T19:00:00Z,2026-03-11,19,5,0.4,174
FF-HAM01-2026-03-11T20,HAM01,2026-03-11T20:00:00Z,2026-03-11,20,2,0.5,167
FF-HAM01-2026-03-11T21,HAM01,2026-03-11T21:00:00Z,2026-03-11,21,2,0.5,205
FF-HAM01-2026-03-12T08,HAM01,2026-03-12T08:00:00Z,2026-03-12,8,2,0.5,145
FF-HAM01-2026-03-12T09,HAM01,2026-03-12T09:00:00Z,2026-03-12,9,1,1.0,173
FF-HAM01-2026-03-12T10,HAM01,2026-03-12T10:00:00Z,2026-03-12,10,4,0.5,164
FF-HAM01-2026-03-12T11,HAM01,2026-03-12T11:00:00Z,2026-03-12,11,2,0.5,146
FF-HAM01-2026-03-12T12,HAM01,2026-03-12T12:00:00Z,2026-03-12,12,2,0.5,184
FF-HAM01-2026-03-12T13,HAM01,2026-03-12T13:00:00Z,2026-03-12,13,7,0.5714,158
FF-HAM01-2026-03-12T14,HAM01,2026-03-12T14:00:00Z,2026-03-12,14,5,0.4,174
FF-HAM01-2026-03-12T15,HAM01,2026-03-12T15:00:00Z,2026-03-12,15,6,0.6667,178
FF-HAM01-2026-03-12T16,HAM01,2026-03-12T16:00:00Z,2026-03-12,16,5,0.6,179
FF-HAM01-2026-03-12T17,HAM01,2026-03-12T17:00:00Z,2026-03-12,17,8,0.5,165
FF-HAM01-2026-03-12T18,HAM01,2026-03-12T18:00:00Z,2026-03-12,18,2,0.5,149
FF-HAM01-2026-03-12T19,HAM01,2026-03-12T19:00:00Z,2026-03-12,19,5,0.4,169
FF-HAM01-2026-03-12T20,HAM01,2026-03-12T20:00:00Z,2026-03-12,20,2,0.5,151
FF-HAM01-2026-03-12T21,HAM01,2026-03-12T21:00:00Z,2026-03-12,21,2,0.5,152
FF-HAM01-2026-03-13T09,HAM01,2026-03-13T09:00:00Z,2026-03-13,9,2,0.5,177
FF-HAM01-2026-03-13T10,HAM01,2026-03-13T10:00:00Z,2026-03-13,10,2,0.5,203
FF-HAM01-2026-03-13T11,HAM01,2026-03-13T11:00:00Z,2026-03-13,11,2,0.5,202
FF-HAM01-2026-03-13T12,HAM01,2026-03-13T12:00:00Z,2026-03-13,12,2,0.5,143
FF-HAM01-2026-03-13T13,HAM01,2026-03-13T13:00:00Z,2026-03-13,13,2,0.5,179
FF-HAM01-2026-03-13T14,HAM01,2026-03-13T14:00:00Z,2026-03-13,14,5,0.4,169
FF-HAM01-2026-03-13T15,HAM01,2026-03-13T15:00:00Z,2026-03-13,15,4,0.5,159
FF-HAM01-2026-03-13T16,HAM01,2026-03-13T16:00:00Z,2026-03-13,16,6,0.5,159
FF-HAM01-2026-03-13T17,HAM01,2026-03-13T17:00:00Z,2026-03-13,17,4,0.5,175
FF-HAM01-2026-03-13T18,HAM01,2026-03-13T18:00:00Z,2026-03-13,18,7,0.2857,161
FF-HAM01-2026-03-13T19,HAM01,2026-03-13T19:00:00Z,2026-03-13,19,2,0.5,168
FF-HAM01-2026-03-13T20,HAM01,2026-03-13T20:00:00Z,2026-03-13,20,2,0.5,193
FF-HAM01-2026-03-13T21,HAM01,2026-03-13T21:00:00Z,2026-03-13,21,2,0.5,168
FF-HAM01-2026-03-14T13,HAM01,2026-03-14T13:00:00Z,2026-03-14,13,2,0.5,169
FF-HAM01-2026-03-14T14,HAM01,2026-03-14T14:00:00Z,2026-03-14,14,2,0.5,211
FF-HAM01-2026-03-14T15,HAM01,2026-03-14T15:00:00Z,2026-03-14,15,2,0.5,120
FF-HAM01-2026-03-14T16,HAM01,2026-03-14T16:00:00Z,2026-03-14,16,2,0.5,175
FF-HAM01-2026-03-14T17,HAM01,2026-03-14T17:00:00Z,2026-03-14,17,2,0.5,137
FF-HAM01-2026-03-14T18,HAM01,2026-03-14T18:00:00Z,2026-03-14,18,2,0.5,174
FF-HAM01-2026-03-15T12,HAM01,2026-03-15T12:00:00Z,2026-03-15,12,2,0.5,165
FF-HAM01-2026-03-15T13,HAM01,2026-03-15T13:00:00Z,2026-03-15,13,2,0.5,163
FF-HAM01-2026-03-15T14,HAM01,2026-03-15T14:00:00Z,2026-03-15,14,2,0.5,177
FF-HAM01-2026-03-15T15,HAM01,2026-03-15T15:00:00Z,2026-03-15,15,2,0.5,166
FF-HAM01-2026-03-15T16,HAM01,2026-03-15T16:00:00Z,2026-03-15,16,3,0.6667,150
FF-HAM01-2026-03-15T17,HAM01,2026-03-15T17:00:00Z,2026-03-15,17,2,0.5,159
FF-HAM01-2026-03-15T18,HAM01,2026-03-15T18:00:00Z,2026-03-15,18,1,1.0,176
FF-HAM01-2026-03-15T19,HAM01,2026-03-15T19:00:00Z,2026-03-15,19,2,0.5,157
FF-HAM01-2026-03-15T20,HAM01,2026-03-15T20:00:00Z,2026-03-15,20,2,0.5,174
FF-HAM01-2026-03-16T08,HAM01,2026-03-16T08:00:00Z,2026-03-16,8,2,0.5,139
FF-HAM01-2026-03-16T09,HAM01,2026-03-16T09:00:00Z,2026-03-16,9,2,0.5,161
FF-HAM01-2026-03-16T10,HAM01,2026-03-16T10:00:00Z,2026-03-16,10,2,0.5,113
FF-HAM01-2026-03-16T11,HAM01,2026-03-16T11:00:00Z,2026-03-16,11,2,0.5,172
FF-HAM01-2026-03-16T12,HAM01,2026-03-16T12:00:00Z,2026-03-16,12,4,0.5,182
FF-HAM01-2026-03-16T13,HAM01,2026-03-16T13:00:00Z,2026-03-16,13,4,0.5,176
FF-HAM01-2026-03-16T14,HAM01,2026-03-16T14:00:00Z,2026-03-16,14,2,0.5,161
FF-HAM01-2026-03-16T15,HAM01,2026-03-16T15:00:00Z,2026-03-16,15,4,0.5,141
FF-HAM01-2026-03-16T16,HAM01,2026-03-16T16:00:00Z,2026-03-16,16,2,0.5,142
FF-HAM01-2026-03-16T17,HAM01,2026-03-16T17:00:00Z,2026-03-16,17,4,0.5,170
FF-HAM01-2026-03-16T18,HAM01,2026-03-16T18:00:00Z,2026-03-16,18,4,0.5,150
FF-HAM01-2026-03-16T19,HAM01,2026-03-16T19:00:00Z,2026-03-16,19,2,0.5,172
FF-HAM01-2026-03-16T20,HAM01,2026-03-16T20:00:00Z,2026-03-16,20,1,1.0,207
FF-HAM01-2026-03-17T08,HAM01,2026-03-17T08:00:00Z,2026-03-17,8,2,0.5,152
FF-HAM01-2026-03-17T09,HAM01,2026-03-17T09:00:00Z,2026-03-17,9,2,0.5,180
FF-HAM01-2026-03-17T10,HAM01,2026-03-17T10:00:00Z,2026-03-17,10,2,0.5,179
FF-HAM01-2026-03-17T11,HAM01,2026-03-17T11:00:00Z,2026-03-17,11,3,0.6667,137
FF-HAM01-2026-03-17T12,HAM01,2026-03-17T12:00:00Z,2026-03-17,12,5,0.4,163
FF-HAM01-2026-03-17T13,HAM01,2026-03-17T13:00:00Z,2026-03-17,13,5,0.6,179
FF-HAM01-2026-03-17T14,HAM01,2026-03-17T14:00:00Z,2026-03-17,14,14,0.4286,166
FF-HAM01-2026-03-17T15,HAM01,2026-03-17T15:00:00Z,2026-03-17,15,8,0.375,152
FF-HAM01-2026-03-17T16,HAM01,2026-03-17T16:00:00Z,2026-03-17,16,4,0.5,151
FF-HAM01-2026-03-17T17,HAM01,2026-03-17T17:00:00Z,2026-03-17,17,15,0.3333,166
FF-HAM01-2026-03-17T18,HAM01,2026-03-17T18:00:00Z,2026-03-17,18,7,0.5714,196
FF-HAM01-2026-03-17T19,HAM01,2026-03-17T19:00:00Z,2026-03-17,19,3,0.6667,146
FF-HAM01-2026-03-17T20,HAM01,2026-03-17T20:00:00Z,2026-03-17,20,4,0.5,161
FF-HAM01-2026-03-17T21,HAM01,2026-03-17T21:00:00Z,2026-03-17,21,4,0.5,175
FF-HAM01-2026-03-18T08,HAM01,2026-03-18T08:00:00Z,2026-03-18,8,1,1.0,140
FF-HAM01-2026-03-18T09,HAM01,2026-03-18T09:00:00Z,2026-03-18,9,2,0.5,189
FF-HAM01-2026-03-18T10,HAM01,2026-03-18T10:00:00Z,2026-03-18,10,2,0.5,158
FF-HAM01-2026-03-18T11,HAM01,2026-03-18T11:00:00Z,2026-03-18,11,2,0.5,197
FF-HAM01-2026-03-18T12,HAM01,2026-03-18T12:00:00Z,2026-03-18,12,2,0.5,161
FF-HAM01-2026-03-18T13,HAM01,2026-03-18T13:00:00Z,2026-03-18,13,10,0.4,157
FF-HAM01-2026-03-18T14,HAM01,2026-03-18T14:00:00Z,2026-03-18,14,7,0.4286,154
FF-HAM01-2026-03-18T15,HAM01,2026-03-18T15:00:00Z,2026-03-18,15,4,0.5,231
FF-HAM01-2026-03-18T16,HAM01,2026-03-18T16:00:00Z,2026-03-18,16,5,0.6,154
FF-HAM01-2026-03-18T17,HAM01,2026-03-18T17:00:00Z,2026-03-18,17,4,0.5,155
FF-HAM01-2026-03-18T18,HAM01,2026-03-18T18:00:00Z,2026-03-18,18,3,0.3333,167
FF-HAM01-2026-03-18T19,HAM01,2026-03-18T19:00:00Z,2026-03-18,19,5,0.4,169
FF-HAM01-2026-03-18T20,HAM01,2026-03-18T20:00:00Z,2026-03-18,20,2,0.5,191
FF-HAM01-2026-03-18T21,HAM01,2026-03-18T21:00:00Z,2026-03-18,21,2,0.5,169
FF-HAM01-2026-03-19T08,HAM01,2026-03-19T08:00:00Z,2026-03-19,8,2,0.5,152
FF-HAM01-2026-03-19T09,HAM01,2026-03-19T09:00:00Z,2026-03-19,9,2,0.5,157
FF-HAM01-2026-03-19T10,HAM01,2026-03-19T10:00:00Z,2026-03-19,10,2,0.5,151
FF-HAM01-2026-03-19T11,HAM01,2026-03-19T11:00:00Z,2026-03-19,11,2,0.5,152
FF-HAM01-2026-03-19T12,HAM01,2026-03-19T12:00:00Z,2026-03-19,12,7,0.4286,173
FF-HAM01-2026-03-19T13,HAM01,2026-03-19T13:00:00Z,2026-03-19,13,5,0.6,179
FF-HAM01-2026-03-19T14,HAM01,2026-03-19T14:00:00Z,2026-03-19,14,2,0.5,168
FF-HAM01-2026-03-19T15,HAM01,2026-03-19T15:00:00Z,2026-03-19,15,5,0.4,160
FF-HAM01-2026-03-19T16,HAM01,2026-03-19T16:00:00Z,2026-03-19,16,3,0.6667,151
FF-HAM01-2026-03-19T17,HAM01,2026-03-19T17:00:00Z,2026-03-19,17,5,0.6,166
FF-HAM01-2026-03-19T18,HAM01,2026-03-19T18:00:00Z,2026-03-19,18,3,0.6667,130
FF-HAM01-2026-03-19T19,HAM01,2026-03-19T19:00:00Z,2026-03-19,19,2,0.5,179
FF-HAM01-2026-03-19T20,HAM01,2026-03-19T20:00:00Z,2026-03-19,20,2,0.5,215
FF-HAM01-2026-03-19T21,HAM01,2026-03-19T21:00:00Z,2026-03-19,21,2,0.5,142
FF-HAM01-2026-03-20T08,HAM01,2026-03-20T08:00:00Z,2026-03-20,8,2,0.5,189
FF-HAM01-2026-03-20T10,HAM01,2026-03-20T10:00:00Z,2026-03-20,10,2,0.5,167
FF-HAM01-2026-03-20T11,HAM01,2026-03-20T11:00:00Z,2026-03-20,11,2,0.5,157
FF-HAM01-2026-03-20T12,HAM01,2026-03-20T12:00:00Z,2026-03-20,12,4,0.5,158
FF-HAM01-2026-03-20T13,HAM01,2026-03-20T13:00:00Z,2026-03-20,13,5,0.6,146
FF-HAM01-2026-03-20T14,HAM01,2026-03-20T14:00:00Z,2026-03-20,14,3,0.6667,161
FF-HAM01-2026-03-20T15,HAM01,2026-03-20T15:00:00Z,2026-03-20,15,8,0.5,178
FF-HAM01-2026-03-20T16,HAM01,2026-03-20T16:00:00Z,2026-03-20,16,3,0.6667,159
FF-HAM01-2026-03-20T17,HAM01,2026-03-20T17:00:00Z,2026-03-20,17,3,0.6667,173
FF-HAM01-2026-03-20T18,HAM01,2026-03-20T18:00:00Z,2026-03-20,18,2,0.5,179
FF-HAM01-2026-03-20T19,HAM01,2026-03-20T19:00:00Z,2026-03-20,19,4,0.5,174
FF-HAM01-2026-03-20T20,HAM01,2026-03-20T20:00:00Z,2026-03-20,20,1,1.0,147
FF-HAM01-2026-03-20T21,HAM01,2026-03-20T21:00:00Z,2026-03-20,21,2,0.5,162
FF-HAM01-2026-03-21T12,HAM01,2026-03-21T12:00:00Z,2026-03-21,12,2,0.5,169
FF-HAM01-2026-03-21T13,HAM01,2026-03-21T13:00:00Z,2026-03-21,13,2,0.5,148
FF-HAM01-2026-03-21T14,HAM01,2026-03-21T14:00:00Z,2026-03-21,14,2,0.5,157
FF-HAM01-2026-03-21T16,HAM01,2026-03-21T16:00:00Z,2026-03-21,16,2,0.5,189
FF-HAM01-2026-03-21T17,HAM01,2026-03-21T17:00:00Z,2026-03-21,17,2,0.5,178
FF-HAM01-2026-03-21T18,HAM01,2026-03-21T18:00:00Z,2026-03-21,18,2,0.5,146
FF-HAM01-2026-03-21T19,HAM01,2026-03-21T19:00:00Z,2026-03-21,19,2,0.5,164
FF-HAM01-2026-03-21T20,HAM01,2026-03-21T20:00:00Z,2026-03-21,20,2,0.5,188
FF-HAM01-2026-03-22T08,HAM01,2026-03-22T08:00:00Z,2026-03-22,8,2,0.5,163
FF-HAM01-2026-03-22T10,HAM01,2026-03-22T10:00:00Z,2026-03-22,10,2,0.5,156
FF-HAM01-2026-03-22T12,HAM01,2026-03-22T12:00:00Z,2026-03-22,12,2,0.5,188
FF-HAM01-2026-03-22T14,HAM01,2026-03-22T14:00:00Z,2026-03-22,14,4,0.5,175
FF-HAM01-2026-03-22T15,HAM01,2026-03-22T15:00:00Z,2026-03-22,15,3,0.6667,164
FF-HAM01-2026-03-22T16,HAM01,2026-03-22T16:00:00Z,2026-03-22,16,2,0.5,160
FF-HAM01-2026-03-22T17,HAM01,2026-03-22T17:00:00Z,2026-03-22,17,2,0.5,173
FF-HAM01-2026-03-22T18,HAM01,2026-03-22T18:00:00Z,2026-03-22,18,6,0.3333,162
FF-HAM01-2026-03-22T19,HAM01,2026-03-22T19:00:00Z,2026-03-22,19,1,1.0,154
FF-HAM01-2026-03-22T21,HAM01,2026-03-22T21:00:00Z,2026-03-22,21,3,0.3333,165
FF-HAM01-2026-03-23T10,HAM01,2026-03-23T10:00:00Z,2026-03-23,10,2,0.5,198
FF-HAM01-2026-03-23T12,HAM01,2026-03-23T12:00:00Z,2026-03-23,12,3,0.6667,148
FF-HAM01-2026-03-23T13,HAM01,2026-03-23T13:00:00Z,2026-03-23,13,2,0.5,184
FF-HAM01-2026-03-23T14,HAM01,2026-03-23T14:00:00Z,2026-03-23,14,2,0.5,165
FF-HAM01-2026-03-23T15,HAM01,2026-03-23T15:00:00Z,2026-03-23,15,2,0.5,141
FF-HAM01-2026-03-23T16,HAM01,2026-03-23T16:00:00Z,2026-03-23,16,2,0.5,152
FF-HAM01-2026-03-23T17,HAM01,2026-03-23T17:00:00Z,2026-03-23,17,4,0.5,161
FF-HAM01-2026-03-23T18,HAM01,2026-03-23T18:00:00Z,2026-03-23,18,3,0.6667,158
FF-HAM01-2026-03-23T19,HAM01,2026-03-23T19:00:00Z,2026-03-23,19,2,0.5,172
FF-HAM01-2026-03-23T20,HAM01,2026-03-23T20:00:00Z,2026-03-23,20,2,0.5,182
FF-HAM01-2026-03-23T21,HAM01,2026-03-23T21:00:00Z,2026-03-23,21,1,1.0,136
FF-HAM01-2026-03-24T08,HAM01,2026-03-24T08:00:00Z,2026-03-24,8,2,0.5,195
FF-HAM01-2026-03-24T09,HAM01,2026-03-24T09:00:00Z,2026-03-24,9,1,1.0,114
FF-HAM01-2026-03-24T10,HAM01,2026-03-24T10:00:00Z,2026-03-24,10,2,0.5,112
FF-HAM01-2026-03-24T11,HAM01,2026-03-24T11:00:00Z,2026-03-24,11,2,0.5,202
FF-HAM01-2026-03-24T12,HAM01,2026-03-24T12:00:00Z,2026-03-24,12,2,0.5,157
FF-HAM01-2026-03-24T13,HAM01,2026-03-24T13:00:00Z,2026-03-24,13,4,0.5,173
FF-HAM01-2026-03-24T14,HAM01,2026-03-24T14:00:00Z,2026-03-24,14,4,0.75,179
FF-HAM01-2026-03-24T16,HAM01,2026-03-24T16:00:00Z,2026-03-24,16,4,0.5,159
FF-HAM01-2026-03-24T17,HAM01,2026-03-24T17:00:00Z,2026-03-24,17,3,0.6667,161
FF-HAM01-2026-03-24T18,HAM01,2026-03-24T18:00:00Z,2026-03-24,18,6,0.6667,185
FF-HAM01-2026-03-24T19,HAM01,2026-03-24T19:00:00Z,2026-03-24,19,5,0.6,200
FF-HAM01-2026-03-24T20,HAM01,2026-03-24T20:00:00Z,2026-03-24,20,3,0.6667,173
FF-HAM01-2026-03-24T21,HAM01,2026-03-24T21:00:00Z,2026-03-24,21,6,0.3333,186
FF-HAM01-2026-03-25T09,HAM01,2026-03-25T09:00:00Z,2026-03-25,9,2,0.5,167
FF-HAM01-2026-03-25T10,HAM01,2026-03-25T10:00:00Z,2026-03-25,10,2,0.5,146
FF-HAM01-2026-03-25T11,HAM01,2026-03-25T11:00:00Z,2026-03-25,11,2,0.5,132
FF-HAM01-2026-03-25T12,HAM01,2026-03-25T12:00:00Z,2026-03-25,12,2,0.5,169
FF-HAM01-2026-03-25T13,HAM01,2026-03-25T13:00:00Z,2026-03-25,13,7,0.5714,185
FF-HAM01-2026-03-25T14,HAM01,2026-03-25T14:00:00Z,2026-03-25,14,3,0.6667,155
FF-HAM01-2026-03-25T15,HAM01,2026-03-25T15:00:00Z,2026-03-25,15,7,0.7143,154
FF-HAM01-2026-03-25T16,HAM01,2026-03-25T16:00:00Z,2026-03-25,16,6,0.5,157
FF-HAM01-2026-03-25T17,HAM01,2026-03-25T17:00:00Z,2026-03-25,17,6,0.3333,138
FF-HAM01-2026-03-25T18,HAM01,2026-03-25T18:00:00Z,2026-03-25,18,11,0.3636,179
FF-HAM01-2026-03-25T19,HAM01,2026-03-25T19:00:00Z,2026-03-25,19,4,0.5,207
FF-HAM01-2026-03-25T20,HAM01,2026-03-25T20:00:00Z,2026-03-25,20,2,0.5,140
FF-HAM01-2026-03-25T21,HAM01,2026-03-25T21:00:00Z,2026-03-25,21,4,0.5,165
FF-HAM01-2026-03-26T09,HAM01,2026-03-26T09:00:00Z,2026-03-26,9,2,0.5,189
FF-HAM01-2026-03-26T10,HAM01,2026-03-26T10:00:00Z,2026-03-26,10,2,0.5,180
FF-HAM01-2026-03-26T11,HAM01,2026-03-26T11:00:00Z,2026-03-26,11,1,1.0,162
FF-HAM01-2026-03-26T12,HAM01,2026-03-26T12:00:00Z,2026-03-26,12,2,0.5,158
FF-HAM01-2026-03-26T13,HAM01,2026-03-26T13:00:00Z,2026-03-26,13,2,0.5,163
FF-HAM01-2026-03-26T14,HAM01,2026-03-26T14:00:00Z,2026-03-26,14,10,0.4,178
FF-HAM01-2026-03-26T15,HAM01,2026-03-26T15:00:00Z,2026-03-26,15,4,0.5,172
FF-HAM01-2026-03-26T16,HAM01,2026-03-26T16:00:00Z,2026-03-26,16,4,0.5,153
FF-HAM01-2026-03-26T17,HAM01,2026-03-26T17:00:00Z,2026-03-26,17,10,0.3,151
FF-HAM01-2026-03-26T18,HAM01,2026-03-26T18:00:00Z,2026-03-26,18,5,0.6,206
FF-HAM01-2026-03-26T19,HAM01,2026-03-26T19:00:00Z,2026-03-26,19,2,0.5,177
FF-HAM01-2026-03-26T20,HAM01,2026-03-26T20:00:00Z,2026-03-26,20,2,0.5,151
FF-HAM01-2026-03-26T21,HAM01,2026-03-26T21:00:00Z,2026-03-26,21,2,0.5,206
FF-HAM01-2026-03-27T08,HAM01,2026-03-27T08:00:00Z,2026-03-27,8,3,0.3333,156
FF-HAM01-2026-03-27T12,HAM01,2026-03-27T12:00:00Z,2026-03-27,12,2,0.5,160
FF-HAM01-2026-03-27T13,HAM01,2026-03-27T13:00:00Z,2026-03-27,13,3,0.6667,140
FF-HAM01-2026-03-27T14,HAM01,2026-03-27T14:00:00Z,2026-03-27,14,3,0.6667,210
FF-HAM01-2026-03-27T15,HAM01,2026-03-27T15:00:00Z,2026-03-27,15,2,0.5,166
FF-HAM01-2026-03-27T16,HAM01,2026-03-27T16:00:00Z,2026-03-27,16,5,0.4,181
FF-HAM01-2026-03-27T17,HAM01,2026-03-27T17:00:00Z,2026-03-27,17,4,0.5,167
FF-HAM01-2026-03-27T18,HAM01,2026-03-27T18:00:00Z,2026-03-27,18,3,0.6667,156
FF-HAM01-2026-03-27T19,HAM01,2026-03-27T19:00:00Z,2026-03-27,19,2,0.5,161
FF-HAM01-2026-03-27T21,HAM01,2026-03-27T21:00:00Z,2026-03-27,21,1,1.0,177
FF-HAM01-2026-03-28T12,HAM01,2026-03-28T12:00:00Z,2026-03-28,12,2,0.5,178
FF-HAM01-2026-03-28T13,HAM01,2026-03-28T13:00:00Z,2026-03-28,13,2,0.5,185
FF-HAM01-2026-03-28T14,HAM01,2026-03-28T14:00:00Z,2026-03-28,14,2,0.5,196
FF-HAM01-2026-03-28T15,HAM01,2026-03-28T15:00:00Z,2026-03-28,15,2,0.5,191
FF-HAM01-2026-03-28T16,HAM01,2026-03-28T16:00:00Z,2026-03-28,16,2,0.5,176
FF-HAM01-2026-03-28T17,HAM01,2026-03-28T17:00:00Z,2026-03-28,17,2,0.5,151
FF-HAM01-2026-03-29T12,HAM01,2026-03-29T12:00:00Z,2026-03-29,12,3,0.3333,181
FF-HAM01-2026-03-29T13,HAM01,2026-03-29T13:00:00Z,2026-03-29,13,3,0.6667,154
FF-HAM01-2026-03-29T14,HAM01,2026-03-29T14:00:00Z,2026-03-29,14,2,0.5,166
FF-HAM01-2026-03-29T15,HAM01,2026-03-29T15:00:00Z,2026-03-29,15,2,0.5,199
FF-HAM01-2026-03-29T17,HAM01,2026-03-29T17:00:00Z,2026-03-29,17,2,0.5,161
FF-HAM01-2026-03-29T19,HAM01,2026-03-29T19:00:00Z,2026-03-29,19,2,0.5,114
FF-HAM01-2026-03-29T20,HAM01,2026-03-29T20:00:00Z,2026-03-29,20,2,0.5,174
FF-HAM01-2026-03-29T21,HAM01,2026-03-29T21:00:00Z,2026-03-29,21,2,0.5,197
FF-HAM01-2026-03-30T08,HAM01,2026-03-30T08:00:00Z,2026-03-30,8,1,1.0,170
FF-HAM01-2026-03-30T09,HAM01,2026-03-30T09:00:00Z,2026-03-30,9,2,0.5,142
FF-HAM01-2026-03-30T10,HAM01,2026-03-30T10:00:00Z,2026-03-30,10,1,1.0,191
FF-HAM01-2026-03-30T11,HAM01,2026-03-30T11:00:00Z,2026-03-30,11,2,0.5,156
FF-HAM01-2026-03-30T12,HAM01,2026-03-30T12:00:00Z,2026-03-30,12,2,0.5,145
FF-HAM01-2026-03-30T13,HAM01,2026-03-30T13:00:00Z,2026-03-30,13,5,0.4,171
FF-HAM01-2026-03-30T14,HAM01,2026-03-30T14:00:00Z,2026-03-30,14,4,0.5,181
FF-HAM01-2026-03-30T15,HAM01,2026-03-30T15:00:00Z,2026-03-30,15,2,0.5,174
FF-HAM01-2026-03-30T16,HAM01,2026-03-30T16:00:00Z,2026-03-30,16,3,0.6667,175
FF-HAM01-2026-03-30T17,HAM01,2026-03-30T17:00:00Z,2026-03-30,17,5,0.6,198
FF-HAM01-2026-03-30T18,HAM01,2026-03-30T18:00:00Z,2026-03-30,18,5,0.4,152
FF-HAM01-2026-03-30T19,HAM01,2026-03-30T19:00:00Z,2026-03-30,19,4,0.5,171
FF-HAM01-2026-03-30T20,HAM01,2026-03-30T20:00:00Z,2026-03-30,20,2,0.5,186
FF-HAM01-2026-03-31T08,HAM01,2026-03-31T08:00:00Z,2026-03-31,8,2,0.5,217
FF-HAM01-2026-03-31T09,HAM01,2026-03-31T09:00:00Z,2026-03-31,9,2,0.5,184
FF-HAM01-2026-03-31T10,HAM01,2026-03-31T10:00:00Z,2026-03-31,10,2,0.5,148
FF-HAM01-2026-03-31T11,HAM01,2026-03-31T11:00:00Z,2026-03-31,11,2,0.5,135
FF-HAM01-2026-03-31T12,HAM01,2026-03-31T12:00:00Z,2026-03-31,12,4,0.75,216
FF-HAM01-2026-03-31T13,HAM01,2026-03-31T13:00:00Z,2026-03-31,13,10,0.6,167
FF-HAM01-2026-03-31T14,HAM01,2026-03-31T14:00:00Z,2026-03-31,14,6,0.5,179
FF-HAM01-2026-03-31T15,HAM01,2026-03-31T15:00:00Z,2026-03-31,15,10,0.5,146
FF-HAM01-2026-03-31T16,HAM01,2026-03-31T16:00:00Z,2026-03-31,16,11,0.5455,152
FF-HAM01-2026-03-31T17,HAM01,2026-03-31T17:00:00Z,2026-03-31,17,7,0.5714,173
FF-HAM01-2026-03-31T18,HAM01,2026-03-31T18:00:00Z,2026-03-31,18,4,0.5,157
FF-HAM01-2026-03-31T19,HAM01,2026-03-31T19:00:00Z,2026-03-31,19,4,0.5,178
FF-HAM01-2026-03-31T20,HAM01,2026-03-31T20:00:00Z,2026-03-31,20,4,0.5,183
FF-HAM01-2026-03-31T21,HAM01,2026-03-31T21:00:00Z,2026-03-31,21,2,0.5,159
FF-HAM01-2026-04-01T09,HAM01,2026-04-01T09:00:00Z,2026-04-01,9,2,0.5,182
FF-HAM01-2026-04-01T10,HAM01,2026-04-01T10:00:00Z,2026-04-01,10,1,1.0,140
FF-HAM01-2026-04-01T11,HAM01,2026-04-01T11:00:00Z,2026-04-01,11,2,0.5,153
FF-HAM01-2026-04-01T12,HAM01,2026-04-01T12:00:00Z,2026-04-01,12,6,0.3333,177
FF-HAM01-2026-04-01T13,HAM01,2026-04-01T13:00:00Z,2026-04-01,13,5,0.6,140
FF-HAM01-2026-04-01T14,HAM01,2026-04-01T14:00:00Z,2026-04-01,14,4,0.5,153
FF-HAM01-2026-04-01T15,HAM01,2026-04-01T15:00:00Z,2026-04-01,15,6,0.6667,138
FF-HAM01-2026-04-01T16,HAM01,2026-04-01T16:00:00Z,2026-04-01,16,8,0.625,132
FF-HAM01-2026-04-01T17,HAM01,2026-04-01T17:00:00Z,2026-04-01,17,6,0.5,176
FF-HAM01-2026-04-01T18,HAM01,2026-04-01T18:00:00Z,2026-04-01,18,2,0.5,151
FF-HAM01-2026-04-01T19,HAM01,2026-04-01T19:00:00Z,2026-04-01,19,2,0.5,140
FF-HAM01-2026-04-01T20,HAM01,2026-04-01T20:00:00Z,2026-04-01,20,2,0.5,166
FF-HAM01-2026-04-01T21,HAM01,2026-04-01T21:00:00Z,2026-04-01,21,2,0.5,172
FF-HAM01-2026-04-02T08,HAM01,2026-04-02T08:00:00Z,2026-04-02,8,2,0.5,144
FF-HAM01-2026-04-02T09,HAM01,2026-04-02T09:00:00Z,2026-04-02,9,2,0.5,162
FF-HAM01-2026-04-02T10,HAM01,2026-04-02T10:00:00Z,2026-04-02,10,2,0.5,193
FF-HAM01-2026-04-02T12,HAM01,2026-04-02T12:00:00Z,2026-04-02,12,4,0.5,165
FF-HAM01-2026-04-02T13,HAM01,2026-04-02T13:00:00Z,2026-04-02,13,4,0.5,175
FF-HAM01-2026-04-02T15,HAM01,2026-04-02T15:00:00Z,2026-04-02,15,4,0.5,195
FF-HAM01-2026-04-02T16,HAM01,2026-04-02T16:00:00Z,2026-04-02,16,10,0.5,146
FF-HAM01-2026-04-02T17,HAM01,2026-04-02T17:00:00Z,2026-04-02,17,3,0.6667,186
FF-HAM01-2026-04-02T18,HAM01,2026-04-02T18:00:00Z,2026-04-02,18,6,0.5,160
FF-HAM01-2026-04-02T19,HAM01,2026-04-02T19:00:00Z,2026-04-02,19,2,0.5,165
FF-HAM01-2026-04-02T20,HAM01,2026-04-02T20:00:00Z,2026-04-02,20,2,0.5,156
FF-HAM01-2026-04-02T21,HAM01,2026-04-02T21:00:00Z,2026-04-02,21,6,0.3333,160
FF-HAM01-2026-04-03T08,HAM01,2026-04-03T08:00:00Z,2026-04-03,8,2,0.5,150
FF-HAM01-2026-04-03T09,HAM01,2026-04-03T09:00:00Z,2026-04-03,9,2,0.5,203
FF-HAM01-2026-04-03T10,HAM01,2026-04-03T10:00:00Z,2026-04-03,10,2,0.5,152
FF-HAM01-2026-04-03T11,HAM01,2026-04-03T11:00:00Z,2026-04-03,11,2,0.5,157
FF-HAM01-2026-04-03T12,HAM01,2026-04-03T12:00:00Z,2026-04-03,12,7,0.2857,166
FF-HAM01-2026-04-03T13,HAM01,2026-04-03T13:00:00Z,2026-04-03,13,2,0.5,113
FF-HAM01-2026-04-03T14,HAM01,2026-04-03T14:00:00Z,2026-04-03,14,3,0.6667,184
FF-HAM01-2026-04-03T15,HAM01,2026-04-03T15:00:00Z,2026-04-03,15,4,0.5,159
FF-HAM01-2026-04-03T16,HAM01,2026-04-03T16:00:00Z,2026-04-03,16,4,0.5,165
FF-HAM01-2026-04-03T17,HAM01,2026-04-03T17:00:00Z,2026-04-03,17,5,0.4,164
FF-HAM01-2026-04-03T18,HAM01,2026-04-03T18:00:00Z,2026-04-03,18,3,0.6667,134
FF-HAM01-2026-04-03T19,HAM01,2026-04-03T19:00:00Z,2026-04-03,19,4,0.5,151
FF-HAM01-2026-04-03T20,HAM01,2026-04-03T20:00:00Z,2026-04-03,20,2,0.5,189
FF-HAM01-2026-04-03T21,HAM01,2026-04-03T21:00:00Z,2026-04-03,21,2,0.5,152
FF-HAM01-2026-04-04T12,HAM01,2026-04-04T12:00:00Z,2026-04-04,12,2,0.5,160
FF-HAM01-2026-04-04T13,HAM01,2026-04-04T13:00:00Z,2026-04-04,13,2,0.5,172
FF-HAM01-2026-04-04T15,HAM01,2026-04-04T15:00:00Z,2026-04-04,15,2,0.5,143
FF-HAM01-2026-04-04T16,HAM01,2026-04-04T16:00:00Z,2026-04-04,16,2,0.5,169
FF-HAM01-2026-04-04T17,HAM01,2026-04-04T17:00:00Z,2026-04-04,17,3,0.3333,193
FF-HAM01-2026-04-04T18,HAM01,2026-04-04T18:00:00Z,2026-04-04,18,2,0.5,184
FF-HAM01-2026-04-04T19,HAM01,2026-04-04T19:00:00Z,2026-04-04,19,2,0.5,165
FF-HAM01-2026-04-05T11,HAM01,2026-04-05T11:00:00Z,2026-04-05,11,2,0.5,205
FF-HAM01-2026-04-05T12,HAM01,2026-04-05T12:00:00Z,2026-04-05,12,2,0.5,163
FF-HAM01-2026-04-05T13,HAM01,2026-04-05T13:00:00Z,2026-04-05,13,1,1.0,157
FF-HAM01-2026-04-05T14,HAM01,2026-04-05T14:00:00Z,2026-04-05,14,1,1.0,165
FF-HAM01-2026-04-05T15,HAM01,2026-04-05T15:00:00Z,2026-04-05,15,2,0.5,184
FF-HAM01-2026-04-05T17,HAM01,2026-04-05T17:00:00Z,2026-04-05,17,2,0.5,152
FF-HAM01-2026-04-05T19,HAM01,2026-04-05T19:00:00Z,2026-04-05,19,1,1.0,193
FF-HAM01-2026-04-05T20,HAM01,2026-04-05T20:00:00Z,2026-04-05,20,2,0.5,178
FF-HAM01-2026-04-06T09,HAM01,2026-04-06T09:00:00Z,2026-04-06,9,2,0.5,154
FF-HAM01-2026-04-06T10,HAM01,2026-04-06T10:00:00Z,2026-04-06,10,2,0.5,138
FF-HAM01-2026-04-06T11,HAM01,2026-04-06T11:00:00Z,2026-04-06,11,2,0.5,153
FF-HAM01-2026-04-06T12,HAM01,2026-04-06T12:00:00Z,2026-04-06,12,3,0.6667,165
FF-HAM01-2026-04-06T13,HAM01,2026-04-06T13:00:00Z,2026-04-06,13,4,0.5,144
FF-HAM01-2026-04-06T14,HAM01,2026-04-06T14:00:00Z,2026-04-06,14,2,0.5,196
FF-HAM01-2026-04-06T15,HAM01,2026-04-06T15:00:00Z,2026-04-06,15,4,0.5,179
FF-HAM01-2026-04-06T16,HAM01,2026-04-06T16:00:00Z,2026-04-06,16,2,0.5,184
FF-HAM01-2026-04-06T17,HAM01,2026-04-06T17:00:00Z,2026-04-06,17,5,0.4,170
FF-HAM01-2026-04-06T18,HAM01,2026-04-06T18:00:00Z,2026-04-06,18,2,0.5,174
FF-HAM01-2026-04-06T19,HAM01,2026-04-06T19:00:00Z,2026-04-06,19,2,0.5,161
FF-HAM01-2026-04-06T20,HAM01,2026-04-06T20:00:00Z,2026-04-06,20,2,0.5,162
FF-HAM01-2026-04-06T21,HAM01,2026-04-06T21:00:00Z,2026-04-06,21,2,0.5,156
FF-HAM01-2026-04-07T08,HAM01,2026-04-07T08:00:00Z,2026-04-07,8,2,0.5,128
FF-HAM01-2026-04-07T09,HAM01,2026-04-07T09:00:00Z,2026-04-07,9,2,0.5,172
FF-HAM01-2026-04-07T10,HAM01,2026-04-07T10:00:00Z,2026-04-07,10,1,1.0,158
FF-HAM01-2026-04-07T11,HAM01,2026-04-07T11:00:00Z,2026-04-07,11,3,0.6667,173
FF-HAM01-2026-04-07T12,HAM01,2026-04-07T12:00:00Z,2026-04-07,12,1,1.0,159
FF-HAM01-2026-04-07T13,HAM01,2026-04-07T13:00:00Z,2026-04-07,13,2,0.5,191
FF-HAM01-2026-04-07T14,HAM01,2026-04-07T14:00:00Z,2026-04-07,14,7,0.5714,170
FF-HAM01-2026-04-07T15,HAM01,2026-04-07T15:00:00Z,2026-04-07,15,8,0.5,151
FF-HAM01-2026-04-07T16,HAM01,2026-04-07T16:00:00Z,2026-04-07,16,11,0.4545,186
FF-HAM01-2026-04-07T17,HAM01,2026-04-07T17:00:00Z,2026-04-07,17,2,0.5,178
FF-HAM01-2026-04-07T18,HAM01,2026-04-07T18:00:00Z,2026-04-07,18,7,0.5714,162
FF-HAM01-2026-04-07T19,HAM01,2026-04-07T19:00:00Z,2026-04-07,19,2,0.5,175
FF-HAM01-2026-04-07T20,HAM01,2026-04-07T20:00:00Z,2026-04-07,20,2,0.5,155
FF-HAM01-2026-04-07T21,HAM01,2026-04-07T21:00:00Z,2026-04-07,21,3,0.3333,164
FF-HAM01-2026-04-08T08,HAM01,2026-04-08T08:00:00Z,2026-04-08,8,2,0.5,159
FF-HAM01-2026-04-08T10,HAM01,2026-04-08T10:00:00Z,2026-04-08,10,5,0.4,182
FF-HAM01-2026-04-08T11,HAM01,2026-04-08T11:00:00Z,2026-04-08,11,3,0.6667,161
FF-HAM01-2026-04-08T12,HAM01,2026-04-08T12:00:00Z,2026-04-08,12,4,0.75,190
FF-HAM01-2026-04-08T13,HAM01,2026-04-08T13:00:00Z,2026-04-08,13,8,0.5,157
FF-HAM01-2026-04-08T14,HAM01,2026-04-08T14:00:00Z,2026-04-08,14,10,0.6,164
FF-HAM01-2026-04-08T15,HAM01,2026-04-08T15:00:00Z,2026-04-08,15,7,0.5714,157
FF-HAM01-2026-04-08T16,HAM01,2026-04-08T16:00:00Z,2026-04-08,16,6,0.3333,180
FF-HAM01-2026-04-08T17,HAM01,2026-04-08T17:00:00Z,2026-04-08,17,5,0.6,167
FF-HAM01-2026-04-08T18,HAM01,2026-04-08T18:00:00Z,2026-04-08,18,4,0.5,153
FF-HAM01-2026-04-08T19,HAM01,2026-04-08T19:00:00Z,2026-04-08,19,6,0.5,186
FF-HAM01-2026-04-08T20,HAM01,2026-04-08T20:00:00Z,2026-04-08,20,4,0.5,203
FF-HAM01-2026-04-08T21,HAM01,2026-04-08T21:00:00Z,2026-04-08,21,3,0.6667,171
FF-HAM01-2026-04-09T08,HAM01,2026-04-09T08:00:00Z,2026-04-09,8,2,0.5,173
FF-HAM01-2026-04-09T12,HAM01,2026-04-09T12:00:00Z,2026-04-09,12,4,0.5,147
FF-HAM01-2026-04-09T13,HAM01,2026-04-09T13:00:00Z,2026-04-09,13,4,0.5,192
FF-HAM01-2026-04-09T14,HAM01,2026-04-09T14:00:00Z,2026-04-09,14,5,0.6,185
FF-HAM01-2026-04-09T15,HAM01,2026-04-09T15:00:00Z,2026-04-09,15,6,0.5,179
FF-HAM01-2026-04-09T16,HAM01,2026-04-09T16:00:00Z,2026-04-09,16,8,0.5,124
FF-HAM01-2026-04-09T17,HAM01,2026-04-09T17:00:00Z,2026-04-09,17,3,0.6667,163
FF-HAM01-2026-04-09T18,HAM01,2026-04-09T18:00:00Z,2026-04-09,18,2,0.5,171
FF-HAM01-2026-04-09T19,HAM01,2026-04-09T19:00:00Z,2026-04-09,19,2,0.5,168
FF-HAM01-2026-04-09T20,HAM01,2026-04-09T20:00:00Z,2026-04-09,20,2,0.5,155
FF-HAM01-2026-04-09T21,HAM01,2026-04-09T21:00:00Z,2026-04-09,21,2,0.5,150
FF-HAM01-2026-04-10T09,HAM01,2026-04-10T09:00:00Z,2026-04-10,9,2,0.5,169
FF-HAM01-2026-04-10T11,HAM01,2026-04-10T11:00:00Z,2026-04-10,11,2,0.5,126
FF-HAM01-2026-04-10T12,HAM01,2026-04-10T12:00:00Z,2026-04-10,12,2,0.5,153
FF-HAM01-2026-04-10T14,HAM01,2026-04-10T14:00:00Z,2026-04-10,14,3,0.6667,157
FF-HAM01-2026-04-10T17,HAM01,2026-04-10T17:00:00Z,2026-04-10,17,2,0.5,154
FF-HAM01-2026-04-10T18,HAM01,2026-04-10T18:00:00Z,2026-04-10,18,5,0.6,151
FF-HAM01-2026-04-10T19,HAM01,2026-04-10T19:00:00Z,2026-04-10,19,3,0.3333,156
FF-HAM01-2026-04-10T20,HAM01,2026-04-10T20:00:00Z,2026-04-10,20,2,0.5,170
FF-HAM01-2026-04-10T21,HAM01,2026-04-10T21:00:00Z,2026-04-10,21,1,1.0,165
FF-HAM01-2026-04-11T12,HAM01,2026-04-11T12:00:00Z,2026-04-11,12,2,0.5,130
FF-HAM01-2026-04-11T14,HAM01,2026-04-11T14:00:00Z,2026-04-11,14,2,0.5,153
FF-HAM01-2026-04-11T15,HAM01,2026-04-11T15:00:00Z,2026-04-11,15,2,0.5,200
FF-HAM01-2026-04-11T16,HAM01,2026-04-11T16:00:00Z,2026-04-11,16,2,0.5,145
FF-HAM01-2026-04-11T17,HAM01,2026-04-11T17:00:00Z,2026-04-11,17,2,0.5,189
FF-HAM01-2026-04-11T18,HAM01,2026-04-11T18:00:00Z,2026-04-11,18,2,0.5,171
FF-HAM01-2026-04-12T09,HAM01,2026-04-12T09:00:00Z,2026-04-12,9,2,0.5,163
FF-HAM01-2026-04-12T10,HAM01,2026-04-12T10:00:00Z,2026-04-12,10,2,0.5,225
FF-HAM01-2026-04-12T11,HAM01,2026-04-12T11:00:00Z,2026-04-12,11,2,0.5,140
FF-HAM01-2026-04-12T12,HAM01,2026-04-12T12:00:00Z,2026-04-12,12,5,0.4,158
FF-HAM01-2026-04-12T13,HAM01,2026-04-12T13:00:00Z,2026-04-12,13,3,0.6667,139
FF-HAM01-2026-04-12T14,HAM01,2026-04-12T14:00:00Z,2026-04-12,14,2,0.5,176
FF-HAM01-2026-04-12T15,HAM01,2026-04-12T15:00:00Z,2026-04-12,15,2,0.5,175
FF-HAM01-2026-04-12T16,HAM01,2026-04-12T16:00:00Z,2026-04-12,16,2,0.5,212
FF-HAM01-2026-04-12T17,HAM01,2026-04-12T17:00:00Z,2026-04-12,17,2,0.5,177
FF-HAM01-2026-04-12T18,HAM01,2026-04-12T18:00:00Z,2026-04-12,18,2,0.5,158
FF-HAM01-2026-04-12T19,HAM01,2026-04-12T19:00:00Z,2026-04-12,19,2,0.5,175
FF-HAM01-2026-04-12T20,HAM01,2026-04-12T20:00:00Z,2026-04-12,20,2,0.5,143
FF-HAM01-2026-04-13T08,HAM01,2026-04-13T08:00:00Z,2026-04-13,8,2,0.5,165
FF-HAM01-2026-04-13T09,HAM01,2026-04-13T09:00:00Z,2026-04-13,9,2,0.5,134
FF-HAM01-2026-04-13T10,HAM01,2026-04-13T10:00:00Z,2026-04-13,10,1,1.0,198
FF-HAM01-2026-04-13T11,HAM01,2026-04-13T11:00:00Z,2026-04-13,11,2,0.5,189
FF-HAM01-2026-04-13T12,HAM01,2026-04-13T12:00:00Z,2026-04-13,12,4,0.5,170
FF-HAM01-2026-04-13T13,HAM01,2026-04-13T13:00:00Z,2026-04-13,13,8,0.375,157
FF-HAM01-2026-04-13T14,HAM01,2026-04-13T14:00:00Z,2026-04-13,14,9,0.4444,148
FF-HAM01-2026-04-13T15,HAM01,2026-04-13T15:00:00Z,2026-04-13,15,2,0.5,172
FF-HAM01-2026-04-13T16,HAM01,2026-04-13T16:00:00Z,2026-04-13,16,2,0.5,157
FF-HAM01-2026-04-13T17,HAM01,2026-04-13T17:00:00Z,2026-04-13,17,4,0.5,132
FF-HAM01-2026-04-13T18,HAM01,2026-04-13T18:00:00Z,2026-04-13,18,2,0.5,150
FF-HAM01-2026-04-13T19,HAM01,2026-04-13T19:00:00Z,2026-04-13,19,2,0.5,186
FF-HAM01-2026-04-13T20,HAM01,2026-04-13T20:00:00Z,2026-04-13,20,2,0.5,161
FF-HAM01-2026-04-13T21,HAM01,2026-04-13T21:00:00Z,2026-04-13,21,2,0.5,157
FF-HAM01-2026-04-14T08,HAM01,2026-04-14T08:00:00Z,2026-04-14,8,2,0.5,167
FF-HAM01-2026-04-14T09,HAM01,2026-04-14T09:00:00Z,2026-04-14,9,2,0.5,156
FF-HAM01-2026-04-14T10,HAM01,2026-04-14T10:00:00Z,2026-04-14,10,2,0.5,181
FF-HAM01-2026-04-14T11,HAM01,2026-04-14T11:00:00Z,2026-04-14,11,2,0.5,203
FF-HAM01-2026-04-14T12,HAM01,2026-04-14T12:00:00Z,2026-04-14,12,4,0.5,145
FF-HAM01-2026-04-14T13,HAM01,2026-04-14T13:00:00Z,2026-04-14,13,6,0.5,132
FF-HAM01-2026-04-14T14,HAM01,2026-04-14T14:00:00Z,2026-04-14,14,6,0.6667,184
FF-HAM01-2026-04-14T16,HAM01,2026-04-14T16:00:00Z,2026-04-14,16,7,0.4286,185
FF-HAM01-2026-04-14T17,HAM01,2026-04-14T17:00:00Z,2026-04-14,17,2,0.5,191
FF-HAM01-2026-04-14T18,HAM01,2026-04-14T18:00:00Z,2026-04-14,18,2,0.5,135
FF-HAM01-2026-04-14T19,HAM01,2026-04-14T19:00:00Z,2026-04-14,19,2,0.5,160
FF-HAM01-2026-04-14T20,HAM01,2026-04-14T20:00:00Z,2026-04-14,20,2,0.5,195
FF-HAM01-2026-04-14T21,HAM01,2026-04-14T21:00:00Z,2026-04-14,21,2,0.5,167
FF-HAM01-2026-04-15T09,HAM01,2026-04-15T09:00:00Z,2026-04-15,9,2,0.5,154
FF-HAM01-2026-04-15T10,HAM01,2026-04-15T10:00:00Z,2026-04-15,10,4,0.5,156
FF-HAM01-2026-04-15T11,HAM01,2026-04-15T11:00:00Z,2026-04-15,11,4,0.5,177
FF-HAM01-2026-04-15T12,HAM01,2026-04-15T12:00:00Z,2026-04-15,12,4,0.75,184
FF-HAM01-2026-04-15T13,HAM01,2026-04-15T13:00:00Z,2026-04-15,13,10,0.5,174
FF-HAM01-2026-04-15T14,HAM01,2026-04-15T14:00:00Z,2026-04-15,14,7,0.5714,174
FF-HAM01-2026-04-15T15,HAM01,2026-04-15T15:00:00Z,2026-04-15,15,4,0.5,157
FF-HAM01-2026-04-15T16,HAM01,2026-04-15T16:00:00Z,2026-04-15,16,3,0.6667,163
FF-HAM01-2026-04-15T17,HAM01,2026-04-15T17:00:00Z,2026-04-15,17,4,0.5,143
FF-HAM01-2026-04-15T18,HAM01,2026-04-15T18:00:00Z,2026-04-15,18,4,0.5,195
FF-HAM01-2026-04-15T19,HAM01,2026-04-15T19:00:00Z,2026-04-15,19,4,0.5,181
FF-HAM01-2026-04-15T20,HAM01,2026-04-15T20:00:00Z,2026-04-15,20,2,0.5,115
FF-HAM01-2026-04-15T21,HAM01,2026-04-15T21:00:00Z,2026-04-15,21,2,0.5,182
FF-HAM01-2026-04-16T08,HAM01,2026-04-16T08:00:00Z,2026-04-16,8,2,0.5,189
FF-HAM01-2026-04-16T09,HAM01,2026-04-16T09:00:00Z,2026-04-16,9,2,0.5,147
FF-HAM01-2026-04-16T10,HAM01,2026-04-16T10:00:00Z,2026-04-16,10,2,0.5,151
FF-HAM01-2026-04-16T11,HAM01,2026-04-16T11:00:00Z,2026-04-16,11,4,0.25,169
FF-HAM01-2026-04-16T12,HAM01,2026-04-16T12:00:00Z,2026-04-16,12,3,0.6667,126
FF-HAM01-2026-04-16T13,HAM01,2026-04-16T13:00:00Z,2026-04-16,13,5,0.6,169
FF-HAM01-2026-04-16T14,HAM01,2026-04-16T14:00:00Z,2026-04-16,14,4,0.5,183
FF-HAM01-2026-04-16T15,HAM01,2026-04-16T15:00:00Z,2026-04-16,15,4,0.5,180
FF-HAM01-2026-04-16T16,HAM01,2026-04-16T16:00:00Z,2026-04-16,16,2,0.5,170
FF-HAM01-2026-04-16T17,HAM01,2026-04-16T17:00:00Z,2026-04-16,17,2,0.5,166
FF-HAM01-2026-04-16T18,HAM01,2026-04-16T18:00:00Z,2026-04-16,18,4,0.5,157
FF-HAM01-2026-04-16T19,HAM01,2026-04-16T19:00:00Z,2026-04-16,19,1,1.0,195
FF-HAM01-2026-04-16T20,HAM01,2026-04-16T20:00:00Z,2026-04-16,20,2,0.5,151
FF-HAM01-2026-04-16T21,HAM01,2026-04-16T21:00:00Z,2026-04-16,21,2,0.5,185
FF-HAM01-2026-04-17T09,HAM01,2026-04-17T09:00:00Z,2026-04-17,9,2,0.5,147
FF-HAM01-2026-04-17T10,HAM01,2026-04-17T10:00:00Z,2026-04-17,10,1,1.0,174
FF-HAM01-2026-04-17T11,HAM01,2026-04-17T11:00:00Z,2026-04-17,11,2,0.5,194
FF-HAM01-2026-04-17T12,HAM01,2026-04-17T12:00:00Z,2026-04-17,12,4,0.5,188
FF-HAM01-2026-04-17T13,HAM01,2026-04-17T13:00:00Z,2026-04-17,13,2,0.5,161
FF-HAM01-2026-04-17T14,HAM01,2026-04-17T14:00:00Z,2026-04-17,14,2,0.5,166
FF-HAM01-2026-04-17T15,HAM01,2026-04-17T15:00:00Z,2026-04-17,15,2,0.5,158
FF-HAM01-2026-04-17T16,HAM01,2026-04-17T16:00:00Z,2026-04-17,16,5,0.4,170
FF-HAM01-2026-04-17T17,HAM01,2026-04-17T17:00:00Z,2026-04-17,17,2,0.5,169
FF-HAM01-2026-04-17T18,HAM01,2026-04-17T18:00:00Z,2026-04-17,18,2,0.5,154
FF-HAM01-2026-04-17T19,HAM01,2026-04-17T19:00:00Z,2026-04-17,19,1,1.0,173
FF-HAM01-2026-04-17T21,HAM01,2026-04-17T21:00:00Z,2026-04-17,21,1,1.0,187
FF-HAM01-2026-04-18T12,HAM01,2026-04-18T12:00:00Z,2026-04-18,12,2,0.5,156
FF-HAM01-2026-04-18T13,HAM01,2026-04-18T13:00:00Z,2026-04-18,13,2,0.5,184
FF-HAM01-2026-04-18T14,HAM01,2026-04-18T14:00:00Z,2026-04-18,14,2,0.5,179
FF-HAM01-2026-04-18T15,HAM01,2026-04-18T15:00:00Z,2026-04-18,15,2,0.5,162
FF-HAM01-2026-04-18T16,HAM01,2026-04-18T16:00:00Z,2026-04-18,16,3,0.3333,158
FF-HAM01-2026-04-18T17,HAM01,2026-04-18T17:00:00Z,2026-04-18,17,2,0.5,153
FF-HAM01-2026-04-19T09,HAM01,2026-04-19T09:00:00Z,2026-04-19,9,1,1.0,150
FF-HAM01-2026-04-19T11,HAM01,2026-04-19T11:00:00Z,2026-04-19,11,2,0.5,178
FF-HAM01-2026-04-19T12,HAM01,2026-04-19T12:00:00Z,2026-04-19,12,1,1.0,168
FF-HAM01-2026-04-19T13,HAM01,2026-04-19T13:00:00Z,2026-04-19,13,2,0.5,184
FF-HAM01-2026-04-19T14,HAM01,2026-04-19T14:00:00Z,2026-04-19,14,2,0.5,154
FF-HAM01-2026-04-19T15,HAM01,2026-04-19T15:00:00Z,2026-04-19,15,2,0.5,156
FF-HAM01-2026-04-19T16,HAM01,2026-04-19T16:00:00Z,2026-04-19,16,2,0.5,172
FF-HAM01-2026-04-19T17,HAM01,2026-04-19T17:00:00Z,2026-04-19,17,2,0.5,178
FF-HAM01-2026-04-19T19,HAM01,2026-04-19T19:00:00Z,2026-04-19,19,1,1.0,147
FF-HAM01-2026-04-19T21,HAM01,2026-04-19T21:00:00Z,2026-04-19,21,2,0.5,178
FF-HAM01-2026-04-20T08,HAM01,2026-04-20T08:00:00Z,2026-04-20,8,2,0.5,185
FF-HAM01-2026-04-20T09,HAM01,2026-04-20T09:00:00Z,2026-04-20,9,2,0.5,159
FF-HAM01-2026-04-20T11,HAM01,2026-04-20T11:00:00Z,2026-04-20,11,2,0.5,166
FF-HAM01-2026-04-20T12,HAM01,2026-04-20T12:00:00Z,2026-04-20,12,4,0.5,177
FF-HAM01-2026-04-20T13,HAM01,2026-04-20T13:00:00Z,2026-04-20,13,7,0.5714,174
FF-HAM01-2026-04-20T14,HAM01,2026-04-20T14:00:00Z,2026-04-20,14,3,0.6667,205
FF-HAM01-2026-04-20T15,HAM01,2026-04-20T15:00:00Z,2026-04-20,15,2,0.5,188
FF-HAM01-2026-04-20T16,HAM01,2026-04-20T16:00:00Z,2026-04-20,16,6,0.5,169
FF-HAM01-2026-04-20T17,HAM01,2026-04-20T17:00:00Z,2026-04-20,17,6,0.6667,186
FF-HAM01-2026-04-20T18,HAM01,2026-04-20T18:00:00Z,2026-04-20,18,5,0.4,156
FF-HAM01-2026-04-20T19,HAM01,2026-04-20T19:00:00Z,2026-04-20,19,7,0.4286,168
FF-HAM01-2026-04-20T20,HAM01,2026-04-20T20:00:00Z,2026-04-20,20,2,0.5,180
FF-HAM01-2026-04-20T21,HAM01,2026-04-20T21:00:00Z,2026-04-20,21,2,0.5,157
FF-HAM01-2026-04-21T08,HAM01,2026-04-21T08:00:00Z,2026-04-21,8,2,0.5,192
FF-HAM01-2026-04-21T09,HAM01,2026-04-21T09:00:00Z,2026-04-21,9,1,1.0,163
FF-HAM01-2026-04-21T10,HAM01,2026-04-21T10:00:00Z,2026-04-21,10,2,0.5,179
FF-HAM01-2026-04-21T11,HAM01,2026-04-21T11:00:00Z,2026-04-21,11,2,0.5,157
FF-HAM01-2026-04-21T12,HAM01,2026-04-21T12:00:00Z,2026-04-21,12,6,0.6667,182
FF-HAM01-2026-04-21T13,HAM01,2026-04-21T13:00:00Z,2026-04-21,13,7,0.5714,134
FF-HAM01-2026-04-21T14,HAM01,2026-04-21T14:00:00Z,2026-04-21,14,7,0.7143,159
FF-HAM01-2026-04-21T15,HAM01,2026-04-21T15:00:00Z,2026-04-21,15,2,0.5,131
FF-HAM01-2026-04-21T16,HAM01,2026-04-21T16:00:00Z,2026-04-21,16,2,0.5,168
FF-HAM01-2026-04-21T17,HAM01,2026-04-21T17:00:00Z,2026-04-21,17,8,0.5,174
FF-HAM01-2026-04-21T18,HAM01,2026-04-21T18:00:00Z,2026-04-21,18,3,0.6667,176
FF-HAM01-2026-04-21T19,HAM01,2026-04-21T19:00:00Z,2026-04-21,19,6,0.3333,167
FF-HAM01-2026-04-21T20,HAM01,2026-04-21T20:00:00Z,2026-04-21,20,1,1.0,168
FF-HAM01-2026-04-21T21,HAM01,2026-04-21T21:00:00Z,2026-04-21,21,3,0.6667,154
FF-HAM01-2026-04-22T08,HAM01,2026-04-22T08:00:00Z,2026-04-22,8,2,0.5,159
FF-HAM01-2026-04-22T09,HAM01,2026-04-22T09:00:00Z,2026-04-22,9,2,0.5,175
FF-HAM01-2026-04-22T11,HAM01,2026-04-22T11:00:00Z,2026-04-22,11,4,0.5,166
FF-HAM01-2026-04-22T13,HAM01,2026-04-22T13:00:00Z,2026-04-22,13,6,0.6667,169
FF-HAM01-2026-04-22T14,HAM01,2026-04-22T14:00:00Z,2026-04-22,14,3,0.6667,213
FF-HAM01-2026-04-22T15,HAM01,2026-04-22T15:00:00Z,2026-04-22,15,13,0.3846,140
FF-HAM01-2026-04-22T16,HAM01,2026-04-22T16:00:00Z,2026-04-22,16,6,0.5,163
FF-HAM01-2026-04-22T17,HAM01,2026-04-22T17:00:00Z,2026-04-22,17,8,0.5,167
FF-HAM01-2026-04-22T18,HAM01,2026-04-22T18:00:00Z,2026-04-22,18,2,0.5,164
FF-HAM01-2026-04-22T19,HAM01,2026-04-22T19:00:00Z,2026-04-22,19,6,0.5,138
FF-HAM01-2026-04-22T20,HAM01,2026-04-22T20:00:00Z,2026-04-22,20,2,0.5,172
FF-HAM01-2026-04-22T21,HAM01,2026-04-22T21:00:00Z,2026-04-22,21,4,0.5,176
FF-HAM01-2026-04-23T08,HAM01,2026-04-23T08:00:00Z,2026-04-23,8,2,0.5,185
FF-HAM01-2026-04-23T09,HAM01,2026-04-23T09:00:00Z,2026-04-23,9,2,0.5,168
FF-HAM01-2026-04-23T11,HAM01,2026-04-23T11:00:00Z,2026-04-23,11,2,0.5,166
FF-HAM01-2026-04-23T12,HAM01,2026-04-23T12:00:00Z,2026-04-23,12,2,0.5,214
FF-HAM01-2026-04-23T13,HAM01,2026-04-23T13:00:00Z,2026-04-23,13,9,0.4444,136
FF-HAM01-2026-04-23T14,HAM01,2026-04-23T14:00:00Z,2026-04-23,14,6,0.5,152
FF-HAM01-2026-04-23T15,HAM01,2026-04-23T15:00:00Z,2026-04-23,15,4,0.5,190
FF-HAM01-2026-04-23T16,HAM01,2026-04-23T16:00:00Z,2026-04-23,16,4,0.5,196
FF-HAM01-2026-04-23T17,HAM01,2026-04-23T17:00:00Z,2026-04-23,17,7,0.5714,174
FF-HAM01-2026-04-23T18,HAM01,2026-04-23T18:00:00Z,2026-04-23,18,1,1.0,178
FF-HAM01-2026-04-23T19,HAM01,2026-04-23T19:00:00Z,2026-04-23,19,3,0.6667,151
FF-HAM01-2026-04-23T20,HAM01,2026-04-23T20:00:00Z,2026-04-23,20,3,0.3333,188
FF-HAM01-2026-04-23T21,HAM01,2026-04-23T21:00:00Z,2026-04-23,21,2,0.5,170
FF-HAM01-2026-04-24T08,HAM01,2026-04-24T08:00:00Z,2026-04-24,8,3,0.3333,166
FF-HAM01-2026-04-24T09,HAM01,2026-04-24T09:00:00Z,2026-04-24,9,2,0.5,142
FF-HAM01-2026-04-24T10,HAM01,2026-04-24T10:00:00Z,2026-04-24,10,3,0.3333,179
FF-HAM01-2026-04-24T11,HAM01,2026-04-24T11:00:00Z,2026-04-24,11,2,0.5,156
FF-HAM01-2026-04-24T12,HAM01,2026-04-24T12:00:00Z,2026-04-24,12,2,0.5,199
FF-HAM01-2026-04-24T13,HAM01,2026-04-24T13:00:00Z,2026-04-24,13,4,0.5,147
FF-HAM01-2026-04-24T14,HAM01,2026-04-24T14:00:00Z,2026-04-24,14,3,0.6667,177
FF-HAM01-2026-04-24T15,HAM01,2026-04-24T15:00:00Z,2026-04-24,15,9,0.3333,184
FF-HAM01-2026-04-24T16,HAM01,2026-04-24T16:00:00Z,2026-04-24,16,3,0.6667,187
FF-HAM01-2026-04-24T17,HAM01,2026-04-24T17:00:00Z,2026-04-24,17,1,1.0,164
FF-HAM01-2026-04-24T18,HAM01,2026-04-24T18:00:00Z,2026-04-24,18,2,0.5,153
FF-HAM01-2026-04-24T19,HAM01,2026-04-24T19:00:00Z,2026-04-24,19,2,0.5,128
FF-HAM01-2026-04-24T20,HAM01,2026-04-24T20:00:00Z,2026-04-24,20,2,0.5,164
FF-HAM01-2026-04-24T21,HAM01,2026-04-24T21:00:00Z,2026-04-24,21,2,0.5,162
FF-HAM01-2026-04-25T11,HAM01,2026-04-25T11:00:00Z,2026-04-25,11,3,0.3333,183
FF-HAM01-2026-04-25T12,HAM01,2026-04-25T12:00:00Z,2026-04-25,12,2,0.5,146
FF-HAM01-2026-04-25T13,HAM01,2026-04-25T13:00:00Z,2026-04-25,13,2,0.5,181
FF-HAM01-2026-04-25T14,HAM01,2026-04-25T14:00:00Z,2026-04-25,14,2,0.5,159
FF-HAM01-2026-04-25T15,HAM01,2026-04-25T15:00:00Z,2026-04-25,15,2,0.5,201
FF-HAM01-2026-04-25T16,HAM01,2026-04-25T16:00:00Z,2026-04-25,16,2,0.5,162
FF-HAM01-2026-04-25T17,HAM01,2026-04-25T17:00:00Z,2026-04-25,17,3,0.3333,229
FF-HAM01-2026-04-25T18,HAM01,2026-04-25T18:00:00Z,2026-04-25,18,2,0.5,167
FF-HAM01-2026-04-26T09,HAM01,2026-04-26T09:00:00Z,2026-04-26,9,2,0.5,195
FF-HAM01-2026-04-26T10,HAM01,2026-04-26T10:00:00Z,2026-04-26,10,2,0.5,175
FF-HAM01-2026-04-26T11,HAM01,2026-04-26T11:00:00Z,2026-04-26,11,2,0.5,150
FF-HAM01-2026-04-26T12,HAM01,2026-04-26T12:00:00Z,2026-04-26,12,1,1.0,148
FF-HAM01-2026-04-26T14,HAM01,2026-04-26T14:00:00Z,2026-04-26,14,2,0.5,204
FF-HAM01-2026-04-26T15,HAM01,2026-04-26T15:00:00Z,2026-04-26,15,3,0.6667,155
FF-HAM01-2026-04-26T16,HAM01,2026-04-26T16:00:00Z,2026-04-26,16,4,0.5,154
FF-HAM01-2026-04-26T17,HAM01,2026-04-26T17:00:00Z,2026-04-26,17,4,0.5,161
FF-HAM01-2026-04-26T18,HAM01,2026-04-26T18:00:00Z,2026-04-26,18,2,0.5,214
FF-HAM01-2026-04-26T19,HAM01,2026-04-26T19:00:00Z,2026-04-26,19,2,0.5,161
FF-HAM01-2026-04-26T21,HAM01,2026-04-26T21:00:00Z,2026-04-26,21,2,0.5,161
FF-HAM01-2026-04-27T09,HAM01,2026-04-27T09:00:00Z,2026-04-27,9,2,0.5,127
FF-HAM01-2026-04-27T10,HAM01,2026-04-27T10:00:00Z,2026-04-27,10,2,0.5,136
FF-HAM01-2026-04-27T11,HAM01,2026-04-27T11:00:00Z,2026-04-27,11,2,0.5,150
FF-HAM01-2026-04-27T12,HAM01,2026-04-27T12:00:00Z,2026-04-27,12,6,0.5,149
FF-HAM01-2026-04-27T13,HAM01,2026-04-27T13:00:00Z,2026-04-27,13,9,0.5556,122
FF-HAM01-2026-04-27T14,HAM01,2026-04-27T14:00:00Z,2026-04-27,14,6,0.5,145
FF-HAM01-2026-04-27T15,HAM01,2026-04-27T15:00:00Z,2026-04-27,15,4,0.75,193
FF-HAM01-2026-04-27T16,HAM01,2026-04-27T16:00:00Z,2026-04-27,16,6,0.5,194
FF-HAM01-2026-04-27T17,HAM01,2026-04-27T17:00:00Z,2026-04-27,17,3,0.6667,198
FF-HAM01-2026-04-27T18,HAM01,2026-04-27T18:00:00Z,2026-04-27,18,4,0.5,178
FF-HAM01-2026-04-27T19,HAM01,2026-04-27T19:00:00Z,2026-04-27,19,5,0.4,155
FF-HAM01-2026-04-27T20,HAM01,2026-04-27T20:00:00Z,2026-04-27,20,2,0.5,166
FF-HAM01-2026-04-27T21,HAM01,2026-04-27T21:00:00Z,2026-04-27,21,2,0.5,173
FF-HAM01-2026-04-28T09,HAM01,2026-04-28T09:00:00Z,2026-04-28,9,1,1.0,171
FF-HAM01-2026-04-28T10,HAM01,2026-04-28T10:00:00Z,2026-04-28,10,2,0.5,178
FF-HAM01-2026-04-28T11,HAM01,2026-04-28T11:00:00Z,2026-04-28,11,2,0.5,196
FF-HAM01-2026-04-28T12,HAM01,2026-04-28T12:00:00Z,2026-04-28,12,9,0.4444,138
FF-HAM01-2026-04-28T13,HAM01,2026-04-28T13:00:00Z,2026-04-28,13,10,0.4,170
FF-HAM01-2026-04-28T14,HAM01,2026-04-28T14:00:00Z,2026-04-28,14,4,0.5,155
FF-HAM01-2026-04-28T15,HAM01,2026-04-28T15:00:00Z,2026-04-28,15,6,0.5,172
FF-HAM01-2026-04-28T16,HAM01,2026-04-28T16:00:00Z,2026-04-28,16,9,0.5556,199
FF-HAM01-2026-04-28T17,HAM01,2026-04-28T17:00:00Z,2026-04-28,17,3,0.6667,187
FF-HAM01-2026-04-28T18,HAM01,2026-04-28T18:00:00Z,2026-04-28,18,6,0.5,151
FF-HAM01-2026-04-28T19,HAM01,2026-04-28T19:00:00Z,2026-04-28,19,4,0.5,208
FF-HAM01-2026-04-28T20,HAM01,2026-04-28T20:00:00Z,2026-04-28,20,2,0.5,182
FF-HAM01-2026-04-28T21,HAM01,2026-04-28T21:00:00Z,2026-04-28,21,2,0.5,157
FF-HAM01-2026-04-29T08,HAM01,2026-04-29T08:00:00Z,2026-04-29,8,2,0.5,171
FF-HAM01-2026-04-29T09,HAM01,2026-04-29T09:00:00Z,2026-04-29,9,2,0.5,173
FF-HAM01-2026-04-29T10,HAM01,2026-04-29T10:00:00Z,2026-04-29,10,2,0.5,138
FF-HAM01-2026-04-29T11,HAM01,2026-04-29T11:00:00Z,2026-04-29,11,4,0.5,188
FF-HAM01-2026-04-29T12,HAM01,2026-04-29T12:00:00Z,2026-04-29,12,12,0.4167,209
FF-HAM01-2026-04-29T13,HAM01,2026-04-29T13:00:00Z,2026-04-29,13,2,0.5,165
FF-HAM01-2026-04-29T14,HAM01,2026-04-29T14:00:00Z,2026-04-29,14,4,0.5,188
FF-HAM01-2026-04-29T15,HAM01,2026-04-29T15:00:00Z,2026-04-29,15,4,0.75,181
FF-HAM01-2026-04-29T16,HAM01,2026-04-29T16:00:00Z,2026-04-29,16,3,0.6667,145
FF-HAM01-2026-04-29T17,HAM01,2026-04-29T17:00:00Z,2026-04-29,17,9,0.5556,165
FF-HAM01-2026-04-29T18,HAM01,2026-04-29T18:00:00Z,2026-04-29,18,8,0.5,180
FF-HAM01-2026-04-29T19,HAM01,2026-04-29T19:00:00Z,2026-04-29,19,3,0.6667,182
FF-HAM01-2026-04-29T20,HAM01,2026-04-29T20:00:00Z,2026-04-29,20,2,0.5,135
FF-HAM01-2026-04-29T21,HAM01,2026-04-29T21:00:00Z,2026-04-29,21,2,0.5,165
FF-HAM01-2026-04-30T08,HAM01,2026-04-30T08:00:00Z,2026-04-30,8,2,0.5,161
FF-HAM01-2026-04-30T09,HAM01,2026-04-30T09:00:00Z,2026-04-30,9,2,0.5,149
FF-HAM01-2026-04-30T10,HAM01,2026-04-30T10:00:00Z,2026-04-30,10,2,0.5,178
FF-HAM01-2026-04-30T11,HAM01,2026-04-30T11:00:00Z,2026-04-30,11,2,0.5,114
FF-HAM01-2026-04-30T12,HAM01,2026-04-30T12:00:00Z,2026-04-30,12,4,0.5,203
FF-HAM01-2026-04-30T13,HAM01,2026-04-30T13:00:00Z,2026-04-30,13,3,0.6667,203
FF-HAM01-2026-04-30T14,HAM01,2026-04-30T14:00:00Z,2026-04-30,14,3,0.6667,189
FF-HAM01-2026-04-30T15,HAM01,2026-04-30T15:00:00Z,2026-04-30,15,5,0.4,176
FF-HAM01-2026-04-30T16,HAM01,2026-04-30T16:00:00Z,2026-04-30,16,4,0.5,181
FF-HAM01-2026-04-30T17,HAM01,2026-04-30T17:00:00Z,2026-04-30,17,4,0.5,150
FF-HAM01-2026-04-30T18,HAM01,2026-04-30T18:00:00Z,2026-04-30,18,4,0.5,177
FF-HAM01-2026-04-30T19,HAM01,2026-04-30T19:00:00Z,2026-04-30,19,3,0.3333,147
FF-HAM01-2026-04-30T20,HAM01,2026-04-30T20:00:00Z,2026-04-30,20,1,1.0,159
FF-HAM01-2026-04-30T21,HAM01,2026-04-30T21:00:00Z,2026-04-30,21,2,0.5,165
FF-HAM01-2026-05-01T12,HAM01,2026-05-01T12:00:00Z,2026-05-01,12,4,0.5,188
FF-HAM01-2026-05-01T13,HAM01,2026-05-01T13:00:00Z,2026-05-01,13,4,0.5,173
FF-HAM01-2026-05-01T14,HAM01,2026-05-01T14:00:00Z,2026-05-01,14,5,0.4,153
FF-HAM01-2026-05-01T15,HAM01,2026-05-01T15:00:00Z,2026-05-01,15,3,0.6667,162
FF-HAM01-2026-05-01T16,HAM01,2026-05-01T16:00:00Z,2026-05-01,16,3,0.3333,171
FF-HAM01-2026-05-01T18,HAM01,2026-05-01T18:00:00Z,2026-05-01,18,3,0.3333,138
FF-HAM01-2026-05-01T19,HAM01,2026-05-01T19:00:00Z,2026-05-01,19,2,0.5,200
FF-HAM01-2026-05-01T20,HAM01,2026-05-01T20:00:00Z,2026-05-01,20,2,0.5,145
FF-HAM01-2026-05-01T21,HAM01,2026-05-01T21:00:00Z,2026-05-01,21,2,0.5,171
FF-HAM01-2026-05-02T15,HAM01,2026-05-02T15:00:00Z,2026-05-02,15,2,0.5,147
FF-HAM01-2026-05-02T16,HAM01,2026-05-02T16:00:00Z,2026-05-02,16,2,0.5,180
FF-HAM01-2026-05-02T20,HAM01,2026-05-02T20:00:00Z,2026-05-02,20,2,0.5,148
FF-HAM01-2026-05-02T21,HAM01,2026-05-02T21:00:00Z,2026-05-02,21,3,0.3333,178
FF-HAM01-2026-05-03T09,HAM01,2026-05-03T09:00:00Z,2026-05-03,9,1,1.0,164
FF-HAM01-2026-05-03T10,HAM01,2026-05-03T10:00:00Z,2026-05-03,10,2,0.5,165
FF-HAM01-2026-05-03T11,HAM01,2026-05-03T11:00:00Z,2026-05-03,11,2,0.5,149
FF-HAM01-2026-05-03T12,HAM01,2026-05-03T12:00:00Z,2026-05-03,12,2,0.5,182
FF-HAM01-2026-05-03T13,HAM01,2026-05-03T13:00:00Z,2026-05-03,13,2,0.5,171
FF-HAM01-2026-05-03T14,HAM01,2026-05-03T14:00:00Z,2026-05-03,14,1,1.0,173
FF-HAM01-2026-05-03T15,HAM01,2026-05-03T15:00:00Z,2026-05-03,15,3,0.6667,176
FF-HAM01-2026-05-03T16,HAM01,2026-05-03T16:00:00Z,2026-05-03,16,2,0.5,160
FF-HAM01-2026-05-03T17,HAM01,2026-05-03T17:00:00Z,2026-05-03,17,2,0.5,187
FF-HAM01-2026-05-03T19,HAM01,2026-05-03T19:00:00Z,2026-05-03,19,2,0.5,163
FF-HAM01-2026-05-03T20,HAM01,2026-05-03T20:00:00Z,2026-05-03,20,2,0.5,194
FF-HAM01-2026-05-03T21,HAM01,2026-05-03T21:00:00Z,2026-05-03,21,2,0.5,170
FF-HAM01-2026-05-04T08,HAM01,2026-05-04T08:00:00Z,2026-05-04,8,2,0.5,174
FF-HAM01-2026-05-04T09,HAM01,2026-05-04T09:00:00Z,2026-05-04,9,2,0.5,180
FF-HAM01-2026-05-04T12,HAM01,2026-05-04T12:00:00Z,2026-05-04,12,4,0.5,182
FF-HAM01-2026-05-04T13,HAM01,2026-05-04T13:00:00Z,2026-05-04,13,6,0.6667,163
FF-HAM01-2026-05-04T14,HAM01,2026-05-04T14:00:00Z,2026-05-04,14,5,0.6,158
FF-HAM01-2026-05-04T15,HAM01,2026-05-04T15:00:00Z,2026-05-04,15,8,0.5,136
FF-HAM01-2026-05-04T16,HAM01,2026-05-04T16:00:00Z,2026-05-04,16,7,0.5714,159
FF-HAM01-2026-05-04T17,HAM01,2026-05-04T17:00:00Z,2026-05-04,17,3,0.3333,142
FF-HAM01-2026-05-04T18,HAM01,2026-05-04T18:00:00Z,2026-05-04,18,2,0.5,133
FF-HAM01-2026-05-04T19,HAM01,2026-05-04T19:00:00Z,2026-05-04,19,2,0.5,188
FF-HAM01-2026-05-04T20,HAM01,2026-05-04T20:00:00Z,2026-05-04,20,2,0.5,121
FF-HAM01-2026-05-04T21,HAM01,2026-05-04T21:00:00Z,2026-05-04,21,3,0.6667,186
FF-HAM01-2026-05-05T11,HAM01,2026-05-05T11:00:00Z,2026-05-05,11,2,0.5,151
FF-HAM01-2026-05-05T12,HAM01,2026-05-05T12:00:00Z,2026-05-05,12,3,0.6667,156
FF-HAM01-2026-05-05T13,HAM01,2026-05-05T13:00:00Z,2026-05-05,13,4,0.5,170
FF-HAM01-2026-05-05T14,HAM01,2026-05-05T14:00:00Z,2026-05-05,14,3,0.6667,183
FF-HAM01-2026-05-05T15,HAM01,2026-05-05T15:00:00Z,2026-05-05,15,10,0.5,159
FF-HAM01-2026-05-05T16,HAM01,2026-05-05T16:00:00Z,2026-05-05,16,6,0.6667,151
FF-HAM01-2026-05-05T17,HAM01,2026-05-05T17:00:00Z,2026-05-05,17,4,0.5,164
FF-HAM01-2026-05-05T18,HAM01,2026-05-05T18:00:00Z,2026-05-05,18,3,0.6667,179
FF-HAM01-2026-05-05T19,HAM01,2026-05-05T19:00:00Z,2026-05-05,19,2,0.5,225
FF-HAM01-2026-05-05T20,HAM01,2026-05-05T20:00:00Z,2026-05-05,20,4,0.5,156
FF-HAM01-2026-05-06T08,HAM01,2026-05-06T08:00:00Z,2026-05-06,8,2,0.5,163
FF-HAM01-2026-05-06T09,HAM01,2026-05-06T09:00:00Z,2026-05-06,9,2,0.5,176
FF-HAM01-2026-05-06T10,HAM01,2026-05-06T10:00:00Z,2026-05-06,10,1,1.0,173
FF-HAM01-2026-05-06T11,HAM01,2026-05-06T11:00:00Z,2026-05-06,11,2,0.5,143
FF-HAM01-2026-05-06T12,HAM01,2026-05-06T12:00:00Z,2026-05-06,12,9,0.5556,161
FF-HAM01-2026-05-06T13,HAM01,2026-05-06T13:00:00Z,2026-05-06,13,5,0.6,185
FF-HAM01-2026-05-06T14,HAM01,2026-05-06T14:00:00Z,2026-05-06,14,5,0.4,136
FF-HAM01-2026-05-06T15,HAM01,2026-05-06T15:00:00Z,2026-05-06,15,2,0.5,179
FF-HAM01-2026-05-06T16,HAM01,2026-05-06T16:00:00Z,2026-05-06,16,5,0.4,167
FF-HAM01-2026-05-06T17,HAM01,2026-05-06T17:00:00Z,2026-05-06,17,9,0.5556,199
FF-HAM01-2026-05-06T18,HAM01,2026-05-06T18:00:00Z,2026-05-06,18,6,0.5,153
FF-HAM01-2026-05-06T19,HAM01,2026-05-06T19:00:00Z,2026-05-06,19,4,0.5,157
FF-HAM01-2026-05-06T20,HAM01,2026-05-06T20:00:00Z,2026-05-06,20,3,0.3333,158
FF-HAM01-2026-05-06T21,HAM01,2026-05-06T21:00:00Z,2026-05-06,21,2,0.5,136
FF-HAM01-2026-05-07T08,HAM01,2026-05-07T08:00:00Z,2026-05-07,8,2,0.5,137
FF-HAM01-2026-05-07T09,HAM01,2026-05-07T09:00:00Z,2026-05-07,9,2,0.5,166
FF-HAM01-2026-05-07T10,HAM01,2026-05-07T10:00:00Z,2026-05-07,10,3,0.3333,179
FF-HAM01-2026-05-07T11,HAM01,2026-05-07T11:00:00Z,2026-05-07,11,2,0.5,161
FF-HAM01-2026-05-07T12,HAM01,2026-05-07T12:00:00Z,2026-05-07,12,4,0.5,182
FF-HAM01-2026-05-07T13,HAM01,2026-05-07T13:00:00Z,2026-05-07,13,7,0.5714,165
FF-HAM01-2026-05-07T14,HAM01,2026-05-07T14:00:00Z,2026-05-07,14,12,0.4167,104
FF-HAM01-2026-05-07T15,HAM01,2026-05-07T15:00:00Z,2026-05-07,15,2,0.5,163
FF-HAM01-2026-05-07T16,HAM01,2026-05-07T16:00:00Z,2026-05-07,16,8,0.375,163
FF-HAM01-2026-05-07T17,HAM01,2026-05-07T17:00:00Z,2026-05-07,17,4,0.5,224
FF-HAM01-2026-05-07T18,HAM01,2026-05-07T18:00:00Z,2026-05-07,18,6,0.5,174
FF-HAM01-2026-05-07T19,HAM01,2026-05-07T19:00:00Z,2026-05-07,19,4,0.5,188
FF-HAM01-2026-05-07T20,HAM01,2026-05-07T20:00:00Z,2026-05-07,20,2,0.5,155
FF-HAM01-2026-05-07T21,HAM01,2026-05-07T21:00:00Z,2026-05-07,21,3,0.6667,163
FF-HAM01-2026-05-08T08,HAM01,2026-05-08T08:00:00Z,2026-05-08,8,2,0.5,159
FF-HAM01-2026-05-08T09,HAM01,2026-05-08T09:00:00Z,2026-05-08,9,2,0.5,193
FF-HAM01-2026-05-08T10,HAM01,2026-05-08T10:00:00Z,2026-05-08,10,2,0.5,171
FF-HAM01-2026-05-08T11,HAM01,2026-05-08T11:00:00Z,2026-05-08,11,2,0.5,162
FF-HAM01-2026-05-08T12,HAM01,2026-05-08T12:00:00Z,2026-05-08,12,2,0.5,186
FF-HAM01-2026-05-08T13,HAM01,2026-05-08T13:00:00Z,2026-05-08,13,4,0.5,145
FF-HAM01-2026-05-08T14,HAM01,2026-05-08T14:00:00Z,2026-05-08,14,4,0.5,177
FF-HAM01-2026-05-08T15,HAM01,2026-05-08T15:00:00Z,2026-05-08,15,3,0.6667,151
FF-HAM01-2026-05-08T16,HAM01,2026-05-08T16:00:00Z,2026-05-08,16,2,0.5,183
FF-HAM01-2026-05-08T17,HAM01,2026-05-08T17:00:00Z,2026-05-08,17,7,0.4286,188
FF-HAM01-2026-05-08T18,HAM01,2026-05-08T18:00:00Z,2026-05-08,18,5,0.4,182
FF-HAM01-2026-05-08T19,HAM01,2026-05-08T19:00:00Z,2026-05-08,19,2,0.5,186
FF-HAM01-2026-05-08T20,HAM01,2026-05-08T20:00:00Z,2026-05-08,20,2,0.5,144
FF-HAM01-2026-05-09T13,HAM01,2026-05-09T13:00:00Z,2026-05-09,13,2,0.5,154
FF-HAM01-2026-05-09T14,HAM01,2026-05-09T14:00:00Z,2026-05-09,14,2,0.5,164
FF-HAM01-2026-05-09T15,HAM01,2026-05-09T15:00:00Z,2026-05-09,15,2,0.5,183
FF-HAM01-2026-05-09T16,HAM01,2026-05-09T16:00:00Z,2026-05-09,16,2,0.5,171
FF-HAM01-2026-05-09T17,HAM01,2026-05-09T17:00:00Z,2026-05-09,17,2,0.5,166
FF-HAM01-2026-05-09T18,HAM01,2026-05-09T18:00:00Z,2026-05-09,18,2,0.5,164
FF-HAM01-2026-05-10T09,HAM01,2026-05-10T09:00:00Z,2026-05-10,9,2,0.5,168
FF-HAM01-2026-05-10T12,HAM01,2026-05-10T12:00:00Z,2026-05-10,12,2,0.5,130
FF-HAM01-2026-05-10T13,HAM01,2026-05-10T13:00:00Z,2026-05-10,13,2,0.5,174
FF-HAM01-2026-05-10T14,HAM01,2026-05-10T14:00:00Z,2026-05-10,14,1,1.0,172
FF-HAM01-2026-05-10T15,HAM01,2026-05-10T15:00:00Z,2026-05-10,15,1,1.0,160
FF-HAM01-2026-05-10T16,HAM01,2026-05-10T16:00:00Z,2026-05-10,16,2,0.5,187
FF-HAM01-2026-05-10T17,HAM01,2026-05-10T17:00:00Z,2026-05-10,17,2,0.5,184
FF-HAM01-2026-05-10T19,HAM01,2026-05-10T19:00:00Z,2026-05-10,19,1,1.0,177
FF-HAM01-2026-05-10T20,HAM01,2026-05-10T20:00:00Z,2026-05-10,20,1,1.0,136
FF-HAM01-2026-05-10T21,HAM01,2026-05-10T21:00:00Z,2026-05-10,21,2,0.5,202
FF-HAM01-2026-05-11T08,HAM01,2026-05-11T08:00:00Z,2026-05-11,8,2,0.5,209
FF-HAM01-2026-05-11T09,HAM01,2026-05-11T09:00:00Z,2026-05-11,9,2,0.5,166
FF-HAM01-2026-05-11T10,HAM01,2026-05-11T10:00:00Z,2026-05-11,10,2,0.5,212
FF-HAM01-2026-05-11T11,HAM01,2026-05-11T11:00:00Z,2026-05-11,11,2,0.5,191
FF-HAM01-2026-05-11T12,HAM01,2026-05-11T12:00:00Z,2026-05-11,12,3,0.6667,147
FF-HAM01-2026-05-11T13,HAM01,2026-05-11T13:00:00Z,2026-05-11,13,4,0.5,188
FF-HAM01-2026-05-11T14,HAM01,2026-05-11T14:00:00Z,2026-05-11,14,4,0.5,199
FF-HAM01-2026-05-11T15,HAM01,2026-05-11T15:00:00Z,2026-05-11,15,2,0.5,179
FF-HAM01-2026-05-11T16,HAM01,2026-05-11T16:00:00Z,2026-05-11,16,7,0.5714,157
FF-HAM01-2026-05-11T17,HAM01,2026-05-11T17:00:00Z,2026-05-11,17,2,0.5,193
FF-HAM01-2026-05-11T18,HAM01,2026-05-11T18:00:00Z,2026-05-11,18,3,0.6667,153
FF-HAM01-2026-05-11T19,HAM01,2026-05-11T19:00:00Z,2026-05-11,19,4,0.5,170
FF-HAM01-2026-05-11T20,HAM01,2026-05-11T20:00:00Z,2026-05-11,20,2,0.5,162
FF-HAM01-2026-05-11T21,HAM01,2026-05-11T21:00:00Z,2026-05-11,21,2,0.5,144
FF-HAM01-2026-05-12T08,HAM01,2026-05-12T08:00:00Z,2026-05-12,8,2,0.5,164
FF-HAM01-2026-05-12T09,HAM01,2026-05-12T09:00:00Z,2026-05-12,9,2,0.5,172
FF-HAM01-2026-05-12T10,HAM01,2026-05-12T10:00:00Z,2026-05-12,10,2,0.5,133
FF-HAM01-2026-05-12T12,HAM01,2026-05-12T12:00:00Z,2026-05-12,12,4,0.5,160
FF-HAM01-2026-05-12T13,HAM01,2026-05-12T13:00:00Z,2026-05-12,13,4,0.75,196
FF-HAM01-2026-05-12T15,HAM01,2026-05-12T15:00:00Z,2026-05-12,15,12,0.5,213
FF-HAM01-2026-05-12T17,HAM01,2026-05-12T17:00:00Z,2026-05-12,17,2,0.5,142
FF-HAM01-2026-05-12T18,HAM01,2026-05-12T18:00:00Z,2026-05-12,18,2,0.5,149
FF-HAM01-2026-05-12T19,HAM01,2026-05-12T19:00:00Z,2026-05-12,19,2,0.5,126
FF-HAM01-2026-05-12T20,HAM01,2026-05-12T20:00:00Z,2026-05-12,20,2,0.5,117
FF-HAM01-2026-05-12T21,HAM01,2026-05-12T21:00:00Z,2026-05-12,21,5,0.4,176
FF-HAM01-2026-05-13T08,HAM01,2026-05-13T08:00:00Z,2026-05-13,8,2,0.5,148
FF-HAM01-2026-05-13T09,HAM01,2026-05-13T09:00:00Z,2026-05-13,9,3,0.3333,164
FF-HAM01-2026-05-13T10,HAM01,2026-05-13T10:00:00Z,2026-05-13,10,2,0.5,174
FF-HAM01-2026-05-13T12,HAM01,2026-05-13T12:00:00Z,2026-05-13,12,5,0.4,139
FF-HAM01-2026-05-13T13,HAM01,2026-05-13T13:00:00Z,2026-05-13,13,4,0.5,182
FF-HAM01-2026-05-13T14,HAM01,2026-05-13T14:00:00Z,2026-05-13,14,4,0.5,162
FF-HAM01-2026-05-13T15,HAM01,2026-05-13T15:00:00Z,2026-05-13,15,2,0.5,188
FF-HAM01-2026-05-13T16,HAM01,2026-05-13T16:00:00Z,2026-05-13,16,3,0.6667,185
FF-HAM01-2026-05-13T17,HAM01,2026-05-13T17:00:00Z,2026-05-13,17,3,0.6667,165
FF-HAM01-2026-05-13T18,HAM01,2026-05-13T18:00:00Z,2026-05-13,18,7,0.4286,197
FF-HAM01-2026-05-13T19,HAM01,2026-05-13T19:00:00Z,2026-05-13,19,2,0.5,148
FF-HAM01-2026-05-13T20,HAM01,2026-05-13T20:00:00Z,2026-05-13,20,3,0.3333,175
FF-HAM01-2026-05-13T21,HAM01,2026-05-13T21:00:00Z,2026-05-13,21,2,0.5,193
FF-HAM01-2026-05-14T08,HAM01,2026-05-14T08:00:00Z,2026-05-14,8,2,0.5,195
FF-HAM01-2026-05-14T09,HAM01,2026-05-14T09:00:00Z,2026-05-14,9,2,0.5,164
FF-HAM01-2026-05-14T10,HAM01,2026-05-14T10:00:00Z,2026-05-14,10,2,0.5,147
FF-HAM01-2026-05-14T11,HAM01,2026-05-14T11:00:00Z,2026-05-14,11,4,0.5,188
FF-HAM01-2026-05-14T12,HAM01,2026-05-14T12:00:00Z,2026-05-14,12,2,0.5,170
FF-HAM01-2026-05-14T13,HAM01,2026-05-14T13:00:00Z,2026-05-14,13,2,0.5,176
FF-HAM01-2026-05-14T14,HAM01,2026-05-14T14:00:00Z,2026-05-14,14,9,0.5556,155
FF-HAM01-2026-05-14T15,HAM01,2026-05-14T15:00:00Z,2026-05-14,15,8,0.625,185
FF-HAM01-2026-05-14T16,HAM01,2026-05-14T16:00:00Z,2026-05-14,16,6,0.3333,158
FF-HAM01-2026-05-14T17,HAM01,2026-05-14T17:00:00Z,2026-05-14,17,5,0.6,158
FF-HAM01-2026-05-14T18,HAM01,2026-05-14T18:00:00Z,2026-05-14,18,3,0.6667,182
FF-HAM01-2026-05-14T19,HAM01,2026-05-14T19:00:00Z,2026-05-14,19,4,0.5,159
FF-HAM01-2026-05-14T20,HAM01,2026-05-14T20:00:00Z,2026-05-14,20,2,0.5,142
FF-HAM01-2026-05-14T21,HAM01,2026-05-14T21:00:00Z,2026-05-14,21,4,0.5,175
FF-HAM01-2026-05-15T08,HAM01,2026-05-15T08:00:00Z,2026-05-15,8,2,0.5,170
FF-HAM01-2026-05-15T10,HAM01,2026-05-15T10:00:00Z,2026-05-15,10,2,0.5,173
FF-HAM01-2026-05-15T11,HAM01,2026-05-15T11:00:00Z,2026-05-15,11,2,0.5,141
FF-HAM01-2026-05-15T12,HAM01,2026-05-15T12:00:00Z,2026-05-15,12,5,0.4,177
FF-HAM01-2026-05-15T14,HAM01,2026-05-15T14:00:00Z,2026-05-15,14,4,0.5,215
FF-HAM01-2026-05-15T15,HAM01,2026-05-15T15:00:00Z,2026-05-15,15,8,0.5,150
FF-HAM01-2026-05-15T16,HAM01,2026-05-15T16:00:00Z,2026-05-15,16,3,0.6667,166
FF-HAM01-2026-05-15T18,HAM01,2026-05-15T18:00:00Z,2026-05-15,18,2,0.5,172
FF-HAM01-2026-05-15T19,HAM01,2026-05-15T19:00:00Z,2026-05-15,19,1,1.0,153
FF-HAM01-2026-05-15T20,HAM01,2026-05-15T20:00:00Z,2026-05-15,20,1,1.0,169
FF-HAM01-2026-05-15T21,HAM01,2026-05-15T21:00:00Z,2026-05-15,21,2,0.5,195
FF-HAM01-2026-05-16T12,HAM01,2026-05-16T12:00:00Z,2026-05-16,12,3,0.3333,163
FF-HAM01-2026-05-16T13,HAM01,2026-05-16T13:00:00Z,2026-05-16,13,2,0.5,181
FF-HAM01-2026-05-16T14,HAM01,2026-05-16T14:00:00Z,2026-05-16,14,2,0.5,168
FF-HAM01-2026-05-16T15,HAM01,2026-05-16T15:00:00Z,2026-05-16,15,2,0.5,137
FF-HAM01-2026-05-16T16,HAM01,2026-05-16T16:00:00Z,2026-05-16,16,2,0.5,164
FF-HAM01-2026-05-16T18,HAM01,2026-05-16T18:00:00Z,2026-05-16,18,2,0.5,161
FF-HAM01-2026-05-17T11,HAM01,2026-05-17T11:00:00Z,2026-05-17,11,2,0.5,179
FF-HAM01-2026-05-17T12,HAM01,2026-05-17T12:00:00Z,2026-05-17,12,2,0.5,128
FF-HAM01-2026-05-17T13,HAM01,2026-05-17T13:00:00Z,2026-05-17,13,2,0.5,163
FF-HAM01-2026-05-17T15,HAM01,2026-05-17T15:00:00Z,2026-05-17,15,2,0.5,155
FF-HAM01-2026-05-17T16,HAM01,2026-05-17T16:00:00Z,2026-05-17,16,3,0.3333,175
FF-HAM01-2026-05-17T17,HAM01,2026-05-17T17:00:00Z,2026-05-17,17,2,0.5,141
FF-HAM01-2026-05-17T19,HAM01,2026-05-17T19:00:00Z,2026-05-17,19,1,1.0,153
FF-HAM01-2026-05-18T08,HAM01,2026-05-18T08:00:00Z,2026-05-18,8,2,0.5,158
FF-HAM01-2026-05-18T09,HAM01,2026-05-18T09:00:00Z,2026-05-18,9,3,0.6667,163
FF-HAM01-2026-05-18T10,HAM01,2026-05-18T10:00:00Z,2026-05-18,10,2,0.5,166
FF-HAM01-2026-05-18T11,HAM01,2026-05-18T11:00:00Z,2026-05-18,11,1,1.0,188
FF-HAM01-2026-05-18T12,HAM01,2026-05-18T12:00:00Z,2026-05-18,12,4,0.5,204
FF-HAM01-2026-05-18T13,HAM01,2026-05-18T13:00:00Z,2026-05-18,13,9,0.3333,167
FF-HAM01-2026-05-18T14,HAM01,2026-05-18T14:00:00Z,2026-05-18,14,8,0.625,198
FF-HAM01-2026-05-18T15,HAM01,2026-05-18T15:00:00Z,2026-05-18,15,2,0.5,170
FF-HAM01-2026-05-18T16,HAM01,2026-05-18T16:00:00Z,2026-05-18,16,6,0.5,179
FF-HAM01-2026-05-18T17,HAM01,2026-05-18T17:00:00Z,2026-05-18,17,8,0.625,160
FF-HAM01-2026-05-18T18,HAM01,2026-05-18T18:00:00Z,2026-05-18,18,2,0.5,179
FF-HAM01-2026-05-18T19,HAM01,2026-05-18T19:00:00Z,2026-05-18,19,2,0.5,152
FF-HAM01-2026-05-18T20,HAM01,2026-05-18T20:00:00Z,2026-05-18,20,6,0.3333,165
FF-HAM01-2026-05-18T21,HAM01,2026-05-18T21:00:00Z,2026-05-18,21,2,0.5,158
FF-HAM01-2026-05-19T08,HAM01,2026-05-19T08:00:00Z,2026-05-19,8,2,0.5,141
FF-HAM01-2026-05-19T09,HAM01,2026-05-19T09:00:00Z,2026-05-19,9,2,0.5,154
FF-HAM01-2026-05-19T10,HAM01,2026-05-19T10:00:00Z,2026-05-19,10,2,0.5,204
FF-HAM01-2026-05-19T11,HAM01,2026-05-19T11:00:00Z,2026-05-19,11,3,0.3333,170
FF-HAM01-2026-05-19T12,HAM01,2026-05-19T12:00:00Z,2026-05-19,12,5,0.6,196
FF-HAM01-2026-05-19T13,HAM01,2026-05-19T13:00:00Z,2026-05-19,13,4,0.75,182
FF-HAM01-2026-05-19T14,HAM01,2026-05-19T14:00:00Z,2026-05-19,14,6,0.5,167
FF-HAM01-2026-05-19T15,HAM01,2026-05-19T15:00:00Z,2026-05-19,15,4,0.5,140
FF-HAM01-2026-05-19T16,HAM01,2026-05-19T16:00:00Z,2026-05-19,16,12,0.4167,159
FF-HAM01-2026-05-19T17,HAM01,2026-05-19T17:00:00Z,2026-05-19,17,5,0.6,124
FF-HAM01-2026-05-19T18,HAM01,2026-05-19T18:00:00Z,2026-05-19,18,3,0.6667,152
FF-HAM01-2026-05-19T19,HAM01,2026-05-19T19:00:00Z,2026-05-19,19,1,1.0,162
FF-HAM01-2026-05-19T20,HAM01,2026-05-19T20:00:00Z,2026-05-19,20,4,0.5,168
FF-HAM01-2026-05-19T21,HAM01,2026-05-19T21:00:00Z,2026-05-19,21,2,0.5,169
FF-HAM01-2026-05-20T08,HAM01,2026-05-20T08:00:00Z,2026-05-20,8,3,0.3333,190
FF-HAM01-2026-05-20T09,HAM01,2026-05-20T09:00:00Z,2026-05-20,9,3,0.3333,182
FF-HAM01-2026-05-20T10,HAM01,2026-05-20T10:00:00Z,2026-05-20,10,1,1.0,167
FF-HAM01-2026-05-20T11,HAM01,2026-05-20T11:00:00Z,2026-05-20,11,2,0.5,155
FF-HAM01-2026-05-20T12,HAM01,2026-05-20T12:00:00Z,2026-05-20,12,7,0.5714,167
FF-HAM01-2026-05-20T13,HAM01,2026-05-20T13:00:00Z,2026-05-20,13,10,0.5,174
FF-HAM01-2026-05-20T14,HAM01,2026-05-20T14:00:00Z,2026-05-20,14,7,0.5714,204
FF-HAM01-2026-05-20T15,HAM01,2026-05-20T15:00:00Z,2026-05-20,15,8,0.5,201
FF-HAM01-2026-05-20T16,HAM01,2026-05-20T16:00:00Z,2026-05-20,16,7,0.4286,154
FF-HAM01-2026-05-20T17,HAM01,2026-05-20T17:00:00Z,2026-05-20,17,7,0.7143,170
FF-HAM01-2026-05-20T18,HAM01,2026-05-20T18:00:00Z,2026-05-20,18,3,0.6667,179
FF-HAM01-2026-05-20T19,HAM01,2026-05-20T19:00:00Z,2026-05-20,19,2,0.5,171
FF-HAM01-2026-05-20T20,HAM01,2026-05-20T20:00:00Z,2026-05-20,20,2,0.5,171
FF-HAM01-2026-05-20T21,HAM01,2026-05-20T21:00:00Z,2026-05-20,21,4,0.5,173
FF-HAM01-2026-05-21T08,HAM01,2026-05-21T08:00:00Z,2026-05-21,8,2,0.5,158
FF-HAM01-2026-05-21T09,HAM01,2026-05-21T09:00:00Z,2026-05-21,9,2,0.5,170
FF-HAM01-2026-05-21T10,HAM01,2026-05-21T10:00:00Z,2026-05-21,10,2,0.5,155
FF-HAM01-2026-05-21T11,HAM01,2026-05-21T11:00:00Z,2026-05-21,11,2,0.5,160
FF-HAM01-2026-05-21T12,HAM01,2026-05-21T12:00:00Z,2026-05-21,12,3,0.6667,179
FF-HAM01-2026-05-21T13,HAM01,2026-05-21T13:00:00Z,2026-05-21,13,4,0.5,175
FF-HAM01-2026-05-21T14,HAM01,2026-05-21T14:00:00Z,2026-05-21,14,3,0.6667,181
FF-HAM01-2026-05-21T16,HAM01,2026-05-21T16:00:00Z,2026-05-21,16,3,0.6667,202
FF-HAM01-2026-05-21T17,HAM01,2026-05-21T17:00:00Z,2026-05-21,17,5,0.6,166
FF-HAM01-2026-05-21T18,HAM01,2026-05-21T18:00:00Z,2026-05-21,18,2,0.5,179
FF-HAM01-2026-05-21T19,HAM01,2026-05-21T19:00:00Z,2026-05-21,19,2,0.5,166
FF-HAM01-2026-05-21T20,HAM01,2026-05-21T20:00:00Z,2026-05-21,20,3,0.6667,173
FF-HAM01-2026-05-21T21,HAM01,2026-05-21T21:00:00Z,2026-05-21,21,2,0.5,178
FF-HAM01-2026-05-22T08,HAM01,2026-05-22T08:00:00Z,2026-05-22,8,2,0.5,168
FF-HAM01-2026-05-22T10,HAM01,2026-05-22T10:00:00Z,2026-05-22,10,2,0.5,161
FF-HAM01-2026-05-22T11,HAM01,2026-05-22T11:00:00Z,2026-05-22,11,2,0.5,188
FF-HAM01-2026-05-22T12,HAM01,2026-05-22T12:00:00Z,2026-05-22,12,5,0.6,182
FF-HAM01-2026-05-22T14,HAM01,2026-05-22T14:00:00Z,2026-05-22,14,3,0.6667,136
FF-HAM01-2026-05-22T15,HAM01,2026-05-22T15:00:00Z,2026-05-22,15,6,0.5,141
FF-HAM01-2026-05-22T16,HAM01,2026-05-22T16:00:00Z,2026-05-22,16,5,0.4,170
FF-HAM01-2026-05-22T17,HAM01,2026-05-22T17:00:00Z,2026-05-22,17,4,0.5,151
FF-HAM01-2026-05-22T18,HAM01,2026-05-22T18:00:00Z,2026-05-22,18,8,0.5,158
FF-HAM01-2026-05-22T19,HAM01,2026-05-22T19:00:00Z,2026-05-22,19,2,0.5,181
FF-HAM01-2026-05-22T20,HAM01,2026-05-22T20:00:00Z,2026-05-22,20,5,0.4,141
FF-HAM01-2026-05-22T21,HAM01,2026-05-22T21:00:00Z,2026-05-22,21,1,1.0,169
FF-HAM01-2026-05-23T12,HAM01,2026-05-23T12:00:00Z,2026-05-23,12,2,0.5,176
FF-HAM01-2026-05-23T13,HAM01,2026-05-23T13:00:00Z,2026-05-23,13,2,0.5,156
FF-HAM01-2026-05-23T14,HAM01,2026-05-23T14:00:00Z,2026-05-23,14,2,0.5,160
FF-HAM01-2026-05-23T15,HAM01,2026-05-23T15:00:00Z,2026-05-23,15,2,0.5,154
FF-HAM01-2026-05-23T16,HAM01,2026-05-23T16:00:00Z,2026-05-23,16,2,0.5,176
FF-HAM01-2026-05-23T17,HAM01,2026-05-23T17:00:00Z,2026-05-23,17,2,0.5,190
FF-HAM01-2026-05-23T19,HAM01,2026-05-23T19:00:00Z,2026-05-23,19,2,0.5,151
FF-HAM01-2026-05-24T09,HAM01,2026-05-24T09:00:00Z,2026-05-24,9,2,0.5,176
FF-HAM01-2026-05-24T10,HAM01,2026-05-24T10:00:00Z,2026-05-24,10,2,0.5,199
FF-HAM01-2026-05-24T12,HAM01,2026-05-24T12:00:00Z,2026-05-24,12,2,0.5,149
FF-HAM01-2026-05-24T13,HAM01,2026-05-24T13:00:00Z,2026-05-24,13,2,0.5,156
FF-HAM01-2026-05-24T14,HAM01,2026-05-24T14:00:00Z,2026-05-24,14,3,0.6667,126
FF-HAM01-2026-05-24T16,HAM01,2026-05-24T16:00:00Z,2026-05-24,16,1,1.0,171
FF-HAM01-2026-05-24T18,HAM01,2026-05-24T18:00:00Z,2026-05-24,18,2,0.5,157
FF-HAM01-2026-05-24T19,HAM01,2026-05-24T19:00:00Z,2026-05-24,19,2,0.5,167
FF-HAM01-2026-05-24T20,HAM01,2026-05-24T20:00:00Z,2026-05-24,20,2,0.5,128
FF-HAM01-2026-05-24T21,HAM01,2026-05-24T21:00:00Z,2026-05-24,21,2,0.5,114
FF-HAM01-2026-05-25T08,HAM01,2026-05-25T08:00:00Z,2026-05-25,8,2,0.5,181
FF-HAM01-2026-05-25T09,HAM01,2026-05-25T09:00:00Z,2026-05-25,9,3,0.3333,184
FF-HAM01-2026-05-25T11,HAM01,2026-05-25T11:00:00Z,2026-05-25,11,2,0.5,173
FF-HAM01-2026-05-25T12,HAM01,2026-05-25T12:00:00Z,2026-05-25,12,4,0.5,169
FF-HAM01-2026-05-25T13,HAM01,2026-05-25T13:00:00Z,2026-05-25,13,4,0.5,221
FF-HAM01-2026-05-25T14,HAM01,2026-05-25T14:00:00Z,2026-05-25,14,3,0.6667,222
FF-HAM01-2026-05-25T15,HAM01,2026-05-25T15:00:00Z,2026-05-25,15,4,0.5,167
FF-HAM01-2026-05-25T16,HAM01,2026-05-25T16:00:00Z,2026-05-25,16,4,0.5,168
FF-HAM01-2026-05-25T17,HAM01,2026-05-25T17:00:00Z,2026-05-25,17,2,0.5,224
FF-HAM01-2026-05-25T19,HAM01,2026-05-25T19:00:00Z,2026-05-25,19,5,0.2,181
FF-HAM01-2026-05-25T20,HAM01,2026-05-25T20:00:00Z,2026-05-25,20,1,1.0,167
FF-HAM01-2026-05-25T21,HAM01,2026-05-25T21:00:00Z,2026-05-25,21,2,0.5,146
FF-HAM01-2026-05-26T07,HAM01,2026-05-26T07:00:00Z,2026-05-26,7,2,0.5,186
FF-HAM01-2026-05-26T08,HAM01,2026-05-26T08:00:00Z,2026-05-26,8,2,0.5,159
FF-HAM01-2026-05-26T09,HAM01,2026-05-26T09:00:00Z,2026-05-26,9,2,0.5,176
FF-HAM01-2026-05-26T10,HAM01,2026-05-26T10:00:00Z,2026-05-26,10,1,1.0,177
FF-HAM01-2026-05-26T11,HAM01,2026-05-26T11:00:00Z,2026-05-26,11,2,0.5,143
FF-HAM01-2026-05-26T12,HAM01,2026-05-26T12:00:00Z,2026-05-26,12,2,0.5,161
FF-HAM01-2026-05-26T13,HAM01,2026-05-26T13:00:00Z,2026-05-26,13,12,0.5,159
FF-HAM01-2026-05-26T14,HAM01,2026-05-26T14:00:00Z,2026-05-26,14,7,0.7143,162
FF-HAM01-2026-05-26T15,HAM01,2026-05-26T15:00:00Z,2026-05-26,15,9,0.5556,184
FF-HAM01-2026-05-26T17,HAM01,2026-05-26T17:00:00Z,2026-05-26,17,5,0.6,137
FF-HAM01-2026-05-26T18,HAM01,2026-05-26T18:00:00Z,2026-05-26,18,4,0.75,189
FF-HAM01-2026-05-26T19,HAM01,2026-05-26T19:00:00Z,2026-05-26,19,3,0.6667,207
FF-HAM01-2026-05-26T20,HAM01,2026-05-26T20:00:00Z,2026-05-26,20,4,0.5,148
FF-HAM01-2026-05-26T21,HAM01,2026-05-26T21:00:00Z,2026-05-26,21,3,0.6667,131
FF-HAM01-2026-05-27T08,HAM01,2026-05-27T08:00:00Z,2026-05-27,8,3,0.3333,148
FF-HAM01-2026-05-27T10,HAM01,2026-05-27T10:00:00Z,2026-05-27,10,2,0.5,166
FF-HAM01-2026-05-27T11,HAM01,2026-05-27T11:00:00Z,2026-05-27,11,2,0.5,181
FF-HAM01-2026-05-27T12,HAM01,2026-05-27T12:00:00Z,2026-05-27,12,5,0.6,192
FF-HAM01-2026-05-27T13,HAM01,2026-05-27T13:00:00Z,2026-05-27,13,7,0.4286,155
FF-HAM01-2026-05-27T14,HAM01,2026-05-27T14:00:00Z,2026-05-27,14,8,0.5,166
FF-HAM01-2026-05-27T15,HAM01,2026-05-27T15:00:00Z,2026-05-27,15,2,0.5,163
FF-HAM01-2026-05-27T16,HAM01,2026-05-27T16:00:00Z,2026-05-27,16,6,0.5,207
FF-HAM01-2026-05-27T17,HAM01,2026-05-27T17:00:00Z,2026-05-27,17,2,0.5,144
FF-HAM01-2026-05-27T18,HAM01,2026-05-27T18:00:00Z,2026-05-27,18,6,0.5,168
FF-HAM01-2026-05-27T19,HAM01,2026-05-27T19:00:00Z,2026-05-27,19,2,0.5,160
FF-HAM01-2026-05-27T20,HAM01,2026-05-27T20:00:00Z,2026-05-27,20,2,0.5,148
FF-HAM01-2026-05-27T21,HAM01,2026-05-27T21:00:00Z,2026-05-27,21,1,1.0,147
FF-HAM01-2026-05-28T08,HAM01,2026-05-28T08:00:00Z,2026-05-28,8,2,0.5,138
FF-HAM01-2026-05-28T09,HAM01,2026-05-28T09:00:00Z,2026-05-28,9,2,0.5,206
FF-HAM01-2026-05-28T10,HAM01,2026-05-28T10:00:00Z,2026-05-28,10,3,0.3333,178
FF-HAM01-2026-05-28T11,HAM01,2026-05-28T11:00:00Z,2026-05-28,11,2,0.5,186
FF-HAM01-2026-05-28T12,HAM01,2026-05-28T12:00:00Z,2026-05-28,12,2,0.5,131
FF-HAM01-2026-05-28T13,HAM01,2026-05-28T13:00:00Z,2026-05-28,13,5,0.6,158
FF-HAM01-2026-05-28T14,HAM01,2026-05-28T14:00:00Z,2026-05-28,14,2,0.5,206
FF-HAM01-2026-05-28T15,HAM01,2026-05-28T15:00:00Z,2026-05-28,15,10,0.4,181
FF-HAM01-2026-05-28T16,HAM01,2026-05-28T16:00:00Z,2026-05-28,16,4,0.5,145
FF-HAM01-2026-05-28T17,HAM01,2026-05-28T17:00:00Z,2026-05-28,17,4,0.5,212
FF-HAM01-2026-05-28T18,HAM01,2026-05-28T18:00:00Z,2026-05-28,18,2,0.5,146
FF-HAM01-2026-05-28T19,HAM01,2026-05-28T19:00:00Z,2026-05-28,19,4,0.5,160
FF-HAM01-2026-05-28T20,HAM01,2026-05-28T20:00:00Z,2026-05-28,20,1,1.0,166
FF-HAM01-2026-05-28T21,HAM01,2026-05-28T21:00:00Z,2026-05-28,21,2,0.5,182
FF-HAM01-2026-05-29T08,HAM01,2026-05-29T08:00:00Z,2026-05-29,8,2,0.5,173
FF-HAM01-2026-05-29T09,HAM01,2026-05-29T09:00:00Z,2026-05-29,9,2,0.5,145
FF-HAM01-2026-05-29T10,HAM01,2026-05-29T10:00:00Z,2026-05-29,10,2,0.5,184
FF-HAM01-2026-05-29T11,HAM01,2026-05-29T11:00:00Z,2026-05-29,11,2,0.5,192
FF-HAM01-2026-05-29T12,HAM01,2026-05-29T12:00:00Z,2026-05-29,12,2,0.5,138
FF-HAM01-2026-05-29T13,HAM01,2026-05-29T13:00:00Z,2026-05-29,13,9,0.5556,170
FF-HAM01-2026-05-29T14,HAM01,2026-05-29T14:00:00Z,2026-05-29,14,2,0.5,155
FF-HAM01-2026-05-29T15,HAM01,2026-05-29T15:00:00Z,2026-05-29,15,7,0.5714,166
FF-HAM01-2026-05-29T16,HAM01,2026-05-29T16:00:00Z,2026-05-29,16,2,0.5,183
FF-HAM01-2026-05-29T17,HAM01,2026-05-29T17:00:00Z,2026-05-29,17,4,0.5,179
FF-HAM01-2026-05-29T18,HAM01,2026-05-29T18:00:00Z,2026-05-29,18,5,0.4,158
FF-HAM01-2026-05-29T19,HAM01,2026-05-29T19:00:00Z,2026-05-29,19,2,0.5,187
FF-HAM01-2026-05-29T20,HAM01,2026-05-29T20:00:00Z,2026-05-29,20,1,1.0,179
FF-HAM01-2026-05-29T21,HAM01,2026-05-29T21:00:00Z,2026-05-29,21,2,0.5,168
FF-HAM01-2026-05-30T13,HAM01,2026-05-30T13:00:00Z,2026-05-30,13,2,0.5,176
FF-HAM01-2026-05-30T14,HAM01,2026-05-30T14:00:00Z,2026-05-30,14,2,0.5,140
FF-HAM01-2026-05-30T15,HAM01,2026-05-30T15:00:00Z,2026-05-30,15,2,0.5,168
FF-HAM01-2026-05-30T16,HAM01,2026-05-30T16:00:00Z,2026-05-30,16,2,0.5,156
FF-HAM01-2026-05-30T17,HAM01,2026-05-30T17:00:00Z,2026-05-30,17,2,0.5,176
FF-HAM01-2026-05-30T18,HAM01,2026-05-30T18:00:00Z,2026-05-30,18,2,0.5,155
FF-HAM01-2026-05-30T19,HAM01,2026-05-30T19:00:00Z,2026-05-30,19,2,0.5,156
FF-HAM01-2026-05-31T10,HAM01,2026-05-31T10:00:00Z,2026-05-31,10,2,0.5,221
FF-HAM01-2026-05-31T11,HAM01,2026-05-31T11:00:00Z,2026-05-31,11,2,0.5,212
FF-HAM01-2026-05-31T12,HAM01,2026-05-31T12:00:00Z,2026-05-31,12,2,0.5,178
FF-HAM01-2026-05-31T13,HAM01,2026-05-31T13:00:00Z,2026-05-31,13,1,1.0,155
FF-HAM01-2026-05-31T14,HAM01,2026-05-31T14:00:00Z,2026-05-31,14,1,1.0,211
FF-HAM01-2026-05-31T15,HAM01,2026-05-31T15:00:00Z,2026-05-31,15,4,0.5,161
FF-HAM01-2026-05-31T16,HAM01,2026-05-31T16:00:00Z,2026-05-31,16,2,0.5,168
FF-HAM01-2026-05-31T17,HAM01,2026-05-31T17:00:00Z,2026-05-31,17,2,0.5,150
FF-HAM01-2026-05-31T18,HAM01,2026-05-31T18:00:00Z,2026-05-31,18,3,0.3333,211
FF-HAM01-2026-05-31T20,HAM01,2026-05-31T20:00:00Z,2026-05-31,20,2,0.5,213
FF-HAM01-2026-05-31T21,HAM01,2026-05-31T21:00:00Z,2026-05-31,21,2,0.5,144
FF-HAM01-2026-06-01T08,HAM01,2026-06-01T08:00:00Z,2026-06-01,8,1,1.0,167
FF-HAM01-2026-06-01T09,HAM01,2026-06-01T09:00:00Z,2026-06-01,9,1,1.0,178
FF-HAM01-2026-06-01T11,HAM01,2026-06-01T11:00:00Z,2026-06-01,11,2,0.5,180
FF-HAM01-2026-06-01T12,HAM01,2026-06-01T12:00:00Z,2026-06-01,12,7,0.4286,180
FF-HAM01-2026-06-01T13,HAM01,2026-06-01T13:00:00Z,2026-06-01,13,5,0.6,198
FF-HAM01-2026-06-01T14,HAM01,2026-06-01T14:00:00Z,2026-06-01,14,5,0.6,175
FF-HAM01-2026-06-01T15,HAM01,2026-06-01T15:00:00Z,2026-06-01,15,3,0.6667,142
FF-HAM01-2026-06-01T16,HAM01,2026-06-01T16:00:00Z,2026-06-01,16,2,0.5,199
FF-HAM01-2026-06-01T17,HAM01,2026-06-01T17:00:00Z,2026-06-01,17,2,0.5,162
FF-HAM01-2026-06-01T18,HAM01,2026-06-01T18:00:00Z,2026-06-01,18,4,0.5,153
FF-HAM01-2026-06-01T19,HAM01,2026-06-01T19:00:00Z,2026-06-01,19,5,0.6,172
FF-HAM01-2026-06-01T20,HAM01,2026-06-01T20:00:00Z,2026-06-01,20,2,0.5,182
FF-HAM01-2026-06-01T21,HAM01,2026-06-01T21:00:00Z,2026-06-01,21,4,0.5,159
FF-HAM01-2026-06-02T08,HAM01,2026-06-02T08:00:00Z,2026-06-02,8,2,0.5,125
FF-HAM01-2026-06-02T09,HAM01,2026-06-02T09:00:00Z,2026-06-02,9,1,1.0,154
FF-HAM01-2026-06-02T10,HAM01,2026-06-02T10:00:00Z,2026-06-02,10,3,0.3333,152
FF-HAM01-2026-06-02T11,HAM01,2026-06-02T11:00:00Z,2026-06-02,11,2,0.5,194
FF-HAM01-2026-06-02T12,HAM01,2026-06-02T12:00:00Z,2026-06-02,12,7,0.4286,174
FF-HAM01-2026-06-02T13,HAM01,2026-06-02T13:00:00Z,2026-06-02,13,5,0.6,167
FF-HAM01-2026-06-02T14,HAM01,2026-06-02T14:00:00Z,2026-06-02,14,8,0.625,153
FF-HAM01-2026-06-02T15,HAM01,2026-06-02T15:00:00Z,2026-06-02,15,7,0.4286,136
FF-HAM01-2026-06-02T16,HAM01,2026-06-02T16:00:00Z,2026-06-02,16,8,0.625,189
FF-HAM01-2026-06-02T17,HAM01,2026-06-02T17:00:00Z,2026-06-02,17,6,0.6667,126
FF-HAM01-2026-06-02T18,HAM01,2026-06-02T18:00:00Z,2026-06-02,18,2,0.5,115
FF-HAM01-2026-06-02T19,HAM01,2026-06-02T19:00:00Z,2026-06-02,19,2,0.5,211
FF-HAM01-2026-06-02T20,HAM01,2026-06-02T20:00:00Z,2026-06-02,20,2,0.5,190
FF-HAM01-2026-06-02T21,HAM01,2026-06-02T21:00:00Z,2026-06-02,21,3,0.6667,148
FF-HAM01-2026-06-03T08,HAM01,2026-06-03T08:00:00Z,2026-06-03,8,2,0.5,153
FF-HAM01-2026-06-03T09,HAM01,2026-06-03T09:00:00Z,2026-06-03,9,2,0.5,191
FF-HAM01-2026-06-03T10,HAM01,2026-06-03T10:00:00Z,2026-06-03,10,2,0.5,196
FF-HAM01-2026-06-03T11,HAM01,2026-06-03T11:00:00Z,2026-06-03,11,1,1.0,167
FF-HAM01-2026-06-03T12,HAM01,2026-06-03T12:00:00Z,2026-06-03,12,5,0.6,147
FF-HAM01-2026-06-03T13,HAM01,2026-06-03T13:00:00Z,2026-06-03,13,9,0.4444,178
FF-HAM01-2026-06-03T14,HAM01,2026-06-03T14:00:00Z,2026-06-03,14,10,0.6,167
FF-HAM01-2026-06-03T15,HAM01,2026-06-03T15:00:00Z,2026-06-03,15,3,0.6667,177
FF-HAM01-2026-06-03T16,HAM01,2026-06-03T16:00:00Z,2026-06-03,16,4,0.5,159
FF-HAM01-2026-06-03T17,HAM01,2026-06-03T17:00:00Z,2026-06-03,17,7,0.5714,161
FF-HAM01-2026-06-03T18,HAM01,2026-06-03T18:00:00Z,2026-06-03,18,2,0.5,182
FF-HAM01-2026-06-03T19,HAM01,2026-06-03T19:00:00Z,2026-06-03,19,2,0.5,179
FF-HAM01-2026-06-03T20,HAM01,2026-06-03T20:00:00Z,2026-06-03,20,3,0.6667,207
FF-HAM01-2026-06-03T21,HAM01,2026-06-03T21:00:00Z,2026-06-03,21,5,0.4,179
FF-HAM01-2026-06-04T08,HAM01,2026-06-04T08:00:00Z,2026-06-04,8,2,0.5,170
FF-HAM01-2026-06-04T09,HAM01,2026-06-04T09:00:00Z,2026-06-04,9,3,0.6667,198
FF-HAM01-2026-06-04T11,HAM01,2026-06-04T11:00:00Z,2026-06-04,11,3,0.6667,167
FF-HAM01-2026-06-04T12,HAM01,2026-06-04T12:00:00Z,2026-06-04,12,2,0.5,160
FF-HAM01-2026-06-04T13,HAM01,2026-06-04T13:00:00Z,2026-06-04,13,5,0.6,172
FF-HAM01-2026-06-04T14,HAM01,2026-06-04T14:00:00Z,2026-06-04,14,8,0.5,156
FF-HAM01-2026-06-04T15,HAM01,2026-06-04T15:00:00Z,2026-06-04,15,6,0.6667,161
FF-HAM01-2026-06-04T16,HAM01,2026-06-04T16:00:00Z,2026-06-04,16,8,0.5,166
FF-HAM01-2026-06-04T17,HAM01,2026-06-04T17:00:00Z,2026-06-04,17,7,0.4286,154
FF-HAM01-2026-06-04T18,HAM01,2026-06-04T18:00:00Z,2026-06-04,18,4,0.5,147
FF-HAM01-2026-06-04T19,HAM01,2026-06-04T19:00:00Z,2026-06-04,19,5,0.6,181
FF-HAM01-2026-06-04T20,HAM01,2026-06-04T20:00:00Z,2026-06-04,20,2,0.5,193
FF-HAM01-2026-06-04T21,HAM01,2026-06-04T21:00:00Z,2026-06-04,21,2,0.5,144
FF-HAM01-2026-06-05T09,HAM01,2026-06-05T09:00:00Z,2026-06-05,9,2,0.5,150
FF-HAM01-2026-06-05T10,HAM01,2026-06-05T10:00:00Z,2026-06-05,10,2,0.5,188
FF-HAM01-2026-06-05T11,HAM01,2026-06-05T11:00:00Z,2026-06-05,11,2,0.5,141
FF-HAM01-2026-06-05T12,HAM01,2026-06-05T12:00:00Z,2026-06-05,12,5,0.4,128
FF-HAM01-2026-06-05T14,HAM01,2026-06-05T14:00:00Z,2026-06-05,14,4,0.5,183
FF-HAM01-2026-06-05T15,HAM01,2026-06-05T15:00:00Z,2026-06-05,15,4,0.5,191
FF-HAM01-2026-06-05T16,HAM01,2026-06-05T16:00:00Z,2026-06-05,16,1,1.0,155
FF-HAM01-2026-06-05T17,HAM01,2026-06-05T17:00:00Z,2026-06-05,17,2,0.5,186
FF-HAM01-2026-06-05T18,HAM01,2026-06-05T18:00:00Z,2026-06-05,18,1,1.0,182
FF-HAM01-2026-06-05T21,HAM01,2026-06-05T21:00:00Z,2026-06-05,21,1,1.0,130
FF-HAM01-2026-06-06T13,HAM01,2026-06-06T13:00:00Z,2026-06-06,13,2,0.5,178
FF-HAM01-2026-06-06T14,HAM01,2026-06-06T14:00:00Z,2026-06-06,14,2,0.5,168
FF-HAM01-2026-06-06T15,HAM01,2026-06-06T15:00:00Z,2026-06-06,15,2,0.5,205
FF-HAM01-2026-06-06T16,HAM01,2026-06-06T16:00:00Z,2026-06-06,16,2,0.5,165
FF-HAM01-2026-06-06T18,HAM01,2026-06-06T18:00:00Z,2026-06-06,18,2,0.5,152
FF-HAM01-2026-06-06T19,HAM01,2026-06-06T19:00:00Z,2026-06-06,19,2,0.5,136
FF-HAM01-2026-06-06T20,HAM01,2026-06-06T20:00:00Z,2026-06-06,20,2,0.5,158
FF-HAM01-2026-06-07T10,HAM01,2026-06-07T10:00:00Z,2026-06-07,10,2,0.5,163
FF-HAM01-2026-06-07T12,HAM01,2026-06-07T12:00:00Z,2026-06-07,12,2,0.5,188
FF-HAM01-2026-06-07T13,HAM01,2026-06-07T13:00:00Z,2026-06-07,13,2,0.5,148
FF-HAM01-2026-06-07T14,HAM01,2026-06-07T14:00:00Z,2026-06-07,14,2,0.5,170
FF-HAM01-2026-06-07T15,HAM01,2026-06-07T15:00:00Z,2026-06-07,15,2,0.5,185
FF-HAM01-2026-06-07T16,HAM01,2026-06-07T16:00:00Z,2026-06-07,16,3,0.3333,178
FF-HAM01-2026-06-07T18,HAM01,2026-06-07T18:00:00Z,2026-06-07,18,2,0.5,177
FF-HAM01-2026-06-07T20,HAM01,2026-06-07T20:00:00Z,2026-06-07,20,2,0.5,191
FF-HAM01-2026-06-07T21,HAM01,2026-06-07T21:00:00Z,2026-06-07,21,2,0.5,154
FF-HAM01-2026-06-08T08,HAM01,2026-06-08T08:00:00Z,2026-06-08,8,2,0.5,160
FF-HAM01-2026-06-08T09,HAM01,2026-06-08T09:00:00Z,2026-06-08,9,3,0.3333,189
FF-HAM01-2026-06-08T11,HAM01,2026-06-08T11:00:00Z,2026-06-08,11,2,0.5,120
FF-HAM01-2026-06-08T12,HAM01,2026-06-08T12:00:00Z,2026-06-08,12,2,0.5,175
FF-HAM01-2026-06-08T13,HAM01,2026-06-08T13:00:00Z,2026-06-08,13,5,0.6,172
FF-HAM01-2026-06-08T14,HAM01,2026-06-08T14:00:00Z,2026-06-08,14,2,0.5,121
FF-HAM01-2026-06-08T15,HAM01,2026-06-08T15:00:00Z,2026-06-08,15,4,0.75,167
FF-HAM01-2026-06-08T17,HAM01,2026-06-08T17:00:00Z,2026-06-08,17,4,0.5,201
FF-HAM01-2026-06-08T18,HAM01,2026-06-08T18:00:00Z,2026-06-08,18,2,0.5,154
FF-HAM01-2026-06-08T19,HAM01,2026-06-08T19:00:00Z,2026-06-08,19,1,1.0,162
FF-HAM01-2026-06-08T20,HAM01,2026-06-08T20:00:00Z,2026-06-08,20,2,0.5,181
FF-HAM01-2026-06-08T21,HAM01,2026-06-08T21:00:00Z,2026-06-08,21,2,0.5,153
FF-HAM01-2026-06-09T08,HAM01,2026-06-09T08:00:00Z,2026-06-09,8,2,0.5,175
FF-HAM01-2026-06-09T09,HAM01,2026-06-09T09:00:00Z,2026-06-09,9,2,0.5,174
FF-HAM01-2026-06-09T10,HAM01,2026-06-09T10:00:00Z,2026-06-09,10,2,0.5,168
FF-HAM01-2026-06-09T11,HAM01,2026-06-09T11:00:00Z,2026-06-09,11,4,0.5,180
FF-HAM01-2026-06-09T12,HAM01,2026-06-09T12:00:00Z,2026-06-09,12,6,0.5,146
FF-HAM01-2026-06-09T13,HAM01,2026-06-09T13:00:00Z,2026-06-09,13,10,0.6,198
FF-HAM01-2026-06-09T14,HAM01,2026-06-09T14:00:00Z,2026-06-09,14,6,0.6667,159
FF-HAM01-2026-06-09T15,HAM01,2026-06-09T15:00:00Z,2026-06-09,15,11,0.4545,161
FF-HAM01-2026-06-09T16,HAM01,2026-06-09T16:00:00Z,2026-06-09,16,3,0.6667,163
FF-HAM01-2026-06-09T17,HAM01,2026-06-09T17:00:00Z,2026-06-09,17,2,0.5,129
FF-HAM01-2026-06-09T18,HAM01,2026-06-09T18:00:00Z,2026-06-09,18,4,0.5,158
FF-HAM01-2026-06-09T19,HAM01,2026-06-09T19:00:00Z,2026-06-09,19,2,0.5,167
FF-HAM01-2026-06-09T20,HAM01,2026-06-09T20:00:00Z,2026-06-09,20,3,0.6667,199
FF-HAM01-2026-06-09T21,HAM01,2026-06-09T21:00:00Z,2026-06-09,21,2,0.5,146
FF-HAM01-2026-06-10T12,HAM01,2026-06-10T12:00:00Z,2026-06-10,12,3,0.6667,198
FF-HAM01-2026-06-10T13,HAM01,2026-06-10T13:00:00Z,2026-06-10,13,4,0.75,134
FF-HAM01-2026-06-10T14,HAM01,2026-06-10T14:00:00Z,2026-06-10,14,13,0.3846,198
FF-HAM01-2026-06-10T15,HAM01,2026-06-10T15:00:00Z,2026-06-10,15,2,0.5,162
FF-HAM01-2026-06-10T16,HAM01,2026-06-10T16:00:00Z,2026-06-10,16,6,0.8333,120
FF-HAM01-2026-06-10T18,HAM01,2026-06-10T18:00:00Z,2026-06-10,18,9,0.4444,150
FF-HAM01-2026-06-10T19,HAM01,2026-06-10T19:00:00Z,2026-06-10,19,3,0.6667,207
FF-HAM01-2026-06-10T20,HAM01,2026-06-10T20:00:00Z,2026-06-10,20,3,0.6667,196
FF-HAM01-2026-06-11T09,HAM01,2026-06-11T09:00:00Z,2026-06-11,9,2,0.5,167
FF-HAM01-2026-06-11T10,HAM01,2026-06-11T10:00:00Z,2026-06-11,10,2,0.5,142
FF-HAM01-2026-06-11T11,HAM01,2026-06-11T11:00:00Z,2026-06-11,11,3,0.3333,168
FF-HAM01-2026-06-11T12,HAM01,2026-06-11T12:00:00Z,2026-06-11,12,2,0.5,156
FF-HAM01-2026-06-11T13,HAM01,2026-06-11T13:00:00Z,2026-06-11,13,6,0.6667,171
FF-HAM01-2026-06-11T14,HAM01,2026-06-11T14:00:00Z,2026-06-11,14,5,0.6,130
FF-HAM01-2026-06-11T15,HAM01,2026-06-11T15:00:00Z,2026-06-11,15,6,0.5,201
FF-HAM01-2026-06-11T16,HAM01,2026-06-11T16:00:00Z,2026-06-11,16,2,0.5,185
FF-HAM01-2026-06-11T17,HAM01,2026-06-11T17:00:00Z,2026-06-11,17,5,0.6,137
FF-HAM01-2026-06-11T19,HAM01,2026-06-11T19:00:00Z,2026-06-11,19,2,0.5,189
FF-HAM01-2026-06-11T20,HAM01,2026-06-11T20:00:00Z,2026-06-11,20,2,0.5,193
FF-HAM01-2026-06-11T21,HAM01,2026-06-11T21:00:00Z,2026-06-11,21,2,0.5,167
FF-HAM01-2026-06-12T08,HAM01,2026-06-12T08:00:00Z,2026-06-12,8,1,1.0,156
FF-HAM01-2026-06-12T09,HAM01,2026-06-12T09:00:00Z,2026-06-12,9,2,0.5,162
FF-HAM01-2026-06-12T10,HAM01,2026-06-12T10:00:00Z,2026-06-12,10,2,0.5,172
FF-HAM01-2026-06-12T11,HAM01,2026-06-12T11:00:00Z,2026-06-12,11,2,0.5,194
FF-HAM01-2026-06-12T12,HAM01,2026-06-12T12:00:00Z,2026-06-12,12,3,0.6667,171
FF-HAM01-2026-06-12T13,HAM01,2026-06-12T13:00:00Z,2026-06-12,13,4,0.5,173
FF-HAM01-2026-06-12T14,HAM01,2026-06-12T14:00:00Z,2026-06-12,14,2,0.5,148
FF-HAM01-2026-06-12T15,HAM01,2026-06-12T15:00:00Z,2026-06-12,15,2,0.5,165
FF-HAM01-2026-06-12T17,HAM01,2026-06-12T17:00:00Z,2026-06-12,17,2,0.5,200
FF-HAM01-2026-06-12T18,HAM01,2026-06-12T18:00:00Z,2026-06-12,18,2,0.5,151
FF-HAM01-2026-06-12T19,HAM01,2026-06-12T19:00:00Z,2026-06-12,19,2,0.5,151
FF-HAM01-2026-06-12T20,HAM01,2026-06-12T20:00:00Z,2026-06-12,20,2,0.5,121
FF-HAM01-2026-06-12T21,HAM01,2026-06-12T21:00:00Z,2026-06-12,21,2,0.5,159
FF-HAM01-2026-06-13T10,HAM01,2026-06-13T10:00:00Z,2026-06-13,10,1,1.0,152
FF-HAM01-2026-06-13T12,HAM01,2026-06-13T12:00:00Z,2026-06-13,12,3,0.3333,164
FF-HAM01-2026-06-13T13,HAM01,2026-06-13T13:00:00Z,2026-06-13,13,2,0.5,157
FF-HAM01-2026-06-13T15,HAM01,2026-06-13T15:00:00Z,2026-06-13,15,2,0.5,181
FF-HAM01-2026-06-13T16,HAM01,2026-06-13T16:00:00Z,2026-06-13,16,2,0.5,157
FF-HAM01-2026-06-13T18,HAM01,2026-06-13T18:00:00Z,2026-06-13,18,2,0.5,205
FF-HAM01-2026-06-13T19,HAM01,2026-06-13T19:00:00Z,2026-06-13,19,2,0.5,163
FF-HAM01-2026-06-14T10,HAM01,2026-06-14T10:00:00Z,2026-06-14,10,2,0.5,159
FF-HAM01-2026-06-14T11,HAM01,2026-06-14T11:00:00Z,2026-06-14,11,2,0.5,181
FF-HAM01-2026-06-14T12,HAM01,2026-06-14T12:00:00Z,2026-06-14,12,1,1.0,139
FF-HAM01-2026-06-14T13,HAM01,2026-06-14T13:00:00Z,2026-06-14,13,2,0.5,166
FF-HAM01-2026-06-14T14,HAM01,2026-06-14T14:00:00Z,2026-06-14,14,3,0.6667,179
FF-HAM01-2026-06-14T15,HAM01,2026-06-14T15:00:00Z,2026-06-14,15,2,0.5,170
FF-HAM01-2026-06-14T16,HAM01,2026-06-14T16:00:00Z,2026-06-14,16,2,0.5,169
FF-HAM01-2026-06-14T17,HAM01,2026-06-14T17:00:00Z,2026-06-14,17,2,0.5,153
FF-HAM01-2026-06-14T18,HAM01,2026-06-14T18:00:00Z,2026-06-14,18,2,0.5,154
FF-HAM01-2026-06-14T19,HAM01,2026-06-14T19:00:00Z,2026-06-14,19,2,0.5,166
FF-HAM01-2026-06-14T20,HAM01,2026-06-14T20:00:00Z,2026-06-14,20,2,0.5,174
FF-HAM01-2026-06-14T21,HAM01,2026-06-14T21:00:00Z,2026-06-14,21,2,0.5,200
FF-HAM01-2026-06-15T08,HAM01,2026-06-15T08:00:00Z,2026-06-15,8,2,0.5,136
FF-HAM01-2026-06-15T09,HAM01,2026-06-15T09:00:00Z,2026-06-15,9,2,0.5,149
FF-HAM01-2026-06-15T10,HAM01,2026-06-15T10:00:00Z,2026-06-15,10,2,0.5,167
FF-HAM01-2026-06-15T11,HAM01,2026-06-15T11:00:00Z,2026-06-15,11,2,0.5,172
FF-HAM01-2026-06-15T12,HAM01,2026-06-15T12:00:00Z,2026-06-15,12,2,0.5,164
FF-HAM01-2026-06-15T13,HAM01,2026-06-15T13:00:00Z,2026-06-15,13,8,0.375,180
FF-HAM01-2026-06-15T14,HAM01,2026-06-15T14:00:00Z,2026-06-15,14,4,0.5,136
FF-HAM01-2026-06-15T15,HAM01,2026-06-15T15:00:00Z,2026-06-15,15,1,1.0,177
FF-HAM01-2026-06-15T16,HAM01,2026-06-15T16:00:00Z,2026-06-15,16,7,0.7143,186
FF-HAM01-2026-06-15T17,HAM01,2026-06-15T17:00:00Z,2026-06-15,17,2,0.5,172
FF-HAM01-2026-06-15T18,HAM01,2026-06-15T18:00:00Z,2026-06-15,18,3,0.6667,151
FF-HAM01-2026-06-15T19,HAM01,2026-06-15T19:00:00Z,2026-06-15,19,4,0.5,181
FF-HAM01-2026-06-15T20,HAM01,2026-06-15T20:00:00Z,2026-06-15,20,2,0.5,168
FF-HAM01-2026-06-15T21,HAM01,2026-06-15T21:00:00Z,2026-06-15,21,2,0.5,176
FF-HAM01-2026-06-16T07,HAM01,2026-06-16T07:00:00Z,2026-06-16,7,2,0.5,141
FF-HAM01-2026-06-16T08,HAM01,2026-06-16T08:00:00Z,2026-06-16,8,2,0.5,180
FF-HAM01-2026-06-16T09,HAM01,2026-06-16T09:00:00Z,2026-06-16,9,3,0.6667,180
FF-HAM01-2026-06-16T10,HAM01,2026-06-16T10:00:00Z,2026-06-16,10,1,1.0,169
FF-HAM01-2026-06-16T11,HAM01,2026-06-16T11:00:00Z,2026-06-16,11,2,0.5,174
FF-HAM01-2026-06-16T12,HAM01,2026-06-16T12:00:00Z,2026-06-16,12,3,0.6667,150
FF-HAM01-2026-06-16T13,HAM01,2026-06-16T13:00:00Z,2026-06-16,13,4,0.5,165
FF-HAM01-2026-06-16T14,HAM01,2026-06-16T14:00:00Z,2026-06-16,14,10,0.5,181
FF-HAM01-2026-06-16T15,HAM01,2026-06-16T15:00:00Z,2026-06-16,15,13,0.4615,129
FF-HAM01-2026-06-16T16,HAM01,2026-06-16T16:00:00Z,2026-06-16,16,5,0.6,173
FF-HAM01-2026-06-16T17,HAM01,2026-06-16T17:00:00Z,2026-06-16,17,3,0.6667,153
FF-HAM01-2026-06-16T18,HAM01,2026-06-16T18:00:00Z,2026-06-16,18,7,0.5714,169
FF-HAM01-2026-06-16T19,HAM01,2026-06-16T19:00:00Z,2026-06-16,19,4,0.5,202
FF-HAM01-2026-06-16T20,HAM01,2026-06-16T20:00:00Z,2026-06-16,20,2,0.5,172
FF-HAM01-2026-06-16T21,HAM01,2026-06-16T21:00:00Z,2026-06-16,21,4,0.5,150
FF-HAM01-2026-06-17T09,HAM01,2026-06-17T09:00:00Z,2026-06-17,9,2,0.5,187
FF-HAM01-2026-06-17T10,HAM01,2026-06-17T10:00:00Z,2026-06-17,10,2,0.5,154
FF-HAM01-2026-06-17T11,HAM01,2026-06-17T11:00:00Z,2026-06-17,11,1,1.0,162
FF-HAM01-2026-06-17T12,HAM01,2026-06-17T12:00:00Z,2026-06-17,12,4,0.5,193
FF-HAM01-2026-06-17T13,HAM01,2026-06-17T13:00:00Z,2026-06-17,13,4,0.5,173
FF-HAM01-2026-06-17T14,HAM01,2026-06-17T14:00:00Z,2026-06-17,14,6,0.6667,189
FF-HAM01-2026-06-17T15,HAM01,2026-06-17T15:00:00Z,2026-06-17,15,5,0.6,204
FF-HAM01-2026-06-17T17,HAM01,2026-06-17T17:00:00Z,2026-06-17,17,2,0.5,215
FF-HAM01-2026-06-17T18,HAM01,2026-06-17T18:00:00Z,2026-06-17,18,4,0.5,156
FF-HAM01-2026-06-17T19,HAM01,2026-06-17T19:00:00Z,2026-06-17,19,2,0.5,159
FF-HAM01-2026-06-17T20,HAM01,2026-06-17T20:00:00Z,2026-06-17,20,4,0.5,167
FF-HAM01-2026-06-17T21,HAM01,2026-06-17T21:00:00Z,2026-06-17,21,2,0.5,162
FF-HAM01-2026-06-18T08,HAM01,2026-06-18T08:00:00Z,2026-06-18,8,2,0.5,150
FF-HAM01-2026-06-18T09,HAM01,2026-06-18T09:00:00Z,2026-06-18,9,2,0.5,161
FF-HAM01-2026-06-18T10,HAM01,2026-06-18T10:00:00Z,2026-06-18,10,2,0.5,196
FF-HAM01-2026-06-18T11,HAM01,2026-06-18T11:00:00Z,2026-06-18,11,2,0.5,188
FF-HAM01-2026-06-18T12,HAM01,2026-06-18T12:00:00Z,2026-06-18,12,2,0.5,192
FF-HAM01-2026-06-18T13,HAM01,2026-06-18T13:00:00Z,2026-06-18,13,4,0.5,154
FF-HAM01-2026-06-18T14,HAM01,2026-06-18T14:00:00Z,2026-06-18,14,6,0.5,156
FF-HAM01-2026-06-18T15,HAM01,2026-06-18T15:00:00Z,2026-06-18,15,5,0.6,176
FF-HAM01-2026-06-18T16,HAM01,2026-06-18T16:00:00Z,2026-06-18,16,9,0.4444,155
FF-HAM01-2026-06-18T17,HAM01,2026-06-18T17:00:00Z,2026-06-18,17,4,0.5,152
FF-HAM01-2026-06-18T18,HAM01,2026-06-18T18:00:00Z,2026-06-18,18,6,0.5,195
FF-HAM01-2026-06-18T19,HAM01,2026-06-18T19:00:00Z,2026-06-18,19,2,0.5,168
FF-HAM01-2026-06-18T20,HAM01,2026-06-18T20:00:00Z,2026-06-18,20,2,0.5,187
FF-HAM01-2026-06-18T21,HAM01,2026-06-18T21:00:00Z,2026-06-18,21,2,0.5,153
FF-HAM01-2026-06-19T10,HAM01,2026-06-19T10:00:00Z,2026-06-19,10,2,0.5,198
FF-HAM01-2026-06-19T12,HAM01,2026-06-19T12:00:00Z,2026-06-19,12,4,0.5,162
FF-HAM01-2026-06-19T13,HAM01,2026-06-19T13:00:00Z,2026-06-19,13,5,0.6,138
FF-HAM01-2026-06-19T14,HAM01,2026-06-19T14:00:00Z,2026-06-19,14,4,0.5,164
FF-HAM01-2026-06-19T15,HAM01,2026-06-19T15:00:00Z,2026-06-19,15,2,0.5,151
FF-HAM01-2026-06-19T16,HAM01,2026-06-19T16:00:00Z,2026-06-19,16,4,0.5,151
FF-HAM01-2026-06-19T17,HAM01,2026-06-19T17:00:00Z,2026-06-19,17,8,0.5,189
FF-HAM01-2026-06-19T18,HAM01,2026-06-19T18:00:00Z,2026-06-19,18,5,0.4,202
FF-HAM01-2026-06-19T19,HAM01,2026-06-19T19:00:00Z,2026-06-19,19,2,0.5,121
FF-HAM01-2026-06-19T20,HAM01,2026-06-19T20:00:00Z,2026-06-19,20,2,0.5,111
FF-HAM01-2026-06-19T21,HAM01,2026-06-19T21:00:00Z,2026-06-19,21,2,0.5,143
FF-HAM01-2026-06-20T12,HAM01,2026-06-20T12:00:00Z,2026-06-20,12,2,0.5,141
FF-HAM01-2026-06-20T13,HAM01,2026-06-20T13:00:00Z,2026-06-20,13,3,0.6667,196
FF-HAM01-2026-06-20T14,HAM01,2026-06-20T14:00:00Z,2026-06-20,14,2,0.5,176
FF-HAM01-2026-06-20T15,HAM01,2026-06-20T15:00:00Z,2026-06-20,15,2,0.5,166
FF-HAM01-2026-06-20T16,HAM01,2026-06-20T16:00:00Z,2026-06-20,16,1,1.0,176
FF-HAM01-2026-06-20T17,HAM01,2026-06-20T17:00:00Z,2026-06-20,17,2,0.5,186
FF-HAM01-2026-06-20T18,HAM01,2026-06-20T18:00:00Z,2026-06-20,18,2,0.5,161
FF-HAM01-2026-06-20T21,HAM01,2026-06-20T21:00:00Z,2026-06-20,21,2,0.5,149
FF-HAM01-2026-06-21T09,HAM01,2026-06-21T09:00:00Z,2026-06-21,9,2,0.5,154
FF-HAM01-2026-06-21T10,HAM01,2026-06-21T10:00:00Z,2026-06-21,10,2,0.5,192
FF-HAM01-2026-06-21T11,HAM01,2026-06-21T11:00:00Z,2026-06-21,11,1,1.0,148
FF-HAM01-2026-06-21T12,HAM01,2026-06-21T12:00:00Z,2026-06-21,12,2,0.5,151
FF-HAM01-2026-06-21T13,HAM01,2026-06-21T13:00:00Z,2026-06-21,13,2,0.5,184
FF-HAM01-2026-06-21T14,HAM01,2026-06-21T14:00:00Z,2026-06-21,14,2,0.5,178
FF-HAM01-2026-06-21T15,HAM01,2026-06-21T15:00:00Z,2026-06-21,15,2,0.5,188
FF-HAM01-2026-06-21T16,HAM01,2026-06-21T16:00:00Z,2026-06-21,16,3,0.6667,175
FF-HAM01-2026-06-21T17,HAM01,2026-06-21T17:00:00Z,2026-06-21,17,2,0.5,153
FF-HAM01-2026-06-21T18,HAM01,2026-06-21T18:00:00Z,2026-06-21,18,2,0.5,149
FF-HAM01-2026-06-21T19,HAM01,2026-06-21T19:00:00Z,2026-06-21,19,2,0.5,193
FF-HAM01-2026-06-21T21,HAM01,2026-06-21T21:00:00Z,2026-06-21,21,2,0.5,178
FF-HAM01-2026-06-22T09,HAM01,2026-06-22T09:00:00Z,2026-06-22,9,2,0.5,172
FF-HAM01-2026-06-22T10,HAM01,2026-06-22T10:00:00Z,2026-06-22,10,1,1.0,160
FF-HAM01-2026-06-22T11,HAM01,2026-06-22T11:00:00Z,2026-06-22,11,2,0.5,181
FF-HAM01-2026-06-22T12,HAM01,2026-06-22T12:00:00Z,2026-06-22,12,4,0.5,139
FF-HAM01-2026-06-22T13,HAM01,2026-06-22T13:00:00Z,2026-06-22,13,5,0.6,165
FF-HAM01-2026-06-22T15,HAM01,2026-06-22T15:00:00Z,2026-06-22,15,8,0.5,157
FF-HAM01-2026-06-22T16,HAM01,2026-06-22T16:00:00Z,2026-06-22,16,2,0.5,194
FF-HAM01-2026-06-22T17,HAM01,2026-06-22T17:00:00Z,2026-06-22,17,5,0.4,158
FF-HAM01-2026-06-22T18,HAM01,2026-06-22T18:00:00Z,2026-06-22,18,2,0.5,129
FF-HAM01-2026-06-22T19,HAM01,2026-06-22T19:00:00Z,2026-06-22,19,2,0.5,191
FF-HAM01-2026-06-22T20,HAM01,2026-06-22T20:00:00Z,2026-06-22,20,3,0.3333,169
FF-HAM01-2026-06-22T21,HAM01,2026-06-22T21:00:00Z,2026-06-22,21,2,0.5,205
FF-HAM01-2026-06-23T08,HAM01,2026-06-23T08:00:00Z,2026-06-23,8,2,0.5,183
FF-HAM01-2026-06-23T10,HAM01,2026-06-23T10:00:00Z,2026-06-23,10,2,0.5,153
FF-HAM01-2026-06-23T11,HAM01,2026-06-23T11:00:00Z,2026-06-23,11,2,0.5,167
FF-HAM01-2026-06-23T12,HAM01,2026-06-23T12:00:00Z,2026-06-23,12,5,0.6,169
FF-HAM01-2026-06-23T13,HAM01,2026-06-23T13:00:00Z,2026-06-23,13,12,0.5,173
FF-HAM01-2026-06-23T14,HAM01,2026-06-23T14:00:00Z,2026-06-23,14,12,0.4167,185
FF-HAM01-2026-06-23T15,HAM01,2026-06-23T15:00:00Z,2026-06-23,15,8,0.5,128
FF-HAM01-2026-06-23T16,HAM01,2026-06-23T16:00:00Z,2026-06-23,16,13,0.4615,148
FF-HAM01-2026-06-23T17,HAM01,2026-06-23T17:00:00Z,2026-06-23,17,5,0.4,209
FF-HAM01-2026-06-23T18,HAM01,2026-06-23T18:00:00Z,2026-06-23,18,2,0.5,130
FF-HAM01-2026-06-23T19,HAM01,2026-06-23T19:00:00Z,2026-06-23,19,4,0.5,162
FF-HAM01-2026-06-23T20,HAM01,2026-06-23T20:00:00Z,2026-06-23,20,3,0.3333,172
FF-HAM01-2026-06-23T21,HAM01,2026-06-23T21:00:00Z,2026-06-23,21,2,0.5,195
FF-HAM01-2026-06-24T07,HAM01,2026-06-24T07:00:00Z,2026-06-24,7,2,0.5,165
FF-HAM01-2026-06-24T08,HAM01,2026-06-24T08:00:00Z,2026-06-24,8,2,0.5,170
FF-HAM01-2026-06-24T09,HAM01,2026-06-24T09:00:00Z,2026-06-24,9,4,0.5,150
FF-HAM01-2026-06-24T10,HAM01,2026-06-24T10:00:00Z,2026-06-24,10,5,0.4,170
FF-HAM01-2026-06-24T12,HAM01,2026-06-24T12:00:00Z,2026-06-24,12,4,0.5,129
FF-HAM01-2026-06-24T13,HAM01,2026-06-24T13:00:00Z,2026-06-24,13,5,0.4,146
FF-HAM01-2026-06-24T14,HAM01,2026-06-24T14:00:00Z,2026-06-24,14,15,0.4,162
FF-HAM01-2026-06-24T15,HAM01,2026-06-24T15:00:00Z,2026-06-24,15,5,0.6,164
FF-HAM01-2026-06-24T16,HAM01,2026-06-24T16:00:00Z,2026-06-24,16,12,0.3333,144
FF-HAM01-2026-06-24T17,HAM01,2026-06-24T17:00:00Z,2026-06-24,17,8,0.625,152
FF-HAM01-2026-06-24T18,HAM01,2026-06-24T18:00:00Z,2026-06-24,18,3,0.6667,150
FF-HAM01-2026-06-24T19,HAM01,2026-06-24T19:00:00Z,2026-06-24,19,5,0.4,137
FF-HAM01-2026-06-24T20,HAM01,2026-06-24T20:00:00Z,2026-06-24,20,3,0.6667,154
FF-HAM01-2026-06-24T21,HAM01,2026-06-24T21:00:00Z,2026-06-24,21,2,0.5,154
FF-HAM01-2026-06-25T09,HAM01,2026-06-25T09:00:00Z,2026-06-25,9,2,0.5,173
FF-HAM01-2026-06-25T10,HAM01,2026-06-25T10:00:00Z,2026-06-25,10,2,0.5,153
FF-HAM01-2026-06-25T11,HAM01,2026-06-25T11:00:00Z,2026-06-25,11,5,0.4,180
FF-HAM01-2026-06-25T12,HAM01,2026-06-25T12:00:00Z,2026-06-25,12,2,0.5,167
FF-HAM01-2026-06-25T13,HAM01,2026-06-25T13:00:00Z,2026-06-25,13,10,0.6,154
FF-HAM01-2026-06-25T14,HAM01,2026-06-25T14:00:00Z,2026-06-25,14,4,0.75,175
FF-HAM01-2026-06-25T15,HAM01,2026-06-25T15:00:00Z,2026-06-25,15,5,0.6,178
FF-HAM01-2026-06-25T16,HAM01,2026-06-25T16:00:00Z,2026-06-25,16,12,0.4167,167
FF-HAM01-2026-06-25T17,HAM01,2026-06-25T17:00:00Z,2026-06-25,17,4,0.5,118
FF-HAM01-2026-06-25T18,HAM01,2026-06-25T18:00:00Z,2026-06-25,18,7,0.4286,170
FF-HAM01-2026-06-25T19,HAM01,2026-06-25T19:00:00Z,2026-06-25,19,2,0.5,159
FF-HAM01-2026-06-25T20,HAM01,2026-06-25T20:00:00Z,2026-06-25,20,5,0.4,164
FF-HAM01-2026-06-25T21,HAM01,2026-06-25T21:00:00Z,2026-06-25,21,2,0.5,188
FF-HAM01-2026-06-26T09,HAM01,2026-06-26T09:00:00Z,2026-06-26,9,2,0.5,166
FF-HAM01-2026-06-26T10,HAM01,2026-06-26T10:00:00Z,2026-06-26,10,1,1.0,183
FF-HAM01-2026-06-26T11,HAM01,2026-06-26T11:00:00Z,2026-06-26,11,2,0.5,171
FF-HAM01-2026-06-26T12,HAM01,2026-06-26T12:00:00Z,2026-06-26,12,1,1.0,115
FF-HAM01-2026-06-26T13,HAM01,2026-06-26T13:00:00Z,2026-06-26,13,4,0.5,130
FF-HAM01-2026-06-26T14,HAM01,2026-06-26T14:00:00Z,2026-06-26,14,3,0.3333,192
FF-HAM01-2026-06-26T15,HAM01,2026-06-26T15:00:00Z,2026-06-26,15,8,0.5,158
FF-HAM01-2026-06-26T16,HAM01,2026-06-26T16:00:00Z,2026-06-26,16,4,0.5,181
FF-HAM01-2026-06-26T18,HAM01,2026-06-26T18:00:00Z,2026-06-26,18,2,0.5,140
FF-HAM01-2026-06-26T19,HAM01,2026-06-26T19:00:00Z,2026-06-26,19,2,0.5,159
FF-HAM01-2026-06-26T20,HAM01,2026-06-26T20:00:00Z,2026-06-26,20,2,0.5,131
FF-HAM01-2026-06-27T12,HAM01,2026-06-27T12:00:00Z,2026-06-27,12,2,0.5,184
FF-HAM01-2026-06-27T13,HAM01,2026-06-27T13:00:00Z,2026-06-27,13,3,0.3333,166
FF-HAM01-2026-06-27T14,HAM01,2026-06-27T14:00:00Z,2026-06-27,14,2,0.5,139
FF-HAM01-2026-06-27T15,HAM01,2026-06-27T15:00:00Z,2026-06-27,15,2,0.5,171
FF-HAM01-2026-06-27T16,HAM01,2026-06-27T16:00:00Z,2026-06-27,16,1,1.0,183
FF-HAM01-2026-06-27T17,HAM01,2026-06-27T17:00:00Z,2026-06-27,17,1,1.0,169
FF-HAM01-2026-06-27T19,HAM01,2026-06-27T19:00:00Z,2026-06-27,19,2,0.5,168
FF-HAM01-2026-06-27T20,HAM01,2026-06-27T20:00:00Z,2026-06-27,20,2,0.5,137
FF-HAM01-2026-06-27T21,HAM01,2026-06-27T21:00:00Z,2026-06-27,21,2,0.5,194
FF-HAM01-2026-06-28T09,HAM01,2026-06-28T09:00:00Z,2026-06-28,9,1,1.0,177
FF-HAM01-2026-06-28T12,HAM01,2026-06-28T12:00:00Z,2026-06-28,12,2,0.5,184
FF-HAM01-2026-06-28T13,HAM01,2026-06-28T13:00:00Z,2026-06-28,13,2,0.5,157
FF-HAM01-2026-06-28T14,HAM01,2026-06-28T14:00:00Z,2026-06-28,14,2,0.5,157
FF-HAM01-2026-06-28T15,HAM01,2026-06-28T15:00:00Z,2026-06-28,15,2,0.5,170
FF-HAM01-2026-06-28T16,HAM01,2026-06-28T16:00:00Z,2026-06-28,16,2,0.5,163
FF-HAM01-2026-06-28T17,HAM01,2026-06-28T17:00:00Z,2026-06-28,17,2,0.5,167
FF-HAM01-2026-06-28T18,HAM01,2026-06-28T18:00:00Z,2026-06-28,18,2,0.5,176
FF-HAM01-2026-06-28T19,HAM01,2026-06-28T19:00:00Z,2026-06-28,19,2,0.5,124
FF-HAM01-2026-06-28T21,HAM01,2026-06-28T21:00:00Z,2026-06-28,21,2,0.5,173
FF-HAM01-2026-06-29T08,HAM01,2026-06-29T08:00:00Z,2026-06-29,8,3,0.3333,162
FF-HAM01-2026-06-29T09,HAM01,2026-06-29T09:00:00Z,2026-06-29,9,1,1.0,170
FF-HAM01-2026-06-29T10,HAM01,2026-06-29T10:00:00Z,2026-06-29,10,2,0.5,176
FF-HAM01-2026-06-29T11,HAM01,2026-06-29T11:00:00Z,2026-06-29,11,2,0.5,146
FF-HAM01-2026-06-29T12,HAM01,2026-06-29T12:00:00Z,2026-06-29,12,3,0.3333,117
FF-HAM01-2026-06-29T13,HAM01,2026-06-29T13:00:00Z,2026-06-29,13,4,0.5,162
FF-HAM01-2026-06-29T14,HAM01,2026-06-29T14:00:00Z,2026-06-29,14,11,0.4545,146
FF-HAM01-2026-06-29T15,HAM01,2026-06-29T15:00:00Z,2026-06-29,15,7,0.4286,175
FF-HAM01-2026-06-29T16,HAM01,2026-06-29T16:00:00Z,2026-06-29,16,8,0.5,168
FF-HAM01-2026-06-29T17,HAM01,2026-06-29T17:00:00Z,2026-06-29,17,6,0.5,164
FF-HAM01-2026-06-29T18,HAM01,2026-06-29T18:00:00Z,2026-06-29,18,6,0.5,165
FF-HAM01-2026-06-29T20,HAM01,2026-06-29T20:00:00Z,2026-06-29,20,2,0.5,159
FF-HAM01-2026-06-29T21,HAM01,2026-06-29T21:00:00Z,2026-06-29,21,1,1.0,152
FF-HAM01-2026-06-30T08,HAM01,2026-06-30T08:00:00Z,2026-06-30,8,2,0.5,153
FF-HAM01-2026-06-30T09,HAM01,2026-06-30T09:00:00Z,2026-06-30,9,2,0.5,164
FF-HAM01-2026-06-30T11,HAM01,2026-06-30T11:00:00Z,2026-06-30,11,2,0.5,165
FF-HAM01-2026-06-30T12,HAM01,2026-06-30T12:00:00Z,2026-06-30,12,2,0.5,138
FF-HAM01-2026-06-30T13,HAM01,2026-06-30T13:00:00Z,2026-06-30,13,13,0.3846,134
FF-HAM01-2026-06-30T14,HAM01,2026-06-30T14:00:00Z,2026-06-30,14,2,0.5,173
FF-HAM01-2026-06-30T15,HAM01,2026-06-30T15:00:00Z,2026-06-30,15,5,0.6,162
FF-HAM01-2026-06-30T16,HAM01,2026-06-30T16:00:00Z,2026-06-30,16,7,0.4286,181
FF-HAM01-2026-06-30T17,HAM01,2026-06-30T17:00:00Z,2026-06-30,17,3,0.6667,184
FF-HAM01-2026-06-30T18,HAM01,2026-06-30T18:00:00Z,2026-06-30,18,3,0.6667,148
FF-HAM01-2026-06-30T19,HAM01,2026-06-30T19:00:00Z,2026-06-30,19,2,0.5,147
FF-HAM01-2026-06-30T20,HAM01,2026-06-30T20:00:00Z,2026-06-30,20,2,0.5,136
FF-HAM01-2026-06-30T21,HAM01,2026-06-30T21:00:00Z,2026-06-30,21,2,0.5,175
FF-HAM01-2026-07-01T08,HAM01,2026-07-01T08:00:00Z,2026-07-01,8,2,0.5,144
FF-HAM01-2026-07-01T09,HAM01,2026-07-01T09:00:00Z,2026-07-01,9,2,0.5,157
FF-HAM01-2026-07-01T10,HAM01,2026-07-01T10:00:00Z,2026-07-01,10,2,0.5,188
FF-HAM01-2026-07-01T11,HAM01,2026-07-01T11:00:00Z,2026-07-01,11,2,0.5,178
FF-HAM01-2026-07-01T12,HAM01,2026-07-01T12:00:00Z,2026-07-01,12,5,0.6,180
FF-HAM01-2026-07-01T13,HAM01,2026-07-01T13:00:00Z,2026-07-01,13,5,0.4,145
FF-HAM01-2026-07-01T14,HAM01,2026-07-01T14:00:00Z,2026-07-01,14,5,0.6,193
FF-HAM01-2026-07-01T15,HAM01,2026-07-01T15:00:00Z,2026-07-01,15,7,0.4286,168
FF-HAM01-2026-07-01T16,HAM01,2026-07-01T16:00:00Z,2026-07-01,16,9,0.5556,128
FF-HAM01-2026-07-01T17,HAM01,2026-07-01T17:00:00Z,2026-07-01,17,2,0.5,150
FF-HAM01-2026-07-01T18,HAM01,2026-07-01T18:00:00Z,2026-07-01,18,7,0.4286,162
FF-HAM01-2026-07-01T19,HAM01,2026-07-01T19:00:00Z,2026-07-01,19,2,0.5,175
FF-HAM01-2026-07-01T20,HAM01,2026-07-01T20:00:00Z,2026-07-01,20,2,0.5,175
FF-HAM01-2026-07-01T21,HAM01,2026-07-01T21:00:00Z,2026-07-01,21,3,0.6667,186
FF-HAM01-2026-07-02T08,HAM01,2026-07-02T08:00:00Z,2026-07-02,8,2,0.5,174
FF-HAM01-2026-07-02T09,HAM01,2026-07-02T09:00:00Z,2026-07-02,9,2,0.5,179
FF-HAM01-2026-07-02T10,HAM01,2026-07-02T10:00:00Z,2026-07-02,10,2,0.5,159
FF-HAM01-2026-07-02T11,HAM01,2026-07-02T11:00:00Z,2026-07-02,11,2,0.5,174
FF-HAM01-2026-07-02T12,HAM01,2026-07-02T12:00:00Z,2026-07-02,12,6,0.6667,167
FF-HAM01-2026-07-02T13,HAM01,2026-07-02T13:00:00Z,2026-07-02,13,12,0.3333,135
FF-HAM01-2026-07-02T14,HAM01,2026-07-02T14:00:00Z,2026-07-02,14,2,0.5,181
FF-HAM01-2026-07-02T15,HAM01,2026-07-02T15:00:00Z,2026-07-02,15,5,0.6,153
FF-HAM01-2026-07-02T16,HAM01,2026-07-02T16:00:00Z,2026-07-02,16,4,0.5,162
FF-HAM01-2026-07-02T17,HAM01,2026-07-02T17:00:00Z,2026-07-02,17,4,0.5,162
FF-HAM01-2026-07-02T18,HAM01,2026-07-02T18:00:00Z,2026-07-02,18,2,0.5,196
FF-HAM01-2026-07-02T19,HAM01,2026-07-02T19:00:00Z,2026-07-02,19,2,0.5,152
FF-HAM01-2026-07-02T20,HAM01,2026-07-02T20:00:00Z,2026-07-02,20,2,0.5,114
FF-HAM01-2026-07-02T21,HAM01,2026-07-02T21:00:00Z,2026-07-02,21,3,0.6667,181
FF-HAM01-2026-07-03T09,HAM01,2026-07-03T09:00:00Z,2026-07-03,9,1,1.0,153
FF-HAM01-2026-07-03T10,HAM01,2026-07-03T10:00:00Z,2026-07-03,10,1,1.0,202
FF-HAM01-2026-07-03T11,HAM01,2026-07-03T11:00:00Z,2026-07-03,11,2,0.5,181
FF-HAM01-2026-07-03T12,HAM01,2026-07-03T12:00:00Z,2026-07-03,12,4,0.5,161
FF-HAM01-2026-07-03T13,HAM01,2026-07-03T13:00:00Z,2026-07-03,13,2,0.5,177
FF-HAM01-2026-07-03T14,HAM01,2026-07-03T14:00:00Z,2026-07-03,14,3,0.6667,163
FF-HAM01-2026-07-03T15,HAM01,2026-07-03T15:00:00Z,2026-07-03,15,4,0.5,144
FF-HAM01-2026-07-03T16,HAM01,2026-07-03T16:00:00Z,2026-07-03,16,7,0.4286,212
FF-HAM01-2026-07-03T17,HAM01,2026-07-03T17:00:00Z,2026-07-03,17,3,0.6667,202
FF-HAM01-2026-07-03T18,HAM01,2026-07-03T18:00:00Z,2026-07-03,18,2,0.5,143
FF-HAM01-2026-07-03T19,HAM01,2026-07-03T19:00:00Z,2026-07-03,19,2,0.5,152
FF-HAM01-2026-07-03T20,HAM01,2026-07-03T20:00:00Z,2026-07-03,20,2,0.5,153
FF-HAM01-2026-07-03T21,HAM01,2026-07-03T21:00:00Z,2026-07-03,21,2,0.5,179
FF-MUC01-2026-01-01T09,MUC01,2026-01-01T09:00:00Z,2026-01-01,9,1,1.0,39
FF-MUC01-2026-01-01T11,MUC01,2026-01-01T11:00:00Z,2026-01-01,11,1,1.0,30
FF-MUC01-2026-01-01T12,MUC01,2026-01-01T12:00:00Z,2026-01-01,12,1,1.0,39
FF-MUC01-2026-01-01T13,MUC01,2026-01-01T13:00:00Z,2026-01-01,13,1,1.0,31
FF-MUC01-2026-01-01T14,MUC01,2026-01-01T14:00:00Z,2026-01-01,14,4,0.5,60
FF-MUC01-2026-01-01T15,MUC01,2026-01-01T15:00:00Z,2026-01-01,15,3,0.6667,24
FF-MUC01-2026-01-01T16,MUC01,2026-01-01T16:00:00Z,2026-01-01,16,2,1.0,10
FF-MUC01-2026-01-01T19,MUC01,2026-01-01T19:00:00Z,2026-01-01,19,2,0.5,34
FF-MUC01-2026-01-01T20,MUC01,2026-01-01T20:00:00Z,2026-01-01,20,1,1.0,82
FF-MUC01-2026-01-01T21,MUC01,2026-01-01T21:00:00Z,2026-01-01,21,1,1.0,51
FF-MUC01-2026-01-01T22,MUC01,2026-01-01T22:00:00Z,2026-01-01,22,1,1.0,27
FF-MUC01-2026-01-02T11,MUC01,2026-01-02T11:00:00Z,2026-01-02,11,1,1.0,30
FF-MUC01-2026-01-02T12,MUC01,2026-01-02T12:00:00Z,2026-01-02,12,3,0.6667,29
FF-MUC01-2026-01-02T13,MUC01,2026-01-02T13:00:00Z,2026-01-02,13,1,1.0,7
FF-MUC01-2026-01-02T14,MUC01,2026-01-02T14:00:00Z,2026-01-02,14,3,0.6667,55
FF-MUC01-2026-01-02T15,MUC01,2026-01-02T15:00:00Z,2026-01-02,15,1,1.0,59
FF-MUC01-2026-01-02T17,MUC01,2026-01-02T17:00:00Z,2026-01-02,17,1,1.0,46
FF-MUC01-2026-01-02T18,MUC01,2026-01-02T18:00:00Z,2026-01-02,18,1,1.0,47
FF-MUC01-2026-01-02T19,MUC01,2026-01-02T19:00:00Z,2026-01-02,19,1,1.0,21
FF-MUC01-2026-01-02T20,MUC01,2026-01-02T20:00:00Z,2026-01-02,20,1,1.0,82
FF-MUC01-2026-01-02T21,MUC01,2026-01-02T21:00:00Z,2026-01-02,21,1,1.0,58
FF-MUC01-2026-01-05T09,MUC01,2026-01-05T09:00:00Z,2026-01-05,9,1,1.0,54
FF-MUC01-2026-01-05T10,MUC01,2026-01-05T10:00:00Z,2026-01-05,10,1,1.0,65
FF-MUC01-2026-01-05T11,MUC01,2026-01-05T11:00:00Z,2026-01-05,11,1,1.0,48
FF-MUC01-2026-01-05T12,MUC01,2026-01-05T12:00:00Z,2026-01-05,12,1,1.0,59
FF-MUC01-2026-01-05T14,MUC01,2026-01-05T14:00:00Z,2026-01-05,14,1,1.0,58
FF-MUC01-2026-01-05T15,MUC01,2026-01-05T15:00:00Z,2026-01-05,15,1,1.0,58
FF-MUC01-2026-01-05T16,MUC01,2026-01-05T16:00:00Z,2026-01-05,16,1,1.0,62
FF-MUC01-2026-01-05T17,MUC01,2026-01-05T17:00:00Z,2026-01-05,17,1,1.0,47
FF-MUC01-2026-01-05T18,MUC01,2026-01-05T18:00:00Z,2026-01-05,18,1,1.0,49
FF-MUC01-2026-01-05T19,MUC01,2026-01-05T19:00:00Z,2026-01-05,19,1,1.0,68
FF-MUC01-2026-01-06T08,MUC01,2026-01-06T08:00:00Z,2026-01-06,8,1,1.0,33
FF-MUC01-2026-01-06T09,MUC01,2026-01-06T09:00:00Z,2026-01-06,9,1,1.0,59
FF-MUC01-2026-01-06T10,MUC01,2026-01-06T10:00:00Z,2026-01-06,10,1,1.0,70
FF-MUC01-2026-01-06T11,MUC01,2026-01-06T11:00:00Z,2026-01-06,11,1,1.0,46
FF-MUC01-2026-01-06T12,MUC01,2026-01-06T12:00:00Z,2026-01-06,12,1,1.0,64
FF-MUC01-2026-01-06T13,MUC01,2026-01-06T13:00:00Z,2026-01-06,13,4,0.75,37
FF-MUC01-2026-01-06T14,MUC01,2026-01-06T14:00:00Z,2026-01-06,14,1,1.0,91
FF-MUC01-2026-01-06T15,MUC01,2026-01-06T15:00:00Z,2026-01-06,15,4,0.75,56
FF-MUC01-2026-01-06T16,MUC01,2026-01-06T16:00:00Z,2026-01-06,16,4,0.75,44
FF-MUC01-2026-01-06T17,MUC01,2026-01-06T17:00:00Z,2026-01-06,17,3,1.0,34
FF-MUC01-2026-01-06T18,MUC01,2026-01-06T18:00:00Z,2026-01-06,18,1,1.0,96
FF-MUC01-2026-01-06T19,MUC01,2026-01-06T19:00:00Z,2026-01-06,19,2,1.0,54
FF-MUC01-2026-01-06T20,MUC01,2026-01-06T20:00:00Z,2026-01-06,20,1,1.0,52
FF-MUC01-2026-01-06T21,MUC01,2026-01-06T21:00:00Z,2026-01-06,21,1,1.0,32
FF-MUC01-2026-01-07T08,MUC01,2026-01-07T08:00:00Z,2026-01-07,8,1,1.0,68
FF-MUC01-2026-01-07T09,MUC01,2026-01-07T09:00:00Z,2026-01-07,9,1,1.0,52
FF-MUC01-2026-01-07T10,MUC01,2026-01-07T10:00:00Z,2026-01-07,10,1,1.0,49
FF-MUC01-2026-01-07T11,MUC01,2026-01-07T11:00:00Z,2026-01-07,11,1,1.0,77
FF-MUC01-2026-01-07T12,MUC01,2026-01-07T12:00:00Z,2026-01-07,12,1,1.0,69
FF-MUC01-2026-01-07T13,MUC01,2026-01-07T13:00:00Z,2026-01-07,13,2,1.0,50
FF-MUC01-2026-01-07T14,MUC01,2026-01-07T14:00:00Z,2026-01-07,14,1,1.0,48
FF-MUC01-2026-01-07T15,MUC01,2026-01-07T15:00:00Z,2026-01-07,15,2,1.0,42
FF-MUC01-2026-01-07T16,MUC01,2026-01-07T16:00:00Z,2026-01-07,16,3,0.6667,66
FF-MUC01-2026-01-07T17,MUC01,2026-01-07T17:00:00Z,2026-01-07,17,3,0.6667,35
FF-MUC01-2026-01-07T18,MUC01,2026-01-07T18:00:00Z,2026-01-07,18,4,0.75,39
FF-MUC01-2026-01-07T19,MUC01,2026-01-07T19:00:00Z,2026-01-07,19,1,1.0,69
FF-MUC01-2026-01-07T20,MUC01,2026-01-07T20:00:00Z,2026-01-07,20,1,1.0,45
FF-MUC01-2026-01-08T10,MUC01,2026-01-08T10:00:00Z,2026-01-08,10,1,1.0,56
FF-MUC01-2026-01-08T11,MUC01,2026-01-08T11:00:00Z,2026-01-08,11,1,1.0,44
FF-MUC01-2026-01-08T12,MUC01,2026-01-08T12:00:00Z,2026-01-08,12,3,0.6667,51
FF-MUC01-2026-01-08T13,MUC01,2026-01-08T13:00:00Z,2026-01-08,13,1,1.0,55
FF-MUC01-2026-01-08T14,MUC01,2026-01-08T14:00:00Z,2026-01-08,14,1,1.0,58
FF-MUC01-2026-01-08T15,MUC01,2026-01-08T15:00:00Z,2026-01-08,15,1,1.0,50
FF-MUC01-2026-01-08T16,MUC01,2026-01-08T16:00:00Z,2026-01-08,16,3,0.6667,51
FF-MUC01-2026-01-08T17,MUC01,2026-01-08T17:00:00Z,2026-01-08,17,1,1.0,93
FF-MUC01-2026-01-08T18,MUC01,2026-01-08T18:00:00Z,2026-01-08,18,1,1.0,39
FF-MUC01-2026-01-08T20,MUC01,2026-01-08T20:00:00Z,2026-01-08,20,1,1.0,41
FF-MUC01-2026-01-08T21,MUC01,2026-01-08T21:00:00Z,2026-01-08,21,1,1.0,37
FF-MUC01-2026-01-09T11,MUC01,2026-01-09T11:00:00Z,2026-01-09,11,1,1.0,66
FF-MUC01-2026-01-09T13,MUC01,2026-01-09T13:00:00Z,2026-01-09,13,3,0.6667,65
FF-MUC01-2026-01-09T14,MUC01,2026-01-09T14:00:00Z,2026-01-09,14,1,1.0,31
FF-MUC01-2026-01-09T15,MUC01,2026-01-09T15:00:00Z,2026-01-09,15,1,1.0,69
FF-MUC01-2026-01-09T16,MUC01,2026-01-09T16:00:00Z,2026-01-09,16,1,1.0,23
FF-MUC01-2026-01-09T18,MUC01,2026-01-09T18:00:00Z,2026-01-09,18,1,1.0,33
FF-MUC01-2026-01-09T19,MUC01,2026-01-09T19:00:00Z,2026-01-09,19,1,1.0,48
FF-MUC01-2026-01-11T14,MUC01,2026-01-11T14:00:00Z,2026-01-11,14,1,1.0,49
FF-MUC01-2026-01-12T08,MUC01,2026-01-12T08:00:00Z,2026-01-12,8,2,0.5,61
FF-MUC01-2026-01-12T11,MUC01,2026-01-12T11:00:00Z,2026-01-12,11,1,1.0,30
FF-MUC01-2026-01-12T12,MUC01,2026-01-12T12:00:00Z,2026-01-12,12,1,1.0,44
FF-MUC01-2026-01-12T13,MUC01,2026-01-12T13:00:00Z,2026-01-12,13,1,1.0,72
FF-MUC01-2026-01-12T14,MUC01,2026-01-12T14:00:00Z,2026-01-12,14,2,0.5,73
FF-MUC01-2026-01-12T15,MUC01,2026-01-12T15:00:00Z,2026-01-12,15,1,1.0,57
FF-MUC01-2026-01-12T16,MUC01,2026-01-12T16:00:00Z,2026-01-12,16,1,1.0,39
FF-MUC01-2026-01-12T17,MUC01,2026-01-12T17:00:00Z,2026-01-12,17,1,1.0,71
FF-MUC01-2026-01-12T18,MUC01,2026-01-12T18:00:00Z,2026-01-12,18,1,1.0,74
FF-MUC01-2026-01-12T19,MUC01,2026-01-12T19:00:00Z,2026-01-12,19,1,1.0,46
FF-MUC01-2026-01-12T21,MUC01,2026-01-12T21:00:00Z,2026-01-12,21,1,1.0,62
FF-MUC01-2026-01-13T09,MUC01,2026-01-13T09:00:00Z,2026-01-13,9,1,1.0,66
FF-MUC01-2026-01-13T10,MUC01,2026-01-13T10:00:00Z,2026-01-13,10,1,1.0,51
FF-MUC01-2026-01-13T11,MUC01,2026-01-13T11:00:00Z,2026-01-13,11,1,1.0,89
FF-MUC01-2026-01-13T12,MUC01,2026-01-13T12:00:00Z,2026-01-13,12,1,1.0,23
FF-MUC01-2026-01-13T14,MUC01,2026-01-13T14:00:00Z,2026-01-13,14,3,0.6667,35
FF-MUC01-2026-01-13T15,MUC01,2026-01-13T15:00:00Z,2026-01-13,15,2,1.0,46
FF-MUC01-2026-01-13T16,MUC01,2026-01-13T16:00:00Z,2026-01-13,16,1,1.0,65
FF-MUC01-2026-01-13T17,MUC01,2026-01-13T17:00:00Z,2026-01-13,17,2,1.0,60
FF-MUC01-2026-01-13T18,MUC01,2026-01-13T18:00:00Z,2026-01-13,18,1,1.0,54
FF-MUC01-2026-01-13T19,MUC01,2026-01-13T19:00:00Z,2026-01-13,19,1,1.0,75
FF-MUC01-2026-01-13T21,MUC01,2026-01-13T21:00:00Z,2026-01-13,21,1,1.0,37
FF-MUC01-2026-01-14T08,MUC01,2026-01-14T08:00:00Z,2026-01-14,8,1,1.0,73
FF-MUC01-2026-01-14T10,MUC01,2026-01-14T10:00:00Z,2026-01-14,10,1,1.0,45
FF-MUC01-2026-01-14T11,MUC01,2026-01-14T11:00:00Z,2026-01-14,11,1,1.0,44
FF-MUC01-2026-01-14T12,MUC01,2026-01-14T12:00:00Z,2026-01-14,12,3,0.6667,35
FF-MUC01-2026-01-14T13,MUC01,2026-01-14T13:00:00Z,2026-01-14,13,1,1.0,48
FF-MUC01-2026-01-14T14,MUC01,2026-01-14T14:00:00Z,2026-01-14,14,3,0.6667,70
FF-MUC01-2026-01-14T15,MUC01,2026-01-14T15:00:00Z,2026-01-14,15,3,0.6667,70
FF-MUC01-2026-01-14T16,MUC01,2026-01-14T16:00:00Z,2026-01-14,16,1,1.0,58
FF-MUC01-2026-01-14T17,MUC01,2026-01-14T17:00:00Z,2026-01-14,17,1,1.0,22
FF-MUC01-2026-01-14T18,MUC01,2026-01-14T18:00:00Z,2026-01-14,18,1,1.0,21
FF-MUC01-2026-01-14T19,MUC01,2026-01-14T19:00:00Z,2026-01-14,19,1,1.0,41
FF-MUC01-2026-01-14T20,MUC01,2026-01-14T20:00:00Z,2026-01-14,20,1,1.0,33
FF-MUC01-2026-01-14T21,MUC01,2026-01-14T21:00:00Z,2026-01-14,21,1,1.0,49
FF-MUC01-2026-01-14T22,MUC01,2026-01-14T22:00:00Z,2026-01-14,22,1,1.0,40
FF-MUC01-2026-01-15T09,MUC01,2026-01-15T09:00:00Z,2026-01-15,9,1,1.0,59
FF-MUC01-2026-01-15T10,MUC01,2026-01-15T10:00:00Z,2026-01-15,10,1,1.0,80
FF-MUC01-2026-01-15T11,MUC01,2026-01-15T11:00:00Z,2026-01-15,11,1,1.0,55
FF-MUC01-2026-01-15T12,MUC01,2026-01-15T12:00:00Z,2026-01-15,12,1,1.0,64
FF-MUC01-2026-01-15T13,MUC01,2026-01-15T13:00:00Z,2026-01-15,13,3,0.6667,31
FF-MUC01-2026-01-15T14,MUC01,2026-01-15T14:00:00Z,2026-01-15,14,2,1.0,39
FF-MUC01-2026-01-15T15,MUC01,2026-01-15T15:00:00Z,2026-01-15,15,1,1.0,67
FF-MUC01-2026-01-15T16,MUC01,2026-01-15T16:00:00Z,2026-01-15,16,1,1.0,32
FF-MUC01-2026-01-15T17,MUC01,2026-01-15T17:00:00Z,2026-01-15,17,1,1.0,83
FF-MUC01-2026-01-15T18,MUC01,2026-01-15T18:00:00Z,2026-01-15,18,3,0.6667,45
FF-MUC01-2026-01-15T19,MUC01,2026-01-15T19:00:00Z,2026-01-15,19,1,1.0,54
FF-MUC01-2026-01-15T20,MUC01,2026-01-15T20:00:00Z,2026-01-15,20,1,1.0,63
FF-MUC01-2026-01-16T12,MUC01,2026-01-16T12:00:00Z,2026-01-16,12,1,1.0,34
FF-MUC01-2026-01-16T13,MUC01,2026-01-16T13:00:00Z,2026-01-16,13,1,1.0,46
FF-MUC01-2026-01-16T14,MUC01,2026-01-16T14:00:00Z,2026-01-16,14,1,1.0,53
FF-MUC01-2026-01-16T15,MUC01,2026-01-16T15:00:00Z,2026-01-16,15,1,1.0,55
FF-MUC01-2026-01-16T16,MUC01,2026-01-16T16:00:00Z,2026-01-16,16,2,1.0,31
FF-MUC01-2026-01-16T17,MUC01,2026-01-16T17:00:00Z,2026-01-16,17,1,1.0,83
FF-MUC01-2026-01-16T19,MUC01,2026-01-16T19:00:00Z,2026-01-16,19,1,1.0,9
FF-MUC01-2026-01-16T20,MUC01,2026-01-16T20:00:00Z,2026-01-16,20,1,1.0,70
FF-MUC01-2026-01-16T21,MUC01,2026-01-16T21:00:00Z,2026-01-16,21,1,1.0,58
FF-MUC01-2026-01-18T15,MUC01,2026-01-18T15:00:00Z,2026-01-18,15,1,1.0,37
FF-MUC01-2026-01-18T17,MUC01,2026-01-18T17:00:00Z,2026-01-18,17,1,1.0,49
FF-MUC01-2026-01-19T09,MUC01,2026-01-19T09:00:00Z,2026-01-19,9,1,1.0,91
FF-MUC01-2026-01-19T12,MUC01,2026-01-19T12:00:00Z,2026-01-19,12,1,1.0,65
FF-MUC01-2026-01-19T13,MUC01,2026-01-19T13:00:00Z,2026-01-19,13,2,1.0,40
FF-MUC01-2026-01-19T14,MUC01,2026-01-19T14:00:00Z,2026-01-19,14,1,1.0,51
FF-MUC01-2026-01-19T15,MUC01,2026-01-19T15:00:00Z,2026-01-19,15,3,0.6667,76
FF-MUC01-2026-01-19T17,MUC01,2026-01-19T17:00:00Z,2026-01-19,17,1,1.0,89
FF-MUC01-2026-01-19T18,MUC01,2026-01-19T18:00:00Z,2026-01-19,18,1,1.0,107
FF-MUC01-2026-01-19T19,MUC01,2026-01-19T19:00:00Z,2026-01-19,19,1,1.0,31
FF-MUC01-2026-01-19T20,MUC01,2026-01-19T20:00:00Z,2026-01-19,20,1,1.0,45
FF-MUC01-2026-01-19T21,MUC01,2026-01-19T21:00:00Z,2026-01-19,21,1,1.0,46
FF-MUC01-2026-01-20T09,MUC01,2026-01-20T09:00:00Z,2026-01-20,9,1,1.0,43
FF-MUC01-2026-01-20T10,MUC01,2026-01-20T10:00:00Z,2026-01-20,10,1,1.0,23
FF-MUC01-2026-01-20T12,MUC01,2026-01-20T12:00:00Z,2026-01-20,12,1,1.0,72
FF-MUC01-2026-01-20T13,MUC01,2026-01-20T13:00:00Z,2026-01-20,13,2,1.0,71
FF-MUC01-2026-01-20T14,MUC01,2026-01-20T14:00:00Z,2026-01-20,14,3,1.0,54
FF-MUC01-2026-01-20T15,MUC01,2026-01-20T15:00:00Z,2026-01-20,15,1,1.0,63
FF-MUC01-2026-01-20T16,MUC01,2026-01-20T16:00:00Z,2026-01-20,16,2,1.0,95
FF-MUC01-2026-01-20T17,MUC01,2026-01-20T17:00:00Z,2026-01-20,17,2,1.0,35
FF-MUC01-2026-01-20T18,MUC01,2026-01-20T18:00:00Z,2026-01-20,18,1,1.0,68
FF-MUC01-2026-01-20T19,MUC01,2026-01-20T19:00:00Z,2026-01-20,19,1,1.0,38
FF-MUC01-2026-01-20T20,MUC01,2026-01-20T20:00:00Z,2026-01-20,20,1,1.0,48
FF-MUC01-2026-01-20T22,MUC01,2026-01-20T22:00:00Z,2026-01-20,22,1,1.0,64
FF-MUC01-2026-01-21T09,MUC01,2026-01-21T09:00:00Z,2026-01-21,9,1,1.0,47
FF-MUC01-2026-01-21T10,MUC01,2026-01-21T10:00:00Z,2026-01-21,10,1,1.0,2
FF-MUC01-2026-01-21T11,MUC01,2026-01-21T11:00:00Z,2026-01-21,11,1,1.0,80
FF-MUC01-2026-01-21T12,MUC01,2026-01-21T12:00:00Z,2026-01-21,12,1,1.0,43
FF-MUC01-2026-01-21T13,MUC01,2026-01-21T13:00:00Z,2026-01-21,13,1,1.0,81
FF-MUC01-2026-01-21T14,MUC01,2026-01-21T14:00:00Z,2026-01-21,14,2,1.0,-11
FF-MUC01-2026-01-21T15,MUC01,2026-01-21T15:00:00Z,2026-01-21,15,2,1.0,71
FF-MUC01-2026-01-21T16,MUC01,2026-01-21T16:00:00Z,2026-01-21,16,5,0.8,44
FF-MUC01-2026-01-21T17,MUC01,2026-01-21T17:00:00Z,2026-01-21,17,1,1.0,50
FF-MUC01-2026-01-21T18,MUC01,2026-01-21T18:00:00Z,2026-01-21,18,1,1.0,48
FF-MUC01-2026-01-21T19,MUC01,2026-01-21T19:00:00Z,2026-01-21,19,1,1.0,13
FF-MUC01-2026-01-21T20,MUC01,2026-01-21T20:00:00Z,2026-01-21,20,1,1.0,27
FF-MUC01-2026-01-21T21,MUC01,2026-01-21T21:00:00Z,2026-01-21,21,1,1.0,58
FF-MUC01-2026-01-21T22,MUC01,2026-01-21T22:00:00Z,2026-01-21,22,1,1.0,62
FF-MUC01-2026-01-22T08,MUC01,2026-01-22T08:00:00Z,2026-01-22,8,1,1.0,32
FF-MUC01-2026-01-22T12,MUC01,2026-01-22T12:00:00Z,2026-01-22,12,1,1.0,20
FF-MUC01-2026-01-22T13,MUC01,2026-01-22T13:00:00Z,2026-01-22,13,1,1.0,87
FF-MUC01-2026-01-22T15,MUC01,2026-01-22T15:00:00Z,2026-01-22,15,3,0.6667,42
FF-MUC01-2026-01-22T16,MUC01,2026-01-22T16:00:00Z,2026-01-22,16,3,0.6667,69
FF-MUC01-2026-01-22T17,MUC01,2026-01-22T17:00:00Z,2026-01-22,17,1,1.0,83
FF-MUC01-2026-01-22T18,MUC01,2026-01-22T18:00:00Z,2026-01-22,18,1,1.0,25
FF-MUC01-2026-01-22T19,MUC01,2026-01-22T19:00:00Z,2026-01-22,19,1,1.0,61
FF-MUC01-2026-01-22T20,MUC01,2026-01-22T20:00:00Z,2026-01-22,20,1,1.0,85
FF-MUC01-2026-01-22T21,MUC01,2026-01-22T21:00:00Z,2026-01-22,21,1,1.0,72
FF-MUC01-2026-01-23T08,MUC01,2026-01-23T08:00:00Z,2026-01-23,8,1,1.0,43
FF-MUC01-2026-01-23T10,MUC01,2026-01-23T10:00:00Z,2026-01-23,10,2,0.5,53
FF-MUC01-2026-01-23T11,MUC01,2026-01-23T11:00:00Z,2026-01-23,11,2,0.5,67
FF-MUC01-2026-01-23T12,MUC01,2026-01-23T12:00:00Z,2026-01-23,12,1,1.0,50
FF-MUC01-2026-01-23T13,MUC01,2026-01-23T13:00:00Z,2026-01-23,13,1,1.0,25
FF-MUC01-2026-01-23T14,MUC01,2026-01-23T14:00:00Z,2026-01-23,14,2,0.5,50
FF-MUC01-2026-01-23T15,MUC01,2026-01-23T15:00:00Z,2026-01-23,15,3,0.6667,73
FF-MUC01-2026-01-23T16,MUC01,2026-01-23T16:00:00Z,2026-01-23,16,2,1.0,64
FF-MUC01-2026-01-23T17,MUC01,2026-01-23T17:00:00Z,2026-01-23,17,1,1.0,49
FF-MUC01-2026-01-23T18,MUC01,2026-01-23T18:00:00Z,2026-01-23,18,1,1.0,68
FF-MUC01-2026-01-23T19,MUC01,2026-01-23T19:00:00Z,2026-01-23,19,1,1.0,98
FF-MUC01-2026-01-23T20,MUC01,2026-01-23T20:00:00Z,2026-01-23,20,1,1.0,55
FF-MUC01-2026-01-23T22,MUC01,2026-01-23T22:00:00Z,2026-01-23,22,1,1.0,87
FF-MUC01-2026-01-25T13,MUC01,2026-01-25T13:00:00Z,2026-01-25,13,2,0.5,13
FF-MUC01-2026-01-25T15,MUC01,2026-01-25T15:00:00Z,2026-01-25,15,2,0.5,77
FF-MUC01-2026-01-26T09,MUC01,2026-01-26T09:00:00Z,2026-01-26,9,1,1.0,40
FF-MUC01-2026-01-26T10,MUC01,2026-01-26T10:00:00Z,2026-01-26,10,1,1.0,65
FF-MUC01-2026-01-26T12,MUC01,2026-01-26T12:00:00Z,2026-01-26,12,2,1.0,42
FF-MUC01-2026-01-26T13,MUC01,2026-01-26T13:00:00Z,2026-01-26,13,2,0.5,46
FF-MUC01-2026-01-26T14,MUC01,2026-01-26T14:00:00Z,2026-01-26,14,1,1.0,61
FF-MUC01-2026-01-26T15,MUC01,2026-01-26T15:00:00Z,2026-01-26,15,1,1.0,74
FF-MUC01-2026-01-26T16,MUC01,2026-01-26T16:00:00Z,2026-01-26,16,2,1.0,27
FF-MUC01-2026-01-26T17,MUC01,2026-01-26T17:00:00Z,2026-01-26,17,1,1.0,57
FF-MUC01-2026-01-26T18,MUC01,2026-01-26T18:00:00Z,2026-01-26,18,1,1.0,61
FF-MUC01-2026-01-26T19,MUC01,2026-01-26T19:00:00Z,2026-01-26,19,1,1.0,64
FF-MUC01-2026-01-26T20,MUC01,2026-01-26T20:00:00Z,2026-01-26,20,1,1.0,75
FF-MUC01-2026-01-26T21,MUC01,2026-01-26T21:00:00Z,2026-01-26,21,1,1.0,71
FF-MUC01-2026-01-27T09,MUC01,2026-01-27T09:00:00Z,2026-01-27,9,1,1.0,65
FF-MUC01-2026-01-27T10,MUC01,2026-01-27T10:00:00Z,2026-01-27,10,1,1.0,63
FF-MUC01-2026-01-27T11,MUC01,2026-01-27T11:00:00Z,2026-01-27,11,1,1.0,34
FF-MUC01-2026-01-27T12,MUC01,2026-01-27T12:00:00Z,2026-01-27,12,1,1.0,60
FF-MUC01-2026-01-27T13,MUC01,2026-01-27T13:00:00Z,2026-01-27,13,4,0.75,89
FF-MUC01-2026-01-27T14,MUC01,2026-01-27T14:00:00Z,2026-01-27,14,2,1.0,80
FF-MUC01-2026-01-27T15,MUC01,2026-01-27T15:00:00Z,2026-01-27,15,1,1.0,52
FF-MUC01-2026-01-27T16,MUC01,2026-01-27T16:00:00Z,2026-01-27,16,3,0.6667,31
FF-MUC01-2026-01-27T17,MUC01,2026-01-27T17:00:00Z,2026-01-27,17,2,1.0,70
FF-MUC01-2026-01-27T18,MUC01,2026-01-27T18:00:00Z,2026-01-27,18,1,1.0,31
FF-MUC01-2026-01-27T19,MUC01,2026-01-27T19:00:00Z,2026-01-27,19,1,1.0,43
FF-MUC01-2026-01-27T20,MUC01,2026-01-27T20:00:00Z,2026-01-27,20,1,1.0,-1
FF-MUC01-2026-01-28T09,MUC01,2026-01-28T09:00:00Z,2026-01-28,9,1,1.0,48
FF-MUC01-2026-01-28T10,MUC01,2026-01-28T10:00:00Z,2026-01-28,10,1,1.0,44
FF-MUC01-2026-01-28T11,MUC01,2026-01-28T11:00:00Z,2026-01-28,11,1,1.0,4
FF-MUC01-2026-01-28T12,MUC01,2026-01-28T12:00:00Z,2026-01-28,12,1,1.0,53
FF-MUC01-2026-01-28T13,MUC01,2026-01-28T13:00:00Z,2026-01-28,13,1,1.0,47
FF-MUC01-2026-01-28T14,MUC01,2026-01-28T14:00:00Z,2026-01-28,14,3,0.6667,63
FF-MUC01-2026-01-28T15,MUC01,2026-01-28T15:00:00Z,2026-01-28,15,1,1.0,56
FF-MUC01-2026-01-28T16,MUC01,2026-01-28T16:00:00Z,2026-01-28,16,3,0.6667,37
FF-MUC01-2026-01-28T17,MUC01,2026-01-28T17:00:00Z,2026-01-28,17,2,1.0,17
FF-MUC01-2026-01-28T18,MUC01,2026-01-28T18:00:00Z,2026-01-28,18,1,1.0,66
FF-MUC01-2026-01-28T19,MUC01,2026-01-28T19:00:00Z,2026-01-28,19,1,1.0,62
FF-MUC01-2026-01-28T20,MUC01,2026-01-28T20:00:00Z,2026-01-28,20,1,1.0,46
FF-MUC01-2026-01-28T21,MUC01,2026-01-28T21:00:00Z,2026-01-28,21,1,1.0,49
FF-MUC01-2026-01-28T22,MUC01,2026-01-28T22:00:00Z,2026-01-28,22,1,1.0,57
FF-MUC01-2026-01-29T08,MUC01,2026-01-29T08:00:00Z,2026-01-29,8,1,1.0,76
FF-MUC01-2026-01-29T09,MUC01,2026-01-29T09:00:00Z,2026-01-29,9,1,1.0,42
FF-MUC01-2026-01-29T10,MUC01,2026-01-29T10:00:00Z,2026-01-29,10,1,1.0,41
FF-MUC01-2026-01-29T11,MUC01,2026-01-29T11:00:00Z,2026-01-29,11,2,0.5,34
FF-MUC01-2026-01-29T12,MUC01,2026-01-29T12:00:00Z,2026-01-29,12,3,0.6667,15
FF-MUC01-2026-01-29T13,MUC01,2026-01-29T13:00:00Z,2026-01-29,13,6,0.6667,63
FF-MUC01-2026-01-29T15,MUC01,2026-01-29T15:00:00Z,2026-01-29,15,2,1.0,29
FF-MUC01-2026-01-29T16,MUC01,2026-01-29T16:00:00Z,2026-01-29,16,5,0.8,79
FF-MUC01-2026-01-29T17,MUC01,2026-01-29T17:00:00Z,2026-01-29,17,1,1.0,95
FF-MUC01-2026-01-29T18,MUC01,2026-01-29T18:00:00Z,2026-01-29,18,1,1.0,32
FF-MUC01-2026-01-29T19,MUC01,2026-01-29T19:00:00Z,2026-01-29,19,1,1.0,87
FF-MUC01-2026-01-30T09,MUC01,2026-01-30T09:00:00Z,2026-01-30,9,2,0.5,23
FF-MUC01-2026-01-30T12,MUC01,2026-01-30T12:00:00Z,2026-01-30,12,1,1.0,8
FF-MUC01-2026-01-30T13,MUC01,2026-01-30T13:00:00Z,2026-01-30,13,1,1.0,12
FF-MUC01-2026-01-30T14,MUC01,2026-01-30T14:00:00Z,2026-01-30,14,1,1.0,69
FF-MUC01-2026-01-30T15,MUC01,2026-01-30T15:00:00Z,2026-01-30,15,1,1.0,93
FF-MUC01-2026-01-30T16,MUC01,2026-01-30T16:00:00Z,2026-01-30,16,1,1.0,49
FF-MUC01-2026-01-30T17,MUC01,2026-01-30T17:00:00Z,2026-01-30,17,1,1.0,73
FF-MUC01-2026-01-30T18,MUC01,2026-01-30T18:00:00Z,2026-01-30,18,1,1.0,90
FF-MUC01-2026-01-30T19,MUC01,2026-01-30T19:00:00Z,2026-01-30,19,1,1.0,66
FF-MUC01-2026-01-30T21,MUC01,2026-01-30T21:00:00Z,2026-01-30,21,1,1.0,47
FF-MUC01-2026-02-01T14,MUC01,2026-02-01T14:00:00Z,2026-02-01,14,1,1.0,53
FF-MUC01-2026-02-01T16,MUC01,2026-02-01T16:00:00Z,2026-02-01,16,1,1.0,90
FF-MUC01-2026-02-02T08,MUC01,2026-02-02T08:00:00Z,2026-02-02,8,1,1.0,80
FF-MUC01-2026-02-02T09,MUC01,2026-02-02T09:00:00Z,2026-02-02,9,1,1.0,95
FF-MUC01-2026-02-02T11,MUC01,2026-02-02T11:00:00Z,2026-02-02,11,1,1.0,49
FF-MUC01-2026-02-02T12,MUC01,2026-02-02T12:00:00Z,2026-02-02,12,1,1.0,49
FF-MUC01-2026-02-02T13,MUC01,2026-02-02T13:00:00Z,2026-02-02,13,1,1.0,45
FF-MUC01-2026-02-02T14,MUC01,2026-02-02T14:00:00Z,2026-02-02,14,1,1.0,66
FF-MUC01-2026-02-02T15,MUC01,2026-02-02T15:00:00Z,2026-02-02,15,2,1.0,49
FF-MUC01-2026-02-02T16,MUC01,2026-02-02T16:00:00Z,2026-02-02,16,3,0.6667,67
FF-MUC01-2026-02-02T17,MUC01,2026-02-02T17:00:00Z,2026-02-02,17,1,1.0,62
FF-MUC01-2026-02-02T18,MUC01,2026-02-02T18:00:00Z,2026-02-02,18,1,1.0,62
FF-MUC01-2026-02-02T19,MUC01,2026-02-02T19:00:00Z,2026-02-02,19,1,1.0,78
FF-MUC01-2026-02-02T21,MUC01,2026-02-02T21:00:00Z,2026-02-02,21,1,1.0,73
FF-MUC01-2026-02-03T08,MUC01,2026-02-03T08:00:00Z,2026-02-03,8,1,1.0,53
FF-MUC01-2026-02-03T09,MUC01,2026-02-03T09:00:00Z,2026-02-03,9,1,1.0,32
FF-MUC01-2026-02-03T13,MUC01,2026-02-03T13:00:00Z,2026-02-03,13,2,1.0,64
FF-MUC01-2026-02-03T14,MUC01,2026-02-03T14:00:00Z,2026-02-03,14,2,1.0,24
FF-MUC01-2026-02-03T15,MUC01,2026-02-03T15:00:00Z,2026-02-03,15,1,1.0,45
FF-MUC01-2026-02-03T16,MUC01,2026-02-03T16:00:00Z,2026-02-03,16,3,0.6667,60
FF-MUC01-2026-02-03T17,MUC01,2026-02-03T17:00:00Z,2026-02-03,17,3,0.6667,43
FF-MUC01-2026-02-03T18,MUC01,2026-02-03T18:00:00Z,2026-02-03,18,2,1.0,32
FF-MUC01-2026-02-03T19,MUC01,2026-02-03T19:00:00Z,2026-02-03,19,1,1.0,10
FF-MUC01-2026-02-03T20,MUC01,2026-02-03T20:00:00Z,2026-02-03,20,1,1.0,42
FF-MUC01-2026-02-03T21,MUC01,2026-02-03T21:00:00Z,2026-02-03,21,1,1.0,74
FF-MUC01-2026-02-03T22,MUC01,2026-02-03T22:00:00Z,2026-02-03,22,1,1.0,13
FF-MUC01-2026-02-04T08,MUC01,2026-02-04T08:00:00Z,2026-02-04,8,2,0.5,-20
FF-MUC01-2026-02-04T09,MUC01,2026-02-04T09:00:00Z,2026-02-04,9,1,1.0,44
FF-MUC01-2026-02-04T11,MUC01,2026-02-04T11:00:00Z,2026-02-04,11,1,1.0,53
FF-MUC01-2026-02-04T12,MUC01,2026-02-04T12:00:00Z,2026-02-04,12,1,1.0,73
FF-MUC01-2026-02-04T13,MUC01,2026-02-04T13:00:00Z,2026-02-04,13,3,1.0,77
FF-MUC01-2026-02-04T14,MUC01,2026-02-04T14:00:00Z,2026-02-04,14,2,1.0,39
FF-MUC01-2026-02-04T15,MUC01,2026-02-04T15:00:00Z,2026-02-04,15,2,1.0,35
FF-MUC01-2026-02-04T16,MUC01,2026-02-04T16:00:00Z,2026-02-04,16,3,0.6667,26
FF-MUC01-2026-02-04T17,MUC01,2026-02-04T17:00:00Z,2026-02-04,17,2,0.5,48
FF-MUC01-2026-02-04T18,MUC01,2026-02-04T18:00:00Z,2026-02-04,18,1,1.0,54
FF-MUC01-2026-02-04T20,MUC01,2026-02-04T20:00:00Z,2026-02-04,20,1,1.0,61
FF-MUC01-2026-02-04T21,MUC01,2026-02-04T21:00:00Z,2026-02-04,21,2,0.5,35
FF-MUC01-2026-02-04T22,MUC01,2026-02-04T22:00:00Z,2026-02-04,22,2,0.5,49
FF-MUC01-2026-02-05T09,MUC01,2026-02-05T09:00:00Z,2026-02-05,9,1,1.0,80
FF-MUC01-2026-02-05T10,MUC01,2026-02-05T10:00:00Z,2026-02-05,10,1,1.0,53
FF-MUC01-2026-02-05T12,MUC01,2026-02-05T12:00:00Z,2026-02-05,12,1,1.0,60
FF-MUC01-2026-02-05T13,MUC01,2026-02-05T13:00:00Z,2026-02-05,13,2,1.0,61
FF-MUC01-2026-02-05T14,MUC01,2026-02-05T14:00:00Z,2026-02-05,14,1,1.0,77
FF-MUC01-2026-02-05T15,MUC01,2026-02-05T15:00:00Z,2026-02-05,15,2,1.0,65
FF-MUC01-2026-02-05T16,MUC01,2026-02-05T16:00:00Z,2026-02-05,16,1,1.0,51
FF-MUC01-2026-02-05T17,MUC01,2026-02-05T17:00:00Z,2026-02-05,17,1,1.0,38
FF-MUC01-2026-02-05T18,MUC01,2026-02-05T18:00:00Z,2026-02-05,18,1,1.0,65
FF-MUC01-2026-02-05T19,MUC01,2026-02-05T19:00:00Z,2026-02-05,19,1,1.0,59
FF-MUC01-2026-02-05T20,MUC01,2026-02-05T20:00:00Z,2026-02-05,20,1,1.0,52
FF-MUC01-2026-02-05T21,MUC01,2026-02-05T21:00:00Z,2026-02-05,21,1,1.0,27
FF-MUC01-2026-02-06T11,MUC01,2026-02-06T11:00:00Z,2026-02-06,11,1,1.0,66
FF-MUC01-2026-02-06T12,MUC01,2026-02-06T12:00:00Z,2026-02-06,12,1,1.0,58
FF-MUC01-2026-02-06T13,MUC01,2026-02-06T13:00:00Z,2026-02-06,13,1,1.0,54
FF-MUC01-2026-02-06T14,MUC01,2026-02-06T14:00:00Z,2026-02-06,14,3,0.6667,62
FF-MUC01-2026-02-06T15,MUC01,2026-02-06T15:00:00Z,2026-02-06,15,1,1.0,37
FF-MUC01-2026-02-06T16,MUC01,2026-02-06T16:00:00Z,2026-02-06,16,1,1.0,69
FF-MUC01-2026-02-06T17,MUC01,2026-02-06T17:00:00Z,2026-02-06,17,1,1.0,25
FF-MUC01-2026-02-06T18,MUC01,2026-02-06T18:00:00Z,2026-02-06,18,1,1.0,61
FF-MUC01-2026-02-06T19,MUC01,2026-02-06T19:00:00Z,2026-02-06,19,1,1.0,77
FF-MUC01-2026-02-06T20,MUC01,2026-02-06T20:00:00Z,2026-02-06,20,1,1.0,25
FF-MUC01-2026-02-06T22,MUC01,2026-02-06T22:00:00Z,2026-02-06,22,2,0.5,67
FF-MUC01-2026-02-08T14,MUC01,2026-02-08T14:00:00Z,2026-02-08,14,1,1.0,81
FF-MUC01-2026-02-09T09,MUC01,2026-02-09T09:00:00Z,2026-02-09,9,1,1.0,92
FF-MUC01-2026-02-09T10,MUC01,2026-02-09T10:00:00Z,2026-02-09,10,1,1.0,45
FF-MUC01-2026-02-09T11,MUC01,2026-02-09T11:00:00Z,2026-02-09,11,1,1.0,48
FF-MUC01-2026-02-09T12,MUC01,2026-02-09T12:00:00Z,2026-02-09,12,1,1.0,75
FF-MUC01-2026-02-09T13,MUC01,2026-02-09T13:00:00Z,2026-02-09,13,1,1.0,69
FF-MUC01-2026-02-09T14,MUC01,2026-02-09T14:00:00Z,2026-02-09,14,3,0.6667,17
FF-MUC01-2026-02-09T15,MUC01,2026-02-09T15:00:00Z,2026-02-09,15,2,1.0,85
FF-MUC01-2026-02-09T16,MUC01,2026-02-09T16:00:00Z,2026-02-09,16,2,1.0,43
FF-MUC01-2026-02-09T17,MUC01,2026-02-09T17:00:00Z,2026-02-09,17,1,1.0,51
FF-MUC01-2026-02-09T18,MUC01,2026-02-09T18:00:00Z,2026-02-09,18,2,0.5,37
FF-MUC01-2026-02-09T19,MUC01,2026-02-09T19:00:00Z,2026-02-09,19,1,1.0,56
FF-MUC01-2026-02-09T20,MUC01,2026-02-09T20:00:00Z,2026-02-09,20,1,1.0,71
FF-MUC01-2026-02-09T21,MUC01,2026-02-09T21:00:00Z,2026-02-09,21,1,1.0,-28
FF-MUC01-2026-02-10T09,MUC01,2026-02-10T09:00:00Z,2026-02-10,9,1,1.0,63
FF-MUC01-2026-02-10T10,MUC01,2026-02-10T10:00:00Z,2026-02-10,10,1,1.0,46
FF-MUC01-2026-02-10T11,MUC01,2026-02-10T11:00:00Z,2026-02-10,11,1,1.0,70
FF-MUC01-2026-02-10T12,MUC01,2026-02-10T12:00:00Z,2026-02-10,12,1,1.0,40
FF-MUC01-2026-02-10T13,MUC01,2026-02-10T13:00:00Z,2026-02-10,13,1,1.0,27
FF-MUC01-2026-02-10T14,MUC01,2026-02-10T14:00:00Z,2026-02-10,14,1,1.0,46
FF-MUC01-2026-02-10T15,MUC01,2026-02-10T15:00:00Z,2026-02-10,15,2,1.0,69
FF-MUC01-2026-02-10T16,MUC01,2026-02-10T16:00:00Z,2026-02-10,16,1,1.0,52
FF-MUC01-2026-02-10T17,MUC01,2026-02-10T17:00:00Z,2026-02-10,17,1,1.0,43
FF-MUC01-2026-02-10T18,MUC01,2026-02-10T18:00:00Z,2026-02-10,18,1,1.0,44
FF-MUC01-2026-02-10T21,MUC01,2026-02-10T21:00:00Z,2026-02-10,21,1,1.0,34
FF-MUC01-2026-02-11T10,MUC01,2026-02-11T10:00:00Z,2026-02-11,10,1,1.0,38
FF-MUC01-2026-02-11T11,MUC01,2026-02-11T11:00:00Z,2026-02-11,11,1,1.0,9
FF-MUC01-2026-02-11T12,MUC01,2026-02-11T12:00:00Z,2026-02-11,12,1,1.0,55
FF-MUC01-2026-02-11T13,MUC01,2026-02-11T13:00:00Z,2026-02-11,13,3,0.6667,45
FF-MUC01-2026-02-11T14,MUC01,2026-02-11T14:00:00Z,2026-02-11,14,2,0.5,52
FF-MUC01-2026-02-11T15,MUC01,2026-02-11T15:00:00Z,2026-02-11,15,2,1.0,71
FF-MUC01-2026-02-11T16,MUC01,2026-02-11T16:00:00Z,2026-02-11,16,2,1.0,66
FF-MUC01-2026-02-11T17,MUC01,2026-02-11T17:00:00Z,2026-02-11,17,3,0.6667,23
FF-MUC01-2026-02-11T18,MUC01,2026-02-11T18:00:00Z,2026-02-11,18,1,1.0,54
FF-MUC01-2026-02-11T19,MUC01,2026-02-11T19:00:00Z,2026-02-11,19,1,1.0,102
FF-MUC01-2026-02-11T20,MUC01,2026-02-11T20:00:00Z,2026-02-11,20,1,1.0,49
FF-MUC01-2026-02-11T21,MUC01,2026-02-11T21:00:00Z,2026-02-11,21,1,1.0,72
FF-MUC01-2026-02-12T08,MUC01,2026-02-12T08:00:00Z,2026-02-12,8,1,1.0,78
FF-MUC01-2026-02-12T10,MUC01,2026-02-12T10:00:00Z,2026-02-12,10,1,1.0,45
FF-MUC01-2026-02-12T11,MUC01,2026-02-12T11:00:00Z,2026-02-12,11,1,1.0,70
FF-MUC01-2026-02-12T12,MUC01,2026-02-12T12:00:00Z,2026-02-12,12,1,1.0,25
FF-MUC01-2026-02-12T13,MUC01,2026-02-12T13:00:00Z,2026-02-12,13,3,0.6667,62
FF-MUC01-2026-02-12T14,MUC01,2026-02-12T14:00:00Z,2026-02-12,14,3,0.6667,63
FF-MUC01-2026-02-12T15,MUC01,2026-02-12T15:00:00Z,2026-02-12,15,1,1.0,59
FF-MUC01-2026-02-12T16,MUC01,2026-02-12T16:00:00Z,2026-02-12,16,2,1.0,41
FF-MUC01-2026-02-12T17,MUC01,2026-02-12T17:00:00Z,2026-02-12,17,1,1.0,54
FF-MUC01-2026-02-12T18,MUC01,2026-02-12T18:00:00Z,2026-02-12,18,1,1.0,32
FF-MUC01-2026-02-12T19,MUC01,2026-02-12T19:00:00Z,2026-02-12,19,1,1.0,48
FF-MUC01-2026-02-12T20,MUC01,2026-02-12T20:00:00Z,2026-02-12,20,1,1.0,74
FF-MUC01-2026-02-13T09,MUC01,2026-02-13T09:00:00Z,2026-02-13,9,1,1.0,41
FF-MUC01-2026-02-13T10,MUC01,2026-02-13T10:00:00Z,2026-02-13,10,1,1.0,69
FF-MUC01-2026-02-13T11,MUC01,2026-02-13T11:00:00Z,2026-02-13,11,1,1.0,75
FF-MUC01-2026-02-13T12,MUC01,2026-02-13T12:00:00Z,2026-02-13,12,1,1.0,85
FF-MUC01-2026-02-13T13,MUC01,2026-02-13T13:00:00Z,2026-02-13,13,1,1.0,45
FF-MUC01-2026-02-13T14,MUC01,2026-02-13T14:00:00Z,2026-02-13,14,1,1.0,51
FF-MUC01-2026-02-13T15,MUC01,2026-02-13T15:00:00Z,2026-02-13,15,1,1.0,60
FF-MUC01-2026-02-13T16,MUC01,2026-02-13T16:00:00Z,2026-02-13,16,3,0.6667,65
FF-MUC01-2026-02-13T17,MUC01,2026-02-13T17:00:00Z,2026-02-13,17,1,1.0,64
FF-MUC01-2026-02-13T18,MUC01,2026-02-13T18:00:00Z,2026-02-13,18,1,1.0,40
FF-MUC01-2026-02-13T19,MUC01,2026-02-13T19:00:00Z,2026-02-13,19,2,0.5,49
FF-MUC01-2026-02-13T20,MUC01,2026-02-13T20:00:00Z,2026-02-13,20,1,1.0,34
FF-MUC01-2026-02-13T21,MUC01,2026-02-13T21:00:00Z,2026-02-13,21,1,1.0,59
FF-MUC01-2026-02-15T17,MUC01,2026-02-15T17:00:00Z,2026-02-15,17,1,1.0,74
FF-MUC01-2026-02-16T09,MUC01,2026-02-16T09:00:00Z,2026-02-16,9,1,1.0,63
FF-MUC01-2026-02-16T10,MUC01,2026-02-16T10:00:00Z,2026-02-16,10,1,1.0,55
FF-MUC01-2026-02-16T11,MUC01,2026-02-16T11:00:00Z,2026-02-16,11,1,1.0,52
FF-MUC01-2026-02-16T12,MUC01,2026-02-16T12:00:00Z,2026-02-16,12,1,1.0,60
FF-MUC01-2026-02-16T14,MUC01,2026-02-16T14:00:00Z,2026-02-16,14,1,1.0,33
FF-MUC01-2026-02-16T15,MUC01,2026-02-16T15:00:00Z,2026-02-16,15,1,1.0,49
FF-MUC01-2026-02-16T16,MUC01,2026-02-16T16:00:00Z,2026-02-16,16,2,1.0,50
FF-MUC01-2026-02-16T17,MUC01,2026-02-16T17:00:00Z,2026-02-16,17,1,1.0,87
FF-MUC01-2026-02-16T18,MUC01,2026-02-16T18:00:00Z,2026-02-16,18,1,1.0,26
FF-MUC01-2026-02-16T19,MUC01,2026-02-16T19:00:00Z,2026-02-16,19,1,1.0,54
FF-MUC01-2026-02-16T20,MUC01,2026-02-16T20:00:00Z,2026-02-16,20,1,1.0,71
FF-MUC01-2026-02-16T21,MUC01,2026-02-16T21:00:00Z,2026-02-16,21,1,1.0,26
FF-MUC01-2026-02-17T09,MUC01,2026-02-17T09:00:00Z,2026-02-17,9,1,1.0,23
FF-MUC01-2026-02-17T10,MUC01,2026-02-17T10:00:00Z,2026-02-17,10,1,1.0,29
FF-MUC01-2026-02-17T12,MUC01,2026-02-17T12:00:00Z,2026-02-17,12,1,1.0,19
FF-MUC01-2026-02-17T13,MUC01,2026-02-17T13:00:00Z,2026-02-17,13,1,1.0,56
FF-MUC01-2026-02-17T14,MUC01,2026-02-17T14:00:00Z,2026-02-17,14,1,1.0,49
FF-MUC01-2026-02-17T15,MUC01,2026-02-17T15:00:00Z,2026-02-17,15,3,0.6667,86
FF-MUC01-2026-02-17T16,MUC01,2026-02-17T16:00:00Z,2026-02-17,16,1,1.0,42
FF-MUC01-2026-02-17T17,MUC01,2026-02-17T17:00:00Z,2026-02-17,17,3,0.6667,25
FF-MUC01-2026-02-17T18,MUC01,2026-02-17T18:00:00Z,2026-02-17,18,1,1.0,55
FF-MUC01-2026-02-17T19,MUC01,2026-02-17T19:00:00Z,2026-02-17,19,1,1.0,67
FF-MUC01-2026-02-17T21,MUC01,2026-02-17T21:00:00Z,2026-02-17,21,2,0.5,12
FF-MUC01-2026-02-18T09,MUC01,2026-02-18T09:00:00Z,2026-02-18,9,1,1.0,67
FF-MUC01-2026-02-18T10,MUC01,2026-02-18T10:00:00Z,2026-02-18,10,1,1.0,51
FF-MUC01-2026-02-18T11,MUC01,2026-02-18T11:00:00Z,2026-02-18,11,1,1.0,71
FF-MUC01-2026-02-18T12,MUC01,2026-02-18T12:00:00Z,2026-02-18,12,3,0.6667,21
FF-MUC01-2026-02-18T13,MUC01,2026-02-18T13:00:00Z,2026-02-18,13,2,1.0,45
FF-MUC01-2026-02-18T15,MUC01,2026-02-18T15:00:00Z,2026-02-18,15,2,1.0,41
FF-MUC01-2026-02-18T16,MUC01,2026-02-18T16:00:00Z,2026-02-18,16,2,1.0,74
FF-MUC01-2026-02-18T17,MUC01,2026-02-18T17:00:00Z,2026-02-18,17,3,0.6667,45
FF-MUC01-2026-02-18T18,MUC01,2026-02-18T18:00:00Z,2026-02-18,18,1,1.0,72
FF-MUC01-2026-02-18T19,MUC01,2026-02-18T19:00:00Z,2026-02-18,19,2,0.5,77
FF-MUC01-2026-02-18T20,MUC01,2026-02-18T20:00:00Z,2026-02-18,20,1,1.0,59
FF-MUC01-2026-02-18T21,MUC01,2026-02-18T21:00:00Z,2026-02-18,21,1,1.0,61
FF-MUC01-2026-02-18T22,MUC01,2026-02-18T22:00:00Z,2026-02-18,22,1,1.0,35
FF-MUC01-2026-02-19T10,MUC01,2026-02-19T10:00:00Z,2026-02-19,10,1,1.0,41
FF-MUC01-2026-02-19T11,MUC01,2026-02-19T11:00:00Z,2026-02-19,11,1,1.0,64
FF-MUC01-2026-02-19T12,MUC01,2026-02-19T12:00:00Z,2026-02-19,12,1,1.0,62
FF-MUC01-2026-02-19T13,MUC01,2026-02-19T13:00:00Z,2026-02-19,13,1,1.0,63
FF-MUC01-2026-02-19T14,MUC01,2026-02-19T14:00:00Z,2026-02-19,14,1,1.0,72
FF-MUC01-2026-02-19T15,MUC01,2026-02-19T15:00:00Z,2026-02-19,15,2,1.0,29
FF-MUC01-2026-02-19T16,MUC01,2026-02-19T16:00:00Z,2026-02-19,16,1,1.0,31
FF-MUC01-2026-02-19T17,MUC01,2026-02-19T17:00:00Z,2026-02-19,17,1,1.0,40
FF-MUC01-2026-02-19T18,MUC01,2026-02-19T18:00:00Z,2026-02-19,18,1,1.0,55
FF-MUC01-2026-02-19T19,MUC01,2026-02-19T19:00:00Z,2026-02-19,19,1,1.0,96
FF-MUC01-2026-02-20T10,MUC01,2026-02-20T10:00:00Z,2026-02-20,10,1,1.0,77
FF-MUC01-2026-02-20T12,MUC01,2026-02-20T12:00:00Z,2026-02-20,12,1,1.0,55
FF-MUC01-2026-02-20T13,MUC01,2026-02-20T13:00:00Z,2026-02-20,13,1,1.0,37
FF-MUC01-2026-02-20T14,MUC01,2026-02-20T14:00:00Z,2026-02-20,14,3,0.6667,47
FF-MUC01-2026-02-20T15,MUC01,2026-02-20T15:00:00Z,2026-02-20,15,1,1.0,33
FF-MUC01-2026-02-20T16,MUC01,2026-02-20T16:00:00Z,2026-02-20,16,3,0.6667,63
FF-MUC01-2026-02-20T17,MUC01,2026-02-20T17:00:00Z,2026-02-20,17,1,1.0,50
FF-MUC01-2026-02-20T18,MUC01,2026-02-20T18:00:00Z,2026-02-20,18,2,1.0,73
FF-MUC01-2026-02-22T14,MUC01,2026-02-22T14:00:00Z,2026-02-22,14,1,1.0,101
FF-MUC01-2026-02-23T09,MUC01,2026-02-23T09:00:00Z,2026-02-23,9,1,1.0,59
FF-MUC01-2026-02-23T10,MUC01,2026-02-23T10:00:00Z,2026-02-23,10,1,1.0,15
FF-MUC01-2026-02-23T12,MUC01,2026-02-23T12:00:00Z,2026-02-23,12,1,1.0,77
FF-MUC01-2026-02-23T13,MUC01,2026-02-23T13:00:00Z,2026-02-23,13,1,1.0,51
FF-MUC01-2026-02-23T14,MUC01,2026-02-23T14:00:00Z,2026-02-23,14,1,1.0,112
FF-MUC01-2026-02-23T15,MUC01,2026-02-23T15:00:00Z,2026-02-23,15,6,0.6667,62
FF-MUC01-2026-02-23T16,MUC01,2026-02-23T16:00:00Z,2026-02-23,16,4,0.75,40
FF-MUC01-2026-02-23T17,MUC01,2026-02-23T17:00:00Z,2026-02-23,17,1,1.0,74
FF-MUC01-2026-02-23T18,MUC01,2026-02-23T18:00:00Z,2026-02-23,18,3,0.6667,80
FF-MUC01-2026-02-23T19,MUC01,2026-02-23T19:00:00Z,2026-02-23,19,1,1.0,25
FF-MUC01-2026-02-23T20,MUC01,2026-02-23T20:00:00Z,2026-02-23,20,1,1.0,65
FF-MUC01-2026-02-23T21,MUC01,2026-02-23T21:00:00Z,2026-02-23,21,1,1.0,54
FF-MUC01-2026-02-24T09,MUC01,2026-02-24T09:00:00Z,2026-02-24,9,1,1.0,69
FF-MUC01-2026-02-24T12,MUC01,2026-02-24T12:00:00Z,2026-02-24,12,2,1.0,66
FF-MUC01-2026-02-24T13,MUC01,2026-02-24T13:00:00Z,2026-02-24,13,3,0.6667,71
FF-MUC01-2026-02-24T14,MUC01,2026-02-24T14:00:00Z,2026-02-24,14,3,0.6667,50
FF-MUC01-2026-02-24T15,MUC01,2026-02-24T15:00:00Z,2026-02-24,15,3,0.6667,29
FF-MUC01-2026-02-24T16,MUC01,2026-02-24T16:00:00Z,2026-02-24,16,1,1.0,78
FF-MUC01-2026-02-24T17,MUC01,2026-02-24T17:00:00Z,2026-02-24,17,1,1.0,56
FF-MUC01-2026-02-24T18,MUC01,2026-02-24T18:00:00Z,2026-02-24,18,3,0.6667,29
FF-MUC01-2026-02-24T19,MUC01,2026-02-24T19:00:00Z,2026-02-24,19,1,1.0,76
FF-MUC01-2026-02-24T21,MUC01,2026-02-24T21:00:00Z,2026-02-24,21,1,1.0,83
FF-MUC01-2026-02-25T09,MUC01,2026-02-25T09:00:00Z,2026-02-25,9,1,1.0,46
FF-MUC01-2026-02-25T11,MUC01,2026-02-25T11:00:00Z,2026-02-25,11,1,1.0,75
FF-MUC01-2026-02-25T12,MUC01,2026-02-25T12:00:00Z,2026-02-25,12,1,1.0,75
FF-MUC01-2026-02-25T13,MUC01,2026-02-25T13:00:00Z,2026-02-25,13,1,1.0,61
FF-MUC01-2026-02-25T14,MUC01,2026-02-25T14:00:00Z,2026-02-25,14,1,1.0,76
FF-MUC01-2026-02-25T15,MUC01,2026-02-25T15:00:00Z,2026-02-25,15,3,0.6667,52
FF-MUC01-2026-02-25T16,MUC01,2026-02-25T16:00:00Z,2026-02-25,16,2,1.0,64
FF-MUC01-2026-02-25T17,MUC01,2026-02-25T17:00:00Z,2026-02-25,17,1,1.0,28
FF-MUC01-2026-02-25T18,MUC01,2026-02-25T18:00:00Z,2026-02-25,18,3,0.6667,41
FF-MUC01-2026-02-25T19,MUC01,2026-02-25T19:00:00Z,2026-02-25,19,1,1.0,57
FF-MUC01-2026-02-25T21,MUC01,2026-02-25T21:00:00Z,2026-02-25,21,1,1.0,66
FF-MUC01-2026-02-26T09,MUC01,2026-02-26T09:00:00Z,2026-02-26,9,1,1.0,52
FF-MUC01-2026-02-26T10,MUC01,2026-02-26T10:00:00Z,2026-02-26,10,1,1.0,67
FF-MUC01-2026-02-26T12,MUC01,2026-02-26T12:00:00Z,2026-02-26,12,2,1.0,47
FF-MUC01-2026-02-26T13,MUC01,2026-02-26T13:00:00Z,2026-02-26,13,4,0.75,22
FF-MUC01-2026-02-26T14,MUC01,2026-02-26T14:00:00Z,2026-02-26,14,2,1.0,45
FF-MUC01-2026-02-26T16,MUC01,2026-02-26T16:00:00Z,2026-02-26,16,1,1.0,49
FF-MUC01-2026-02-26T17,MUC01,2026-02-26T17:00:00Z,2026-02-26,17,2,0.5,53
FF-MUC01-2026-02-26T18,MUC01,2026-02-26T18:00:00Z,2026-02-26,18,1,1.0,81
FF-MUC01-2026-02-26T19,MUC01,2026-02-26T19:00:00Z,2026-02-26,19,1,1.0,11
FF-MUC01-2026-02-26T20,MUC01,2026-02-26T20:00:00Z,2026-02-26,20,1,1.0,43
FF-MUC01-2026-02-26T21,MUC01,2026-02-26T21:00:00Z,2026-02-26,21,1,1.0,57
FF-MUC01-2026-02-26T22,MUC01,2026-02-26T22:00:00Z,2026-02-26,22,1,1.0,80
FF-MUC01-2026-02-27T12,MUC01,2026-02-27T12:00:00Z,2026-02-27,12,1,1.0,51
FF-MUC01-2026-02-27T13,MUC01,2026-02-27T13:00:00Z,2026-02-27,13,3,0.6667,49
FF-MUC01-2026-02-27T14,MUC01,2026-02-27T14:00:00Z,2026-02-27,14,1,1.0,21
FF-MUC01-2026-02-27T15,MUC01,2026-02-27T15:00:00Z,2026-02-27,15,1,1.0,41
FF-MUC01-2026-02-27T16,MUC01,2026-02-27T16:00:00Z,2026-02-27,16,1,1.0,49
FF-MUC01-2026-02-27T17,MUC01,2026-02-27T17:00:00Z,2026-02-27,17,1,1.0,43
FF-MUC01-2026-02-27T18,MUC01,2026-02-27T18:00:00Z,2026-02-27,18,1,1.0,45
FF-MUC01-2026-02-27T19,MUC01,2026-02-27T19:00:00Z,2026-02-27,19,1,1.0,59
FF-MUC01-2026-02-27T21,MUC01,2026-02-27T21:00:00Z,2026-02-27,21,2,0.5,54
FF-MUC01-2026-03-01T14,MUC01,2026-03-01T14:00:00Z,2026-03-01,14,1,1.0,34
FF-MUC01-2026-03-01T15,MUC01,2026-03-01T15:00:00Z,2026-03-01,15,1,1.0,70
FF-MUC01-2026-03-01T16,MUC01,2026-03-01T16:00:00Z,2026-03-01,16,1,1.0,54
FF-MUC01-2026-03-02T08,MUC01,2026-03-02T08:00:00Z,2026-03-02,8,1,1.0,27
FF-MUC01-2026-03-02T10,MUC01,2026-03-02T10:00:00Z,2026-03-02,10,1,1.0,58
FF-MUC01-2026-03-02T11,MUC01,2026-03-02T11:00:00Z,2026-03-02,11,1,1.0,38
FF-MUC01-2026-03-02T12,MUC01,2026-03-02T12:00:00Z,2026-03-02,12,1,1.0,23
FF-MUC01-2026-03-02T13,MUC01,2026-03-02T13:00:00Z,2026-03-02,13,2,1.0,32
FF-MUC01-2026-03-02T14,MUC01,2026-03-02T14:00:00Z,2026-03-02,14,1,1.0,68
FF-MUC01-2026-03-02T15,MUC01,2026-03-02T15:00:00Z,2026-03-02,15,2,1.0,56
FF-MUC01-2026-03-02T16,MUC01,2026-03-02T16:00:00Z,2026-03-02,16,2,0.5,74
FF-MUC01-2026-03-02T17,MUC01,2026-03-02T17:00:00Z,2026-03-02,17,1,1.0,81
FF-MUC01-2026-03-02T18,MUC01,2026-03-02T18:00:00Z,2026-03-02,18,1,1.0,14
FF-MUC01-2026-03-02T19,MUC01,2026-03-02T19:00:00Z,2026-03-02,19,1,1.0,70
FF-MUC01-2026-03-03T08,MUC01,2026-03-03T08:00:00Z,2026-03-03,8,1,1.0,51
FF-MUC01-2026-03-03T09,MUC01,2026-03-03T09:00:00Z,2026-03-03,9,1,1.0,52
FF-MUC01-2026-03-03T11,MUC01,2026-03-03T11:00:00Z,2026-03-03,11,1,1.0,48
FF-MUC01-2026-03-03T12,MUC01,2026-03-03T12:00:00Z,2026-03-03,12,2,1.0,50
FF-MUC01-2026-03-03T13,MUC01,2026-03-03T13:00:00Z,2026-03-03,13,4,0.75,74
FF-MUC01-2026-03-03T14,MUC01,2026-03-03T14:00:00Z,2026-03-03,14,2,1.0,93
FF-MUC01-2026-03-03T15,MUC01,2026-03-03T15:00:00Z,2026-03-03,15,1,1.0,64
FF-MUC01-2026-03-03T16,MUC01,2026-03-03T16:00:00Z,2026-03-03,16,2,1.0,21
FF-MUC01-2026-03-03T17,MUC01,2026-03-03T17:00:00Z,2026-03-03,17,5,0.8,75
FF-MUC01-2026-03-03T18,MUC01,2026-03-03T18:00:00Z,2026-03-03,18,1,1.0,48
FF-MUC01-2026-03-03T19,MUC01,2026-03-03T19:00:00Z,2026-03-03,19,1,1.0,69
FF-MUC01-2026-03-03T21,MUC01,2026-03-03T21:00:00Z,2026-03-03,21,1,1.0,33
FF-MUC01-2026-03-03T22,MUC01,2026-03-03T22:00:00Z,2026-03-03,22,1,1.0,48
FF-MUC01-2026-03-04T08,MUC01,2026-03-04T08:00:00Z,2026-03-04,8,1,1.0,60
FF-MUC01-2026-03-04T09,MUC01,2026-03-04T09:00:00Z,2026-03-04,9,1,1.0,58
FF-MUC01-2026-03-04T10,MUC01,2026-03-04T10:00:00Z,2026-03-04,10,1,1.0,49
FF-MUC01-2026-03-04T11,MUC01,2026-03-04T11:00:00Z,2026-03-04,11,2,0.5,85
FF-MUC01-2026-03-04T12,MUC01,2026-03-04T12:00:00Z,2026-03-04,12,1,1.0,28
FF-MUC01-2026-03-04T13,MUC01,2026-03-04T13:00:00Z,2026-03-04,13,2,1.0,70
FF-MUC01-2026-03-04T14,MUC01,2026-03-04T14:00:00Z,2026-03-04,14,2,1.0,46
FF-MUC01-2026-03-04T15,MUC01,2026-03-04T15:00:00Z,2026-03-04,15,3,0.6667,56
FF-MUC01-2026-03-04T16,MUC01,2026-03-04T16:00:00Z,2026-03-04,16,4,1.0,44
FF-MUC01-2026-03-04T17,MUC01,2026-03-04T17:00:00Z,2026-03-04,17,1,1.0,59
FF-MUC01-2026-03-04T18,MUC01,2026-03-04T18:00:00Z,2026-03-04,18,1,1.0,52
FF-MUC01-2026-03-04T19,MUC01,2026-03-04T19:00:00Z,2026-03-04,19,1,1.0,58
FF-MUC01-2026-03-04T20,MUC01,2026-03-04T20:00:00Z,2026-03-04,20,1,1.0,44
FF-MUC01-2026-03-04T21,MUC01,2026-03-04T21:00:00Z,2026-03-04,21,1,1.0,59
FF-MUC01-2026-03-05T09,MUC01,2026-03-05T09:00:00Z,2026-03-05,9,1,1.0,29
FF-MUC01-2026-03-05T10,MUC01,2026-03-05T10:00:00Z,2026-03-05,10,1,1.0,29
FF-MUC01-2026-03-05T11,MUC01,2026-03-05T11:00:00Z,2026-03-05,11,1,1.0,20
FF-MUC01-2026-03-05T12,MUC01,2026-03-05T12:00:00Z,2026-03-05,12,1,1.0,81
FF-MUC01-2026-03-05T13,MUC01,2026-03-05T13:00:00Z,2026-03-05,13,3,0.6667,92
FF-MUC01-2026-03-05T14,MUC01,2026-03-05T14:00:00Z,2026-03-05,14,1,1.0,55
FF-MUC01-2026-03-05T15,MUC01,2026-03-05T15:00:00Z,2026-03-05,15,1,1.0,62
FF-MUC01-2026-03-05T16,MUC01,2026-03-05T16:00:00Z,2026-03-05,16,1,1.0,35
FF-MUC01-2026-03-05T17,MUC01,2026-03-05T17:00:00Z,2026-03-05,17,1,1.0,75
FF-MUC01-2026-03-05T18,MUC01,2026-03-05T18:00:00Z,2026-03-05,18,1,1.0,31
FF-MUC01-2026-03-05T20,MUC01,2026-03-05T20:00:00Z,2026-03-05,20,1,1.0,27
FF-MUC01-2026-03-06T11,MUC01,2026-03-06T11:00:00Z,2026-03-06,11,1,1.0,25
FF-MUC01-2026-03-06T12,MUC01,2026-03-06T12:00:00Z,2026-03-06,12,2,1.0,56
FF-MUC01-2026-03-06T13,MUC01,2026-03-06T13:00:00Z,2026-03-06,13,2,1.0,63
FF-MUC01-2026-03-06T14,MUC01,2026-03-06T14:00:00Z,2026-03-06,14,1,1.0,55
FF-MUC01-2026-03-06T15,MUC01,2026-03-06T15:00:00Z,2026-03-06,15,1,1.0,31
FF-MUC01-2026-03-06T16,MUC01,2026-03-06T16:00:00Z,2026-03-06,16,1,1.0,45
FF-MUC01-2026-03-06T17,MUC01,2026-03-06T17:00:00Z,2026-03-06,17,1,1.0,69
FF-MUC01-2026-03-06T18,MUC01,2026-03-06T18:00:00Z,2026-03-06,18,1,1.0,51
FF-MUC01-2026-03-06T20,MUC01,2026-03-06T20:00:00Z,2026-03-06,20,1,1.0,78
FF-MUC01-2026-03-06T21,MUC01,2026-03-06T21:00:00Z,2026-03-06,21,1,1.0,103
FF-MUC01-2026-03-06T22,MUC01,2026-03-06T22:00:00Z,2026-03-06,22,1,1.0,53
FF-MUC01-2026-03-08T15,MUC01,2026-03-08T15:00:00Z,2026-03-08,15,1,1.0,44
FF-MUC01-2026-03-09T11,MUC01,2026-03-09T11:00:00Z,2026-03-09,11,2,0.5,75
FF-MUC01-2026-03-09T12,MUC01,2026-03-09T12:00:00Z,2026-03-09,12,2,0.5,64
FF-MUC01-2026-03-09T13,MUC01,2026-03-09T13:00:00Z,2026-03-09,13,1,1.0,17
FF-MUC01-2026-03-09T15,MUC01,2026-03-09T15:00:00Z,2026-03-09,15,1,1.0,80
FF-MUC01-2026-03-09T16,MUC01,2026-03-09T16:00:00Z,2026-03-09,16,2,1.0,42
FF-MUC01-2026-03-09T17,MUC01,2026-03-09T17:00:00Z,2026-03-09,17,1,1.0,15
FF-MUC01-2026-03-09T18,MUC01,2026-03-09T18:00:00Z,2026-03-09,18,1,1.0,55
FF-MUC01-2026-03-09T19,MUC01,2026-03-09T19:00:00Z,2026-03-09,19,1,1.0,40
FF-MUC01-2026-03-09T20,MUC01,2026-03-09T20:00:00Z,2026-03-09,20,2,0.5,37
FF-MUC01-2026-03-09T21,MUC01,2026-03-09T21:00:00Z,2026-03-09,21,1,1.0,58
FF-MUC01-2026-03-10T08,MUC01,2026-03-10T08:00:00Z,2026-03-10,8,1,1.0,38
FF-MUC01-2026-03-10T09,MUC01,2026-03-10T09:00:00Z,2026-03-10,9,1,1.0,55
FF-MUC01-2026-03-10T11,MUC01,2026-03-10T11:00:00Z,2026-03-10,11,1,1.0,17
FF-MUC01-2026-03-10T12,MUC01,2026-03-10T12:00:00Z,2026-03-10,12,2,1.0,45
FF-MUC01-2026-03-10T13,MUC01,2026-03-10T13:00:00Z,2026-03-10,13,2,1.0,47
FF-MUC01-2026-03-10T14,MUC01,2026-03-10T14:00:00Z,2026-03-10,14,4,0.75,77
FF-MUC01-2026-03-10T15,MUC01,2026-03-10T15:00:00Z,2026-03-10,15,1,1.0,37
FF-MUC01-2026-03-10T16,MUC01,2026-03-10T16:00:00Z,2026-03-10,16,1,1.0,30
FF-MUC01-2026-03-10T17,MUC01,2026-03-10T17:00:00Z,2026-03-10,17,2,1.0,86
FF-MUC01-2026-03-10T18,MUC01,2026-03-10T18:00:00Z,2026-03-10,18,1,1.0,46
FF-MUC01-2026-03-10T19,MUC01,2026-03-10T19:00:00Z,2026-03-10,19,1,1.0,80
FF-MUC01-2026-03-10T20,MUC01,2026-03-10T20:00:00Z,2026-03-10,20,1,1.0,60
FF-MUC01-2026-03-10T21,MUC01,2026-03-10T21:00:00Z,2026-03-10,21,1,1.0,55
FF-MUC01-2026-03-10T22,MUC01,2026-03-10T22:00:00Z,2026-03-10,22,1,1.0,48
FF-MUC01-2026-03-11T08,MUC01,2026-03-11T08:00:00Z,2026-03-11,8,1,1.0,94
FF-MUC01-2026-03-11T09,MUC01,2026-03-11T09:00:00Z,2026-03-11,9,1,1.0,55
FF-MUC01-2026-03-11T10,MUC01,2026-03-11T10:00:00Z,2026-03-11,10,1,1.0,-4
FF-MUC01-2026-03-11T11,MUC01,2026-03-11T11:00:00Z,2026-03-11,11,2,0.5,63
FF-MUC01-2026-03-11T12,MUC01,2026-03-11T12:00:00Z,2026-03-11,12,2,1.0,39
FF-MUC01-2026-03-11T13,MUC01,2026-03-11T13:00:00Z,2026-03-11,13,3,1.0,56
FF-MUC01-2026-03-11T14,MUC01,2026-03-11T14:00:00Z,2026-03-11,14,4,0.75,100
FF-MUC01-2026-03-11T15,MUC01,2026-03-11T15:00:00Z,2026-03-11,15,4,0.75,89
FF-MUC01-2026-03-11T16,MUC01,2026-03-11T16:00:00Z,2026-03-11,16,4,1.0,62
FF-MUC01-2026-03-11T17,MUC01,2026-03-11T17:00:00Z,2026-03-11,17,2,1.0,50
FF-MUC01-2026-03-11T19,MUC01,2026-03-11T19:00:00Z,2026-03-11,19,1,1.0,39
FF-MUC01-2026-03-11T20,MUC01,2026-03-11T20:00:00Z,2026-03-11,20,1,1.0,71
FF-MUC01-2026-03-12T11,MUC01,2026-03-12T11:00:00Z,2026-03-12,11,1,1.0,56
FF-MUC01-2026-03-12T12,MUC01,2026-03-12T12:00:00Z,2026-03-12,12,1,1.0,70
FF-MUC01-2026-03-12T13,MUC01,2026-03-12T13:00:00Z,2026-03-12,13,1,1.0,40
FF-MUC01-2026-03-12T14,MUC01,2026-03-12T14:00:00Z,2026-03-12,14,1,1.0,39
FF-MUC01-2026-03-12T15,MUC01,2026-03-12T15:00:00Z,2026-03-12,15,1,1.0,58
FF-MUC01-2026-03-12T16,MUC01,2026-03-12T16:00:00Z,2026-03-12,16,1,1.0,21
FF-MUC01-2026-03-12T17,MUC01,2026-03-12T17:00:00Z,2026-03-12,17,1,1.0,61
FF-MUC01-2026-03-12T18,MUC01,2026-03-12T18:00:00Z,2026-03-12,18,1,1.0,57
FF-MUC01-2026-03-12T19,MUC01,2026-03-12T19:00:00Z,2026-03-12,19,1,1.0,43
FF-MUC01-2026-03-13T09,MUC01,2026-03-13T09:00:00Z,2026-03-13,9,2,0.5,54
FF-MUC01-2026-03-13T12,MUC01,2026-03-13T12:00:00Z,2026-03-13,12,1,1.0,49
FF-MUC01-2026-03-13T13,MUC01,2026-03-13T13:00:00Z,2026-03-13,13,1,1.0,76
FF-MUC01-2026-03-13T14,MUC01,2026-03-13T14:00:00Z,2026-03-13,14,1,1.0,59
FF-MUC01-2026-03-13T15,MUC01,2026-03-13T15:00:00Z,2026-03-13,15,2,1.0,60
FF-MUC01-2026-03-13T16,MUC01,2026-03-13T16:00:00Z,2026-03-13,16,1,1.0,69
FF-MUC01-2026-03-13T17,MUC01,2026-03-13T17:00:00Z,2026-03-13,17,1,1.0,69
FF-MUC01-2026-03-13T18,MUC01,2026-03-13T18:00:00Z,2026-03-13,18,1,1.0,45
FF-MUC01-2026-03-13T19,MUC01,2026-03-13T19:00:00Z,2026-03-13,19,1,1.0,21
FF-MUC01-2026-03-13T21,MUC01,2026-03-13T21:00:00Z,2026-03-13,21,1,1.0,28
FF-MUC01-2026-03-15T13,MUC01,2026-03-15T13:00:00Z,2026-03-15,13,1,1.0,38
FF-MUC01-2026-03-15T15,MUC01,2026-03-15T15:00:00Z,2026-03-15,15,1,1.0,51
FF-MUC01-2026-03-16T09,MUC01,2026-03-16T09:00:00Z,2026-03-16,9,2,0.5,43
FF-MUC01-2026-03-16T10,MUC01,2026-03-16T10:00:00Z,2026-03-16,10,1,1.0,10
FF-MUC01-2026-03-16T11,MUC01,2026-03-16T11:00:00Z,2026-03-16,11,1,1.0,72
FF-MUC01-2026-03-16T12,MUC01,2026-03-16T12:00:00Z,2026-03-16,12,1,1.0,54
FF-MUC01-2026-03-16T14,MUC01,2026-03-16T14:00:00Z,2026-03-16,14,2,1.0,44
FF-MUC01-2026-03-16T15,MUC01,2026-03-16T15:00:00Z,2026-03-16,15,2,1.0,50
FF-MUC01-2026-03-16T16,MUC01,2026-03-16T16:00:00Z,2026-03-16,16,1,1.0,13
FF-MUC01-2026-03-16T17,MUC01,2026-03-16T17:00:00Z,2026-03-16,17,1,1.0,44
FF-MUC01-2026-03-16T18,MUC01,2026-03-16T18:00:00Z,2026-03-16,18,1,1.0,69
FF-MUC01-2026-03-16T19,MUC01,2026-03-16T19:00:00Z,2026-03-16,19,1,1.0,48
FF-MUC01-2026-03-16T20,MUC01,2026-03-16T20:00:00Z,2026-03-16,20,1,1.0,51
FF-MUC01-2026-03-16T21,MUC01,2026-03-16T21:00:00Z,2026-03-16,21,1,1.0,76
FF-MUC01-2026-03-17T09,MUC01,2026-03-17T09:00:00Z,2026-03-17,9,2,0.5,51
FF-MUC01-2026-03-17T10,MUC01,2026-03-17T10:00:00Z,2026-03-17,10,1,1.0,77
FF-MUC01-2026-03-17T11,MUC01,2026-03-17T11:00:00Z,2026-03-17,11,1,1.0,62
FF-MUC01-2026-03-17T12,MUC01,2026-03-17T12:00:00Z,2026-03-17,12,1,1.0,47
FF-MUC01-2026-03-17T13,MUC01,2026-03-17T13:00:00Z,2026-03-17,13,1,1.0,55
FF-MUC01-2026-03-17T14,MUC01,2026-03-17T14:00:00Z,2026-03-17,14,1,1.0,59
FF-MUC01-2026-03-17T15,MUC01,2026-03-17T15:00:00Z,2026-03-17,15,3,0.6667,66
FF-MUC01-2026-03-17T16,MUC01,2026-03-17T16:00:00Z,2026-03-17,16,3,0.6667,38
FF-MUC01-2026-03-17T17,MUC01,2026-03-17T17:00:00Z,2026-03-17,17,1,1.0,92
FF-MUC01-2026-03-17T18,MUC01,2026-03-17T18:00:00Z,2026-03-17,18,3,0.6667,63
FF-MUC01-2026-03-17T19,MUC01,2026-03-17T19:00:00Z,2026-03-17,19,1,1.0,47
FF-MUC01-2026-03-17T20,MUC01,2026-03-17T20:00:00Z,2026-03-17,20,1,1.0,71
FF-MUC01-2026-03-17T21,MUC01,2026-03-17T21:00:00Z,2026-03-17,21,1,1.0,53
FF-MUC01-2026-03-18T09,MUC01,2026-03-18T09:00:00Z,2026-03-18,9,1,1.0,71
FF-MUC01-2026-03-18T10,MUC01,2026-03-18T10:00:00Z,2026-03-18,10,1,1.0,70
FF-MUC01-2026-03-18T11,MUC01,2026-03-18T11:00:00Z,2026-03-18,11,1,1.0,34
FF-MUC01-2026-03-18T12,MUC01,2026-03-18T12:00:00Z,2026-03-18,12,1,1.0,62
FF-MUC01-2026-03-18T13,MUC01,2026-03-18T13:00:00Z,2026-03-18,13,2,1.0,72
FF-MUC01-2026-03-18T14,MUC01,2026-03-18T14:00:00Z,2026-03-18,14,3,1.0,5
FF-MUC01-2026-03-18T15,MUC01,2026-03-18T15:00:00Z,2026-03-18,15,3,0.6667,47
FF-MUC01-2026-03-18T16,MUC01,2026-03-18T16:00:00Z,2026-03-18,16,1,1.0,80
FF-MUC01-2026-03-18T17,MUC01,2026-03-18T17:00:00Z,2026-03-18,17,3,0.6667,31
FF-MUC01-2026-03-18T18,MUC01,2026-03-18T18:00:00Z,2026-03-18,18,1,1.0,30
FF-MUC01-2026-03-18T19,MUC01,2026-03-18T19:00:00Z,2026-03-18,19,1,1.0,34
FF-MUC01-2026-03-18T20,MUC01,2026-03-18T20:00:00Z,2026-03-18,20,1,1.0,70
FF-MUC01-2026-03-18T21,MUC01,2026-03-18T21:00:00Z,2026-03-18,21,1,1.0,50
FF-MUC01-2026-03-18T22,MUC01,2026-03-18T22:00:00Z,2026-03-18,22,1,1.0,65
FF-MUC01-2026-03-19T09,MUC01,2026-03-19T09:00:00Z,2026-03-19,9,1,1.0,59
FF-MUC01-2026-03-19T11,MUC01,2026-03-19T11:00:00Z,2026-03-19,11,1,1.0,15
FF-MUC01-2026-03-19T12,MUC01,2026-03-19T12:00:00Z,2026-03-19,12,2,1.0,69
FF-MUC01-2026-03-19T13,MUC01,2026-03-19T13:00:00Z,2026-03-19,13,2,1.0,45
FF-MUC01-2026-03-19T15,MUC01,2026-03-19T15:00:00Z,2026-03-19,15,1,1.0,51
FF-MUC01-2026-03-19T16,MUC01,2026-03-19T16:00:00Z,2026-03-19,16,2,1.0,26
FF-MUC01-2026-03-19T17,MUC01,2026-03-19T17:00:00Z,2026-03-19,17,1,1.0,59
FF-MUC01-2026-03-19T18,MUC01,2026-03-19T18:00:00Z,2026-03-19,18,1,1.0,63
FF-MUC01-2026-03-19T19,MUC01,2026-03-19T19:00:00Z,2026-03-19,19,1,1.0,35
FF-MUC01-2026-03-19T20,MUC01,2026-03-19T20:00:00Z,2026-03-19,20,2,0.5,69
FF-MUC01-2026-03-19T21,MUC01,2026-03-19T21:00:00Z,2026-03-19,21,1,1.0,72
FF-MUC01-2026-03-19T22,MUC01,2026-03-19T22:00:00Z,2026-03-19,22,1,1.0,72
FF-MUC01-2026-03-20T09,MUC01,2026-03-20T09:00:00Z,2026-03-20,9,1,1.0,58
FF-MUC01-2026-03-20T10,MUC01,2026-03-20T10:00:00Z,2026-03-20,10,1,1.0,57
FF-MUC01-2026-03-20T12,MUC01,2026-03-20T12:00:00Z,2026-03-20,12,2,1.0,56
FF-MUC01-2026-03-20T15,MUC01,2026-03-20T15:00:00Z,2026-03-20,15,1,1.0,61
FF-MUC01-2026-03-20T16,MUC01,2026-03-20T16:00:00Z,2026-03-20,16,2,1.0,68
FF-MUC01-2026-03-20T17,MUC01,2026-03-20T17:00:00Z,2026-03-20,17,2,0.5,41
FF-MUC01-2026-03-20T18,MUC01,2026-03-20T18:00:00Z,2026-03-20,18,1,1.0,16
FF-MUC01-2026-03-20T19,MUC01,2026-03-20T19:00:00Z,2026-03-20,19,1,1.0,65
FF-MUC01-2026-03-20T20,MUC01,2026-03-20T20:00:00Z,2026-03-20,20,1,1.0,63
FF-MUC01-2026-03-22T14,MUC01,2026-03-22T14:00:00Z,2026-03-22,14,1,1.0,75
FF-MUC01-2026-03-22T17,MUC01,2026-03-22T17:00:00Z,2026-03-22,17,1,1.0,43
FF-MUC01-2026-03-23T10,MUC01,2026-03-23T10:00:00Z,2026-03-23,10,1,1.0,53
FF-MUC01-2026-03-23T11,MUC01,2026-03-23T11:00:00Z,2026-03-23,11,1,1.0,61
FF-MUC01-2026-03-23T12,MUC01,2026-03-23T12:00:00Z,2026-03-23,12,2,1.0,106
FF-MUC01-2026-03-23T13,MUC01,2026-03-23T13:00:00Z,2026-03-23,13,4,0.75,77
FF-MUC01-2026-03-23T14,MUC01,2026-03-23T14:00:00Z,2026-03-23,14,3,0.6667,82
FF-MUC01-2026-03-23T15,MUC01,2026-03-23T15:00:00Z,2026-03-23,15,1,1.0,47
FF-MUC01-2026-03-23T16,MUC01,2026-03-23T16:00:00Z,2026-03-23,16,1,1.0,64
FF-MUC01-2026-03-23T18,MUC01,2026-03-23T18:00:00Z,2026-03-23,18,2,1.0,66
FF-MUC01-2026-03-23T21,MUC01,2026-03-23T21:00:00Z,2026-03-23,21,1,1.0,57
FF-MUC01-2026-03-24T09,MUC01,2026-03-24T09:00:00Z,2026-03-24,9,1,1.0,40
FF-MUC01-2026-03-24T10,MUC01,2026-03-24T10:00:00Z,2026-03-24,10,1,1.0,68
FF-MUC01-2026-03-24T11,MUC01,2026-03-24T11:00:00Z,2026-03-24,11,1,1.0,45
FF-MUC01-2026-03-24T12,MUC01,2026-03-24T12:00:00Z,2026-03-24,12,1,1.0,20
FF-MUC01-2026-03-24T13,MUC01,2026-03-24T13:00:00Z,2026-03-24,13,3,1.0,45
FF-MUC01-2026-03-24T15,MUC01,2026-03-24T15:00:00Z,2026-03-24,15,3,0.6667,45
FF-MUC01-2026-03-24T16,MUC01,2026-03-24T16:00:00Z,2026-03-24,16,4,0.75,72
FF-MUC01-2026-03-24T18,MUC01,2026-03-24T18:00:00Z,2026-03-24,18,1,1.0,57
FF-MUC01-2026-03-24T19,MUC01,2026-03-24T19:00:00Z,2026-03-24,19,1,1.0,70
FF-MUC01-2026-03-24T20,MUC01,2026-03-24T20:00:00Z,2026-03-24,20,1,1.0,19
FF-MUC01-2026-03-24T21,MUC01,2026-03-24T21:00:00Z,2026-03-24,21,1,1.0,64
FF-MUC01-2026-03-25T12,MUC01,2026-03-25T12:00:00Z,2026-03-25,12,1,1.0,15
FF-MUC01-2026-03-25T13,MUC01,2026-03-25T13:00:00Z,2026-03-25,13,5,0.8,58
FF-MUC01-2026-03-25T14,MUC01,2026-03-25T14:00:00Z,2026-03-25,14,1,1.0,30
FF-MUC01-2026-03-25T15,MUC01,2026-03-25T15:00:00Z,2026-03-25,15,3,0.6667,66
FF-MUC01-2026-03-25T16,MUC01,2026-03-25T16:00:00Z,2026-03-25,16,3,0.6667,34
FF-MUC01-2026-03-25T17,MUC01,2026-03-25T17:00:00Z,2026-03-25,17,1,1.0,21
FF-MUC01-2026-03-25T18,MUC01,2026-03-25T18:00:00Z,2026-03-25,18,1,1.0,53
FF-MUC01-2026-03-25T19,MUC01,2026-03-25T19:00:00Z,2026-03-25,19,1,1.0,48
FF-MUC01-2026-03-25T20,MUC01,2026-03-25T20:00:00Z,2026-03-25,20,1,1.0,35
FF-MUC01-2026-03-25T21,MUC01,2026-03-25T21:00:00Z,2026-03-25,21,1,1.0,43
FF-MUC01-2026-03-26T08,MUC01,2026-03-26T08:00:00Z,2026-03-26,8,1,1.0,58
FF-MUC01-2026-03-26T09,MUC01,2026-03-26T09:00:00Z,2026-03-26,9,1,1.0,63
FF-MUC01-2026-03-26T10,MUC01,2026-03-26T10:00:00Z,2026-03-26,10,1,1.0,24
FF-MUC01-2026-03-26T11,MUC01,2026-03-26T11:00:00Z,2026-03-26,11,1,1.0,40
FF-MUC01-2026-03-26T12,MUC01,2026-03-26T12:00:00Z,2026-03-26,12,2,1.0,44
FF-MUC01-2026-03-26T13,MUC01,2026-03-26T13:00:00Z,2026-03-26,13,4,0.75,32
FF-MUC01-2026-03-26T14,MUC01,2026-03-26T14:00:00Z,2026-03-26,14,4,0.75,45
FF-MUC01-2026-03-26T15,MUC01,2026-03-26T15:00:00Z,2026-03-26,15,1,1.0,58
FF-MUC01-2026-03-26T16,MUC01,2026-03-26T16:00:00Z,2026-03-26,16,3,1.0,77
FF-MUC01-2026-03-26T17,MUC01,2026-03-26T17:00:00Z,2026-03-26,17,3,1.0,44
FF-MUC01-2026-03-26T18,MUC01,2026-03-26T18:00:00Z,2026-03-26,18,3,0.6667,44
FF-MUC01-2026-03-26T19,MUC01,2026-03-26T19:00:00Z,2026-03-26,19,1,1.0,44
FF-MUC01-2026-03-26T21,MUC01,2026-03-26T21:00:00Z,2026-03-26,21,1,1.0,25
FF-MUC01-2026-03-26T22,MUC01,2026-03-26T22:00:00Z,2026-03-26,22,1,1.0,72
FF-MUC01-2026-03-27T12,MUC01,2026-03-27T12:00:00Z,2026-03-27,12,1,1.0,65
FF-MUC01-2026-03-27T13,MUC01,2026-03-27T13:00:00Z,2026-03-27,13,1,1.0,34
FF-MUC01-2026-03-27T14,MUC01,2026-03-27T14:00:00Z,2026-03-27,14,2,1.0,53
FF-MUC01-2026-03-27T15,MUC01,2026-03-27T15:00:00Z,2026-03-27,15,2,1.0,104
FF-MUC01-2026-03-27T17,MUC01,2026-03-27T17:00:00Z,2026-03-27,17,1,1.0,49
FF-MUC01-2026-03-27T19,MUC01,2026-03-27T19:00:00Z,2026-03-27,19,1,1.0,48
FF-MUC01-2026-03-27T20,MUC01,2026-03-27T20:00:00Z,2026-03-27,20,1,1.0,52
FF-MUC01-2026-03-27T21,MUC01,2026-03-27T21:00:00Z,2026-03-27,21,1,1.0,82
FF-MUC01-2026-03-29T17,MUC01,2026-03-29T17:00:00Z,2026-03-29,17,1,1.0,50
FF-MUC01-2026-03-30T09,MUC01,2026-03-30T09:00:00Z,2026-03-30,9,1,1.0,54
FF-MUC01-2026-03-30T10,MUC01,2026-03-30T10:00:00Z,2026-03-30,10,1,1.0,48
FF-MUC01-2026-03-30T11,MUC01,2026-03-30T11:00:00Z,2026-03-30,11,2,0.5,113
FF-MUC01-2026-03-30T12,MUC01,2026-03-30T12:00:00Z,2026-03-30,12,1,1.0,86
FF-MUC01-2026-03-30T13,MUC01,2026-03-30T13:00:00Z,2026-03-30,13,1,1.0,68
FF-MUC01-2026-03-30T14,MUC01,2026-03-30T14:00:00Z,2026-03-30,14,4,0.75,0
FF-MUC01-2026-03-30T16,MUC01,2026-03-30T16:00:00Z,2026-03-30,16,1,1.0,65
FF-MUC01-2026-03-30T17,MUC01,2026-03-30T17:00:00Z,2026-03-30,17,2,1.0,33
FF-MUC01-2026-03-30T18,MUC01,2026-03-30T18:00:00Z,2026-03-30,18,1,1.0,13
FF-MUC01-2026-03-30T19,MUC01,2026-03-30T19:00:00Z,2026-03-30,19,1,1.0,37
FF-MUC01-2026-03-30T21,MUC01,2026-03-30T21:00:00Z,2026-03-30,21,1,1.0,45
FF-MUC01-2026-03-31T10,MUC01,2026-03-31T10:00:00Z,2026-03-31,10,2,0.5,26
FF-MUC01-2026-03-31T11,MUC01,2026-03-31T11:00:00Z,2026-03-31,11,1,1.0,45
FF-MUC01-2026-03-31T12,MUC01,2026-03-31T12:00:00Z,2026-03-31,12,1,1.0,41
FF-MUC01-2026-03-31T13,MUC01,2026-03-31T13:00:00Z,2026-03-31,13,3,0.6667,54
FF-MUC01-2026-03-31T14,MUC01,2026-03-31T14:00:00Z,2026-03-31,14,3,0.6667,73
FF-MUC01-2026-03-31T15,MUC01,2026-03-31T15:00:00Z,2026-03-31,15,2,1.0,51
FF-MUC01-2026-03-31T16,MUC01,2026-03-31T16:00:00Z,2026-03-31,16,3,1.0,35
FF-MUC01-2026-03-31T17,MUC01,2026-03-31T17:00:00Z,2026-03-31,17,2,1.0,64
FF-MUC01-2026-03-31T18,MUC01,2026-03-31T18:00:00Z,2026-03-31,18,1,1.0,51
FF-MUC01-2026-03-31T19,MUC01,2026-03-31T19:00:00Z,2026-03-31,19,1,1.0,50
FF-MUC01-2026-03-31T20,MUC01,2026-03-31T20:00:00Z,2026-03-31,20,1,1.0,51
FF-MUC01-2026-03-31T21,MUC01,2026-03-31T21:00:00Z,2026-03-31,21,1,1.0,20
FF-MUC01-2026-03-31T22,MUC01,2026-03-31T22:00:00Z,2026-03-31,22,1,1.0,46
FF-MUC01-2026-04-01T10,MUC01,2026-04-01T10:00:00Z,2026-04-01,10,1,1.0,55
FF-MUC01-2026-04-01T11,MUC01,2026-04-01T11:00:00Z,2026-04-01,11,1,1.0,59
FF-MUC01-2026-04-01T12,MUC01,2026-04-01T12:00:00Z,2026-04-01,12,1,1.0,70
FF-MUC01-2026-04-01T13,MUC01,2026-04-01T13:00:00Z,2026-04-01,13,2,1.0,82
FF-MUC01-2026-04-01T14,MUC01,2026-04-01T14:00:00Z,2026-04-01,14,2,1.0,83
FF-MUC01-2026-04-01T15,MUC01,2026-04-01T15:00:00Z,2026-04-01,15,2,1.0,65
FF-MUC01-2026-04-01T16,MUC01,2026-04-01T16:00:00Z,2026-04-01,16,1,1.0,71
FF-MUC01-2026-04-01T17,MUC01,2026-04-01T17:00:00Z,2026-04-01,17,3,0.6667,73
FF-MUC01-2026-04-01T18,MUC01,2026-04-01T18:00:00Z,2026-04-01,18,3,0.6667,78
FF-MUC01-2026-04-01T20,MUC01,2026-04-01T20:00:00Z,2026-04-01,20,1,1.0,-1
FF-MUC01-2026-04-01T21,MUC01,2026-04-01T21:00:00Z,2026-04-01,21,1,1.0,65
FF-MUC01-2026-04-02T10,MUC01,2026-04-02T10:00:00Z,2026-04-02,10,1,1.0,43
FF-MUC01-2026-04-02T11,MUC01,2026-04-02T11:00:00Z,2026-04-02,11,2,0.5,26
FF-MUC01-2026-04-02T13,MUC01,2026-04-02T13:00:00Z,2026-04-02,13,1,1.0,63
FF-MUC01-2026-04-02T14,MUC01,2026-04-02T14:00:00Z,2026-04-02,14,1,1.0,92
FF-MUC01-2026-04-02T15,MUC01,2026-04-02T15:00:00Z,2026-04-02,15,2,1.0,66
FF-MUC01-2026-04-02T16,MUC01,2026-04-02T16:00:00Z,2026-04-02,16,3,0.6667,48
FF-MUC01-2026-04-02T17,MUC01,2026-04-02T17:00:00Z,2026-04-02,17,3,0.6667,73
FF-MUC01-2026-04-02T18,MUC01,2026-04-02T18:00:00Z,2026-04-02,18,1,1.0,-1
FF-MUC01-2026-04-02T19,MUC01,2026-04-02T19:00:00Z,2026-04-02,19,1,1.0,57
FF-MUC01-2026-04-02T20,MUC01,2026-04-02T20:00:00Z,2026-04-02,20,1,1.0,65
FF-MUC01-2026-04-02T21,MUC01,2026-04-02T21:00:00Z,2026-04-02,21,1,1.0,2
FF-MUC01-2026-04-03T09,MUC01,2026-04-03T09:00:00Z,2026-04-03,9,1,1.0,49
FF-MUC01-2026-04-03T10,MUC01,2026-04-03T10:00:00Z,2026-04-03,10,1,1.0,53
FF-MUC01-2026-04-03T11,MUC01,2026-04-03T11:00:00Z,2026-04-03,11,1,1.0,72
FF-MUC01-2026-04-03T12,MUC01,2026-04-03T12:00:00Z,2026-04-03,12,2,1.0,37
FF-MUC01-2026-04-03T13,MUC01,2026-04-03T13:00:00Z,2026-04-03,13,2,1.0,33
FF-MUC01-2026-04-03T14,MUC01,2026-04-03T14:00:00Z,2026-04-03,14,3,0.6667,54
FF-MUC01-2026-04-03T15,MUC01,2026-04-03T15:00:00Z,2026-04-03,15,2,1.0,81
FF-MUC01-2026-04-03T17,MUC01,2026-04-03T17:00:00Z,2026-04-03,17,1,1.0,48
FF-MUC01-2026-04-03T18,MUC01,2026-04-03T18:00:00Z,2026-04-03,18,1,1.0,75
FF-MUC01-2026-04-03T19,MUC01,2026-04-03T19:00:00Z,2026-04-03,19,1,1.0,42
FF-MUC01-2026-04-06T09,MUC01,2026-04-06T09:00:00Z,2026-04-06,9,1,1.0,47
FF-MUC01-2026-04-06T10,MUC01,2026-04-06T10:00:00Z,2026-04-06,10,1,1.0,31
FF-MUC01-2026-04-06T12,MUC01,2026-04-06T12:00:00Z,2026-04-06,12,2,1.0,38
FF-MUC01-2026-04-06T13,MUC01,2026-04-06T13:00:00Z,2026-04-06,13,2,1.0,56
FF-MUC01-2026-04-06T14,MUC01,2026-04-06T14:00:00Z,2026-04-06,14,1,1.0,65
FF-MUC01-2026-04-06T15,MUC01,2026-04-06T15:00:00Z,2026-04-06,15,2,1.0,63
FF-MUC01-2026-04-06T16,MUC01,2026-04-06T16:00:00Z,2026-04-06,16,2,1.0,111
FF-MUC01-2026-04-06T17,MUC01,2026-04-06T17:00:00Z,2026-04-06,17,1,1.0,27
FF-MUC01-2026-04-06T18,MUC01,2026-04-06T18:00:00Z,2026-04-06,18,1,1.0,52
FF-MUC01-2026-04-06T19,MUC01,2026-04-06T19:00:00Z,2026-04-06,19,1,1.0,25
FF-MUC01-2026-04-06T20,MUC01,2026-04-06T20:00:00Z,2026-04-06,20,1,1.0,61
FF-MUC01-2026-04-06T21,MUC01,2026-04-06T21:00:00Z,2026-04-06,21,1,1.0,63
FF-MUC01-2026-04-07T09,MUC01,2026-04-07T09:00:00Z,2026-04-07,9,1,1.0,42
FF-MUC01-2026-04-07T11,MUC01,2026-04-07T11:00:00Z,2026-04-07,11,1,1.0,35
FF-MUC01-2026-04-07T12,MUC01,2026-04-07T12:00:00Z,2026-04-07,12,1,1.0,72
FF-MUC01-2026-04-07T13,MUC01,2026-04-07T13:00:00Z,2026-04-07,13,2,1.0,54
FF-MUC01-2026-04-07T15,MUC01,2026-04-07T15:00:00Z,2026-04-07,15,2,1.0,28
FF-MUC01-2026-04-07T16,MUC01,2026-04-07T16:00:00Z,2026-04-07,16,3,0.6667,58
FF-MUC01-2026-04-07T17,MUC01,2026-04-07T17:00:00Z,2026-04-07,17,3,0.6667,35
FF-MUC01-2026-04-07T18,MUC01,2026-04-07T18:00:00Z,2026-04-07,18,1,1.0,55
FF-MUC01-2026-04-07T19,MUC01,2026-04-07T19:00:00Z,2026-04-07,19,1,1.0,52
FF-MUC01-2026-04-07T21,MUC01,2026-04-07T21:00:00Z,2026-04-07,21,1,1.0,31
FF-MUC01-2026-04-08T09,MUC01,2026-04-08T09:00:00Z,2026-04-08,9,1,1.0,63
FF-MUC01-2026-04-08T11,MUC01,2026-04-08T11:00:00Z,2026-04-08,11,1,1.0,72
FF-MUC01-2026-04-08T12,MUC01,2026-04-08T12:00:00Z,2026-04-08,12,1,1.0,47
FF-MUC01-2026-04-08T13,MUC01,2026-04-08T13:00:00Z,2026-04-08,13,3,0.6667,19
FF-MUC01-2026-04-08T14,MUC01,2026-04-08T14:00:00Z,2026-04-08,14,1,1.0,52
FF-MUC01-2026-04-08T15,MUC01,2026-04-08T15:00:00Z,2026-04-08,15,1,1.0,22
FF-MUC01-2026-04-08T17,MUC01,2026-04-08T17:00:00Z,2026-04-08,17,3,0.6667,3
FF-MUC01-2026-04-08T18,MUC01,2026-04-08T18:00:00Z,2026-04-08,18,1,1.0,25
FF-MUC01-2026-04-08T19,MUC01,2026-04-08T19:00:00Z,2026-04-08,19,1,1.0,49
FF-MUC01-2026-04-08T20,MUC01,2026-04-08T20:00:00Z,2026-04-08,20,1,1.0,70
FF-MUC01-2026-04-08T21,MUC01,2026-04-08T21:00:00Z,2026-04-08,21,1,1.0,39
FF-MUC01-2026-04-09T08,MUC01,2026-04-09T08:00:00Z,2026-04-09,8,1,1.0,30
FF-MUC01-2026-04-09T09,MUC01,2026-04-09T09:00:00Z,2026-04-09,9,1,1.0,72
FF-MUC01-2026-04-09T11,MUC01,2026-04-09T11:00:00Z,2026-04-09,11,1,1.0,39
FF-MUC01-2026-04-09T13,MUC01,2026-04-09T13:00:00Z,2026-04-09,13,1,1.0,79
FF-MUC01-2026-04-09T14,MUC01,2026-04-09T14:00:00Z,2026-04-09,14,2,1.0,85
FF-MUC01-2026-04-09T15,MUC01,2026-04-09T15:00:00Z,2026-04-09,15,1,1.0,65
FF-MUC01-2026-04-09T16,MUC01,2026-04-09T16:00:00Z,2026-04-09,16,3,0.6667,50
FF-MUC01-2026-04-09T17,MUC01,2026-04-09T17:00:00Z,2026-04-09,17,1,1.0,43
FF-MUC01-2026-04-09T18,MUC01,2026-04-09T18:00:00Z,2026-04-09,18,1,1.0,51
FF-MUC01-2026-04-09T19,MUC01,2026-04-09T19:00:00Z,2026-04-09,19,1,1.0,32
FF-MUC01-2026-04-09T20,MUC01,2026-04-09T20:00:00Z,2026-04-09,20,2,0.5,51
FF-MUC01-2026-04-09T21,MUC01,2026-04-09T21:00:00Z,2026-04-09,21,1,1.0,66
FF-MUC01-2026-04-10T09,MUC01,2026-04-10T09:00:00Z,2026-04-10,9,1,1.0,54
FF-MUC01-2026-04-10T12,MUC01,2026-04-10T12:00:00Z,2026-04-10,12,1,1.0,68
FF-MUC01-2026-04-10T13,MUC01,2026-04-10T13:00:00Z,2026-04-10,13,1,1.0,46
FF-MUC01-2026-04-10T14,MUC01,2026-04-10T14:00:00Z,2026-04-10,14,1,1.0,62
FF-MUC01-2026-04-10T15,MUC01,2026-04-10T15:00:00Z,2026-04-10,15,1,1.0,62
FF-MUC01-2026-04-10T16,MUC01,2026-04-10T16:00:00Z,2026-04-10,16,3,0.6667,36
FF-MUC01-2026-04-10T17,MUC01,2026-04-10T17:00:00Z,2026-04-10,17,1,1.0,42
FF-MUC01-2026-04-10T18,MUC01,2026-04-10T18:00:00Z,2026-04-10,18,1,1.0,60
FF-MUC01-2026-04-10T19,MUC01,2026-04-10T19:00:00Z,2026-04-10,19,1,1.0,23
FF-MUC01-2026-04-10T20,MUC01,2026-04-10T20:00:00Z,2026-04-10,20,1,1.0,72
FF-MUC01-2026-04-10T21,MUC01,2026-04-10T21:00:00Z,2026-04-10,21,1,1.0,69
FF-MUC01-2026-04-12T16,MUC01,2026-04-12T16:00:00Z,2026-04-12,16,1,1.0,40
FF-MUC01-2026-04-13T09,MUC01,2026-04-13T09:00:00Z,2026-04-13,9,1,1.0,53
FF-MUC01-2026-04-13T10,MUC01,2026-04-13T10:00:00Z,2026-04-13,10,1,1.0,28
FF-MUC01-2026-04-13T11,MUC01,2026-04-13T11:00:00Z,2026-04-13,11,1,1.0,20
FF-MUC01-2026-04-13T12,MUC01,2026-04-13T12:00:00Z,2026-04-13,12,1,1.0,27
FF-MUC01-2026-04-13T13,MUC01,2026-04-13T13:00:00Z,2026-04-13,13,1,1.0,82
FF-MUC01-2026-04-13T14,MUC01,2026-04-13T14:00:00Z,2026-04-13,14,2,1.0,49
FF-MUC01-2026-04-13T15,MUC01,2026-04-13T15:00:00Z,2026-04-13,15,1,1.0,45
FF-MUC01-2026-04-13T16,MUC01,2026-04-13T16:00:00Z,2026-04-13,16,2,1.0,87
FF-MUC01-2026-04-13T18,MUC01,2026-04-13T18:00:00Z,2026-04-13,18,1,1.0,24
FF-MUC01-2026-04-13T19,MUC01,2026-04-13T19:00:00Z,2026-04-13,19,1,1.0,62
FF-MUC01-2026-04-13T20,MUC01,2026-04-13T20:00:00Z,2026-04-13,20,1,1.0,78
FF-MUC01-2026-04-14T08,MUC01,2026-04-14T08:00:00Z,2026-04-14,8,1,1.0,50
FF-MUC01-2026-04-14T09,MUC01,2026-04-14T09:00:00Z,2026-04-14,9,1,1.0,30
FF-MUC01-2026-04-14T11,MUC01,2026-04-14T11:00:00Z,2026-04-14,11,1,1.0,25
FF-MUC01-2026-04-14T12,MUC01,2026-04-14T12:00:00Z,2026-04-14,12,2,1.0,31
FF-MUC01-2026-04-14T14,MUC01,2026-04-14T14:00:00Z,2026-04-14,14,4,0.75,58
FF-MUC01-2026-04-14T15,MUC01,2026-04-14T15:00:00Z,2026-04-14,15,4,0.75,75
FF-MUC01-2026-04-14T16,MUC01,2026-04-14T16:00:00Z,2026-04-14,16,2,1.0,51
FF-MUC01-2026-04-14T17,MUC01,2026-04-14T17:00:00Z,2026-04-14,17,1,1.0,94
FF-MUC01-2026-04-14T18,MUC01,2026-04-14T18:00:00Z,2026-04-14,18,1,1.0,63
FF-MUC01-2026-04-14T19,MUC01,2026-04-14T19:00:00Z,2026-04-14,19,1,1.0,10
FF-MUC01-2026-04-14T20,MUC01,2026-04-14T20:00:00Z,2026-04-14,20,1,1.0,57
FF-MUC01-2026-04-14T21,MUC01,2026-04-14T21:00:00Z,2026-04-14,21,2,0.5,52
FF-MUC01-2026-04-14T22,MUC01,2026-04-14T22:00:00Z,2026-04-14,22,1,1.0,37
FF-MUC01-2026-04-15T08,MUC01,2026-04-15T08:00:00Z,2026-04-15,8,1,1.0,68
FF-MUC01-2026-04-15T09,MUC01,2026-04-15T09:00:00Z,2026-04-15,9,2,0.5,37
FF-MUC01-2026-04-15T10,MUC01,2026-04-15T10:00:00Z,2026-04-15,10,1,1.0,71
FF-MUC01-2026-04-15T11,MUC01,2026-04-15T11:00:00Z,2026-04-15,11,1,1.0,102
FF-MUC01-2026-04-15T12,MUC01,2026-04-15T12:00:00Z,2026-04-15,12,1,1.0,65
FF-MUC01-2026-04-15T13,MUC01,2026-04-15T13:00:00Z,2026-04-15,13,5,0.8,44
FF-MUC01-2026-04-15T14,MUC01,2026-04-15T14:00:00Z,2026-04-15,14,2,1.0,24
FF-MUC01-2026-04-15T15,MUC01,2026-04-15T15:00:00Z,2026-04-15,15,4,0.75,71
FF-MUC01-2026-04-15T16,MUC01,2026-04-15T16:00:00Z,2026-04-15,16,2,1.0,44
FF-MUC01-2026-04-15T17,MUC01,2026-04-15T17:00:00Z,2026-04-15,17,2,1.0,53
FF-MUC01-2026-04-15T18,MUC01,2026-04-15T18:00:00Z,2026-04-15,18,1,1.0,64
FF-MUC01-2026-04-15T20,MUC01,2026-04-15T20:00:00Z,2026-04-15,20,1,1.0,44
FF-MUC01-2026-04-15T21,MUC01,2026-04-15T21:00:00Z,2026-04-15,21,1,1.0,62
FF-MUC01-2026-04-15T22,MUC01,2026-04-15T22:00:00Z,2026-04-15,22,1,1.0,16
FF-MUC01-2026-04-16T08,MUC01,2026-04-16T08:00:00Z,2026-04-16,8,1,1.0,56
FF-MUC01-2026-04-16T09,MUC01,2026-04-16T09:00:00Z,2026-04-16,9,1,1.0,55
FF-MUC01-2026-04-16T10,MUC01,2026-04-16T10:00:00Z,2026-04-16,10,1,1.0,20
FF-MUC01-2026-04-16T11,MUC01,2026-04-16T11:00:00Z,2026-04-16,11,1,1.0,51
FF-MUC01-2026-04-16T12,MUC01,2026-04-16T12:00:00Z,2026-04-16,12,1,1.0,61
FF-MUC01-2026-04-16T13,MUC01,2026-04-16T13:00:00Z,2026-04-16,13,3,0.6667,59
FF-MUC01-2026-04-16T14,MUC01,2026-04-16T14:00:00Z,2026-04-16,14,1,1.0,69
FF-MUC01-2026-04-16T15,MUC01,2026-04-16T15:00:00Z,2026-04-16,15,3,0.6667,36
FF-MUC01-2026-04-16T16,MUC01,2026-04-16T16:00:00Z,2026-04-16,16,2,1.0,47
FF-MUC01-2026-04-16T17,MUC01,2026-04-16T17:00:00Z,2026-04-16,17,1,1.0,31
FF-MUC01-2026-04-16T18,MUC01,2026-04-16T18:00:00Z,2026-04-16,18,1,1.0,64
FF-MUC01-2026-04-16T19,MUC01,2026-04-16T19:00:00Z,2026-04-16,19,1,1.0,37
FF-MUC01-2026-04-16T20,MUC01,2026-04-16T20:00:00Z,2026-04-16,20,2,0.5,43
FF-MUC01-2026-04-16T21,MUC01,2026-04-16T21:00:00Z,2026-04-16,21,1,1.0,36
FF-MUC01-2026-04-17T12,MUC01,2026-04-17T12:00:00Z,2026-04-17,12,1,1.0,15
FF-MUC01-2026-04-17T13,MUC01,2026-04-17T13:00:00Z,2026-04-17,13,1,1.0,22
FF-MUC01-2026-04-17T14,MUC01,2026-04-17T14:00:00Z,2026-04-17,14,1,1.0,75
FF-MUC01-2026-04-17T15,MUC01,2026-04-17T15:00:00Z,2026-04-17,15,1,1.0,72
FF-MUC01-2026-04-17T16,MUC01,2026-04-17T16:00:00Z,2026-04-17,16,1,1.0,34
FF-MUC01-2026-04-17T18,MUC01,2026-04-17T18:00:00Z,2026-04-17,18,1,1.0,62
FF-MUC01-2026-04-17T19,MUC01,2026-04-17T19:00:00Z,2026-04-17,19,1,1.0,50
FF-MUC01-2026-04-17T20,MUC01,2026-04-17T20:00:00Z,2026-04-17,20,1,1.0,51
FF-MUC01-2026-04-19T13,MUC01,2026-04-19T13:00:00Z,2026-04-19,13,1,1.0,35
FF-MUC01-2026-04-20T09,MUC01,2026-04-20T09:00:00Z,2026-04-20,9,1,1.0,77
FF-MUC01-2026-04-20T10,MUC01,2026-04-20T10:00:00Z,2026-04-20,10,1,1.0,28
FF-MUC01-2026-04-20T11,MUC01,2026-04-20T11:00:00Z,2026-04-20,11,1,1.0,53
FF-MUC01-2026-04-20T12,MUC01,2026-04-20T12:00:00Z,2026-04-20,12,1,1.0,40
FF-MUC01-2026-04-20T13,MUC01,2026-04-20T13:00:00Z,2026-04-20,13,3,0.6667,67
FF-MUC01-2026-04-20T14,MUC01,2026-04-20T14:00:00Z,2026-04-20,14,3,1.0,11
FF-MUC01-2026-04-20T15,MUC01,2026-04-20T15:00:00Z,2026-04-20,15,3,1.0,31
FF-MUC01-2026-04-20T16,MUC01,2026-04-20T16:00:00Z,2026-04-20,16,2,1.0,41
FF-MUC01-2026-04-20T17,MUC01,2026-04-20T17:00:00Z,2026-04-20,17,1,1.0,45
FF-MUC01-2026-04-20T19,MUC01,2026-04-20T19:00:00Z,2026-04-20,19,2,0.5,69
FF-MUC01-2026-04-20T20,MUC01,2026-04-20T20:00:00Z,2026-04-20,20,1,1.0,51
FF-MUC01-2026-04-20T21,MUC01,2026-04-20T21:00:00Z,2026-04-20,21,1,1.0,46
FF-MUC01-2026-04-21T08,MUC01,2026-04-21T08:00:00Z,2026-04-21,8,1,1.0,35
FF-MUC01-2026-04-21T09,MUC01,2026-04-21T09:00:00Z,2026-04-21,9,1,1.0,57
FF-MUC01-2026-04-21T10,MUC01,2026-04-21T10:00:00Z,2026-04-21,10,1,1.0,10
FF-MUC01-2026-04-21T11,MUC01,2026-04-21T11:00:00Z,2026-04-21,11,1,1.0,71
FF-MUC01-2026-04-21T13,MUC01,2026-04-21T13:00:00Z,2026-04-21,13,4,0.75,23
FF-MUC01-2026-04-21T14,MUC01,2026-04-21T14:00:00Z,2026-04-21,14,2,1.0,35
FF-MUC01-2026-04-21T15,MUC01,2026-04-21T15:00:00Z,2026-04-21,15,2,1.0,66
FF-MUC01-2026-04-21T16,MUC01,2026-04-21T16:00:00Z,2026-04-21,16,3,0.6667,69
FF-MUC01-2026-04-21T17,MUC01,2026-04-21T17:00:00Z,2026-04-21,17,2,1.0,71
FF-MUC01-2026-04-21T18,MUC01,2026-04-21T18:00:00Z,2026-04-21,18,1,1.0,71
FF-MUC01-2026-04-21T19,MUC01,2026-04-21T19:00:00Z,2026-04-21,19,1,1.0,19
FF-MUC01-2026-04-21T21,MUC01,2026-04-21T21:00:00Z,2026-04-21,21,1,1.0,74
FF-MUC01-2026-04-22T09,MUC01,2026-04-22T09:00:00Z,2026-04-22,9,1,1.0,55
FF-MUC01-2026-04-22T12,MUC01,2026-04-22T12:00:00Z,2026-04-22,12,3,0.6667,59
FF-MUC01-2026-04-22T13,MUC01,2026-04-22T13:00:00Z,2026-04-22,13,3,0.6667,51
FF-MUC01-2026-04-22T15,MUC01,2026-04-22T15:00:00Z,2026-04-22,15,4,0.75,55
FF-MUC01-2026-04-22T16,MUC01,2026-04-22T16:00:00Z,2026-04-22,16,1,1.0,67
FF-MUC01-2026-04-22T17,MUC01,2026-04-22T17:00:00Z,2026-04-22,17,1,1.0,53
FF-MUC01-2026-04-22T18,MUC01,2026-04-22T18:00:00Z,2026-04-22,18,1,1.0,14
FF-MUC01-2026-04-22T19,MUC01,2026-04-22T19:00:00Z,2026-04-22,19,1,1.0,51
FF-MUC01-2026-04-22T20,MUC01,2026-04-22T20:00:00Z,2026-04-22,20,1,1.0,28
FF-MUC01-2026-04-22T21,MUC01,2026-04-22T21:00:00Z,2026-04-22,21,1,1.0,68
FF-MUC01-2026-04-23T08,MUC01,2026-04-23T08:00:00Z,2026-04-23,8,1,1.0,30
FF-MUC01-2026-04-23T10,MUC01,2026-04-23T10:00:00Z,2026-04-23,10,1,1.0,51
FF-MUC01-2026-04-23T12,MUC01,2026-04-23T12:00:00Z,2026-04-23,12,1,1.0,72
FF-MUC01-2026-04-23T13,MUC01,2026-04-23T13:00:00Z,2026-04-23,13,2,1.0,42
FF-MUC01-2026-04-23T14,MUC01,2026-04-23T14:00:00Z,2026-04-23,14,3,0.6667,60
FF-MUC01-2026-04-23T15,MUC01,2026-04-23T15:00:00Z,2026-04-23,15,1,1.0,58
FF-MUC01-2026-04-23T16,MUC01,2026-04-23T16:00:00Z,2026-04-23,16,2,1.0,34
FF-MUC01-2026-04-23T17,MUC01,2026-04-23T17:00:00Z,2026-04-23,17,2,1.0,42
FF-MUC01-2026-04-23T18,MUC01,2026-04-23T18:00:00Z,2026-04-23,18,3,0.6667,48
FF-MUC01-2026-04-23T19,MUC01,2026-04-23T19:00:00Z,2026-04-23,19,1,1.0,20
FF-MUC01-2026-04-23T20,MUC01,2026-04-23T20:00:00Z,2026-04-23,20,1,1.0,55
FF-MUC01-2026-04-23T21,MUC01,2026-04-23T21:00:00Z,2026-04-23,21,1,1.0,61
FF-MUC01-2026-04-24T11,MUC01,2026-04-24T11:00:00Z,2026-04-24,11,1,1.0,37
FF-MUC01-2026-04-24T12,MUC01,2026-04-24T12:00:00Z,2026-04-24,12,1,1.0,48
FF-MUC01-2026-04-24T13,MUC01,2026-04-24T13:00:00Z,2026-04-24,13,2,1.0,29
FF-MUC01-2026-04-24T15,MUC01,2026-04-24T15:00:00Z,2026-04-24,15,1,1.0,34
FF-MUC01-2026-04-24T16,MUC01,2026-04-24T16:00:00Z,2026-04-24,16,3,0.6667,48
FF-MUC01-2026-04-24T17,MUC01,2026-04-24T17:00:00Z,2026-04-24,17,1,1.0,71
FF-MUC01-2026-04-24T18,MUC01,2026-04-24T18:00:00Z,2026-04-24,18,1,1.0,39
FF-MUC01-2026-04-24T19,MUC01,2026-04-24T19:00:00Z,2026-04-24,19,1,1.0,36
FF-MUC01-2026-04-24T20,MUC01,2026-04-24T20:00:00Z,2026-04-24,20,1,1.0,11
FF-MUC01-2026-04-24T21,MUC01,2026-04-24T21:00:00Z,2026-04-24,21,1,1.0,66
FF-MUC01-2026-04-26T13,MUC01,2026-04-26T13:00:00Z,2026-04-26,13,1,1.0,37
FF-MUC01-2026-04-26T16,MUC01,2026-04-26T16:00:00Z,2026-04-26,16,1,1.0,56
FF-MUC01-2026-04-27T08,MUC01,2026-04-27T08:00:00Z,2026-04-27,8,1,1.0,57
FF-MUC01-2026-04-27T09,MUC01,2026-04-27T09:00:00Z,2026-04-27,9,1,1.0,35
FF-MUC01-2026-04-27T10,MUC01,2026-04-27T10:00:00Z,2026-04-27,10,1,1.0,58
FF-MUC01-2026-04-27T12,MUC01,2026-04-27T12:00:00Z,2026-04-27,12,1,1.0,39
FF-MUC01-2026-04-27T13,MUC01,2026-04-27T13:00:00Z,2026-04-27,13,1,1.0,53
FF-MUC01-2026-04-27T14,MUC01,2026-04-27T14:00:00Z,2026-04-27,14,3,0.6667,79
FF-MUC01-2026-04-27T15,MUC01,2026-04-27T15:00:00Z,2026-04-27,15,2,1.0,19
FF-MUC01-2026-04-27T16,MUC01,2026-04-27T16:00:00Z,2026-04-27,16,1,1.0,61
FF-MUC01-2026-04-27T18,MUC01,2026-04-27T18:00:00Z,2026-04-27,18,1,1.0,13
FF-MUC01-2026-04-27T19,MUC01,2026-04-27T19:00:00Z,2026-04-27,19,1,1.0,54
FF-MUC01-2026-04-28T09,MUC01,2026-04-28T09:00:00Z,2026-04-28,9,1,1.0,16
FF-MUC01-2026-04-28T10,MUC01,2026-04-28T10:00:00Z,2026-04-28,10,1,1.0,83
FF-MUC01-2026-04-28T11,MUC01,2026-04-28T11:00:00Z,2026-04-28,11,1,1.0,38
FF-MUC01-2026-04-28T12,MUC01,2026-04-28T12:00:00Z,2026-04-28,12,1,1.0,36
FF-MUC01-2026-04-28T13,MUC01,2026-04-28T13:00:00Z,2026-04-28,13,2,1.0,56
FF-MUC01-2026-04-28T14,MUC01,2026-04-28T14:00:00Z,2026-04-28,14,6,0.6667,28
FF-MUC01-2026-04-28T15,MUC01,2026-04-28T15:00:00Z,2026-04-28,15,2,1.0,49
FF-MUC01-2026-04-28T16,MUC01,2026-04-28T16:00:00Z,2026-04-28,16,3,0.6667,38
FF-MUC01-2026-04-28T17,MUC01,2026-04-28T17:00:00Z,2026-04-28,17,2,1.0,48
FF-MUC01-2026-04-28T18,MUC01,2026-04-28T18:00:00Z,2026-04-28,18,1,1.0,63
FF-MUC01-2026-04-28T19,MUC01,2026-04-28T19:00:00Z,2026-04-28,19,1,1.0,93
FF-MUC01-2026-04-28T20,MUC01,2026-04-28T20:00:00Z,2026-04-28,20,1,1.0,41
FF-MUC01-2026-04-28T21,MUC01,2026-04-28T21:00:00Z,2026-04-28,21,1,1.0,30
FF-MUC01-2026-04-29T08,MUC01,2026-04-29T08:00:00Z,2026-04-29,8,1,1.0,73
FF-MUC01-2026-04-29T09,MUC01,2026-04-29T09:00:00Z,2026-04-29,9,1,1.0,60
FF-MUC01-2026-04-29T10,MUC01,2026-04-29T10:00:00Z,2026-04-29,10,1,1.0,42
FF-MUC01-2026-04-29T11,MUC01,2026-04-29T11:00:00Z,2026-04-29,11,1,1.0,66
FF-MUC01-2026-04-29T12,MUC01,2026-04-29T12:00:00Z,2026-04-29,12,2,1.0,51
FF-MUC01-2026-04-29T13,MUC01,2026-04-29T13:00:00Z,2026-04-29,13,2,1.0,37
FF-MUC01-2026-04-29T14,MUC01,2026-04-29T14:00:00Z,2026-04-29,14,3,1.0,75
FF-MUC01-2026-04-29T15,MUC01,2026-04-29T15:00:00Z,2026-04-29,15,2,1.0,82
FF-MUC01-2026-04-29T16,MUC01,2026-04-29T16:00:00Z,2026-04-29,16,3,1.0,27
FF-MUC01-2026-04-29T17,MUC01,2026-04-29T17:00:00Z,2026-04-29,17,2,1.0,76
FF-MUC01-2026-04-29T18,MUC01,2026-04-29T18:00:00Z,2026-04-29,18,4,0.75,73
FF-MUC01-2026-04-29T19,MUC01,2026-04-29T19:00:00Z,2026-04-29,19,1,1.0,46
FF-MUC01-2026-04-29T20,MUC01,2026-04-29T20:00:00Z,2026-04-29,20,1,1.0,59
FF-MUC01-2026-04-29T21,MUC01,2026-04-29T21:00:00Z,2026-04-29,21,1,1.0,34
FF-MUC01-2026-04-30T08,MUC01,2026-04-30T08:00:00Z,2026-04-30,8,1,1.0,47
FF-MUC01-2026-04-30T09,MUC01,2026-04-30T09:00:00Z,2026-04-30,9,1,1.0,71
FF-MUC01-2026-04-30T11,MUC01,2026-04-30T11:00:00Z,2026-04-30,11,1,1.0,37
FF-MUC01-2026-04-30T12,MUC01,2026-04-30T12:00:00Z,2026-04-30,12,3,0.6667,60
FF-MUC01-2026-04-30T13,MUC01,2026-04-30T13:00:00Z,2026-04-30,13,4,0.75,23
FF-MUC01-2026-04-30T14,MUC01,2026-04-30T14:00:00Z,2026-04-30,14,3,0.6667,29
FF-MUC01-2026-04-30T15,MUC01,2026-04-30T15:00:00Z,2026-04-30,15,2,1.0,42
FF-MUC01-2026-04-30T16,MUC01,2026-04-30T16:00:00Z,2026-04-30,16,3,0.6667,54
FF-MUC01-2026-04-30T17,MUC01,2026-04-30T17:00:00Z,2026-04-30,17,1,1.0,101
FF-MUC01-2026-04-30T18,MUC01,2026-04-30T18:00:00Z,2026-04-30,18,1,1.0,44
FF-MUC01-2026-04-30T19,MUC01,2026-04-30T19:00:00Z,2026-04-30,19,1,1.0,55
FF-MUC01-2026-04-30T20,MUC01,2026-04-30T20:00:00Z,2026-04-30,20,2,0.5,50
FF-MUC01-2026-04-30T21,MUC01,2026-04-30T21:00:00Z,2026-04-30,21,1,1.0,59
FF-MUC01-2026-04-30T22,MUC01,2026-04-30T22:00:00Z,2026-04-30,22,1,1.0,41
FF-MUC01-2026-05-01T12,MUC01,2026-05-01T12:00:00Z,2026-05-01,12,2,0.5,41
FF-MUC01-2026-05-01T13,MUC01,2026-05-01T13:00:00Z,2026-05-01,13,1,1.0,65
FF-MUC01-2026-05-01T14,MUC01,2026-05-01T14:00:00Z,2026-05-01,14,2,1.0,37
FF-MUC01-2026-05-01T15,MUC01,2026-05-01T15:00:00Z,2026-05-01,15,1,1.0,62
FF-MUC01-2026-05-01T16,MUC01,2026-05-01T16:00:00Z,2026-05-01,16,1,1.0,49
FF-MUC01-2026-05-01T17,MUC01,2026-05-01T17:00:00Z,2026-05-01,17,1,1.0,39
FF-MUC01-2026-05-01T18,MUC01,2026-05-01T18:00:00Z,2026-05-01,18,1,1.0,56
FF-MUC01-2026-05-01T20,MUC01,2026-05-01T20:00:00Z,2026-05-01,20,1,1.0,58
FF-MUC01-2026-05-01T21,MUC01,2026-05-01T21:00:00Z,2026-05-01,21,1,1.0,58
FF-MUC01-2026-05-01T22,MUC01,2026-05-01T22:00:00Z,2026-05-01,22,1,1.0,30
FF-MUC01-2026-05-03T14,MUC01,2026-05-03T14:00:00Z,2026-05-03,14,1,1.0,54
FF-MUC01-2026-05-04T09,MUC01,2026-05-04T09:00:00Z,2026-05-04,9,1,1.0,43
FF-MUC01-2026-05-04T10,MUC01,2026-05-04T10:00:00Z,2026-05-04,10,2,0.5,30
FF-MUC01-2026-05-04T11,MUC01,2026-05-04T11:00:00Z,2026-05-04,11,1,1.0,55
FF-MUC01-2026-05-04T12,MUC01,2026-05-04T12:00:00Z,2026-05-04,12,1,1.0,45
FF-MUC01-2026-05-04T13,MUC01,2026-05-04T13:00:00Z,2026-05-04,13,1,1.0,20
FF-MUC01-2026-05-04T14,MUC01,2026-05-04T14:00:00Z,2026-05-04,14,3,0.6667,63
FF-MUC01-2026-05-04T15,MUC01,2026-05-04T15:00:00Z,2026-05-04,15,2,1.0,24
FF-MUC01-2026-05-04T16,MUC01,2026-05-04T16:00:00Z,2026-05-04,16,2,1.0,81
FF-MUC01-2026-05-04T17,MUC01,2026-05-04T17:00:00Z,2026-05-04,17,1,1.0,69
FF-MUC01-2026-05-04T18,MUC01,2026-05-04T18:00:00Z,2026-05-04,18,1,1.0,22
FF-MUC01-2026-05-04T19,MUC01,2026-05-04T19:00:00Z,2026-05-04,19,2,0.5,55
FF-MUC01-2026-05-04T20,MUC01,2026-05-04T20:00:00Z,2026-05-04,20,1,1.0,59
FF-MUC01-2026-05-04T21,MUC01,2026-05-04T21:00:00Z,2026-05-04,21,1,1.0,78
FF-MUC01-2026-05-05T09,MUC01,2026-05-05T09:00:00Z,2026-05-05,9,1,1.0,78
FF-MUC01-2026-05-05T10,MUC01,2026-05-05T10:00:00Z,2026-05-05,10,1,1.0,15
FF-MUC01-2026-05-05T11,MUC01,2026-05-05T11:00:00Z,2026-05-05,11,1,1.0,83
FF-MUC01-2026-05-05T12,MUC01,2026-05-05T12:00:00Z,2026-05-05,12,3,0.6667,68
FF-MUC01-2026-05-05T13,MUC01,2026-05-05T13:00:00Z,2026-05-05,13,1,1.0,67
FF-MUC01-2026-05-05T14,MUC01,2026-05-05T14:00:00Z,2026-05-05,14,3,0.6667,55
FF-MUC01-2026-05-05T15,MUC01,2026-05-05T15:00:00Z,2026-05-05,15,3,0.6667,76
FF-MUC01-2026-05-05T16,MUC01,2026-05-05T16:00:00Z,2026-05-05,16,1,1.0,81
FF-MUC01-2026-05-05T17,MUC01,2026-05-05T17:00:00Z,2026-05-05,17,1,1.0,39
FF-MUC01-2026-05-05T18,MUC01,2026-05-05T18:00:00Z,2026-05-05,18,1,1.0,30
FF-MUC01-2026-05-05T19,MUC01,2026-05-05T19:00:00Z,2026-05-05,19,1,1.0,26
FF-MUC01-2026-05-05T20,MUC01,2026-05-05T20:00:00Z,2026-05-05,20,1,1.0,34
FF-MUC01-2026-05-05T21,MUC01,2026-05-05T21:00:00Z,2026-05-05,21,1,1.0,97
FF-MUC01-2026-05-06T09,MUC01,2026-05-06T09:00:00Z,2026-05-06,9,1,1.0,74
FF-MUC01-2026-05-06T12,MUC01,2026-05-06T12:00:00Z,2026-05-06,12,1,1.0,33
FF-MUC01-2026-05-06T13,MUC01,2026-05-06T13:00:00Z,2026-05-06,13,1,1.0,-2
FF-MUC01-2026-05-06T14,MUC01,2026-05-06T14:00:00Z,2026-05-06,14,1,1.0,51
FF-MUC01-2026-05-06T15,MUC01,2026-05-06T15:00:00Z,2026-05-06,15,1,1.0,59
FF-MUC01-2026-05-06T16,MUC01,2026-05-06T16:00:00Z,2026-05-06,16,3,0.6667,4
FF-MUC01-2026-05-06T17,MUC01,2026-05-06T17:00:00Z,2026-05-06,17,1,1.0,32
FF-MUC01-2026-05-06T18,MUC01,2026-05-06T18:00:00Z,2026-05-06,18,3,0.6667,83
FF-MUC01-2026-05-06T19,MUC01,2026-05-06T19:00:00Z,2026-05-06,19,1,1.0,15
FF-MUC01-2026-05-06T20,MUC01,2026-05-06T20:00:00Z,2026-05-06,20,1,1.0,55
FF-MUC01-2026-05-07T10,MUC01,2026-05-07T10:00:00Z,2026-05-07,10,1,1.0,31
FF-MUC01-2026-05-07T11,MUC01,2026-05-07T11:00:00Z,2026-05-07,11,1,1.0,49
FF-MUC01-2026-05-07T12,MUC01,2026-05-07T12:00:00Z,2026-05-07,12,1,1.0,67
FF-MUC01-2026-05-07T13,MUC01,2026-05-07T13:00:00Z,2026-05-07,13,1,1.0,52
FF-MUC01-2026-05-07T14,MUC01,2026-05-07T14:00:00Z,2026-05-07,14,2,1.0,30
FF-MUC01-2026-05-07T15,MUC01,2026-05-07T15:00:00Z,2026-05-07,15,2,1.0,23
FF-MUC01-2026-05-07T16,MUC01,2026-05-07T16:00:00Z,2026-05-07,16,2,1.0,41
FF-MUC01-2026-05-07T17,MUC01,2026-05-07T17:00:00Z,2026-05-07,17,1,1.0,51
FF-MUC01-2026-05-07T18,MUC01,2026-05-07T18:00:00Z,2026-05-07,18,1,1.0,90
FF-MUC01-2026-05-07T19,MUC01,2026-05-07T19:00:00Z,2026-05-07,19,1,1.0,58
FF-MUC01-2026-05-07T20,MUC01,2026-05-07T20:00:00Z,2026-05-07,20,1,1.0,67
FF-MUC01-2026-05-07T21,MUC01,2026-05-07T21:00:00Z,2026-05-07,21,1,1.0,79
FF-MUC01-2026-05-08T09,MUC01,2026-05-08T09:00:00Z,2026-05-08,9,1,1.0,47
FF-MUC01-2026-05-08T11,MUC01,2026-05-08T11:00:00Z,2026-05-08,11,1,1.0,57
FF-MUC01-2026-05-08T13,MUC01,2026-05-08T13:00:00Z,2026-05-08,13,1,1.0,58
FF-MUC01-2026-05-08T14,MUC01,2026-05-08T14:00:00Z,2026-05-08,14,1,1.0,65
FF-MUC01-2026-05-08T15,MUC01,2026-05-08T15:00:00Z,2026-05-08,15,3,0.6667,60
FF-MUC01-2026-05-08T16,MUC01,2026-05-08T16:00:00Z,2026-05-08,16,1,1.0,38
FF-MUC01-2026-05-08T17,MUC01,2026-05-08T17:00:00Z,2026-05-08,17,1,1.0,80
FF-MUC01-2026-05-08T18,MUC01,2026-05-08T18:00:00Z,2026-05-08,18,1,1.0,48
FF-MUC01-2026-05-08T19,MUC01,2026-05-08T19:00:00Z,2026-05-08,19,1,1.0,6
FF-MUC01-2026-05-08T20,MUC01,2026-05-08T20:00:00Z,2026-05-08,20,1,1.0,43
FF-MUC01-2026-05-11T09,MUC01,2026-05-11T09:00:00Z,2026-05-11,9,1,1.0,23
FF-MUC01-2026-05-11T12,MUC01,2026-05-11T12:00:00Z,2026-05-11,12,1,1.0,16
FF-MUC01-2026-05-11T13,MUC01,2026-05-11T13:00:00Z,2026-05-11,13,1,1.0,24
FF-MUC01-2026-05-11T14,MUC01,2026-05-11T14:00:00Z,2026-05-11,14,1,1.0,65
FF-MUC01-2026-05-11T15,MUC01,2026-05-11T15:00:00Z,2026-05-11,15,1,1.0,46
FF-MUC01-2026-05-11T16,MUC01,2026-05-11T16:00:00Z,2026-05-11,16,1,1.0,19
FF-MUC01-2026-05-11T17,MUC01,2026-05-11T17:00:00Z,2026-05-11,17,1,1.0,31
FF-MUC01-2026-05-11T18,MUC01,2026-05-11T18:00:00Z,2026-05-11,18,1,1.0,72
FF-MUC01-2026-05-11T19,MUC01,2026-05-11T19:00:00Z,2026-05-11,19,1,1.0,49
FF-MUC01-2026-05-11T21,MUC01,2026-05-11T21:00:00Z,2026-05-11,21,1,1.0,69
FF-MUC01-2026-05-12T09,MUC01,2026-05-12T09:00:00Z,2026-05-12,9,1,1.0,36
FF-MUC01-2026-05-12T10,MUC01,2026-05-12T10:00:00Z,2026-05-12,10,1,1.0,63
FF-MUC01-2026-05-12T11,MUC01,2026-05-12T11:00:00Z,2026-05-12,11,1,1.0,69
FF-MUC01-2026-05-12T12,MUC01,2026-05-12T12:00:00Z,2026-05-12,12,3,0.6667,72
FF-MUC01-2026-05-12T13,MUC01,2026-05-12T13:00:00Z,2026-05-12,13,3,0.6667,27
FF-MUC01-2026-05-12T14,MUC01,2026-05-12T14:00:00Z,2026-05-12,14,4,0.75,54
FF-MUC01-2026-05-12T15,MUC01,2026-05-12T15:00:00Z,2026-05-12,15,4,0.75,73
FF-MUC01-2026-05-12T16,MUC01,2026-05-12T16:00:00Z,2026-05-12,16,2,1.0,46
FF-MUC01-2026-05-12T17,MUC01,2026-05-12T17:00:00Z,2026-05-12,17,1,1.0,47
FF-MUC01-2026-05-12T18,MUC01,2026-05-12T18:00:00Z,2026-05-12,18,1,1.0,31
FF-MUC01-2026-05-12T19,MUC01,2026-05-12T19:00:00Z,2026-05-12,19,1,1.0,41
FF-MUC01-2026-05-12T20,MUC01,2026-05-12T20:00:00Z,2026-05-12,20,1,1.0,30
FF-MUC01-2026-05-12T21,MUC01,2026-05-12T21:00:00Z,2026-05-12,21,1,1.0,45
FF-MUC01-2026-05-13T09,MUC01,2026-05-13T09:00:00Z,2026-05-13,9,1,1.0,47
FF-MUC01-2026-05-13T10,MUC01,2026-05-13T10:00:00Z,2026-05-13,10,1,1.0,20
FF-MUC01-2026-05-13T11,MUC01,2026-05-13T11:00:00Z,2026-05-13,11,1,1.0,43
FF-MUC01-2026-05-13T12,MUC01,2026-05-13T12:00:00Z,2026-05-13,12,1,1.0,59
FF-MUC01-2026-05-13T13,MUC01,2026-05-13T13:00:00Z,2026-05-13,13,2,1.0,69
FF-MUC01-2026-05-13T14,MUC01,2026-05-13T14:00:00Z,2026-05-13,14,3,0.6667,37
FF-MUC01-2026-05-13T15,MUC01,2026-05-13T15:00:00Z,2026-05-13,15,1,1.0,39
FF-MUC01-2026-05-13T16,MUC01,2026-05-13T16:00:00Z,2026-05-13,16,2,0.5,64
FF-MUC01-2026-05-13T17,MUC01,2026-05-13T17:00:00Z,2026-05-13,17,3,0.6667,57
FF-MUC01-2026-05-13T18,MUC01,2026-05-13T18:00:00Z,2026-05-13,18,2,1.0,34
FF-MUC01-2026-05-13T19,MUC01,2026-05-13T19:00:00Z,2026-05-13,19,1,1.0,63
FF-MUC01-2026-05-13T20,MUC01,2026-05-13T20:00:00Z,2026-05-13,20,1,1.0,69
FF-MUC01-2026-05-13T21,MUC01,2026-05-13T21:00:00Z,2026-05-13,21,1,1.0,51
FF-MUC01-2026-05-14T08,MUC01,2026-05-14T08:00:00Z,2026-05-14,8,1,1.0,41
FF-MUC01-2026-05-14T09,MUC01,2026-05-14T09:00:00Z,2026-05-14,9,1,1.0,17
FF-MUC01-2026-05-14T11,MUC01,2026-05-14T11:00:00Z,2026-05-14,11,1,1.0,62
FF-MUC01-2026-05-14T12,MUC01,2026-05-14T12:00:00Z,2026-05-14,12,2,1.0,52
FF-MUC01-2026-05-14T13,MUC01,2026-05-14T13:00:00Z,2026-05-14,13,3,0.6667,71
FF-MUC01-2026-05-14T14,MUC01,2026-05-14T14:00:00Z,2026-05-14,14,2,1.0,27
FF-MUC01-2026-05-14T15,MUC01,2026-05-14T15:00:00Z,2026-05-14,15,3,0.6667,65
FF-MUC01-2026-05-14T16,MUC01,2026-05-14T16:00:00Z,2026-05-14,16,3,0.6667,62
FF-MUC01-2026-05-14T17,MUC01,2026-05-14T17:00:00Z,2026-05-14,17,3,0.6667,44
FF-MUC01-2026-05-14T19,MUC01,2026-05-14T19:00:00Z,2026-05-14,19,1,1.0,36
FF-MUC01-2026-05-14T20,MUC01,2026-05-14T20:00:00Z,2026-05-14,20,1,1.0,42
FF-MUC01-2026-05-14T21,MUC01,2026-05-14T21:00:00Z,2026-05-14,21,1,1.0,84
FF-MUC01-2026-05-15T12,MUC01,2026-05-15T12:00:00Z,2026-05-15,12,1,1.0,40
FF-MUC01-2026-05-15T13,MUC01,2026-05-15T13:00:00Z,2026-05-15,13,1,1.0,44
FF-MUC01-2026-05-15T14,MUC01,2026-05-15T14:00:00Z,2026-05-15,14,1,1.0,98
FF-MUC01-2026-05-15T15,MUC01,2026-05-15T15:00:00Z,2026-05-15,15,1,1.0,69
FF-MUC01-2026-05-15T16,MUC01,2026-05-15T16:00:00Z,2026-05-15,16,1,1.0,43
FF-MUC01-2026-05-15T17,MUC01,2026-05-15T17:00:00Z,2026-05-15,17,1,1.0,65
FF-MUC01-2026-05-15T19,MUC01,2026-05-15T19:00:00Z,2026-05-15,19,1,1.0,83
FF-MUC01-2026-05-15T20,MUC01,2026-05-15T20:00:00Z,2026-05-15,20,1,1.0,65
FF-MUC01-2026-05-17T12,MUC01,2026-05-17T12:00:00Z,2026-05-17,12,1,1.0,58
FF-MUC01-2026-05-17T14,MUC01,2026-05-17T14:00:00Z,2026-05-17,14,1,1.0,51
FF-MUC01-2026-05-17T16,MUC01,2026-05-17T16:00:00Z,2026-05-17,16,1,1.0,51
FF-MUC01-2026-05-17T18,MUC01,2026-05-17T18:00:00Z,2026-05-17,18,2,0.5,23
FF-MUC01-2026-05-18T08,MUC01,2026-05-18T08:00:00Z,2026-05-18,8,1,1.0,37
FF-MUC01-2026-05-18T09,MUC01,2026-05-18T09:00:00Z,2026-05-18,9,1,1.0,43
FF-MUC01-2026-05-18T11,MUC01,2026-05-18T11:00:00Z,2026-05-18,11,1,1.0,36
FF-MUC01-2026-05-18T12,MUC01,2026-05-18T12:00:00Z,2026-05-18,12,1,1.0,72
FF-MUC01-2026-05-18T13,MUC01,2026-05-18T13:00:00Z,2026-05-18,13,5,0.6,51
FF-MUC01-2026-05-18T14,MUC01,2026-05-18T14:00:00Z,2026-05-18,14,4,0.75,28
FF-MUC01-2026-05-18T15,MUC01,2026-05-18T15:00:00Z,2026-05-18,15,3,0.6667,73
FF-MUC01-2026-05-18T16,MUC01,2026-05-18T16:00:00Z,2026-05-18,16,2,1.0,47
FF-MUC01-2026-05-18T17,MUC01,2026-05-18T17:00:00Z,2026-05-18,17,1,1.0,0
FF-MUC01-2026-05-18T18,MUC01,2026-05-18T18:00:00Z,2026-05-18,18,1,1.0,61
FF-MUC01-2026-05-18T19,MUC01,2026-05-18T19:00:00Z,2026-05-18,19,2,0.5,46
FF-MUC01-2026-05-18T20,MUC01,2026-05-18T20:00:00Z,2026-05-18,20,1,1.0,73
FF-MUC01-2026-05-18T21,MUC01,2026-05-18T21:00:00Z,2026-05-18,21,1,1.0,29
FF-MUC01-2026-05-18T22,MUC01,2026-05-18T22:00:00Z,2026-05-18,22,2,0.5,71
FF-MUC01-2026-05-19T08,MUC01,2026-05-19T08:00:00Z,2026-05-19,8,2,0.5,33
FF-MUC01-2026-05-19T09,MUC01,2026-05-19T09:00:00Z,2026-05-19,9,1,1.0,41
FF-MUC01-2026-05-19T10,MUC01,2026-05-19T10:00:00Z,2026-05-19,10,1,1.0,65
FF-MUC01-2026-05-19T11,MUC01,2026-05-19T11:00:00Z,2026-05-19,11,1,1.0,55
FF-MUC01-2026-05-19T12,MUC01,2026-05-19T12:00:00Z,2026-05-19,12,2,1.0,28
FF-MUC01-2026-05-19T13,MUC01,2026-05-19T13:00:00Z,2026-05-19,13,1,1.0,54
FF-MUC01-2026-05-19T14,MUC01,2026-05-19T14:00:00Z,2026-05-19,14,3,0.6667,73
FF-MUC01-2026-05-19T15,MUC01,2026-05-19T15:00:00Z,2026-05-19,15,3,0.6667,45
FF-MUC01-2026-05-19T16,MUC01,2026-05-19T16:00:00Z,2026-05-19,16,1,1.0,35
FF-MUC01-2026-05-19T17,MUC01,2026-05-19T17:00:00Z,2026-05-19,17,1,1.0,60
FF-MUC01-2026-05-19T18,MUC01,2026-05-19T18:00:00Z,2026-05-19,18,1,1.0,37
FF-MUC01-2026-05-19T19,MUC01,2026-05-19T19:00:00Z,2026-05-19,19,1,1.0,44
FF-MUC01-2026-05-19T20,MUC01,2026-05-19T20:00:00Z,2026-05-19,20,1,1.0,19
FF-MUC01-2026-05-19T22,MUC01,2026-05-19T22:00:00Z,2026-05-19,22,1,1.0,45
FF-MUC01-2026-05-20T09,MUC01,2026-05-20T09:00:00Z,2026-05-20,9,1,1.0,47
FF-MUC01-2026-05-20T10,MUC01,2026-05-20T10:00:00Z,2026-05-20,10,1,1.0,43
FF-MUC01-2026-05-20T11,MUC01,2026-05-20T11:00:00Z,2026-05-20,11,2,0.5,62
FF-MUC01-2026-05-20T12,MUC01,2026-05-20T12:00:00Z,2026-05-20,12,1,1.0,64
FF-MUC01-2026-05-20T13,MUC01,2026-05-20T13:00:00Z,2026-05-20,13,2,1.0,45
FF-MUC01-2026-05-20T14,MUC01,2026-05-20T14:00:00Z,2026-05-20,14,3,0.6667,65
FF-MUC01-2026-05-20T15,MUC01,2026-05-20T15:00:00Z,2026-05-20,15,2,1.0,86
FF-MUC01-2026-05-20T16,MUC01,2026-05-20T16:00:00Z,2026-05-20,16,1,1.0,56
FF-MUC01-2026-05-20T18,MUC01,2026-05-20T18:00:00Z,2026-05-20,18,1,1.0,75
FF-MUC01-2026-05-20T19,MUC01,2026-05-20T19:00:00Z,2026-05-20,19,2,0.5,29
FF-MUC01-2026-05-20T21,MUC01,2026-05-20T21:00:00Z,2026-05-20,21,1,1.0,40
FF-MUC01-2026-05-21T08,MUC01,2026-05-21T08:00:00Z,2026-05-21,8,1,1.0,57
FF-MUC01-2026-05-21T10,MUC01,2026-05-21T10:00:00Z,2026-05-21,10,1,1.0,43
FF-MUC01-2026-05-21T11,MUC01,2026-05-21T11:00:00Z,2026-05-21,11,1,1.0,39
FF-MUC01-2026-05-21T12,MUC01,2026-05-21T12:00:00Z,2026-05-21,12,1,1.0,51
FF-MUC01-2026-05-21T13,MUC01,2026-05-21T13:00:00Z,2026-05-21,13,3,0.6667,49
FF-MUC01-2026-05-21T14,MUC01,2026-05-21T14:00:00Z,2026-05-21,14,3,0.6667,54
FF-MUC01-2026-05-21T15,MUC01,2026-05-21T15:00:00Z,2026-05-21,15,2,1.0,45
FF-MUC01-2026-05-21T16,MUC01,2026-05-21T16:00:00Z,2026-05-21,16,5,0.8,52
FF-MUC01-2026-05-21T17,MUC01,2026-05-21T17:00:00Z,2026-05-21,17,2,1.0,44
FF-MUC01-2026-05-21T18,MUC01,2026-05-21T18:00:00Z,2026-05-21,18,2,1.0,31
FF-MUC01-2026-05-21T19,MUC01,2026-05-21T19:00:00Z,2026-05-21,19,1,1.0,61
FF-MUC01-2026-05-22T13,MUC01,2026-05-22T13:00:00Z,2026-05-22,13,1,1.0,24
FF-MUC01-2026-05-22T14,MUC01,2026-05-22T14:00:00Z,2026-05-22,14,2,1.0,29
FF-MUC01-2026-05-22T15,MUC01,2026-05-22T15:00:00Z,2026-05-22,15,3,0.6667,48
FF-MUC01-2026-05-22T16,MUC01,2026-05-22T16:00:00Z,2026-05-22,16,1,1.0,60
FF-MUC01-2026-05-22T17,MUC01,2026-05-22T17:00:00Z,2026-05-22,17,1,1.0,40
FF-MUC01-2026-05-22T18,MUC01,2026-05-22T18:00:00Z,2026-05-22,18,1,1.0,67
FF-MUC01-2026-05-22T19,MUC01,2026-05-22T19:00:00Z,2026-05-22,19,1,1.0,61
FF-MUC01-2026-05-22T21,MUC01,2026-05-22T21:00:00Z,2026-05-22,21,1,1.0,82
FF-MUC01-2026-05-24T12,MUC01,2026-05-24T12:00:00Z,2026-05-24,12,1,1.0,72
FF-MUC01-2026-05-25T10,MUC01,2026-05-25T10:00:00Z,2026-05-25,10,1,1.0,86
FF-MUC01-2026-05-25T11,MUC01,2026-05-25T11:00:00Z,2026-05-25,11,1,1.0,52
FF-MUC01-2026-05-25T12,MUC01,2026-05-25T12:00:00Z,2026-05-25,12,2,1.0,71
FF-MUC01-2026-05-25T13,MUC01,2026-05-25T13:00:00Z,2026-05-25,13,1,1.0,28
FF-MUC01-2026-05-25T14,MUC01,2026-05-25T14:00:00Z,2026-05-25,14,2,0.5,45
FF-MUC01-2026-05-25T15,MUC01,2026-05-25T15:00:00Z,2026-05-25,15,1,1.0,46
FF-MUC01-2026-05-25T16,MUC01,2026-05-25T16:00:00Z,2026-05-25,16,3,0.6667,43
FF-MUC01-2026-05-25T20,MUC01,2026-05-25T20:00:00Z,2026-05-25,20,1,1.0,71
FF-MUC01-2026-05-25T21,MUC01,2026-05-25T21:00:00Z,2026-05-25,21,1,1.0,57
FF-MUC01-2026-05-25T22,MUC01,2026-05-25T22:00:00Z,2026-05-25,22,1,1.0,90
FF-MUC01-2026-05-26T08,MUC01,2026-05-26T08:00:00Z,2026-05-26,8,1,1.0,48
FF-MUC01-2026-05-26T09,MUC01,2026-05-26T09:00:00Z,2026-05-26,9,1,1.0,61
FF-MUC01-2026-05-26T10,MUC01,2026-05-26T10:00:00Z,2026-05-26,10,1,1.0,60
FF-MUC01-2026-05-26T12,MUC01,2026-05-26T12:00:00Z,2026-05-26,12,1,1.0,27
FF-MUC01-2026-05-26T13,MUC01,2026-05-26T13:00:00Z,2026-05-26,13,1,1.0,113
FF-MUC01-2026-05-26T14,MUC01,2026-05-26T14:00:00Z,2026-05-26,14,3,0.6667,57
FF-MUC01-2026-05-26T15,MUC01,2026-05-26T15:00:00Z,2026-05-26,15,1,1.0,38
FF-MUC01-2026-05-26T16,MUC01,2026-05-26T16:00:00Z,2026-05-26,16,1,1.0,65
FF-MUC01-2026-05-26T17,MUC01,2026-05-26T17:00:00Z,2026-05-26,17,2,1.0,77
FF-MUC01-2026-05-26T18,MUC01,2026-05-26T18:00:00Z,2026-05-26,18,2,1.0,49
FF-MUC01-2026-05-26T19,MUC01,2026-05-26T19:00:00Z,2026-05-26,19,1,1.0,45
FF-MUC01-2026-05-26T20,MUC01,2026-05-26T20:00:00Z,2026-05-26,20,1,1.0,58
FF-MUC01-2026-05-26T21,MUC01,2026-05-26T21:00:00Z,2026-05-26,21,1,1.0,19
FF-MUC01-2026-05-26T22,MUC01,2026-05-26T22:00:00Z,2026-05-26,22,1,1.0,64
FF-MUC01-2026-05-27T11,MUC01,2026-05-27T11:00:00Z,2026-05-27,11,1,1.0,53
FF-MUC01-2026-05-27T13,MUC01,2026-05-27T13:00:00Z,2026-05-27,13,4,0.75,37
FF-MUC01-2026-05-27T14,MUC01,2026-05-27T14:00:00Z,2026-05-27,14,1,1.0,66
FF-MUC01-2026-05-27T15,MUC01,2026-05-27T15:00:00Z,2026-05-27,15,1,1.0,71
FF-MUC01-2026-05-27T16,MUC01,2026-05-27T16:00:00Z,2026-05-27,16,1,1.0,83
FF-MUC01-2026-05-27T17,MUC01,2026-05-27T17:00:00Z,2026-05-27,17,1,1.0,21
FF-MUC01-2026-05-27T18,MUC01,2026-05-27T18:00:00Z,2026-05-27,18,1,1.0,42
FF-MUC01-2026-05-27T19,MUC01,2026-05-27T19:00:00Z,2026-05-27,19,1,1.0,67
FF-MUC01-2026-05-27T20,MUC01,2026-05-27T20:00:00Z,2026-05-27,20,1,1.0,34
FF-MUC01-2026-05-27T21,MUC01,2026-05-27T21:00:00Z,2026-05-27,21,1,1.0,59
FF-MUC01-2026-05-28T08,MUC01,2026-05-28T08:00:00Z,2026-05-28,8,1,1.0,21
FF-MUC01-2026-05-28T09,MUC01,2026-05-28T09:00:00Z,2026-05-28,9,1,1.0,100
FF-MUC01-2026-05-28T10,MUC01,2026-05-28T10:00:00Z,2026-05-28,10,1,1.0,49
FF-MUC01-2026-05-28T11,MUC01,2026-05-28T11:00:00Z,2026-05-28,11,1,1.0,50
FF-MUC01-2026-05-28T12,MUC01,2026-05-28T12:00:00Z,2026-05-28,12,1,1.0,55
FF-MUC01-2026-05-28T13,MUC01,2026-05-28T13:00:00Z,2026-05-28,13,2,1.0,79
FF-MUC01-2026-05-28T14,MUC01,2026-05-28T14:00:00Z,2026-05-28,14,1,1.0,43
FF-MUC01-2026-05-28T15,MUC01,2026-05-28T15:00:00Z,2026-05-28,15,1,1.0,47
FF-MUC01-2026-05-28T16,MUC01,2026-05-28T16:00:00Z,2026-05-28,16,1,1.0,63
FF-MUC01-2026-05-28T17,MUC01,2026-05-28T17:00:00Z,2026-05-28,17,3,0.6667,25
FF-MUC01-2026-05-28T18,MUC01,2026-05-28T18:00:00Z,2026-05-28,18,1,1.0,47
FF-MUC01-2026-05-28T19,MUC01,2026-05-28T19:00:00Z,2026-05-28,19,1,1.0,22
FF-MUC01-2026-05-28T20,MUC01,2026-05-28T20:00:00Z,2026-05-28,20,2,0.5,82
FF-MUC01-2026-05-28T21,MUC01,2026-05-28T21:00:00Z,2026-05-28,21,1,1.0,37
FF-MUC01-2026-05-29T09,MUC01,2026-05-29T09:00:00Z,2026-05-29,9,1,1.0,61
FF-MUC01-2026-05-29T10,MUC01,2026-05-29T10:00:00Z,2026-05-29,10,1,1.0,84
FF-MUC01-2026-05-29T12,MUC01,2026-05-29T12:00:00Z,2026-05-29,12,1,1.0,49
FF-MUC01-2026-05-29T13,MUC01,2026-05-29T13:00:00Z,2026-05-29,13,3,0.6667,66
FF-MUC01-2026-05-29T14,MUC01,2026-05-29T14:00:00Z,2026-05-29,14,1,1.0,78
FF-MUC01-2026-05-29T15,MUC01,2026-05-29T15:00:00Z,2026-05-29,15,1,1.0,97
FF-MUC01-2026-05-29T16,MUC01,2026-05-29T16:00:00Z,2026-05-29,16,2,1.0,56
FF-MUC01-2026-05-29T17,MUC01,2026-05-29T17:00:00Z,2026-05-29,17,1,1.0,30
FF-MUC01-2026-05-29T18,MUC01,2026-05-29T18:00:00Z,2026-05-29,18,1,1.0,51
FF-MUC01-2026-05-29T19,MUC01,2026-05-29T19:00:00Z,2026-05-29,19,1,1.0,16
FF-MUC01-2026-05-29T21,MUC01,2026-05-29T21:00:00Z,2026-05-29,21,1,1.0,97
FF-MUC01-2026-05-29T22,MUC01,2026-05-29T22:00:00Z,2026-05-29,22,1,1.0,48
FF-MUC01-2026-05-31T13,MUC01,2026-05-31T13:00:00Z,2026-05-31,13,1,1.0,84
FF-MUC01-2026-05-31T15,MUC01,2026-05-31T15:00:00Z,2026-05-31,15,1,1.0,47
FF-MUC01-2026-05-31T18,MUC01,2026-05-31T18:00:00Z,2026-05-31,18,1,1.0,78
FF-MUC01-2026-06-01T09,MUC01,2026-06-01T09:00:00Z,2026-06-01,9,1,1.0,37
FF-MUC01-2026-06-01T11,MUC01,2026-06-01T11:00:00Z,2026-06-01,11,1,1.0,91
FF-MUC01-2026-06-01T12,MUC01,2026-06-01T12:00:00Z,2026-06-01,12,1,1.0,82
FF-MUC01-2026-06-01T13,MUC01,2026-06-01T13:00:00Z,2026-06-01,13,3,0.6667,44
FF-MUC01-2026-06-01T14,MUC01,2026-06-01T14:00:00Z,2026-06-01,14,2,1.0,33
FF-MUC01-2026-06-01T15,MUC01,2026-06-01T15:00:00Z,2026-06-01,15,2,1.0,46
FF-MUC01-2026-06-01T16,MUC01,2026-06-01T16:00:00Z,2026-06-01,16,2,1.0,73
FF-MUC01-2026-06-01T17,MUC01,2026-06-01T17:00:00Z,2026-06-01,17,1,1.0,45
FF-MUC01-2026-06-01T18,MUC01,2026-06-01T18:00:00Z,2026-06-01,18,3,0.6667,60
FF-MUC01-2026-06-01T20,MUC01,2026-06-01T20:00:00Z,2026-06-01,20,1,1.0,48
FF-MUC01-2026-06-02T08,MUC01,2026-06-02T08:00:00Z,2026-06-02,8,1,1.0,47
FF-MUC01-2026-06-02T09,MUC01,2026-06-02T09:00:00Z,2026-06-02,9,1,1.0,55
FF-MUC01-2026-06-02T12,MUC01,2026-06-02T12:00:00Z,2026-06-02,12,1,1.0,31
FF-MUC01-2026-06-02T13,MUC01,2026-06-02T13:00:00Z,2026-06-02,13,2,1.0,58
FF-MUC01-2026-06-02T14,MUC01,2026-06-02T14:00:00Z,2026-06-02,14,3,0.6667,12
FF-MUC01-2026-06-02T16,MUC01,2026-06-02T16:00:00Z,2026-06-02,16,1,1.0,81
FF-MUC01-2026-06-02T17,MUC01,2026-06-02T17:00:00Z,2026-06-02,17,5,0.6,53
FF-MUC01-2026-06-02T18,MUC01,2026-06-02T18:00:00Z,2026-06-02,18,1,1.0,41
FF-MUC01-2026-06-02T19,MUC01,2026-06-02T19:00:00Z,2026-06-02,19,1,1.0,57
FF-MUC01-2026-06-02T21,MUC01,2026-06-02T21:00:00Z,2026-06-02,21,1,1.0,57
FF-MUC01-2026-06-02T22,MUC01,2026-06-02T22:00:00Z,2026-06-02,22,1,1.0,62
FF-MUC01-2026-06-03T09,MUC01,2026-06-03T09:00:00Z,2026-06-03,9,1,1.0,35
FF-MUC01-2026-06-03T10,MUC01,2026-06-03T10:00:00Z,2026-06-03,10,1,1.0,27
FF-MUC01-2026-06-03T11,MUC01,2026-06-03T11:00:00Z,2026-06-03,11,1,1.0,51
FF-MUC01-2026-06-03T13,MUC01,2026-06-03T13:00:00Z,2026-06-03,13,1,1.0,87
FF-MUC01-2026-06-03T14,MUC01,2026-06-03T14:00:00Z,2026-06-03,14,2,0.5,59
FF-MUC01-2026-06-03T15,MUC01,2026-06-03T15:00:00Z,2026-06-03,15,2,1.0,89
FF-MUC01-2026-06-03T16,MUC01,2026-06-03T16:00:00Z,2026-06-03,16,1,1.0,46
FF-MUC01-2026-06-03T19,MUC01,2026-06-03T19:00:00Z,2026-06-03,19,1,1.0,51
FF-MUC01-2026-06-03T21,MUC01,2026-06-03T21:00:00Z,2026-06-03,21,1,1.0,45
FF-MUC01-2026-06-04T09,MUC01,2026-06-04T09:00:00Z,2026-06-04,9,1,1.0,47
FF-MUC01-2026-06-04T10,MUC01,2026-06-04T10:00:00Z,2026-06-04,10,1,1.0,74
FF-MUC01-2026-06-04T11,MUC01,2026-06-04T11:00:00Z,2026-06-04,11,1,1.0,43
FF-MUC01-2026-06-04T12,MUC01,2026-06-04T12:00:00Z,2026-06-04,12,2,1.0,43
FF-MUC01-2026-06-04T13,MUC01,2026-06-04T13:00:00Z,2026-06-04,13,2,1.0,70
FF-MUC01-2026-06-04T14,MUC01,2026-06-04T14:00:00Z,2026-06-04,14,2,0.5,65
FF-MUC01-2026-06-04T15,MUC01,2026-06-04T15:00:00Z,2026-06-04,15,2,1.0,28
FF-MUC01-2026-06-04T16,MUC01,2026-06-04T16:00:00Z,2026-06-04,16,1,1.0,47
FF-MUC01-2026-06-04T17,MUC01,2026-06-04T17:00:00Z,2026-06-04,17,1,1.0,54
FF-MUC01-2026-06-04T18,MUC01,2026-06-04T18:00:00Z,2026-06-04,18,1,1.0,47
FF-MUC01-2026-06-04T19,MUC01,2026-06-04T19:00:00Z,2026-06-04,19,1,1.0,73
FF-MUC01-2026-06-04T20,MUC01,2026-06-04T20:00:00Z,2026-06-04,20,1,1.0,60
FF-MUC01-2026-06-04T21,MUC01,2026-06-04T21:00:00Z,2026-06-04,21,1,1.0,84
FF-MUC01-2026-06-05T12,MUC01,2026-06-05T12:00:00Z,2026-06-05,12,1,1.0,52
FF-MUC01-2026-06-05T13,MUC01,2026-06-05T13:00:00Z,2026-06-05,13,3,0.6667,72
FF-MUC01-2026-06-05T14,MUC01,2026-06-05T14:00:00Z,2026-06-05,14,1,1.0,68
FF-MUC01-2026-06-05T15,MUC01,2026-06-05T15:00:00Z,2026-06-05,15,1,1.0,37
FF-MUC01-2026-06-05T16,MUC01,2026-06-05T16:00:00Z,2026-06-05,16,1,1.0,43
FF-MUC01-2026-06-05T17,MUC01,2026-06-05T17:00:00Z,2026-06-05,17,1,1.0,72
FF-MUC01-2026-06-05T18,MUC01,2026-06-05T18:00:00Z,2026-06-05,18,1,1.0,53
FF-MUC01-2026-06-05T19,MUC01,2026-06-05T19:00:00Z,2026-06-05,19,1,1.0,47
FF-MUC01-2026-06-05T20,MUC01,2026-06-05T20:00:00Z,2026-06-05,20,1,1.0,56
FF-MUC01-2026-06-05T21,MUC01,2026-06-05T21:00:00Z,2026-06-05,21,1,1.0,69
FF-MUC01-2026-06-07T16,MUC01,2026-06-07T16:00:00Z,2026-06-07,16,1,1.0,61
FF-MUC01-2026-06-07T17,MUC01,2026-06-07T17:00:00Z,2026-06-07,17,1,1.0,50
FF-MUC01-2026-06-08T09,MUC01,2026-06-08T09:00:00Z,2026-06-08,9,1,1.0,58
FF-MUC01-2026-06-08T10,MUC01,2026-06-08T10:00:00Z,2026-06-08,10,1,1.0,43
FF-MUC01-2026-06-08T11,MUC01,2026-06-08T11:00:00Z,2026-06-08,11,1,1.0,81
FF-MUC01-2026-06-08T12,MUC01,2026-06-08T12:00:00Z,2026-06-08,12,1,1.0,38
FF-MUC01-2026-06-08T13,MUC01,2026-06-08T13:00:00Z,2026-06-08,13,1,1.0,47
FF-MUC01-2026-06-08T14,MUC01,2026-06-08T14:00:00Z,2026-06-08,14,2,1.0,58
FF-MUC01-2026-06-08T15,MUC01,2026-06-08T15:00:00Z,2026-06-08,15,1,1.0,27
FF-MUC01-2026-06-08T16,MUC01,2026-06-08T16:00:00Z,2026-06-08,16,1,1.0,72
FF-MUC01-2026-06-08T17,MUC01,2026-06-08T17:00:00Z,2026-06-08,17,1,1.0,41
FF-MUC01-2026-06-08T18,MUC01,2026-06-08T18:00:00Z,2026-06-08,18,1,1.0,59
FF-MUC01-2026-06-08T19,MUC01,2026-06-08T19:00:00Z,2026-06-08,19,1,1.0,40
FF-MUC01-2026-06-08T20,MUC01,2026-06-08T20:00:00Z,2026-06-08,20,1,1.0,83
FF-MUC01-2026-06-08T21,MUC01,2026-06-08T21:00:00Z,2026-06-08,21,1,1.0,43
FF-MUC01-2026-06-09T08,MUC01,2026-06-09T08:00:00Z,2026-06-09,8,1,1.0,58
FF-MUC01-2026-06-09T10,MUC01,2026-06-09T10:00:00Z,2026-06-09,10,1,1.0,38
FF-MUC01-2026-06-09T11,MUC01,2026-06-09T11:00:00Z,2026-06-09,11,1,1.0,52
FF-MUC01-2026-06-09T12,MUC01,2026-06-09T12:00:00Z,2026-06-09,12,1,1.0,45
FF-MUC01-2026-06-09T13,MUC01,2026-06-09T13:00:00Z,2026-06-09,13,7,0.5714,50
FF-MUC01-2026-06-09T14,MUC01,2026-06-09T14:00:00Z,2026-06-09,14,2,1.0,55
FF-MUC01-2026-06-09T15,MUC01,2026-06-09T15:00:00Z,2026-06-09,15,1,1.0,76
FF-MUC01-2026-06-09T16,MUC01,2026-06-09T16:00:00Z,2026-06-09,16,3,0.6667,49
FF-MUC01-2026-06-09T17,MUC01,2026-06-09T17:00:00Z,2026-06-09,17,3,0.6667,69
FF-MUC01-2026-06-09T18,MUC01,2026-06-09T18:00:00Z,2026-06-09,18,1,1.0,30
FF-MUC01-2026-06-09T19,MUC01,2026-06-09T19:00:00Z,2026-06-09,19,1,1.0,50
FF-MUC01-2026-06-09T21,MUC01,2026-06-09T21:00:00Z,2026-06-09,21,1,1.0,67
FF-MUC01-2026-06-10T08,MUC01,2026-06-10T08:00:00Z,2026-06-10,8,1,1.0,25
FF-MUC01-2026-06-10T09,MUC01,2026-06-10T09:00:00Z,2026-06-10,9,1,1.0,42
FF-MUC01-2026-06-10T10,MUC01,2026-06-10T10:00:00Z,2026-06-10,10,1,1.0,57
FF-MUC01-2026-06-10T11,MUC01,2026-06-10T11:00:00Z,2026-06-10,11,1,1.0,78
FF-MUC01-2026-06-10T12,MUC01,2026-06-10T12:00:00Z,2026-06-10,12,1,1.0,43
FF-MUC01-2026-06-10T13,MUC01,2026-06-10T13:00:00Z,2026-06-10,13,2,1.0,57
FF-MUC01-2026-06-10T14,MUC01,2026-06-10T14:00:00Z,2026-06-10,14,1,1.0,90
FF-MUC01-2026-06-10T15,MUC01,2026-06-10T15:00:00Z,2026-06-10,15,2,1.0,91
FF-MUC01-2026-06-10T16,MUC01,2026-06-10T16:00:00Z,2026-06-10,16,3,0.6667,47
FF-MUC01-2026-06-10T17,MUC01,2026-06-10T17:00:00Z,2026-06-10,17,1,1.0,45
FF-MUC01-2026-06-10T18,MUC01,2026-06-10T18:00:00Z,2026-06-10,18,2,1.0,56
FF-MUC01-2026-06-10T19,MUC01,2026-06-10T19:00:00Z,2026-06-10,19,2,1.0,35
FF-MUC01-2026-06-10T20,MUC01,2026-06-10T20:00:00Z,2026-06-10,20,1,1.0,60
FF-MUC01-2026-06-10T22,MUC01,2026-06-10T22:00:00Z,2026-06-10,22,2,0.5,75
FF-MUC01-2026-06-11T09,MUC01,2026-06-11T09:00:00Z,2026-06-11,9,1,1.0,91
FF-MUC01-2026-06-11T10,MUC01,2026-06-11T10:00:00Z,2026-06-11,10,1,1.0,78
FF-MUC01-2026-06-11T11,MUC01,2026-06-11T11:00:00Z,2026-06-11,11,1,1.0,26
FF-MUC01-2026-06-11T12,MUC01,2026-06-11T12:00:00Z,2026-06-11,12,1,1.0,47
FF-MUC01-2026-06-11T13,MUC01,2026-06-11T13:00:00Z,2026-06-11,13,3,0.6667,56
FF-MUC01-2026-06-11T14,MUC01,2026-06-11T14:00:00Z,2026-06-11,14,1,1.0,92
FF-MUC01-2026-06-11T15,MUC01,2026-06-11T15:00:00Z,2026-06-11,15,3,0.6667,55
FF-MUC01-2026-06-11T16,MUC01,2026-06-11T16:00:00Z,2026-06-11,16,1,1.0,61
FF-MUC01-2026-06-11T17,MUC01,2026-06-11T17:00:00Z,2026-06-11,17,3,0.6667,36
FF-MUC01-2026-06-11T18,MUC01,2026-06-11T18:00:00Z,2026-06-11,18,3,0.6667,53
FF-MUC01-2026-06-11T19,MUC01,2026-06-11T19:00:00Z,2026-06-11,19,1,1.0,63
FF-MUC01-2026-06-11T20,MUC01,2026-06-11T20:00:00Z,2026-06-11,20,1,1.0,37
FF-MUC01-2026-06-11T21,MUC01,2026-06-11T21:00:00Z,2026-06-11,21,1,1.0,61
FF-MUC01-2026-06-12T09,MUC01,2026-06-12T09:00:00Z,2026-06-12,9,1,1.0,63
FF-MUC01-2026-06-12T11,MUC01,2026-06-12T11:00:00Z,2026-06-12,11,1,1.0,87
FF-MUC01-2026-06-12T12,MUC01,2026-06-12T12:00:00Z,2026-06-12,12,1,1.0,67
FF-MUC01-2026-06-12T13,MUC01,2026-06-12T13:00:00Z,2026-06-12,13,1,1.0,38
FF-MUC01-2026-06-12T14,MUC01,2026-06-12T14:00:00Z,2026-06-12,14,1,1.0,39
FF-MUC01-2026-06-12T15,MUC01,2026-06-12T15:00:00Z,2026-06-12,15,1,1.0,53
FF-MUC01-2026-06-12T16,MUC01,2026-06-12T16:00:00Z,2026-06-12,16,1,1.0,31
FF-MUC01-2026-06-12T17,MUC01,2026-06-12T17:00:00Z,2026-06-12,17,1,1.0,65
FF-MUC01-2026-06-12T18,MUC01,2026-06-12T18:00:00Z,2026-06-12,18,1,1.0,28
FF-MUC01-2026-06-12T19,MUC01,2026-06-12T19:00:00Z,2026-06-12,19,1,1.0,93
FF-MUC01-2026-06-12T20,MUC01,2026-06-12T20:00:00Z,2026-06-12,20,1,1.0,55
FF-MUC01-2026-06-12T21,MUC01,2026-06-12T21:00:00Z,2026-06-12,21,1,1.0,34
FF-MUC01-2026-06-14T14,MUC01,2026-06-14T14:00:00Z,2026-06-14,14,1,1.0,35
FF-MUC01-2026-06-14T15,MUC01,2026-06-14T15:00:00Z,2026-06-14,15,1,1.0,53
FF-MUC01-2026-06-15T08,MUC01,2026-06-15T08:00:00Z,2026-06-15,8,1,1.0,53
FF-MUC01-2026-06-15T09,MUC01,2026-06-15T09:00:00Z,2026-06-15,9,1,1.0,46
FF-MUC01-2026-06-15T10,MUC01,2026-06-15T10:00:00Z,2026-06-15,10,1,1.0,39
FF-MUC01-2026-06-15T12,MUC01,2026-06-15T12:00:00Z,2026-06-15,12,1,1.0,51
FF-MUC01-2026-06-15T13,MUC01,2026-06-15T13:00:00Z,2026-06-15,13,5,0.6,39
FF-MUC01-2026-06-15T14,MUC01,2026-06-15T14:00:00Z,2026-06-15,14,2,1.0,43
FF-MUC01-2026-06-15T15,MUC01,2026-06-15T15:00:00Z,2026-06-15,15,1,1.0,41
FF-MUC01-2026-06-15T16,MUC01,2026-06-15T16:00:00Z,2026-06-15,16,1,1.0,59
FF-MUC01-2026-06-15T17,MUC01,2026-06-15T17:00:00Z,2026-06-15,17,3,0.6667,25
FF-MUC01-2026-06-15T18,MUC01,2026-06-15T18:00:00Z,2026-06-15,18,2,1.0,54
FF-MUC01-2026-06-15T19,MUC01,2026-06-15T19:00:00Z,2026-06-15,19,1,1.0,30
FF-MUC01-2026-06-15T20,MUC01,2026-06-15T20:00:00Z,2026-06-15,20,1,1.0,73
FF-MUC01-2026-06-15T21,MUC01,2026-06-15T21:00:00Z,2026-06-15,21,1,1.0,61
FF-MUC01-2026-06-16T08,MUC01,2026-06-16T08:00:00Z,2026-06-16,8,1,1.0,35
FF-MUC01-2026-06-16T10,MUC01,2026-06-16T10:00:00Z,2026-06-16,10,1,1.0,66
FF-MUC01-2026-06-16T11,MUC01,2026-06-16T11:00:00Z,2026-06-16,11,1,1.0,55
FF-MUC01-2026-06-16T12,MUC01,2026-06-16T12:00:00Z,2026-06-16,12,2,1.0,45
FF-MUC01-2026-06-16T13,MUC01,2026-06-16T13:00:00Z,2026-06-16,13,2,0.5,21
FF-MUC01-2026-06-16T14,MUC01,2026-06-16T14:00:00Z,2026-06-16,14,1,1.0,97
FF-MUC01-2026-06-16T15,MUC01,2026-06-16T15:00:00Z,2026-06-16,15,2,1.0,34
FF-MUC01-2026-06-16T16,MUC01,2026-06-16T16:00:00Z,2026-06-16,16,1,1.0,59
FF-MUC01-2026-06-16T17,MUC01,2026-06-16T17:00:00Z,2026-06-16,17,1,1.0,54
FF-MUC01-2026-06-16T18,MUC01,2026-06-16T18:00:00Z,2026-06-16,18,3,0.6667,46
FF-MUC01-2026-06-16T19,MUC01,2026-06-16T19:00:00Z,2026-06-16,19,1,1.0,45
FF-MUC01-2026-06-16T20,MUC01,2026-06-16T20:00:00Z,2026-06-16,20,1,1.0,75
FF-MUC01-2026-06-16T21,MUC01,2026-06-16T21:00:00Z,2026-06-16,21,1,1.0,50
FF-MUC01-2026-06-16T22,MUC01,2026-06-16T22:00:00Z,2026-06-16,22,1,1.0,14
FF-MUC01-2026-06-17T08,MUC01,2026-06-17T08:00:00Z,2026-06-17,8,1,1.0,82
FF-MUC01-2026-06-17T10,MUC01,2026-06-17T10:00:00Z,2026-06-17,10,1,1.0,29
FF-MUC01-2026-06-17T11,MUC01,2026-06-17T11:00:00Z,2026-06-17,11,1,1.0,48
FF-MUC01-2026-06-17T12,MUC01,2026-06-17T12:00:00Z,2026-06-17,12,1,1.0,51
FF-MUC01-2026-06-17T13,MUC01,2026-06-17T13:00:00Z,2026-06-17,13,2,1.0,43
FF-MUC01-2026-06-17T14,MUC01,2026-06-17T14:00:00Z,2026-06-17,14,3,0.6667,37
FF-MUC01-2026-06-17T15,MUC01,2026-06-17T15:00:00Z,2026-06-17,15,2,1.0,45
FF-MUC01-2026-06-17T16,MUC01,2026-06-17T16:00:00Z,2026-06-17,16,3,1.0,81
FF-MUC01-2026-06-17T17,MUC01,2026-06-17T17:00:00Z,2026-06-17,17,1,1.0,34
FF-MUC01-2026-06-17T18,MUC01,2026-06-17T18:00:00Z,2026-06-17,18,1,1.0,53
FF-MUC01-2026-06-17T19,MUC01,2026-06-17T19:00:00Z,2026-06-17,19,1,1.0,74
FF-MUC01-2026-06-17T21,MUC01,2026-06-17T21:00:00Z,2026-06-17,21,2,0.5,43
FF-MUC01-2026-06-18T09,MUC01,2026-06-18T09:00:00Z,2026-06-18,9,1,1.0,93
FF-MUC01-2026-06-18T10,MUC01,2026-06-18T10:00:00Z,2026-06-18,10,1,1.0,50
FF-MUC01-2026-06-18T12,MUC01,2026-06-18T12:00:00Z,2026-06-18,12,2,1.0,75
FF-MUC01-2026-06-18T13,MUC01,2026-06-18T13:00:00Z,2026-06-18,13,1,1.0,64
FF-MUC01-2026-06-18T14,MUC01,2026-06-18T14:00:00Z,2026-06-18,14,1,1.0,62
FF-MUC01-2026-06-18T15,MUC01,2026-06-18T15:00:00Z,2026-06-18,15,2,1.0,32
FF-MUC01-2026-06-18T16,MUC01,2026-06-18T16:00:00Z,2026-06-18,16,2,1.0,61
FF-MUC01-2026-06-18T18,MUC01,2026-06-18T18:00:00Z,2026-06-18,18,1,1.0,41
FF-MUC01-2026-06-18T19,MUC01,2026-06-18T19:00:00Z,2026-06-18,19,1,1.0,58
FF-MUC01-2026-06-18T21,MUC01,2026-06-18T21:00:00Z,2026-06-18,21,1,1.0,69
FF-MUC01-2026-06-19T09,MUC01,2026-06-19T09:00:00Z,2026-06-19,9,1,1.0,59
FF-MUC01-2026-06-19T11,MUC01,2026-06-19T11:00:00Z,2026-06-19,11,1,1.0,30
FF-MUC01-2026-06-19T12,MUC01,2026-06-19T12:00:00Z,2026-06-19,12,1,1.0,60
FF-MUC01-2026-06-19T13,MUC01,2026-06-19T13:00:00Z,2026-06-19,13,1,1.0,41
FF-MUC01-2026-06-19T14,MUC01,2026-06-19T14:00:00Z,2026-06-19,14,1,1.0,58
FF-MUC01-2026-06-19T15,MUC01,2026-06-19T15:00:00Z,2026-06-19,15,1,1.0,47
FF-MUC01-2026-06-19T16,MUC01,2026-06-19T16:00:00Z,2026-06-19,16,3,0.6667,40
FF-MUC01-2026-06-19T17,MUC01,2026-06-19T17:00:00Z,2026-06-19,17,1,1.0,30
FF-MUC01-2026-06-19T18,MUC01,2026-06-19T18:00:00Z,2026-06-19,18,1,1.0,41
FF-MUC01-2026-06-19T19,MUC01,2026-06-19T19:00:00Z,2026-06-19,19,1,1.0,40
FF-MUC01-2026-06-19T20,MUC01,2026-06-19T20:00:00Z,2026-06-19,20,1,1.0,51
FF-MUC01-2026-06-22T10,MUC01,2026-06-22T10:00:00Z,2026-06-22,10,1,1.0,30
FF-MUC01-2026-06-22T11,MUC01,2026-06-22T11:00:00Z,2026-06-22,11,1,1.0,27
FF-MUC01-2026-06-22T12,MUC01,2026-06-22T12:00:00Z,2026-06-22,12,1,1.0,50
FF-MUC01-2026-06-22T13,MUC01,2026-06-22T13:00:00Z,2026-06-22,13,1,1.0,46
FF-MUC01-2026-06-22T14,MUC01,2026-06-22T14:00:00Z,2026-06-22,14,1,1.0,26
FF-MUC01-2026-06-22T15,MUC01,2026-06-22T15:00:00Z,2026-06-22,15,1,1.0,6
FF-MUC01-2026-06-22T16,MUC01,2026-06-22T16:00:00Z,2026-06-22,16,1,1.0,44
FF-MUC01-2026-06-22T17,MUC01,2026-06-22T17:00:00Z,2026-06-22,17,1,1.0,46
FF-MUC01-2026-06-22T18,MUC01,2026-06-22T18:00:00Z,2026-06-22,18,1,1.0,51
FF-MUC01-2026-06-22T19,MUC01,2026-06-22T19:00:00Z,2026-06-22,19,1,1.0,57
FF-MUC01-2026-06-22T20,MUC01,2026-06-22T20:00:00Z,2026-06-22,20,1,1.0,62
FF-MUC01-2026-06-22T21,MUC01,2026-06-22T21:00:00Z,2026-06-22,21,1,1.0,48
FF-MUC01-2026-06-23T12,MUC01,2026-06-23T12:00:00Z,2026-06-23,12,1,1.0,76
FF-MUC01-2026-06-23T13,MUC01,2026-06-23T13:00:00Z,2026-06-23,13,2,1.0,64
FF-MUC01-2026-06-23T14,MUC01,2026-06-23T14:00:00Z,2026-06-23,14,1,1.0,93
FF-MUC01-2026-06-23T15,MUC01,2026-06-23T15:00:00Z,2026-06-23,15,1,1.0,53
FF-MUC01-2026-06-23T16,MUC01,2026-06-23T16:00:00Z,2026-06-23,16,2,1.0,20
FF-MUC01-2026-06-23T17,MUC01,2026-06-23T17:00:00Z,2026-06-23,17,2,0.5,52
FF-MUC01-2026-06-23T19,MUC01,2026-06-23T19:00:00Z,2026-06-23,19,3,0.6667,52
FF-MUC01-2026-06-23T20,MUC01,2026-06-23T20:00:00Z,2026-06-23,20,1,1.0,53
FF-MUC01-2026-06-23T21,MUC01,2026-06-23T21:00:00Z,2026-06-23,21,1,1.0,62
FF-MUC01-2026-06-24T08,MUC01,2026-06-24T08:00:00Z,2026-06-24,8,1,1.0,29
FF-MUC01-2026-06-24T09,MUC01,2026-06-24T09:00:00Z,2026-06-24,9,1,1.0,53
FF-MUC01-2026-06-24T11,MUC01,2026-06-24T11:00:00Z,2026-06-24,11,1,1.0,39
FF-MUC01-2026-06-24T12,MUC01,2026-06-24T12:00:00Z,2026-06-24,12,3,0.6667,32
FF-MUC01-2026-06-24T13,MUC01,2026-06-24T13:00:00Z,2026-06-24,13,2,1.0,72
FF-MUC01-2026-06-24T14,MUC01,2026-06-24T14:00:00Z,2026-06-24,14,5,0.6,64
FF-MUC01-2026-06-24T15,MUC01,2026-06-24T15:00:00Z,2026-06-24,15,1,1.0,36
FF-MUC01-2026-06-24T16,MUC01,2026-06-24T16:00:00Z,2026-06-24,16,3,1.0,17
FF-MUC01-2026-06-24T17,MUC01,2026-06-24T17:00:00Z,2026-06-24,17,1,1.0,30
FF-MUC01-2026-06-24T18,MUC01,2026-06-24T18:00:00Z,2026-06-24,18,3,0.6667,57
FF-MUC01-2026-06-24T19,MUC01,2026-06-24T19:00:00Z,2026-06-24,19,1,1.0,12
FF-MUC01-2026-06-24T20,MUC01,2026-06-24T20:00:00Z,2026-06-24,20,1,1.0,16
FF-MUC01-2026-06-24T21,MUC01,2026-06-24T21:00:00Z,2026-06-24,21,1,1.0,61
FF-MUC01-2026-06-24T22,MUC01,2026-06-24T22:00:00Z,2026-06-24,22,1,1.0,36
FF-MUC01-2026-06-25T08,MUC01,2026-06-25T08:00:00Z,2026-06-25,8,2,0.5,57
FF-MUC01-2026-06-25T10,MUC01,2026-06-25T10:00:00Z,2026-06-25,10,1,1.0,59
FF-MUC01-2026-06-25T11,MUC01,2026-06-25T11:00:00Z,2026-06-25,11,1,1.0,65
FF-MUC01-2026-06-25T13,MUC01,2026-06-25T13:00:00Z,2026-06-25,13,6,0.8333,93
FF-MUC01-2026-06-25T14,MUC01,2026-06-25T14:00:00Z,2026-06-25,14,1,1.0,67
FF-MUC01-2026-06-25T15,MUC01,2026-06-25T15:00:00Z,2026-06-25,15,2,1.0,36
FF-MUC01-2026-06-25T16,MUC01,2026-06-25T16:00:00Z,2026-06-25,16,4,0.75,56
FF-MUC01-2026-06-25T17,MUC01,2026-06-25T17:00:00Z,2026-06-25,17,1,1.0,58
FF-MUC01-2026-06-25T18,MUC01,2026-06-25T18:00:00Z,2026-06-25,18,2,1.0,55
FF-MUC01-2026-06-25T19,MUC01,2026-06-25T19:00:00Z,2026-06-25,19,2,0.5,64
FF-MUC01-2026-06-25T21,MUC01,2026-06-25T21:00:00Z,2026-06-25,21,1,1.0,49
FF-MUC01-2026-06-26T09,MUC01,2026-06-26T09:00:00Z,2026-06-26,9,2,0.5,51
FF-MUC01-2026-06-26T11,MUC01,2026-06-26T11:00:00Z,2026-06-26,11,1,1.0,61
FF-MUC01-2026-06-26T12,MUC01,2026-06-26T12:00:00Z,2026-06-26,12,1,1.0,28
FF-MUC01-2026-06-26T13,MUC01,2026-06-26T13:00:00Z,2026-06-26,13,1,1.0,81
FF-MUC01-2026-06-26T14,MUC01,2026-06-26T14:00:00Z,2026-06-26,14,2,1.0,71
FF-MUC01-2026-06-26T15,MUC01,2026-06-26T15:00:00Z,2026-06-26,15,1,1.0,33
FF-MUC01-2026-06-26T16,MUC01,2026-06-26T16:00:00Z,2026-06-26,16,3,0.6667,25
FF-MUC01-2026-06-26T17,MUC01,2026-06-26T17:00:00Z,2026-06-26,17,1,1.0,73
FF-MUC01-2026-06-26T18,MUC01,2026-06-26T18:00:00Z,2026-06-26,18,1,1.0,53
FF-MUC01-2026-06-26T20,MUC01,2026-06-26T20:00:00Z,2026-06-26,20,1,1.0,38
FF-MUC01-2026-06-26T21,MUC01,2026-06-26T21:00:00Z,2026-06-26,21,1,1.0,15
FF-MUC01-2026-06-28T15,MUC01,2026-06-28T15:00:00Z,2026-06-28,15,1,1.0,73
FF-MUC01-2026-06-28T16,MUC01,2026-06-28T16:00:00Z,2026-06-28,16,1,1.0,77
FF-MUC01-2026-06-29T08,MUC01,2026-06-29T08:00:00Z,2026-06-29,8,1,1.0,70
FF-MUC01-2026-06-29T09,MUC01,2026-06-29T09:00:00Z,2026-06-29,9,1,1.0,49
FF-MUC01-2026-06-29T12,MUC01,2026-06-29T12:00:00Z,2026-06-29,12,1,1.0,51
FF-MUC01-2026-06-29T13,MUC01,2026-06-29T13:00:00Z,2026-06-29,13,1,1.0,100
FF-MUC01-2026-06-29T14,MUC01,2026-06-29T14:00:00Z,2026-06-29,14,1,1.0,45
FF-MUC01-2026-06-29T15,MUC01,2026-06-29T15:00:00Z,2026-06-29,15,1,1.0,24
FF-MUC01-2026-06-29T16,MUC01,2026-06-29T16:00:00Z,2026-06-29,16,2,0.5,79
FF-MUC01-2026-06-29T17,MUC01,2026-06-29T17:00:00Z,2026-06-29,17,1,1.0,39
FF-MUC01-2026-06-29T18,MUC01,2026-06-29T18:00:00Z,2026-06-29,18,1,1.0,61
FF-MUC01-2026-06-29T19,MUC01,2026-06-29T19:00:00Z,2026-06-29,19,2,0.5,50
FF-MUC01-2026-06-29T20,MUC01,2026-06-29T20:00:00Z,2026-06-29,20,1,1.0,68
FF-MUC01-2026-06-29T21,MUC01,2026-06-29T21:00:00Z,2026-06-29,21,1,1.0,56
FF-MUC01-2026-06-30T10,MUC01,2026-06-30T10:00:00Z,2026-06-30,10,1,1.0,28
FF-MUC01-2026-06-30T11,MUC01,2026-06-30T11:00:00Z,2026-06-30,11,1,1.0,14
FF-MUC01-2026-06-30T12,MUC01,2026-06-30T12:00:00Z,2026-06-30,12,3,0.6667,47
FF-MUC01-2026-06-30T13,MUC01,2026-06-30T13:00:00Z,2026-06-30,13,2,1.0,40
FF-MUC01-2026-06-30T14,MUC01,2026-06-30T14:00:00Z,2026-06-30,14,1,1.0,65
FF-MUC01-2026-06-30T15,MUC01,2026-06-30T15:00:00Z,2026-06-30,15,4,0.75,43
FF-MUC01-2026-06-30T16,MUC01,2026-06-30T16:00:00Z,2026-06-30,16,4,0.75,26
FF-MUC01-2026-06-30T17,MUC01,2026-06-30T17:00:00Z,2026-06-30,17,2,0.5,29
FF-MUC01-2026-06-30T18,MUC01,2026-06-30T18:00:00Z,2026-06-30,18,1,1.0,73
FF-MUC01-2026-06-30T19,MUC01,2026-06-30T19:00:00Z,2026-06-30,19,1,1.0,71
FF-MUC01-2026-06-30T20,MUC01,2026-06-30T20:00:00Z,2026-06-30,20,1,1.0,33
FF-MUC01-2026-07-01T08,MUC01,2026-07-01T08:00:00Z,2026-07-01,8,1,1.0,41
FF-MUC01-2026-07-01T09,MUC01,2026-07-01T09:00:00Z,2026-07-01,9,1,1.0,50
FF-MUC01-2026-07-01T11,MUC01,2026-07-01T11:00:00Z,2026-07-01,11,1,1.0,35
FF-MUC01-2026-07-01T12,MUC01,2026-07-01T12:00:00Z,2026-07-01,12,3,0.6667,57
FF-MUC01-2026-07-01T13,MUC01,2026-07-01T13:00:00Z,2026-07-01,13,1,1.0,72
FF-MUC01-2026-07-01T14,MUC01,2026-07-01T14:00:00Z,2026-07-01,14,2,1.0,45
FF-MUC01-2026-07-01T15,MUC01,2026-07-01T15:00:00Z,2026-07-01,15,4,0.75,30
FF-MUC01-2026-07-01T16,MUC01,2026-07-01T16:00:00Z,2026-07-01,16,3,0.6667,74
FF-MUC01-2026-07-01T18,MUC01,2026-07-01T18:00:00Z,2026-07-01,18,1,1.0,34
FF-MUC01-2026-07-01T20,MUC01,2026-07-01T20:00:00Z,2026-07-01,20,1,1.0,71
FF-MUC01-2026-07-01T21,MUC01,2026-07-01T21:00:00Z,2026-07-01,21,1,1.0,119
FF-MUC01-2026-07-02T10,MUC01,2026-07-02T10:00:00Z,2026-07-02,10,1,1.0,59
FF-MUC01-2026-07-02T11,MUC01,2026-07-02T11:00:00Z,2026-07-02,11,2,0.5,50
FF-MUC01-2026-07-02T12,MUC01,2026-07-02T12:00:00Z,2026-07-02,12,1,1.0,25
FF-MUC01-2026-07-02T13,MUC01,2026-07-02T13:00:00Z,2026-07-02,13,3,0.6667,14
FF-MUC01-2026-07-02T14,MUC01,2026-07-02T14:00:00Z,2026-07-02,14,2,1.0,60
FF-MUC01-2026-07-02T15,MUC01,2026-07-02T15:00:00Z,2026-07-02,15,1,1.0,55
FF-MUC01-2026-07-02T17,MUC01,2026-07-02T17:00:00Z,2026-07-02,17,1,1.0,75
FF-MUC01-2026-07-02T18,MUC01,2026-07-02T18:00:00Z,2026-07-02,18,1,1.0,51
FF-MUC01-2026-07-02T19,MUC01,2026-07-02T19:00:00Z,2026-07-02,19,1,1.0,50
FF-MUC01-2026-07-02T20,MUC01,2026-07-02T20:00:00Z,2026-07-02,20,1,1.0,59
FF-MUC01-2026-07-02T21,MUC01,2026-07-02T21:00:00Z,2026-07-02,21,1,1.0,58
FF-MUC01-2026-07-02T22,MUC01,2026-07-02T22:00:00Z,2026-07-02,22,1,1.0,36
FF-MUC01-2026-07-03T09,MUC01,2026-07-03T09:00:00Z,2026-07-03,9,2,0.5,29
FF-MUC01-2026-07-03T11,MUC01,2026-07-03T11:00:00Z,2026-07-03,11,1,1.0,82
FF-MUC01-2026-07-03T12,MUC01,2026-07-03T12:00:00Z,2026-07-03,12,2,1.0,37
FF-MUC01-2026-07-03T13,MUC01,2026-07-03T13:00:00Z,2026-07-03,13,3,0.6667,43
FF-MUC01-2026-07-03T14,MUC01,2026-07-03T14:00:00Z,2026-07-03,14,3,0.6667,35
FF-MUC01-2026-07-03T15,MUC01,2026-07-03T15:00:00Z,2026-07-03,15,1,1.0,58
FF-MUC01-2026-07-03T16,MUC01,2026-07-03T16:00:00Z,2026-07-03,16,2,1.0,38
FF-MUC01-2026-07-03T17,MUC01,2026-07-03T17:00:00Z,2026-07-03,17,1,1.0,72
FF-MUC01-2026-07-03T18,MUC01,2026-07-03T18:00:00Z,2026-07-03,18,1,1.0,66
FF-MUC01-2026-07-03T19,MUC01,2026-07-03T19:00:00Z,2026-07-03,19,1,1.0,52
FF-MUC01-2026-07-03T20,MUC01,2026-07-03T20:00:00Z,2026-07-03,20,1,1.0,29
FF-MUC01-2026-07-03T21,MUC01,2026-07-03T21:00:00Z,2026-07-03,21,1,1.0,71
FF-STR01-2026-01-01T09,STR01,2026-01-01T09:00:00Z,2026-01-01,9,1,1.0,46
FF-STR01-2026-01-01T10,STR01,2026-01-01T10:00:00Z,2026-01-01,10,1,1.0,45
FF-STR01-2026-01-01T11,STR01,2026-01-01T11:00:00Z,2026-01-01,11,1,1.0,97
FF-STR01-2026-01-01T12,STR01,2026-01-01T12:00:00Z,2026-01-01,12,1,1.0,40
FF-STR01-2026-01-01T13,STR01,2026-01-01T13:00:00Z,2026-01-01,13,1,1.0,84
FF-STR01-2026-01-01T14,STR01,2026-01-01T14:00:00Z,2026-01-01,14,3,0.6667,70
FF-STR01-2026-01-01T15,STR01,2026-01-01T15:00:00Z,2026-01-01,15,2,1.0,70
FF-STR01-2026-01-01T16,STR01,2026-01-01T16:00:00Z,2026-01-01,16,1,1.0,46
FF-STR01-2026-01-01T17,STR01,2026-01-01T17:00:00Z,2026-01-01,17,1,1.0,51
FF-STR01-2026-01-01T18,STR01,2026-01-01T18:00:00Z,2026-01-01,18,1,1.0,41
FF-STR01-2026-01-01T19,STR01,2026-01-01T19:00:00Z,2026-01-01,19,1,1.0,75
FF-STR01-2026-01-01T20,STR01,2026-01-01T20:00:00Z,2026-01-01,20,1,1.0,83
FF-STR01-2026-01-02T12,STR01,2026-01-02T12:00:00Z,2026-01-02,12,1,1.0,54
FF-STR01-2026-01-02T13,STR01,2026-01-02T13:00:00Z,2026-01-02,13,1,1.0,8
FF-STR01-2026-01-02T14,STR01,2026-01-02T14:00:00Z,2026-01-02,14,1,1.0,56
FF-STR01-2026-01-02T16,STR01,2026-01-02T16:00:00Z,2026-01-02,16,1,1.0,50
FF-STR01-2026-01-02T17,STR01,2026-01-02T17:00:00Z,2026-01-02,17,1,1.0,64
FF-STR01-2026-01-02T18,STR01,2026-01-02T18:00:00Z,2026-01-02,18,1,1.0,77
FF-STR01-2026-01-05T12,STR01,2026-01-05T12:00:00Z,2026-01-05,12,1,1.0,33
FF-STR01-2026-01-05T13,STR01,2026-01-05T13:00:00Z,2026-01-05,13,1,1.0,9
FF-STR01-2026-01-05T14,STR01,2026-01-05T14:00:00Z,2026-01-05,14,1,1.0,36
FF-STR01-2026-01-05T16,STR01,2026-01-05T16:00:00Z,2026-01-05,16,1,1.0,37
FF-STR01-2026-01-05T17,STR01,2026-01-05T17:00:00Z,2026-01-05,17,1,1.0,97
FF-STR01-2026-01-05T18,STR01,2026-01-05T18:00:00Z,2026-01-05,18,1,1.0,64
FF-STR01-2026-01-05T19,STR01,2026-01-05T19:00:00Z,2026-01-05,19,1,1.0,66
FF-STR01-2026-01-06T11,STR01,2026-01-06T11:00:00Z,2026-01-06,11,1,1.0,65
FF-STR01-2026-01-06T12,STR01,2026-01-06T12:00:00Z,2026-01-06,12,1,1.0,69
FF-STR01-2026-01-06T13,STR01,2026-01-06T13:00:00Z,2026-01-06,13,2,1.0,73
FF-STR01-2026-01-06T14,STR01,2026-01-06T14:00:00Z,2026-01-06,14,2,0.5,46
FF-STR01-2026-01-06T15,STR01,2026-01-06T15:00:00Z,2026-01-06,15,2,1.0,75
FF-STR01-2026-01-06T16,STR01,2026-01-06T16:00:00Z,2026-01-06,16,3,0.6667,15
FF-STR01-2026-01-06T17,STR01,2026-01-06T17:00:00Z,2026-01-06,17,1,1.0,52
FF-STR01-2026-01-06T18,STR01,2026-01-06T18:00:00Z,2026-01-06,18,1,1.0,63
FF-STR01-2026-01-06T22,STR01,2026-01-06T22:00:00Z,2026-01-06,22,1,1.0,53
FF-STR01-2026-01-07T11,STR01,2026-01-07T11:00:00Z,2026-01-07,11,1,1.0,65
FF-STR01-2026-01-07T12,STR01,2026-01-07T12:00:00Z,2026-01-07,12,1,1.0,48
FF-STR01-2026-01-07T13,STR01,2026-01-07T13:00:00Z,2026-01-07,13,1,1.0,70
FF-STR01-2026-01-07T14,STR01,2026-01-07T14:00:00Z,2026-01-07,14,1,1.0,61
FF-STR01-2026-01-07T15,STR01,2026-01-07T15:00:00Z,2026-01-07,15,1,1.0,38
FF-STR01-2026-01-07T16,STR01,2026-01-07T16:00:00Z,2026-01-07,16,1,1.0,49
FF-STR01-2026-01-07T17,STR01,2026-01-07T17:00:00Z,2026-01-07,17,1,1.0,60
FF-STR01-2026-01-07T18,STR01,2026-01-07T18:00:00Z,2026-01-07,18,1,1.0,31
FF-STR01-2026-01-07T19,STR01,2026-01-07T19:00:00Z,2026-01-07,19,1,1.0,26
FF-STR01-2026-01-07T21,STR01,2026-01-07T21:00:00Z,2026-01-07,21,1,1.0,57
FF-STR01-2026-01-08T11,STR01,2026-01-08T11:00:00Z,2026-01-08,11,1,1.0,53
FF-STR01-2026-01-08T13,STR01,2026-01-08T13:00:00Z,2026-01-08,13,1,1.0,58
FF-STR01-2026-01-08T14,STR01,2026-01-08T14:00:00Z,2026-01-08,14,1,1.0,43
FF-STR01-2026-01-08T15,STR01,2026-01-08T15:00:00Z,2026-01-08,15,3,0.6667,39
FF-STR01-2026-01-08T16,STR01,2026-01-08T16:00:00Z,2026-01-08,16,1,1.0,30
FF-STR01-2026-01-08T17,STR01,2026-01-08T17:00:00Z,2026-01-08,17,1,1.0,48
FF-STR01-2026-01-08T18,STR01,2026-01-08T18:00:00Z,2026-01-08,18,1,1.0,56
FF-STR01-2026-01-08T19,STR01,2026-01-08T19:00:00Z,2026-01-08,19,1,1.0,39
FF-STR01-2026-01-08T20,STR01,2026-01-08T20:00:00Z,2026-01-08,20,1,1.0,34
FF-STR01-2026-01-08T21,STR01,2026-01-08T21:00:00Z,2026-01-08,21,1,1.0,87
FF-STR01-2026-01-09T10,STR01,2026-01-09T10:00:00Z,2026-01-09,10,1,1.0,43
FF-STR01-2026-01-09T11,STR01,2026-01-09T11:00:00Z,2026-01-09,11,1,1.0,77
FF-STR01-2026-01-09T12,STR01,2026-01-09T12:00:00Z,2026-01-09,12,1,1.0,39
FF-STR01-2026-01-09T13,STR01,2026-01-09T13:00:00Z,2026-01-09,13,1,1.0,33
FF-STR01-2026-01-09T14,STR01,2026-01-09T14:00:00Z,2026-01-09,14,1,1.0,42
FF-STR01-2026-01-09T15,STR01,2026-01-09T15:00:00Z,2026-01-09,15,1,1.0,88
FF-STR01-2026-01-09T18,STR01,2026-01-09T18:00:00Z,2026-01-09,18,1,1.0,48
FF-STR01-2026-01-12T11,STR01,2026-01-12T11:00:00Z,2026-01-12,11,1,1.0,68
FF-STR01-2026-01-12T12,STR01,2026-01-12T12:00:00Z,2026-01-12,12,1,1.0,30
FF-STR01-2026-01-12T13,STR01,2026-01-12T13:00:00Z,2026-01-12,13,2,1.0,71
FF-STR01-2026-01-12T14,STR01,2026-01-12T14:00:00Z,2026-01-12,14,3,0.6667,37
FF-STR01-2026-01-12T15,STR01,2026-01-12T15:00:00Z,2026-01-12,15,1,1.0,49
FF-STR01-2026-01-12T16,STR01,2026-01-12T16:00:00Z,2026-01-12,16,1,1.0,28
FF-STR01-2026-01-12T17,STR01,2026-01-12T17:00:00Z,2026-01-12,17,2,1.0,87
FF-STR01-2026-01-12T19,STR01,2026-01-12T19:00:00Z,2026-01-12,19,1,1.0,54
FF-STR01-2026-01-13T10,STR01,2026-01-13T10:00:00Z,2026-01-13,10,1,1.0,40
FF-STR01-2026-01-13T11,STR01,2026-01-13T11:00:00Z,2026-01-13,11,2,0.5,59
FF-STR01-2026-01-13T12,STR01,2026-01-13T12:00:00Z,2026-01-13,12,1,1.0,56
FF-STR01-2026-01-13T13,STR01,2026-01-13T13:00:00Z,2026-01-13,13,2,1.0,58
FF-STR01-2026-01-13T14,STR01,2026-01-13T14:00:00Z,2026-01-13,14,1,1.0,49
FF-STR01-2026-01-13T15,STR01,2026-01-13T15:00:00Z,2026-01-13,15,2,1.0,21
FF-STR01-2026-01-13T16,STR01,2026-01-13T16:00:00Z,2026-01-13,16,1,1.0,52
FF-STR01-2026-01-13T17,STR01,2026-01-13T17:00:00Z,2026-01-13,17,1,1.0,75
FF-STR01-2026-01-13T18,STR01,2026-01-13T18:00:00Z,2026-01-13,18,1,1.0,46
FF-STR01-2026-01-13T19,STR01,2026-01-13T19:00:00Z,2026-01-13,19,1,1.0,74
FF-STR01-2026-01-14T09,STR01,2026-01-14T09:00:00Z,2026-01-14,9,1,1.0,11
FF-STR01-2026-01-14T12,STR01,2026-01-14T12:00:00Z,2026-01-14,12,1,1.0,90
FF-STR01-2026-01-14T14,STR01,2026-01-14T14:00:00Z,2026-01-14,14,2,1.0,73
FF-STR01-2026-01-14T15,STR01,2026-01-14T15:00:00Z,2026-01-14,15,3,0.6667,51
FF-STR01-2026-01-14T16,STR01,2026-01-14T16:00:00Z,2026-01-14,16,2,1.0,44
FF-STR01-2026-01-14T17,STR01,2026-01-14T17:00:00Z,2026-01-14,17,2,0.5,40
FF-STR01-2026-01-14T18,STR01,2026-01-14T18:00:00Z,2026-01-14,18,2,0.5,31
FF-STR01-2026-01-14T19,STR01,2026-01-14T19:00:00Z,2026-01-14,19,1,1.0,63
FF-STR01-2026-01-14T20,STR01,2026-01-14T20:00:00Z,2026-01-14,20,1,1.0,59
FF-STR01-2026-01-14T21,STR01,2026-01-14T21:00:00Z,2026-01-14,21,1,1.0,60
FF-STR01-2026-01-15T08,STR01,2026-01-15T08:00:00Z,2026-01-15,8,1,1.0,57
FF-STR01-2026-01-15T09,STR01,2026-01-15T09:00:00Z,2026-01-15,9,1,1.0,40
FF-STR01-2026-01-15T13,STR01,2026-01-15T13:00:00Z,2026-01-15,13,1,1.0,85
FF-STR01-2026-01-15T15,STR01,2026-01-15T15:00:00Z,2026-01-15,15,1,1.0,19
FF-STR01-2026-01-15T16,STR01,2026-01-15T16:00:00Z,2026-01-15,16,1,1.0,56
FF-STR01-2026-01-15T17,STR01,2026-01-15T17:00:00Z,2026-01-15,17,1,1.0,32
FF-STR01-2026-01-15T18,STR01,2026-01-15T18:00:00Z,2026-01-15,18,1,1.0,61
FF-STR01-2026-01-15T19,STR01,2026-01-15T19:00:00Z,2026-01-15,19,1,1.0,51
FF-STR01-2026-01-16T09,STR01,2026-01-16T09:00:00Z,2026-01-16,9,1,1.0,28
FF-STR01-2026-01-16T12,STR01,2026-01-16T12:00:00Z,2026-01-16,12,1,1.0,54
FF-STR01-2026-01-16T15,STR01,2026-01-16T15:00:00Z,2026-01-16,15,1,1.0,101
FF-STR01-2026-01-16T16,STR01,2026-01-16T16:00:00Z,2026-01-16,16,1,1.0,46
FF-STR01-2026-01-16T17,STR01,2026-01-16T17:00:00Z,2026-01-16,17,1,1.0,47
FF-STR01-2026-01-16T18,STR01,2026-01-16T18:00:00Z,2026-01-16,18,1,1.0,76
FF-STR01-2026-01-16T20,STR01,2026-01-16T20:00:00Z,2026-01-16,20,1,1.0,45
FF-STR01-2026-01-19T10,STR01,2026-01-19T10:00:00Z,2026-01-19,10,1,1.0,60
FF-STR01-2026-01-19T11,STR01,2026-01-19T11:00:00Z,2026-01-19,11,1,1.0,41
FF-STR01-2026-01-19T13,STR01,2026-01-19T13:00:00Z,2026-01-19,13,1,1.0,33
FF-STR01-2026-01-19T14,STR01,2026-01-19T14:00:00Z,2026-01-19,14,1,1.0,51
FF-STR01-2026-01-19T15,STR01,2026-01-19T15:00:00Z,2026-01-19,15,1,1.0,68
FF-STR01-2026-01-19T16,STR01,2026-01-19T16:00:00Z,2026-01-19,16,2,1.0,42
FF-STR01-2026-01-19T17,STR01,2026-01-19T17:00:00Z,2026-01-19,17,1,1.0,42
FF-STR01-2026-01-19T18,STR01,2026-01-19T18:00:00Z,2026-01-19,18,1,1.0,35
FF-STR01-2026-01-19T20,STR01,2026-01-19T20:00:00Z,2026-01-19,20,1,1.0,49
FF-STR01-2026-01-20T09,STR01,2026-01-20T09:00:00Z,2026-01-20,9,1,1.0,88
FF-STR01-2026-01-20T11,STR01,2026-01-20T11:00:00Z,2026-01-20,11,1,1.0,40
FF-STR01-2026-01-20T12,STR01,2026-01-20T12:00:00Z,2026-01-20,12,1,1.0,54
FF-STR01-2026-01-20T13,STR01,2026-01-20T13:00:00Z,2026-01-20,13,1,1.0,91
FF-STR01-2026-01-20T15,STR01,2026-01-20T15:00:00Z,2026-01-20,15,1,1.0,76
FF-STR01-2026-01-20T16,STR01,2026-01-20T16:00:00Z,2026-01-20,16,1,1.0,56
FF-STR01-2026-01-20T17,STR01,2026-01-20T17:00:00Z,2026-01-20,17,1,1.0,82
FF-STR01-2026-01-20T18,STR01,2026-01-20T18:00:00Z,2026-01-20,18,1,1.0,65
FF-STR01-2026-01-20T19,STR01,2026-01-20T19:00:00Z,2026-01-20,19,1,1.0,48
FF-STR01-2026-01-20T21,STR01,2026-01-20T21:00:00Z,2026-01-20,21,1,1.0,37
FF-STR01-2026-01-21T09,STR01,2026-01-21T09:00:00Z,2026-01-21,9,1,1.0,31
FF-STR01-2026-01-21T12,STR01,2026-01-21T12:00:00Z,2026-01-21,12,1,1.0,48
FF-STR01-2026-01-21T13,STR01,2026-01-21T13:00:00Z,2026-01-21,13,3,0.6667,47
FF-STR01-2026-01-21T14,STR01,2026-01-21T14:00:00Z,2026-01-21,14,2,1.0,45
FF-STR01-2026-01-21T15,STR01,2026-01-21T15:00:00Z,2026-01-21,15,1,1.0,71
FF-STR01-2026-01-21T16,STR01,2026-01-21T16:00:00Z,2026-01-21,16,2,1.0,65
FF-STR01-2026-01-21T18,STR01,2026-01-21T18:00:00Z,2026-01-21,18,1,1.0,11
FF-STR01-2026-01-21T19,STR01,2026-01-21T19:00:00Z,2026-01-21,19,1,1.0,22
FF-STR01-2026-01-21T20,STR01,2026-01-21T20:00:00Z,2026-01-21,20,1,1.0,47
FF-STR01-2026-01-21T22,STR01,2026-01-21T22:00:00Z,2026-01-21,22,1,1.0,57
FF-STR01-2026-01-22T08,STR01,2026-01-22T08:00:00Z,2026-01-22,8,1,1.0,51
FF-STR01-2026-01-22T11,STR01,2026-01-22T11:00:00Z,2026-01-22,11,1,1.0,48
FF-STR01-2026-01-22T12,STR01,2026-01-22T12:00:00Z,2026-01-22,12,3,0.6667,76
FF-STR01-2026-01-22T13,STR01,2026-01-22T13:00:00Z,2026-01-22,13,2,1.0,61
FF-STR01-2026-01-22T14,STR01,2026-01-22T14:00:00Z,2026-01-22,14,3,0.6667,37
FF-STR01-2026-01-22T15,STR01,2026-01-22T15:00:00Z,2026-01-22,15,1,1.0,71
FF-STR01-2026-01-22T16,STR01,2026-01-22T16:00:00Z,2026-01-22,16,1,1.0,22
FF-STR01-2026-01-22T17,STR01,2026-01-22T17:00:00Z,2026-01-22,17,2,0.5,31
FF-STR01-2026-01-22T18,STR01,2026-01-22T18:00:00Z,2026-01-22,18,1,1.0,58
FF-STR01-2026-01-22T19,STR01,2026-01-22T19:00:00Z,2026-01-22,19,1,1.0,14
FF-STR01-2026-01-22T20,STR01,2026-01-22T20:00:00Z,2026-01-22,20,1,1.0,26
FF-STR01-2026-01-22T21,STR01,2026-01-22T21:00:00Z,2026-01-22,21,1,1.0,41
FF-STR01-2026-01-23T12,STR01,2026-01-23T12:00:00Z,2026-01-23,12,1,1.0,28
FF-STR01-2026-01-23T13,STR01,2026-01-23T13:00:00Z,2026-01-23,13,1,1.0,28
FF-STR01-2026-01-23T14,STR01,2026-01-23T14:00:00Z,2026-01-23,14,1,1.0,10
FF-STR01-2026-01-23T15,STR01,2026-01-23T15:00:00Z,2026-01-23,15,1,1.0,79
FF-STR01-2026-01-23T16,STR01,2026-01-23T16:00:00Z,2026-01-23,16,2,0.5,38
FF-STR01-2026-01-23T17,STR01,2026-01-23T17:00:00Z,2026-01-23,17,2,0.5,18
FF-STR01-2026-01-23T18,STR01,2026-01-23T18:00:00Z,2026-01-23,18,1,1.0,36
FF-STR01-2026-01-23T19,STR01,2026-01-23T19:00:00Z,2026-01-23,19,1,1.0,69
FF-STR01-2026-01-23T21,STR01,2026-01-23T21:00:00Z,2026-01-23,21,1,1.0,83
FF-STR01-2026-01-26T09,STR01,2026-01-26T09:00:00Z,2026-01-26,9,1,1.0,39
FF-STR01-2026-01-26T13,STR01,2026-01-26T13:00:00Z,2026-01-26,13,1,1.0,59
FF-STR01-2026-01-26T14,STR01,2026-01-26T14:00:00Z,2026-01-26,14,1,1.0,44
FF-STR01-2026-01-26T15,STR01,2026-01-26T15:00:00Z,2026-01-26,15,1,1.0,91
FF-STR01-2026-01-26T16,STR01,2026-01-26T16:00:00Z,2026-01-26,16,1,1.0,30
FF-STR01-2026-01-26T17,STR01,2026-01-26T17:00:00Z,2026-01-26,17,1,1.0,45
FF-STR01-2026-01-26T18,STR01,2026-01-26T18:00:00Z,2026-01-26,18,1,1.0,70
FF-STR01-2026-01-27T12,STR01,2026-01-27T12:00:00Z,2026-01-27,12,1,1.0,48
FF-STR01-2026-01-27T13,STR01,2026-01-27T13:00:00Z,2026-01-27,13,1,1.0,15
FF-STR01-2026-01-27T15,STR01,2026-01-27T15:00:00Z,2026-01-27,15,2,1.0,75
FF-STR01-2026-01-27T16,STR01,2026-01-27T16:00:00Z,2026-01-27,16,1,1.0,38
FF-STR01-2026-01-27T17,STR01,2026-01-27T17:00:00Z,2026-01-27,17,1,1.0,10
FF-STR01-2026-01-27T18,STR01,2026-01-27T18:00:00Z,2026-01-27,18,1,1.0,32
FF-STR01-2026-01-28T12,STR01,2026-01-28T12:00:00Z,2026-01-28,12,2,0.5,57
FF-STR01-2026-01-28T13,STR01,2026-01-28T13:00:00Z,2026-01-28,13,1,1.0,74
FF-STR01-2026-01-28T14,STR01,2026-01-28T14:00:00Z,2026-01-28,14,1,1.0,51
FF-STR01-2026-01-28T15,STR01,2026-01-28T15:00:00Z,2026-01-28,15,2,0.5,37
FF-STR01-2026-01-28T16,STR01,2026-01-28T16:00:00Z,2026-01-28,16,1,1.0,62
FF-STR01-2026-01-28T17,STR01,2026-01-28T17:00:00Z,2026-01-28,17,1,1.0,44
FF-STR01-2026-01-28T18,STR01,2026-01-28T18:00:00Z,2026-01-28,18,1,1.0,53
FF-STR01-2026-01-28T21,STR01,2026-01-28T21:00:00Z,2026-01-28,21,1,1.0,30
FF-STR01-2026-01-29T12,STR01,2026-01-29T12:00:00Z,2026-01-29,12,1,1.0,43
FF-STR01-2026-01-29T13,STR01,2026-01-29T13:00:00Z,2026-01-29,13,3,0.6667,51
FF-STR01-2026-01-29T14,STR01,2026-01-29T14:00:00Z,2026-01-29,14,1,1.0,41
FF-STR01-2026-01-29T15,STR01,2026-01-29T15:00:00Z,2026-01-29,15,1,1.0,85
FF-STR01-2026-01-29T16,STR01,2026-01-29T16:00:00Z,2026-01-29,16,1,1.0,76
FF-STR01-2026-01-29T17,STR01,2026-01-29T17:00:00Z,2026-01-29,17,1,1.0,52
FF-STR01-2026-01-29T18,STR01,2026-01-29T18:00:00Z,2026-01-29,18,1,1.0,66
FF-STR01-2026-01-29T19,STR01,2026-01-29T19:00:00Z,2026-01-29,19,1,1.0,44
FF-STR01-2026-01-29T20,STR01,2026-01-29T20:00:00Z,2026-01-29,20,1,1.0,72
FF-STR01-2026-01-30T13,STR01,2026-01-30T13:00:00Z,2026-01-30,13,1,1.0,46
FF-STR01-2026-01-30T14,STR01,2026-01-30T14:00:00Z,2026-01-30,14,1,1.0,55
FF-STR01-2026-01-30T15,STR01,2026-01-30T15:00:00Z,2026-01-30,15,1,1.0,87
FF-STR01-2026-01-30T17,STR01,2026-01-30T17:00:00Z,2026-01-30,17,1,1.0,79
FF-STR01-2026-02-02T08,STR01,2026-02-02T08:00:00Z,2026-02-02,8,1,1.0,40
FF-STR01-2026-02-02T11,STR01,2026-02-02T11:00:00Z,2026-02-02,11,1,1.0,73
FF-STR01-2026-02-02T12,STR01,2026-02-02T12:00:00Z,2026-02-02,12,1,1.0,14
FF-STR01-2026-02-02T13,STR01,2026-02-02T13:00:00Z,2026-02-02,13,1,1.0,73
FF-STR01-2026-02-02T14,STR01,2026-02-02T14:00:00Z,2026-02-02,14,1,1.0,61
FF-STR01-2026-02-02T15,STR01,2026-02-02T15:00:00Z,2026-02-02,15,3,0.6667,55
FF-STR01-2026-02-02T16,STR01,2026-02-02T16:00:00Z,2026-02-02,16,1,1.0,47
FF-STR01-2026-02-02T17,STR01,2026-02-02T17:00:00Z,2026-02-02,17,1,1.0,59
FF-STR01-2026-02-02T18,STR01,2026-02-02T18:00:00Z,2026-02-02,18,1,1.0,52
FF-STR01-2026-02-02T19,STR01,2026-02-02T19:00:00Z,2026-02-02,19,1,1.0,87
FF-STR01-2026-02-02T20,STR01,2026-02-02T20:00:00Z,2026-02-02,20,1,1.0,78
FF-STR01-2026-02-03T08,STR01,2026-02-03T08:00:00Z,2026-02-03,8,1,1.0,30
FF-STR01-2026-02-03T11,STR01,2026-02-03T11:00:00Z,2026-02-03,11,1,1.0,25
FF-STR01-2026-02-03T12,STR01,2026-02-03T12:00:00Z,2026-02-03,12,1,1.0,62
FF-STR01-2026-02-03T13,STR01,2026-02-03T13:00:00Z,2026-02-03,13,2,1.0,51
FF-STR01-2026-02-03T14,STR01,2026-02-03T14:00:00Z,2026-02-03,14,2,1.0,20
FF-STR01-2026-02-03T15,STR01,2026-02-03T15:00:00Z,2026-02-03,15,1,1.0,76
FF-STR01-2026-02-03T16,STR01,2026-02-03T16:00:00Z,2026-02-03,16,1,1.0,23
FF-STR01-2026-02-03T17,STR01,2026-02-03T17:00:00Z,2026-02-03,17,1,1.0,69
FF-STR01-2026-02-03T19,STR01,2026-02-03T19:00:00Z,2026-02-03,19,1,1.0,67
FF-STR01-2026-02-03T21,STR01,2026-02-03T21:00:00Z,2026-02-03,21,1,1.0,80
FF-STR01-2026-02-04T09,STR01,2026-02-04T09:00:00Z,2026-02-04,9,1,1.0,71
FF-STR01-2026-02-04T13,STR01,2026-02-04T13:00:00Z,2026-02-04,13,1,1.0,-5
FF-STR01-2026-02-04T14,STR01,2026-02-04T14:00:00Z,2026-02-04,14,1,1.0,57
FF-STR01-2026-02-04T15,STR01,2026-02-04T15:00:00Z,2026-02-04,15,1,1.0,33
FF-STR01-2026-02-04T16,STR01,2026-02-04T16:00:00Z,2026-02-04,16,1,1.0,45
FF-STR01-2026-02-04T17,STR01,2026-02-04T17:00:00Z,2026-02-04,17,1,1.0,53
FF-STR01-2026-02-04T18,STR01,2026-02-04T18:00:00Z,2026-02-04,18,1,1.0,97
FF-STR01-2026-02-04T19,STR01,2026-02-04T19:00:00Z,2026-02-04,19,1,1.0,31
FF-STR01-2026-02-04T20,STR01,2026-02-04T20:00:00Z,2026-02-04,20,1,1.0,53
FF-STR01-2026-02-04T21,STR01,2026-02-04T21:00:00Z,2026-02-04,21,1,1.0,63
FF-STR01-2026-02-05T11,STR01,2026-02-05T11:00:00Z,2026-02-05,11,1,1.0,59
FF-STR01-2026-02-05T12,STR01,2026-02-05T12:00:00Z,2026-02-05,12,1,1.0,29
FF-STR01-2026-02-05T13,STR01,2026-02-05T13:00:00Z,2026-02-05,13,2,1.0,46
FF-STR01-2026-02-05T14,STR01,2026-02-05T14:00:00Z,2026-02-05,14,1,1.0,99
FF-STR01-2026-02-05T15,STR01,2026-02-05T15:00:00Z,2026-02-05,15,1,1.0,38
FF-STR01-2026-02-05T16,STR01,2026-02-05T16:00:00Z,2026-02-05,16,1,1.0,21
FF-STR01-2026-02-05T17,STR01,2026-02-05T17:00:00Z,2026-02-05,17,2,0.5,85
FF-STR01-2026-02-05T18,STR01,2026-02-05T18:00:00Z,2026-02-05,18,1,1.0,40
FF-STR01-2026-02-05T20,STR01,2026-02-05T20:00:00Z,2026-02-05,20,1,1.0,70
FF-STR01-2026-02-06T09,STR01,2026-02-06T09:00:00Z,2026-02-06,9,1,1.0,48
FF-STR01-2026-02-06T12,STR01,2026-02-06T12:00:00Z,2026-02-06,12,1,1.0,12
FF-STR01-2026-02-06T13,STR01,2026-02-06T13:00:00Z,2026-02-06,13,1,1.0,63
FF-STR01-2026-02-06T14,STR01,2026-02-06T14:00:00Z,2026-02-06,14,1,1.0,65
FF-STR01-2026-02-06T15,STR01,2026-02-06T15:00:00Z,2026-02-06,15,1,1.0,84
FF-STR01-2026-02-06T16,STR01,2026-02-06T16:00:00Z,2026-02-06,16,2,0.5,46
FF-STR01-2026-02-06T17,STR01,2026-02-06T17:00:00Z,2026-02-06,17,1,1.0,21
FF-STR01-2026-02-06T18,STR01,2026-02-06T18:00:00Z,2026-02-06,18,1,1.0,45
FF-STR01-2026-02-06T19,STR01,2026-02-06T19:00:00Z,2026-02-06,19,1,1.0,3
FF-STR01-2026-02-09T09,STR01,2026-02-09T09:00:00Z,2026-02-09,9,2,0.5,40
FF-STR01-2026-02-09T12,STR01,2026-02-09T12:00:00Z,2026-02-09,12,1,1.0,78
FF-STR01-2026-02-09T13,STR01,2026-02-09T13:00:00Z,2026-02-09,13,1,1.0,22
FF-STR01-2026-02-09T14,STR01,2026-02-09T14:00:00Z,2026-02-09,14,1,1.0,89
FF-STR01-2026-02-09T15,STR01,2026-02-09T15:00:00Z,2026-02-09,15,1,1.0,66
FF-STR01-2026-02-09T16,STR01,2026-02-09T16:00:00Z,2026-02-09,16,1,1.0,40
FF-STR01-2026-02-09T17,STR01,2026-02-09T17:00:00Z,2026-02-09,17,1,1.0,74
FF-STR01-2026-02-09T18,STR01,2026-02-09T18:00:00Z,2026-02-09,18,1,1.0,66
FF-STR01-2026-02-09T19,STR01,2026-02-09T19:00:00Z,2026-02-09,19,1,1.0,40
FF-STR01-2026-02-09T21,STR01,2026-02-09T21:00:00Z,2026-02-09,21,1,1.0,44
FF-STR01-2026-02-10T09,STR01,2026-02-10T09:00:00Z,2026-02-10,9,2,0.5,53
FF-STR01-2026-02-10T12,STR01,2026-02-10T12:00:00Z,2026-02-10,12,1,1.0,75
FF-STR01-2026-02-10T13,STR01,2026-02-10T13:00:00Z,2026-02-10,13,1,1.0,64
FF-STR01-2026-02-10T14,STR01,2026-02-10T14:00:00Z,2026-02-10,14,3,0.6667,53
FF-STR01-2026-02-10T15,STR01,2026-02-10T15:00:00Z,2026-02-10,15,1,1.0,30
FF-STR01-2026-02-10T16,STR01,2026-02-10T16:00:00Z,2026-02-10,16,2,1.0,72
FF-STR01-2026-02-10T17,STR01,2026-02-10T17:00:00Z,2026-02-10,17,1,1.0,37
FF-STR01-2026-02-10T18,STR01,2026-02-10T18:00:00Z,2026-02-10,18,1,1.0,40
FF-STR01-2026-02-10T19,STR01,2026-02-10T19:00:00Z,2026-02-10,19,1,1.0,71
FF-STR01-2026-02-10T21,STR01,2026-02-10T21:00:00Z,2026-02-10,21,1,1.0,58
FF-STR01-2026-02-11T08,STR01,2026-02-11T08:00:00Z,2026-02-11,8,1,1.0,23
FF-STR01-2026-02-11T09,STR01,2026-02-11T09:00:00Z,2026-02-11,9,1,1.0,61
FF-STR01-2026-02-11T11,STR01,2026-02-11T11:00:00Z,2026-02-11,11,1,1.0,49
FF-STR01-2026-02-11T12,STR01,2026-02-11T12:00:00Z,2026-02-11,12,1,1.0,32
FF-STR01-2026-02-11T13,STR01,2026-02-11T13:00:00Z,2026-02-11,13,1,1.0,24
FF-STR01-2026-02-11T14,STR01,2026-02-11T14:00:00Z,2026-02-11,14,1,1.0,43
FF-STR01-2026-02-11T15,STR01,2026-02-11T15:00:00Z,2026-02-11,15,1,1.0,60
FF-STR01-2026-02-11T16,STR01,2026-02-11T16:00:00Z,2026-02-11,16,1,1.0,50
FF-STR01-2026-02-11T17,STR01,2026-02-11T17:00:00Z,2026-02-11,17,2,1.0,55
FF-STR01-2026-02-11T18,STR01,2026-02-11T18:00:00Z,2026-02-11,18,1,1.0,44
FF-STR01-2026-02-11T19,STR01,2026-02-11T19:00:00Z,2026-02-11,19,1,1.0,55
FF-STR01-2026-02-11T20,STR01,2026-02-11T20:00:00Z,2026-02-11,20,1,1.0,56
FF-STR01-2026-02-11T21,STR01,2026-02-11T21:00:00Z,2026-02-11,21,1,1.0,49
FF-STR01-2026-02-12T09,STR01,2026-02-12T09:00:00Z,2026-02-12,9,1,1.0,77
FF-STR01-2026-02-12T10,STR01,2026-02-12T10:00:00Z,2026-02-12,10,1,1.0,29
FF-STR01-2026-02-12T11,STR01,2026-02-12T11:00:00Z,2026-02-12,11,1,1.0,43
FF-STR01-2026-02-12T12,STR01,2026-02-12T12:00:00Z,2026-02-12,12,1,1.0,34
FF-STR01-2026-02-12T13,STR01,2026-02-12T13:00:00Z,2026-02-12,13,2,1.0,35
FF-STR01-2026-02-12T14,STR01,2026-02-12T14:00:00Z,2026-02-12,14,1,1.0,64
FF-STR01-2026-02-12T15,STR01,2026-02-12T15:00:00Z,2026-02-12,15,1,1.0,63
FF-STR01-2026-02-12T16,STR01,2026-02-12T16:00:00Z,2026-02-12,16,2,1.0,30
FF-STR01-2026-02-12T17,STR01,2026-02-12T17:00:00Z,2026-02-12,17,1,1.0,35
FF-STR01-2026-02-12T18,STR01,2026-02-12T18:00:00Z,2026-02-12,18,1,1.0,35
FF-STR01-2026-02-12T19,STR01,2026-02-12T19:00:00Z,2026-02-12,19,1,1.0,60
FF-STR01-2026-02-12T21,STR01,2026-02-12T21:00:00Z,2026-02-12,21,1,1.0,40
FF-STR01-2026-02-13T12,STR01,2026-02-13T12:00:00Z,2026-02-13,12,1,1.0,5
FF-STR01-2026-02-13T14,STR01,2026-02-13T14:00:00Z,2026-02-13,14,1,1.0,57
FF-STR01-2026-02-13T15,STR01,2026-02-13T15:00:00Z,2026-02-13,15,1,1.0,73
FF-STR01-2026-02-13T16,STR01,2026-02-13T16:00:00Z,2026-02-13,16,1,1.0,55
FF-STR01-2026-02-13T18,STR01,2026-02-13T18:00:00Z,2026-02-13,18,1,1.0,85
FF-STR01-2026-02-16T11,STR01,2026-02-16T11:00:00Z,2026-02-16,11,2,0.5,53
FF-STR01-2026-02-16T12,STR01,2026-02-16T12:00:00Z,2026-02-16,12,1,1.0,21
FF-STR01-2026-02-16T13,STR01,2026-02-16T13:00:00Z,2026-02-16,13,1,1.0,61
FF-STR01-2026-02-16T14,STR01,2026-02-16T14:00:00Z,2026-02-16,14,1,1.0,65
FF-STR01-2026-02-16T15,STR01,2026-02-16T15:00:00Z,2026-02-16,15,1,1.0,79
FF-STR01-2026-02-16T16,STR01,2026-02-16T16:00:00Z,2026-02-16,16,2,1.0,33
FF-STR01-2026-02-16T17,STR01,2026-02-16T17:00:00Z,2026-02-16,17,1,1.0,10
FF-STR01-2026-02-16T19,STR01,2026-02-16T19:00:00Z,2026-02-16,19,1,1.0,50
FF-STR01-2026-02-16T20,STR01,2026-02-16T20:00:00Z,2026-02-16,20,1,1.0,54
FF-STR01-2026-02-16T21,STR01,2026-02-16T21:00:00Z,2026-02-16,21,1,1.0,61
FF-STR01-2026-02-17T10,STR01,2026-02-17T10:00:00Z,2026-02-17,10,1,1.0,63
FF-STR01-2026-02-17T11,STR01,2026-02-17T11:00:00Z,2026-02-17,11,1,1.0,60
FF-STR01-2026-02-17T12,STR01,2026-02-17T12:00:00Z,2026-02-17,12,1,1.0,17
FF-STR01-2026-02-17T14,STR01,2026-02-17T14:00:00Z,2026-02-17,14,1,1.0,82
FF-STR01-2026-02-17T15,STR01,2026-02-17T15:00:00Z,2026-02-17,15,1,1.0,35
FF-STR01-2026-02-17T16,STR01,2026-02-17T16:00:00Z,2026-02-17,16,3,1.0,31
FF-STR01-2026-02-17T17,STR01,2026-02-17T17:00:00Z,2026-02-17,17,1,1.0,35
FF-STR01-2026-02-17T18,STR01,2026-02-17T18:00:00Z,2026-02-17,18,2,1.0,66
FF-STR01-2026-02-17T19,STR01,2026-02-17T19:00:00Z,2026-02-17,19,1,1.0,78
FF-STR01-2026-02-17T20,STR01,2026-02-17T20:00:00Z,2026-02-17,20,1,1.0,17
FF-STR01-2026-02-17T21,STR01,2026-02-17T21:00:00Z,2026-02-17,21,1,1.0,75
FF-STR01-2026-02-18T09,STR01,2026-02-18T09:00:00Z,2026-02-18,9,1,1.0,42
FF-STR01-2026-02-18T10,STR01,2026-02-18T10:00:00Z,2026-02-18,10,1,1.0,31
FF-STR01-2026-02-18T11,STR01,2026-02-18T11:00:00Z,2026-02-18,11,2,0.5,88
FF-STR01-2026-02-18T12,STR01,2026-02-18T12:00:00Z,2026-02-18,12,1,1.0,23
FF-STR01-2026-02-18T13,STR01,2026-02-18T13:00:00Z,2026-02-18,13,3,1.0,71
FF-STR01-2026-02-18T14,STR01,2026-02-18T14:00:00Z,2026-02-18,14,3,0.6667,74
FF-STR01-2026-02-18T15,STR01,2026-02-18T15:00:00Z,2026-02-18,15,1,1.0,14
FF-STR01-2026-02-18T16,STR01,2026-02-18T16:00:00Z,2026-02-18,16,1,1.0,32
FF-STR01-2026-02-18T17,STR01,2026-02-18T17:00:00Z,2026-02-18,17,1,1.0,78
FF-STR01-2026-02-18T18,STR01,2026-02-18T18:00:00Z,2026-02-18,18,3,0.6667,37
FF-STR01-2026-02-18T19,STR01,2026-02-18T19:00:00Z,2026-02-18,19,1,1.0,79
FF-STR01-2026-02-18T20,STR01,2026-02-18T20:00:00Z,2026-02-18,20,1,1.0,88
FF-STR01-2026-02-18T21,STR01,2026-02-18T21:00:00Z,2026-02-18,21,1,1.0,56
FF-STR01-2026-02-19T11,STR01,2026-02-19T11:00:00Z,2026-02-19,11,1,1.0,67
FF-STR01-2026-02-19T12,STR01,2026-02-19T12:00:00Z,2026-02-19,12,1,1.0,53
FF-STR01-2026-02-19T13,STR01,2026-02-19T13:00:00Z,2026-02-19,13,1,1.0,42
FF-STR01-2026-02-19T14,STR01,2026-02-19T14:00:00Z,2026-02-19,14,1,1.0,71
FF-STR01-2026-02-19T15,STR01,2026-02-19T15:00:00Z,2026-02-19,15,1,1.0,41
FF-STR01-2026-02-19T16,STR01,2026-02-19T16:00:00Z,2026-02-19,16,1,1.0,53
FF-STR01-2026-02-19T17,STR01,2026-02-19T17:00:00Z,2026-02-19,17,1,1.0,56
FF-STR01-2026-02-19T18,STR01,2026-02-19T18:00:00Z,2026-02-19,18,1,1.0,58
FF-STR01-2026-02-20T09,STR01,2026-02-20T09:00:00Z,2026-02-20,9,1,1.0,77
FF-STR01-2026-02-20T11,STR01,2026-02-20T11:00:00Z,2026-02-20,11,2,0.5,34
FF-STR01-2026-02-20T12,STR01,2026-02-20T12:00:00Z,2026-02-20,12,1,1.0,21
FF-STR01-2026-02-20T13,STR01,2026-02-20T13:00:00Z,2026-02-20,13,1,1.0,31
FF-STR01-2026-02-20T14,STR01,2026-02-20T14:00:00Z,2026-02-20,14,1,1.0,30
FF-STR01-2026-02-20T15,STR01,2026-02-20T15:00:00Z,2026-02-20,15,1,1.0,65
FF-STR01-2026-02-20T16,STR01,2026-02-20T16:00:00Z,2026-02-20,16,1,1.0,45
FF-STR01-2026-02-20T17,STR01,2026-02-20T17:00:00Z,2026-02-20,17,1,1.0,62
FF-STR01-2026-02-20T18,STR01,2026-02-20T18:00:00Z,2026-02-20,18,1,1.0,36
FF-STR01-2026-02-20T19,STR01,2026-02-20T19:00:00Z,2026-02-20,19,1,1.0,40
FF-STR01-2026-02-20T20,STR01,2026-02-20T20:00:00Z,2026-02-20,20,1,1.0,56
FF-STR01-2026-02-23T13,STR01,2026-02-23T13:00:00Z,2026-02-23,13,2,1.0,61
FF-STR01-2026-02-23T14,STR01,2026-02-23T14:00:00Z,2026-02-23,14,1,1.0,73
FF-STR01-2026-02-23T15,STR01,2026-02-23T15:00:00Z,2026-02-23,15,1,1.0,50
FF-STR01-2026-02-23T16,STR01,2026-02-23T16:00:00Z,2026-02-23,16,1,1.0,50
FF-STR01-2026-02-23T17,STR01,2026-02-23T17:00:00Z,2026-02-23,17,1,1.0,57
FF-STR01-2026-02-23T20,STR01,2026-02-23T20:00:00Z,2026-02-23,20,1,1.0,39
FF-STR01-2026-02-24T08,STR01,2026-02-24T08:00:00Z,2026-02-24,8,1,1.0,108
FF-STR01-2026-02-24T09,STR01,2026-02-24T09:00:00Z,2026-02-24,9,1,1.0,61
FF-STR01-2026-02-24T12,STR01,2026-02-24T12:00:00Z,2026-02-24,12,2,1.0,40
FF-STR01-2026-02-24T13,STR01,2026-02-24T13:00:00Z,2026-02-24,13,1,1.0,76
FF-STR01-2026-02-24T14,STR01,2026-02-24T14:00:00Z,2026-02-24,14,2,1.0,69
FF-STR01-2026-02-24T15,STR01,2026-02-24T15:00:00Z,2026-02-24,15,1,1.0,56
FF-STR01-2026-02-24T16,STR01,2026-02-24T16:00:00Z,2026-02-24,16,2,0.5,42
FF-STR01-2026-02-24T17,STR01,2026-02-24T17:00:00Z,2026-02-24,17,1,1.0,71
FF-STR01-2026-02-24T19,STR01,2026-02-24T19:00:00Z,2026-02-24,19,1,1.0,91
FF-STR01-2026-02-25T10,STR01,2026-02-25T10:00:00Z,2026-02-25,10,1,1.0,26
FF-STR01-2026-02-25T11,STR01,2026-02-25T11:00:00Z,2026-02-25,11,1,1.0,23
FF-STR01-2026-02-25T12,STR01,2026-02-25T12:00:00Z,2026-02-25,12,1,1.0,57
FF-STR01-2026-02-25T13,STR01,2026-02-25T13:00:00Z,2026-02-25,13,2,1.0,16
FF-STR01-2026-02-25T14,STR01,2026-02-25T14:00:00Z,2026-02-25,14,1,1.0,83
FF-STR01-2026-02-25T15,STR01,2026-02-25T15:00:00Z,2026-02-25,15,1,1.0,13
FF-STR01-2026-02-25T16,STR01,2026-02-25T16:00:00Z,2026-02-25,16,1,1.0,20
FF-STR01-2026-02-25T17,STR01,2026-02-25T17:00:00Z,2026-02-25,17,1,1.0,36
FF-STR01-2026-02-25T18,STR01,2026-02-25T18:00:00Z,2026-02-25,18,1,1.0,51
FF-STR01-2026-02-25T19,STR01,2026-02-25T19:00:00Z,2026-02-25,19,1,1.0,37
FF-STR01-2026-02-25T20,STR01,2026-02-25T20:00:00Z,2026-02-25,20,1,1.0,57
FF-STR01-2026-02-25T21,STR01,2026-02-25T21:00:00Z,2026-02-25,21,1,1.0,30
FF-STR01-2026-02-26T08,STR01,2026-02-26T08:00:00Z,2026-02-26,8,1,1.0,104
FF-STR01-2026-02-26T12,STR01,2026-02-26T12:00:00Z,2026-02-26,12,2,1.0,17
FF-STR01-2026-02-26T13,STR01,2026-02-26T13:00:00Z,2026-02-26,13,2,1.0,71
FF-STR01-2026-02-26T14,STR01,2026-02-26T14:00:00Z,2026-02-26,14,1,1.0,39
FF-STR01-2026-02-26T15,STR01,2026-02-26T15:00:00Z,2026-02-26,15,1,1.0,70
FF-STR01-2026-02-26T16,STR01,2026-02-26T16:00:00Z,2026-02-26,16,1,1.0,49
FF-STR01-2026-02-26T18,STR01,2026-02-26T18:00:00Z,2026-02-26,18,1,1.0,27
FF-STR01-2026-02-26T20,STR01,2026-02-26T20:00:00Z,2026-02-26,20,1,1.0,14
FF-STR01-2026-02-26T21,STR01,2026-02-26T21:00:00Z,2026-02-26,21,1,1.0,48
FF-STR01-2026-02-27T12,STR01,2026-02-27T12:00:00Z,2026-02-27,12,1,1.0,15
FF-STR01-2026-02-27T13,STR01,2026-02-27T13:00:00Z,2026-02-27,13,2,0.5,41
FF-STR01-2026-02-27T14,STR01,2026-02-27T14:00:00Z,2026-02-27,14,1,1.0,49
FF-STR01-2026-02-27T15,STR01,2026-02-27T15:00:00Z,2026-02-27,15,1,1.0,46
FF-STR01-2026-02-27T16,STR01,2026-02-27T16:00:00Z,2026-02-27,16,1,1.0,68
FF-STR01-2026-02-27T17,STR01,2026-02-27T17:00:00Z,2026-02-27,17,1,1.0,34
FF-STR01-2026-02-27T18,STR01,2026-02-27T18:00:00Z,2026-02-27,18,1,1.0,50
FF-STR01-2026-03-02T12,STR01,2026-03-02T12:00:00Z,2026-03-02,12,1,1.0,41
FF-STR01-2026-03-02T13,STR01,2026-03-02T13:00:00Z,2026-03-02,13,1,1.0,50
FF-STR01-2026-03-02T14,STR01,2026-03-02T14:00:00Z,2026-03-02,14,1,1.0,41
FF-STR01-2026-03-02T16,STR01,2026-03-02T16:00:00Z,2026-03-02,16,1,1.0,16
FF-STR01-2026-03-02T17,STR01,2026-03-02T17:00:00Z,2026-03-02,17,1,1.0,22
FF-STR01-2026-03-02T18,STR01,2026-03-02T18:00:00Z,2026-03-02,18,2,0.5,118
FF-STR01-2026-03-02T19,STR01,2026-03-02T19:00:00Z,2026-03-02,19,1,1.0,62
FF-STR01-2026-03-02T21,STR01,2026-03-02T21:00:00Z,2026-03-02,21,1,1.0,76
FF-STR01-2026-03-03T10,STR01,2026-03-03T10:00:00Z,2026-03-03,10,1,1.0,49
FF-STR01-2026-03-03T11,STR01,2026-03-03T11:00:00Z,2026-03-03,11,1,1.0,48
FF-STR01-2026-03-03T12,STR01,2026-03-03T12:00:00Z,2026-03-03,12,1,1.0,47
FF-STR01-2026-03-03T13,STR01,2026-03-03T13:00:00Z,2026-03-03,13,2,0.5,49
FF-STR01-2026-03-03T14,STR01,2026-03-03T14:00:00Z,2026-03-03,14,1,1.0,22
FF-STR01-2026-03-03T15,STR01,2026-03-03T15:00:00Z,2026-03-03,15,1,1.0,53
FF-STR01-2026-03-03T16,STR01,2026-03-03T16:00:00Z,2026-03-03,16,1,1.0,64
FF-STR01-2026-03-03T18,STR01,2026-03-03T18:00:00Z,2026-03-03,18,1,1.0,76
FF-STR01-2026-03-03T19,STR01,2026-03-03T19:00:00Z,2026-03-03,19,1,1.0,88
FF-STR01-2026-03-04T10,STR01,2026-03-04T10:00:00Z,2026-03-04,10,1,1.0,93
FF-STR01-2026-03-04T12,STR01,2026-03-04T12:00:00Z,2026-03-04,12,1,1.0,49
FF-STR01-2026-03-04T13,STR01,2026-03-04T13:00:00Z,2026-03-04,13,1,1.0,50
FF-STR01-2026-03-04T14,STR01,2026-03-04T14:00:00Z,2026-03-04,14,1,1.0,60
FF-STR01-2026-03-04T15,STR01,2026-03-04T15:00:00Z,2026-03-04,15,1,1.0,59
FF-STR01-2026-03-04T16,STR01,2026-03-04T16:00:00Z,2026-03-04,16,1,1.0,67
FF-STR01-2026-03-04T17,STR01,2026-03-04T17:00:00Z,2026-03-04,17,1,1.0,49
FF-STR01-2026-03-04T18,STR01,2026-03-04T18:00:00Z,2026-03-04,18,1,1.0,54
FF-STR01-2026-03-04T19,STR01,2026-03-04T19:00:00Z,2026-03-04,19,1,1.0,68
FF-STR01-2026-03-04T20,STR01,2026-03-04T20:00:00Z,2026-03-04,20,1,1.0,49
FF-STR01-2026-03-04T21,STR01,2026-03-04T21:00:00Z,2026-03-04,21,1,1.0,60
FF-STR01-2026-03-05T11,STR01,2026-03-05T11:00:00Z,2026-03-05,11,1,1.0,7
FF-STR01-2026-03-05T12,STR01,2026-03-05T12:00:00Z,2026-03-05,12,1,1.0,40
FF-STR01-2026-03-05T13,STR01,2026-03-05T13:00:00Z,2026-03-05,13,1,1.0,79
FF-STR01-2026-03-05T14,STR01,2026-03-05T14:00:00Z,2026-03-05,14,1,1.0,31
FF-STR01-2026-03-05T15,STR01,2026-03-05T15:00:00Z,2026-03-05,15,1,1.0,69
FF-STR01-2026-03-05T17,STR01,2026-03-05T17:00:00Z,2026-03-05,17,1,1.0,80
FF-STR01-2026-03-05T19,STR01,2026-03-05T19:00:00Z,2026-03-05,19,1,1.0,57
FF-STR01-2026-03-05T21,STR01,2026-03-05T21:00:00Z,2026-03-05,21,2,0.5,64
FF-STR01-2026-03-06T12,STR01,2026-03-06T12:00:00Z,2026-03-06,12,1,1.0,32
FF-STR01-2026-03-06T13,STR01,2026-03-06T13:00:00Z,2026-03-06,13,1,1.0,35
FF-STR01-2026-03-06T14,STR01,2026-03-06T14:00:00Z,2026-03-06,14,1,1.0,22
FF-STR01-2026-03-06T16,STR01,2026-03-06T16:00:00Z,2026-03-06,16,1,1.0,32
FF-STR01-2026-03-06T17,STR01,2026-03-06T17:00:00Z,2026-03-06,17,1,1.0,32
FF-STR01-2026-03-08T13,STR01,2026-03-08T13:00:00Z,2026-03-08,13,1,1.0,66
FF-STR01-2026-03-09T08,STR01,2026-03-09T08:00:00Z,2026-03-09,8,1,1.0,42
FF-STR01-2026-03-09T11,STR01,2026-03-09T11:00:00Z,2026-03-09,11,1,1.0,60
FF-STR01-2026-03-09T12,STR01,2026-03-09T12:00:00Z,2026-03-09,12,1,1.0,62
FF-STR01-2026-03-09T13,STR01,2026-03-09T13:00:00Z,2026-03-09,13,1,1.0,35
FF-STR01-2026-03-09T14,STR01,2026-03-09T14:00:00Z,2026-03-09,14,1,1.0,61
FF-STR01-2026-03-09T15,STR01,2026-03-09T15:00:00Z,2026-03-09,15,1,1.0,37
FF-STR01-2026-03-09T16,STR01,2026-03-09T16:00:00Z,2026-03-09,16,1,1.0,54
FF-STR01-2026-03-09T17,STR01,2026-03-09T17:00:00Z,2026-03-09,17,1,1.0,-4
FF-STR01-2026-03-09T18,STR01,2026-03-09T18:00:00Z,2026-03-09,18,1,1.0,75
FF-STR01-2026-03-09T19,STR01,2026-03-09T19:00:00Z,2026-03-09,19,1,1.0,37
FF-STR01-2026-03-09T20,STR01,2026-03-09T20:00:00Z,2026-03-09,20,1,1.0,35
FF-STR01-2026-03-10T09,STR01,2026-03-10T09:00:00Z,2026-03-10,9,1,1.0,27
FF-STR01-2026-03-10T10,STR01,2026-03-10T10:00:00Z,2026-03-10,10,1,1.0,50
FF-STR01-2026-03-10T11,STR01,2026-03-10T11:00:00Z,2026-03-10,11,1,1.0,53
FF-STR01-2026-03-10T13,STR01,2026-03-10T13:00:00Z,2026-03-10,13,4,0.75,60
FF-STR01-2026-03-10T14,STR01,2026-03-10T14:00:00Z,2026-03-10,14,1,1.0,17
FF-STR01-2026-03-10T15,STR01,2026-03-10T15:00:00Z,2026-03-10,15,1,1.0,28
FF-STR01-2026-03-10T16,STR01,2026-03-10T16:00:00Z,2026-03-10,16,1,1.0,54
FF-STR01-2026-03-10T17,STR01,2026-03-10T17:00:00Z,2026-03-10,17,2,1.0,-10
FF-STR01-2026-03-10T18,STR01,2026-03-10T18:00:00Z,2026-03-10,18,1,1.0,45
FF-STR01-2026-03-10T20,STR01,2026-03-10T20:00:00Z,2026-03-10,20,1,1.0,63
FF-STR01-2026-03-10T21,STR01,2026-03-10T21:00:00Z,2026-03-10,21,1,1.0,31
FF-STR01-2026-03-11T08,STR01,2026-03-11T08:00:00Z,2026-03-11,8,1,1.0,58
FF-STR01-2026-03-11T09,STR01,2026-03-11T09:00:00Z,2026-03-11,9,1,1.0,45
FF-STR01-2026-03-11T10,STR01,2026-03-11T10:00:00Z,2026-03-11,10,1,1.0,40
FF-STR01-2026-03-11T11,STR01,2026-03-11T11:00:00Z,2026-03-11,11,1,1.0,51
FF-STR01-2026-03-11T12,STR01,2026-03-11T12:00:00Z,2026-03-11,12,2,1.0,42
FF-STR01-2026-03-11T13,STR01,2026-03-11T13:00:00Z,2026-03-11,13,2,1.0,53
FF-STR01-2026-03-11T14,STR01,2026-03-11T14:00:00Z,2026-03-11,14,1,1.0,63
FF-STR01-2026-03-11T15,STR01,2026-03-11T15:00:00Z,2026-03-11,15,2,1.0,32
FF-STR01-2026-03-11T16,STR01,2026-03-11T16:00:00Z,2026-03-11,16,2,1.0,35
FF-STR01-2026-03-11T17,STR01,2026-03-11T17:00:00Z,2026-03-11,17,1,1.0,32
FF-STR01-2026-03-11T18,STR01,2026-03-11T18:00:00Z,2026-03-11,18,1,1.0,39
FF-STR01-2026-03-11T20,STR01,2026-03-11T20:00:00Z,2026-03-11,20,1,1.0,73
FF-STR01-2026-03-11T21,STR01,2026-03-11T21:00:00Z,2026-03-11,21,1,1.0,60
FF-STR01-2026-03-11T22,STR01,2026-03-11T22:00:00Z,2026-03-11,22,1,1.0,101
FF-STR01-2026-03-12T09,STR01,2026-03-12T09:00:00Z,2026-03-12,9,1,1.0,67
FF-STR01-2026-03-12T11,STR01,2026-03-12T11:00:00Z,2026-03-12,11,1,1.0,43
FF-STR01-2026-03-12T12,STR01,2026-03-12T12:00:00Z,2026-03-12,12,1,1.0,35
FF-STR01-2026-03-12T13,STR01,2026-03-12T13:00:00Z,2026-03-12,13,1,1.0,57
FF-STR01-2026-03-12T14,STR01,2026-03-12T14:00:00Z,2026-03-12,14,1,1.0,61
FF-STR01-2026-03-12T17,STR01,2026-03-12T17:00:00Z,2026-03-12,17,1,1.0,44
FF-STR01-2026-03-12T18,STR01,2026-03-12T18:00:00Z,2026-03-12,18,1,1.0,34
FF-STR01-2026-03-12T19,STR01,2026-03-12T19:00:00Z,2026-03-12,19,1,1.0,6
FF-STR01-2026-03-12T20,STR01,2026-03-12T20:00:00Z,2026-03-12,20,1,1.0,54
FF-STR01-2026-03-12T21,STR01,2026-03-12T21:00:00Z,2026-03-12,21,1,1.0,48
FF-STR01-2026-03-12T22,STR01,2026-03-12T22:00:00Z,2026-03-12,22,1,1.0,76
FF-STR01-2026-03-13T12,STR01,2026-03-13T12:00:00Z,2026-03-13,12,1,1.0,51
FF-STR01-2026-03-13T13,STR01,2026-03-13T13:00:00Z,2026-03-13,13,1,1.0,63
FF-STR01-2026-03-13T14,STR01,2026-03-13T14:00:00Z,2026-03-13,14,1,1.0,34
FF-STR01-2026-03-13T15,STR01,2026-03-13T15:00:00Z,2026-03-13,15,1,1.0,72
FF-STR01-2026-03-13T16,STR01,2026-03-13T16:00:00Z,2026-03-13,16,1,1.0,37
FF-STR01-2026-03-13T17,STR01,2026-03-13T17:00:00Z,2026-03-13,17,1,1.0,28
FF-STR01-2026-03-13T20,STR01,2026-03-13T20:00:00Z,2026-03-13,20,1,1.0,106
FF-STR01-2026-03-16T08,STR01,2026-03-16T08:00:00Z,2026-03-16,8,1,1.0,85
FF-STR01-2026-03-16T12,STR01,2026-03-16T12:00:00Z,2026-03-16,12,1,1.0,62
FF-STR01-2026-03-16T13,STR01,2026-03-16T13:00:00Z,2026-03-16,13,1,1.0,44
FF-STR01-2026-03-16T14,STR01,2026-03-16T14:00:00Z,2026-03-16,14,2,1.0,61
FF-STR01-2026-03-16T15,STR01,2026-03-16T15:00:00Z,2026-03-16,15,2,1.0,77
FF-STR01-2026-03-16T16,STR01,2026-03-16T16:00:00Z,2026-03-16,16,3,0.6667,38
FF-STR01-2026-03-16T17,STR01,2026-03-16T17:00:00Z,2026-03-16,17,1,1.0,48
FF-STR01-2026-03-16T21,STR01,2026-03-16T21:00:00Z,2026-03-16,21,2,0.5,5
FF-STR01-2026-03-16T22,STR01,2026-03-16T22:00:00Z,2026-03-16,22,1,1.0,35
FF-STR01-2026-03-17T09,STR01,2026-03-17T09:00:00Z,2026-03-17,9,1,1.0,77
FF-STR01-2026-03-17T12,STR01,2026-03-17T12:00:00Z,2026-03-17,12,1,1.0,40
FF-STR01-2026-03-17T13,STR01,2026-03-17T13:00:00Z,2026-03-17,13,1,1.0,77
FF-STR01-2026-03-17T14,STR01,2026-03-17T14:00:00Z,2026-03-17,14,2,0.5,44
FF-STR01-2026-03-17T15,STR01,2026-03-17T15:00:00Z,2026-03-17,15,1,1.0,58
FF-STR01-2026-03-17T16,STR01,2026-03-17T16:00:00Z,2026-03-17,16,1,1.0,60
FF-STR01-2026-03-17T17,STR01,2026-03-17T17:00:00Z,2026-03-17,17,1,1.0,32
FF-STR01-2026-03-17T18,STR01,2026-03-17T18:00:00Z,2026-03-17,18,1,1.0,28
FF-STR01-2026-03-17T19,STR01,2026-03-17T19:00:00Z,2026-03-17,19,1,1.0,25
FF-STR01-2026-03-17T20,STR01,2026-03-17T20:00:00Z,2026-03-17,20,1,1.0,46
FF-STR01-2026-03-17T21,STR01,2026-03-17T21:00:00Z,2026-03-17,21,1,1.0,42
FF-STR01-2026-03-17T22,STR01,2026-03-17T22:00:00Z,2026-03-17,22,1,1.0,77
FF-STR01-2026-03-18T12,STR01,2026-03-18T12:00:00Z,2026-03-18,12,1,1.0,65
FF-STR01-2026-03-18T13,STR01,2026-03-18T13:00:00Z,2026-03-18,13,1,1.0,72
FF-STR01-2026-03-18T14,STR01,2026-03-18T14:00:00Z,2026-03-18,14,1,1.0,67
FF-STR01-2026-03-18T15,STR01,2026-03-18T15:00:00Z,2026-03-18,15,1,1.0,79
FF-STR01-2026-03-18T16,STR01,2026-03-18T16:00:00Z,2026-03-18,16,1,1.0,45
FF-STR01-2026-03-18T17,STR01,2026-03-18T17:00:00Z,2026-03-18,17,1,1.0,23
FF-STR01-2026-03-18T18,STR01,2026-03-18T18:00:00Z,2026-03-18,18,1,1.0,17
FF-STR01-2026-03-18T19,STR01,2026-03-18T19:00:00Z,2026-03-18,19,1,1.0,39
FF-STR01-2026-03-18T21,STR01,2026-03-18T21:00:00Z,2026-03-18,21,1,1.0,35
FF-STR01-2026-03-19T10,STR01,2026-03-19T10:00:00Z,2026-03-19,10,1,1.0,63
FF-STR01-2026-03-19T12,STR01,2026-03-19T12:00:00Z,2026-03-19,12,1,1.0,72
FF-STR01-2026-03-19T13,STR01,2026-03-19T13:00:00Z,2026-03-19,13,3,0.6667,55
FF-STR01-2026-03-19T14,STR01,2026-03-19T14:00:00Z,2026-03-19,14,1,1.0,49
FF-STR01-2026-03-19T15,STR01,2026-03-19T15:00:00Z,2026-03-19,15,1,1.0,34
FF-STR01-2026-03-19T16,STR01,2026-03-19T16:00:00Z,2026-03-19,16,2,0.5,62
FF-STR01-2026-03-19T17,STR01,2026-03-19T17:00:00Z,2026-03-19,17,1,1.0,49
FF-STR01-2026-03-19T19,STR01,2026-03-19T19:00:00Z,2026-03-19,19,2,0.5,14
FF-STR01-2026-03-19T20,STR01,2026-03-19T20:00:00Z,2026-03-19,20,1,1.0,62
FF-STR01-2026-03-20T13,STR01,2026-03-20T13:00:00Z,2026-03-20,13,1,1.0,104
FF-STR01-2026-03-20T14,STR01,2026-03-20T14:00:00Z,2026-03-20,14,1,1.0,48
FF-STR01-2026-03-20T16,STR01,2026-03-20T16:00:00Z,2026-03-20,16,2,0.5,43
FF-STR01-2026-03-20T17,STR01,2026-03-20T17:00:00Z,2026-03-20,17,1,1.0,99
FF-STR01-2026-03-20T19,STR01,2026-03-20T19:00:00Z,2026-03-20,19,1,1.0,65
FF-STR01-2026-03-22T14,STR01,2026-03-22T14:00:00Z,2026-03-22,14,1,1.0,44
FF-STR01-2026-03-22T16,STR01,2026-03-22T16:00:00Z,2026-03-22,16,1,1.0,45
FF-STR01-2026-03-23T10,STR01,2026-03-23T10:00:00Z,2026-03-23,10,1,1.0,81
FF-STR01-2026-03-23T12,STR01,2026-03-23T12:00:00Z,2026-03-23,12,1,1.0,21
FF-STR01-2026-03-23T13,STR01,2026-03-23T13:00:00Z,2026-03-23,13,1,1.0,21
FF-STR01-2026-03-23T15,STR01,2026-03-23T15:00:00Z,2026-03-23,15,1,1.0,9
FF-STR01-2026-03-23T16,STR01,2026-03-23T16:00:00Z,2026-03-23,16,1,1.0,69
FF-STR01-2026-03-23T17,STR01,2026-03-23T17:00:00Z,2026-03-23,17,1,1.0,30
FF-STR01-2026-03-23T18,STR01,2026-03-23T18:00:00Z,2026-03-23,18,1,1.0,50
FF-STR01-2026-03-23T19,STR01,2026-03-23T19:00:00Z,2026-03-23,19,1,1.0,84
FF-STR01-2026-03-23T21,STR01,2026-03-23T21:00:00Z,2026-03-23,21,1,1.0,77
FF-STR01-2026-03-24T12,STR01,2026-03-24T12:00:00Z,2026-03-24,12,1,1.0,42
FF-STR01-2026-03-24T13,STR01,2026-03-24T13:00:00Z,2026-03-24,13,1,1.0,68
FF-STR01-2026-03-24T14,STR01,2026-03-24T14:00:00Z,2026-03-24,14,2,1.0,21
FF-STR01-2026-03-24T15,STR01,2026-03-24T15:00:00Z,2026-03-24,15,1,1.0,52
FF-STR01-2026-03-24T16,STR01,2026-03-24T16:00:00Z,2026-03-24,16,1,1.0,-2
FF-STR01-2026-03-24T17,STR01,2026-03-24T17:00:00Z,2026-03-24,17,1,1.0,64
FF-STR01-2026-03-24T19,STR01,2026-03-24T19:00:00Z,2026-03-24,19,1,1.0,4
FF-STR01-2026-03-25T10,STR01,2026-03-25T10:00:00Z,2026-03-25,10,1,1.0,21
FF-STR01-2026-03-25T11,STR01,2026-03-25T11:00:00Z,2026-03-25,11,1,1.0,59
FF-STR01-2026-03-25T12,STR01,2026-03-25T12:00:00Z,2026-03-25,12,1,1.0,33
FF-STR01-2026-03-25T13,STR01,2026-03-25T13:00:00Z,2026-03-25,13,1,1.0,54
FF-STR01-2026-03-25T14,STR01,2026-03-25T14:00:00Z,2026-03-25,14,3,0.6667,58
FF-STR01-2026-03-25T15,STR01,2026-03-25T15:00:00Z,2026-03-25,15,1,1.0,32
FF-STR01-2026-03-25T16,STR01,2026-03-25T16:00:00Z,2026-03-25,16,3,0.6667,50
FF-STR01-2026-03-25T17,STR01,2026-03-25T17:00:00Z,2026-03-25,17,2,0.5,60
FF-STR01-2026-03-25T18,STR01,2026-03-25T18:00:00Z,2026-03-25,18,1,1.0,27
FF-STR01-2026-03-25T19,STR01,2026-03-25T19:00:00Z,2026-03-25,19,1,1.0,44
FF-STR01-2026-03-25T21,STR01,2026-03-25T21:00:00Z,2026-03-25,21,2,0.5,32
FF-STR01-2026-03-26T11,STR01,2026-03-26T11:00:00Z,2026-03-26,11,1,1.0,49
FF-STR01-2026-03-26T12,STR01,2026-03-26T12:00:00Z,2026-03-26,12,1,1.0,42
FF-STR01-2026-03-26T13,STR01,2026-03-26T13:00:00Z,2026-03-26,13,1,1.0,48
FF-STR01-2026-03-26T14,STR01,2026-03-26T14:00:00Z,2026-03-26,14,1,1.0,20
FF-STR01-2026-03-26T15,STR01,2026-03-26T15:00:00Z,2026-03-26,15,1,1.0,59
FF-STR01-2026-03-26T16,STR01,2026-03-26T16:00:00Z,2026-03-26,16,1,1.0,74
FF-STR01-2026-03-26T17,STR01,2026-03-26T17:00:00Z,2026-03-26,17,1,1.0,62
FF-STR01-2026-03-26T18,STR01,2026-03-26T18:00:00Z,2026-03-26,18,1,1.0,64
FF-STR01-2026-03-26T19,STR01,2026-03-26T19:00:00Z,2026-03-26,19,1,1.0,65
FF-STR01-2026-03-26T20,STR01,2026-03-26T20:00:00Z,2026-03-26,20,1,1.0,83
FF-STR01-2026-03-26T21,STR01,2026-03-26T21:00:00Z,2026-03-26,21,1,1.0,61
FF-STR01-2026-03-27T09,STR01,2026-03-27T09:00:00Z,2026-03-27,9,1,1.0,28
FF-STR01-2026-03-27T12,STR01,2026-03-27T12:00:00Z,2026-03-27,12,1,1.0,40
FF-STR01-2026-03-27T13,STR01,2026-03-27T13:00:00Z,2026-03-27,13,2,0.5,34
FF-STR01-2026-03-27T14,STR01,2026-03-27T14:00:00Z,2026-03-27,14,1,1.0,47
FF-STR01-2026-03-27T15,STR01,2026-03-27T15:00:00Z,2026-03-27,15,1,1.0,10
FF-STR01-2026-03-27T16,STR01,2026-03-27T16:00:00Z,2026-03-27,16,1,1.0,61
FF-STR01-2026-03-27T18,STR01,2026-03-27T18:00:00Z,2026-03-27,18,1,1.0,64
FF-STR01-2026-03-30T13,STR01,2026-03-30T13:00:00Z,2026-03-30,13,2,1.0,57
FF-STR01-2026-03-30T14,STR01,2026-03-30T14:00:00Z,2026-03-30,14,1,1.0,76
FF-STR01-2026-03-30T15,STR01,2026-03-30T15:00:00Z,2026-03-30,15,1,1.0,69
FF-STR01-2026-03-30T16,STR01,2026-03-30T16:00:00Z,2026-03-30,16,1,1.0,20
FF-STR01-2026-03-30T17,STR01,2026-03-30T17:00:00Z,2026-03-30,17,1,1.0,67
FF-STR01-2026-03-30T18,STR01,2026-03-30T18:00:00Z,2026-03-30,18,1,1.0,65
FF-STR01-2026-03-30T19,STR01,2026-03-30T19:00:00Z,2026-03-30,19,1,1.0,52
FF-STR01-2026-03-30T20,STR01,2026-03-30T20:00:00Z,2026-03-30,20,1,1.0,45
FF-STR01-2026-03-30T21,STR01,2026-03-30T21:00:00Z,2026-03-30,21,1,1.0,42
FF-STR01-2026-03-31T09,STR01,2026-03-31T09:00:00Z,2026-03-31,9,1,1.0,55
FF-STR01-2026-03-31T12,STR01,2026-03-31T12:00:00Z,2026-03-31,12,1,1.0,79
FF-STR01-2026-03-31T13,STR01,2026-03-31T13:00:00Z,2026-03-31,13,1,1.0,98
FF-STR01-2026-03-31T15,STR01,2026-03-31T15:00:00Z,2026-03-31,15,3,0.6667,55
FF-STR01-2026-03-31T16,STR01,2026-03-31T16:00:00Z,2026-03-31,16,1,1.0,34
FF-STR01-2026-03-31T17,STR01,2026-03-31T17:00:00Z,2026-03-31,17,1,1.0,20
FF-STR01-2026-03-31T18,STR01,2026-03-31T18:00:00Z,2026-03-31,18,1,1.0,68
FF-STR01-2026-03-31T20,STR01,2026-03-31T20:00:00Z,2026-03-31,20,1,1.0,53
FF-STR01-2026-03-31T21,STR01,2026-03-31T21:00:00Z,2026-03-31,21,1,1.0,94
FF-STR01-2026-04-01T12,STR01,2026-04-01T12:00:00Z,2026-04-01,12,1,1.0,64
FF-STR01-2026-04-01T13,STR01,2026-04-01T13:00:00Z,2026-04-01,13,1,1.0,76
FF-STR01-2026-04-01T14,STR01,2026-04-01T14:00:00Z,2026-04-01,14,2,0.5,54
FF-STR01-2026-04-01T15,STR01,2026-04-01T15:00:00Z,2026-04-01,15,1,1.0,35
FF-STR01-2026-04-01T16,STR01,2026-04-01T16:00:00Z,2026-04-01,16,2,1.0,44
FF-STR01-2026-04-01T17,STR01,2026-04-01T17:00:00Z,2026-04-01,17,1,1.0,33
FF-STR01-2026-04-01T18,STR01,2026-04-01T18:00:00Z,2026-04-01,18,1,1.0,17
FF-STR01-2026-04-01T19,STR01,2026-04-01T19:00:00Z,2026-04-01,19,1,1.0,40
FF-STR01-2026-04-01T20,STR01,2026-04-01T20:00:00Z,2026-04-01,20,1,1.0,48
FF-STR01-2026-04-02T09,STR01,2026-04-02T09:00:00Z,2026-04-02,9,1,1.0,57
FF-STR01-2026-04-02T11,STR01,2026-04-02T11:00:00Z,2026-04-02,11,1,1.0,54
FF-STR01-2026-04-02T12,STR01,2026-04-02T12:00:00Z,2026-04-02,12,1,1.0,30
FF-STR01-2026-04-02T13,STR01,2026-04-02T13:00:00Z,2026-04-02,13,1,1.0,93
FF-STR01-2026-04-02T14,STR01,2026-04-02T14:00:00Z,2026-04-02,14,3,0.6667,49
FF-STR01-2026-04-02T15,STR01,2026-04-02T15:00:00Z,2026-04-02,15,1,1.0,62
FF-STR01-2026-04-02T16,STR01,2026-04-02T16:00:00Z,2026-04-02,16,1,1.0,46
FF-STR01-2026-04-02T17,STR01,2026-04-02T17:00:00Z,2026-04-02,17,1,1.0,65
FF-STR01-2026-04-02T18,STR01,2026-04-02T18:00:00Z,2026-04-02,18,2,0.5,52
FF-STR01-2026-04-02T19,STR01,2026-04-02T19:00:00Z,2026-04-02,19,1,1.0,14
FF-STR01-2026-04-03T13,STR01,2026-04-03T13:00:00Z,2026-04-03,13,1,1.0,87
FF-STR01-2026-04-03T14,STR01,2026-04-03T14:00:00Z,2026-04-03,14,2,0.5,53
FF-STR01-2026-04-03T16,STR01,2026-04-03T16:00:00Z,2026-04-03,16,1,1.0,53
FF-STR01-2026-04-03T17,STR01,2026-04-03T17:00:00Z,2026-04-03,17,1,1.0,75
FF-STR01-2026-04-03T18,STR01,2026-04-03T18:00:00Z,2026-04-03,18,1,1.0,36
FF-STR01-2026-04-03T21,STR01,2026-04-03T21:00:00Z,2026-04-03,21,1,1.0,73
FF-STR01-2026-04-05T13,STR01,2026-04-05T13:00:00Z,2026-04-05,13,1,1.0,51
FF-STR01-2026-04-06T11,STR01,2026-04-06T11:00:00Z,2026-04-06,11,1,1.0,72
FF-STR01-2026-04-06T13,STR01,2026-04-06T13:00:00Z,2026-04-06,13,1,1.0,10
FF-STR01-2026-04-06T15,STR01,2026-04-06T15:00:00Z,2026-04-06,15,1,1.0,63
FF-STR01-2026-04-06T16,STR01,2026-04-06T16:00:00Z,2026-04-06,16,1,1.0,48
FF-STR01-2026-04-06T17,STR01,2026-04-06T17:00:00Z,2026-04-06,17,3,0.6667,40
FF-STR01-2026-04-06T18,STR01,2026-04-06T18:00:00Z,2026-04-06,18,1,1.0,23
FF-STR01-2026-04-06T19,STR01,2026-04-06T19:00:00Z,2026-04-06,19,1,1.0,65
FF-STR01-2026-04-06T20,STR01,2026-04-06T20:00:00Z,2026-04-06,20,1,1.0,33
FF-STR01-2026-04-06T21,STR01,2026-04-06T21:00:00Z,2026-04-06,21,1,1.0,89
FF-STR01-2026-04-07T12,STR01,2026-04-07T12:00:00Z,2026-04-07,12,1,1.0,21
FF-STR01-2026-04-07T13,STR01,2026-04-07T13:00:00Z,2026-04-07,13,1,1.0,22
FF-STR01-2026-04-07T14,STR01,2026-04-07T14:00:00Z,2026-04-07,14,1,1.0,58
FF-STR01-2026-04-07T15,STR01,2026-04-07T15:00:00Z,2026-04-07,15,1,1.0,83
FF-STR01-2026-04-07T16,STR01,2026-04-07T16:00:00Z,2026-04-07,16,2,1.0,63
FF-STR01-2026-04-07T17,STR01,2026-04-07T17:00:00Z,2026-04-07,17,2,1.0,55
FF-STR01-2026-04-07T18,STR01,2026-04-07T18:00:00Z,2026-04-07,18,2,1.0,36
FF-STR01-2026-04-07T19,STR01,2026-04-07T19:00:00Z,2026-04-07,19,1,1.0,76
FF-STR01-2026-04-07T20,STR01,2026-04-07T20:00:00Z,2026-04-07,20,1,1.0,71
FF-STR01-2026-04-07T21,STR01,2026-04-07T21:00:00Z,2026-04-07,21,1,1.0,44
FF-STR01-2026-04-08T10,STR01,2026-04-08T10:00:00Z,2026-04-08,10,1,1.0,50
FF-STR01-2026-04-08T12,STR01,2026-04-08T12:00:00Z,2026-04-08,12,2,1.0,89
FF-STR01-2026-04-08T13,STR01,2026-04-08T13:00:00Z,2026-04-08,13,1,1.0,41
FF-STR01-2026-04-08T14,STR01,2026-04-08T14:00:00Z,2026-04-08,14,2,1.0,26
FF-STR01-2026-04-08T17,STR01,2026-04-08T17:00:00Z,2026-04-08,17,1,1.0,25
FF-STR01-2026-04-08T18,STR01,2026-04-08T18:00:00Z,2026-04-08,18,1,1.0,64
FF-STR01-2026-04-08T19,STR01,2026-04-08T19:00:00Z,2026-04-08,19,1,1.0,40
FF-STR01-2026-04-08T20,STR01,2026-04-08T20:00:00Z,2026-04-08,20,1,1.0,81
FF-STR01-2026-04-08T21,STR01,2026-04-08T21:00:00Z,2026-04-08,21,1,1.0,73
FF-STR01-2026-04-09T09,STR01,2026-04-09T09:00:00Z,2026-04-09,9,1,1.0,65
FF-STR01-2026-04-09T10,STR01,2026-04-09T10:00:00Z,2026-04-09,10,1,1.0,54
FF-STR01-2026-04-09T13,STR01,2026-04-09T13:00:00Z,2026-04-09,13,3,0.6667,65
FF-STR01-2026-04-09T14,STR01,2026-04-09T14:00:00Z,2026-04-09,14,1,1.0,30
FF-STR01-2026-04-09T15,STR01,2026-04-09T15:00:00Z,2026-04-09,15,1,1.0,36
FF-STR01-2026-04-09T18,STR01,2026-04-09T18:00:00Z,2026-04-09,18,1,1.0,-2
FF-STR01-2026-04-09T19,STR01,2026-04-09T19:00:00Z,2026-04-09,19,1,1.0,40
FF-STR01-2026-04-09T20,STR01,2026-04-09T20:00:00Z,2026-04-09,20,1,1.0,16
FF-STR01-2026-04-09T21,STR01,2026-04-09T21:00:00Z,2026-04-09,21,2,0.5,67
FF-STR01-2026-04-09T22,STR01,2026-04-09T22:00:00Z,2026-04-09,22,1,1.0,39
FF-STR01-2026-04-10T12,STR01,2026-04-10T12:00:00Z,2026-04-10,12,1,1.0,26
FF-STR01-2026-04-10T13,STR01,2026-04-10T13:00:00Z,2026-04-10,13,1,1.0,52
FF-STR01-2026-04-10T14,STR01,2026-04-10T14:00:00Z,2026-04-10,14,1,1.0,75
FF-STR01-2026-04-10T15,STR01,2026-04-10T15:00:00Z,2026-04-10,15,1,1.0,59
FF-STR01-2026-04-10T16,STR01,2026-04-10T16:00:00Z,2026-04-10,16,1,1.0,80
FF-STR01-2026-04-10T18,STR01,2026-04-10T18:00:00Z,2026-04-10,18,1,1.0,43
FF-STR01-2026-04-10T20,STR01,2026-04-10T20:00:00Z,2026-04-10,20,1,1.0,29
FF-STR01-2026-04-10T21,STR01,2026-04-10T21:00:00Z,2026-04-10,21,1,1.0,73
FF-STR01-2026-04-13T11,STR01,2026-04-13T11:00:00Z,2026-04-13,11,1,1.0,11
FF-STR01-2026-04-13T12,STR01,2026-04-13T12:00:00Z,2026-04-13,12,1,1.0,42
FF-STR01-2026-04-13T13,STR01,2026-04-13T13:00:00Z,2026-04-13,13,1,1.0,38
FF-STR01-2026-04-13T14,STR01,2026-04-13T14:00:00Z,2026-04-13,14,3,0.6667,48
FF-STR01-2026-04-13T15,STR01,2026-04-13T15:00:00Z,2026-04-13,15,1,1.0,24
FF-STR01-2026-04-13T16,STR01,2026-04-13T16:00:00Z,2026-04-13,16,1,1.0,88
FF-STR01-2026-04-13T17,STR01,2026-04-13T17:00:00Z,2026-04-13,17,1,1.0,44
FF-STR01-2026-04-13T18,STR01,2026-04-13T18:00:00Z,2026-04-13,18,1,1.0,23
FF-STR01-2026-04-13T21,STR01,2026-04-13T21:00:00Z,2026-04-13,21,1,1.0,12
FF-STR01-2026-04-13T22,STR01,2026-04-13T22:00:00Z,2026-04-13,22,1,1.0,74
FF-STR01-2026-04-14T08,STR01,2026-04-14T08:00:00Z,2026-04-14,8,1,1.0,53
FF-STR01-2026-04-14T09,STR01,2026-04-14T09:00:00Z,2026-04-14,9,1,1.0,70
FF-STR01-2026-04-14T10,STR01,2026-04-14T10:00:00Z,2026-04-14,10,1,1.0,61
FF-STR01-2026-04-14T11,STR01,2026-04-14T11:00:00Z,2026-04-14,11,1,1.0,81
FF-STR01-2026-04-14T12,STR01,2026-04-14T12:00:00Z,2026-04-14,12,1,1.0,49
FF-STR01-2026-04-14T13,STR01,2026-04-14T13:00:00Z,2026-04-14,13,2,1.0,48
FF-STR01-2026-04-14T14,STR01,2026-04-14T14:00:00Z,2026-04-14,14,1,1.0,54
FF-STR01-2026-04-14T15,STR01,2026-04-14T15:00:00Z,2026-04-14,15,4,0.5,86
FF-STR01-2026-04-14T16,STR01,2026-04-14T16:00:00Z,2026-04-14,16,1,1.0,54
FF-STR01-2026-04-14T17,STR01,2026-04-14T17:00:00Z,2026-04-14,17,1,1.0,34
FF-STR01-2026-04-14T18,STR01,2026-04-14T18:00:00Z,2026-04-14,18,1,1.0,71
FF-STR01-2026-04-14T19,STR01,2026-04-14T19:00:00Z,2026-04-14,19,1,1.0,83
FF-STR01-2026-04-14T20,STR01,2026-04-14T20:00:00Z,2026-04-14,20,1,1.0,44
FF-STR01-2026-04-14T21,STR01,2026-04-14T21:00:00Z,2026-04-14,21,1,1.0,51
FF-STR01-2026-04-15T09,STR01,2026-04-15T09:00:00Z,2026-04-15,9,1,1.0,72
FF-STR01-2026-04-15T10,STR01,2026-04-15T10:00:00Z,2026-04-15,10,1,1.0,23
FF-STR01-2026-04-15T11,STR01,2026-04-15T11:00:00Z,2026-04-15,11,1,1.0,44
FF-STR01-2026-04-15T12,STR01,2026-04-15T12:00:00Z,2026-04-15,12,1,1.0,8
FF-STR01-2026-04-15T13,STR01,2026-04-15T13:00:00Z,2026-04-15,13,2,1.0,51
FF-STR01-2026-04-15T14,STR01,2026-04-15T14:00:00Z,2026-04-15,14,2,1.0,18
FF-STR01-2026-04-15T15,STR01,2026-04-15T15:00:00Z,2026-04-15,15,1,1.0,51
FF-STR01-2026-04-15T16,STR01,2026-04-15T16:00:00Z,2026-04-15,16,1,1.0,103
FF-STR01-2026-04-15T17,STR01,2026-04-15T17:00:00Z,2026-04-15,17,1,1.0,59
FF-STR01-2026-04-15T18,STR01,2026-04-15T18:00:00Z,2026-04-15,18,1,1.0,31
FF-STR01-2026-04-15T20,STR01,2026-04-15T20:00:00Z,2026-04-15,20,1,1.0,29
FF-STR01-2026-04-15T21,STR01,2026-04-15T21:00:00Z,2026-04-15,21,1,1.0,57
FF-STR01-2026-04-16T08,STR01,2026-04-16T08:00:00Z,2026-04-16,8,1,1.0,48
FF-STR01-2026-04-16T12,STR01,2026-04-16T12:00:00Z,2026-04-16,12,1,1.0,22
FF-STR01-2026-04-16T13,STR01,2026-04-16T13:00:00Z,2026-04-16,13,1,1.0,62
FF-STR01-2026-04-16T14,STR01,2026-04-16T14:00:00Z,2026-04-16,14,1,1.0,13
FF-STR01-2026-04-16T15,STR01,2026-04-16T15:00:00Z,2026-04-16,15,2,1.0,68
FF-STR01-2026-04-16T16,STR01,2026-04-16T16:00:00Z,2026-04-16,16,1,1.0,58
FF-STR01-2026-04-16T18,STR01,2026-04-16T18:00:00Z,2026-04-16,18,1,1.0,35
FF-STR01-2026-04-16T19,STR01,2026-04-16T19:00:00Z,2026-04-16,19,1,1.0,71
FF-STR01-2026-04-16T20,STR01,2026-04-16T20:00:00Z,2026-04-16,20,1,1.0,72
FF-STR01-2026-04-16T21,STR01,2026-04-16T21:00:00Z,2026-04-16,21,1,1.0,54
FF-STR01-2026-04-16T22,STR01,2026-04-16T22:00:00Z,2026-04-16,22,2,0.5,47
FF-STR01-2026-04-17T12,STR01,2026-04-17T12:00:00Z,2026-04-17,12,1,1.0,43
FF-STR01-2026-04-17T13,STR01,2026-04-17T13:00:00Z,2026-04-17,13,1,1.0,36
FF-STR01-2026-04-17T14,STR01,2026-04-17T14:00:00Z,2026-04-17,14,1,1.0,48
FF-STR01-2026-04-17T15,STR01,2026-04-17T15:00:00Z,2026-04-17,15,1,1.0,83
FF-STR01-2026-04-17T16,STR01,2026-04-17T16:00:00Z,2026-04-17,16,1,1.0,20
FF-STR01-2026-04-17T19,STR01,2026-04-17T19:00:00Z,2026-04-17,19,1,1.0,44
FF-STR01-2026-04-17T21,STR01,2026-04-17T21:00:00Z,2026-04-17,21,2,0.5,48
FF-STR01-2026-04-20T11,STR01,2026-04-20T11:00:00Z,2026-04-20,11,1,1.0,69
FF-STR01-2026-04-20T13,STR01,2026-04-20T13:00:00Z,2026-04-20,13,1,1.0,51
FF-STR01-2026-04-20T14,STR01,2026-04-20T14:00:00Z,2026-04-20,14,1,1.0,46
FF-STR01-2026-04-20T15,STR01,2026-04-20T15:00:00Z,2026-04-20,15,1,1.0,65
FF-STR01-2026-04-20T16,STR01,2026-04-20T16:00:00Z,2026-04-20,16,1,1.0,49
FF-STR01-2026-04-20T17,STR01,2026-04-20T17:00:00Z,2026-04-20,17,1,1.0,104
FF-STR01-2026-04-21T08,STR01,2026-04-21T08:00:00Z,2026-04-21,8,1,1.0,57
FF-STR01-2026-04-21T09,STR01,2026-04-21T09:00:00Z,2026-04-21,9,1,1.0,88
FF-STR01-2026-04-21T10,STR01,2026-04-21T10:00:00Z,2026-04-21,10,1,1.0,63
FF-STR01-2026-04-21T11,STR01,2026-04-21T11:00:00Z,2026-04-21,11,1,1.0,69
FF-STR01-2026-04-21T12,STR01,2026-04-21T12:00:00Z,2026-04-21,12,2,0.5,46
FF-STR01-2026-04-21T13,STR01,2026-04-21T13:00:00Z,2026-04-21,13,1,1.0,63
FF-STR01-2026-04-21T14,STR01,2026-04-21T14:00:00Z,2026-04-21,14,2,1.0,19
FF-STR01-2026-04-21T15,STR01,2026-04-21T15:00:00Z,2026-04-21,15,1,1.0,62
FF-STR01-2026-04-21T16,STR01,2026-04-21T16:00:00Z,2026-04-21,16,1,1.0,13
FF-STR01-2026-04-21T17,STR01,2026-04-21T17:00:00Z,2026-04-21,17,1,1.0,20
FF-STR01-2026-04-21T18,STR01,2026-04-21T18:00:00Z,2026-04-21,18,1,1.0,47
FF-STR01-2026-04-21T19,STR01,2026-04-21T19:00:00Z,2026-04-21,19,1,1.0,51
FF-STR01-2026-04-21T20,STR01,2026-04-21T20:00:00Z,2026-04-21,20,1,1.0,65
FF-STR01-2026-04-21T22,STR01,2026-04-21T22:00:00Z,2026-04-21,22,1,1.0,35
FF-STR01-2026-04-22T08,STR01,2026-04-22T08:00:00Z,2026-04-22,8,1,1.0,63
FF-STR01-2026-04-22T09,STR01,2026-04-22T09:00:00Z,2026-04-22,9,1,1.0,60
FF-STR01-2026-04-22T12,STR01,2026-04-22T12:00:00Z,2026-04-22,12,1,1.0,38
FF-STR01-2026-04-22T13,STR01,2026-04-22T13:00:00Z,2026-04-22,13,2,1.0,44
FF-STR01-2026-04-22T14,STR01,2026-04-22T14:00:00Z,2026-04-22,14,3,0.6667,77
FF-STR01-2026-04-22T15,STR01,2026-04-22T15:00:00Z,2026-04-22,15,2,1.0,60
FF-STR01-2026-04-22T16,STR01,2026-04-22T16:00:00Z,2026-04-22,16,2,1.0,73
FF-STR01-2026-04-22T17,STR01,2026-04-22T17:00:00Z,2026-04-22,17,1,1.0,60
FF-STR01-2026-04-22T18,STR01,2026-04-22T18:00:00Z,2026-04-22,18,1,1.0,54
FF-STR01-2026-04-22T19,STR01,2026-04-22T19:00:00Z,2026-04-22,19,1,1.0,47
FF-STR01-2026-04-22T20,STR01,2026-04-22T20:00:00Z,2026-04-22,20,1,1.0,67
FF-STR01-2026-04-23T11,STR01,2026-04-23T11:00:00Z,2026-04-23,11,1,1.0,74
FF-STR01-2026-04-23T12,STR01,2026-04-23T12:00:00Z,2026-04-23,12,1,1.0,49
FF-STR01-2026-04-23T13,STR01,2026-04-23T13:00:00Z,2026-04-23,13,1,1.0,88
FF-STR01-2026-04-23T14,STR01,2026-04-23T14:00:00Z,2026-04-23,14,1,1.0,69
FF-STR01-2026-04-23T15,STR01,2026-04-23T15:00:00Z,2026-04-23,15,1,1.0,21
FF-STR01-2026-04-23T16,STR01,2026-04-23T16:00:00Z,2026-04-23,16,1,1.0,63
FF-STR01-2026-04-23T17,STR01,2026-04-23T17:00:00Z,2026-04-23,17,1,1.0,73
FF-STR01-2026-04-23T18,STR01,2026-04-23T18:00:00Z,2026-04-23,18,1,1.0,42
FF-STR01-2026-04-23T21,STR01,2026-04-23T21:00:00Z,2026-04-23,21,1,1.0,37
FF-STR01-2026-04-24T12,STR01,2026-04-24T12:00:00Z,2026-04-24,12,1,1.0,64
FF-STR01-2026-04-24T13,STR01,2026-04-24T13:00:00Z,2026-04-24,13,2,0.5,47
FF-STR01-2026-04-24T14,STR01,2026-04-24T14:00:00Z,2026-04-24,14,1,1.0,62
FF-STR01-2026-04-24T15,STR01,2026-04-24T15:00:00Z,2026-04-24,15,1,1.0,38
FF-STR01-2026-04-24T16,STR01,2026-04-24T16:00:00Z,2026-04-24,16,1,1.0,48
FF-STR01-2026-04-24T17,STR01,2026-04-24T17:00:00Z,2026-04-24,17,1,1.0,61
FF-STR01-2026-04-24T18,STR01,2026-04-24T18:00:00Z,2026-04-24,18,2,0.5,68
FF-STR01-2026-04-24T19,STR01,2026-04-24T19:00:00Z,2026-04-24,19,1,1.0,62
FF-STR01-2026-04-24T21,STR01,2026-04-24T21:00:00Z,2026-04-24,21,1,1.0,36
FF-STR01-2026-04-27T10,STR01,2026-04-27T10:00:00Z,2026-04-27,10,1,1.0,85
FF-STR01-2026-04-27T11,STR01,2026-04-27T11:00:00Z,2026-04-27,11,1,1.0,58
FF-STR01-2026-04-27T12,STR01,2026-04-27T12:00:00Z,2026-04-27,12,1,1.0,51
FF-STR01-2026-04-27T13,STR01,2026-04-27T13:00:00Z,2026-04-27,13,3,0.6667,81
FF-STR01-2026-04-27T14,STR01,2026-04-27T14:00:00Z,2026-04-27,14,1,1.0,50
FF-STR01-2026-04-27T16,STR01,2026-04-27T16:00:00Z,2026-04-27,16,1,1.0,49
FF-STR01-2026-04-27T17,STR01,2026-04-27T17:00:00Z,2026-04-27,17,1,1.0,-14
FF-STR01-2026-04-27T18,STR01,2026-04-27T18:00:00Z,2026-04-27,18,1,1.0,60
FF-STR01-2026-04-27T19,STR01,2026-04-27T19:00:00Z,2026-04-27,19,1,1.0,50
FF-STR01-2026-04-27T20,STR01,2026-04-27T20:00:00Z,2026-04-27,20,1,1.0,81
FF-STR01-2026-04-28T09,STR01,2026-04-28T09:00:00Z,2026-04-28,9,1,1.0,78
FF-STR01-2026-04-28T10,STR01,2026-04-28T10:00:00Z,2026-04-28,10,1,1.0,46
FF-STR01-2026-04-28T11,STR01,2026-04-28T11:00:00Z,2026-04-28,11,1,1.0,78
FF-STR01-2026-04-28T12,STR01,2026-04-28T12:00:00Z,2026-04-28,12,1,1.0,70
FF-STR01-2026-04-28T14,STR01,2026-04-28T14:00:00Z,2026-04-28,14,1,1.0,13
FF-STR01-2026-04-28T15,STR01,2026-04-28T15:00:00Z,2026-04-28,15,1,1.0,32
FF-STR01-2026-04-28T16,STR01,2026-04-28T16:00:00Z,2026-04-28,16,1,1.0,66
FF-STR01-2026-04-28T17,STR01,2026-04-28T17:00:00Z,2026-04-28,17,2,1.0,28
FF-STR01-2026-04-28T18,STR01,2026-04-28T18:00:00Z,2026-04-28,18,1,1.0,51
FF-STR01-2026-04-28T19,STR01,2026-04-28T19:00:00Z,2026-04-28,19,1,1.0,72
FF-STR01-2026-04-28T20,STR01,2026-04-28T20:00:00Z,2026-04-28,20,2,0.5,58
FF-STR01-2026-04-28T21,STR01,2026-04-28T21:00:00Z,2026-04-28,21,1,1.0,45
FF-STR01-2026-04-29T10,STR01,2026-04-29T10:00:00Z,2026-04-29,10,1,1.0,47
FF-STR01-2026-04-29T11,STR01,2026-04-29T11:00:00Z,2026-04-29,11,1,1.0,49
FF-STR01-2026-04-29T12,STR01,2026-04-29T12:00:00Z,2026-04-29,12,1,1.0,36
FF-STR01-2026-04-29T13,STR01,2026-04-29T13:00:00Z,2026-04-29,13,1,1.0,53
FF-STR01-2026-04-29T14,STR01,2026-04-29T14:00:00Z,2026-04-29,14,3,0.6667,71
FF-STR01-2026-04-29T15,STR01,2026-04-29T15:00:00Z,2026-04-29,15,2,1.0,52
FF-STR01-2026-04-29T16,STR01,2026-04-29T16:00:00Z,2026-04-29,16,3,0.6667,78
FF-STR01-2026-04-29T17,STR01,2026-04-29T17:00:00Z,2026-04-29,17,1,1.0,100
FF-STR01-2026-04-29T18,STR01,2026-04-29T18:00:00Z,2026-04-29,18,1,1.0,57
FF-STR01-2026-04-29T19,STR01,2026-04-29T19:00:00Z,2026-04-29,19,1,1.0,37
FF-STR01-2026-04-29T20,STR01,2026-04-29T20:00:00Z,2026-04-29,20,1,1.0,48
FF-STR01-2026-04-29T21,STR01,2026-04-29T21:00:00Z,2026-04-29,21,1,1.0,52
FF-STR01-2026-04-29T22,STR01,2026-04-29T22:00:00Z,2026-04-29,22,1,1.0,48
FF-STR01-2026-04-30T10,STR01,2026-04-30T10:00:00Z,2026-04-30,10,1,1.0,59
FF-STR01-2026-04-30T11,STR01,2026-04-30T11:00:00Z,2026-04-30,11,1,1.0,56
FF-STR01-2026-04-30T12,STR01,2026-04-30T12:00:00Z,2026-04-30,12,1,1.0,57
FF-STR01-2026-04-30T13,STR01,2026-04-30T13:00:00Z,2026-04-30,13,2,1.0,16
FF-STR01-2026-04-30T14,STR01,2026-04-30T14:00:00Z,2026-04-30,14,3,0.6667,68
FF-STR01-2026-04-30T15,STR01,2026-04-30T15:00:00Z,2026-04-30,15,2,1.0,61
FF-STR01-2026-04-30T16,STR01,2026-04-30T16:00:00Z,2026-04-30,16,1,1.0,48
FF-STR01-2026-04-30T17,STR01,2026-04-30T17:00:00Z,2026-04-30,17,1,1.0,57
FF-STR01-2026-04-30T18,STR01,2026-04-30T18:00:00Z,2026-04-30,18,1,1.0,62
FF-STR01-2026-04-30T19,STR01,2026-04-30T19:00:00Z,2026-04-30,19,2,0.5,76
FF-STR01-2026-04-30T20,STR01,2026-04-30T20:00:00Z,2026-04-30,20,1,1.0,58
FF-STR01-2026-04-30T21,STR01,2026-04-30T21:00:00Z,2026-04-30,21,1,1.0,4
FF-STR01-2026-04-30T22,STR01,2026-04-30T22:00:00Z,2026-04-30,22,1,1.0,60
FF-STR01-2026-05-01T13,STR01,2026-05-01T13:00:00Z,2026-05-01,13,1,1.0,21
FF-STR01-2026-05-01T14,STR01,2026-05-01T14:00:00Z,2026-05-01,14,1,1.0,20
FF-STR01-2026-05-01T15,STR01,2026-05-01T15:00:00Z,2026-05-01,15,1,1.0,50
FF-STR01-2026-05-01T16,STR01,2026-05-01T16:00:00Z,2026-05-01,16,1,1.0,32
FF-STR01-2026-05-01T18,STR01,2026-05-01T18:00:00Z,2026-05-01,18,1,1.0,118
FF-STR01-2026-05-01T19,STR01,2026-05-01T19:00:00Z,2026-05-01,19,1,1.0,62
FF-STR01-2026-05-04T11,STR01,2026-05-04T11:00:00Z,2026-05-04,11,1,1.0,70
FF-STR01-2026-05-04T12,STR01,2026-05-04T12:00:00Z,2026-05-04,12,1,1.0,68
FF-STR01-2026-05-04T13,STR01,2026-05-04T13:00:00Z,2026-05-04,13,1,1.0,53
FF-STR01-2026-05-04T14,STR01,2026-05-04T14:00:00Z,2026-05-04,14,1,1.0,48
FF-STR01-2026-05-04T15,STR01,2026-05-04T15:00:00Z,2026-05-04,15,1,1.0,8
FF-STR01-2026-05-04T16,STR01,2026-05-04T16:00:00Z,2026-05-04,16,1,1.0,44
FF-STR01-2026-05-04T17,STR01,2026-05-04T17:00:00Z,2026-05-04,17,1,1.0,44
FF-STR01-2026-05-05T10,STR01,2026-05-05T10:00:00Z,2026-05-05,10,1,1.0,70
FF-STR01-2026-05-05T11,STR01,2026-05-05T11:00:00Z,2026-05-05,11,1,1.0,66
FF-STR01-2026-05-05T12,STR01,2026-05-05T12:00:00Z,2026-05-05,12,1,1.0,47
FF-STR01-2026-05-05T13,STR01,2026-05-05T13:00:00Z,2026-05-05,13,3,1.0,43
FF-STR01-2026-05-05T14,STR01,2026-05-05T14:00:00Z,2026-05-05,14,1,1.0,74
FF-STR01-2026-05-05T15,STR01,2026-05-05T15:00:00Z,2026-05-05,15,1,1.0,90
FF-STR01-2026-05-05T16,STR01,2026-05-05T16:00:00Z,2026-05-05,16,1,1.0,31
FF-STR01-2026-05-05T18,STR01,2026-05-05T18:00:00Z,2026-05-05,18,3,0.6667,33
FF-STR01-2026-05-05T19,STR01,2026-05-05T19:00:00Z,2026-05-05,19,1,1.0,98
FF-STR01-2026-05-05T22,STR01,2026-05-05T22:00:00Z,2026-05-05,22,1,1.0,69
FF-STR01-2026-05-06T09,STR01,2026-05-06T09:00:00Z,2026-05-06,9,1,1.0,57
FF-STR01-2026-05-06T13,STR01,2026-05-06T13:00:00Z,2026-05-06,13,3,1.0,29
FF-STR01-2026-05-06T14,STR01,2026-05-06T14:00:00Z,2026-05-06,14,1,1.0,51
FF-STR01-2026-05-06T15,STR01,2026-05-06T15:00:00Z,2026-05-06,15,1,1.0,47
FF-STR01-2026-05-06T16,STR01,2026-05-06T16:00:00Z,2026-05-06,16,1,1.0,31
FF-STR01-2026-05-06T17,STR01,2026-05-06T17:00:00Z,2026-05-06,17,1,1.0,37
FF-STR01-2026-05-06T18,STR01,2026-05-06T18:00:00Z,2026-05-06,18,1,1.0,48
FF-STR01-2026-05-06T19,STR01,2026-05-06T19:00:00Z,2026-05-06,19,1,1.0,63
FF-STR01-2026-05-06T21,STR01,2026-05-06T21:00:00Z,2026-05-06,21,1,1.0,41
FF-STR01-2026-05-07T12,STR01,2026-05-07T12:00:00Z,2026-05-07,12,1,1.0,35
FF-STR01-2026-05-07T13,STR01,2026-05-07T13:00:00Z,2026-05-07,13,3,0.6667,62
FF-STR01-2026-05-07T14,STR01,2026-05-07T14:00:00Z,2026-05-07,14,1,1.0,63
FF-STR01-2026-05-07T15,STR01,2026-05-07T15:00:00Z,2026-05-07,15,1,1.0,24
FF-STR01-2026-05-07T16,STR01,2026-05-07T16:00:00Z,2026-05-07,16,1,1.0,33
FF-STR01-2026-05-07T17,STR01,2026-05-07T17:00:00Z,2026-05-07,17,1,1.0,19
FF-STR01-2026-05-07T18,STR01,2026-05-07T18:00:00Z,2026-05-07,18,1,1.0,54
FF-STR01-2026-05-07T21,STR01,2026-05-07T21:00:00Z,2026-05-07,21,1,1.0,31
FF-STR01-2026-05-08T13,STR01,2026-05-08T13:00:00Z,2026-05-08,13,1,1.0,57
FF-STR01-2026-05-08T14,STR01,2026-05-08T14:00:00Z,2026-05-08,14,1,1.0,56
FF-STR01-2026-05-08T15,STR01,2026-05-08T15:00:00Z,2026-05-08,15,1,1.0,57
FF-STR01-2026-05-08T16,STR01,2026-05-08T16:00:00Z,2026-05-08,16,1,1.0,65
FF-STR01-2026-05-08T17,STR01,2026-05-08T17:00:00Z,2026-05-08,17,1,1.0,59
FF-STR01-2026-05-08T18,STR01,2026-05-08T18:00:00Z,2026-05-08,18,1,1.0,66
FF-STR01-2026-05-08T19,STR01,2026-05-08T19:00:00Z,2026-05-08,19,1,1.0,56
FF-STR01-2026-05-11T12,STR01,2026-05-11T12:00:00Z,2026-05-11,12,1,1.0,55
FF-STR01-2026-05-11T13,STR01,2026-05-11T13:00:00Z,2026-05-11,13,2,1.0,45
FF-STR01-2026-05-11T14,STR01,2026-05-11T14:00:00Z,2026-05-11,14,1,1.0,9
FF-STR01-2026-05-11T15,STR01,2026-05-11T15:00:00Z,2026-05-11,15,2,1.0,32
FF-STR01-2026-05-11T16,STR01,2026-05-11T16:00:00Z,2026-05-11,16,2,1.0,22
FF-STR01-2026-05-11T17,STR01,2026-05-11T17:00:00Z,2026-05-11,17,1,1.0,64
FF-STR01-2026-05-11T18,STR01,2026-05-11T18:00:00Z,2026-05-11,18,1,1.0,61
FF-STR01-2026-05-11T19,STR01,2026-05-11T19:00:00Z,2026-05-11,19,1,1.0,93
FF-STR01-2026-05-11T20,STR01,2026-05-11T20:00:00Z,2026-05-11,20,2,0.5,27
FF-STR01-2026-05-12T11,STR01,2026-05-12T11:00:00Z,2026-05-12,11,1,1.0,102
FF-STR01-2026-05-12T12,STR01,2026-05-12T12:00:00Z,2026-05-12,12,1,1.0,42
FF-STR01-2026-05-12T13,STR01,2026-05-12T13:00:00Z,2026-05-12,13,1,1.0,85
FF-STR01-2026-05-12T14,STR01,2026-05-12T14:00:00Z,2026-05-12,14,2,1.0,34
FF-STR01-2026-05-12T15,STR01,2026-05-12T15:00:00Z,2026-05-12,15,1,1.0,35
FF-STR01-2026-05-12T16,STR01,2026-05-12T16:00:00Z,2026-05-12,16,1,1.0,57
FF-STR01-2026-05-12T17,STR01,2026-05-12T17:00:00Z,2026-05-12,17,1,1.0,73
FF-STR01-2026-05-12T19,STR01,2026-05-12T19:00:00Z,2026-05-12,19,1,1.0,59
FF-STR01-2026-05-12T20,STR01,2026-05-12T20:00:00Z,2026-05-12,20,1,1.0,35
FF-STR01-2026-05-12T21,STR01,2026-05-12T21:00:00Z,2026-05-12,21,1,1.0,111
FF-STR01-2026-05-13T11,STR01,2026-05-13T11:00:00Z,2026-05-13,11,1,1.0,46
FF-STR01-2026-05-13T12,STR01,2026-05-13T12:00:00Z,2026-05-13,12,1,1.0,42
FF-STR01-2026-05-13T13,STR01,2026-05-13T13:00:00Z,2026-05-13,13,1,1.0,19
FF-STR01-2026-05-13T14,STR01,2026-05-13T14:00:00Z,2026-05-13,14,1,1.0,44
FF-STR01-2026-05-13T15,STR01,2026-05-13T15:00:00Z,2026-05-13,15,1,1.0,40
FF-STR01-2026-05-13T17,STR01,2026-05-13T17:00:00Z,2026-05-13,17,1,1.0,38
FF-STR01-2026-05-13T18,STR01,2026-05-13T18:00:00Z,2026-05-13,18,2,1.0,91
FF-STR01-2026-05-13T19,STR01,2026-05-13T19:00:00Z,2026-05-13,19,1,1.0,59
FF-STR01-2026-05-13T20,STR01,2026-05-13T20:00:00Z,2026-05-13,20,1,1.0,26
FF-STR01-2026-05-13T21,STR01,2026-05-13T21:00:00Z,2026-05-13,21,1,1.0,44
FF-STR01-2026-05-14T12,STR01,2026-05-14T12:00:00Z,2026-05-14,12,2,1.0,28
FF-STR01-2026-05-14T13,STR01,2026-05-14T13:00:00Z,2026-05-14,13,3,0.6667,68
FF-STR01-2026-05-14T14,STR01,2026-05-14T14:00:00Z,2026-05-14,14,1,1.0,4
FF-STR01-2026-05-14T15,STR01,2026-05-14T15:00:00Z,2026-05-14,15,2,1.0,74
FF-STR01-2026-05-14T16,STR01,2026-05-14T16:00:00Z,2026-05-14,16,2,0.5,42
FF-STR01-2026-05-14T17,STR01,2026-05-14T17:00:00Z,2026-05-14,17,1,1.0,36
FF-STR01-2026-05-14T18,STR01,2026-05-14T18:00:00Z,2026-05-14,18,1,1.0,45
FF-STR01-2026-05-14T19,STR01,2026-05-14T19:00:00Z,2026-05-14,19,1,1.0,66
FF-STR01-2026-05-14T20,STR01,2026-05-14T20:00:00Z,2026-05-14,20,1,1.0,58
FF-STR01-2026-05-14T21,STR01,2026-05-14T21:00:00Z,2026-05-14,21,1,1.0,56
FF-STR01-2026-05-14T22,STR01,2026-05-14T22:00:00Z,2026-05-14,22,1,1.0,38
FF-STR01-2026-05-15T12,STR01,2026-05-15T12:00:00Z,2026-05-15,12,1,1.0,20
FF-STR01-2026-05-15T13,STR01,2026-05-15T13:00:00Z,2026-05-15,13,1,1.0,63
FF-STR01-2026-05-15T14,STR01,2026-05-15T14:00:00Z,2026-05-15,14,1,1.0,61
FF-STR01-2026-05-15T16,STR01,2026-05-15T16:00:00Z,2026-05-15,16,1,1.0,39
FF-STR01-2026-05-15T17,STR01,2026-05-15T17:00:00Z,2026-05-15,17,1,1.0,54
FF-STR01-2026-05-15T18,STR01,2026-05-15T18:00:00Z,2026-05-15,18,1,1.0,39
FF-STR01-2026-05-15T20,STR01,2026-05-15T20:00:00Z,2026-05-15,20,1,1.0,66
FF-STR01-2026-05-18T12,STR01,2026-05-18T12:00:00Z,2026-05-18,12,1,1.0,20
FF-STR01-2026-05-18T13,STR01,2026-05-18T13:00:00Z,2026-05-18,13,1,1.0,38
FF-STR01-2026-05-18T14,STR01,2026-05-18T14:00:00Z,2026-05-18,14,1,1.0,45
FF-STR01-2026-05-18T15,STR01,2026-05-18T15:00:00Z,2026-05-18,15,1,1.0,48
FF-STR01-2026-05-18T16,STR01,2026-05-18T16:00:00Z,2026-05-18,16,1,1.0,61
FF-STR01-2026-05-18T17,STR01,2026-05-18T17:00:00Z,2026-05-18,17,1,1.0,48
FF-STR01-2026-05-18T18,STR01,2026-05-18T18:00:00Z,2026-05-18,18,1,1.0,49
FF-STR01-2026-05-18T20,STR01,2026-05-18T20:00:00Z,2026-05-18,20,1,1.0,85
FF-STR01-2026-05-18T21,STR01,2026-05-18T21:00:00Z,2026-05-18,21,1,1.0,64
FF-STR01-2026-05-19T09,STR01,2026-05-19T09:00:00Z,2026-05-19,9,1,1.0,38
FF-STR01-2026-05-19T11,STR01,2026-05-19T11:00:00Z,2026-05-19,11,1,1.0,42
FF-STR01-2026-05-19T12,STR01,2026-05-19T12:00:00Z,2026-05-19,12,1,1.0,42
FF-STR01-2026-05-19T13,STR01,2026-05-19T13:00:00Z,2026-05-19,13,3,0.6667,29
FF-STR01-2026-05-19T14,STR01,2026-05-19T14:00:00Z,2026-05-19,14,2,1.0,19
FF-STR01-2026-05-19T15,STR01,2026-05-19T15:00:00Z,2026-05-19,15,1,1.0,49
FF-STR01-2026-05-19T16,STR01,2026-05-19T16:00:00Z,2026-05-19,16,1,1.0,28
FF-STR01-2026-05-19T17,STR01,2026-05-19T17:00:00Z,2026-05-19,17,1,1.0,61
FF-STR01-2026-05-19T18,STR01,2026-05-19T18:00:00Z,2026-05-19,18,2,1.0,35
FF-STR01-2026-05-19T20,STR01,2026-05-19T20:00:00Z,2026-05-19,20,2,0.5,73
FF-STR01-2026-05-20T08,STR01,2026-05-20T08:00:00Z,2026-05-20,8,2,0.5,49
FF-STR01-2026-05-20T09,STR01,2026-05-20T09:00:00Z,2026-05-20,9,1,1.0,39
FF-STR01-2026-05-20T10,STR01,2026-05-20T10:00:00Z,2026-05-20,10,1,1.0,67
FF-STR01-2026-05-20T11,STR01,2026-05-20T11:00:00Z,2026-05-20,11,1,1.0,50
FF-STR01-2026-05-20T12,STR01,2026-05-20T12:00:00Z,2026-05-20,12,1,1.0,30
FF-STR01-2026-05-20T13,STR01,2026-05-20T13:00:00Z,2026-05-20,13,3,0.6667,44
FF-STR01-2026-05-20T14,STR01,2026-05-20T14:00:00Z,2026-05-20,14,2,1.0,-11
FF-STR01-2026-05-20T15,STR01,2026-05-20T15:00:00Z,2026-05-20,15,1,1.0,52
FF-STR01-2026-05-20T16,STR01,2026-05-20T16:00:00Z,2026-05-20,16,1,1.0,33
FF-STR01-2026-05-20T18,STR01,2026-05-20T18:00:00Z,2026-05-20,18,1,1.0,69
FF-STR01-2026-05-20T19,STR01,2026-05-20T19:00:00Z,2026-05-20,19,1,1.0,77
FF-STR01-2026-05-20T20,STR01,2026-05-20T20:00:00Z,2026-05-20,20,1,1.0,48
FF-STR01-2026-05-21T09,STR01,2026-05-21T09:00:00Z,2026-05-21,9,2,0.5,37
FF-STR01-2026-05-21T12,STR01,2026-05-21T12:00:00Z,2026-05-21,12,1,1.0,42
FF-STR01-2026-05-21T14,STR01,2026-05-21T14:00:00Z,2026-05-21,14,1,1.0,54
FF-STR01-2026-05-21T15,STR01,2026-05-21T15:00:00Z,2026-05-21,15,1,1.0,51
FF-STR01-2026-05-21T16,STR01,2026-05-21T16:00:00Z,2026-05-21,16,1,1.0,29
FF-STR01-2026-05-21T17,STR01,2026-05-21T17:00:00Z,2026-05-21,17,3,0.6667,70
FF-STR01-2026-05-21T18,STR01,2026-05-21T18:00:00Z,2026-05-21,18,1,1.0,43
FF-STR01-2026-05-21T21,STR01,2026-05-21T21:00:00Z,2026-05-21,21,1,1.0,38
FF-STR01-2026-05-22T13,STR01,2026-05-22T13:00:00Z,2026-05-22,13,1,1.0,46
FF-STR01-2026-05-22T14,STR01,2026-05-22T14:00:00Z,2026-05-22,14,1,1.0,71
FF-STR01-2026-05-22T15,STR01,2026-05-22T15:00:00Z,2026-05-22,15,1,1.0,65
FF-STR01-2026-05-22T16,STR01,2026-05-22T16:00:00Z,2026-05-22,16,1,1.0,47
FF-STR01-2026-05-24T15,STR01,2026-05-24T15:00:00Z,2026-05-24,15,1,1.0,24
FF-STR01-2026-05-25T09,STR01,2026-05-25T09:00:00Z,2026-05-25,9,1,1.0,36
FF-STR01-2026-05-25T11,STR01,2026-05-25T11:00:00Z,2026-05-25,11,1,1.0,8
FF-STR01-2026-05-25T12,STR01,2026-05-25T12:00:00Z,2026-05-25,12,1,1.0,57
FF-STR01-2026-05-25T13,STR01,2026-05-25T13:00:00Z,2026-05-25,13,1,1.0,78
FF-STR01-2026-05-25T14,STR01,2026-05-25T14:00:00Z,2026-05-25,14,1,1.0,43
FF-STR01-2026-05-25T15,STR01,2026-05-25T15:00:00Z,2026-05-25,15,1,1.0,47
FF-STR01-2026-05-25T16,STR01,2026-05-25T16:00:00Z,2026-05-25,16,1,1.0,31
FF-STR01-2026-05-25T17,STR01,2026-05-25T17:00:00Z,2026-05-25,17,1,1.0,53
FF-STR01-2026-05-25T18,STR01,2026-05-25T18:00:00Z,2026-05-25,18,1,1.0,41
FF-STR01-2026-05-25T19,STR01,2026-05-25T19:00:00Z,2026-05-25,19,1,1.0,40
FF-STR01-2026-05-25T21,STR01,2026-05-25T21:00:00Z,2026-05-25,21,1,1.0,76
FF-STR01-2026-05-26T09,STR01,2026-05-26T09:00:00Z,2026-05-26,9,1,1.0,63
FF-STR01-2026-05-26T11,STR01,2026-05-26T11:00:00Z,2026-05-26,11,1,1.0,38
FF-STR01-2026-05-26T12,STR01,2026-05-26T12:00:00Z,2026-05-26,12,1,1.0,52
FF-STR01-2026-05-26T13,STR01,2026-05-26T13:00:00Z,2026-05-26,13,3,0.6667,51
FF-STR01-2026-05-26T14,STR01,2026-05-26T14:00:00Z,2026-05-26,14,2,1.0,54
FF-STR01-2026-05-26T15,STR01,2026-05-26T15:00:00Z,2026-05-26,15,3,0.6667,34
FF-STR01-2026-05-26T16,STR01,2026-05-26T16:00:00Z,2026-05-26,16,2,1.0,67
FF-STR01-2026-05-26T17,STR01,2026-05-26T17:00:00Z,2026-05-26,17,1,1.0,82
FF-STR01-2026-05-26T18,STR01,2026-05-26T18:00:00Z,2026-05-26,18,1,1.0,41
FF-STR01-2026-05-26T19,STR01,2026-05-26T19:00:00Z,2026-05-26,19,1,1.0,52
FF-STR01-2026-05-26T20,STR01,2026-05-26T20:00:00Z,2026-05-26,20,1,1.0,49
FF-STR01-2026-05-26T21,STR01,2026-05-26T21:00:00Z,2026-05-26,21,1,1.0,34
FF-STR01-2026-05-27T10,STR01,2026-05-27T10:00:00Z,2026-05-27,10,1,1.0,61
FF-STR01-2026-05-27T12,STR01,2026-05-27T12:00:00Z,2026-05-27,12,1,1.0,36
FF-STR01-2026-05-27T13,STR01,2026-05-27T13:00:00Z,2026-05-27,13,3,0.6667,65
FF-STR01-2026-05-27T14,STR01,2026-05-27T14:00:00Z,2026-05-27,14,1,1.0,74
FF-STR01-2026-05-27T15,STR01,2026-05-27T15:00:00Z,2026-05-27,15,3,0.6667,38
FF-STR01-2026-05-27T16,STR01,2026-05-27T16:00:00Z,2026-05-27,16,2,1.0,123
FF-STR01-2026-05-27T17,STR01,2026-05-27T17:00:00Z,2026-05-27,17,3,1.0,73
FF-STR01-2026-05-27T18,STR01,2026-05-27T18:00:00Z,2026-05-27,18,1,1.0,48
FF-STR01-2026-05-27T19,STR01,2026-05-27T19:00:00Z,2026-05-27,19,1,1.0,59
FF-STR01-2026-05-27T20,STR01,2026-05-27T20:00:00Z,2026-05-27,20,1,1.0,24
FF-STR01-2026-05-27T22,STR01,2026-05-27T22:00:00Z,2026-05-27,22,1,1.0,58
FF-STR01-2026-05-28T09,STR01,2026-05-28T09:00:00Z,2026-05-28,9,1,1.0,64
FF-STR01-2026-05-28T10,STR01,2026-05-28T10:00:00Z,2026-05-28,10,1,1.0,48
FF-STR01-2026-05-28T12,STR01,2026-05-28T12:00:00Z,2026-05-28,12,1,1.0,23
FF-STR01-2026-05-28T13,STR01,2026-05-28T13:00:00Z,2026-05-28,13,2,1.0,52
FF-STR01-2026-05-28T15,STR01,2026-05-28T15:00:00Z,2026-05-28,15,1,1.0,77
FF-STR01-2026-05-28T16,STR01,2026-05-28T16:00:00Z,2026-05-28,16,1,1.0,42
FF-STR01-2026-05-28T17,STR01,2026-05-28T17:00:00Z,2026-05-28,17,1,1.0,97
FF-STR01-2026-05-28T18,STR01,2026-05-28T18:00:00Z,2026-05-28,18,1,1.0,51
FF-STR01-2026-05-28T20,STR01,2026-05-28T20:00:00Z,2026-05-28,20,1,1.0,39
FF-STR01-2026-05-29T11,STR01,2026-05-29T11:00:00Z,2026-05-29,11,1,1.0,43
FF-STR01-2026-05-29T12,STR01,2026-05-29T12:00:00Z,2026-05-29,12,1,1.0,67
FF-STR01-2026-05-29T13,STR01,2026-05-29T13:00:00Z,2026-05-29,13,2,1.0,83
FF-STR01-2026-05-29T14,STR01,2026-05-29T14:00:00Z,2026-05-29,14,1,1.0,67
FF-STR01-2026-05-29T15,STR01,2026-05-29T15:00:00Z,2026-05-29,15,1,1.0,26
FF-STR01-2026-05-29T16,STR01,2026-05-29T16:00:00Z,2026-05-29,16,2,1.0,74
FF-STR01-2026-05-29T17,STR01,2026-05-29T17:00:00Z,2026-05-29,17,1,1.0,29
FF-STR01-2026-05-29T18,STR01,2026-05-29T18:00:00Z,2026-05-29,18,1,1.0,39
FF-STR01-2026-05-29T19,STR01,2026-05-29T19:00:00Z,2026-05-29,19,1,1.0,-8
FF-STR01-2026-05-29T21,STR01,2026-05-29T21:00:00Z,2026-05-29,21,1,1.0,66
FF-STR01-2026-05-31T13,STR01,2026-05-31T13:00:00Z,2026-05-31,13,1,1.0,35
FF-STR01-2026-06-01T11,STR01,2026-06-01T11:00:00Z,2026-06-01,11,1,1.0,71
FF-STR01-2026-06-01T13,STR01,2026-06-01T13:00:00Z,2026-06-01,13,1,1.0,63
FF-STR01-2026-06-01T14,STR01,2026-06-01T14:00:00Z,2026-06-01,14,2,1.0,71
FF-STR01-2026-06-01T15,STR01,2026-06-01T15:00:00Z,2026-06-01,15,1,1.0,48
FF-STR01-2026-06-01T16,STR01,2026-06-01T16:00:00Z,2026-06-01,16,1,1.0,53
FF-STR01-2026-06-01T17,STR01,2026-06-01T17:00:00Z,2026-06-01,17,1,1.0,21
FF-STR01-2026-06-01T18,STR01,2026-06-01T18:00:00Z,2026-06-01,18,1,1.0,42
FF-STR01-2026-06-01T19,STR01,2026-06-01T19:00:00Z,2026-06-01,19,1,1.0,41
FF-STR01-2026-06-01T21,STR01,2026-06-01T21:00:00Z,2026-06-01,21,1,1.0,35
FF-STR01-2026-06-02T10,STR01,2026-06-02T10:00:00Z,2026-06-02,10,1,1.0,65
FF-STR01-2026-06-02T11,STR01,2026-06-02T11:00:00Z,2026-06-02,11,1,1.0,90
FF-STR01-2026-06-02T12,STR01,2026-06-02T12:00:00Z,2026-06-02,12,1,1.0,97
FF-STR01-2026-06-02T13,STR01,2026-06-02T13:00:00Z,2026-06-02,13,2,0.5,45
FF-STR01-2026-06-02T14,STR01,2026-06-02T14:00:00Z,2026-06-02,14,3,0.6667,44
FF-STR01-2026-06-02T15,STR01,2026-06-02T15:00:00Z,2026-06-02,15,2,0.5,54
FF-STR01-2026-06-02T16,STR01,2026-06-02T16:00:00Z,2026-06-02,16,1,1.0,52
FF-STR01-2026-06-02T17,STR01,2026-06-02T17:00:00Z,2026-06-02,17,1,1.0,11
FF-STR01-2026-06-02T18,STR01,2026-06-02T18:00:00Z,2026-06-02,18,1,1.0,55
FF-STR01-2026-06-02T20,STR01,2026-06-02T20:00:00Z,2026-06-02,20,1,1.0,73
FF-STR01-2026-06-02T21,STR01,2026-06-02T21:00:00Z,2026-06-02,21,1,1.0,58
FF-STR01-2026-06-03T08,STR01,2026-06-03T08:00:00Z,2026-06-03,8,1,1.0,65
FF-STR01-2026-06-03T09,STR01,2026-06-03T09:00:00Z,2026-06-03,9,2,0.5,53
FF-STR01-2026-06-03T11,STR01,2026-06-03T11:00:00Z,2026-06-03,11,1,1.0,61
FF-STR01-2026-06-03T12,STR01,2026-06-03T12:00:00Z,2026-06-03,12,1,1.0,47
FF-STR01-2026-06-03T13,STR01,2026-06-03T13:00:00Z,2026-06-03,13,3,0.6667,22
FF-STR01-2026-06-03T14,STR01,2026-06-03T14:00:00Z,2026-06-03,14,3,0.6667,61
FF-STR01-2026-06-03T15,STR01,2026-06-03T15:00:00Z,2026-06-03,15,2,1.0,38
FF-STR01-2026-06-03T16,STR01,2026-06-03T16:00:00Z,2026-06-03,16,2,0.5,12
FF-STR01-2026-06-03T17,STR01,2026-06-03T17:00:00Z,2026-06-03,17,1,1.0,70
FF-STR01-2026-06-03T18,STR01,2026-06-03T18:00:00Z,2026-06-03,18,1,1.0,57
FF-STR01-2026-06-03T19,STR01,2026-06-03T19:00:00Z,2026-06-03,19,1,1.0,22
FF-STR01-2026-06-03T20,STR01,2026-06-03T20:00:00Z,2026-06-03,20,1,1.0,55
FF-STR01-2026-06-03T21,STR01,2026-06-03T21:00:00Z,2026-06-03,21,1,1.0,56
FF-STR01-2026-06-04T11,STR01,2026-06-04T11:00:00Z,2026-06-04,11,1,1.0,77
FF-STR01-2026-06-04T12,STR01,2026-06-04T12:00:00Z,2026-06-04,12,1,1.0,47
FF-STR01-2026-06-04T13,STR01,2026-06-04T13:00:00Z,2026-06-04,13,1,1.0,88
FF-STR01-2026-06-04T15,STR01,2026-06-04T15:00:00Z,2026-06-04,15,1,1.0,22
FF-STR01-2026-06-04T16,STR01,2026-06-04T16:00:00Z,2026-06-04,16,1,1.0,13
FF-STR01-2026-06-04T17,STR01,2026-06-04T17:00:00Z,2026-06-04,17,1,1.0,37
FF-STR01-2026-06-04T18,STR01,2026-06-04T18:00:00Z,2026-06-04,18,1,1.0,16
FF-STR01-2026-06-04T19,STR01,2026-06-04T19:00:00Z,2026-06-04,19,1,1.0,43
FF-STR01-2026-06-04T21,STR01,2026-06-04T21:00:00Z,2026-06-04,21,1,1.0,69
FF-STR01-2026-06-05T13,STR01,2026-06-05T13:00:00Z,2026-06-05,13,1,1.0,34
FF-STR01-2026-06-05T14,STR01,2026-06-05T14:00:00Z,2026-06-05,14,1,1.0,29
FF-STR01-2026-06-05T16,STR01,2026-06-05T16:00:00Z,2026-06-05,16,1,1.0,29
FF-STR01-2026-06-05T17,STR01,2026-06-05T17:00:00Z,2026-06-05,17,1,1.0,64
FF-STR01-2026-06-05T18,STR01,2026-06-05T18:00:00Z,2026-06-05,18,1,1.0,37
FF-STR01-2026-06-08T10,STR01,2026-06-08T10:00:00Z,2026-06-08,10,1,1.0,47
FF-STR01-2026-06-08T12,STR01,2026-06-08T12:00:00Z,2026-06-08,12,1,1.0,51
FF-STR01-2026-06-08T13,STR01,2026-06-08T13:00:00Z,2026-06-08,13,1,1.0,34
FF-STR01-2026-06-08T14,STR01,2026-06-08T14:00:00Z,2026-06-08,14,1,1.0,39
FF-STR01-2026-06-08T15,STR01,2026-06-08T15:00:00Z,2026-06-08,15,1,1.0,85
FF-STR01-2026-06-08T16,STR01,2026-06-08T16:00:00Z,2026-06-08,16,1,1.0,46
FF-STR01-2026-06-08T17,STR01,2026-06-08T17:00:00Z,2026-06-08,17,1,1.0,43
FF-STR01-2026-06-08T19,STR01,2026-06-08T19:00:00Z,2026-06-08,19,1,1.0,54
FF-STR01-2026-06-08T20,STR01,2026-06-08T20:00:00Z,2026-06-08,20,1,1.0,50
FF-STR01-2026-06-08T21,STR01,2026-06-08T21:00:00Z,2026-06-08,21,1,1.0,23
FF-STR01-2026-06-09T11,STR01,2026-06-09T11:00:00Z,2026-06-09,11,1,1.0,57
FF-STR01-2026-06-09T12,STR01,2026-06-09T12:00:00Z,2026-06-09,12,1,1.0,84
FF-STR01-2026-06-09T13,STR01,2026-06-09T13:00:00Z,2026-06-09,13,3,0.6667,52
FF-STR01-2026-06-09T14,STR01,2026-06-09T14:00:00Z,2026-06-09,14,1,1.0,61
FF-STR01-2026-06-09T15,STR01,2026-06-09T15:00:00Z,2026-06-09,15,1,1.0,41
FF-STR01-2026-06-09T16,STR01,2026-06-09T16:00:00Z,2026-06-09,16,2,1.0,84
FF-STR01-2026-06-09T17,STR01,2026-06-09T17:00:00Z,2026-06-09,17,1,1.0,72
FF-STR01-2026-06-09T18,STR01,2026-06-09T18:00:00Z,2026-06-09,18,1,1.0,71
FF-STR01-2026-06-09T19,STR01,2026-06-09T19:00:00Z,2026-06-09,19,1,1.0,45
FF-STR01-2026-06-10T08,STR01,2026-06-10T08:00:00Z,2026-06-10,8,2,0.5,36
FF-STR01-2026-06-10T09,STR01,2026-06-10T09:00:00Z,2026-06-10,9,1,1.0,31
FF-STR01-2026-06-10T10,STR01,2026-06-10T10:00:00Z,2026-06-10,10,1,1.0,50
FF-STR01-2026-06-10T11,STR01,2026-06-10T11:00:00Z,2026-06-10,11,1,1.0,89
FF-STR01-2026-06-10T13,STR01,2026-06-10T13:00:00Z,2026-06-10,13,1,1.0,14
FF-STR01-2026-06-10T14,STR01,2026-06-10T14:00:00Z,2026-06-10,14,1,1.0,46
FF-STR01-2026-06-10T15,STR01,2026-06-10T15:00:00Z,2026-06-10,15,1,1.0,43
FF-STR01-2026-06-10T16,STR01,2026-06-10T16:00:00Z,2026-06-10,16,1,1.0,25
FF-STR01-2026-06-10T17,STR01,2026-06-10T17:00:00Z,2026-06-10,17,1,1.0,79
FF-STR01-2026-06-10T18,STR01,2026-06-10T18:00:00Z,2026-06-10,18,1,1.0,18
FF-STR01-2026-06-10T19,STR01,2026-06-10T19:00:00Z,2026-06-10,19,1,1.0,56
FF-STR01-2026-06-10T21,STR01,2026-06-10T21:00:00Z,2026-06-10,21,1,1.0,57
FF-STR01-2026-06-11T09,STR01,2026-06-11T09:00:00Z,2026-06-11,9,1,1.0,70
FF-STR01-2026-06-11T10,STR01,2026-06-11T10:00:00Z,2026-06-11,10,1,1.0,29
FF-STR01-2026-06-11T12,STR01,2026-06-11T12:00:00Z,2026-06-11,12,1,1.0,65
FF-STR01-2026-06-11T13,STR01,2026-06-11T13:00:00Z,2026-06-11,13,2,1.0,73
FF-STR01-2026-06-11T14,STR01,2026-06-11T14:00:00Z,2026-06-11,14,1,1.0,21
FF-STR01-2026-06-11T15,STR01,2026-06-11T15:00:00Z,2026-06-11,15,1,1.0,45
FF-STR01-2026-06-11T16,STR01,2026-06-11T16:00:00Z,2026-06-11,16,1,1.0,37
FF-STR01-2026-06-11T18,STR01,2026-06-11T18:00:00Z,2026-06-11,18,1,1.0,80
FF-STR01-2026-06-11T20,STR01,2026-06-11T20:00:00Z,2026-06-11,20,1,1.0,75
FF-STR01-2026-06-12T09,STR01,2026-06-12T09:00:00Z,2026-06-12,9,1,1.0,77
FF-STR01-2026-06-12T12,STR01,2026-06-12T12:00:00Z,2026-06-12,12,1,1.0,66
FF-STR01-2026-06-12T13,STR01,2026-06-12T13:00:00Z,2026-06-12,13,1,1.0,79
FF-STR01-2026-06-12T14,STR01,2026-06-12T14:00:00Z,2026-06-12,14,1,1.0,36
FF-STR01-2026-06-12T15,STR01,2026-06-12T15:00:00Z,2026-06-12,15,2,1.0,87
FF-STR01-2026-06-12T16,STR01,2026-06-12T16:00:00Z,2026-06-12,16,1,1.0,4
FF-STR01-2026-06-12T17,STR01,2026-06-12T17:00:00Z,2026-06-12,17,1,1.0,49
FF-STR01-2026-06-12T18,STR01,2026-06-12T18:00:00Z,2026-06-12,18,1,1.0,74
FF-STR01-2026-06-12T21,STR01,2026-06-12T21:00:00Z,2026-06-12,21,1,1.0,72
FF-STR01-2026-06-14T15,STR01,2026-06-14T15:00:00Z,2026-06-14,15,1,1.0,68
FF-STR01-2026-06-15T10,STR01,2026-06-15T10:00:00Z,2026-06-15,10,1,1.0,27
FF-STR01-2026-06-15T11,STR01,2026-06-15T11:00:00Z,2026-06-15,11,2,0.5,100
FF-STR01-2026-06-15T12,STR01,2026-06-15T12:00:00Z,2026-06-15,12,2,0.5,90
FF-STR01-2026-06-15T13,STR01,2026-06-15T13:00:00Z,2026-06-15,13,1,1.0,29
FF-STR01-2026-06-15T14,STR01,2026-06-15T14:00:00Z,2026-06-15,14,2,1.0,56
FF-STR01-2026-06-15T15,STR01,2026-06-15T15:00:00Z,2026-06-15,15,1,1.0,55
FF-STR01-2026-06-15T16,STR01,2026-06-15T16:00:00Z,2026-06-15,16,1,1.0,14
FF-STR01-2026-06-15T17,STR01,2026-06-15T17:00:00Z,2026-06-15,17,1,1.0,52
FF-STR01-2026-06-15T18,STR01,2026-06-15T18:00:00Z,2026-06-15,18,1,1.0,27
FF-STR01-2026-06-15T20,STR01,2026-06-15T20:00:00Z,2026-06-15,20,1,1.0,51
FF-STR01-2026-06-16T10,STR01,2026-06-16T10:00:00Z,2026-06-16,10,1,1.0,89
FF-STR01-2026-06-16T11,STR01,2026-06-16T11:00:00Z,2026-06-16,11,1,1.0,37
FF-STR01-2026-06-16T12,STR01,2026-06-16T12:00:00Z,2026-06-16,12,1,1.0,47
FF-STR01-2026-06-16T13,STR01,2026-06-16T13:00:00Z,2026-06-16,13,2,1.0,62
FF-STR01-2026-06-16T14,STR01,2026-06-16T14:00:00Z,2026-06-16,14,3,0.6667,64
FF-STR01-2026-06-16T15,STR01,2026-06-16T15:00:00Z,2026-06-16,15,3,0.6667,59
FF-STR01-2026-06-16T16,STR01,2026-06-16T16:00:00Z,2026-06-16,16,2,1.0,71
FF-STR01-2026-06-16T17,STR01,2026-06-16T17:00:00Z,2026-06-16,17,1,1.0,62
FF-STR01-2026-06-16T18,STR01,2026-06-16T18:00:00Z,2026-06-16,18,1,1.0,61
FF-STR01-2026-06-16T19,STR01,2026-06-16T19:00:00Z,2026-06-16,19,1,1.0,50
FF-STR01-2026-06-16T20,STR01,2026-06-16T20:00:00Z,2026-06-16,20,1,1.0,48
FF-STR01-2026-06-17T09,STR01,2026-06-17T09:00:00Z,2026-06-17,9,1,1.0,31
FF-STR01-2026-06-17T10,STR01,2026-06-17T10:00:00Z,2026-06-17,10,1,1.0,39
FF-STR01-2026-06-17T11,STR01,2026-06-17T11:00:00Z,2026-06-17,11,1,1.0,80
FF-STR01-2026-06-17T12,STR01,2026-06-17T12:00:00Z,2026-06-17,12,1,1.0,40
FF-STR01-2026-06-17T13,STR01,2026-06-17T13:00:00Z,2026-06-17,13,2,1.0,59
FF-STR01-2026-06-17T14,STR01,2026-06-17T14:00:00Z,2026-06-17,14,1,1.0,40
FF-STR01-2026-06-17T15,STR01,2026-06-17T15:00:00Z,2026-06-17,15,1,1.0,24
FF-STR01-2026-06-17T16,STR01,2026-06-17T16:00:00Z,2026-06-17,16,1,1.0,63
FF-STR01-2026-06-17T17,STR01,2026-06-17T17:00:00Z,2026-06-17,17,2,1.0,83
FF-STR01-2026-06-17T18,STR01,2026-06-17T18:00:00Z,2026-06-17,18,2,1.0,78
FF-STR01-2026-06-17T19,STR01,2026-06-17T19:00:00Z,2026-06-17,19,1,1.0,78
FF-STR01-2026-06-17T20,STR01,2026-06-17T20:00:00Z,2026-06-17,20,1,1.0,62
FF-STR01-2026-06-17T21,STR01,2026-06-17T21:00:00Z,2026-06-17,21,1,1.0,59
FF-STR01-2026-06-17T22,STR01,2026-06-17T22:00:00Z,2026-06-17,22,1,1.0,20
FF-STR01-2026-06-18T09,STR01,2026-06-18T09:00:00Z,2026-06-18,9,1,1.0,15
FF-STR01-2026-06-18T12,STR01,2026-06-18T12:00:00Z,2026-06-18,12,2,0.5,2
FF-STR01-2026-06-18T13,STR01,2026-06-18T13:00:00Z,2026-06-18,13,1,1.0,37
FF-STR01-2026-06-18T14,STR01,2026-06-18T14:00:00Z,2026-06-18,14,1,1.0,48
FF-STR01-2026-06-18T16,STR01,2026-06-18T16:00:00Z,2026-06-18,16,1,1.0,43
FF-STR01-2026-06-18T17,STR01,2026-06-18T17:00:00Z,2026-06-18,17,1,1.0,40
FF-STR01-2026-06-18T18,STR01,2026-06-18T18:00:00Z,2026-06-18,18,1,1.0,70
FF-STR01-2026-06-18T19,STR01,2026-06-18T19:00:00Z,2026-06-18,19,1,1.0,80
FF-STR01-2026-06-19T12,STR01,2026-06-19T12:00:00Z,2026-06-19,12,1,1.0,54
FF-STR01-2026-06-19T13,STR01,2026-06-19T13:00:00Z,2026-06-19,13,1,1.0,51
FF-STR01-2026-06-19T14,STR01,2026-06-19T14:00:00Z,2026-06-19,14,1,1.0,48
FF-STR01-2026-06-19T15,STR01,2026-06-19T15:00:00Z,2026-06-19,15,1,1.0,47
FF-STR01-2026-06-19T16,STR01,2026-06-19T16:00:00Z,2026-06-19,16,1,1.0,71
FF-STR01-2026-06-19T17,STR01,2026-06-19T17:00:00Z,2026-06-19,17,1,1.0,68
FF-STR01-2026-06-19T18,STR01,2026-06-19T18:00:00Z,2026-06-19,18,1,1.0,29
FF-STR01-2026-06-19T20,STR01,2026-06-19T20:00:00Z,2026-06-19,20,1,1.0,39
FF-STR01-2026-06-22T09,STR01,2026-06-22T09:00:00Z,2026-06-22,9,1,1.0,35
FF-STR01-2026-06-22T11,STR01,2026-06-22T11:00:00Z,2026-06-22,11,1,1.0,40
FF-STR01-2026-06-22T12,STR01,2026-06-22T12:00:00Z,2026-06-22,12,1,1.0,34
FF-STR01-2026-06-22T13,STR01,2026-06-22T13:00:00Z,2026-06-22,13,2,1.0,36
FF-STR01-2026-06-22T15,STR01,2026-06-22T15:00:00Z,2026-06-22,15,1,1.0,52
FF-STR01-2026-06-22T16,STR01,2026-06-22T16:00:00Z,2026-06-22,16,1,1.0,64
FF-STR01-2026-06-22T18,STR01,2026-06-22T18:00:00Z,2026-06-22,18,1,1.0,76
FF-STR01-2026-06-22T19,STR01,2026-06-22T19:00:00Z,2026-06-22,19,1,1.0,72
FF-STR01-2026-06-22T22,STR01,2026-06-22T22:00:00Z,2026-06-22,22,1,1.0,12
FF-STR01-2026-06-23T09,STR01,2026-06-23T09:00:00Z,2026-06-23,9,1,1.0,20
FF-STR01-2026-06-23T10,STR01,2026-06-23T10:00:00Z,2026-06-23,10,1,1.0,50
FF-STR01-2026-06-23T11,STR01,2026-06-23T11:00:00Z,2026-06-23,11,1,1.0,45
FF-STR01-2026-06-23T12,STR01,2026-06-23T12:00:00Z,2026-06-23,12,2,1.0,62
FF-STR01-2026-06-23T13,STR01,2026-06-23T13:00:00Z,2026-06-23,13,1,1.0,37
FF-STR01-2026-06-23T14,STR01,2026-06-23T14:00:00Z,2026-06-23,14,3,0.6667,53
FF-STR01-2026-06-23T15,STR01,2026-06-23T15:00:00Z,2026-06-23,15,2,1.0,56
FF-STR01-2026-06-23T16,STR01,2026-06-23T16:00:00Z,2026-06-23,16,1,1.0,47
FF-STR01-2026-06-23T17,STR01,2026-06-23T17:00:00Z,2026-06-23,17,3,0.6667,102
FF-STR01-2026-06-23T18,STR01,2026-06-23T18:00:00Z,2026-06-23,18,1,1.0,51
FF-STR01-2026-06-23T19,STR01,2026-06-23T19:00:00Z,2026-06-23,19,1,1.0,88
FF-STR01-2026-06-23T21,STR01,2026-06-23T21:00:00Z,2026-06-23,21,1,1.0,70
FF-STR01-2026-06-23T22,STR01,2026-06-23T22:00:00Z,2026-06-23,22,1,1.0,62
FF-STR01-2026-06-24T10,STR01,2026-06-24T10:00:00Z,2026-06-24,10,1,1.0,31
FF-STR01-2026-06-24T11,STR01,2026-06-24T11:00:00Z,2026-06-24,11,1,1.0,55
FF-STR01-2026-06-24T12,STR01,2026-06-24T12:00:00Z,2026-06-24,12,1,1.0,66
FF-STR01-2026-06-24T13,STR01,2026-06-24T13:00:00Z,2026-06-24,13,3,0.6667,46
FF-STR01-2026-06-24T14,STR01,2026-06-24T14:00:00Z,2026-06-24,14,1,1.0,63
FF-STR01-2026-06-24T15,STR01,2026-06-24T15:00:00Z,2026-06-24,15,1,1.0,62
FF-STR01-2026-06-24T16,STR01,2026-06-24T16:00:00Z,2026-06-24,16,1,1.0,26
FF-STR01-2026-06-24T17,STR01,2026-06-24T17:00:00Z,2026-06-24,17,1,1.0,49
FF-STR01-2026-06-24T18,STR01,2026-06-24T18:00:00Z,2026-06-24,18,1,1.0,28
FF-STR01-2026-06-24T21,STR01,2026-06-24T21:00:00Z,2026-06-24,21,2,0.5,88
FF-STR01-2026-06-24T22,STR01,2026-06-24T22:00:00Z,2026-06-24,22,1,1.0,86
FF-STR01-2026-06-25T09,STR01,2026-06-25T09:00:00Z,2026-06-25,9,1,1.0,38
FF-STR01-2026-06-25T11,STR01,2026-06-25T11:00:00Z,2026-06-25,11,1,1.0,42
FF-STR01-2026-06-25T12,STR01,2026-06-25T12:00:00Z,2026-06-25,12,1,1.0,48
FF-STR01-2026-06-25T13,STR01,2026-06-25T13:00:00Z,2026-06-25,13,1,1.0,64
FF-STR01-2026-06-25T14,STR01,2026-06-25T14:00:00Z,2026-06-25,14,3,0.6667,71
FF-STR01-2026-06-25T15,STR01,2026-06-25T15:00:00Z,2026-06-25,15,1,1.0,38
FF-STR01-2026-06-25T16,STR01,2026-06-25T16:00:00Z,2026-06-25,16,1,1.0,69
FF-STR01-2026-06-25T17,STR01,2026-06-25T17:00:00Z,2026-06-25,17,1,1.0,83
FF-STR01-2026-06-25T18,STR01,2026-06-25T18:00:00Z,2026-06-25,18,1,1.0,66
FF-STR01-2026-06-26T09,STR01,2026-06-26T09:00:00Z,2026-06-26,9,1,1.0,17
FF-STR01-2026-06-26T11,STR01,2026-06-26T11:00:00Z,2026-06-26,11,1,1.0,63
FF-STR01-2026-06-26T14,STR01,2026-06-26T14:00:00Z,2026-06-26,14,1,1.0,90
FF-STR01-2026-06-26T15,STR01,2026-06-26T15:00:00Z,2026-06-26,15,1,1.0,8
FF-STR01-2026-06-26T16,STR01,2026-06-26T16:00:00Z,2026-06-26,16,1,1.0,24
FF-STR01-2026-06-26T17,STR01,2026-06-26T17:00:00Z,2026-06-26,17,1,1.0,45
FF-STR01-2026-06-26T18,STR01,2026-06-26T18:00:00Z,2026-06-26,18,1,1.0,46
FF-STR01-2026-06-26T19,STR01,2026-06-26T19:00:00Z,2026-06-26,19,1,1.0,34
FF-STR01-2026-06-26T21,STR01,2026-06-26T21:00:00Z,2026-06-26,21,1,1.0,72
FF-STR01-2026-06-29T08,STR01,2026-06-29T08:00:00Z,2026-06-29,8,1,1.0,45
FF-STR01-2026-06-29T10,STR01,2026-06-29T10:00:00Z,2026-06-29,10,1,1.0,29
FF-STR01-2026-06-29T11,STR01,2026-06-29T11:00:00Z,2026-06-29,11,1,1.0,50
FF-STR01-2026-06-29T12,STR01,2026-06-29T12:00:00Z,2026-06-29,12,1,1.0,33
FF-STR01-2026-06-29T13,STR01,2026-06-29T13:00:00Z,2026-06-29,13,2,0.5,41
FF-STR01-2026-06-29T14,STR01,2026-06-29T14:00:00Z,2026-06-29,14,3,0.6667,65
FF-STR01-2026-06-29T15,STR01,2026-06-29T15:00:00Z,2026-06-29,15,1,1.0,84
FF-STR01-2026-06-29T16,STR01,2026-06-29T16:00:00Z,2026-06-29,16,1,1.0,85
FF-STR01-2026-06-29T17,STR01,2026-06-29T17:00:00Z,2026-06-29,17,1,1.0,44
FF-STR01-2026-06-29T20,STR01,2026-06-29T20:00:00Z,2026-06-29,20,1,1.0,66
FF-STR01-2026-06-30T08,STR01,2026-06-30T08:00:00Z,2026-06-30,8,1,1.0,35
FF-STR01-2026-06-30T10,STR01,2026-06-30T10:00:00Z,2026-06-30,10,1,1.0,73
FF-STR01-2026-06-30T11,STR01,2026-06-30T11:00:00Z,2026-06-30,11,1,1.0,83
FF-STR01-2026-06-30T13,STR01,2026-06-30T13:00:00Z,2026-06-30,13,1,1.0,37
FF-STR01-2026-06-30T14,STR01,2026-06-30T14:00:00Z,2026-06-30,14,3,0.6667,58
FF-STR01-2026-06-30T15,STR01,2026-06-30T15:00:00Z,2026-06-30,15,4,0.5,44
FF-STR01-2026-06-30T16,STR01,2026-06-30T16:00:00Z,2026-06-30,16,4,0.75,34
FF-STR01-2026-06-30T17,STR01,2026-06-30T17:00:00Z,2026-06-30,17,2,1.0,65
FF-STR01-2026-06-30T18,STR01,2026-06-30T18:00:00Z,2026-06-30,18,1,1.0,28
FF-STR01-2026-06-30T19,STR01,2026-06-30T19:00:00Z,2026-06-30,19,1,1.0,47
FF-STR01-2026-06-30T21,STR01,2026-06-30T21:00:00Z,2026-06-30,21,1,1.0,51
FF-STR01-2026-06-30T22,STR01,2026-06-30T22:00:00Z,2026-06-30,22,1,1.0,60
FF-STR01-2026-07-01T10,STR01,2026-07-01T10:00:00Z,2026-07-01,10,1,1.0,30
FF-STR01-2026-07-01T11,STR01,2026-07-01T11:00:00Z,2026-07-01,11,1,1.0,63
FF-STR01-2026-07-01T12,STR01,2026-07-01T12:00:00Z,2026-07-01,12,1,1.0,76
FF-STR01-2026-07-01T13,STR01,2026-07-01T13:00:00Z,2026-07-01,13,1,1.0,42
FF-STR01-2026-07-01T14,STR01,2026-07-01T14:00:00Z,2026-07-01,14,1,1.0,7
FF-STR01-2026-07-01T15,STR01,2026-07-01T15:00:00Z,2026-07-01,15,1,1.0,53
FF-STR01-2026-07-01T16,STR01,2026-07-01T16:00:00Z,2026-07-01,16,1,1.0,67
FF-STR01-2026-07-01T17,STR01,2026-07-01T17:00:00Z,2026-07-01,17,1,1.0,36
FF-STR01-2026-07-01T18,STR01,2026-07-01T18:00:00Z,2026-07-01,18,1,1.0,71
FF-STR01-2026-07-01T21,STR01,2026-07-01T21:00:00Z,2026-07-01,21,1,1.0,29
FF-STR01-2026-07-02T12,STR01,2026-07-02T12:00:00Z,2026-07-02,12,1,1.0,2
FF-STR01-2026-07-02T13,STR01,2026-07-02T13:00:00Z,2026-07-02,13,3,0.6667,46
FF-STR01-2026-07-02T15,STR01,2026-07-02T15:00:00Z,2026-07-02,15,1,1.0,27
FF-STR01-2026-07-02T16,STR01,2026-07-02T16:00:00Z,2026-07-02,16,3,0.6667,39
FF-STR01-2026-07-02T17,STR01,2026-07-02T17:00:00Z,2026-07-02,17,3,0.6667,29
FF-STR01-2026-07-02T18,STR01,2026-07-02T18:00:00Z,2026-07-02,18,1,1.0,40
FF-STR01-2026-07-02T19,STR01,2026-07-02T19:00:00Z,2026-07-02,19,1,1.0,37
FF-STR01-2026-07-02T20,STR01,2026-07-02T20:00:00Z,2026-07-02,20,1,1.0,48
FF-STR01-2026-07-02T21,STR01,2026-07-02T21:00:00Z,2026-07-02,21,1,1.0,15
FF-STR01-2026-07-03T12,STR01,2026-07-03T12:00:00Z,2026-07-03,12,1,1.0,78
FF-STR01-2026-07-03T13,STR01,2026-07-03T13:00:00Z,2026-07-03,13,1,1.0,67
FF-STR01-2026-07-03T14,STR01,2026-07-03T14:00:00Z,2026-07-03,14,1,1.0,42
FF-STR01-2026-07-03T15,STR01,2026-07-03T15:00:00Z,2026-07-03,15,1,1.0,62
FF-STR01-2026-07-03T16,STR01,2026-07-03T16:00:00Z,2026-07-03,16,1,1.0,42
FF-STR01-2026-07-03T17,STR01,2026-07-03T17:00:00Z,2026-07-03,17,1,1.0,38
FF-STR01-2026-07-03T18,STR01,2026-07-03T18:00:00Z,2026-07-03,18,1,1.0,61
FF-STR01-2026-07-03T19,STR01,2026-07-03T19:00:00Z,2026-07-03,19,1,1.0,34
FF-STR01-2026-07-03T21,STR01,2026-07-03T21:00:00Z,2026-07-03,21,1,1.0,36
FF-WDF01-2026-01-01T20,WDF01,2026-01-01T20:00:00Z,2026-01-01,20,3,0.6667,19
FF-WDF01-2026-01-02T19,WDF01,2026-01-02T19:00:00Z,2026-01-02,19,1,1.0,87
FF-WDF01-2026-01-03T00,WDF01,2026-01-03T00:00:00Z,2026-01-03,0,1,1.0,51
FF-WDF01-2026-01-03T15,WDF01,2026-01-03T15:00:00Z,2026-01-03,15,2,1.0,36
FF-WDF01-2026-01-04T13,WDF01,2026-01-04T13:00:00Z,2026-01-04,13,1,1.0,57
FF-WDF01-2026-01-04T14,WDF01,2026-01-04T14:00:00Z,2026-01-04,14,1,1.0,69
FF-WDF01-2026-01-04T19,WDF01,2026-01-04T19:00:00Z,2026-01-04,19,2,0.5,70
FF-WDF01-2026-01-04T22,WDF01,2026-01-04T22:00:00Z,2026-01-04,22,4,0.75,27
FF-WDF01-2026-01-05T14,WDF01,2026-01-05T14:00:00Z,2026-01-05,14,1,1.0,28
FF-WDF01-2026-01-05T16,WDF01,2026-01-05T16:00:00Z,2026-01-05,16,1,1.0,49
FF-WDF01-2026-01-05T22,WDF01,2026-01-05T22:00:00Z,2026-01-05,22,2,1.0,25
FF-WDF01-2026-01-06T13,WDF01,2026-01-06T13:00:00Z,2026-01-06,13,1,1.0,14
FF-WDF01-2026-01-06T14,WDF01,2026-01-06T14:00:00Z,2026-01-06,14,1,1.0,38
FF-WDF01-2026-01-06T17,WDF01,2026-01-06T17:00:00Z,2026-01-06,17,2,1.0,78
FF-WDF01-2026-01-06T18,WDF01,2026-01-06T18:00:00Z,2026-01-06,18,17,0.7647,72
FF-WDF01-2026-01-07T10,WDF01,2026-01-07T10:00:00Z,2026-01-07,10,1,1.0,51
FF-WDF01-2026-01-07T12,WDF01,2026-01-07T12:00:00Z,2026-01-07,12,1,1.0,60
FF-WDF01-2026-01-07T13,WDF01,2026-01-07T13:00:00Z,2026-01-07,13,2,1.0,86
FF-WDF01-2026-01-07T15,WDF01,2026-01-07T15:00:00Z,2026-01-07,15,5,0.8,90
FF-WDF01-2026-01-07T17,WDF01,2026-01-07T17:00:00Z,2026-01-07,17,4,0.75,52
FF-WDF01-2026-01-07T19,WDF01,2026-01-07T19:00:00Z,2026-01-07,19,1,1.0,70
FF-WDF01-2026-01-08T08,WDF01,2026-01-08T08:00:00Z,2026-01-08,8,1,1.0,43
FF-WDF01-2026-01-08T12,WDF01,2026-01-08T12:00:00Z,2026-01-08,12,1,1.0,41
FF-WDF01-2026-01-08T13,WDF01,2026-01-08T13:00:00Z,2026-01-08,13,5,1.0,30
FF-WDF01-2026-01-08T14,WDF01,2026-01-08T14:00:00Z,2026-01-08,14,5,0.8,48
FF-WDF01-2026-01-08T16,WDF01,2026-01-08T16:00:00Z,2026-01-08,16,1,1.0,46
FF-WDF01-2026-01-08T17,WDF01,2026-01-08T17:00:00Z,2026-01-08,17,1,1.0,66
FF-WDF01-2026-01-08T19,WDF01,2026-01-08T19:00:00Z,2026-01-08,19,2,1.0,72
FF-WDF01-2026-01-08T21,WDF01,2026-01-08T21:00:00Z,2026-01-08,21,3,1.0,60
FF-WDF01-2026-01-08T22,WDF01,2026-01-08T22:00:00Z,2026-01-08,22,1,1.0,-8
FF-WDF01-2026-01-09T11,WDF01,2026-01-09T11:00:00Z,2026-01-09,11,1,1.0,20
FF-WDF01-2026-01-09T13,WDF01,2026-01-09T13:00:00Z,2026-01-09,13,2,1.0,33
FF-WDF01-2026-01-09T14,WDF01,2026-01-09T14:00:00Z,2026-01-09,14,3,0.6667,74
FF-WDF01-2026-01-09T15,WDF01,2026-01-09T15:00:00Z,2026-01-09,15,1,1.0,30
FF-WDF01-2026-01-09T17,WDF01,2026-01-09T17:00:00Z,2026-01-09,17,2,1.0,47
FF-WDF01-2026-01-10T19,WDF01,2026-01-10T19:00:00Z,2026-01-10,19,1,1.0,49
FF-WDF01-2026-01-10T22,WDF01,2026-01-10T22:00:00Z,2026-01-10,22,1,1.0,50
FF-WDF01-2026-01-11T12,WDF01,2026-01-11T12:00:00Z,2026-01-11,12,1,1.0,22
FF-WDF01-2026-01-11T13,WDF01,2026-01-11T13:00:00Z,2026-01-11,13,1,1.0,62
FF-WDF01-2026-01-11T14,WDF01,2026-01-11T14:00:00Z,2026-01-11,14,1,1.0,58
FF-WDF01-2026-01-11T18,WDF01,2026-01-11T18:00:00Z,2026-01-11,18,1,1.0,81
FF-WDF01-2026-01-12T10,WDF01,2026-01-12T10:00:00Z,2026-01-12,10,1,1.0,50
FF-WDF01-2026-01-12T12,WDF01,2026-01-12T12:00:00Z,2026-01-12,12,1,1.0,38
FF-WDF01-2026-01-12T13,WDF01,2026-01-12T13:00:00Z,2026-01-12,13,1,1.0,76
FF-WDF01-2026-01-12T15,WDF01,2026-01-12T15:00:00Z,2026-01-12,15,3,0.6667,56
FF-WDF01-2026-01-12T17,WDF01,2026-01-12T17:00:00Z,2026-01-12,17,1,1.0,60
FF-WDF01-2026-01-12T18,WDF01,2026-01-12T18:00:00Z,2026-01-12,18,1,1.0,50
FF-WDF01-2026-01-12T19,WDF01,2026-01-12T19:00:00Z,2026-01-12,19,2,1.0,40
FF-WDF01-2026-01-12T20,WDF01,2026-01-12T20:00:00Z,2026-01-12,20,1,1.0,58
FF-WDF01-2026-01-12T21,WDF01,2026-01-12T21:00:00Z,2026-01-12,21,1,1.0,54
FF-WDF01-2026-01-13T09,WDF01,2026-01-13T09:00:00Z,2026-01-13,9,1,1.0,61
FF-WDF01-2026-01-13T10,WDF01,2026-01-13T10:00:00Z,2026-01-13,10,1,1.0,56
FF-WDF01-2026-01-13T13,WDF01,2026-01-13T13:00:00Z,2026-01-13,13,1,1.0,42
FF-WDF01-2026-01-13T14,WDF01,2026-01-13T14:00:00Z,2026-01-13,14,1,1.0,80
FF-WDF01-2026-01-13T16,WDF01,2026-01-13T16:00:00Z,2026-01-13,16,3,1.0,7
FF-WDF01-2026-01-13T17,WDF01,2026-01-13T17:00:00Z,2026-01-13,17,1,1.0,72
FF-WDF01-2026-01-13T18,WDF01,2026-01-13T18:00:00Z,2026-01-13,18,1,1.0,58
FF-WDF01-2026-01-13T23,WDF01,2026-01-13T23:00:00Z,2026-01-13,23,1,1.0,27
FF-WDF01-2026-01-14T13,WDF01,2026-01-14T13:00:00Z,2026-01-14,13,2,1.0,43
FF-WDF01-2026-01-14T14,WDF01,2026-01-14T14:00:00Z,2026-01-14,14,6,0.8333,18
FF-WDF01-2026-01-14T15,WDF01,2026-01-14T15:00:00Z,2026-01-14,15,4,0.75,11
FF-WDF01-2026-01-14T16,WDF01,2026-01-14T16:00:00Z,2026-01-14,16,1,1.0,39
FF-WDF01-2026-01-14T17,WDF01,2026-01-14T17:00:00Z,2026-01-14,17,1,1.0,44
FF-WDF01-2026-01-14T18,WDF01,2026-01-14T18:00:00Z,2026-01-14,18,1,1.0,74
FF-WDF01-2026-01-14T20,WDF01,2026-01-14T20:00:00Z,2026-01-14,20,1,1.0,51
FF-WDF01-2026-01-14T21,WDF01,2026-01-14T21:00:00Z,2026-01-14,21,1,1.0,45
FF-WDF01-2026-01-15T08,WDF01,2026-01-15T08:00:00Z,2026-01-15,8,1,1.0,65
FF-WDF01-2026-01-15T09,WDF01,2026-01-15T09:00:00Z,2026-01-15,9,4,0.75,32
FF-WDF01-2026-01-15T12,WDF01,2026-01-15T12:00:00Z,2026-01-15,12,1,1.0,38
FF-WDF01-2026-01-15T14,WDF01,2026-01-15T14:00:00Z,2026-01-15,14,4,0.75,20
FF-WDF01-2026-01-15T17,WDF01,2026-01-15T17:00:00Z,2026-01-15,17,1,1.0,78
FF-WDF01-2026-01-15T18,WDF01,2026-01-15T18:00:00Z,2026-01-15,18,1,1.0,33
FF-WDF01-2026-01-15T22,WDF01,2026-01-15T22:00:00Z,2026-01-15,22,1,1.0,61
FF-WDF01-2026-01-16T11,WDF01,2026-01-16T11:00:00Z,2026-01-16,11,1,1.0,62
FF-WDF01-2026-01-16T13,WDF01,2026-01-16T13:00:00Z,2026-01-16,13,1,1.0,30
FF-WDF01-2026-01-16T14,WDF01,2026-01-16T14:00:00Z,2026-01-16,14,3,1.0,90
FF-WDF01-2026-01-16T15,WDF01,2026-01-16T15:00:00Z,2026-01-16,15,2,0.5,59
FF-WDF01-2026-01-16T17,WDF01,2026-01-16T17:00:00Z,2026-01-16,17,3,0.6667,78
FF-WDF01-2026-01-17T23,WDF01,2026-01-17T23:00:00Z,2026-01-17,23,1,1.0,65
FF-WDF01-2026-01-18T10,WDF01,2026-01-18T10:00:00Z,2026-01-18,10,1,1.0,79
FF-WDF01-2026-01-18T16,WDF01,2026-01-18T16:00:00Z,2026-01-18,16,1,1.0,71
FF-WDF01-2026-01-18T17,WDF01,2026-01-18T17:00:00Z,2026-01-18,17,6,0.8333,43
FF-WDF01-2026-01-18T19,WDF01,2026-01-18T19:00:00Z,2026-01-18,19,1,1.0,55
FF-WDF01-2026-01-18T22,WDF01,2026-01-18T22:00:00Z,2026-01-18,22,1,1.0,33
FF-WDF01-2026-01-19T10,WDF01,2026-01-19T10:00:00Z,2026-01-19,10,3,1.0,57
FF-WDF01-2026-01-19T13,WDF01,2026-01-19T13:00:00Z,2026-01-19,13,2,1.0,73
FF-WDF01-2026-01-19T15,WDF01,2026-01-19T15:00:00Z,2026-01-19,15,7,1.0,21
FF-WDF01-2026-01-20T10,WDF01,2026-01-20T10:00:00Z,2026-01-20,10,1,1.0,58
FF-WDF01-2026-01-20T11,WDF01,2026-01-20T11:00:00Z,2026-01-20,11,1,1.0,66
FF-WDF01-2026-01-20T13,WDF01,2026-01-20T13:00:00Z,2026-01-20,13,1,1.0,56
FF-WDF01-2026-01-20T14,WDF01,2026-01-20T14:00:00Z,2026-01-20,14,1,1.0,53
FF-WDF01-2026-01-20T15,WDF01,2026-01-20T15:00:00Z,2026-01-20,15,2,1.0,53
FF-WDF01-2026-01-20T16,WDF01,2026-01-20T16:00:00Z,2026-01-20,16,2,1.0,77
FF-WDF01-2026-01-20T17,WDF01,2026-01-20T17:00:00Z,2026-01-20,17,1,1.0,33
FF-WDF01-2026-01-20T18,WDF01,2026-01-20T18:00:00Z,2026-01-20,18,3,0.6667,11
FF-WDF01-2026-01-20T19,WDF01,2026-01-20T19:00:00Z,2026-01-20,19,1,1.0,25
FF-WDF01-2026-01-20T21,WDF01,2026-01-20T21:00:00Z,2026-01-20,21,5,0.8,49
FF-WDF01-2026-01-21T00,WDF01,2026-01-21T00:00:00Z,2026-01-21,0,1,1.0,84
FF-WDF01-2026-01-21T09,WDF01,2026-01-21T09:00:00Z,2026-01-21,9,4,0.75,45
FF-WDF01-2026-01-21T11,WDF01,2026-01-21T11:00:00Z,2026-01-21,11,1,1.0,62
FF-WDF01-2026-01-21T14,WDF01,2026-01-21T14:00:00Z,2026-01-21,14,1,1.0,26
FF-WDF01-2026-01-21T16,WDF01,2026-01-21T16:00:00Z,2026-01-21,16,5,0.8,39
FF-WDF01-2026-01-21T18,WDF01,2026-01-21T18:00:00Z,2026-01-21,18,1,1.0,8
FF-WDF01-2026-01-21T21,WDF01,2026-01-21T21:00:00Z,2026-01-21,21,1,1.0,29
FF-WDF01-2026-01-22T07,WDF01,2026-01-22T07:00:00Z,2026-01-22,7,1,1.0,31
FF-WDF01-2026-01-22T09,WDF01,2026-01-22T09:00:00Z,2026-01-22,9,1,1.0,28
FF-WDF01-2026-01-22T13,WDF01,2026-01-22T13:00:00Z,2026-01-22,13,6,0.8333,23
FF-WDF01-2026-01-22T14,WDF01,2026-01-22T14:00:00Z,2026-01-22,14,2,1.0,38
FF-WDF01-2026-01-22T15,WDF01,2026-01-22T15:00:00Z,2026-01-22,15,1,1.0,56
FF-WDF01-2026-01-22T17,WDF01,2026-01-22T17:00:00Z,2026-01-22,17,1,1.0,55
FF-WDF01-2026-01-22T18,WDF01,2026-01-22T18:00:00Z,2026-01-22,18,4,0.75,52
FF-WDF01-2026-01-22T19,WDF01,2026-01-22T19:00:00Z,2026-01-22,19,4,1.0,57
FF-WDF01-2026-01-22T23,WDF01,2026-01-22T23:00:00Z,2026-01-22,23,1,1.0,24
FF-WDF01-2026-01-23T13,WDF01,2026-01-23T13:00:00Z,2026-01-23,13,3,0.6667,53
FF-WDF01-2026-01-23T14,WDF01,2026-01-23T14:00:00Z,2026-01-23,14,5,0.6,67
FF-WDF01-2026-01-23T16,WDF01,2026-01-23T16:00:00Z,2026-01-23,16,1,1.0,6
FF-WDF01-2026-01-23T18,WDF01,2026-01-23T18:00:00Z,2026-01-23,18,1,1.0,49
FF-WDF01-2026-01-23T21,WDF01,2026-01-23T21:00:00Z,2026-01-23,21,1,1.0,64
FF-WDF01-2026-01-24T10,WDF01,2026-01-24T10:00:00Z,2026-01-24,10,3,0.6667,52
FF-WDF01-2026-01-24T16,WDF01,2026-01-24T16:00:00Z,2026-01-24,16,1,1.0,59
FF-WDF01-2026-01-25T13,WDF01,2026-01-25T13:00:00Z,2026-01-25,13,2,1.0,36
FF-WDF01-2026-01-25T14,WDF01,2026-01-25T14:00:00Z,2026-01-25,14,1,1.0,56
FF-WDF01-2026-01-25T15,WDF01,2026-01-25T15:00:00Z,2026-01-25,15,2,1.0,61
FF-WDF01-2026-01-25T16,WDF01,2026-01-25T16:00:00Z,2026-01-25,16,2,1.0,53
FF-WDF01-2026-01-26T11,WDF01,2026-01-26T11:00:00Z,2026-01-26,11,1,1.0,41
FF-WDF01-2026-01-26T15,WDF01,2026-01-26T15:00:00Z,2026-01-26,15,3,0.6667,49
FF-WDF01-2026-01-26T16,WDF01,2026-01-26T16:00:00Z,2026-01-26,16,2,1.0,33
FF-WDF01-2026-01-26T17,WDF01,2026-01-26T17:00:00Z,2026-01-26,17,1,1.0,13
FF-WDF01-2026-01-26T19,WDF01,2026-01-26T19:00:00Z,2026-01-26,19,3,0.6667,54
FF-WDF01-2026-01-26T20,WDF01,2026-01-26T20:00:00Z,2026-01-26,20,1,1.0,55
FF-WDF01-2026-01-27T10,WDF01,2026-01-27T10:00:00Z,2026-01-27,10,1,1.0,10
FF-WDF01-2026-01-27T11,WDF01,2026-01-27T11:00:00Z,2026-01-27,11,1,1.0,46
FF-WDF01-2026-01-27T13,WDF01,2026-01-27T13:00:00Z,2026-01-27,13,2,1.0,43
FF-WDF01-2026-01-27T14,WDF01,2026-01-27T14:00:00Z,2026-01-27,14,3,0.6667,57
FF-WDF01-2026-01-27T15,WDF01,2026-01-27T15:00:00Z,2026-01-27,15,1,1.0,46
FF-WDF01-2026-01-27T16,WDF01,2026-01-27T16:00:00Z,2026-01-27,16,6,0.8333,46
FF-WDF01-2026-01-27T17,WDF01,2026-01-27T17:00:00Z,2026-01-27,17,1,1.0,53
FF-WDF01-2026-01-27T18,WDF01,2026-01-27T18:00:00Z,2026-01-27,18,1,1.0,62
FF-WDF01-2026-01-27T19,WDF01,2026-01-27T19:00:00Z,2026-01-27,19,3,0.6667,30
FF-WDF01-2026-01-27T21,WDF01,2026-01-27T21:00:00Z,2026-01-27,21,2,0.5,86
FF-WDF01-2026-01-28T07,WDF01,2026-01-28T07:00:00Z,2026-01-28,7,1,1.0,41
FF-WDF01-2026-01-28T11,WDF01,2026-01-28T11:00:00Z,2026-01-28,11,1,1.0,44
FF-WDF01-2026-01-28T13,WDF01,2026-01-28T13:00:00Z,2026-01-28,13,1,1.0,51
FF-WDF01-2026-01-28T14,WDF01,2026-01-28T14:00:00Z,2026-01-28,14,1,1.0,82
FF-WDF01-2026-01-28T15,WDF01,2026-01-28T15:00:00Z,2026-01-28,15,3,0.6667,13
FF-WDF01-2026-01-28T16,WDF01,2026-01-28T16:00:00Z,2026-01-28,16,1,1.0,45
FF-WDF01-2026-01-28T17,WDF01,2026-01-28T17:00:00Z,2026-01-28,17,1,1.0,20
FF-WDF01-2026-01-28T18,WDF01,2026-01-28T18:00:00Z,2026-01-28,18,1,1.0,46
FF-WDF01-2026-01-29T09,WDF01,2026-01-29T09:00:00Z,2026-01-29,9,2,0.5,83
FF-WDF01-2026-01-29T14,WDF01,2026-01-29T14:00:00Z,2026-01-29,14,1,1.0,33
FF-WDF01-2026-01-29T15,WDF01,2026-01-29T15:00:00Z,2026-01-29,15,1,1.0,55
FF-WDF01-2026-01-29T16,WDF01,2026-01-29T16:00:00Z,2026-01-29,16,1,1.0,60
FF-WDF01-2026-01-29T17,WDF01,2026-01-29T17:00:00Z,2026-01-29,17,1,1.0,37
FF-WDF01-2026-01-29T18,WDF01,2026-01-29T18:00:00Z,2026-01-29,18,1,1.0,73
FF-WDF01-2026-01-29T19,WDF01,2026-01-29T19:00:00Z,2026-01-29,19,1,1.0,36
FF-WDF01-2026-01-29T22,WDF01,2026-01-29T22:00:00Z,2026-01-29,22,1,1.0,62
FF-WDF01-2026-01-30T11,WDF01,2026-01-30T11:00:00Z,2026-01-30,11,1,1.0,50
FF-WDF01-2026-01-30T14,WDF01,2026-01-30T14:00:00Z,2026-01-30,14,7,0.7143,57
FF-WDF01-2026-01-30T15,WDF01,2026-01-30T15:00:00Z,2026-01-30,15,1,1.0,58
FF-WDF01-2026-01-30T17,WDF01,2026-01-30T17:00:00Z,2026-01-30,17,3,0.6667,90
FF-WDF01-2026-01-30T19,WDF01,2026-01-30T19:00:00Z,2026-01-30,19,1,1.0,70
FF-WDF01-2026-01-31T14,WDF01,2026-01-31T14:00:00Z,2026-01-31,14,3,1.0,84
FF-WDF01-2026-01-31T15,WDF01,2026-01-31T15:00:00Z,2026-01-31,15,1,1.0,28
FF-WDF01-2026-02-01T11,WDF01,2026-02-01T11:00:00Z,2026-02-01,11,4,0.75,70
FF-WDF01-2026-02-01T14,WDF01,2026-02-01T14:00:00Z,2026-02-01,14,1,1.0,76
FF-WDF01-2026-02-01T15,WDF01,2026-02-01T15:00:00Z,2026-02-01,15,3,0.6667,60
FF-WDF01-2026-02-01T17,WDF01,2026-02-01T17:00:00Z,2026-02-01,17,3,0.6667,51
FF-WDF01-2026-02-01T18,WDF01,2026-02-01T18:00:00Z,2026-02-01,18,2,1.0,29
FF-WDF01-2026-02-01T19,WDF01,2026-02-01T19:00:00Z,2026-02-01,19,1,1.0,58
FF-WDF01-2026-02-01T23,WDF01,2026-02-01T23:00:00Z,2026-02-01,23,1,1.0,40
FF-WDF01-2026-02-02T13,WDF01,2026-02-02T13:00:00Z,2026-02-02,13,2,1.0,69
FF-WDF01-2026-02-02T14,WDF01,2026-02-02T14:00:00Z,2026-02-02,14,1,1.0,62
FF-WDF01-2026-02-02T15,WDF01,2026-02-02T15:00:00Z,2026-02-02,15,3,0.6667,9
FF-WDF01-2026-02-02T17,WDF01,2026-02-02T17:00:00Z,2026-02-02,17,1,1.0,33
FF-WDF01-2026-02-02T20,WDF01,2026-02-02T20:00:00Z,2026-02-02,20,1,1.0,64
FF-WDF01-2026-02-03T10,WDF01,2026-02-03T10:00:00Z,2026-02-03,10,1,1.0,10
FF-WDF01-2026-02-03T11,WDF01,2026-02-03T11:00:00Z,2026-02-03,11,2,0.5,49
FF-WDF01-2026-02-03T13,WDF01,2026-02-03T13:00:00Z,2026-02-03,13,12,0.75,6
FF-WDF01-2026-02-03T14,WDF01,2026-02-03T14:00:00Z,2026-02-03,14,1,1.0,52
FF-WDF01-2026-02-03T18,WDF01,2026-02-03T18:00:00Z,2026-02-03,18,1,1.0,76
FF-WDF01-2026-02-03T19,WDF01,2026-02-03T19:00:00Z,2026-02-03,19,1,1.0,41
FF-WDF01-2026-02-03T20,WDF01,2026-02-03T20:00:00Z,2026-02-03,20,1,1.0,52
FF-WDF01-2026-02-03T21,WDF01,2026-02-03T21:00:00Z,2026-02-03,21,1,1.0,57
FF-WDF01-2026-02-03T23,WDF01,2026-02-03T23:00:00Z,2026-02-03,23,1,1.0,63
FF-WDF01-2026-02-04T14,WDF01,2026-02-04T14:00:00Z,2026-02-04,14,2,1.0,77
FF-WDF01-2026-02-04T15,WDF01,2026-02-04T15:00:00Z,2026-02-04,15,1,1.0,69
FF-WDF01-2026-02-04T17,WDF01,2026-02-04T17:00:00Z,2026-02-04,17,1,1.0,35
FF-WDF01-2026-02-04T20,WDF01,2026-02-04T20:00:00Z,2026-02-04,20,4,0.75,72
FF-WDF01-2026-02-04T21,WDF01,2026-02-04T21:00:00Z,2026-02-04,21,1,1.0,38
FF-WDF01-2026-02-05T09,WDF01,2026-02-05T09:00:00Z,2026-02-05,9,1,1.0,75
FF-WDF01-2026-02-05T13,WDF01,2026-02-05T13:00:00Z,2026-02-05,13,1,1.0,32
FF-WDF01-2026-02-05T14,WDF01,2026-02-05T14:00:00Z,2026-02-05,14,8,1.0,59
FF-WDF01-2026-02-05T16,WDF01,2026-02-05T16:00:00Z,2026-02-05,16,2,1.0,58
FF-WDF01-2026-02-05T17,WDF01,2026-02-05T17:00:00Z,2026-02-05,17,2,1.0,74
FF-WDF01-2026-02-05T18,WDF01,2026-02-05T18:00:00Z,2026-02-05,18,4,0.75,70
FF-WDF01-2026-02-05T21,WDF01,2026-02-05T21:00:00Z,2026-02-05,21,1,1.0,62
FF-WDF01-2026-02-05T22,WDF01,2026-02-05T22:00:00Z,2026-02-05,22,1,1.0,47
FF-WDF01-2026-02-06T08,WDF01,2026-02-06T08:00:00Z,2026-02-06,8,1,1.0,21
FF-WDF01-2026-02-06T10,WDF01,2026-02-06T10:00:00Z,2026-02-06,10,1,1.0,16
FF-WDF01-2026-02-06T11,WDF01,2026-02-06T11:00:00Z,2026-02-06,11,3,0.6667,14
FF-WDF01-2026-02-06T13,WDF01,2026-02-06T13:00:00Z,2026-02-06,13,3,0.6667,86
FF-WDF01-2026-02-06T14,WDF01,2026-02-06T14:00:00Z,2026-02-06,14,2,1.0,33
FF-WDF01-2026-02-06T16,WDF01,2026-02-06T16:00:00Z,2026-02-06,16,4,0.75,46
FF-WDF01-2026-02-06T17,WDF01,2026-02-06T17:00:00Z,2026-02-06,17,3,1.0,25
FF-WDF01-2026-02-06T18,WDF01,2026-02-06T18:00:00Z,2026-02-06,18,1,1.0,37
FF-WDF01-2026-02-07T20,WDF01,2026-02-07T20:00:00Z,2026-02-07,20,1,1.0,67
FF-WDF01-2026-02-07T23,WDF01,2026-02-07T23:00:00Z,2026-02-07,23,1,1.0,32
FF-WDF01-2026-02-08T14,WDF01,2026-02-08T14:00:00Z,2026-02-08,14,3,0.6667,40
FF-WDF01-2026-02-08T15,WDF01,2026-02-08T15:00:00Z,2026-02-08,15,1,1.0,57
FF-WDF01-2026-02-08T16,WDF01,2026-02-08T16:00:00Z,2026-02-08,16,1,1.0,51
FF-WDF01-2026-02-08T17,WDF01,2026-02-08T17:00:00Z,2026-02-08,17,2,1.0,73
FF-WDF01-2026-02-08T18,WDF01,2026-02-08T18:00:00Z,2026-02-08,18,1,1.0,39
FF-WDF01-2026-02-09T10,WDF01,2026-02-09T10:00:00Z,2026-02-09,10,1,1.0,65
FF-WDF01-2026-02-09T11,WDF01,2026-02-09T11:00:00Z,2026-02-09,11,1,1.0,45
FF-WDF01-2026-02-09T12,WDF01,2026-02-09T12:00:00Z,2026-02-09,12,1,1.0,59
FF-WDF01-2026-02-09T13,WDF01,2026-02-09T13:00:00Z,2026-02-09,13,1,1.0,86
FF-WDF01-2026-02-09T14,WDF01,2026-02-09T14:00:00Z,2026-02-09,14,3,0.6667,64
FF-WDF01-2026-02-09T16,WDF01,2026-02-09T16:00:00Z,2026-02-09,16,1,1.0,42
FF-WDF01-2026-02-09T17,WDF01,2026-02-09T17:00:00Z,2026-02-09,17,1,1.0,44
FF-WDF01-2026-02-09T18,WDF01,2026-02-09T18:00:00Z,2026-02-09,18,1,1.0,28
FF-WDF01-2026-02-09T21,WDF01,2026-02-09T21:00:00Z,2026-02-09,21,1,1.0,59
FF-WDF01-2026-02-09T23,WDF01,2026-02-09T23:00:00Z,2026-02-09,23,1,1.0,74
FF-WDF01-2026-02-10T09,WDF01,2026-02-10T09:00:00Z,2026-02-10,9,1,1.0,34
FF-WDF01-2026-02-10T11,WDF01,2026-02-10T11:00:00Z,2026-02-10,11,1,1.0,40
FF-WDF01-2026-02-10T13,WDF01,2026-02-10T13:00:00Z,2026-02-10,13,8,0.875,63
FF-WDF01-2026-02-10T15,WDF01,2026-02-10T15:00:00Z,2026-02-10,15,3,0.6667,39
FF-WDF01-2026-02-10T16,WDF01,2026-02-10T16:00:00Z,2026-02-10,16,1,1.0,44
FF-WDF01-2026-02-10T17,WDF01,2026-02-10T17:00:00Z,2026-02-10,17,7,0.7143,57
FF-WDF01-2026-02-10T18,WDF01,2026-02-10T18:00:00Z,2026-02-10,18,1,1.0,58
FF-WDF01-2026-02-10T19,WDF01,2026-02-10T19:00:00Z,2026-02-10,19,1,1.0,79
FF-WDF01-2026-02-10T20,WDF01,2026-02-10T20:00:00Z,2026-02-10,20,4,0.75,80
FF-WDF01-2026-02-11T14,WDF01,2026-02-11T14:00:00Z,2026-02-11,14,2,1.0,69
FF-WDF01-2026-02-11T15,WDF01,2026-02-11T15:00:00Z,2026-02-11,15,7,0.8571,41
FF-WDF01-2026-02-11T16,WDF01,2026-02-11T16:00:00Z,2026-02-11,16,3,0.6667,68
FF-WDF01-2026-02-11T17,WDF01,2026-02-11T17:00:00Z,2026-02-11,17,1,1.0,51
FF-WDF01-2026-02-11T18,WDF01,2026-02-11T18:00:00Z,2026-02-11,18,10,0.8,61
FF-WDF01-2026-02-11T20,WDF01,2026-02-11T20:00:00Z,2026-02-11,20,1,1.0,61
FF-WDF01-2026-02-11T21,WDF01,2026-02-11T21:00:00Z,2026-02-11,21,3,0.6667,64
FF-WDF01-2026-02-12T08,WDF01,2026-02-12T08:00:00Z,2026-02-12,8,1,1.0,73
FF-WDF01-2026-02-12T13,WDF01,2026-02-12T13:00:00Z,2026-02-12,13,3,1.0,32
FF-WDF01-2026-02-12T15,WDF01,2026-02-12T15:00:00Z,2026-02-12,15,1,1.0,68
FF-WDF01-2026-02-12T16,WDF01,2026-02-12T16:00:00Z,2026-02-12,16,4,0.75,44
FF-WDF01-2026-02-12T17,WDF01,2026-02-12T17:00:00Z,2026-02-12,17,6,0.8333,58
FF-WDF01-2026-02-12T18,WDF01,2026-02-12T18:00:00Z,2026-02-12,18,1,1.0,80
FF-WDF01-2026-02-12T19,WDF01,2026-02-12T19:00:00Z,2026-02-12,19,1,1.0,56
FF-WDF01-2026-02-12T21,WDF01,2026-02-12T21:00:00Z,2026-02-12,21,1,1.0,66
FF-WDF01-2026-02-12T22,WDF01,2026-02-12T22:00:00Z,2026-02-12,22,1,1.0,45
FF-WDF01-2026-02-13T08,WDF01,2026-02-13T08:00:00Z,2026-02-13,8,1,1.0,62
FF-WDF01-2026-02-13T09,WDF01,2026-02-13T09:00:00Z,2026-02-13,9,1,1.0,44
FF-WDF01-2026-02-13T12,WDF01,2026-02-13T12:00:00Z,2026-02-13,12,6,0.8333,30
FF-WDF01-2026-02-13T13,WDF01,2026-02-13T13:00:00Z,2026-02-13,13,2,1.0,56
FF-WDF01-2026-02-13T14,WDF01,2026-02-13T14:00:00Z,2026-02-13,14,1,1.0,47
FF-WDF01-2026-02-13T15,WDF01,2026-02-13T15:00:00Z,2026-02-13,15,2,1.0,47
FF-WDF01-2026-02-13T18,WDF01,2026-02-13T18:00:00Z,2026-02-13,18,1,1.0,57
FF-WDF01-2026-02-13T20,WDF01,2026-02-13T20:00:00Z,2026-02-13,20,1,1.0,28
FF-WDF01-2026-02-13T21,WDF01,2026-02-13T21:00:00Z,2026-02-13,21,1,1.0,33
FF-WDF01-2026-02-14T12,WDF01,2026-02-14T12:00:00Z,2026-02-14,12,11,0.8182,-2
FF-WDF01-2026-02-15T14,WDF01,2026-02-15T14:00:00Z,2026-02-15,14,3,0.6667,77
FF-WDF01-2026-02-15T16,WDF01,2026-02-15T16:00:00Z,2026-02-15,16,3,0.6667,66
FF-WDF01-2026-02-15T18,WDF01,2026-02-15T18:00:00Z,2026-02-15,18,3,0.6667,54
FF-WDF01-2026-02-15T19,WDF01,2026-02-15T19:00:00Z,2026-02-15,19,2,0.5,41
FF-WDF01-2026-02-16T13,WDF01,2026-02-16T13:00:00Z,2026-02-16,13,7,0.7143,38
FF-WDF01-2026-02-16T15,WDF01,2026-02-16T15:00:00Z,2026-02-16,15,3,0.6667,9
FF-WDF01-2026-02-16T17,WDF01,2026-02-16T17:00:00Z,2026-02-16,17,2,1.0,44
FF-WDF01-2026-02-16T19,WDF01,2026-02-16T19:00:00Z,2026-02-16,19,1,1.0,38
FF-WDF01-2026-02-16T20,WDF01,2026-02-16T20:00:00Z,2026-02-16,20,3,1.0,54
FF-WDF01-2026-02-17T09,WDF01,2026-02-17T09:00:00Z,2026-02-17,9,1,1.0,20
FF-WDF01-2026-02-17T10,WDF01,2026-02-17T10:00:00Z,2026-02-17,10,1,1.0,26
FF-WDF01-2026-02-17T11,WDF01,2026-02-17T11:00:00Z,2026-02-17,11,1,1.0,52
FF-WDF01-2026-02-17T12,WDF01,2026-02-17T12:00:00Z,2026-02-17,12,1,1.0,31
FF-WDF01-2026-02-17T13,WDF01,2026-02-17T13:00:00Z,2026-02-17,13,3,1.0,59
FF-WDF01-2026-02-17T15,WDF01,2026-02-17T15:00:00Z,2026-02-17,15,8,0.75,112
FF-WDF01-2026-02-17T16,WDF01,2026-02-17T16:00:00Z,2026-02-17,16,2,1.0,30
FF-WDF01-2026-02-17T17,WDF01,2026-02-17T17:00:00Z,2026-02-17,17,1,1.0,38
FF-WDF01-2026-02-17T18,WDF01,2026-02-17T18:00:00Z,2026-02-17,18,1,1.0,40
FF-WDF01-2026-02-17T20,WDF01,2026-02-17T20:00:00Z,2026-02-17,20,5,0.8,26
FF-WDF01-2026-02-17T21,WDF01,2026-02-17T21:00:00Z,2026-02-17,21,1,1.0,43
FF-WDF01-2026-02-18T08,WDF01,2026-02-18T08:00:00Z,2026-02-18,8,1,1.0,23
FF-WDF01-2026-02-18T14,WDF01,2026-02-18T14:00:00Z,2026-02-18,14,3,0.6667,35
FF-WDF01-2026-02-18T15,WDF01,2026-02-18T15:00:00Z,2026-02-18,15,2,1.0,76
FF-WDF01-2026-02-18T16,WDF01,2026-02-18T16:00:00Z,2026-02-18,16,1,1.0,26
FF-WDF01-2026-02-18T17,WDF01,2026-02-18T17:00:00Z,2026-02-18,17,1,1.0,33
FF-WDF01-2026-02-18T19,WDF01,2026-02-18T19:00:00Z,2026-02-18,19,1,1.0,52
FF-WDF01-2026-02-18T20,WDF01,2026-02-18T20:00:00Z,2026-02-18,20,1,1.0,66
FF-WDF01-2026-02-19T08,WDF01,2026-02-19T08:00:00Z,2026-02-19,8,1,1.0,82
FF-WDF01-2026-02-19T09,WDF01,2026-02-19T09:00:00Z,2026-02-19,9,1,1.0,42
FF-WDF01-2026-02-19T11,WDF01,2026-02-19T11:00:00Z,2026-02-19,11,1,1.0,51
FF-WDF01-2026-02-19T12,WDF01,2026-02-19T12:00:00Z,2026-02-19,12,1,1.0,45
FF-WDF01-2026-02-19T13,WDF01,2026-02-19T13:00:00Z,2026-02-19,13,1,1.0,37
FF-WDF01-2026-02-19T14,WDF01,2026-02-19T14:00:00Z,2026-02-19,14,1,1.0,45
FF-WDF01-2026-02-19T16,WDF01,2026-02-19T16:00:00Z,2026-02-19,16,3,0.6667,10
FF-WDF01-2026-02-19T17,WDF01,2026-02-19T17:00:00Z,2026-02-19,17,3,0.6667,75
FF-WDF01-2026-02-19T20,WDF01,2026-02-19T20:00:00Z,2026-02-19,20,1,1.0,66
FF-WDF01-2026-02-20T10,WDF01,2026-02-20T10:00:00Z,2026-02-20,10,1,1.0,37
FF-WDF01-2026-02-20T14,WDF01,2026-02-20T14:00:00Z,2026-02-20,14,8,0.75,41
FF-WDF01-2026-02-20T15,WDF01,2026-02-20T15:00:00Z,2026-02-20,15,1,1.0,29
FF-WDF01-2026-02-20T16,WDF01,2026-02-20T16:00:00Z,2026-02-20,16,9,0.7778,95
FF-WDF01-2026-02-20T17,WDF01,2026-02-20T17:00:00Z,2026-02-20,17,5,0.6,63
FF-WDF01-2026-02-20T18,WDF01,2026-02-20T18:00:00Z,2026-02-20,18,1,1.0,58
FF-WDF01-2026-02-21T12,WDF01,2026-02-21T12:00:00Z,2026-02-21,12,3,1.0,89
FF-WDF01-2026-02-21T19,WDF01,2026-02-21T19:00:00Z,2026-02-21,19,1,1.0,22
FF-WDF01-2026-02-21T21,WDF01,2026-02-21T21:00:00Z,2026-02-21,21,1,1.0,56
FF-WDF01-2026-02-22T00,WDF01,2026-02-22T00:00:00Z,2026-02-22,0,1,1.0,36
FF-WDF01-2026-02-22T10,WDF01,2026-02-22T10:00:00Z,2026-02-22,10,2,0.5,66
FF-WDF01-2026-02-22T15,WDF01,2026-02-22T15:00:00Z,2026-02-22,15,7,0.8571,40
FF-WDF01-2026-02-22T21,WDF01,2026-02-22T21:00:00Z,2026-02-22,21,1,1.0,43
FF-WDF01-2026-02-23T09,WDF01,2026-02-23T09:00:00Z,2026-02-23,9,1,1.0,81
FF-WDF01-2026-02-23T10,WDF01,2026-02-23T10:00:00Z,2026-02-23,10,2,1.0,64
FF-WDF01-2026-02-23T11,WDF01,2026-02-23T11:00:00Z,2026-02-23,11,1,1.0,47
FF-WDF01-2026-02-23T13,WDF01,2026-02-23T13:00:00Z,2026-02-23,13,3,0.6667,51
FF-WDF01-2026-02-23T14,WDF01,2026-02-23T14:00:00Z,2026-02-23,14,1,1.0,51
FF-WDF01-2026-02-23T16,WDF01,2026-02-23T16:00:00Z,2026-02-23,16,5,0.8,56
FF-WDF01-2026-02-23T17,WDF01,2026-02-23T17:00:00Z,2026-02-23,17,1,1.0,48
FF-WDF01-2026-02-23T19,WDF01,2026-02-23T19:00:00Z,2026-02-23,19,2,1.0,76
FF-WDF01-2026-02-23T20,WDF01,2026-02-23T20:00:00Z,2026-02-23,20,2,1.0,65
FF-WDF01-2026-02-23T22,WDF01,2026-02-23T22:00:00Z,2026-02-23,22,1,1.0,8
FF-WDF01-2026-02-24T08,WDF01,2026-02-24T08:00:00Z,2026-02-24,8,1,1.0,60
FF-WDF01-2026-02-24T09,WDF01,2026-02-24T09:00:00Z,2026-02-24,9,3,1.0,53
FF-WDF01-2026-02-24T10,WDF01,2026-02-24T10:00:00Z,2026-02-24,10,1,1.0,16
FF-WDF01-2026-02-24T11,WDF01,2026-02-24T11:00:00Z,2026-02-24,11,6,0.8333,65
FF-WDF01-2026-02-24T13,WDF01,2026-02-24T13:00:00Z,2026-02-24,13,1,1.0,62
FF-WDF01-2026-02-24T15,WDF01,2026-02-24T15:00:00Z,2026-02-24,15,4,0.75,89
FF-WDF01-2026-02-24T16,WDF01,2026-02-24T16:00:00Z,2026-02-24,16,1,1.0,39
FF-WDF01-2026-02-24T17,WDF01,2026-02-24T17:00:00Z,2026-02-24,17,1,1.0,71
FF-WDF01-2026-02-24T18,WDF01,2026-02-24T18:00:00Z,2026-02-24,18,1,1.0,42
FF-WDF01-2026-02-24T22,WDF01,2026-02-24T22:00:00Z,2026-02-24,22,2,1.0,79
FF-WDF01-2026-02-25T10,WDF01,2026-02-25T10:00:00Z,2026-02-25,10,2,1.0,39
FF-WDF01-2026-02-25T12,WDF01,2026-02-25T12:00:00Z,2026-02-25,12,3,0.6667,48
FF-WDF01-2026-02-25T13,WDF01,2026-02-25T13:00:00Z,2026-02-25,13,5,0.8,45
FF-WDF01-2026-02-25T14,WDF01,2026-02-25T14:00:00Z,2026-02-25,14,1,1.0,77
FF-WDF01-2026-02-25T15,WDF01,2026-02-25T15:00:00Z,2026-02-25,15,2,1.0,39
FF-WDF01-2026-02-25T16,WDF01,2026-02-25T16:00:00Z,2026-02-25,16,1,1.0,35
FF-WDF01-2026-02-25T18,WDF01,2026-02-25T18:00:00Z,2026-02-25,18,11,0.9091,73
FF-WDF01-2026-02-25T20,WDF01,2026-02-25T20:00:00Z,2026-02-25,20,1,1.0,40
FF-WDF01-2026-02-26T09,WDF01,2026-02-26T09:00:00Z,2026-02-26,9,4,0.75,41
FF-WDF01-2026-02-26T10,WDF01,2026-02-26T10:00:00Z,2026-02-26,10,9,0.8889,54
FF-WDF01-2026-02-26T11,WDF01,2026-02-26T11:00:00Z,2026-02-26,11,1,1.0,47
FF-WDF01-2026-02-26T12,WDF01,2026-02-26T12:00:00Z,2026-02-26,12,1,1.0,37
FF-WDF01-2026-02-26T13,WDF01,2026-02-26T13:00:00Z,2026-02-26,13,1,1.0,57
FF-WDF01-2026-02-26T14,WDF01,2026-02-26T14:00:00Z,2026-02-26,14,1,1.0,35
FF-WDF01-2026-02-26T15,WDF01,2026-02-26T15:00:00Z,2026-02-26,15,2,1.0,44
FF-WDF01-2026-02-26T16,WDF01,2026-02-26T16:00:00Z,2026-02-26,16,2,1.0,12
FF-WDF01-2026-02-26T21,WDF01,2026-02-26T21:00:00Z,2026-02-26,21,1,1.0,9
FF-WDF01-2026-02-27T13,WDF01,2026-02-27T13:00:00Z,2026-02-27,13,7,0.7143,85
FF-WDF01-2026-02-27T14,WDF01,2026-02-27T14:00:00Z,2026-02-27,14,1,1.0,52
FF-WDF01-2026-02-27T15,WDF01,2026-02-27T15:00:00Z,2026-02-27,15,1,1.0,45
FF-WDF01-2026-02-27T16,WDF01,2026-02-27T16:00:00Z,2026-02-27,16,1,1.0,37
FF-WDF01-2026-02-27T21,WDF01,2026-02-27T21:00:00Z,2026-02-27,21,1,1.0,67
FF-WDF01-2026-02-28T11,WDF01,2026-02-28T11:00:00Z,2026-02-28,11,2,1.0,42
FF-WDF01-2026-03-01T14,WDF01,2026-03-01T14:00:00Z,2026-03-01,14,2,0.5,88
FF-WDF01-2026-03-01T17,WDF01,2026-03-01T17:00:00Z,2026-03-01,17,2,1.0,30
FF-WDF01-2026-03-01T19,WDF01,2026-03-01T19:00:00Z,2026-03-01,19,1,1.0,42
FF-WDF01-2026-03-01T21,WDF01,2026-03-01T21:00:00Z,2026-03-01,21,1,1.0,34
FF-WDF01-2026-03-02T13,WDF01,2026-03-02T13:00:00Z,2026-03-02,13,1,1.0,54
FF-WDF01-2026-03-02T14,WDF01,2026-03-02T14:00:00Z,2026-03-02,14,1,1.0,30
FF-WDF01-2026-03-02T15,WDF01,2026-03-02T15:00:00Z,2026-03-02,15,1,1.0,57
FF-WDF01-2026-03-02T16,WDF01,2026-03-02T16:00:00Z,2026-03-02,16,6,0.8333,76
FF-WDF01-2026-03-02T18,WDF01,2026-03-02T18:00:00Z,2026-03-02,18,1,1.0,68
FF-WDF01-2026-03-02T19,WDF01,2026-03-02T19:00:00Z,2026-03-02,19,1,1.0,64
FF-WDF01-2026-03-02T20,WDF01,2026-03-02T20:00:00Z,2026-03-02,20,1,1.0,62
FF-WDF01-2026-03-02T21,WDF01,2026-03-02T21:00:00Z,2026-03-02,21,1,1.0,19
FF-WDF01-2026-03-03T11,WDF01,2026-03-03T11:00:00Z,2026-03-03,11,1,1.0,52
FF-WDF01-2026-03-03T13,WDF01,2026-03-03T13:00:00Z,2026-03-03,13,5,0.8,67
FF-WDF01-2026-03-03T14,WDF01,2026-03-03T14:00:00Z,2026-03-03,14,1,1.0,77
FF-WDF01-2026-03-03T15,WDF01,2026-03-03T15:00:00Z,2026-03-03,15,2,0.5,49
FF-WDF01-2026-03-03T16,WDF01,2026-03-03T16:00:00Z,2026-03-03,16,3,0.6667,54
FF-WDF01-2026-03-03T17,WDF01,2026-03-03T17:00:00Z,2026-03-03,17,2,1.0,28
FF-WDF01-2026-03-03T18,WDF01,2026-03-03T18:00:00Z,2026-03-03,18,5,0.8,52
FF-WDF01-2026-03-03T19,WDF01,2026-03-03T19:00:00Z,2026-03-03,19,5,0.8,42
FF-WDF01-2026-03-03T21,WDF01,2026-03-03T21:00:00Z,2026-03-03,21,6,0.6667,90
FF-WDF01-2026-03-04T00,WDF01,2026-03-04T00:00:00Z,2026-03-04,0,1,1.0,54
FF-WDF01-2026-03-04T09,WDF01,2026-03-04T09:00:00Z,2026-03-04,9,1,1.0,55
FF-WDF01-2026-03-04T13,WDF01,2026-03-04T13:00:00Z,2026-03-04,13,2,1.0,60
FF-WDF01-2026-03-04T14,WDF01,2026-03-04T14:00:00Z,2026-03-04,14,2,1.0,51
FF-WDF01-2026-03-04T15,WDF01,2026-03-04T15:00:00Z,2026-03-04,15,3,1.0,49
FF-WDF01-2026-03-04T16,WDF01,2026-03-04T16:00:00Z,2026-03-04,16,6,0.8333,49
FF-WDF01-2026-03-04T17,WDF01,2026-03-04T17:00:00Z,2026-03-04,17,2,1.0,64
FF-WDF01-2026-03-04T19,WDF01,2026-03-04T19:00:00Z,2026-03-04,19,1,1.0,42
FF-WDF01-2026-03-05T01,WDF01,2026-03-05T01:00:00Z,2026-03-05,1,5,0.8,68
FF-WDF01-2026-03-05T09,WDF01,2026-03-05T09:00:00Z,2026-03-05,9,1,1.0,87
FF-WDF01-2026-03-05T11,WDF01,2026-03-05T11:00:00Z,2026-03-05,11,1,1.0,74
FF-WDF01-2026-03-05T13,WDF01,2026-03-05T13:00:00Z,2026-03-05,13,3,0.6667,1
FF-WDF01-2026-03-05T14,WDF01,2026-03-05T14:00:00Z,2026-03-05,14,2,1.0,68
FF-WDF01-2026-03-05T15,WDF01,2026-03-05T15:00:00Z,2026-03-05,15,1,1.0,75
FF-WDF01-2026-03-05T16,WDF01,2026-03-05T16:00:00Z,2026-03-05,16,2,1.0,46
FF-WDF01-2026-03-05T17,WDF01,2026-03-05T17:00:00Z,2026-03-05,17,3,1.0,43
FF-WDF01-2026-03-05T18,WDF01,2026-03-05T18:00:00Z,2026-03-05,18,3,0.6667,85
FF-WDF01-2026-03-05T19,WDF01,2026-03-05T19:00:00Z,2026-03-05,19,12,0.6667,31
FF-WDF01-2026-03-05T20,WDF01,2026-03-05T20:00:00Z,2026-03-05,20,1,1.0,64
FF-WDF01-2026-03-05T22,WDF01,2026-03-05T22:00:00Z,2026-03-05,22,1,1.0,28
FF-WDF01-2026-03-06T09,WDF01,2026-03-06T09:00:00Z,2026-03-06,9,1,1.0,71
FF-WDF01-2026-03-06T10,WDF01,2026-03-06T10:00:00Z,2026-03-06,10,1,1.0,85
FF-WDF01-2026-03-06T13,WDF01,2026-03-06T13:00:00Z,2026-03-06,13,2,1.0,48
FF-WDF01-2026-03-06T15,WDF01,2026-03-06T15:00:00Z,2026-03-06,15,1,1.0,18
FF-WDF01-2026-03-06T19,WDF01,2026-03-06T19:00:00Z,2026-03-06,19,4,0.75,19
FF-WDF01-2026-03-06T20,WDF01,2026-03-06T20:00:00Z,2026-03-06,20,1,1.0,56
FF-WDF01-2026-03-06T22,WDF01,2026-03-06T22:00:00Z,2026-03-06,22,1,1.0,57
FF-WDF01-2026-03-07T00,WDF01,2026-03-07T00:00:00Z,2026-03-07,0,1,1.0,52
FF-WDF01-2026-03-07T01,WDF01,2026-03-07T01:00:00Z,2026-03-07,1,1,1.0,10
FF-WDF01-2026-03-07T13,WDF01,2026-03-07T13:00:00Z,2026-03-07,13,2,1.0,82
FF-WDF01-2026-03-07T16,WDF01,2026-03-07T16:00:00Z,2026-03-07,16,3,0.6667,80
FF-WDF01-2026-03-07T17,WDF01,2026-03-07T17:00:00Z,2026-03-07,17,5,0.8,26
FF-WDF01-2026-03-08T13,WDF01,2026-03-08T13:00:00Z,2026-03-08,13,2,1.0,73
FF-WDF01-2026-03-08T15,WDF01,2026-03-08T15:00:00Z,2026-03-08,15,8,0.875,54
FF-WDF01-2026-03-08T17,WDF01,2026-03-08T17:00:00Z,2026-03-08,17,1,1.0,80
FF-WDF01-2026-03-09T11,WDF01,2026-03-09T11:00:00Z,2026-03-09,11,1,1.0,55
FF-WDF01-2026-03-09T13,WDF01,2026-03-09T13:00:00Z,2026-03-09,13,2,1.0,40
FF-WDF01-2026-03-09T14,WDF01,2026-03-09T14:00:00Z,2026-03-09,14,1,1.0,27
FF-WDF01-2026-03-09T15,WDF01,2026-03-09T15:00:00Z,2026-03-09,15,9,0.7778,76
FF-WDF01-2026-03-09T16,WDF01,2026-03-09T16:00:00Z,2026-03-09,16,1,1.0,10
FF-WDF01-2026-03-09T17,WDF01,2026-03-09T17:00:00Z,2026-03-09,17,2,1.0,62
FF-WDF01-2026-03-09T18,WDF01,2026-03-09T18:00:00Z,2026-03-09,18,1,1.0,43
FF-WDF01-2026-03-09T19,WDF01,2026-03-09T19:00:00Z,2026-03-09,19,1,1.0,55
FF-WDF01-2026-03-09T21,WDF01,2026-03-09T21:00:00Z,2026-03-09,21,4,0.75,62
FF-WDF01-2026-03-10T08,WDF01,2026-03-10T08:00:00Z,2026-03-10,8,2,1.0,47
FF-WDF01-2026-03-10T10,WDF01,2026-03-10T10:00:00Z,2026-03-10,10,1,1.0,56
FF-WDF01-2026-03-10T13,WDF01,2026-03-10T13:00:00Z,2026-03-10,13,2,1.0,35
FF-WDF01-2026-03-10T14,WDF01,2026-03-10T14:00:00Z,2026-03-10,14,2,1.0,58
FF-WDF01-2026-03-10T15,WDF01,2026-03-10T15:00:00Z,2026-03-10,15,1,1.0,36
FF-WDF01-2026-03-10T16,WDF01,2026-03-10T16:00:00Z,2026-03-10,16,5,0.8,37
FF-WDF01-2026-03-10T17,WDF01,2026-03-10T17:00:00Z,2026-03-10,17,1,1.0,51
FF-WDF01-2026-03-10T19,WDF01,2026-03-10T19:00:00Z,2026-03-10,19,3,0.6667,33
FF-WDF01-2026-03-10T21,WDF01,2026-03-10T21:00:00Z,2026-03-10,21,3,0.6667,40
FF-WDF01-2026-03-10T23,WDF01,2026-03-10T23:00:00Z,2026-03-10,23,1,1.0,11
FF-WDF01-2026-03-11T08,WDF01,2026-03-11T08:00:00Z,2026-03-11,8,1,1.0,56
FF-WDF01-2026-03-11T10,WDF01,2026-03-11T10:00:00Z,2026-03-11,10,2,1.0,59
FF-WDF01-2026-03-11T12,WDF01,2026-03-11T12:00:00Z,2026-03-11,12,1,1.0,65
FF-WDF01-2026-03-11T13,WDF01,2026-03-11T13:00:00Z,2026-03-11,13,4,0.75,40
FF-WDF01-2026-03-11T14,WDF01,2026-03-11T14:00:00Z,2026-03-11,14,1,1.0,15
FF-WDF01-2026-03-11T15,WDF01,2026-03-11T15:00:00Z,2026-03-11,15,2,1.0,49
FF-WDF01-2026-03-11T16,WDF01,2026-03-11T16:00:00Z,2026-03-11,16,4,0.75,49
FF-WDF01-2026-03-11T17,WDF01,2026-03-11T17:00:00Z,2026-03-11,17,3,0.6667,40
FF-WDF01-2026-03-11T18,WDF01,2026-03-11T18:00:00Z,2026-03-11,18,3,0.6667,51
FF-WDF01-2026-03-11T19,WDF01,2026-03-11T19:00:00Z,2026-03-11,19,2,1.0,49
FF-WDF01-2026-03-11T20,WDF01,2026-03-11T20:00:00Z,2026-03-11,20,3,0.6667,27
FF-WDF01-2026-03-11T21,WDF01,2026-03-11T21:00:00Z,2026-03-11,21,1,1.0,37
FF-WDF01-2026-03-12T09,WDF01,2026-03-12T09:00:00Z,2026-03-12,9,1,1.0,80
FF-WDF01-2026-03-12T10,WDF01,2026-03-12T10:00:00Z,2026-03-12,10,1,1.0,33
FF-WDF01-2026-03-12T11,WDF01,2026-03-12T11:00:00Z,2026-03-12,11,3,0.6667,17
FF-WDF01-2026-03-12T12,WDF01,2026-03-12T12:00:00Z,2026-03-12,12,5,0.8,48
FF-WDF01-2026-03-12T13,WDF01,2026-03-12T13:00:00Z,2026-03-12,13,3,0.6667,24
FF-WDF01-2026-03-12T14,WDF01,2026-03-12T14:00:00Z,2026-03-12,14,3,0.6667,34
FF-WDF01-2026-03-12T16,WDF01,2026-03-12T16:00:00Z,2026-03-12,16,3,0.6667,46
FF-WDF01-2026-03-12T18,WDF01,2026-03-12T18:00:00Z,2026-03-12,18,1,1.0,20
FF-WDF01-2026-03-12T19,WDF01,2026-03-12T19:00:00Z,2026-03-12,19,1,1.0,72
FF-WDF01-2026-03-12T20,WDF01,2026-03-12T20:00:00Z,2026-03-12,20,4,1.0,52
FF-WDF01-2026-03-12T22,WDF01,2026-03-12T22:00:00Z,2026-03-12,22,2,0.5,42
FF-WDF01-2026-03-13T12,WDF01,2026-03-13T12:00:00Z,2026-03-13,12,1,1.0,58
FF-WDF01-2026-03-13T14,WDF01,2026-03-13T14:00:00Z,2026-03-13,14,2,0.5,56
FF-WDF01-2026-03-13T16,WDF01,2026-03-13T16:00:00Z,2026-03-13,16,3,1.0,48
FF-WDF01-2026-03-13T17,WDF01,2026-03-13T17:00:00Z,2026-03-13,17,1,1.0,42
FF-WDF01-2026-03-13T18,WDF01,2026-03-13T18:00:00Z,2026-03-13,18,4,1.0,60
FF-WDF01-2026-03-13T19,WDF01,2026-03-13T19:00:00Z,2026-03-13,19,1,1.0,49
FF-WDF01-2026-03-13T20,WDF01,2026-03-13T20:00:00Z,2026-03-13,20,3,0.6667,44
FF-WDF01-2026-03-13T21,WDF01,2026-03-13T21:00:00Z,2026-03-13,21,1,1.0,69
FF-WDF01-2026-03-13T22,WDF01,2026-03-13T22:00:00Z,2026-03-13,22,1,1.0,67
FF-WDF01-2026-03-14T15,WDF01,2026-03-14T15:00:00Z,2026-03-14,15,1,1.0,26
FF-WDF01-2026-03-14T19,WDF01,2026-03-14T19:00:00Z,2026-03-14,19,1,1.0,44
FF-WDF01-2026-03-14T23,WDF01,2026-03-14T23:00:00Z,2026-03-14,23,2,1.0,59
FF-WDF01-2026-03-15T00,WDF01,2026-03-15T00:00:00Z,2026-03-15,0,1,1.0,54
FF-WDF01-2026-03-15T02,WDF01,2026-03-15T02:00:00Z,2026-03-15,2,1,1.0,51
FF-WDF01-2026-03-15T11,WDF01,2026-03-15T11:00:00Z,2026-03-15,11,1,1.0,51
FF-WDF01-2026-03-15T13,WDF01,2026-03-15T13:00:00Z,2026-03-15,13,1,1.0,41
FF-WDF01-2026-03-15T14,WDF01,2026-03-15T14:00:00Z,2026-03-15,14,1,1.0,46
FF-WDF01-2026-03-15T15,WDF01,2026-03-15T15:00:00Z,2026-03-15,15,6,0.8333,68
FF-WDF01-2026-03-15T18,WDF01,2026-03-15T18:00:00Z,2026-03-15,18,2,1.0,49
FF-WDF01-2026-03-16T08,WDF01,2026-03-16T08:00:00Z,2026-03-16,8,1,1.0,59
FF-WDF01-2026-03-16T12,WDF01,2026-03-16T12:00:00Z,2026-03-16,12,1,1.0,67
FF-WDF01-2026-03-16T13,WDF01,2026-03-16T13:00:00Z,2026-03-16,13,1,1.0,38
FF-WDF01-2026-03-16T14,WDF01,2026-03-16T14:00:00Z,2026-03-16,14,5,1.0,24
FF-WDF01-2026-03-16T15,WDF01,2026-03-16T15:00:00Z,2026-03-16,15,4,0.75,30
FF-WDF01-2026-03-16T16,WDF01,2026-03-16T16:00:00Z,2026-03-16,16,5,1.0,51
FF-WDF01-2026-03-16T17,WDF01,2026-03-16T17:00:00Z,2026-03-16,17,1,1.0,15
FF-WDF01-2026-03-16T18,WDF01,2026-03-16T18:00:00Z,2026-03-16,18,9,0.8889,42
FF-WDF01-2026-03-16T19,WDF01,2026-03-16T19:00:00Z,2026-03-16,19,3,1.0,74
FF-WDF01-2026-03-16T21,WDF01,2026-03-16T21:00:00Z,2026-03-16,21,3,0.6667,59
FF-WDF01-2026-03-17T09,WDF01,2026-03-17T09:00:00Z,2026-03-17,9,2,1.0,53
FF-WDF01-2026-03-17T10,WDF01,2026-03-17T10:00:00Z,2026-03-17,10,1,1.0,31
FF-WDF01-2026-03-17T11,WDF01,2026-03-17T11:00:00Z,2026-03-17,11,1,1.0,74
FF-WDF01-2026-03-17T13,WDF01,2026-03-17T13:00:00Z,2026-03-17,13,1,1.0,66
FF-WDF01-2026-03-17T14,WDF01,2026-03-17T14:00:00Z,2026-03-17,14,15,1.0,33
FF-WDF01-2026-03-17T15,WDF01,2026-03-17T15:00:00Z,2026-03-17,15,1,1.0,56
FF-WDF01-2026-03-17T16,WDF01,2026-03-17T16:00:00Z,2026-03-17,16,2,1.0,51
FF-WDF01-2026-03-17T17,WDF01,2026-03-17T17:00:00Z,2026-03-17,17,1,1.0,35
FF-WDF01-2026-03-17T18,WDF01,2026-03-17T18:00:00Z,2026-03-17,18,1,1.0,35
FF-WDF01-2026-03-17T20,WDF01,2026-03-17T20:00:00Z,2026-03-17,20,3,1.0,78
FF-WDF01-2026-03-17T21,WDF01,2026-03-17T21:00:00Z,2026-03-17,21,1,1.0,48
FF-WDF01-2026-03-17T23,WDF01,2026-03-17T23:00:00Z,2026-03-17,23,1,1.0,18
FF-WDF01-2026-03-18T09,WDF01,2026-03-18T09:00:00Z,2026-03-18,9,1,1.0,94
FF-WDF01-2026-03-18T10,WDF01,2026-03-18T10:00:00Z,2026-03-18,10,4,0.75,46
FF-WDF01-2026-03-18T11,WDF01,2026-03-18T11:00:00Z,2026-03-18,11,1,1.0,53
FF-WDF01-2026-03-18T12,WDF01,2026-03-18T12:00:00Z,2026-03-18,12,3,0.6667,67
FF-WDF01-2026-03-18T13,WDF01,2026-03-18T13:00:00Z,2026-03-18,13,3,0.6667,26
FF-WDF01-2026-03-18T14,WDF01,2026-03-18T14:00:00Z,2026-03-18,14,1,1.0,65
FF-WDF01-2026-03-18T15,WDF01,2026-03-18T15:00:00Z,2026-03-18,15,1,1.0,62
FF-WDF01-2026-03-18T16,WDF01,2026-03-18T16:00:00Z,2026-03-18,16,3,1.0,54
FF-WDF01-2026-03-18T17,WDF01,2026-03-18T17:00:00Z,2026-03-18,17,2,1.0,53
FF-WDF01-2026-03-18T18,WDF01,2026-03-18T18:00:00Z,2026-03-18,18,4,0.75,65
FF-WDF01-2026-03-18T19,WDF01,2026-03-18T19:00:00Z,2026-03-18,19,4,1.0,39
FF-WDF01-2026-03-18T20,WDF01,2026-03-18T20:00:00Z,2026-03-18,20,3,0.6667,41
FF-WDF01-2026-03-18T23,WDF01,2026-03-18T23:00:00Z,2026-03-18,23,2,1.0,61
FF-WDF01-2026-03-19T08,WDF01,2026-03-19T08:00:00Z,2026-03-19,8,1,1.0,70
FF-WDF01-2026-03-19T09,WDF01,2026-03-19T09:00:00Z,2026-03-19,9,3,0.6667,42
FF-WDF01-2026-03-19T12,WDF01,2026-03-19T12:00:00Z,2026-03-19,12,1,1.0,31
FF-WDF01-2026-03-19T13,WDF01,2026-03-19T13:00:00Z,2026-03-19,13,1,1.0,51
FF-WDF01-2026-03-19T14,WDF01,2026-03-19T14:00:00Z,2026-03-19,14,3,0.6667,60
FF-WDF01-2026-03-19T15,WDF01,2026-03-19T15:00:00Z,2026-03-19,15,1,1.0,55
FF-WDF01-2026-03-19T16,WDF01,2026-03-19T16:00:00Z,2026-03-19,16,3,1.0,42
FF-WDF01-2026-03-19T17,WDF01,2026-03-19T17:00:00Z,2026-03-19,17,1,1.0,30
FF-WDF01-2026-03-19T18,WDF01,2026-03-19T18:00:00Z,2026-03-19,18,2,1.0,54
FF-WDF01-2026-03-19T19,WDF01,2026-03-19T19:00:00Z,2026-03-19,19,2,0.5,42
FF-WDF01-2026-03-20T10,WDF01,2026-03-20T10:00:00Z,2026-03-20,10,1,1.0,48
FF-WDF01-2026-03-20T13,WDF01,2026-03-20T13:00:00Z,2026-03-20,13,1,1.0,51
FF-WDF01-2026-03-20T14,WDF01,2026-03-20T14:00:00Z,2026-03-20,14,1,1.0,37
FF-WDF01-2026-03-20T15,WDF01,2026-03-20T15:00:00Z,2026-03-20,15,9,0.7778,47
FF-WDF01-2026-03-20T16,WDF01,2026-03-20T16:00:00Z,2026-03-20,16,1,1.0,34
FF-WDF01-2026-03-20T18,WDF01,2026-03-20T18:00:00Z,2026-03-20,18,7,0.7143,25
FF-WDF01-2026-03-20T19,WDF01,2026-03-20T19:00:00Z,2026-03-20,19,3,0.6667,72
FF-WDF01-2026-03-20T20,WDF01,2026-03-20T20:00:00Z,2026-03-20,20,2,1.0,61
FF-WDF01-2026-03-20T23,WDF01,2026-03-20T23:00:00Z,2026-03-20,23,2,1.0,38
FF-WDF01-2026-03-21T11,WDF01,2026-03-21T11:00:00Z,2026-03-21,11,3,1.0,42
FF-WDF01-2026-03-21T13,WDF01,2026-03-21T13:00:00Z,2026-03-21,13,6,0.8333,28
FF-WDF01-2026-03-21T14,WDF01,2026-03-21T14:00:00Z,2026-03-21,14,1,1.0,18
FF-WDF01-2026-03-22T12,WDF01,2026-03-22T12:00:00Z,2026-03-22,12,1,1.0,75
FF-WDF01-2026-03-22T17,WDF01,2026-03-22T17:00:00Z,2026-03-22,17,7,0.7143,64
FF-WDF01-2026-03-22T20,WDF01,2026-03-22T20:00:00Z,2026-03-22,20,3,1.0,47
FF-WDF01-2026-03-23T11,WDF01,2026-03-23T11:00:00Z,2026-03-23,11,1,1.0,83
FF-WDF01-2026-03-23T12,WDF01,2026-03-23T12:00:00Z,2026-03-23,12,3,0.6667,31
FF-WDF01-2026-03-23T13,WDF01,2026-03-23T13:00:00Z,2026-03-23,13,5,0.6,59
FF-WDF01-2026-03-23T14,WDF01,2026-03-23T14:00:00Z,2026-03-23,14,6,0.8333,92
FF-WDF01-2026-03-23T15,WDF01,2026-03-23T15:00:00Z,2026-03-23,15,6,0.8333,25
FF-WDF01-2026-03-23T16,WDF01,2026-03-23T16:00:00Z,2026-03-23,16,1,1.0,57
FF-WDF01-2026-03-23T17,WDF01,2026-03-23T17:00:00Z,2026-03-23,17,1,1.0,41
FF-WDF01-2026-03-23T18,WDF01,2026-03-23T18:00:00Z,2026-03-23,18,1,1.0,52
FF-WDF01-2026-03-23T19,WDF01,2026-03-23T19:00:00Z,2026-03-23,19,4,0.75,61
FF-WDF01-2026-03-23T20,WDF01,2026-03-23T20:00:00Z,2026-03-23,20,4,0.75,67
FF-WDF01-2026-03-24T09,WDF01,2026-03-24T09:00:00Z,2026-03-24,9,2,1.0,41
FF-WDF01-2026-03-24T10,WDF01,2026-03-24T10:00:00Z,2026-03-24,10,1,1.0,65
FF-WDF01-2026-03-24T11,WDF01,2026-03-24T11:00:00Z,2026-03-24,11,4,0.75,32
FF-WDF01-2026-03-24T12,WDF01,2026-03-24T12:00:00Z,2026-03-24,12,7,0.8571,54
FF-WDF01-2026-03-24T13,WDF01,2026-03-24T13:00:00Z,2026-03-24,13,2,1.0,51
FF-WDF01-2026-03-24T14,WDF01,2026-03-24T14:00:00Z,2026-03-24,14,1,1.0,35
FF-WDF01-2026-03-24T15,WDF01,2026-03-24T15:00:00Z,2026-03-24,15,3,0.6667,42
FF-WDF01-2026-03-24T16,WDF01,2026-03-24T16:00:00Z,2026-03-24,16,1,1.0,46
FF-WDF01-2026-03-24T17,WDF01,2026-03-24T17:00:00Z,2026-03-24,17,3,0.6667,29
FF-WDF01-2026-03-24T18,WDF01,2026-03-24T18:00:00Z,2026-03-24,18,1,1.0,29
FF-WDF01-2026-03-24T19,WDF01,2026-03-24T19:00:00Z,2026-03-24,19,1,1.0,7
FF-WDF01-2026-03-24T21,WDF01,2026-03-24T21:00:00Z,2026-03-24,21,3,1.0,47
FF-WDF01-2026-03-24T22,WDF01,2026-03-24T22:00:00Z,2026-03-24,22,2,1.0,58
FF-WDF01-2026-03-25T00,WDF01,2026-03-25T00:00:00Z,2026-03-25,0,1,1.0,28
FF-WDF01-2026-03-25T13,WDF01,2026-03-25T13:00:00Z,2026-03-25,13,3,0.6667,47
FF-WDF01-2026-03-25T14,WDF01,2026-03-25T14:00:00Z,2026-03-25,14,3,0.6667,18
FF-WDF01-2026-03-25T15,WDF01,2026-03-25T15:00:00Z,2026-03-25,15,3,0.6667,37
FF-WDF01-2026-03-25T16,WDF01,2026-03-25T16:00:00Z,2026-03-25,16,5,0.8,45
FF-WDF01-2026-03-25T19,WDF01,2026-03-25T19:00:00Z,2026-03-25,19,1,1.0,21
FF-WDF01-2026-03-26T11,WDF01,2026-03-26T11:00:00Z,2026-03-26,11,5,0.8,55
FF-WDF01-2026-03-26T12,WDF01,2026-03-26T12:00:00Z,2026-03-26,12,1,1.0,70
FF-WDF01-2026-03-26T13,WDF01,2026-03-26T13:00:00Z,2026-03-26,13,5,0.8,47
FF-WDF01-2026-03-26T14,WDF01,2026-03-26T14:00:00Z,2026-03-26,14,6,0.8333,29
FF-WDF01-2026-03-26T15,WDF01,2026-03-26T15:00:00Z,2026-03-26,15,4,0.75,15
FF-WDF01-2026-03-26T17,WDF01,2026-03-26T17:00:00Z,2026-03-26,17,6,0.8333,73
FF-WDF01-2026-03-26T18,WDF01,2026-03-26T18:00:00Z,2026-03-26,18,1,1.0,75
FF-WDF01-2026-03-26T19,WDF01,2026-03-26T19:00:00Z,2026-03-26,19,2,1.0,65
FF-WDF01-2026-03-26T20,WDF01,2026-03-26T20:00:00Z,2026-03-26,20,1,1.0,43
FF-WDF01-2026-03-26T21,WDF01,2026-03-26T21:00:00Z,2026-03-26,21,1,1.0,55
FF-WDF01-2026-03-27T09,WDF01,2026-03-27T09:00:00Z,2026-03-27,9,1,1.0,64
FF-WDF01-2026-03-27T10,WDF01,2026-03-27T10:00:00Z,2026-03-27,10,1,1.0,40
FF-WDF01-2026-03-27T11,WDF01,2026-03-27T11:00:00Z,2026-03-27,11,1,1.0,18
FF-WDF01-2026-03-27T12,WDF01,2026-03-27T12:00:00Z,2026-03-27,12,1,1.0,65
FF-WDF01-2026-03-27T13,WDF01,2026-03-27T13:00:00Z,2026-03-27,13,3,0.6667,49
FF-WDF01-2026-03-27T14,WDF01,2026-03-27T14:00:00Z,2026-03-27,14,1,1.0,75
FF-WDF01-2026-03-27T15,WDF01,2026-03-27T15:00:00Z,2026-03-27,15,5,0.8,52
FF-WDF01-2026-03-27T16,WDF01,2026-03-27T16:00:00Z,2026-03-27,16,4,0.75,29
FF-WDF01-2026-03-27T17,WDF01,2026-03-27T17:00:00Z,2026-03-27,17,3,0.6667,43
FF-WDF01-2026-03-27T19,WDF01,2026-03-27T19:00:00Z,2026-03-27,19,6,0.8333,54
FF-WDF01-2026-03-28T15,WDF01,2026-03-28T15:00:00Z,2026-03-28,15,3,0.6667,101
FF-WDF01-2026-03-29T11,WDF01,2026-03-29T11:00:00Z,2026-03-29,11,1,1.0,23
FF-WDF01-2026-03-29T13,WDF01,2026-03-29T13:00:00Z,2026-03-29,13,2,1.0,60
FF-WDF01-2026-03-29T16,WDF01,2026-03-29T16:00:00Z,2026-03-29,16,2,1.0,46
FF-WDF01-2026-03-29T17,WDF01,2026-03-29T17:00:00Z,2026-03-29,17,1,1.0,66
FF-WDF01-2026-03-30T09,WDF01,2026-03-30T09:00:00Z,2026-03-30,9,2,0.5,54
FF-WDF01-2026-03-30T13,WDF01,2026-03-30T13:00:00Z,2026-03-30,13,5,0.8,57
FF-WDF01-2026-03-30T14,WDF01,2026-03-30T14:00:00Z,2026-03-30,14,1,1.0,32
FF-WDF01-2026-03-30T15,WDF01,2026-03-30T15:00:00Z,2026-03-30,15,1,1.0,57
FF-WDF01-2026-03-30T16,WDF01,2026-03-30T16:00:00Z,2026-03-30,16,2,1.0,56
FF-WDF01-2026-03-30T18,WDF01,2026-03-30T18:00:00Z,2026-03-30,18,1,1.0,48
FF-WDF01-2026-03-30T19,WDF01,2026-03-30T19:00:00Z,2026-03-30,19,1,1.0,49
FF-WDF01-2026-03-31T08,WDF01,2026-03-31T08:00:00Z,2026-03-31,8,2,1.0,72
FF-WDF01-2026-03-31T11,WDF01,2026-03-31T11:00:00Z,2026-03-31,11,2,1.0,73
FF-WDF01-2026-03-31T12,WDF01,2026-03-31T12:00:00Z,2026-03-31,12,5,0.8,53
FF-WDF01-2026-03-31T13,WDF01,2026-03-31T13:00:00Z,2026-03-31,13,1,1.0,48
FF-WDF01-2026-03-31T14,WDF01,2026-03-31T14:00:00Z,2026-03-31,14,1,1.0,56
FF-WDF01-2026-03-31T15,WDF01,2026-03-31T15:00:00Z,2026-03-31,15,7,0.8571,72
FF-WDF01-2026-03-31T16,WDF01,2026-03-31T16:00:00Z,2026-03-31,16,7,0.8571,46
FF-WDF01-2026-03-31T17,WDF01,2026-03-31T17:00:00Z,2026-03-31,17,4,0.75,39
FF-WDF01-2026-03-31T19,WDF01,2026-03-31T19:00:00Z,2026-03-31,19,5,0.8,80
FF-WDF01-2026-03-31T22,WDF01,2026-03-31T22:00:00Z,2026-03-31,22,2,0.5,79
FF-WDF01-2026-04-01T08,WDF01,2026-04-01T08:00:00Z,2026-04-01,8,1,1.0,41
FF-WDF01-2026-04-01T10,WDF01,2026-04-01T10:00:00Z,2026-04-01,10,1,1.0,59
FF-WDF01-2026-04-01T11,WDF01,2026-04-01T11:00:00Z,2026-04-01,11,1,1.0,94
FF-WDF01-2026-04-01T12,WDF01,2026-04-01T12:00:00Z,2026-04-01,12,1,1.0,34
FF-WDF01-2026-04-01T13,WDF01,2026-04-01T13:00:00Z,2026-04-01,13,6,0.8333,109
FF-WDF01-2026-04-01T14,WDF01,2026-04-01T14:00:00Z,2026-04-01,14,6,0.8333,35
FF-WDF01-2026-04-01T16,WDF01,2026-04-01T16:00:00Z,2026-04-01,16,8,0.75,33
FF-WDF01-2026-04-01T17,WDF01,2026-04-01T17:00:00Z,2026-04-01,17,1,1.0,54
FF-WDF01-2026-04-01T18,WDF01,2026-04-01T18:00:00Z,2026-04-01,18,13,0.7692,55
FF-WDF01-2026-04-01T20,WDF01,2026-04-01T20:00:00Z,2026-04-01,20,1,1.0,51
FF-WDF01-2026-04-01T23,WDF01,2026-04-01T23:00:00Z,2026-04-01,23,1,1.0,62
FF-WDF01-2026-04-02T07,WDF01,2026-04-02T07:00:00Z,2026-04-02,7,1,1.0,30
FF-WDF01-2026-04-02T08,WDF01,2026-04-02T08:00:00Z,2026-04-02,8,1,1.0,52
FF-WDF01-2026-04-02T11,WDF01,2026-04-02T11:00:00Z,2026-04-02,11,1,1.0,74
FF-WDF01-2026-04-02T12,WDF01,2026-04-02T12:00:00Z,2026-04-02,12,1,1.0,69
FF-WDF01-2026-04-02T13,WDF01,2026-04-02T13:00:00Z,2026-04-02,13,1,1.0,33
FF-WDF01-2026-04-02T15,WDF01,2026-04-02T15:00:00Z,2026-04-02,15,8,0.75,54
FF-WDF01-2026-04-02T16,WDF01,2026-04-02T16:00:00Z,2026-04-02,16,1,1.0,41
FF-WDF01-2026-04-02T23,WDF01,2026-04-02T23:00:00Z,2026-04-02,23,1,1.0,52
FF-WDF01-2026-04-03T09,WDF01,2026-04-03T09:00:00Z,2026-04-03,9,1,1.0,13
FF-WDF01-2026-04-03T10,WDF01,2026-04-03T10:00:00Z,2026-04-03,10,1,1.0,27
FF-WDF01-2026-04-03T14,WDF01,2026-04-03T14:00:00Z,2026-04-03,14,4,0.75,57
FF-WDF01-2026-04-03T16,WDF01,2026-04-03T16:00:00Z,2026-04-03,16,8,0.625,72
FF-WDF01-2026-04-03T17,WDF01,2026-04-03T17:00:00Z,2026-04-03,17,1,1.0,59
FF-WDF01-2026-04-03T18,WDF01,2026-04-03T18:00:00Z,2026-04-03,18,2,1.0,53
FF-WDF01-2026-04-03T21,WDF01,2026-04-03T21:00:00Z,2026-04-03,21,1,1.0,33
FF-WDF01-2026-04-03T23,WDF01,2026-04-03T23:00:00Z,2026-04-03,23,10,0.8,64
FF-WDF01-2026-04-05T12,WDF01,2026-04-05T12:00:00Z,2026-04-05,12,15,0.6667,80
FF-WDF01-2026-04-05T13,WDF01,2026-04-05T13:00:00Z,2026-04-05,13,1,1.0,47
FF-WDF01-2026-04-05T15,WDF01,2026-04-05T15:00:00Z,2026-04-05,15,2,1.0,47
FF-WDF01-2026-04-05T16,WDF01,2026-04-05T16:00:00Z,2026-04-05,16,1,1.0,48
FF-WDF01-2026-04-05T22,WDF01,2026-04-05T22:00:00Z,2026-04-05,22,12,0.75,98
FF-WDF01-2026-04-06T11,WDF01,2026-04-06T11:00:00Z,2026-04-06,11,2,0.5,56
FF-WDF01-2026-04-06T14,WDF01,2026-04-06T14:00:00Z,2026-04-06,14,2,1.0,35
FF-WDF01-2026-04-06T15,WDF01,2026-04-06T15:00:00Z,2026-04-06,15,5,0.8,62
FF-WDF01-2026-04-06T17,WDF01,2026-04-06T17:00:00Z,2026-04-06,17,1,1.0,37
FF-WDF01-2026-04-06T20,WDF01,2026-04-06T20:00:00Z,2026-04-06,20,4,0.75,61
FF-WDF01-2026-04-06T22,WDF01,2026-04-06T22:00:00Z,2026-04-06,22,3,1.0,58
FF-WDF01-2026-04-07T07,WDF01,2026-04-07T07:00:00Z,2026-04-07,7,1,1.0,33
FF-WDF01-2026-04-07T12,WDF01,2026-04-07T12:00:00Z,2026-04-07,12,1,1.0,40
FF-WDF01-2026-04-07T13,WDF01,2026-04-07T13:00:00Z,2026-04-07,13,7,0.8571,13
FF-WDF01-2026-04-07T15,WDF01,2026-04-07T15:00:00Z,2026-04-07,15,1,1.0,52
FF-WDF01-2026-04-07T16,WDF01,2026-04-07T16:00:00Z,2026-04-07,16,4,0.75,31
FF-WDF01-2026-04-07T17,WDF01,2026-04-07T17:00:00Z,2026-04-07,17,5,0.8,11
FF-WDF01-2026-04-07T18,WDF01,2026-04-07T18:00:00Z,2026-04-07,18,2,1.0,31
FF-WDF01-2026-04-07T19,WDF01,2026-04-07T19:00:00Z,2026-04-07,19,2,1.0,57
FF-WDF01-2026-04-07T22,WDF01,2026-04-07T22:00:00Z,2026-04-07,22,1,1.0,62
FF-WDF01-2026-04-08T07,WDF01,2026-04-08T07:00:00Z,2026-04-08,7,1,1.0,58
FF-WDF01-2026-04-08T11,WDF01,2026-04-08T11:00:00Z,2026-04-08,11,1,1.0,38
FF-WDF01-2026-04-08T12,WDF01,2026-04-08T12:00:00Z,2026-04-08,12,2,1.0,16
FF-WDF01-2026-04-08T13,WDF01,2026-04-08T13:00:00Z,2026-04-08,13,1,1.0,34
FF-WDF01-2026-04-08T14,WDF01,2026-04-08T14:00:00Z,2026-04-08,14,3,0.6667,24
FF-WDF01-2026-04-08T15,WDF01,2026-04-08T15:00:00Z,2026-04-08,15,3,1.0,33
FF-WDF01-2026-04-09T07,WDF01,2026-04-09T07:00:00Z,2026-04-09,7,2,0.5,56
FF-WDF01-2026-04-09T09,WDF01,2026-04-09T09:00:00Z,2026-04-09,9,1,1.0,72
FF-WDF01-2026-04-09T11,WDF01,2026-04-09T11:00:00Z,2026-04-09,11,1,1.0,47
FF-WDF01-2026-04-09T12,WDF01,2026-04-09T12:00:00Z,2026-04-09,12,4,0.75,71
FF-WDF01-2026-04-09T13,WDF01,2026-04-09T13:00:00Z,2026-04-09,13,1,1.0,92
FF-WDF01-2026-04-09T14,WDF01,2026-04-09T14:00:00Z,2026-04-09,14,6,0.8333,41
FF-WDF01-2026-04-09T15,WDF01,2026-04-09T15:00:00Z,2026-04-09,15,2,1.0,47
FF-WDF01-2026-04-09T16,WDF01,2026-04-09T16:00:00Z,2026-04-09,16,2,1.0,48
FF-WDF01-2026-04-09T17,WDF01,2026-04-09T17:00:00Z,2026-04-09,17,1,1.0,91
FF-WDF01-2026-04-09T18,WDF01,2026-04-09T18:00:00Z,2026-04-09,18,3,1.0,43
FF-WDF01-2026-04-10T09,WDF01,2026-04-10T09:00:00Z,2026-04-10,9,1,1.0,42
FF-WDF01-2026-04-10T12,WDF01,2026-04-10T12:00:00Z,2026-04-10,12,1,1.0,46
FF-WDF01-2026-04-10T13,WDF01,2026-04-10T13:00:00Z,2026-04-10,13,3,0.6667,63
FF-WDF01-2026-04-10T14,WDF01,2026-04-10T14:00:00Z,2026-04-10,14,3,0.6667,48
FF-WDF01-2026-04-10T15,WDF01,2026-04-10T15:00:00Z,2026-04-10,15,3,0.6667,34
FF-WDF01-2026-04-11T11,WDF01,2026-04-11T11:00:00Z,2026-04-11,11,1,1.0,20
FF-WDF01-2026-04-11T14,WDF01,2026-04-11T14:00:00Z,2026-04-11,14,2,0.5,9
FF-WDF01-2026-04-11T17,WDF01,2026-04-11T17:00:00Z,2026-04-11,17,2,1.0,47
FF-WDF01-2026-04-11T19,WDF01,2026-04-11T19:00:00Z,2026-04-11,19,2,1.0,81
FF-WDF01-2026-04-11T22,WDF01,2026-04-11T22:00:00Z,2026-04-11,22,3,0.6667,42
FF-WDF01-2026-04-12T11,WDF01,2026-04-12T11:00:00Z,2026-04-12,11,1,1.0,42
FF-WDF01-2026-04-13T11,WDF01,2026-04-13T11:00:00Z,2026-04-13,11,1,1.0,72
FF-WDF01-2026-04-13T12,WDF01,2026-04-13T12:00:00Z,2026-04-13,12,1,1.0,29
FF-WDF01-2026-04-13T14,WDF01,2026-04-13T14:00:00Z,2026-04-13,14,1,1.0,27
FF-WDF01-2026-04-13T16,WDF01,2026-04-13T16:00:00Z,2026-04-13,16,3,0.6667,42
FF-WDF01-2026-04-13T17,WDF01,2026-04-13T17:00:00Z,2026-04-13,17,3,1.0,34
FF-WDF01-2026-04-13T18,WDF01,2026-04-13T18:00:00Z,2026-04-13,18,2,1.0,71
FF-WDF01-2026-04-13T19,WDF01,2026-04-13T19:00:00Z,2026-04-13,19,2,1.0,85
FF-WDF01-2026-04-13T21,WDF01,2026-04-13T21:00:00Z,2026-04-13,21,1,1.0,11
FF-WDF01-2026-04-14T08,WDF01,2026-04-14T08:00:00Z,2026-04-14,8,1,1.0,37
FF-WDF01-2026-04-14T09,WDF01,2026-04-14T09:00:00Z,2026-04-14,9,8,0.75,58
FF-WDF01-2026-04-14T10,WDF01,2026-04-14T10:00:00Z,2026-04-14,10,1,1.0,34
FF-WDF01-2026-04-14T11,WDF01,2026-04-14T11:00:00Z,2026-04-14,11,2,0.5,37
FF-WDF01-2026-04-14T12,WDF01,2026-04-14T12:00:00Z,2026-04-14,12,1,1.0,39
FF-WDF01-2026-04-14T13,WDF01,2026-04-14T13:00:00Z,2026-04-14,13,3,0.6667,86
FF-WDF01-2026-04-14T14,WDF01,2026-04-14T14:00:00Z,2026-04-14,14,4,0.75,46
FF-WDF01-2026-04-14T15,WDF01,2026-04-14T15:00:00Z,2026-04-14,15,1,1.0,76
FF-WDF01-2026-04-14T16,WDF01,2026-04-14T16:00:00Z,2026-04-14,16,7,0.8571,63
FF-WDF01-2026-04-14T17,WDF01,2026-04-14T17:00:00Z,2026-04-14,17,4,0.75,68
FF-WDF01-2026-04-14T18,WDF01,2026-04-14T18:00:00Z,2026-04-14,18,5,0.8,43
FF-WDF01-2026-04-14T19,WDF01,2026-04-14T19:00:00Z,2026-04-14,19,1,1.0,81
FF-WDF01-2026-04-14T20,WDF01,2026-04-14T20:00:00Z,2026-04-14,20,1,1.0,56
FF-WDF01-2026-04-14T22,WDF01,2026-04-14T22:00:00Z,2026-04-14,22,3,0.6667,64
FF-WDF01-2026-04-15T09,WDF01,2026-04-15T09:00:00Z,2026-04-15,9,6,0.6667,48
FF-WDF01-2026-04-15T11,WDF01,2026-04-15T11:00:00Z,2026-04-15,11,2,1.0,27
FF-WDF01-2026-04-15T12,WDF01,2026-04-15T12:00:00Z,2026-04-15,12,4,1.0,58
FF-WDF01-2026-04-15T13,WDF01,2026-04-15T13:00:00Z,2026-04-15,13,4,0.75,89
FF-WDF01-2026-04-15T14,WDF01,2026-04-15T14:00:00Z,2026-04-15,14,1,1.0,52
FF-WDF01-2026-04-15T17,WDF01,2026-04-15T17:00:00Z,2026-04-15,17,9,0.8889,28
FF-WDF01-2026-04-15T18,WDF01,2026-04-15T18:00:00Z,2026-04-15,18,2,1.0,54
FF-WDF01-2026-04-15T19,WDF01,2026-04-15T19:00:00Z,2026-04-15,19,1,1.0,52
FF-WDF01-2026-04-16T08,WDF01,2026-04-16T08:00:00Z,2026-04-16,8,5,1.0,26
FF-WDF01-2026-04-16T09,WDF01,2026-04-16T09:00:00Z,2026-04-16,9,3,0.6667,90
FF-WDF01-2026-04-16T10,WDF01,2026-04-16T10:00:00Z,2026-04-16,10,12,0.6667,46
FF-WDF01-2026-04-16T11,WDF01,2026-04-16T11:00:00Z,2026-04-16,11,5,0.8,47
FF-WDF01-2026-04-16T12,WDF01,2026-04-16T12:00:00Z,2026-04-16,12,4,0.75,37
FF-WDF01-2026-04-16T13,WDF01,2026-04-16T13:00:00Z,2026-04-16,13,4,0.75,40
FF-WDF01-2026-04-16T15,WDF01,2026-04-16T15:00:00Z,2026-04-16,15,11,0.9091,5
FF-WDF01-2026-04-16T16,WDF01,2026-04-16T16:00:00Z,2026-04-16,16,2,1.0,74
FF-WDF01-2026-04-16T17,WDF01,2026-04-16T17:00:00Z,2026-04-16,17,1,1.0,60
FF-WDF01-2026-04-16T18,WDF01,2026-04-16T18:00:00Z,2026-04-16,18,7,0.7143,36
FF-WDF01-2026-04-16T20,WDF01,2026-04-16T20:00:00Z,2026-04-16,20,3,0.6667,44
FF-WDF01-2026-04-16T21,WDF01,2026-04-16T21:00:00Z,2026-04-16,21,1,1.0,65
FF-WDF01-2026-04-17T10,WDF01,2026-04-17T10:00:00Z,2026-04-17,10,2,1.0,44
FF-WDF01-2026-04-17T11,WDF01,2026-04-17T11:00:00Z,2026-04-17,11,4,0.75,71
FF-WDF01-2026-04-17T13,WDF01,2026-04-17T13:00:00Z,2026-04-17,13,6,0.8333,57
FF-WDF01-2026-04-17T14,WDF01,2026-04-17T14:00:00Z,2026-04-17,14,4,0.75,51
FF-WDF01-2026-04-17T15,WDF01,2026-04-17T15:00:00Z,2026-04-17,15,1,1.0,44
FF-WDF01-2026-04-17T16,WDF01,2026-04-17T16:00:00Z,2026-04-17,16,5,1.0,71
FF-WDF01-2026-04-18T16,WDF01,2026-04-18T16:00:00Z,2026-04-18,16,6,0.8333,51
FF-WDF01-2026-04-19T08,WDF01,2026-04-19T08:00:00Z,2026-04-19,8,1,1.0,78
FF-WDF01-2026-04-19T11,WDF01,2026-04-19T11:00:00Z,2026-04-19,11,1,1.0,79
FF-WDF01-2026-04-19T16,WDF01,2026-04-19T16:00:00Z,2026-04-19,16,1,1.0,35
FF-WDF01-2026-04-19T17,WDF01,2026-04-19T17:00:00Z,2026-04-19,17,1,1.0,81
FF-WDF01-2026-04-19T19,WDF01,2026-04-19T19:00:00Z,2026-04-19,19,3,0.6667,73
FF-WDF01-2026-04-20T08,WDF01,2026-04-20T08:00:00Z,2026-04-20,8,1,1.0,92
FF-WDF01-2026-04-20T09,WDF01,2026-04-20T09:00:00Z,2026-04-20,9,6,0.8333,54
FF-WDF01-2026-04-20T10,WDF01,2026-04-20T10:00:00Z,2026-04-20,10,1,1.0,54
FF-WDF01-2026-04-20T11,WDF01,2026-04-20T11:00:00Z,2026-04-20,11,1,1.0,50
FF-WDF01-2026-04-20T12,WDF01,2026-04-20T12:00:00Z,2026-04-20,12,1,1.0,13
FF-WDF01-2026-04-20T13,WDF01,2026-04-20T13:00:00Z,2026-04-20,13,8,1.0,48
FF-WDF01-2026-04-20T15,WDF01,2026-04-20T15:00:00Z,2026-04-20,15,1,1.0,74
FF-WDF01-2026-04-20T17,WDF01,2026-04-20T17:00:00Z,2026-04-20,17,8,0.75,64
FF-WDF01-2026-04-20T18,WDF01,2026-04-20T18:00:00Z,2026-04-20,18,1,1.0,68
FF-WDF01-2026-04-20T19,WDF01,2026-04-20T19:00:00Z,2026-04-20,19,6,0.6667,84
FF-WDF01-2026-04-20T20,WDF01,2026-04-20T20:00:00Z,2026-04-20,20,1,1.0,29
FF-WDF01-2026-04-21T08,WDF01,2026-04-21T08:00:00Z,2026-04-21,8,5,0.6,39
FF-WDF01-2026-04-21T09,WDF01,2026-04-21T09:00:00Z,2026-04-21,9,2,0.5,28
FF-WDF01-2026-04-21T10,WDF01,2026-04-21T10:00:00Z,2026-04-21,10,1,1.0,38
FF-WDF01-2026-04-21T12,WDF01,2026-04-21T12:00:00Z,2026-04-21,12,1,1.0,34
FF-WDF01-2026-04-21T13,WDF01,2026-04-21T13:00:00Z,2026-04-21,13,2,1.0,63
FF-WDF01-2026-04-21T15,WDF01,2026-04-21T15:00:00Z,2026-04-21,15,1,1.0,67
FF-WDF01-2026-04-21T17,WDF01,2026-04-21T17:00:00Z,2026-04-21,17,1,1.0,72
FF-WDF01-2026-04-21T18,WDF01,2026-04-21T18:00:00Z,2026-04-21,18,4,0.75,72
FF-WDF01-2026-04-21T20,WDF01,2026-04-21T20:00:00Z,2026-04-21,20,1,1.0,44
FF-WDF01-2026-04-22T12,WDF01,2026-04-22T12:00:00Z,2026-04-22,12,2,1.0,49
FF-WDF01-2026-04-22T13,WDF01,2026-04-22T13:00:00Z,2026-04-22,13,4,1.0,45
FF-WDF01-2026-04-22T15,WDF01,2026-04-22T15:00:00Z,2026-04-22,15,4,1.0,48
FF-WDF01-2026-04-22T16,WDF01,2026-04-22T16:00:00Z,2026-04-22,16,1,1.0,55
FF-WDF01-2026-04-22T17,WDF01,2026-04-22T17:00:00Z,2026-04-22,17,1,1.0,70
FF-WDF01-2026-04-22T18,WDF01,2026-04-22T18:00:00Z,2026-04-22,18,1,1.0,45
FF-WDF01-2026-04-22T19,WDF01,2026-04-22T19:00:00Z,2026-04-22,19,1,1.0,68
FF-WDF01-2026-04-22T20,WDF01,2026-04-22T20:00:00Z,2026-04-22,20,1,1.0,59
FF-WDF01-2026-04-22T21,WDF01,2026-04-22T21:00:00Z,2026-04-22,21,1,1.0,79
FF-WDF01-2026-04-23T08,WDF01,2026-04-23T08:00:00Z,2026-04-23,8,2,1.0,85
FF-WDF01-2026-04-23T09,WDF01,2026-04-23T09:00:00Z,2026-04-23,9,1,1.0,22
FF-WDF01-2026-04-23T10,WDF01,2026-04-23T10:00:00Z,2026-04-23,10,1,1.0,64
FF-WDF01-2026-04-23T12,WDF01,2026-04-23T12:00:00Z,2026-04-23,12,6,1.0,62
FF-WDF01-2026-04-23T13,WDF01,2026-04-23T13:00:00Z,2026-04-23,13,5,0.8,30
FF-WDF01-2026-04-23T14,WDF01,2026-04-23T14:00:00Z,2026-04-23,14,3,0.6667,53
FF-WDF01-2026-04-23T16,WDF01,2026-04-23T16:00:00Z,2026-04-23,16,1,1.0,55
FF-WDF01-2026-04-23T17,WDF01,2026-04-23T17:00:00Z,2026-04-23,17,2,1.0,70
FF-WDF01-2026-04-23T18,WDF01,2026-04-23T18:00:00Z,2026-04-23,18,1,1.0,62
FF-WDF01-2026-04-23T19,WDF01,2026-04-23T19:00:00Z,2026-04-23,19,1,1.0,76
FF-WDF01-2026-04-23T20,WDF01,2026-04-23T20:00:00Z,2026-04-23,20,2,0.5,15
FF-WDF01-2026-04-23T22,WDF01,2026-04-23T22:00:00Z,2026-04-23,22,1,1.0,55
FF-WDF01-2026-04-24T08,WDF01,2026-04-24T08:00:00Z,2026-04-24,8,1,1.0,28
FF-WDF01-2026-04-24T09,WDF01,2026-04-24T09:00:00Z,2026-04-24,9,4,0.75,41
FF-WDF01-2026-04-24T12,WDF01,2026-04-24T12:00:00Z,2026-04-24,12,5,1.0,60
FF-WDF01-2026-04-24T14,WDF01,2026-04-24T14:00:00Z,2026-04-24,14,1,1.0,49
FF-WDF01-2026-04-24T15,WDF01,2026-04-24T15:00:00Z,2026-04-24,15,1,1.0,11
FF-WDF01-2026-04-24T16,WDF01,2026-04-24T16:00:00Z,2026-04-24,16,3,0.6667,56
FF-WDF01-2026-04-24T17,WDF01,2026-04-24T17:00:00Z,2026-04-24,17,8,0.75,52
FF-WDF01-2026-04-24T20,WDF01,2026-04-24T20:00:00Z,2026-04-24,20,1,1.0,61
FF-WDF01-2026-04-25T15,WDF01,2026-04-25T15:00:00Z,2026-04-25,15,2,1.0,64
FF-WDF01-2026-04-26T14,WDF01,2026-04-26T14:00:00Z,2026-04-26,14,7,0.7143,56
FF-WDF01-2026-04-26T18,WDF01,2026-04-26T18:00:00Z,2026-04-26,18,1,1.0,32
FF-WDF01-2026-04-26T20,WDF01,2026-04-26T20:00:00Z,2026-04-26,20,1,1.0,24
FF-WDF01-2026-04-26T21,WDF01,2026-04-26T21:00:00Z,2026-04-26,21,3,1.0,21
FF-WDF01-2026-04-27T07,WDF01,2026-04-27T07:00:00Z,2026-04-27,7,1,1.0,22
FF-WDF01-2026-04-27T08,WDF01,2026-04-27T08:00:00Z,2026-04-27,8,1,1.0,35
FF-WDF01-2026-04-27T09,WDF01,2026-04-27T09:00:00Z,2026-04-27,9,2,0.5,25
FF-WDF01-2026-04-27T10,WDF01,2026-04-27T10:00:00Z,2026-04-27,10,1,1.0,44
FF-WDF01-2026-04-27T12,WDF01,2026-04-27T12:00:00Z,2026-04-27,12,6,0.8333,40
FF-WDF01-2026-04-27T14,WDF01,2026-04-27T14:00:00Z,2026-04-27,14,4,1.0,85
FF-WDF01-2026-04-27T15,WDF01,2026-04-27T15:00:00Z,2026-04-27,15,2,0.5,37
FF-WDF01-2026-04-27T16,WDF01,2026-04-27T16:00:00Z,2026-04-27,16,1,1.0,45
FF-WDF01-2026-04-27T17,WDF01,2026-04-27T17:00:00Z,2026-04-27,17,1,1.0,47
FF-WDF01-2026-04-27T18,WDF01,2026-04-27T18:00:00Z,2026-04-27,18,11,0.8182,31
FF-WDF01-2026-04-27T19,WDF01,2026-04-27T19:00:00Z,2026-04-27,19,2,1.0,38
FF-WDF01-2026-04-27T20,WDF01,2026-04-27T20:00:00Z,2026-04-27,20,2,1.0,50
FF-WDF01-2026-04-28T07,WDF01,2026-04-28T07:00:00Z,2026-04-28,7,4,1.0,77
FF-WDF01-2026-04-28T08,WDF01,2026-04-28T08:00:00Z,2026-04-28,8,1,1.0,76
FF-WDF01-2026-04-28T09,WDF01,2026-04-28T09:00:00Z,2026-04-28,9,1,1.0,36
FF-WDF01-2026-04-28T10,WDF01,2026-04-28T10:00:00Z,2026-04-28,10,2,1.0,47
FF-WDF01-2026-04-28T11,WDF01,2026-04-28T11:00:00Z,2026-04-28,11,1,1.0,64
FF-WDF01-2026-04-28T12,WDF01,2026-04-28T12:00:00Z,2026-04-28,12,4,0.75,62
FF-WDF01-2026-04-28T13,WDF01,2026-04-28T13:00:00Z,2026-04-28,13,1,1.0,78
FF-WDF01-2026-04-28T14,WDF01,2026-04-28T14:00:00Z,2026-04-28,14,9,0.8889,72
FF-WDF01-2026-04-28T15,WDF01,2026-04-28T15:00:00Z,2026-04-28,15,4,0.75,37
FF-WDF01-2026-04-28T16,WDF01,2026-04-28T16:00:00Z,2026-04-28,16,3,0.6667,69
FF-WDF01-2026-04-28T17,WDF01,2026-04-28T17:00:00Z,2026-04-28,17,7,0.7143,31
FF-WDF01-2026-04-28T18,WDF01,2026-04-28T18:00:00Z,2026-04-28,18,1,1.0,50
FF-WDF01-2026-04-28T19,WDF01,2026-04-28T19:00:00Z,2026-04-28,19,1,1.0,22
FF-WDF01-2026-04-28T20,WDF01,2026-04-28T20:00:00Z,2026-04-28,20,2,1.0,36
FF-WDF01-2026-04-28T21,WDF01,2026-04-28T21:00:00Z,2026-04-28,21,4,0.75,42
FF-WDF01-2026-04-28T22,WDF01,2026-04-28T22:00:00Z,2026-04-28,22,1,1.0,52
FF-WDF01-2026-04-29T07,WDF01,2026-04-29T07:00:00Z,2026-04-29,7,1,1.0,81
FF-WDF01-2026-04-29T08,WDF01,2026-04-29T08:00:00Z,2026-04-29,8,2,0.5,34
FF-WDF01-2026-04-29T09,WDF01,2026-04-29T09:00:00Z,2026-04-29,9,1,1.0,36
FF-WDF01-2026-04-29T10,WDF01,2026-04-29T10:00:00Z,2026-04-29,10,1,1.0,53
FF-WDF01-2026-04-29T13,WDF01,2026-04-29T13:00:00Z,2026-04-29,13,10,0.8,14
FF-WDF01-2026-04-29T14,WDF01,2026-04-29T14:00:00Z,2026-04-29,14,4,1.0,63
FF-WDF01-2026-04-29T15,WDF01,2026-04-29T15:00:00Z,2026-04-29,15,2,1.0,83
FF-WDF01-2026-04-29T16,WDF01,2026-04-29T16:00:00Z,2026-04-29,16,1,1.0,83
FF-WDF01-2026-04-29T17,WDF01,2026-04-29T17:00:00Z,2026-04-29,17,1,1.0,71
FF-WDF01-2026-04-29T18,WDF01,2026-04-29T18:00:00Z,2026-04-29,18,4,0.75,25
FF-WDF01-2026-04-29T19,WDF01,2026-04-29T19:00:00Z,2026-04-29,19,2,1.0,49
FF-WDF01-2026-04-29T20,WDF01,2026-04-29T20:00:00Z,2026-04-29,20,1,1.0,49
FF-WDF01-2026-04-30T07,WDF01,2026-04-30T07:00:00Z,2026-04-30,7,1,1.0,62
FF-WDF01-2026-04-30T08,WDF01,2026-04-30T08:00:00Z,2026-04-30,8,1,1.0,80
FF-WDF01-2026-04-30T10,WDF01,2026-04-30T10:00:00Z,2026-04-30,10,1,1.0,47
FF-WDF01-2026-04-30T11,WDF01,2026-04-30T11:00:00Z,2026-04-30,11,8,0.75,68
FF-WDF01-2026-04-30T12,WDF01,2026-04-30T12:00:00Z,2026-04-30,12,5,0.8,53
FF-WDF01-2026-04-30T13,WDF01,2026-04-30T13:00:00Z,2026-04-30,13,1,1.0,37
FF-WDF01-2026-04-30T15,WDF01,2026-04-30T15:00:00Z,2026-04-30,15,1,1.0,92
FF-WDF01-2026-04-30T16,WDF01,2026-04-30T16:00:00Z,2026-04-30,16,4,0.75,47
FF-WDF01-2026-04-30T17,WDF01,2026-04-30T17:00:00Z,2026-04-30,17,2,1.0,18
FF-WDF01-2026-04-30T18,WDF01,2026-04-30T18:00:00Z,2026-04-30,18,1,1.0,65
FF-WDF01-2026-04-30T19,WDF01,2026-04-30T19:00:00Z,2026-04-30,19,1,1.0,42
FF-WDF01-2026-04-30T20,WDF01,2026-04-30T20:00:00Z,2026-04-30,20,1,1.0,86
FF-WDF01-2026-04-30T21,WDF01,2026-04-30T21:00:00Z,2026-04-30,21,3,1.0,62
FF-WDF01-2026-05-01T01,WDF01,2026-05-01T01:00:00Z,2026-05-01,1,1,1.0,56
FF-WDF01-2026-05-01T12,WDF01,2026-05-01T12:00:00Z,2026-05-01,12,5,0.8,26
FF-WDF01-2026-05-01T14,WDF01,2026-05-01T14:00:00Z,2026-05-01,14,2,1.0,62
FF-WDF01-2026-05-01T20,WDF01,2026-05-01T20:00:00Z,2026-05-01,20,2,1.0,62
FF-WDF01-2026-05-02T10,WDF01,2026-05-02T10:00:00Z,2026-05-02,10,6,1.0,63
FF-WDF01-2026-05-02T12,WDF01,2026-05-02T12:00:00Z,2026-05-02,12,5,1.0,40
FF-WDF01-2026-05-02T20,WDF01,2026-05-02T20:00:00Z,2026-05-02,20,1,1.0,65
FF-WDF01-2026-05-03T10,WDF01,2026-05-03T10:00:00Z,2026-05-03,10,1,1.0,52
FF-WDF01-2026-05-03T11,WDF01,2026-05-03T11:00:00Z,2026-05-03,11,1,1.0,27
FF-WDF01-2026-05-03T13,WDF01,2026-05-03T13:00:00Z,2026-05-03,13,6,0.6667,66
FF-WDF01-2026-05-03T15,WDF01,2026-05-03T15:00:00Z,2026-05-03,15,3,0.6667,24
FF-WDF01-2026-05-03T16,WDF01,2026-05-03T16:00:00Z,2026-05-03,16,3,0.6667,44
FF-WDF01-2026-05-03T17,WDF01,2026-05-03T17:00:00Z,2026-05-03,17,2,1.0,26
FF-WDF01-2026-05-04T09,WDF01,2026-05-04T09:00:00Z,2026-05-04,9,1,1.0,48
FF-WDF01-2026-05-04T10,WDF01,2026-05-04T10:00:00Z,2026-05-04,10,2,1.0,82
FF-WDF01-2026-05-04T11,WDF01,2026-05-04T11:00:00Z,2026-05-04,11,1,1.0,30
FF-WDF01-2026-05-04T12,WDF01,2026-05-04T12:00:00Z,2026-05-04,12,2,1.0,34
FF-WDF01-2026-05-04T13,WDF01,2026-05-04T13:00:00Z,2026-05-04,13,3,0.6667,43
FF-WDF01-2026-05-04T14,WDF01,2026-05-04T14:00:00Z,2026-05-04,14,6,0.6667,31
FF-WDF01-2026-05-04T16,WDF01,2026-05-04T16:00:00Z,2026-05-04,16,5,0.8,43
FF-WDF01-2026-05-04T17,WDF01,2026-05-04T17:00:00Z,2026-05-04,17,10,0.7,66
FF-WDF01-2026-05-04T18,WDF01,2026-05-04T18:00:00Z,2026-05-04,18,4,0.75,43
FF-WDF01-2026-05-05T07,WDF01,2026-05-05T07:00:00Z,2026-05-05,7,1,1.0,30
FF-WDF01-2026-05-05T09,WDF01,2026-05-05T09:00:00Z,2026-05-05,9,1,1.0,76
FF-WDF01-2026-05-05T10,WDF01,2026-05-05T10:00:00Z,2026-05-05,10,2,1.0,92
FF-WDF01-2026-05-05T11,WDF01,2026-05-05T11:00:00Z,2026-05-05,11,1,1.0,53
FF-WDF01-2026-05-05T12,WDF01,2026-05-05T12:00:00Z,2026-05-05,12,6,0.8333,58
FF-WDF01-2026-05-05T14,WDF01,2026-05-05T14:00:00Z,2026-05-05,14,1,1.0,28
FF-WDF01-2026-05-05T16,WDF01,2026-05-05T16:00:00Z,2026-05-05,16,1,1.0,67
FF-WDF01-2026-05-05T17,WDF01,2026-05-05T17:00:00Z,2026-05-05,17,4,0.75,27
FF-WDF01-2026-05-05T18,WDF01,2026-05-05T18:00:00Z,2026-05-05,18,2,1.0,55
FF-WDF01-2026-05-05T19,WDF01,2026-05-05T19:00:00Z,2026-05-05,19,1,1.0,39
FF-WDF01-2026-05-05T22,WDF01,2026-05-05T22:00:00Z,2026-05-05,22,1,1.0,69
FF-WDF01-2026-05-06T09,WDF01,2026-05-06T09:00:00Z,2026-05-06,9,1,1.0,81
FF-WDF01-2026-05-06T11,WDF01,2026-05-06T11:00:00Z,2026-05-06,11,1,1.0,39
FF-WDF01-2026-05-06T12,WDF01,2026-05-06T12:00:00Z,2026-05-06,12,1,1.0,49
FF-WDF01-2026-05-06T13,WDF01,2026-05-06T13:00:00Z,2026-05-06,13,2,1.0,35
FF-WDF01-2026-05-06T14,WDF01,2026-05-06T14:00:00Z,2026-05-06,14,7,0.7143,43
FF-WDF01-2026-05-06T15,WDF01,2026-05-06T15:00:00Z,2026-05-06,15,2,1.0,79
FF-WDF01-2026-05-06T16,WDF01,2026-05-06T16:00:00Z,2026-05-06,16,9,0.7778,38
FF-WDF01-2026-05-06T18,WDF01,2026-05-06T18:00:00Z,2026-05-06,18,1,1.0,74
FF-WDF01-2026-05-06T19,WDF01,2026-05-06T19:00:00Z,2026-05-06,19,6,0.8333,16
FF-WDF01-2026-05-07T09,WDF01,2026-05-07T09:00:00Z,2026-05-07,9,1,1.0,33
FF-WDF01-2026-05-07T11,WDF01,2026-05-07T11:00:00Z,2026-05-07,11,3,0.6667,55
FF-WDF01-2026-05-07T12,WDF01,2026-05-07T12:00:00Z,2026-05-07,12,4,0.75,31
FF-WDF01-2026-05-07T13,WDF01,2026-05-07T13:00:00Z,2026-05-07,13,8,0.875,60
FF-WDF01-2026-05-07T14,WDF01,2026-05-07T14:00:00Z,2026-05-07,14,1,1.0,78
FF-WDF01-2026-05-07T15,WDF01,2026-05-07T15:00:00Z,2026-05-07,15,7,0.7143,49
FF-WDF01-2026-05-07T16,WDF01,2026-05-07T16:00:00Z,2026-05-07,16,1,1.0,77
FF-WDF01-2026-05-07T17,WDF01,2026-05-07T17:00:00Z,2026-05-07,17,1,1.0,29
FF-WDF01-2026-05-07T18,WDF01,2026-05-07T18:00:00Z,2026-05-07,18,2,1.0,52
FF-WDF01-2026-05-07T20,WDF01,2026-05-07T20:00:00Z,2026-05-07,20,1,1.0,48
FF-WDF01-2026-05-07T21,WDF01,2026-05-07T21:00:00Z,2026-05-07,21,1,1.0,54
FF-WDF01-2026-05-08T08,WDF01,2026-05-08T08:00:00Z,2026-05-08,8,3,0.6667,44
FF-WDF01-2026-05-08T12,WDF01,2026-05-08T12:00:00Z,2026-05-08,12,7,0.7143,41
FF-WDF01-2026-05-08T13,WDF01,2026-05-08T13:00:00Z,2026-05-08,13,6,0.6667,31
FF-WDF01-2026-05-08T14,WDF01,2026-05-08T14:00:00Z,2026-05-08,14,2,1.0,85
FF-WDF01-2026-05-08T15,WDF01,2026-05-08T15:00:00Z,2026-05-08,15,3,0.6667,49
FF-WDF01-2026-05-08T16,WDF01,2026-05-08T16:00:00Z,2026-05-08,16,6,0.8333,61
FF-WDF01-2026-05-08T17,WDF01,2026-05-08T17:00:00Z,2026-05-08,17,6,0.6667,67
FF-WDF01-2026-05-08T22,WDF01,2026-05-08T22:00:00Z,2026-05-08,22,1,1.0,50
FF-WDF01-2026-05-09T09,WDF01,2026-05-09T09:00:00Z,2026-05-09,9,2,1.0,42
FF-WDF01-2026-05-09T14,WDF01,2026-05-09T14:00:00Z,2026-05-09,14,1,1.0,57
FF-WDF01-2026-05-09T15,WDF01,2026-05-09T15:00:00Z,2026-05-09,15,3,0.6667,49
FF-WDF01-2026-05-09T16,WDF01,2026-05-09T16:00:00Z,2026-05-09,16,1,1.0,64
FF-WDF01-2026-05-09T17,WDF01,2026-05-09T17:00:00Z,2026-05-09,17,2,1.0,49
FF-WDF01-2026-05-10T12,WDF01,2026-05-10T12:00:00Z,2026-05-10,12,1,1.0,61
FF-WDF01-2026-05-10T15,WDF01,2026-05-10T15:00:00Z,2026-05-10,15,1,1.0,36
FF-WDF01-2026-05-10T16,WDF01,2026-05-10T16:00:00Z,2026-05-10,16,1,1.0,71
FF-WDF01-2026-05-10T18,WDF01,2026-05-10T18:00:00Z,2026-05-10,18,1,1.0,44
FF-WDF01-2026-05-11T10,WDF01,2026-05-11T10:00:00Z,2026-05-11,10,12,0.75,68
FF-WDF01-2026-05-11T12,WDF01,2026-05-11T12:00:00Z,2026-05-11,12,1,1.0,83
FF-WDF01-2026-05-11T13,WDF01,2026-05-11T13:00:00Z,2026-05-11,13,2,0.5,52
FF-WDF01-2026-05-11T16,WDF01,2026-05-11T16:00:00Z,2026-05-11,16,5,0.8,47
FF-WDF01-2026-05-11T17,WDF01,2026-05-11T17:00:00Z,2026-05-11,17,2,1.0,52
FF-WDF01-2026-05-11T19,WDF01,2026-05-11T19:00:00Z,2026-05-11,19,6,0.8333,76
FF-WDF01-2026-05-12T08,WDF01,2026-05-12T08:00:00Z,2026-05-12,8,4,0.75,68
FF-WDF01-2026-05-12T09,WDF01,2026-05-12T09:00:00Z,2026-05-12,9,1,1.0,55
FF-WDF01-2026-05-12T13,WDF01,2026-05-12T13:00:00Z,2026-05-12,13,2,1.0,59
FF-WDF01-2026-05-12T14,WDF01,2026-05-12T14:00:00Z,2026-05-12,14,1,1.0,82
FF-WDF01-2026-05-12T15,WDF01,2026-05-12T15:00:00Z,2026-05-12,15,1,1.0,92
FF-WDF01-2026-05-12T16,WDF01,2026-05-12T16:00:00Z,2026-05-12,16,1,1.0,55
FF-WDF01-2026-05-12T18,WDF01,2026-05-12T18:00:00Z,2026-05-12,18,3,0.6667,79
FF-WDF01-2026-05-12T21,WDF01,2026-05-12T21:00:00Z,2026-05-12,21,1,1.0,80
FF-WDF01-2026-05-13T07,WDF01,2026-05-13T07:00:00Z,2026-05-13,7,3,0.6667,63
FF-WDF01-2026-05-13T09,WDF01,2026-05-13T09:00:00Z,2026-05-13,9,1,1.0,37
FF-WDF01-2026-05-13T11,WDF01,2026-05-13T11:00:00Z,2026-05-13,11,1,1.0,70
FF-WDF01-2026-05-13T12,WDF01,2026-05-13T12:00:00Z,2026-05-13,12,1,1.0,55
FF-WDF01-2026-05-13T13,WDF01,2026-05-13T13:00:00Z,2026-05-13,13,21,0.7143,25
FF-WDF01-2026-05-13T14,WDF01,2026-05-13T14:00:00Z,2026-05-13,14,4,0.75,70
FF-WDF01-2026-05-13T15,WDF01,2026-05-13T15:00:00Z,2026-05-13,15,11,0.7273,10
FF-WDF01-2026-05-13T16,WDF01,2026-05-13T16:00:00Z,2026-05-13,16,2,1.0,63
FF-WDF01-2026-05-13T17,WDF01,2026-05-13T17:00:00Z,2026-05-13,17,1,1.0,40
FF-WDF01-2026-05-13T19,WDF01,2026-05-13T19:00:00Z,2026-05-13,19,7,0.7143,99
FF-WDF01-2026-05-14T13,WDF01,2026-05-14T13:00:00Z,2026-05-14,13,4,1.0,31
FF-WDF01-2026-05-14T14,WDF01,2026-05-14T14:00:00Z,2026-05-14,14,2,1.0,46
FF-WDF01-2026-05-14T15,WDF01,2026-05-14T15:00:00Z,2026-05-14,15,2,1.0,36
FF-WDF01-2026-05-14T16,WDF01,2026-05-14T16:00:00Z,2026-05-14,16,1,1.0,65
FF-WDF01-2026-05-15T06,WDF01,2026-05-15T06:00:00Z,2026-05-15,6,1,1.0,1
FF-WDF01-2026-05-15T08,WDF01,2026-05-15T08:00:00Z,2026-05-15,8,1,1.0,38
FF-WDF01-2026-05-15T10,WDF01,2026-05-15T10:00:00Z,2026-05-15,10,1,1.0,47
FF-WDF01-2026-05-15T14,WDF01,2026-05-15T14:00:00Z,2026-05-15,14,2,1.0,46
FF-WDF01-2026-05-15T15,WDF01,2026-05-15T15:00:00Z,2026-05-15,15,1,1.0,39
FF-WDF01-2026-05-15T16,WDF01,2026-05-15T16:00:00Z,2026-05-15,16,1,1.0,34
FF-WDF01-2026-05-15T17,WDF01,2026-05-15T17:00:00Z,2026-05-15,17,2,1.0,55
FF-WDF01-2026-05-15T23,WDF01,2026-05-15T23:00:00Z,2026-05-15,23,2,0.5,42
FF-WDF01-2026-05-16T09,WDF01,2026-05-16T09:00:00Z,2026-05-16,9,1,1.0,38
FF-WDF01-2026-05-16T11,WDF01,2026-05-16T11:00:00Z,2026-05-16,11,3,0.6667,73
FF-WDF01-2026-05-16T16,WDF01,2026-05-16T16:00:00Z,2026-05-16,16,1,1.0,50
FF-WDF01-2026-05-17T13,WDF01,2026-05-17T13:00:00Z,2026-05-17,13,3,0.6667,49
FF-WDF01-2026-05-18T07,WDF01,2026-05-18T07:00:00Z,2026-05-18,7,2,1.0,48
FF-WDF01-2026-05-18T13,WDF01,2026-05-18T13:00:00Z,2026-05-18,13,1,1.0,49
FF-WDF01-2026-05-18T14,WDF01,2026-05-18T14:00:00Z,2026-05-18,14,5,0.8,59
FF-WDF01-2026-05-18T15,WDF01,2026-05-18T15:00:00Z,2026-05-18,15,1,1.0,22
FF-WDF01-2026-05-18T16,WDF01,2026-05-18T16:00:00Z,2026-05-18,16,4,0.75,50
FF-WDF01-2026-05-18T17,WDF01,2026-05-18T17:00:00Z,2026-05-18,17,1,1.0,67
FF-WDF01-2026-05-19T06,WDF01,2026-05-19T06:00:00Z,2026-05-19,6,2,1.0,70
FF-WDF01-2026-05-19T08,WDF01,2026-05-19T08:00:00Z,2026-05-19,8,2,1.0,40
FF-WDF01-2026-05-19T10,WDF01,2026-05-19T10:00:00Z,2026-05-19,10,1,1.0,58
FF-WDF01-2026-05-19T12,WDF01,2026-05-19T12:00:00Z,2026-05-19,12,4,1.0,36
FF-WDF01-2026-05-19T13,WDF01,2026-05-19T13:00:00Z,2026-05-19,13,1,1.0,62
FF-WDF01-2026-05-19T14,WDF01,2026-05-19T14:00:00Z,2026-05-19,14,4,0.75,6
FF-WDF01-2026-05-19T15,WDF01,2026-05-19T15:00:00Z,2026-05-19,15,2,0.5,40
FF-WDF01-2026-05-19T16,WDF01,2026-05-19T16:00:00Z,2026-05-19,16,3,0.6667,53
FF-WDF01-2026-05-19T17,WDF01,2026-05-19T17:00:00Z,2026-05-19,17,1,1.0,38
FF-WDF01-2026-05-19T18,WDF01,2026-05-19T18:00:00Z,2026-05-19,18,1,1.0,40
FF-WDF01-2026-05-19T19,WDF01,2026-05-19T19:00:00Z,2026-05-19,19,2,1.0,76
FF-WDF01-2026-05-19T22,WDF01,2026-05-19T22:00:00Z,2026-05-19,22,1,1.0,86
FF-WDF01-2026-05-20T07,WDF01,2026-05-20T07:00:00Z,2026-05-20,7,1,1.0,41
FF-WDF01-2026-05-20T09,WDF01,2026-05-20T09:00:00Z,2026-05-20,9,7,0.7143,33
FF-WDF01-2026-05-20T11,WDF01,2026-05-20T11:00:00Z,2026-05-20,11,2,1.0,40
FF-WDF01-2026-05-20T12,WDF01,2026-05-20T12:00:00Z,2026-05-20,12,1,1.0,40
FF-WDF01-2026-05-20T13,WDF01,2026-05-20T13:00:00Z,2026-05-20,13,7,0.7143,75
FF-WDF01-2026-05-20T14,WDF01,2026-05-20T14:00:00Z,2026-05-20,14,6,0.6667,51
FF-WDF01-2026-05-20T15,WDF01,2026-05-20T15:00:00Z,2026-05-20,15,1,1.0,43
FF-WDF01-2026-05-20T16,WDF01,2026-05-20T16:00:00Z,2026-05-20,16,10,0.8,22
FF-WDF01-2026-05-20T17,WDF01,2026-05-20T17:00:00Z,2026-05-20,17,4,1.0,39
FF-WDF01-2026-05-20T18,WDF01,2026-05-20T18:00:00Z,2026-05-20,18,2,1.0,12
FF-WDF01-2026-05-21T12,WDF01,2026-05-21T12:00:00Z,2026-05-21,12,3,0.6667,40
FF-WDF01-2026-05-21T13,WDF01,2026-05-21T13:00:00Z,2026-05-21,13,1,1.0,27
FF-WDF01-2026-05-21T14,WDF01,2026-05-21T14:00:00Z,2026-05-21,14,5,0.8,10
FF-WDF01-2026-05-21T15,WDF01,2026-05-21T15:00:00Z,2026-05-21,15,4,0.75,57
FF-WDF01-2026-05-21T16,WDF01,2026-05-21T16:00:00Z,2026-05-21,16,2,1.0,48
FF-WDF01-2026-05-21T18,WDF01,2026-05-21T18:00:00Z,2026-05-21,18,2,1.0,62
FF-WDF01-2026-05-21T20,WDF01,2026-05-21T20:00:00Z,2026-05-21,20,2,1.0,62
FF-WDF01-2026-05-22T08,WDF01,2026-05-22T08:00:00Z,2026-05-22,8,1,1.0,67
FF-WDF01-2026-05-22T13,WDF01,2026-05-22T13:00:00Z,2026-05-22,13,1,1.0,49
FF-WDF01-2026-05-22T14,WDF01,2026-05-22T14:00:00Z,2026-05-22,14,1,1.0,52
FF-WDF01-2026-05-22T15,WDF01,2026-05-22T15:00:00Z,2026-05-22,15,36,0.6944,70
FF-WDF01-2026-05-22T16,WDF01,2026-05-22T16:00:00Z,2026-05-22,16,8,0.875,79
FF-WDF01-2026-05-22T17,WDF01,2026-05-22T17:00:00Z,2026-05-22,17,1,1.0,57
FF-WDF01-2026-05-22T18,WDF01,2026-05-22T18:00:00Z,2026-05-22,18,1,1.0,61
FF-WDF01-2026-05-22T20,WDF01,2026-05-22T20:00:00Z,2026-05-22,20,1,1.0,73
FF-WDF01-2026-05-24T11,WDF01,2026-05-24T11:00:00Z,2026-05-24,11,3,1.0,72
FF-WDF01-2026-05-24T14,WDF01,2026-05-24T14:00:00Z,2026-05-24,14,8,0.625,61
FF-WDF01-2026-05-24T16,WDF01,2026-05-24T16:00:00Z,2026-05-24,16,1,1.0,46
FF-WDF01-2026-05-24T17,WDF01,2026-05-24T17:00:00Z,2026-05-24,17,2,1.0,55
FF-WDF01-2026-05-24T18,WDF01,2026-05-24T18:00:00Z,2026-05-24,18,4,0.75,31
FF-WDF01-2026-05-25T10,WDF01,2026-05-25T10:00:00Z,2026-05-25,10,1,1.0,52
FF-WDF01-2026-05-25T11,WDF01,2026-05-25T11:00:00Z,2026-05-25,11,1,1.0,38
FF-WDF01-2026-05-25T20,WDF01,2026-05-25T20:00:00Z,2026-05-25,20,1,1.0,37
FF-WDF01-2026-05-25T21,WDF01,2026-05-25T21:00:00Z,2026-05-25,21,1,1.0,83
FF-WDF01-2026-05-26T07,WDF01,2026-05-26T07:00:00Z,2026-05-26,7,1,1.0,43
FF-WDF01-2026-05-26T10,WDF01,2026-05-26T10:00:00Z,2026-05-26,10,1,1.0,39
FF-WDF01-2026-05-26T12,WDF01,2026-05-26T12:00:00Z,2026-05-26,12,6,1.0,48
FF-WDF01-2026-05-26T13,WDF01,2026-05-26T13:00:00Z,2026-05-26,13,2,1.0,86
FF-WDF01-2026-05-26T14,WDF01,2026-05-26T14:00:00Z,2026-05-26,14,4,0.75,58
FF-WDF01-2026-05-26T16,WDF01,2026-05-26T16:00:00Z,2026-05-26,16,5,0.8,27
FF-WDF01-2026-05-26T17,WDF01,2026-05-26T17:00:00Z,2026-05-26,17,1,1.0,28
FF-WDF01-2026-05-26T19,WDF01,2026-05-26T19:00:00Z,2026-05-26,19,1,1.0,6
FF-WDF01-2026-05-26T21,WDF01,2026-05-26T21:00:00Z,2026-05-26,21,2,1.0,79
FF-WDF01-2026-05-26T22,WDF01,2026-05-26T22:00:00Z,2026-05-26,22,4,0.75,70
FF-WDF01-2026-05-27T08,WDF01,2026-05-27T08:00:00Z,2026-05-27,8,1,1.0,58
FF-WDF01-2026-05-27T09,WDF01,2026-05-27T09:00:00Z,2026-05-27,9,3,0.6667,61
FF-WDF01-2026-05-27T10,WDF01,2026-05-27T10:00:00Z,2026-05-27,10,4,0.75,37
FF-WDF01-2026-05-27T11,WDF01,2026-05-27T11:00:00Z,2026-05-27,11,1,1.0,49
FF-WDF01-2026-05-27T12,WDF01,2026-05-27T12:00:00Z,2026-05-27,12,11,0.8182,31
FF-WDF01-2026-05-27T15,WDF01,2026-05-27T15:00:00Z,2026-05-27,15,2,1.0,66
FF-WDF01-2026-05-27T16,WDF01,2026-05-27T16:00:00Z,2026-05-27,16,1,1.0,33
FF-WDF01-2026-05-27T18,WDF01,2026-05-27T18:00:00Z,2026-05-27,18,3,0.6667,86
FF-WDF01-2026-05-27T20,WDF01,2026-05-27T20:00:00Z,2026-05-27,20,1,1.0,71
FF-WDF01-2026-05-27T21,WDF01,2026-05-27T21:00:00Z,2026-05-27,21,2,1.0,49
FF-WDF01-2026-05-28T08,WDF01,2026-05-28T08:00:00Z,2026-05-28,8,3,0.6667,28
FF-WDF01-2026-05-28T10,WDF01,2026-05-28T10:00:00Z,2026-05-28,10,1,1.0,70
FF-WDF01-2026-05-28T12,WDF01,2026-05-28T12:00:00Z,2026-05-28,12,17,0.7647,56
FF-WDF01-2026-05-28T13,WDF01,2026-05-28T13:00:00Z,2026-05-28,13,2,0.5,25
FF-WDF01-2026-05-28T14,WDF01,2026-05-28T14:00:00Z,2026-05-28,14,5,0.6,86
FF-WDF01-2026-05-28T15,WDF01,2026-05-28T15:00:00Z,2026-05-28,15,1,1.0,69
FF-WDF01-2026-05-28T16,WDF01,2026-05-28T16:00:00Z,2026-05-28,16,4,0.75,71
FF-WDF01-2026-05-28T17,WDF01,2026-05-28T17:00:00Z,2026-05-28,17,2,1.0,92
FF-WDF01-2026-05-28T18,WDF01,2026-05-28T18:00:00Z,2026-05-28,18,3,0.6667,25
FF-WDF01-2026-05-28T20,WDF01,2026-05-28T20:00:00Z,2026-05-28,20,3,0.6667,46
FF-WDF01-2026-05-28T21,WDF01,2026-05-28T21:00:00Z,2026-05-28,21,2,1.0,49
FF-WDF01-2026-05-29T10,WDF01,2026-05-29T10:00:00Z,2026-05-29,10,3,0.6667,37
FF-WDF01-2026-05-29T13,WDF01,2026-05-29T13:00:00Z,2026-05-29,13,2,1.0,31
FF-WDF01-2026-05-29T15,WDF01,2026-05-29T15:00:00Z,2026-05-29,15,1,1.0,43
FF-WDF01-2026-05-29T17,WDF01,2026-05-29T17:00:00Z,2026-05-29,17,1,1.0,16
FF-WDF01-2026-05-29T18,WDF01,2026-05-29T18:00:00Z,2026-05-29,18,1,1.0,60
FF-WDF01-2026-05-30T18,WDF01,2026-05-30T18:00:00Z,2026-05-30,18,6,1.0,55
FF-WDF01-2026-05-31T09,WDF01,2026-05-31T09:00:00Z,2026-05-31,9,1,1.0,56
FF-WDF01-2026-05-31T12,WDF01,2026-05-31T12:00:00Z,2026-05-31,12,2,1.0,53
FF-WDF01-2026-05-31T13,WDF01,2026-05-31T13:00:00Z,2026-05-31,13,3,1.0,36
FF-WDF01-2026-05-31T14,WDF01,2026-05-31T14:00:00Z,2026-05-31,14,1,1.0,70
FF-WDF01-2026-05-31T17,WDF01,2026-05-31T17:00:00Z,2026-05-31,17,3,1.0,34
FF-WDF01-2026-05-31T20,WDF01,2026-05-31T20:00:00Z,2026-05-31,20,1,1.0,38
FF-WDF01-2026-05-31T21,WDF01,2026-05-31T21:00:00Z,2026-05-31,21,15,0.9333,45
FF-WDF01-2026-05-31T22,WDF01,2026-05-31T22:00:00Z,2026-05-31,22,1,1.0,75
FF-WDF01-2026-06-01T07,WDF01,2026-06-01T07:00:00Z,2026-06-01,7,1,1.0,67
FF-WDF01-2026-06-01T13,WDF01,2026-06-01T13:00:00Z,2026-06-01,13,3,0.6667,71
FF-WDF01-2026-06-01T15,WDF01,2026-06-01T15:00:00Z,2026-06-01,15,4,0.75,60
FF-WDF01-2026-06-01T16,WDF01,2026-06-01T16:00:00Z,2026-06-01,16,4,0.75,38
FF-WDF01-2026-06-01T17,WDF01,2026-06-01T17:00:00Z,2026-06-01,17,1,1.0,43
FF-WDF01-2026-06-01T19,WDF01,2026-06-01T19:00:00Z,2026-06-01,19,1,1.0,58
FF-WDF01-2026-06-01T21,WDF01,2026-06-01T21:00:00Z,2026-06-01,21,1,1.0,58
FF-WDF01-2026-06-02T08,WDF01,2026-06-02T08:00:00Z,2026-06-02,8,3,0.6667,48
FF-WDF01-2026-06-02T09,WDF01,2026-06-02T09:00:00Z,2026-06-02,9,1,1.0,23
FF-WDF01-2026-06-02T13,WDF01,2026-06-02T13:00:00Z,2026-06-02,13,3,1.0,33
FF-WDF01-2026-06-02T14,WDF01,2026-06-02T14:00:00Z,2026-06-02,14,1,1.0,84
FF-WDF01-2026-06-02T15,WDF01,2026-06-02T15:00:00Z,2026-06-02,15,3,0.6667,76
FF-WDF01-2026-06-02T16,WDF01,2026-06-02T16:00:00Z,2026-06-02,16,1,1.0,52
FF-WDF01-2026-06-02T17,WDF01,2026-06-02T17:00:00Z,2026-06-02,17,3,0.6667,26
FF-WDF01-2026-06-02T18,WDF01,2026-06-02T18:00:00Z,2026-06-02,18,1,1.0,70
FF-WDF01-2026-06-02T22,WDF01,2026-06-02T22:00:00Z,2026-06-02,22,5,0.8,27
FF-WDF01-2026-06-03T07,WDF01,2026-06-03T07:00:00Z,2026-06-03,7,1,1.0,-1
FF-WDF01-2026-06-03T09,WDF01,2026-06-03T09:00:00Z,2026-06-03,9,1,1.0,85
FF-WDF01-2026-06-03T12,WDF01,2026-06-03T12:00:00Z,2026-06-03,12,3,0.6667,69
FF-WDF01-2026-06-03T13,WDF01,2026-06-03T13:00:00Z,2026-06-03,13,4,0.75,85
FF-WDF01-2026-06-03T14,WDF01,2026-06-03T14:00:00Z,2026-06-03,14,3,1.0,27
FF-WDF01-2026-06-03T15,WDF01,2026-06-03T15:00:00Z,2026-06-03,15,1,1.0,50
FF-WDF01-2026-06-03T16,WDF01,2026-06-03T16:00:00Z,2026-06-03,16,2,1.0,24
FF-WDF01-2026-06-03T17,WDF01,2026-06-03T17:00:00Z,2026-06-03,17,1,1.0,46
FF-WDF01-2026-06-03T18,WDF01,2026-06-03T18:00:00Z,2026-06-03,18,1,1.0,27
FF-WDF01-2026-06-03T20,WDF01,2026-06-03T20:00:00Z,2026-06-03,20,2,1.0,44
FF-WDF01-2026-06-03T21,WDF01,2026-06-03T21:00:00Z,2026-06-03,21,11,1.0,79
FF-WDF01-2026-06-04T13,WDF01,2026-06-04T13:00:00Z,2026-06-04,13,1,1.0,55
FF-WDF01-2026-06-04T15,WDF01,2026-06-04T15:00:00Z,2026-06-04,15,1,1.0,43
FF-WDF01-2026-06-04T19,WDF01,2026-06-04T19:00:00Z,2026-06-04,19,1,1.0,63
FF-WDF01-2026-06-04T20,WDF01,2026-06-04T20:00:00Z,2026-06-04,20,4,0.75,27
FF-WDF01-2026-06-04T21,WDF01,2026-06-04T21:00:00Z,2026-06-04,21,1,1.0,69
FF-WDF01-2026-06-05T08,WDF01,2026-06-05T08:00:00Z,2026-06-05,8,1,1.0,32
FF-WDF01-2026-06-05T09,WDF01,2026-06-05T09:00:00Z,2026-06-05,9,2,1.0,49
FF-WDF01-2026-06-05T14,WDF01,2026-06-05T14:00:00Z,2026-06-05,14,1,1.0,41
FF-WDF01-2026-06-05T16,WDF01,2026-06-05T16:00:00Z,2026-06-05,16,5,0.8,24
FF-WDF01-2026-06-05T17,WDF01,2026-06-05T17:00:00Z,2026-06-05,17,2,1.0,64
FF-WDF01-2026-06-06T12,WDF01,2026-06-06T12:00:00Z,2026-06-06,12,1,1.0,46
FF-WDF01-2026-06-06T16,WDF01,2026-06-06T16:00:00Z,2026-06-06,16,1,1.0,36
FF-WDF01-2026-06-06T18,WDF01,2026-06-06T18:00:00Z,2026-06-06,18,3,0.6667,51
FF-WDF01-2026-06-06T20,WDF01,2026-06-06T20:00:00Z,2026-06-06,20,5,0.8,87
FF-WDF01-2026-06-06T21,WDF01,2026-06-06T21:00:00Z,2026-06-06,21,2,1.0,31
FF-WDF01-2026-06-06T22,WDF01,2026-06-06T22:00:00Z,2026-06-06,22,2,0.5,68
FF-WDF01-2026-06-07T12,WDF01,2026-06-07T12:00:00Z,2026-06-07,12,7,0.8571,52
FF-WDF01-2026-06-07T13,WDF01,2026-06-07T13:00:00Z,2026-06-07,13,6,0.6667,52
FF-WDF01-2026-06-07T16,WDF01,2026-06-07T16:00:00Z,2026-06-07,16,1,1.0,52
FF-WDF01-2026-06-07T17,WDF01,2026-06-07T17:00:00Z,2026-06-07,17,2,1.0,54
FF-WDF01-2026-06-07T18,WDF01,2026-06-07T18:00:00Z,2026-06-07,18,11,0.9091,39
FF-WDF01-2026-06-07T21,WDF01,2026-06-07T21:00:00Z,2026-06-07,21,4,1.0,48
FF-WDF01-2026-06-08T09,WDF01,2026-06-08T09:00:00Z,2026-06-08,9,6,0.6667,77
FF-WDF01-2026-06-08T10,WDF01,2026-06-08T10:00:00Z,2026-06-08,10,1,1.0,43
FF-WDF01-2026-06-08T12,WDF01,2026-06-08T12:00:00Z,2026-06-08,12,8,0.875,46
FF-WDF01-2026-06-08T13,WDF01,2026-06-08T13:00:00Z,2026-06-08,13,3,0.6667,47
FF-WDF01-2026-06-08T14,WDF01,2026-06-08T14:00:00Z,2026-06-08,14,7,0.7143,45
FF-WDF01-2026-06-08T15,WDF01,2026-06-08T15:00:00Z,2026-06-08,15,1,1.0,56
FF-WDF01-2026-06-08T16,WDF01,2026-06-08T16:00:00Z,2026-06-08,16,4,0.75,61
FF-WDF01-2026-06-08T17,WDF01,2026-06-08T17:00:00Z,2026-06-08,17,4,0.75,19
FF-WDF01-2026-06-08T19,WDF01,2026-06-08T19:00:00Z,2026-06-08,19,1,1.0,48
FF-WDF01-2026-06-08T20,WDF01,2026-06-08T20:00:00Z,2026-06-08,20,5,0.6,64
FF-WDF01-2026-06-09T08,WDF01,2026-06-09T08:00:00Z,2026-06-09,8,2,1.0,58
FF-WDF01-2026-06-09T09,WDF01,2026-06-09T09:00:00Z,2026-06-09,9,1,1.0,50
FF-WDF01-2026-06-09T11,WDF01,2026-06-09T11:00:00Z,2026-06-09,11,6,0.8333,43
FF-WDF01-2026-06-09T13,WDF01,2026-06-09T13:00:00Z,2026-06-09,13,1,1.0,24
FF-WDF01-2026-06-09T14,WDF01,2026-06-09T14:00:00Z,2026-06-09,14,3,1.0,58
FF-WDF01-2026-06-09T15,WDF01,2026-06-09T15:00:00Z,2026-06-09,15,2,1.0,63
FF-WDF01-2026-06-09T16,WDF01,2026-06-09T16:00:00Z,2026-06-09,16,3,1.0,38
FF-WDF01-2026-06-09T19,WDF01,2026-06-09T19:00:00Z,2026-06-09,19,1,1.0,80
FF-WDF01-2026-06-09T20,WDF01,2026-06-09T20:00:00Z,2026-06-09,20,2,0.5,67
FF-WDF01-2026-06-10T07,WDF01,2026-06-10T07:00:00Z,2026-06-10,7,1,1.0,43
FF-WDF01-2026-06-10T08,WDF01,2026-06-10T08:00:00Z,2026-06-10,8,4,1.0,34
FF-WDF01-2026-06-10T09,WDF01,2026-06-10T09:00:00Z,2026-06-10,9,1,1.0,76
FF-WDF01-2026-06-10T13,WDF01,2026-06-10T13:00:00Z,2026-06-10,13,1,1.0,38
FF-WDF01-2026-06-10T14,WDF01,2026-06-10T14:00:00Z,2026-06-10,14,6,0.8333,40
FF-WDF01-2026-06-10T15,WDF01,2026-06-10T15:00:00Z,2026-06-10,15,3,0.6667,51
FF-WDF01-2026-06-10T16,WDF01,2026-06-10T16:00:00Z,2026-06-10,16,1,1.0,40
FF-WDF01-2026-06-10T17,WDF01,2026-06-10T17:00:00Z,2026-06-10,17,5,1.0,11
FF-WDF01-2026-06-10T18,WDF01,2026-06-10T18:00:00Z,2026-06-10,18,2,1.0,46
FF-WDF01-2026-06-10T21,WDF01,2026-06-10T21:00:00Z,2026-06-10,21,1,1.0,55
FF-WDF01-2026-06-11T07,WDF01,2026-06-11T07:00:00Z,2026-06-11,7,1,1.0,28
FF-WDF01-2026-06-11T09,WDF01,2026-06-11T09:00:00Z,2026-06-11,9,1,1.0,24
FF-WDF01-2026-06-11T12,WDF01,2026-06-11T12:00:00Z,2026-06-11,12,4,1.0,63
FF-WDF01-2026-06-11T13,WDF01,2026-06-11T13:00:00Z,2026-06-11,13,4,0.75,24
FF-WDF01-2026-06-11T14,WDF01,2026-06-11T14:00:00Z,2026-06-11,14,4,1.0,29
FF-WDF01-2026-06-11T15,WDF01,2026-06-11T15:00:00Z,2026-06-11,15,1,1.0,61
FF-WDF01-2026-06-11T17,WDF01,2026-06-11T17:00:00Z,2026-06-11,17,4,0.75,101
FF-WDF01-2026-06-11T18,WDF01,2026-06-11T18:00:00Z,2026-06-11,18,2,1.0,52
FF-WDF01-2026-06-11T19,WDF01,2026-06-11T19:00:00Z,2026-06-11,19,2,1.0,45
FF-WDF01-2026-06-11T20,WDF01,2026-06-11T20:00:00Z,2026-06-11,20,2,1.0,35
FF-WDF01-2026-06-12T10,WDF01,2026-06-12T10:00:00Z,2026-06-12,10,1,1.0,56
FF-WDF01-2026-06-12T11,WDF01,2026-06-12T11:00:00Z,2026-06-12,11,2,1.0,33
FF-WDF01-2026-06-12T13,WDF01,2026-06-12T13:00:00Z,2026-06-12,13,3,0.6667,34
FF-WDF01-2026-06-12T14,WDF01,2026-06-12T14:00:00Z,2026-06-12,14,1,1.0,63
FF-WDF01-2026-06-12T19,WDF01,2026-06-12T19:00:00Z,2026-06-12,19,3,0.6667,40
FF-WDF01-2026-06-13T11,WDF01,2026-06-13T11:00:00Z,2026-06-13,11,6,0.8333,44
FF-WDF01-2026-06-13T21,WDF01,2026-06-13T21:00:00Z,2026-06-13,21,3,0.6667,85
FF-WDF01-2026-06-14T02,WDF01,2026-06-14T02:00:00Z,2026-06-14,2,2,1.0,62
FF-WDF01-2026-06-14T10,WDF01,2026-06-14T10:00:00Z,2026-06-14,10,1,1.0,45
FF-WDF01-2026-06-14T11,WDF01,2026-06-14T11:00:00Z,2026-06-14,11,1,1.0,68
FF-WDF01-2026-06-14T13,WDF01,2026-06-14T13:00:00Z,2026-06-14,13,2,1.0,67
FF-WDF01-2026-06-14T17,WDF01,2026-06-14T17:00:00Z,2026-06-14,17,5,0.6,65
FF-WDF01-2026-06-15T13,WDF01,2026-06-15T13:00:00Z,2026-06-15,13,1,1.0,45
FF-WDF01-2026-06-15T14,WDF01,2026-06-15T14:00:00Z,2026-06-15,14,1,1.0,51
FF-WDF01-2026-06-15T16,WDF01,2026-06-15T16:00:00Z,2026-06-15,16,1,1.0,61
FF-WDF01-2026-06-15T17,WDF01,2026-06-15T17:00:00Z,2026-06-15,17,1,1.0,52
FF-WDF01-2026-06-15T18,WDF01,2026-06-15T18:00:00Z,2026-06-15,18,3,0.6667,39
FF-WDF01-2026-06-15T20,WDF01,2026-06-15T20:00:00Z,2026-06-15,20,1,1.0,60
FF-WDF01-2026-06-16T01,WDF01,2026-06-16T01:00:00Z,2026-06-16,1,1,1.0,67
FF-WDF01-2026-06-16T08,WDF01,2026-06-16T08:00:00Z,2026-06-16,8,2,1.0,26
FF-WDF01-2026-06-16T11,WDF01,2026-06-16T11:00:00Z,2026-06-16,11,3,0.6667,55
FF-WDF01-2026-06-16T15,WDF01,2026-06-16T15:00:00Z,2026-06-16,15,2,1.0,6
FF-WDF01-2026-06-16T17,WDF01,2026-06-16T17:00:00Z,2026-06-16,17,5,0.8,26
FF-WDF01-2026-06-16T19,WDF01,2026-06-16T19:00:00Z,2026-06-16,19,2,1.0,64
FF-WDF01-2026-06-16T21,WDF01,2026-06-16T21:00:00Z,2026-06-16,21,10,0.8,58
FF-WDF01-2026-06-16T22,WDF01,2026-06-16T22:00:00Z,2026-06-16,22,1,1.0,66
FF-WDF01-2026-06-17T01,WDF01,2026-06-17T01:00:00Z,2026-06-17,1,1,1.0,16
FF-WDF01-2026-06-17T08,WDF01,2026-06-17T08:00:00Z,2026-06-17,8,4,0.75,44
FF-WDF01-2026-06-17T09,WDF01,2026-06-17T09:00:00Z,2026-06-17,9,1,1.0,25
FF-WDF01-2026-06-17T11,WDF01,2026-06-17T11:00:00Z,2026-06-17,11,1,1.0,40
FF-WDF01-2026-06-17T12,WDF01,2026-06-17T12:00:00Z,2026-06-17,12,8,0.75,34
FF-WDF01-2026-06-17T13,WDF01,2026-06-17T13:00:00Z,2026-06-17,13,9,0.7778,57
FF-WDF01-2026-06-17T15,WDF01,2026-06-17T15:00:00Z,2026-06-17,15,3,1.0,58
FF-WDF01-2026-06-17T16,WDF01,2026-06-17T16:00:00Z,2026-06-17,16,7,0.7143,3
FF-WDF01-2026-06-17T18,WDF01,2026-06-17T18:00:00Z,2026-06-17,18,4,1.0,41
FF-WDF01-2026-06-17T19,WDF01,2026-06-17T19:00:00Z,2026-06-17,19,2,0.5,42
FF-WDF01-2026-06-17T20,WDF01,2026-06-17T20:00:00Z,2026-06-17,20,7,0.7143,59
FF-WDF01-2026-06-18T08,WDF01,2026-06-18T08:00:00Z,2026-06-18,8,1,1.0,60
FF-WDF01-2026-06-18T09,WDF01,2026-06-18T09:00:00Z,2026-06-18,9,1,1.0,53
FF-WDF01-2026-06-18T12,WDF01,2026-06-18T12:00:00Z,2026-06-18,12,6,0.8333,98
FF-WDF01-2026-06-18T13,WDF01,2026-06-18T13:00:00Z,2026-06-18,13,3,0.6667,65
FF-WDF01-2026-06-22T12,WDF01,2026-06-22T12:00:00Z,2026-06-22,12,6,0.8333,22
FF-WDF01-2026-06-22T13,WDF01,2026-06-22T13:00:00Z,2026-06-22,13,6,0.6667,57
FF-WDF01-2026-06-22T14,WDF01,2026-06-22T14:00:00Z,2026-06-22,14,1,1.0,37
FF-WDF01-2026-06-22T15,WDF01,2026-06-22T15:00:00Z,2026-06-22,15,6,0.8333,45
FF-WDF01-2026-06-22T16,WDF01,2026-06-22T16:00:00Z,2026-06-22,16,2,1.0,46
FF-WDF01-2026-06-22T17,WDF01,2026-06-22T17:00:00Z,2026-06-22,17,2,1.0,31
FF-WDF01-2026-06-22T18,WDF01,2026-06-22T18:00:00Z,2026-06-22,18,3,0.6667,77
FF-WDF01-2026-06-22T19,WDF01,2026-06-22T19:00:00Z,2026-06-22,19,4,0.75,72
FF-WDF01-2026-06-22T21,WDF01,2026-06-22T21:00:00Z,2026-06-22,21,15,0.6667,65
FF-WDF01-2026-06-22T22,WDF01,2026-06-22T22:00:00Z,2026-06-22,22,2,1.0,31
FF-WDF01-2026-06-22T23,WDF01,2026-06-22T23:00:00Z,2026-06-22,23,2,1.0,51
FF-WDF01-2026-06-23T00,WDF01,2026-06-23T00:00:00Z,2026-06-23,0,2,1.0,74
FF-WDF01-2026-06-23T01,WDF01,2026-06-23T01:00:00Z,2026-06-23,1,1,1.0,43
FF-WDF01-2026-06-23T08,WDF01,2026-06-23T08:00:00Z,2026-06-23,8,7,0.8571,72
FF-WDF01-2026-06-23T09,WDF01,2026-06-23T09:00:00Z,2026-06-23,9,5,0.8,75
FF-WDF01-2026-06-23T11,WDF01,2026-06-23T11:00:00Z,2026-06-23,11,3,1.0,40
FF-WDF01-2026-06-23T12,WDF01,2026-06-23T12:00:00Z,2026-06-23,12,5,0.6,114
FF-WDF01-2026-06-23T13,WDF01,2026-06-23T13:00:00Z,2026-06-23,13,6,0.8333,40
FF-WDF01-2026-06-23T14,WDF01,2026-06-23T14:00:00Z,2026-06-23,14,4,0.75,67
FF-WDF01-2026-06-23T15,WDF01,2026-06-23T15:00:00Z,2026-06-23,15,3,0.6667,45
FF-WDF01-2026-06-23T16,WDF01,2026-06-23T16:00:00Z,2026-06-23,16,6,0.8333,32
FF-WDF01-2026-06-23T17,WDF01,2026-06-23T17:00:00Z,2026-06-23,17,9,0.8889,73
FF-WDF01-2026-06-23T22,WDF01,2026-06-23T22:00:00Z,2026-06-23,22,1,1.0,28
FF-WDF01-2026-06-24T08,WDF01,2026-06-24T08:00:00Z,2026-06-24,8,1,1.0,73
FF-WDF01-2026-06-24T13,WDF01,2026-06-24T13:00:00Z,2026-06-24,13,1,1.0,66
FF-WDF01-2026-06-24T14,WDF01,2026-06-24T14:00:00Z,2026-06-24,14,1,1.0,62
FF-WDF01-2026-06-24T15,WDF01,2026-06-24T15:00:00Z,2026-06-24,15,1,1.0,62
FF-WDF01-2026-06-24T16,WDF01,2026-06-24T16:00:00Z,2026-06-24,16,5,0.8,28
FF-WDF01-2026-06-24T17,WDF01,2026-06-24T17:00:00Z,2026-06-24,17,5,0.8,36
FF-WDF01-2026-06-24T18,WDF01,2026-06-24T18:00:00Z,2026-06-24,18,1,1.0,45
FF-WDF01-2026-06-24T19,WDF01,2026-06-24T19:00:00Z,2026-06-24,19,3,0.6667,46
FF-WDF01-2026-06-25T08,WDF01,2026-06-25T08:00:00Z,2026-06-25,8,2,1.0,59
FF-WDF01-2026-06-25T09,WDF01,2026-06-25T09:00:00Z,2026-06-25,9,1,1.0,55
FF-WDF01-2026-06-25T10,WDF01,2026-06-25T10:00:00Z,2026-06-25,10,3,0.6667,54
FF-WDF01-2026-06-25T12,WDF01,2026-06-25T12:00:00Z,2026-06-25,12,1,1.0,8
FF-WDF01-2026-06-25T13,WDF01,2026-06-25T13:00:00Z,2026-06-25,13,4,1.0,48
FF-WDF01-2026-06-25T14,WDF01,2026-06-25T14:00:00Z,2026-06-25,14,3,0.6667,10
FF-WDF01-2026-06-25T19,WDF01,2026-06-25T19:00:00Z,2026-06-25,19,2,1.0,55
FF-WDF01-2026-06-25T20,WDF01,2026-06-25T20:00:00Z,2026-06-25,20,1,1.0,55
FF-WDF01-2026-06-26T09,WDF01,2026-06-26T09:00:00Z,2026-06-26,9,1,1.0,58
FF-WDF01-2026-06-26T12,WDF01,2026-06-26T12:00:00Z,2026-06-26,12,3,0.6667,35
FF-WDF01-2026-06-26T14,WDF01,2026-06-26T14:00:00Z,2026-06-26,14,1,1.0,55
FF-WDF01-2026-06-27T10,WDF01,2026-06-27T10:00:00Z,2026-06-27,10,1,1.0,36
FF-WDF01-2026-06-27T14,WDF01,2026-06-27T14:00:00Z,2026-06-27,14,6,0.8333,93
FF-WDF01-2026-06-27T15,WDF01,2026-06-27T15:00:00Z,2026-06-27,15,1,1.0,0
FF-WDF01-2026-06-27T19,WDF01,2026-06-27T19:00:00Z,2026-06-27,19,1,1.0,56
FF-WDF01-2026-06-28T01,WDF01,2026-06-28T01:00:00Z,2026-06-28,1,2,1.0,41
FF-WDF01-2026-06-28T13,WDF01,2026-06-28T13:00:00Z,2026-06-28,13,3,1.0,43
FF-WDF01-2026-06-28T15,WDF01,2026-06-28T15:00:00Z,2026-06-28,15,4,0.75,75
FF-WDF01-2026-06-28T16,WDF01,2026-06-28T16:00:00Z,2026-06-28,16,5,1.0,42
FF-WDF01-2026-06-28T17,WDF01,2026-06-28T17:00:00Z,2026-06-28,17,3,0.6667,95
FF-WDF01-2026-06-28T19,WDF01,2026-06-28T19:00:00Z,2026-06-28,19,5,0.6,33
FF-WDF01-2026-06-28T20,WDF01,2026-06-28T20:00:00Z,2026-06-28,20,1,1.0,44
FF-WDF01-2026-06-28T21,WDF01,2026-06-28T21:00:00Z,2026-06-28,21,3,1.0,70
FF-WDF01-2026-06-29T09,WDF01,2026-06-29T09:00:00Z,2026-06-29,9,1,1.0,52
FF-WDF01-2026-06-29T12,WDF01,2026-06-29T12:00:00Z,2026-06-29,12,1,1.0,39
FF-WDF01-2026-06-29T13,WDF01,2026-06-29T13:00:00Z,2026-06-29,13,5,0.8,43
FF-WDF01-2026-06-29T14,WDF01,2026-06-29T14:00:00Z,2026-06-29,14,2,1.0,26
FF-WDF01-2026-06-29T15,WDF01,2026-06-29T15:00:00Z,2026-06-29,15,5,0.6,40
FF-WDF01-2026-06-29T16,WDF01,2026-06-29T16:00:00Z,2026-06-29,16,6,1.0,48
FF-WDF01-2026-06-29T17,WDF01,2026-06-29T17:00:00Z,2026-06-29,17,4,0.75,23
FF-WDF01-2026-06-29T18,WDF01,2026-06-29T18:00:00Z,2026-06-29,18,1,1.0,53
FF-WDF01-2026-06-29T20,WDF01,2026-06-29T20:00:00Z,2026-06-29,20,4,0.75,42
FF-WDF01-2026-06-30T02,WDF01,2026-06-30T02:00:00Z,2026-06-30,2,1,1.0,48
FF-WDF01-2026-06-30T07,WDF01,2026-06-30T07:00:00Z,2026-06-30,7,3,0.6667,103
FF-WDF01-2026-06-30T09,WDF01,2026-06-30T09:00:00Z,2026-06-30,9,1,1.0,31
FF-WDF01-2026-06-30T10,WDF01,2026-06-30T10:00:00Z,2026-06-30,10,2,0.5,32
FF-WDF01-2026-06-30T11,WDF01,2026-06-30T11:00:00Z,2026-06-30,11,1,1.0,64
FF-WDF01-2026-06-30T12,WDF01,2026-06-30T12:00:00Z,2026-06-30,12,5,0.8,75
FF-WDF01-2026-06-30T13,WDF01,2026-06-30T13:00:00Z,2026-06-30,13,6,0.8333,22
FF-WDF01-2026-06-30T14,WDF01,2026-06-30T14:00:00Z,2026-06-30,14,2,1.0,39
FF-WDF01-2026-06-30T16,WDF01,2026-06-30T16:00:00Z,2026-06-30,16,2,1.0,93
FF-WDF01-2026-06-30T17,WDF01,2026-06-30T17:00:00Z,2026-06-30,17,4,0.75,24
FF-WDF01-2026-06-30T19,WDF01,2026-06-30T19:00:00Z,2026-06-30,19,4,0.75,44
FF-WDF01-2026-06-30T20,WDF01,2026-06-30T20:00:00Z,2026-06-30,20,4,1.0,26
FF-WDF01-2026-06-30T21,WDF01,2026-06-30T21:00:00Z,2026-06-30,21,1,1.0,56
FF-WDF01-2026-06-30T22,WDF01,2026-06-30T22:00:00Z,2026-06-30,22,1,1.0,64
FF-WDF01-2026-07-01T12,WDF01,2026-07-01T12:00:00Z,2026-07-01,12,3,0.6667,39
FF-WDF01-2026-07-01T13,WDF01,2026-07-01T13:00:00Z,2026-07-01,13,3,1.0,83
FF-WDF01-2026-07-01T14,WDF01,2026-07-01T14:00:00Z,2026-07-01,14,5,1.0,98
FF-WDF01-2026-07-01T15,WDF01,2026-07-01T15:00:00Z,2026-07-01,15,13,0.8462,50
FF-WDF01-2026-07-01T16,WDF01,2026-07-01T16:00:00Z,2026-07-01,16,2,1.0,32
FF-WDF01-2026-07-01T17,WDF01,2026-07-01T17:00:00Z,2026-07-01,17,9,0.6667,29
FF-WDF01-2026-07-01T18,WDF01,2026-07-01T18:00:00Z,2026-07-01,18,6,0.8333,48
FF-WDF01-2026-07-01T19,WDF01,2026-07-01T19:00:00Z,2026-07-01,19,1,1.0,68
FF-WDF01-2026-07-01T22,WDF01,2026-07-01T22:00:00Z,2026-07-01,22,8,0.75,58
FF-WDF01-2026-07-02T08,WDF01,2026-07-02T08:00:00Z,2026-07-02,8,2,1.0,61
FF-WDF01-2026-07-02T09,WDF01,2026-07-02T09:00:00Z,2026-07-02,9,1,1.0,66
FF-WDF01-2026-07-02T12,WDF01,2026-07-02T12:00:00Z,2026-07-02,12,3,1.0,73
FF-WDF01-2026-07-02T13,WDF01,2026-07-02T13:00:00Z,2026-07-02,13,3,1.0,68
FF-WDF01-2026-07-02T14,WDF01,2026-07-02T14:00:00Z,2026-07-02,14,5,0.8,61
FF-WDF01-2026-07-02T15,WDF01,2026-07-02T15:00:00Z,2026-07-02,15,3,0.6667,55
FF-WDF01-2026-07-02T16,WDF01,2026-07-02T16:00:00Z,2026-07-02,16,6,0.8333,66
FF-WDF01-2026-07-02T18,WDF01,2026-07-02T18:00:00Z,2026-07-02,18,4,0.75,49
FF-WDF01-2026-07-02T20,WDF01,2026-07-02T20:00:00Z,2026-07-02,20,5,0.8,61
FF-WDF01-2026-07-02T21,WDF01,2026-07-02T21:00:00Z,2026-07-02,21,1,1.0,34
FF-WDF01-2026-07-03T08,WDF01,2026-07-03T08:00:00Z,2026-07-03,8,1,1.0,38
FF-WDF01-2026-07-03T09,WDF01,2026-07-03T09:00:00Z,2026-07-03,9,3,0.6667,46
FF-WDF01-2026-07-03T10,WDF01,2026-07-03T10:00:00Z,2026-07-03,10,1,1.0,63
FF-WDF02-2026-01-01T13,WDF02,2026-01-01T13:00:00Z,2026-01-01,13,3,0.3333,166
FF-WDF02-2026-01-01T14,WDF02,2026-01-01T14:00:00Z,2026-01-01,14,2,0.5,174
FF-WDF02-2026-01-01T15,WDF02,2026-01-01T15:00:00Z,2026-01-01,15,2,0.5,176
FF-WDF02-2026-01-01T16,WDF02,2026-01-01T16:00:00Z,2026-01-01,16,2,0.5,154
FF-WDF02-2026-01-01T17,WDF02,2026-01-01T17:00:00Z,2026-01-01,17,2,0.5,197
FF-WDF02-2026-01-01T18,WDF02,2026-01-01T18:00:00Z,2026-01-01,18,2,0.5,143
FF-WDF02-2026-01-02T13,WDF02,2026-01-02T13:00:00Z,2026-01-02,13,2,0.5,188
FF-WDF02-2026-01-02T15,WDF02,2026-01-02T15:00:00Z,2026-01-02,15,2,0.5,144
FF-WDF02-2026-01-02T16,WDF02,2026-01-02T16:00:00Z,2026-01-02,16,1,1.0,165
FF-WDF02-2026-01-02T17,WDF02,2026-01-02T17:00:00Z,2026-01-02,17,2,0.5,142
FF-WDF02-2026-01-05T13,WDF02,2026-01-05T13:00:00Z,2026-01-05,13,2,0.5,148
FF-WDF02-2026-01-05T15,WDF02,2026-01-05T15:00:00Z,2026-01-05,15,2,0.5,174
FF-WDF02-2026-01-05T17,WDF02,2026-01-05T17:00:00Z,2026-01-05,17,2,0.5,212
FF-WDF02-2026-01-06T11,WDF02,2026-01-06T11:00:00Z,2026-01-06,11,2,0.5,174
FF-WDF02-2026-01-06T12,WDF02,2026-01-06T12:00:00Z,2026-01-06,12,2,0.5,161
FF-WDF02-2026-01-06T13,WDF02,2026-01-06T13:00:00Z,2026-01-06,13,2,0.5,210
FF-WDF02-2026-01-06T14,WDF02,2026-01-06T14:00:00Z,2026-01-06,14,2,0.5,149
FF-WDF02-2026-01-06T15,WDF02,2026-01-06T15:00:00Z,2026-01-06,15,1,1.0,154
FF-WDF02-2026-01-06T16,WDF02,2026-01-06T16:00:00Z,2026-01-06,16,3,0.3333,167
FF-WDF02-2026-01-06T17,WDF02,2026-01-06T17:00:00Z,2026-01-06,17,2,0.5,158
FF-WDF02-2026-01-06T18,WDF02,2026-01-06T18:00:00Z,2026-01-06,18,2,0.5,163
FF-WDF02-2026-01-06T19,WDF02,2026-01-06T19:00:00Z,2026-01-06,19,2,0.5,186
FF-WDF02-2026-01-07T12,WDF02,2026-01-07T12:00:00Z,2026-01-07,12,2,0.5,156
FF-WDF02-2026-01-07T13,WDF02,2026-01-07T13:00:00Z,2026-01-07,13,4,0.5,166
FF-WDF02-2026-01-07T15,WDF02,2026-01-07T15:00:00Z,2026-01-07,15,2,0.5,150
FF-WDF02-2026-01-07T16,WDF02,2026-01-07T16:00:00Z,2026-01-07,16,4,0.5,168
FF-WDF02-2026-01-07T17,WDF02,2026-01-07T17:00:00Z,2026-01-07,17,2,0.5,162
FF-WDF02-2026-01-07T18,WDF02,2026-01-07T18:00:00Z,2026-01-07,18,2,0.5,142
FF-WDF02-2026-01-07T19,WDF02,2026-01-07T19:00:00Z,2026-01-07,19,2,0.5,172
FF-WDF02-2026-01-08T12,WDF02,2026-01-08T12:00:00Z,2026-01-08,12,2,0.5,181
FF-WDF02-2026-01-08T14,WDF02,2026-01-08T14:00:00Z,2026-01-08,14,2,0.5,165
FF-WDF02-2026-01-08T15,WDF02,2026-01-08T15:00:00Z,2026-01-08,15,2,0.5,128
FF-WDF02-2026-01-08T17,WDF02,2026-01-08T17:00:00Z,2026-01-08,17,2,0.5,142
FF-WDF02-2026-01-08T19,WDF02,2026-01-08T19:00:00Z,2026-01-08,19,2,0.5,171
FF-WDF02-2026-01-09T12,WDF02,2026-01-09T12:00:00Z,2026-01-09,12,2,0.5,180
FF-WDF02-2026-01-09T13,WDF02,2026-01-09T13:00:00Z,2026-01-09,13,1,1.0,158
FF-WDF02-2026-01-09T14,WDF02,2026-01-09T14:00:00Z,2026-01-09,14,2,0.5,176
FF-WDF02-2026-01-09T15,WDF02,2026-01-09T15:00:00Z,2026-01-09,15,2,0.5,165
FF-WDF02-2026-01-09T17,WDF02,2026-01-09T17:00:00Z,2026-01-09,17,1,1.0,165
FF-WDF02-2026-01-12T12,WDF02,2026-01-12T12:00:00Z,2026-01-12,12,2,0.5,193
FF-WDF02-2026-01-12T13,WDF02,2026-01-12T13:00:00Z,2026-01-12,13,2,0.5,172
FF-WDF02-2026-01-12T14,WDF02,2026-01-12T14:00:00Z,2026-01-12,14,2,0.5,181
FF-WDF02-2026-01-12T15,WDF02,2026-01-12T15:00:00Z,2026-01-12,15,2,0.5,185
FF-WDF02-2026-01-12T16,WDF02,2026-01-12T16:00:00Z,2026-01-12,16,2,0.5,122
FF-WDF02-2026-01-12T18,WDF02,2026-01-12T18:00:00Z,2026-01-12,18,2,0.5,177
FF-WDF02-2026-01-12T19,WDF02,2026-01-12T19:00:00Z,2026-01-12,19,2,0.5,183
FF-WDF02-2026-01-13T11,WDF02,2026-01-13T11:00:00Z,2026-01-13,11,2,0.5,161
FF-WDF02-2026-01-13T12,WDF02,2026-01-13T12:00:00Z,2026-01-13,12,2,0.5,139
FF-WDF02-2026-01-13T13,WDF02,2026-01-13T13:00:00Z,2026-01-13,13,2,0.5,134
FF-WDF02-2026-01-13T14,WDF02,2026-01-13T14:00:00Z,2026-01-13,14,2,0.5,181
FF-WDF02-2026-01-13T15,WDF02,2026-01-13T15:00:00Z,2026-01-13,15,4,0.5,141
FF-WDF02-2026-01-13T16,WDF02,2026-01-13T16:00:00Z,2026-01-13,16,2,0.5,180
FF-WDF02-2026-01-13T17,WDF02,2026-01-13T17:00:00Z,2026-01-13,17,2,0.5,135
FF-WDF02-2026-01-13T18,WDF02,2026-01-13T18:00:00Z,2026-01-13,18,2,0.5,163
FF-WDF02-2026-01-13T19,WDF02,2026-01-13T19:00:00Z,2026-01-13,19,2,0.5,183
FF-WDF02-2026-01-14T09,WDF02,2026-01-14T09:00:00Z,2026-01-14,9,3,0.3333,183
FF-WDF02-2026-01-14T12,WDF02,2026-01-14T12:00:00Z,2026-01-14,12,2,0.5,168
FF-WDF02-2026-01-14T13,WDF02,2026-01-14T13:00:00Z,2026-01-14,13,2,0.5,111
FF-WDF02-2026-01-14T14,WDF02,2026-01-14T14:00:00Z,2026-01-14,14,2,0.5,174
FF-WDF02-2026-01-14T15,WDF02,2026-01-14T15:00:00Z,2026-01-14,15,2,0.5,167
FF-WDF02-2026-01-14T16,WDF02,2026-01-14T16:00:00Z,2026-01-14,16,2,0.5,178
FF-WDF02-2026-01-14T18,WDF02,2026-01-14T18:00:00Z,2026-01-14,18,2,0.5,164
FF-WDF02-2026-01-15T13,WDF02,2026-01-15T13:00:00Z,2026-01-15,13,2,0.5,156
FF-WDF02-2026-01-15T14,WDF02,2026-01-15T14:00:00Z,2026-01-15,14,3,0.6667,153
FF-WDF02-2026-01-15T15,WDF02,2026-01-15T15:00:00Z,2026-01-15,15,2,0.5,130
FF-WDF02-2026-01-15T16,WDF02,2026-01-15T16:00:00Z,2026-01-15,16,2,0.5,160
FF-WDF02-2026-01-15T17,WDF02,2026-01-15T17:00:00Z,2026-01-15,17,2,0.5,133
FF-WDF02-2026-01-15T18,WDF02,2026-01-15T18:00:00Z,2026-01-15,18,2,0.5,164
FF-WDF02-2026-01-16T13,WDF02,2026-01-16T13:00:00Z,2026-01-16,13,2,0.5,171
FF-WDF02-2026-01-16T14,WDF02,2026-01-16T14:00:00Z,2026-01-16,14,2,0.5,178
FF-WDF02-2026-01-16T17,WDF02,2026-01-16T17:00:00Z,2026-01-16,17,2,0.5,181
FF-WDF02-2026-01-16T19,WDF02,2026-01-16T19:00:00Z,2026-01-16,19,2,0.5,155
FF-WDF02-2026-01-19T12,WDF02,2026-01-19T12:00:00Z,2026-01-19,12,2,0.5,176
FF-WDF02-2026-01-19T13,WDF02,2026-01-19T13:00:00Z,2026-01-19,13,2,0.5,195
FF-WDF02-2026-01-19T15,WDF02,2026-01-19T15:00:00Z,2026-01-19,15,2,0.5,180
FF-WDF02-2026-01-19T16,WDF02,2026-01-19T16:00:00Z,2026-01-19,16,1,1.0,153
FF-WDF02-2026-01-19T17,WDF02,2026-01-19T17:00:00Z,2026-01-19,17,2,0.5,168
FF-WDF02-2026-01-19T18,WDF02,2026-01-19T18:00:00Z,2026-01-19,18,1,1.0,191
FF-WDF02-2026-01-20T11,WDF02,2026-01-20T11:00:00Z,2026-01-20,11,2,0.5,138
FF-WDF02-2026-01-20T12,WDF02,2026-01-20T12:00:00Z,2026-01-20,12,2,0.5,148
FF-WDF02-2026-01-20T13,WDF02,2026-01-20T13:00:00Z,2026-01-20,13,2,0.5,176
FF-WDF02-2026-01-20T15,WDF02,2026-01-20T15:00:00Z,2026-01-20,15,2,0.5,166
FF-WDF02-2026-01-20T16,WDF02,2026-01-20T16:00:00Z,2026-01-20,16,1,1.0,177
FF-WDF02-2026-01-20T17,WDF02,2026-01-20T17:00:00Z,2026-01-20,17,2,0.5,197
FF-WDF02-2026-01-20T18,WDF02,2026-01-20T18:00:00Z,2026-01-20,18,1,1.0,161
FF-WDF02-2026-01-20T19,WDF02,2026-01-20T19:00:00Z,2026-01-20,19,2,0.5,159
FF-WDF02-2026-01-21T09,WDF02,2026-01-21T09:00:00Z,2026-01-21,9,2,0.5,145
FF-WDF02-2026-01-21T12,WDF02,2026-01-21T12:00:00Z,2026-01-21,12,2,0.5,147
FF-WDF02-2026-01-21T13,WDF02,2026-01-21T13:00:00Z,2026-01-21,13,2,0.5,174
FF-WDF02-2026-01-21T14,WDF02,2026-01-21T14:00:00Z,2026-01-21,14,2,0.5,157
FF-WDF02-2026-01-21T15,WDF02,2026-01-21T15:00:00Z,2026-01-21,15,2,0.5,156
FF-WDF02-2026-01-21T16,WDF02,2026-01-21T16:00:00Z,2026-01-21,16,2,0.5,139
FF-WDF02-2026-01-21T17,WDF02,2026-01-21T17:00:00Z,2026-01-21,17,3,0.3333,123
FF-WDF02-2026-01-22T11,WDF02,2026-01-22T11:00:00Z,2026-01-22,11,2,0.5,149
FF-WDF02-2026-01-22T12,WDF02,2026-01-22T12:00:00Z,2026-01-22,12,2,0.5,187
FF-WDF02-2026-01-22T13,WDF02,2026-01-22T13:00:00Z,2026-01-22,13,2,0.5,165
FF-WDF02-2026-01-22T14,WDF02,2026-01-22T14:00:00Z,2026-01-22,14,2,0.5,157
FF-WDF02-2026-01-22T15,WDF02,2026-01-22T15:00:00Z,2026-01-22,15,1,1.0,219
FF-WDF02-2026-01-22T16,WDF02,2026-01-22T16:00:00Z,2026-01-22,16,2,0.5,167
FF-WDF02-2026-01-22T17,WDF02,2026-01-22T17:00:00Z,2026-01-22,17,2,0.5,176
FF-WDF02-2026-01-23T12,WDF02,2026-01-23T12:00:00Z,2026-01-23,12,2,0.5,155
FF-WDF02-2026-01-23T13,WDF02,2026-01-23T13:00:00Z,2026-01-23,13,2,0.5,119
FF-WDF02-2026-01-23T14,WDF02,2026-01-23T14:00:00Z,2026-01-23,14,2,0.5,131
FF-WDF02-2026-01-23T15,WDF02,2026-01-23T15:00:00Z,2026-01-23,15,1,1.0,185
FF-WDF02-2026-01-23T16,WDF02,2026-01-23T16:00:00Z,2026-01-23,16,1,1.0,165
FF-WDF02-2026-01-23T17,WDF02,2026-01-23T17:00:00Z,2026-01-23,17,2,0.5,171
FF-WDF02-2026-01-26T13,WDF02,2026-01-26T13:00:00Z,2026-01-26,13,2,0.5,207
FF-WDF02-2026-01-26T14,WDF02,2026-01-26T14:00:00Z,2026-01-26,14,2,0.5,155
FF-WDF02-2026-01-26T15,WDF02,2026-01-26T15:00:00Z,2026-01-26,15,2,0.5,170
FF-WDF02-2026-01-26T16,WDF02,2026-01-26T16:00:00Z,2026-01-26,16,2,0.5,168
FF-WDF02-2026-01-26T17,WDF02,2026-01-26T17:00:00Z,2026-01-26,17,4,0.25,157
FF-WDF02-2026-01-26T18,WDF02,2026-01-26T18:00:00Z,2026-01-26,18,2,0.5,135
FF-WDF02-2026-01-26T19,WDF02,2026-01-26T19:00:00Z,2026-01-26,19,1,1.0,173
FF-WDF02-2026-01-27T11,WDF02,2026-01-27T11:00:00Z,2026-01-27,11,2,0.5,169
FF-WDF02-2026-01-27T12,WDF02,2026-01-27T12:00:00Z,2026-01-27,12,2,0.5,150
FF-WDF02-2026-01-27T13,WDF02,2026-01-27T13:00:00Z,2026-01-27,13,4,0.5,181
FF-WDF02-2026-01-27T14,WDF02,2026-01-27T14:00:00Z,2026-01-27,14,2,0.5,154
FF-WDF02-2026-01-27T15,WDF02,2026-01-27T15:00:00Z,2026-01-27,15,2,0.5,181
FF-WDF02-2026-01-27T16,WDF02,2026-01-27T16:00:00Z,2026-01-27,16,2,0.5,166
FF-WDF02-2026-01-27T17,WDF02,2026-01-27T17:00:00Z,2026-01-27,17,2,0.5,181
FF-WDF02-2026-01-27T18,WDF02,2026-01-27T18:00:00Z,2026-01-27,18,2,0.5,156
FF-WDF02-2026-01-27T19,WDF02,2026-01-27T19:00:00Z,2026-01-27,19,2,0.5,195
FF-WDF02-2026-01-28T11,WDF02,2026-01-28T11:00:00Z,2026-01-28,11,2,0.5,161
FF-WDF02-2026-01-28T13,WDF02,2026-01-28T13:00:00Z,2026-01-28,13,2,0.5,180
FF-WDF02-2026-01-28T14,WDF02,2026-01-28T14:00:00Z,2026-01-28,14,2,0.5,195
FF-WDF02-2026-01-28T15,WDF02,2026-01-28T15:00:00Z,2026-01-28,15,2,0.5,177
FF-WDF02-2026-01-28T16,WDF02,2026-01-28T16:00:00Z,2026-01-28,16,2,0.5,207
FF-WDF02-2026-01-28T17,WDF02,2026-01-28T17:00:00Z,2026-01-28,17,2,0.5,161
FF-WDF02-2026-01-28T18,WDF02,2026-01-28T18:00:00Z,2026-01-28,18,2,0.5,118
FF-WDF02-2026-01-28T19,WDF02,2026-01-28T19:00:00Z,2026-01-28,19,2,0.5,184
FF-WDF02-2026-01-29T09,WDF02,2026-01-29T09:00:00Z,2026-01-29,9,1,1.0,150
FF-WDF02-2026-01-29T12,WDF02,2026-01-29T12:00:00Z,2026-01-29,12,2,0.5,166
FF-WDF02-2026-01-29T13,WDF02,2026-01-29T13:00:00Z,2026-01-29,13,3,0.3333,146
FF-WDF02-2026-01-29T14,WDF02,2026-01-29T14:00:00Z,2026-01-29,14,2,0.5,190
FF-WDF02-2026-01-29T15,WDF02,2026-01-29T15:00:00Z,2026-01-29,15,2,0.5,169
FF-WDF02-2026-01-29T16,WDF02,2026-01-29T16:00:00Z,2026-01-29,16,1,1.0,161
FF-WDF02-2026-01-29T17,WDF02,2026-01-29T17:00:00Z,2026-01-29,17,2,0.5,220
FF-WDF02-2026-01-29T18,WDF02,2026-01-29T18:00:00Z,2026-01-29,18,2,0.5,198
FF-WDF02-2026-01-30T13,WDF02,2026-01-30T13:00:00Z,2026-01-30,13,2,0.5,161
FF-WDF02-2026-01-30T14,WDF02,2026-01-30T14:00:00Z,2026-01-30,14,2,0.5,184
FF-WDF02-2026-01-30T15,WDF02,2026-01-30T15:00:00Z,2026-01-30,15,2,0.5,155
FF-WDF02-2026-01-30T16,WDF02,2026-01-30T16:00:00Z,2026-01-30,16,2,0.5,174
FF-WDF02-2026-01-30T17,WDF02,2026-01-30T17:00:00Z,2026-01-30,17,2,0.5,195
FF-WDF02-2026-01-30T18,WDF02,2026-01-30T18:00:00Z,2026-01-30,18,2,0.5,208
FF-WDF02-2026-01-30T19,WDF02,2026-01-30T19:00:00Z,2026-01-30,19,2,0.5,176
FF-WDF02-2026-02-02T14,WDF02,2026-02-02T14:00:00Z,2026-02-02,14,2,0.5,178
FF-WDF02-2026-02-02T15,WDF02,2026-02-02T15:00:00Z,2026-02-02,15,2,0.5,168
FF-WDF02-2026-02-02T16,WDF02,2026-02-02T16:00:00Z,2026-02-02,16,2,0.5,175
FF-WDF02-2026-02-02T17,WDF02,2026-02-02T17:00:00Z,2026-02-02,17,2,0.5,182
FF-WDF02-2026-02-02T18,WDF02,2026-02-02T18:00:00Z,2026-02-02,18,2,0.5,200
FF-WDF02-2026-02-03T09,WDF02,2026-02-03T09:00:00Z,2026-02-03,9,1,1.0,146
FF-WDF02-2026-02-03T12,WDF02,2026-02-03T12:00:00Z,2026-02-03,12,2,0.5,190
FF-WDF02-2026-02-03T13,WDF02,2026-02-03T13:00:00Z,2026-02-03,13,2,0.5,195
FF-WDF02-2026-02-03T14,WDF02,2026-02-03T14:00:00Z,2026-02-03,14,2,0.5,181
FF-WDF02-2026-02-03T15,WDF02,2026-02-03T15:00:00Z,2026-02-03,15,3,0.3333,144
FF-WDF02-2026-02-03T16,WDF02,2026-02-03T16:00:00Z,2026-02-03,16,2,0.5,149
FF-WDF02-2026-02-03T17,WDF02,2026-02-03T17:00:00Z,2026-02-03,17,2,0.5,151
FF-WDF02-2026-02-03T18,WDF02,2026-02-03T18:00:00Z,2026-02-03,18,2,0.5,170
FF-WDF02-2026-02-04T11,WDF02,2026-02-04T11:00:00Z,2026-02-04,11,2,0.5,164
FF-WDF02-2026-02-04T13,WDF02,2026-02-04T13:00:00Z,2026-02-04,13,2,0.5,179
FF-WDF02-2026-02-04T14,WDF02,2026-02-04T14:00:00Z,2026-02-04,14,2,0.5,173
FF-WDF02-2026-02-04T15,WDF02,2026-02-04T15:00:00Z,2026-02-04,15,3,0.6667,160
FF-WDF02-2026-02-04T17,WDF02,2026-02-04T17:00:00Z,2026-02-04,17,1,1.0,200
FF-WDF02-2026-02-04T18,WDF02,2026-02-04T18:00:00Z,2026-02-04,18,2,0.5,147
FF-WDF02-2026-02-04T19,WDF02,2026-02-04T19:00:00Z,2026-02-04,19,2,0.5,128
FF-WDF02-2026-02-05T12,WDF02,2026-02-05T12:00:00Z,2026-02-05,12,1,1.0,154
FF-WDF02-2026-02-05T13,WDF02,2026-02-05T13:00:00Z,2026-02-05,13,2,0.5,161
FF-WDF02-2026-02-05T14,WDF02,2026-02-05T14:00:00Z,2026-02-05,14,2,0.5,173
FF-WDF02-2026-02-05T15,WDF02,2026-02-05T15:00:00Z,2026-02-05,15,3,0.3333,175
FF-WDF02-2026-02-05T16,WDF02,2026-02-05T16:00:00Z,2026-02-05,16,2,0.5,157
FF-WDF02-2026-02-05T17,WDF02,2026-02-05T17:00:00Z,2026-02-05,17,2,0.5,143
FF-WDF02-2026-02-05T18,WDF02,2026-02-05T18:00:00Z,2026-02-05,18,2,0.5,197
FF-WDF02-2026-02-06T12,WDF02,2026-02-06T12:00:00Z,2026-02-06,12,2,0.5,136
FF-WDF02-2026-02-06T13,WDF02,2026-02-06T13:00:00Z,2026-02-06,13,2,0.5,177
FF-WDF02-2026-02-06T14,WDF02,2026-02-06T14:00:00Z,2026-02-06,14,2,0.5,135
FF-WDF02-2026-02-06T15,WDF02,2026-02-06T15:00:00Z,2026-02-06,15,2,0.5,195
FF-WDF02-2026-02-06T16,WDF02,2026-02-06T16:00:00Z,2026-02-06,16,2,0.5,176
FF-WDF02-2026-02-06T17,WDF02,2026-02-06T17:00:00Z,2026-02-06,17,2,0.5,171
FF-WDF02-2026-02-09T12,WDF02,2026-02-09T12:00:00Z,2026-02-09,12,3,0.3333,181
FF-WDF02-2026-02-09T13,WDF02,2026-02-09T13:00:00Z,2026-02-09,13,5,0.4,198
FF-WDF02-2026-02-09T15,WDF02,2026-02-09T15:00:00Z,2026-02-09,15,2,0.5,145
FF-WDF02-2026-02-09T16,WDF02,2026-02-09T16:00:00Z,2026-02-09,16,2,0.5,198
FF-WDF02-2026-02-09T17,WDF02,2026-02-09T17:00:00Z,2026-02-09,17,2,0.5,167
FF-WDF02-2026-02-10T09,WDF02,2026-02-10T09:00:00Z,2026-02-10,9,2,0.5,162
FF-WDF02-2026-02-10T10,WDF02,2026-02-10T10:00:00Z,2026-02-10,10,3,0.3333,146
FF-WDF02-2026-02-10T12,WDF02,2026-02-10T12:00:00Z,2026-02-10,12,3,0.3333,126
FF-WDF02-2026-02-10T13,WDF02,2026-02-10T13:00:00Z,2026-02-10,13,2,0.5,171
FF-WDF02-2026-02-10T14,WDF02,2026-02-10T14:00:00Z,2026-02-10,14,3,0.6667,146
FF-WDF02-2026-02-10T15,WDF02,2026-02-10T15:00:00Z,2026-02-10,15,2,0.5,138
FF-WDF02-2026-02-10T16,WDF02,2026-02-10T16:00:00Z,2026-02-10,16,2,0.5,155
FF-WDF02-2026-02-10T17,WDF02,2026-02-10T17:00:00Z,2026-02-10,17,4,0.5,181
FF-WDF02-2026-02-10T18,WDF02,2026-02-10T18:00:00Z,2026-02-10,18,2,0.5,195
FF-WDF02-2026-02-10T19,WDF02,2026-02-10T19:00:00Z,2026-02-10,19,2,0.5,166
FF-WDF02-2026-02-11T13,WDF02,2026-02-11T13:00:00Z,2026-02-11,13,2,0.5,187
FF-WDF02-2026-02-11T14,WDF02,2026-02-11T14:00:00Z,2026-02-11,14,2,0.5,138
FF-WDF02-2026-02-11T15,WDF02,2026-02-11T15:00:00Z,2026-02-11,15,2,0.5,185
FF-WDF02-2026-02-11T16,WDF02,2026-02-11T16:00:00Z,2026-02-11,16,2,0.5,170
FF-WDF02-2026-02-12T12,WDF02,2026-02-12T12:00:00Z,2026-02-12,12,2,0.5,179
FF-WDF02-2026-02-12T13,WDF02,2026-02-12T13:00:00Z,2026-02-12,13,2,0.5,184
FF-WDF02-2026-02-12T14,WDF02,2026-02-12T14:00:00Z,2026-02-12,14,2,0.5,162
FF-WDF02-2026-02-12T15,WDF02,2026-02-12T15:00:00Z,2026-02-12,15,2,0.5,204
FF-WDF02-2026-02-12T16,WDF02,2026-02-12T16:00:00Z,2026-02-12,16,2,0.5,178
FF-WDF02-2026-02-12T17,WDF02,2026-02-12T17:00:00Z,2026-02-12,17,2,0.5,178
FF-WDF02-2026-02-12T18,WDF02,2026-02-12T18:00:00Z,2026-02-12,18,2,0.5,156
FF-WDF02-2026-02-13T12,WDF02,2026-02-13T12:00:00Z,2026-02-13,12,2,0.5,178
FF-WDF02-2026-02-13T15,WDF02,2026-02-13T15:00:00Z,2026-02-13,15,2,0.5,149
FF-WDF02-2026-02-13T16,WDF02,2026-02-13T16:00:00Z,2026-02-13,16,1,1.0,165
FF-WDF02-2026-02-16T12,WDF02,2026-02-16T12:00:00Z,2026-02-16,12,2,0.5,174
FF-WDF02-2026-02-16T14,WDF02,2026-02-16T14:00:00Z,2026-02-16,14,2,0.5,153
FF-WDF02-2026-02-16T15,WDF02,2026-02-16T15:00:00Z,2026-02-16,15,2,0.5,169
FF-WDF02-2026-02-16T16,WDF02,2026-02-16T16:00:00Z,2026-02-16,16,2,0.5,168
FF-WDF02-2026-02-16T17,WDF02,2026-02-16T17:00:00Z,2026-02-16,17,3,0.3333,173
FF-WDF02-2026-02-16T19,WDF02,2026-02-16T19:00:00Z,2026-02-16,19,2,0.5,138
FF-WDF02-2026-02-17T10,WDF02,2026-02-17T10:00:00Z,2026-02-17,10,2,0.5,169
FF-WDF02-2026-02-17T11,WDF02,2026-02-17T11:00:00Z,2026-02-17,11,2,0.5,181
FF-WDF02-2026-02-17T12,WDF02,2026-02-17T12:00:00Z,2026-02-17,12,1,1.0,166
FF-WDF02-2026-02-17T13,WDF02,2026-02-17T13:00:00Z,2026-02-17,13,4,0.5,134
FF-WDF02-2026-02-17T14,WDF02,2026-02-17T14:00:00Z,2026-02-17,14,5,0.4,173
FF-WDF02-2026-02-17T15,WDF02,2026-02-17T15:00:00Z,2026-02-17,15,2,0.5,176
FF-WDF02-2026-02-17T16,WDF02,2026-02-17T16:00:00Z,2026-02-17,16,2,0.5,206
FF-WDF02-2026-02-17T17,WDF02,2026-02-17T17:00:00Z,2026-02-17,17,2,0.5,188
FF-WDF02-2026-02-17T18,WDF02,2026-02-17T18:00:00Z,2026-02-17,18,2,0.5,203
FF-WDF02-2026-02-17T19,WDF02,2026-02-17T19:00:00Z,2026-02-17,19,2,0.5,158
FF-WDF02-2026-02-18T10,WDF02,2026-02-18T10:00:00Z,2026-02-18,10,3,0.3333,138
FF-WDF02-2026-02-18T11,WDF02,2026-02-18T11:00:00Z,2026-02-18,11,2,0.5,158
FF-WDF02-2026-02-18T12,WDF02,2026-02-18T12:00:00Z,2026-02-18,12,2,0.5,148
FF-WDF02-2026-02-18T13,WDF02,2026-02-18T13:00:00Z,2026-02-18,13,2,0.5,189
FF-WDF02-2026-02-18T14,WDF02,2026-02-18T14:00:00Z,2026-02-18,14,2,0.5,190
FF-WDF02-2026-02-18T15,WDF02,2026-02-18T15:00:00Z,2026-02-18,15,2,0.5,167
FF-WDF02-2026-02-18T16,WDF02,2026-02-18T16:00:00Z,2026-02-18,16,2,0.5,161
FF-WDF02-2026-02-18T17,WDF02,2026-02-18T17:00:00Z,2026-02-18,17,2,0.5,202
FF-WDF02-2026-02-18T18,WDF02,2026-02-18T18:00:00Z,2026-02-18,18,2,0.5,160
FF-WDF02-2026-02-19T12,WDF02,2026-02-19T12:00:00Z,2026-02-19,12,2,0.5,202
FF-WDF02-2026-02-19T15,WDF02,2026-02-19T15:00:00Z,2026-02-19,15,2,0.5,147
FF-WDF02-2026-02-19T16,WDF02,2026-02-19T16:00:00Z,2026-02-19,16,2,0.5,173
FF-WDF02-2026-02-19T18,WDF02,2026-02-19T18:00:00Z,2026-02-19,18,2,0.5,162
FF-WDF02-2026-02-19T19,WDF02,2026-02-19T19:00:00Z,2026-02-19,19,2,0.5,166
FF-WDF02-2026-02-20T12,WDF02,2026-02-20T12:00:00Z,2026-02-20,12,2,0.5,163
FF-WDF02-2026-02-20T13,WDF02,2026-02-20T13:00:00Z,2026-02-20,13,2,0.5,203
FF-WDF02-2026-02-20T15,WDF02,2026-02-20T15:00:00Z,2026-02-20,15,2,0.5,170
FF-WDF02-2026-02-20T16,WDF02,2026-02-20T16:00:00Z,2026-02-20,16,2,0.5,164
FF-WDF02-2026-02-20T17,WDF02,2026-02-20T17:00:00Z,2026-02-20,17,2,0.5,180
FF-WDF02-2026-02-23T12,WDF02,2026-02-23T12:00:00Z,2026-02-23,12,2,0.5,171
FF-WDF02-2026-02-23T13,WDF02,2026-02-23T13:00:00Z,2026-02-23,13,2,0.5,159
FF-WDF02-2026-02-23T14,WDF02,2026-02-23T14:00:00Z,2026-02-23,14,3,0.3333,169
FF-WDF02-2026-02-23T15,WDF02,2026-02-23T15:00:00Z,2026-02-23,15,2,0.5,162
FF-WDF02-2026-02-23T16,WDF02,2026-02-23T16:00:00Z,2026-02-23,16,2,0.5,162
FF-WDF02-2026-02-23T17,WDF02,2026-02-23T17:00:00Z,2026-02-23,17,2,0.5,173
FF-WDF02-2026-02-23T18,WDF02,2026-02-23T18:00:00Z,2026-02-23,18,2,0.5,146
FF-WDF02-2026-02-24T10,WDF02,2026-02-24T10:00:00Z,2026-02-24,10,2,0.5,137
FF-WDF02-2026-02-24T12,WDF02,2026-02-24T12:00:00Z,2026-02-24,12,2,0.5,162
FF-WDF02-2026-02-24T13,WDF02,2026-02-24T13:00:00Z,2026-02-24,13,2,0.5,158
FF-WDF02-2026-02-24T14,WDF02,2026-02-24T14:00:00Z,2026-02-24,14,2,0.5,150
FF-WDF02-2026-02-24T15,WDF02,2026-02-24T15:00:00Z,2026-02-24,15,3,0.6667,195
FF-WDF02-2026-02-24T16,WDF02,2026-02-24T16:00:00Z,2026-02-24,16,3,0.3333,171
FF-WDF02-2026-02-24T17,WDF02,2026-02-24T17:00:00Z,2026-02-24,17,2,0.5,180
FF-WDF02-2026-02-24T18,WDF02,2026-02-24T18:00:00Z,2026-02-24,18,2,0.5,204
FF-WDF02-2026-02-24T19,WDF02,2026-02-24T19:00:00Z,2026-02-24,19,3,0.3333,185
FF-WDF02-2026-02-25T12,WDF02,2026-02-25T12:00:00Z,2026-02-25,12,2,0.5,173
FF-WDF02-2026-02-25T14,WDF02,2026-02-25T14:00:00Z,2026-02-25,14,2,0.5,127
FF-WDF02-2026-02-25T15,WDF02,2026-02-25T15:00:00Z,2026-02-25,15,2,0.5,161
FF-WDF02-2026-02-25T16,WDF02,2026-02-25T16:00:00Z,2026-02-25,16,2,0.5,147
FF-WDF02-2026-02-26T13,WDF02,2026-02-26T13:00:00Z,2026-02-26,13,2,0.5,199
FF-WDF02-2026-02-26T15,WDF02,2026-02-26T15:00:00Z,2026-02-26,15,2,0.5,164
FF-WDF02-2026-02-26T16,WDF02,2026-02-26T16:00:00Z,2026-02-26,16,2,0.5,135
FF-WDF02-2026-02-26T17,WDF02,2026-02-26T17:00:00Z,2026-02-26,17,2,0.5,185
FF-WDF02-2026-02-26T18,WDF02,2026-02-26T18:00:00Z,2026-02-26,18,2,0.5,180
FF-WDF02-2026-02-26T19,WDF02,2026-02-26T19:00:00Z,2026-02-26,19,2,0.5,166
FF-WDF02-2026-02-27T12,WDF02,2026-02-27T12:00:00Z,2026-02-27,12,1,1.0,177
FF-WDF02-2026-02-27T13,WDF02,2026-02-27T13:00:00Z,2026-02-27,13,1,1.0,180
FF-WDF02-2026-02-27T14,WDF02,2026-02-27T14:00:00Z,2026-02-27,14,3,0.3333,137
FF-WDF02-2026-02-27T16,WDF02,2026-02-27T16:00:00Z,2026-02-27,16,2,0.5,146
FF-WDF02-2026-02-27T17,WDF02,2026-02-27T17:00:00Z,2026-02-27,17,2,0.5,200
FF-WDF02-2026-02-27T18,WDF02,2026-02-27T18:00:00Z,2026-02-27,18,2,0.5,162
FF-WDF02-2026-03-02T12,WDF02,2026-03-02T12:00:00Z,2026-03-02,12,2,0.5,175
FF-WDF02-2026-03-02T13,WDF02,2026-03-02T13:00:00Z,2026-03-02,13,2,0.5,200
FF-WDF02-2026-03-02T14,WDF02,2026-03-02T14:00:00Z,2026-03-02,14,2,0.5,185
FF-WDF02-2026-03-02T15,WDF02,2026-03-02T15:00:00Z,2026-03-02,15,2,0.5,195
FF-WDF02-2026-03-02T16,WDF02,2026-03-02T16:00:00Z,2026-03-02,16,2,0.5,166
FF-WDF02-2026-03-02T17,WDF02,2026-03-02T17:00:00Z,2026-03-02,17,2,0.5,179
FF-WDF02-2026-03-02T18,WDF02,2026-03-02T18:00:00Z,2026-03-02,18,2,0.5,183
FF-WDF02-2026-03-03T13,WDF02,2026-03-03T13:00:00Z,2026-03-03,13,2,0.5,150
FF-WDF02-2026-03-03T14,WDF02,2026-03-03T14:00:00Z,2026-03-03,14,2,0.5,170
FF-WDF02-2026-03-03T15,WDF02,2026-03-03T15:00:00Z,2026-03-03,15,5,0.4,186
FF-WDF02-2026-03-03T16,WDF02,2026-03-03T16:00:00Z,2026-03-03,16,2,0.5,133
FF-WDF02-2026-03-03T18,WDF02,2026-03-03T18:00:00Z,2026-03-03,18,1,1.0,194
FF-WDF02-2026-03-03T19,WDF02,2026-03-03T19:00:00Z,2026-03-03,19,1,1.0,163
FF-WDF02-2026-03-04T11,WDF02,2026-03-04T11:00:00Z,2026-03-04,11,2,0.5,167
FF-WDF02-2026-03-04T12,WDF02,2026-03-04T12:00:00Z,2026-03-04,12,2,0.5,134
FF-WDF02-2026-03-04T13,WDF02,2026-03-04T13:00:00Z,2026-03-04,13,2,0.5,129
FF-WDF02-2026-03-04T14,WDF02,2026-03-04T14:00:00Z,2026-03-04,14,3,0.3333,192
FF-WDF02-2026-03-04T15,WDF02,2026-03-04T15:00:00Z,2026-03-04,15,3,0.3333,161
FF-WDF02-2026-03-04T16,WDF02,2026-03-04T16:00:00Z,2026-03-04,16,2,0.5,141
FF-WDF02-2026-03-04T17,WDF02,2026-03-04T17:00:00Z,2026-03-04,17,2,0.5,190
FF-WDF02-2026-03-04T18,WDF02,2026-03-04T18:00:00Z,2026-03-04,18,2,0.5,152
FF-WDF02-2026-03-05T11,WDF02,2026-03-05T11:00:00Z,2026-03-05,11,2,0.5,187
FF-WDF02-2026-03-05T13,WDF02,2026-03-05T13:00:00Z,2026-03-05,13,2,0.5,140
FF-WDF02-2026-03-05T14,WDF02,2026-03-05T14:00:00Z,2026-03-05,14,1,1.0,144
FF-WDF02-2026-03-05T16,WDF02,2026-03-05T16:00:00Z,2026-03-05,16,2,0.5,161
FF-WDF02-2026-03-05T19,WDF02,2026-03-05T19:00:00Z,2026-03-05,19,2,0.5,193
FF-WDF02-2026-03-06T13,WDF02,2026-03-06T13:00:00Z,2026-03-06,13,2,0.5,166
FF-WDF02-2026-03-06T14,WDF02,2026-03-06T14:00:00Z,2026-03-06,14,2,0.5,181
FF-WDF02-2026-03-06T15,WDF02,2026-03-06T15:00:00Z,2026-03-06,15,2,0.5,193
FF-WDF02-2026-03-06T16,WDF02,2026-03-06T16:00:00Z,2026-03-06,16,2,0.5,177
FF-WDF02-2026-03-06T18,WDF02,2026-03-06T18:00:00Z,2026-03-06,18,2,0.5,177
FF-WDF02-2026-03-09T12,WDF02,2026-03-09T12:00:00Z,2026-03-09,12,2,0.5,174
FF-WDF02-2026-03-09T14,WDF02,2026-03-09T14:00:00Z,2026-03-09,14,2,0.5,189
FF-WDF02-2026-03-09T15,WDF02,2026-03-09T15:00:00Z,2026-03-09,15,2,0.5,143
FF-WDF02-2026-03-09T16,WDF02,2026-03-09T16:00:00Z,2026-03-09,16,2,0.5,162
FF-WDF02-2026-03-09T17,WDF02,2026-03-09T17:00:00Z,2026-03-09,17,2,0.5,172
FF-WDF02-2026-03-09T18,WDF02,2026-03-09T18:00:00Z,2026-03-09,18,2,0.5,181
FF-WDF02-2026-03-10T11,WDF02,2026-03-10T11:00:00Z,2026-03-10,11,2,0.5,171
FF-WDF02-2026-03-10T12,WDF02,2026-03-10T12:00:00Z,2026-03-10,12,2,0.5,168
FF-WDF02-2026-03-10T13,WDF02,2026-03-10T13:00:00Z,2026-03-10,13,2,0.5,200
FF-WDF02-2026-03-10T14,WDF02,2026-03-10T14:00:00Z,2026-03-10,14,1,1.0,157
FF-WDF02-2026-03-10T15,WDF02,2026-03-10T15:00:00Z,2026-03-10,15,2,0.5,125
FF-WDF02-2026-03-10T17,WDF02,2026-03-10T17:00:00Z,2026-03-10,17,1,1.0,151
FF-WDF02-2026-03-10T18,WDF02,2026-03-10T18:00:00Z,2026-03-10,18,2,0.5,201
FF-WDF02-2026-03-11T12,WDF02,2026-03-11T12:00:00Z,2026-03-11,12,3,0.3333,148
FF-WDF02-2026-03-11T13,WDF02,2026-03-11T13:00:00Z,2026-03-11,13,2,0.5,186
FF-WDF02-2026-03-11T14,WDF02,2026-03-11T14:00:00Z,2026-03-11,14,2,0.5,178
FF-WDF02-2026-03-11T15,WDF02,2026-03-11T15:00:00Z,2026-03-11,15,2,0.5,168
FF-WDF02-2026-03-11T16,WDF02,2026-03-11T16:00:00Z,2026-03-11,16,2,0.5,176
FF-WDF02-2026-03-11T17,WDF02,2026-03-11T17:00:00Z,2026-03-11,17,2,0.5,166
FF-WDF02-2026-03-11T18,WDF02,2026-03-11T18:00:00Z,2026-03-11,18,2,0.5,148
FF-WDF02-2026-03-11T19,WDF02,2026-03-11T19:00:00Z,2026-03-11,19,2,0.5,146
FF-WDF02-2026-03-12T12,WDF02,2026-03-12T12:00:00Z,2026-03-12,12,2,0.5,183
FF-WDF02-2026-03-12T13,WDF02,2026-03-12T13:00:00Z,2026-03-12,13,2,0.5,150
FF-WDF02-2026-03-12T15,WDF02,2026-03-12T15:00:00Z,2026-03-12,15,2,0.5,158
FF-WDF02-2026-03-12T16,WDF02,2026-03-12T16:00:00Z,2026-03-12,16,2,0.5,192
FF-WDF02-2026-03-12T17,WDF02,2026-03-12T17:00:00Z,2026-03-12,17,2,0.5,197
FF-WDF02-2026-03-12T18,WDF02,2026-03-12T18:00:00Z,2026-03-12,18,1,1.0,149
FF-WDF02-2026-03-13T12,WDF02,2026-03-13T12:00:00Z,2026-03-13,12,2,0.5,187
FF-WDF02-2026-03-13T13,WDF02,2026-03-13T13:00:00Z,2026-03-13,13,2,0.5,160
FF-WDF02-2026-03-13T14,WDF02,2026-03-13T14:00:00Z,2026-03-13,14,2,0.5,155
FF-WDF02-2026-03-13T15,WDF02,2026-03-13T15:00:00Z,2026-03-13,15,2,0.5,169
FF-WDF02-2026-03-13T16,WDF02,2026-03-13T16:00:00Z,2026-03-13,16,2,0.5,183
FF-WDF02-2026-03-13T17,WDF02,2026-03-13T17:00:00Z,2026-03-13,17,2,0.5,155
FF-WDF02-2026-03-13T18,WDF02,2026-03-13T18:00:00Z,2026-03-13,18,2,0.5,172
FF-WDF02-2026-03-16T12,WDF02,2026-03-16T12:00:00Z,2026-03-16,12,2,0.5,150
FF-WDF02-2026-03-16T13,WDF02,2026-03-16T13:00:00Z,2026-03-16,13,2,0.5,165
FF-WDF02-2026-03-16T14,WDF02,2026-03-16T14:00:00Z,2026-03-16,14,2,0.5,147
FF-WDF02-2026-03-16T15,WDF02,2026-03-16T15:00:00Z,2026-03-16,15,2,0.5,191
FF-WDF02-2026-03-16T16,WDF02,2026-03-16T16:00:00Z,2026-03-16,16,2,0.5,195
FF-WDF02-2026-03-16T17,WDF02,2026-03-16T17:00:00Z,2026-03-16,17,2,0.5,155
FF-WDF02-2026-03-16T18,WDF02,2026-03-16T18:00:00Z,2026-03-16,18,2,0.5,158
FF-WDF02-2026-03-17T12,WDF02,2026-03-17T12:00:00Z,2026-03-17,12,2,0.5,166
FF-WDF02-2026-03-17T13,WDF02,2026-03-17T13:00:00Z,2026-03-17,13,2,0.5,165
FF-WDF02-2026-03-17T14,WDF02,2026-03-17T14:00:00Z,2026-03-17,14,2,0.5,132
FF-WDF02-2026-03-17T15,WDF02,2026-03-17T15:00:00Z,2026-03-17,15,2,0.5,152
FF-WDF02-2026-03-17T18,WDF02,2026-03-17T18:00:00Z,2026-03-17,18,2,0.5,138
FF-WDF02-2026-03-17T19,WDF02,2026-03-17T19:00:00Z,2026-03-17,19,2,0.5,109
FF-WDF02-2026-03-18T12,WDF02,2026-03-18T12:00:00Z,2026-03-18,12,2,0.5,162
FF-WDF02-2026-03-18T13,WDF02,2026-03-18T13:00:00Z,2026-03-18,13,2,0.5,150
FF-WDF02-2026-03-18T14,WDF02,2026-03-18T14:00:00Z,2026-03-18,14,2,0.5,190
FF-WDF02-2026-03-18T15,WDF02,2026-03-18T15:00:00Z,2026-03-18,15,2,0.5,161
FF-WDF02-2026-03-18T16,WDF02,2026-03-18T16:00:00Z,2026-03-18,16,2,0.5,221
FF-WDF02-2026-03-18T17,WDF02,2026-03-18T17:00:00Z,2026-03-18,17,2,0.5,181
FF-WDF02-2026-03-18T18,WDF02,2026-03-18T18:00:00Z,2026-03-18,18,2,0.5,184
FF-WDF02-2026-03-18T19,WDF02,2026-03-18T19:00:00Z,2026-03-18,19,2,0.5,172
FF-WDF02-2026-03-19T12,WDF02,2026-03-19T12:00:00Z,2026-03-19,12,2,0.5,146
FF-WDF02-2026-03-19T13,WDF02,2026-03-19T13:00:00Z,2026-03-19,13,2,0.5,146
FF-WDF02-2026-03-19T14,WDF02,2026-03-19T14:00:00Z,2026-03-19,14,2,0.5,191
FF-WDF02-2026-03-19T15,WDF02,2026-03-19T15:00:00Z,2026-03-19,15,3,0.3333,204
FF-WDF02-2026-03-19T17,WDF02,2026-03-19T17:00:00Z,2026-03-19,17,2,0.5,134
FF-WDF02-2026-03-19T18,WDF02,2026-03-19T18:00:00Z,2026-03-19,18,2,0.5,147
FF-WDF02-2026-03-19T19,WDF02,2026-03-19T19:00:00Z,2026-03-19,19,2,0.5,163
FF-WDF02-2026-03-20T14,WDF02,2026-03-20T14:00:00Z,2026-03-20,14,2,0.5,160
FF-WDF02-2026-03-20T15,WDF02,2026-03-20T15:00:00Z,2026-03-20,15,3,0.3333,194
FF-WDF02-2026-03-20T16,WDF02,2026-03-20T16:00:00Z,2026-03-20,16,2,0.5,196
FF-WDF02-2026-03-20T17,WDF02,2026-03-20T17:00:00Z,2026-03-20,17,2,0.5,178
FF-WDF02-2026-03-20T18,WDF02,2026-03-20T18:00:00Z,2026-03-20,18,2,0.5,175
FF-WDF02-2026-03-23T12,WDF02,2026-03-23T12:00:00Z,2026-03-23,12,2,0.5,158
FF-WDF02-2026-03-23T14,WDF02,2026-03-23T14:00:00Z,2026-03-23,14,3,0.3333,162
FF-WDF02-2026-03-23T15,WDF02,2026-03-23T15:00:00Z,2026-03-23,15,2,0.5,212
FF-WDF02-2026-03-23T16,WDF02,2026-03-23T16:00:00Z,2026-03-23,16,2,0.5,166
FF-WDF02-2026-03-23T18,WDF02,2026-03-23T18:00:00Z,2026-03-23,18,1,1.0,114
FF-WDF02-2026-03-24T12,WDF02,2026-03-24T12:00:00Z,2026-03-24,12,2,0.5,184
FF-WDF02-2026-03-24T14,WDF02,2026-03-24T14:00:00Z,2026-03-24,14,2,0.5,204
FF-WDF02-2026-03-24T17,WDF02,2026-03-24T17:00:00Z,2026-03-24,17,2,0.5,160
FF-WDF02-2026-03-24T18,WDF02,2026-03-24T18:00:00Z,2026-03-24,18,2,0.5,182
FF-WDF02-2026-03-24T19,WDF02,2026-03-24T19:00:00Z,2026-03-24,19,1,1.0,173
FF-WDF02-2026-03-25T12,WDF02,2026-03-25T12:00:00Z,2026-03-25,12,2,0.5,195
FF-WDF02-2026-03-25T13,WDF02,2026-03-25T13:00:00Z,2026-03-25,13,2,0.5,195
FF-WDF02-2026-03-25T14,WDF02,2026-03-25T14:00:00Z,2026-03-25,14,1,1.0,201
FF-WDF02-2026-03-25T15,WDF02,2026-03-25T15:00:00Z,2026-03-25,15,2,0.5,174
FF-WDF02-2026-03-25T16,WDF02,2026-03-25T16:00:00Z,2026-03-25,16,2,0.5,160
FF-WDF02-2026-03-26T11,WDF02,2026-03-26T11:00:00Z,2026-03-26,11,2,0.5,183
FF-WDF02-2026-03-26T12,WDF02,2026-03-26T12:00:00Z,2026-03-26,12,3,0.3333,178
FF-WDF02-2026-03-26T13,WDF02,2026-03-26T13:00:00Z,2026-03-26,13,2,0.5,182
FF-WDF02-2026-03-26T14,WDF02,2026-03-26T14:00:00Z,2026-03-26,14,2,0.5,169
FF-WDF02-2026-03-26T15,WDF02,2026-03-26T15:00:00Z,2026-03-26,15,2,0.5,208
FF-WDF02-2026-03-26T16,WDF02,2026-03-26T16:00:00Z,2026-03-26,16,5,0.4,159
FF-WDF02-2026-03-26T17,WDF02,2026-03-26T17:00:00Z,2026-03-26,17,1,1.0,178
FF-WDF02-2026-03-26T18,WDF02,2026-03-26T18:00:00Z,2026-03-26,18,2,0.5,176
FF-WDF02-2026-03-26T19,WDF02,2026-03-26T19:00:00Z,2026-03-26,19,2,0.5,192
FF-WDF02-2026-03-27T13,WDF02,2026-03-27T13:00:00Z,2026-03-27,13,2,0.5,156
FF-WDF02-2026-03-27T14,WDF02,2026-03-27T14:00:00Z,2026-03-27,14,2,0.5,158
FF-WDF02-2026-03-27T15,WDF02,2026-03-27T15:00:00Z,2026-03-27,15,1,1.0,151
FF-WDF02-2026-03-27T17,WDF02,2026-03-27T17:00:00Z,2026-03-27,17,2,0.5,161
FF-WDF02-2026-03-30T12,WDF02,2026-03-30T12:00:00Z,2026-03-30,12,2,0.5,160
FF-WDF02-2026-03-30T13,WDF02,2026-03-30T13:00:00Z,2026-03-30,13,2,0.5,164
FF-WDF02-2026-03-30T14,WDF02,2026-03-30T14:00:00Z,2026-03-30,14,2,0.5,182
FF-WDF02-2026-03-30T16,WDF02,2026-03-30T16:00:00Z,2026-03-30,16,2,0.5,188
FF-WDF02-2026-03-30T17,WDF02,2026-03-30T17:00:00Z,2026-03-30,17,1,1.0,185
FF-WDF02-2026-03-30T19,WDF02,2026-03-30T19:00:00Z,2026-03-30,19,1,1.0,208
FF-WDF02-2026-03-31T09,WDF02,2026-03-31T09:00:00Z,2026-03-31,9,2,0.5,166
FF-WDF02-2026-03-31T10,WDF02,2026-03-31T10:00:00Z,2026-03-31,10,2,0.5,191
FF-WDF02-2026-03-31T11,WDF02,2026-03-31T11:00:00Z,2026-03-31,11,2,0.5,174
FF-WDF02-2026-03-31T12,WDF02,2026-03-31T12:00:00Z,2026-03-31,12,2,0.5,130
FF-WDF02-2026-03-31T13,WDF02,2026-03-31T13:00:00Z,2026-03-31,13,2,0.5,173
FF-WDF02-2026-03-31T14,WDF02,2026-03-31T14:00:00Z,2026-03-31,14,4,0.5,126
FF-WDF02-2026-03-31T15,WDF02,2026-03-31T15:00:00Z,2026-03-31,15,2,0.5,155
FF-WDF02-2026-03-31T16,WDF02,2026-03-31T16:00:00Z,2026-03-31,16,4,0.5,179
FF-WDF02-2026-03-31T17,WDF02,2026-03-31T17:00:00Z,2026-03-31,17,2,0.5,166
FF-WDF02-2026-03-31T18,WDF02,2026-03-31T18:00:00Z,2026-03-31,18,1,1.0,171
FF-WDF02-2026-04-01T12,WDF02,2026-04-01T12:00:00Z,2026-04-01,12,2,0.5,114
FF-WDF02-2026-04-01T14,WDF02,2026-04-01T14:00:00Z,2026-04-01,14,2,0.5,156
FF-WDF02-2026-04-01T15,WDF02,2026-04-01T15:00:00Z,2026-04-01,15,2,0.5,171
FF-WDF02-2026-04-01T16,WDF02,2026-04-01T16:00:00Z,2026-04-01,16,2,0.5,193
FF-WDF02-2026-04-01T17,WDF02,2026-04-01T17:00:00Z,2026-04-01,17,2,0.5,190
FF-WDF02-2026-04-02T12,WDF02,2026-04-02T12:00:00Z,2026-04-02,12,2,0.5,164
FF-WDF02-2026-04-02T13,WDF02,2026-04-02T13:00:00Z,2026-04-02,13,1,1.0,182
FF-WDF02-2026-04-02T14,WDF02,2026-04-02T14:00:00Z,2026-04-02,14,2,0.5,157
FF-WDF02-2026-04-02T15,WDF02,2026-04-02T15:00:00Z,2026-04-02,15,2,0.5,199
FF-WDF02-2026-04-02T16,WDF02,2026-04-02T16:00:00Z,2026-04-02,16,2,0.5,154
FF-WDF02-2026-04-02T17,WDF02,2026-04-02T17:00:00Z,2026-04-02,17,1,1.0,158
FF-WDF02-2026-04-02T18,WDF02,2026-04-02T18:00:00Z,2026-04-02,18,2,0.5,175
FF-WDF02-2026-04-02T19,WDF02,2026-04-02T19:00:00Z,2026-04-02,19,2,0.5,157
FF-WDF02-2026-04-03T12,WDF02,2026-04-03T12:00:00Z,2026-04-03,12,2,0.5,158
FF-WDF02-2026-04-03T13,WDF02,2026-04-03T13:00:00Z,2026-04-03,13,2,0.5,147
FF-WDF02-2026-04-03T14,WDF02,2026-04-03T14:00:00Z,2026-04-03,14,2,0.5,180
FF-WDF02-2026-04-03T17,WDF02,2026-04-03T17:00:00Z,2026-04-03,17,2,0.5,167
FF-WDF02-2026-04-06T12,WDF02,2026-04-06T12:00:00Z,2026-04-06,12,2,0.5,129
FF-WDF02-2026-04-06T13,WDF02,2026-04-06T13:00:00Z,2026-04-06,13,2,0.5,191
FF-WDF02-2026-04-06T14,WDF02,2026-04-06T14:00:00Z,2026-04-06,14,2,0.5,135
FF-WDF02-2026-04-06T15,WDF02,2026-04-06T15:00:00Z,2026-04-06,15,2,0.5,192
FF-WDF02-2026-04-06T16,WDF02,2026-04-06T16:00:00Z,2026-04-06,16,2,0.5,137
FF-WDF02-2026-04-06T17,WDF02,2026-04-06T17:00:00Z,2026-04-06,17,2,0.5,174
FF-WDF02-2026-04-06T18,WDF02,2026-04-06T18:00:00Z,2026-04-06,18,2,0.5,138
FF-WDF02-2026-04-07T11,WDF02,2026-04-07T11:00:00Z,2026-04-07,11,2,0.5,173
FF-WDF02-2026-04-07T12,WDF02,2026-04-07T12:00:00Z,2026-04-07,12,2,0.5,182
FF-WDF02-2026-04-07T13,WDF02,2026-04-07T13:00:00Z,2026-04-07,13,2,0.5,163
FF-WDF02-2026-04-07T14,WDF02,2026-04-07T14:00:00Z,2026-04-07,14,2,0.5,172
FF-WDF02-2026-04-07T15,WDF02,2026-04-07T15:00:00Z,2026-04-07,15,2,0.5,160
FF-WDF02-2026-04-07T16,WDF02,2026-04-07T16:00:00Z,2026-04-07,16,3,0.3333,171
FF-WDF02-2026-04-07T17,WDF02,2026-04-07T17:00:00Z,2026-04-07,17,1,1.0,166
FF-WDF02-2026-04-07T18,WDF02,2026-04-07T18:00:00Z,2026-04-07,18,2,0.5,131
FF-WDF02-2026-04-07T19,WDF02,2026-04-07T19:00:00Z,2026-04-07,19,2,0.5,201
FF-WDF02-2026-04-08T12,WDF02,2026-04-08T12:00:00Z,2026-04-08,12,2,0.5,161
FF-WDF02-2026-04-08T13,WDF02,2026-04-08T13:00:00Z,2026-04-08,13,2,0.5,178
FF-WDF02-2026-04-08T14,WDF02,2026-04-08T14:00:00Z,2026-04-08,14,2,0.5,171
FF-WDF02-2026-04-08T16,WDF02,2026-04-08T16:00:00Z,2026-04-08,16,2,0.5,169
FF-WDF02-2026-04-08T17,WDF02,2026-04-08T17:00:00Z,2026-04-08,17,2,0.5,138
FF-WDF02-2026-04-08T18,WDF02,2026-04-08T18:00:00Z,2026-04-08,18,3,0.3333,179
FF-WDF02-2026-04-09T12,WDF02,2026-04-09T12:00:00Z,2026-04-09,12,2,0.5,160
FF-WDF02-2026-04-09T14,WDF02,2026-04-09T14:00:00Z,2026-04-09,14,2,0.5,165
FF-WDF02-2026-04-09T15,WDF02,2026-04-09T15:00:00Z,2026-04-09,15,2,0.5,161
FF-WDF02-2026-04-09T16,WDF02,2026-04-09T16:00:00Z,2026-04-09,16,2,0.5,185
FF-WDF02-2026-04-09T17,WDF02,2026-04-09T17:00:00Z,2026-04-09,17,2,0.5,156
FF-WDF02-2026-04-09T18,WDF02,2026-04-09T18:00:00Z,2026-04-09,18,2,0.5,185
FF-WDF02-2026-04-09T19,WDF02,2026-04-09T19:00:00Z,2026-04-09,19,2,0.5,137
FF-WDF02-2026-04-10T13,WDF02,2026-04-10T13:00:00Z,2026-04-10,13,2,0.5,185
FF-WDF02-2026-04-10T14,WDF02,2026-04-10T14:00:00Z,2026-04-10,14,2,0.5,143
FF-WDF02-2026-04-10T16,WDF02,2026-04-10T16:00:00Z,2026-04-10,16,3,0.3333,155
FF-WDF02-2026-04-13T13,WDF02,2026-04-13T13:00:00Z,2026-04-13,13,1,1.0,131
FF-WDF02-2026-04-13T14,WDF02,2026-04-13T14:00:00Z,2026-04-13,14,2,0.5,168
FF-WDF02-2026-04-13T15,WDF02,2026-04-13T15:00:00Z,2026-04-13,15,2,0.5,168
FF-WDF02-2026-04-13T16,WDF02,2026-04-13T16:00:00Z,2026-04-13,16,2,0.5,161
FF-WDF02-2026-04-13T17,WDF02,2026-04-13T17:00:00Z,2026-04-13,17,2,0.5,165
FF-WDF02-2026-04-13T19,WDF02,2026-04-13T19:00:00Z,2026-04-13,19,2,0.5,177
FF-WDF02-2026-04-14T12,WDF02,2026-04-14T12:00:00Z,2026-04-14,12,1,1.0,127
FF-WDF02-2026-04-14T13,WDF02,2026-04-14T13:00:00Z,2026-04-14,13,2,0.5,125
FF-WDF02-2026-04-14T14,WDF02,2026-04-14T14:00:00Z,2026-04-14,14,2,0.5,153
FF-WDF02-2026-04-14T15,WDF02,2026-04-14T15:00:00Z,2026-04-14,15,2,0.5,190
FF-WDF02-2026-04-14T16,WDF02,2026-04-14T16:00:00Z,2026-04-14,16,2,0.5,167
FF-WDF02-2026-04-14T18,WDF02,2026-04-14T18:00:00Z,2026-04-14,18,2,0.5,164
FF-WDF02-2026-04-14T19,WDF02,2026-04-14T19:00:00Z,2026-04-14,19,2,0.5,159
FF-WDF02-2026-04-15T10,WDF02,2026-04-15T10:00:00Z,2026-04-15,10,2,0.5,181
FF-WDF02-2026-04-15T11,WDF02,2026-04-15T11:00:00Z,2026-04-15,11,2,0.5,177
FF-WDF02-2026-04-15T12,WDF02,2026-04-15T12:00:00Z,2026-04-15,12,3,0.3333,163
FF-WDF02-2026-04-15T14,WDF02,2026-04-15T14:00:00Z,2026-04-15,14,2,0.5,170
FF-WDF02-2026-04-15T15,WDF02,2026-04-15T15:00:00Z,2026-04-15,15,2,0.5,172
FF-WDF02-2026-04-15T17,WDF02,2026-04-15T17:00:00Z,2026-04-15,17,2,0.5,175
FF-WDF02-2026-04-15T18,WDF02,2026-04-15T18:00:00Z,2026-04-15,18,2,0.5,159
FF-WDF02-2026-04-15T19,WDF02,2026-04-15T19:00:00Z,2026-04-15,19,2,0.5,150
FF-WDF02-2026-04-16T13,WDF02,2026-04-16T13:00:00Z,2026-04-16,13,4,0.25,185
FF-WDF02-2026-04-16T14,WDF02,2026-04-16T14:00:00Z,2026-04-16,14,2,0.5,187
FF-WDF02-2026-04-16T15,WDF02,2026-04-16T15:00:00Z,2026-04-16,15,2,0.5,153
FF-WDF02-2026-04-16T16,WDF02,2026-04-16T16:00:00Z,2026-04-16,16,2,0.5,157
FF-WDF02-2026-04-16T17,WDF02,2026-04-16T17:00:00Z,2026-04-16,17,2,0.5,181
FF-WDF02-2026-04-16T18,WDF02,2026-04-16T18:00:00Z,2026-04-16,18,2,0.5,163
FF-WDF02-2026-04-16T19,WDF02,2026-04-16T19:00:00Z,2026-04-16,19,2,0.5,142
FF-WDF02-2026-04-17T12,WDF02,2026-04-17T12:00:00Z,2026-04-17,12,2,0.5,169
FF-WDF02-2026-04-17T13,WDF02,2026-04-17T13:00:00Z,2026-04-17,13,2,0.5,179
FF-WDF02-2026-04-17T15,WDF02,2026-04-17T15:00:00Z,2026-04-17,15,3,0.3333,172
FF-WDF02-2026-04-17T17,WDF02,2026-04-17T17:00:00Z,2026-04-17,17,2,0.5,180
FF-WDF02-2026-04-17T18,WDF02,2026-04-17T18:00:00Z,2026-04-17,18,2,0.5,213
FF-WDF02-2026-04-20T12,WDF02,2026-04-20T12:00:00Z,2026-04-20,12,2,0.5,177
FF-WDF02-2026-04-20T13,WDF02,2026-04-20T13:00:00Z,2026-04-20,13,2,0.5,183
FF-WDF02-2026-04-20T14,WDF02,2026-04-20T14:00:00Z,2026-04-20,14,2,0.5,131
FF-WDF02-2026-04-20T15,WDF02,2026-04-20T15:00:00Z,2026-04-20,15,3,0.3333,146
FF-WDF02-2026-04-20T16,WDF02,2026-04-20T16:00:00Z,2026-04-20,16,2,0.5,188
FF-WDF02-2026-04-20T17,WDF02,2026-04-20T17:00:00Z,2026-04-20,17,2,0.5,107
FF-WDF02-2026-04-20T18,WDF02,2026-04-20T18:00:00Z,2026-04-20,18,2,0.5,210
FF-WDF02-2026-04-21T09,WDF02,2026-04-21T09:00:00Z,2026-04-21,9,2,0.5,152
FF-WDF02-2026-04-21T10,WDF02,2026-04-21T10:00:00Z,2026-04-21,10,2,0.5,155
FF-WDF02-2026-04-21T12,WDF02,2026-04-21T12:00:00Z,2026-04-21,12,2,0.5,166
FF-WDF02-2026-04-21T13,WDF02,2026-04-21T13:00:00Z,2026-04-21,13,2,0.5,179
FF-WDF02-2026-04-21T14,WDF02,2026-04-21T14:00:00Z,2026-04-21,14,2,0.5,181
FF-WDF02-2026-04-21T15,WDF02,2026-04-21T15:00:00Z,2026-04-21,15,2,0.5,166
FF-WDF02-2026-04-21T16,WDF02,2026-04-21T16:00:00Z,2026-04-21,16,2,0.5,145
FF-WDF02-2026-04-21T17,WDF02,2026-04-21T17:00:00Z,2026-04-21,17,2,0.5,142
FF-WDF02-2026-04-21T18,WDF02,2026-04-21T18:00:00Z,2026-04-21,18,2,0.5,174
FF-WDF02-2026-04-21T19,WDF02,2026-04-21T19:00:00Z,2026-04-21,19,2,0.5,158
FF-WDF02-2026-04-22T10,WDF02,2026-04-22T10:00:00Z,2026-04-22,10,2,0.5,185
FF-WDF02-2026-04-22T12,WDF02,2026-04-22T12:00:00Z,2026-04-22,12,2,0.5,162
FF-WDF02-2026-04-22T13,WDF02,2026-04-22T13:00:00Z,2026-04-22,13,3,0.6667,168
FF-WDF02-2026-04-22T14,WDF02,2026-04-22T14:00:00Z,2026-04-22,14,2,0.5,155
FF-WDF02-2026-04-22T15,WDF02,2026-04-22T15:00:00Z,2026-04-22,15,2,0.5,159
FF-WDF02-2026-04-22T16,WDF02,2026-04-22T16:00:00Z,2026-04-22,16,1,1.0,184
FF-WDF02-2026-04-22T17,WDF02,2026-04-22T17:00:00Z,2026-04-22,17,2,0.5,152
FF-WDF02-2026-04-22T19,WDF02,2026-04-22T19:00:00Z,2026-04-22,19,3,0.3333,162
FF-WDF02-2026-04-23T13,WDF02,2026-04-23T13:00:00Z,2026-04-23,13,2,0.5,162
FF-WDF02-2026-04-23T14,WDF02,2026-04-23T14:00:00Z,2026-04-23,14,1,1.0,153
FF-WDF02-2026-04-23T15,WDF02,2026-04-23T15:00:00Z,2026-04-23,15,2,0.5,187
FF-WDF02-2026-04-23T16,WDF02,2026-04-23T16:00:00Z,2026-04-23,16,2,0.5,151
FF-WDF02-2026-04-23T17,WDF02,2026-04-23T17:00:00Z,2026-04-23,17,2,0.5,149
FF-WDF02-2026-04-24T13,WDF02,2026-04-24T13:00:00Z,2026-04-24,13,2,0.5,182
FF-WDF02-2026-04-24T16,WDF02,2026-04-24T16:00:00Z,2026-04-24,16,2,0.5,182
FF-WDF02-2026-04-24T17,WDF02,2026-04-24T17:00:00Z,2026-04-24,17,2,0.5,190
FF-WDF02-2026-04-24T18,WDF02,2026-04-24T18:00:00Z,2026-04-24,18,2,0.5,155
FF-WDF02-2026-04-27T13,WDF02,2026-04-27T13:00:00Z,2026-04-27,13,3,0.3333,155
FF-WDF02-2026-04-27T14,WDF02,2026-04-27T14:00:00Z,2026-04-27,14,2,0.5,182
FF-WDF02-2026-04-27T15,WDF02,2026-04-27T15:00:00Z,2026-04-27,15,2,0.5,151
FF-WDF02-2026-04-27T16,WDF02,2026-04-27T16:00:00Z,2026-04-27,16,2,0.5,128
FF-WDF02-2026-04-27T17,WDF02,2026-04-27T17:00:00Z,2026-04-27,17,2,0.5,190
FF-WDF02-2026-04-27T18,WDF02,2026-04-27T18:00:00Z,2026-04-27,18,2,0.5,167
FF-WDF02-2026-04-27T19,WDF02,2026-04-27T19:00:00Z,2026-04-27,19,2,0.5,191
FF-WDF02-2026-04-28T12,WDF02,2026-04-28T12:00:00Z,2026-04-28,12,2,0.5,144
FF-WDF02-2026-04-28T13,WDF02,2026-04-28T13:00:00Z,2026-04-28,13,2,0.5,180
FF-WDF02-2026-04-28T14,WDF02,2026-04-28T14:00:00Z,2026-04-28,14,2,0.5,188
FF-WDF02-2026-04-28T15,WDF02,2026-04-28T15:00:00Z,2026-04-28,15,1,1.0,123
FF-WDF02-2026-04-28T16,WDF02,2026-04-28T16:00:00Z,2026-04-28,16,2,0.5,203
FF-WDF02-2026-04-28T17,WDF02,2026-04-28T17:00:00Z,2026-04-28,17,2,0.5,170
FF-WDF02-2026-04-28T18,WDF02,2026-04-28T18:00:00Z,2026-04-28,18,2,0.5,189
FF-WDF02-2026-04-29T15,WDF02,2026-04-29T15:00:00Z,2026-04-29,15,2,0.5,176
FF-WDF02-2026-04-29T16,WDF02,2026-04-29T16:00:00Z,2026-04-29,16,2,0.5,160
FF-WDF02-2026-04-29T17,WDF02,2026-04-29T17:00:00Z,2026-04-29,17,2,0.5,183
FF-WDF02-2026-04-29T18,WDF02,2026-04-29T18:00:00Z,2026-04-29,18,2,0.5,130
FF-WDF02-2026-04-30T09,WDF02,2026-04-30T09:00:00Z,2026-04-30,9,2,0.5,198
FF-WDF02-2026-04-30T12,WDF02,2026-04-30T12:00:00Z,2026-04-30,12,2,0.5,165
FF-WDF02-2026-04-30T13,WDF02,2026-04-30T13:00:00Z,2026-04-30,13,1,1.0,158
FF-WDF02-2026-04-30T14,WDF02,2026-04-30T14:00:00Z,2026-04-30,14,2,0.5,132
FF-WDF02-2026-04-30T15,WDF02,2026-04-30T15:00:00Z,2026-04-30,15,2,0.5,152
FF-WDF02-2026-04-30T16,WDF02,2026-04-30T16:00:00Z,2026-04-30,16,2,0.5,153
FF-WDF02-2026-04-30T17,WDF02,2026-04-30T17:00:00Z,2026-04-30,17,2,0.5,181
FF-WDF02-2026-04-30T18,WDF02,2026-04-30T18:00:00Z,2026-04-30,18,2,0.5,162
FF-WDF02-2026-05-01T13,WDF02,2026-05-01T13:00:00Z,2026-05-01,13,2,0.5,131
FF-WDF02-2026-05-01T14,WDF02,2026-05-01T14:00:00Z,2026-05-01,14,2,0.5,161
FF-WDF02-2026-05-01T15,WDF02,2026-05-01T15:00:00Z,2026-05-01,15,2,0.5,148
FF-WDF02-2026-05-01T16,WDF02,2026-05-01T16:00:00Z,2026-05-01,16,2,0.5,148
FF-WDF02-2026-05-04T11,WDF02,2026-05-04T11:00:00Z,2026-05-04,11,2,0.5,156
FF-WDF02-2026-05-04T12,WDF02,2026-05-04T12:00:00Z,2026-05-04,12,2,0.5,186
FF-WDF02-2026-05-04T13,WDF02,2026-05-04T13:00:00Z,2026-05-04,13,4,0.5,215
FF-WDF02-2026-05-04T14,WDF02,2026-05-04T14:00:00Z,2026-05-04,14,2,0.5,135
FF-WDF02-2026-05-04T15,WDF02,2026-05-04T15:00:00Z,2026-05-04,15,2,0.5,150
FF-WDF02-2026-05-04T16,WDF02,2026-05-04T16:00:00Z,2026-05-04,16,2,0.5,204
FF-WDF02-2026-05-04T17,WDF02,2026-05-04T17:00:00Z,2026-05-04,17,2,0.5,169
FF-WDF02-2026-05-04T18,WDF02,2026-05-04T18:00:00Z,2026-05-04,18,2,0.5,204
FF-WDF02-2026-05-04T19,WDF02,2026-05-04T19:00:00Z,2026-05-04,19,2,0.5,163
FF-WDF02-2026-05-05T09,WDF02,2026-05-05T09:00:00Z,2026-05-05,9,2,0.5,172
FF-WDF02-2026-05-05T12,WDF02,2026-05-05T12:00:00Z,2026-05-05,12,2,0.5,158
FF-WDF02-2026-05-05T13,WDF02,2026-05-05T13:00:00Z,2026-05-05,13,4,0.5,189
FF-WDF02-2026-05-05T14,WDF02,2026-05-05T14:00:00Z,2026-05-05,14,3,0.3333,177
FF-WDF02-2026-05-05T16,WDF02,2026-05-05T16:00:00Z,2026-05-05,16,2,0.5,158
FF-WDF02-2026-05-05T17,WDF02,2026-05-05T17:00:00Z,2026-05-05,17,2,0.5,171
FF-WDF02-2026-05-05T18,WDF02,2026-05-05T18:00:00Z,2026-05-05,18,2,0.5,181
FF-WDF02-2026-05-05T19,WDF02,2026-05-05T19:00:00Z,2026-05-05,19,2,0.5,144
FF-WDF02-2026-05-06T12,WDF02,2026-05-06T12:00:00Z,2026-05-06,12,2,0.5,207
FF-WDF02-2026-05-06T13,WDF02,2026-05-06T13:00:00Z,2026-05-06,13,2,0.5,163
FF-WDF02-2026-05-06T14,WDF02,2026-05-06T14:00:00Z,2026-05-06,14,2,0.5,157
FF-WDF02-2026-05-06T16,WDF02,2026-05-06T16:00:00Z,2026-05-06,16,2,0.5,195
FF-WDF02-2026-05-06T18,WDF02,2026-05-06T18:00:00Z,2026-05-06,18,2,0.5,178
FF-WDF02-2026-05-06T19,WDF02,2026-05-06T19:00:00Z,2026-05-06,19,2,0.5,184
FF-WDF02-2026-05-07T12,WDF02,2026-05-07T12:00:00Z,2026-05-07,12,2,0.5,168
FF-WDF02-2026-05-07T13,WDF02,2026-05-07T13:00:00Z,2026-05-07,13,2,0.5,205
FF-WDF02-2026-05-07T14,WDF02,2026-05-07T14:00:00Z,2026-05-07,14,2,0.5,165
FF-WDF02-2026-05-07T15,WDF02,2026-05-07T15:00:00Z,2026-05-07,15,2,0.5,165
FF-WDF02-2026-05-07T16,WDF02,2026-05-07T16:00:00Z,2026-05-07,16,2,0.5,140
FF-WDF02-2026-05-07T17,WDF02,2026-05-07T17:00:00Z,2026-05-07,17,2,0.5,176
FF-WDF02-2026-05-07T18,WDF02,2026-05-07T18:00:00Z,2026-05-07,18,3,0.3333,129
FF-WDF02-2026-05-07T19,WDF02,2026-05-07T19:00:00Z,2026-05-07,19,2,0.5,173
FF-WDF02-2026-05-08T13,WDF02,2026-05-08T13:00:00Z,2026-05-08,13,2,0.5,177
FF-WDF02-2026-05-08T14,WDF02,2026-05-08T14:00:00Z,2026-05-08,14,2,0.5,171
FF-WDF02-2026-05-08T16,WDF02,2026-05-08T16:00:00Z,2026-05-08,16,3,0.3333,199
FF-WDF02-2026-05-08T17,WDF02,2026-05-08T17:00:00Z,2026-05-08,17,2,0.5,139
FF-WDF02-2026-05-08T18,WDF02,2026-05-08T18:00:00Z,2026-05-08,18,2,0.5,152
FF-WDF02-2026-05-11T12,WDF02,2026-05-11T12:00:00Z,2026-05-11,12,3,0.3333,166
FF-WDF02-2026-05-11T13,WDF02,2026-05-11T13:00:00Z,2026-05-11,13,3,0.3333,159
FF-WDF02-2026-05-11T14,WDF02,2026-05-11T14:00:00Z,2026-05-11,14,1,1.0,125
FF-WDF02-2026-05-11T15,WDF02,2026-05-11T15:00:00Z,2026-05-11,15,2,0.5,175
FF-WDF02-2026-05-11T16,WDF02,2026-05-11T16:00:00Z,2026-05-11,16,2,0.5,177
FF-WDF02-2026-05-11T18,WDF02,2026-05-11T18:00:00Z,2026-05-11,18,2,0.5,151
FF-WDF02-2026-05-12T12,WDF02,2026-05-12T12:00:00Z,2026-05-12,12,2,0.5,164
FF-WDF02-2026-05-12T13,WDF02,2026-05-12T13:00:00Z,2026-05-12,13,2,0.5,173
FF-WDF02-2026-05-12T14,WDF02,2026-05-12T14:00:00Z,2026-05-12,14,2,0.5,126
FF-WDF02-2026-05-12T15,WDF02,2026-05-12T15:00:00Z,2026-05-12,15,2,0.5,174
FF-WDF02-2026-05-12T16,WDF02,2026-05-12T16:00:00Z,2026-05-12,16,2,0.5,178
FF-WDF02-2026-05-13T10,WDF02,2026-05-13T10:00:00Z,2026-05-13,10,2,0.5,179
FF-WDF02-2026-05-13T11,WDF02,2026-05-13T11:00:00Z,2026-05-13,11,2,0.5,190
FF-WDF02-2026-05-13T13,WDF02,2026-05-13T13:00:00Z,2026-05-13,13,3,0.6667,157
FF-WDF02-2026-05-13T14,WDF02,2026-05-13T14:00:00Z,2026-05-13,14,2,0.5,158
FF-WDF02-2026-05-13T15,WDF02,2026-05-13T15:00:00Z,2026-05-13,15,2,0.5,181
FF-WDF02-2026-05-13T16,WDF02,2026-05-13T16:00:00Z,2026-05-13,16,2,0.5,203
FF-WDF02-2026-05-13T17,WDF02,2026-05-13T17:00:00Z,2026-05-13,17,2,0.5,171
FF-WDF02-2026-05-13T18,WDF02,2026-05-13T18:00:00Z,2026-05-13,18,2,0.5,149
FF-WDF02-2026-05-13T19,WDF02,2026-05-13T19:00:00Z,2026-05-13,19,1,1.0,169
FF-WDF02-2026-05-14T12,WDF02,2026-05-14T12:00:00Z,2026-05-14,12,2,0.5,143
FF-WDF02-2026-05-14T14,WDF02,2026-05-14T14:00:00Z,2026-05-14,14,2,0.5,141
FF-WDF02-2026-05-14T15,WDF02,2026-05-14T15:00:00Z,2026-05-14,15,2,0.5,156
FF-WDF02-2026-05-14T16,WDF02,2026-05-14T16:00:00Z,2026-05-14,16,2,0.5,130
FF-WDF02-2026-05-14T17,WDF02,2026-05-14T17:00:00Z,2026-05-14,17,2,0.5,158
FF-WDF02-2026-05-15T13,WDF02,2026-05-15T13:00:00Z,2026-05-15,13,2,0.5,189
FF-WDF02-2026-05-15T14,WDF02,2026-05-15T14:00:00Z,2026-05-15,14,2,0.5,186
FF-WDF02-2026-05-15T15,WDF02,2026-05-15T15:00:00Z,2026-05-15,15,2,0.5,166
FF-WDF02-2026-05-15T16,WDF02,2026-05-15T16:00:00Z,2026-05-15,16,2,0.5,175
FF-WDF02-2026-05-15T17,WDF02,2026-05-15T17:00:00Z,2026-05-15,17,2,0.5,167
FF-WDF02-2026-05-18T12,WDF02,2026-05-18T12:00:00Z,2026-05-18,12,1,1.0,135
FF-WDF02-2026-05-18T13,WDF02,2026-05-18T13:00:00Z,2026-05-18,13,2,0.5,172
FF-WDF02-2026-05-18T14,WDF02,2026-05-18T14:00:00Z,2026-05-18,14,1,1.0,162
FF-WDF02-2026-05-18T15,WDF02,2026-05-18T15:00:00Z,2026-05-18,15,2,0.5,131
FF-WDF02-2026-05-18T16,WDF02,2026-05-18T16:00:00Z,2026-05-18,16,1,1.0,175
FF-WDF02-2026-05-18T17,WDF02,2026-05-18T17:00:00Z,2026-05-18,17,1,1.0,173
FF-WDF02-2026-05-18T18,WDF02,2026-05-18T18:00:00Z,2026-05-18,18,2,0.5,171
FF-WDF02-2026-05-19T13,WDF02,2026-05-19T13:00:00Z,2026-05-19,13,2,0.5,190
FF-WDF02-2026-05-19T14,WDF02,2026-05-19T14:00:00Z,2026-05-19,14,2,0.5,152
FF-WDF02-2026-05-19T16,WDF02,2026-05-19T16:00:00Z,2026-05-19,16,2,0.5,189
FF-WDF02-2026-05-19T17,WDF02,2026-05-19T17:00:00Z,2026-05-19,17,1,1.0,174
FF-WDF02-2026-05-19T18,WDF02,2026-05-19T18:00:00Z,2026-05-19,18,2,0.5,143
FF-WDF02-2026-05-20T12,WDF02,2026-05-20T12:00:00Z,2026-05-20,12,2,0.5,160
FF-WDF02-2026-05-20T13,WDF02,2026-05-20T13:00:00Z,2026-05-20,13,2,0.5,181
FF-WDF02-2026-05-20T14,WDF02,2026-05-20T14:00:00Z,2026-05-20,14,3,0.3333,206
FF-WDF02-2026-05-20T15,WDF02,2026-05-20T15:00:00Z,2026-05-20,15,2,0.5,157
FF-WDF02-2026-05-20T16,WDF02,2026-05-20T16:00:00Z,2026-05-20,16,2,0.5,194
FF-WDF02-2026-05-20T17,WDF02,2026-05-20T17:00:00Z,2026-05-20,17,2,0.5,142
FF-WDF02-2026-05-20T18,WDF02,2026-05-20T18:00:00Z,2026-05-20,18,2,0.5,176
FF-WDF02-2026-05-20T19,WDF02,2026-05-20T19:00:00Z,2026-05-20,19,2,0.5,175
FF-WDF02-2026-05-21T12,WDF02,2026-05-21T12:00:00Z,2026-05-21,12,3,0.3333,168
FF-WDF02-2026-05-21T13,WDF02,2026-05-21T13:00:00Z,2026-05-21,13,2,0.5,148
FF-WDF02-2026-05-21T15,WDF02,2026-05-21T15:00:00Z,2026-05-21,15,2,0.5,178
FF-WDF02-2026-05-21T16,WDF02,2026-05-21T16:00:00Z,2026-05-21,16,2,0.5,170
FF-WDF02-2026-05-21T17,WDF02,2026-05-21T17:00:00Z,2026-05-21,17,3,0.3333,140
FF-WDF02-2026-05-21T18,WDF02,2026-05-21T18:00:00Z,2026-05-21,18,1,1.0,180
FF-WDF02-2026-05-21T19,WDF02,2026-05-21T19:00:00Z,2026-05-21,19,2,0.5,191
FF-WDF02-2026-05-22T13,WDF02,2026-05-22T13:00:00Z,2026-05-22,13,2,0.5,180
FF-WDF02-2026-05-22T14,WDF02,2026-05-22T14:00:00Z,2026-05-22,14,2,0.5,178
FF-WDF02-2026-05-22T16,WDF02,2026-05-22T16:00:00Z,2026-05-22,16,2,0.5,180
FF-WDF02-2026-05-22T17,WDF02,2026-05-22T17:00:00Z,2026-05-22,17,2,0.5,163
FF-WDF02-2026-05-25T13,WDF02,2026-05-25T13:00:00Z,2026-05-25,13,2,0.5,172
FF-WDF02-2026-05-25T14,WDF02,2026-05-25T14:00:00Z,2026-05-25,14,2,0.5,155
FF-WDF02-2026-05-25T15,WDF02,2026-05-25T15:00:00Z,2026-05-25,15,2,0.5,176
FF-WDF02-2026-05-25T16,WDF02,2026-05-25T16:00:00Z,2026-05-25,16,1,1.0,170
FF-WDF02-2026-05-25T18,WDF02,2026-05-25T18:00:00Z,2026-05-25,18,2,0.5,182
FF-WDF02-2026-05-25T19,WDF02,2026-05-25T19:00:00Z,2026-05-25,19,2,0.5,180
FF-WDF02-2026-05-26T13,WDF02,2026-05-26T13:00:00Z,2026-05-26,13,2,0.5,178
FF-WDF02-2026-05-26T15,WDF02,2026-05-26T15:00:00Z,2026-05-26,15,2,0.5,149
FF-WDF02-2026-05-26T17,WDF02,2026-05-26T17:00:00Z,2026-05-26,17,2,0.5,139
FF-WDF02-2026-05-26T18,WDF02,2026-05-26T18:00:00Z,2026-05-26,18,2,0.5,177
FF-WDF02-2026-05-26T19,WDF02,2026-05-26T19:00:00Z,2026-05-26,19,2,0.5,154
FF-WDF02-2026-05-27T11,WDF02,2026-05-27T11:00:00Z,2026-05-27,11,2,0.5,179
FF-WDF02-2026-05-27T12,WDF02,2026-05-27T12:00:00Z,2026-05-27,12,2,0.5,188
FF-WDF02-2026-05-27T13,WDF02,2026-05-27T13:00:00Z,2026-05-27,13,2,0.5,150
FF-WDF02-2026-05-27T14,WDF02,2026-05-27T14:00:00Z,2026-05-27,14,3,0.6667,161
FF-WDF02-2026-05-27T15,WDF02,2026-05-27T15:00:00Z,2026-05-27,15,3,0.6667,154
FF-WDF02-2026-05-27T16,WDF02,2026-05-27T16:00:00Z,2026-05-27,16,2,0.5,188
FF-WDF02-2026-05-27T17,WDF02,2026-05-27T17:00:00Z,2026-05-27,17,2,0.5,180
FF-WDF02-2026-05-27T18,WDF02,2026-05-27T18:00:00Z,2026-05-27,18,2,0.5,155
FF-WDF02-2026-05-27T19,WDF02,2026-05-27T19:00:00Z,2026-05-27,19,2,0.5,142
FF-WDF02-2026-05-28T13,WDF02,2026-05-28T13:00:00Z,2026-05-28,13,2,0.5,181
FF-WDF02-2026-05-28T14,WDF02,2026-05-28T14:00:00Z,2026-05-28,14,2,0.5,173
FF-WDF02-2026-05-28T15,WDF02,2026-05-28T15:00:00Z,2026-05-28,15,2,0.5,165
FF-WDF02-2026-05-28T17,WDF02,2026-05-28T17:00:00Z,2026-05-28,17,1,1.0,151
FF-WDF02-2026-05-28T18,WDF02,2026-05-28T18:00:00Z,2026-05-28,18,2,0.5,141
FF-WDF02-2026-05-28T19,WDF02,2026-05-28T19:00:00Z,2026-05-28,19,2,0.5,169
FF-WDF02-2026-05-29T13,WDF02,2026-05-29T13:00:00Z,2026-05-29,13,2,0.5,170
FF-WDF02-2026-05-29T16,WDF02,2026-05-29T16:00:00Z,2026-05-29,16,2,0.5,167
FF-WDF02-2026-05-29T17,WDF02,2026-05-29T17:00:00Z,2026-05-29,17,1,1.0,178
FF-WDF02-2026-05-29T18,WDF02,2026-05-29T18:00:00Z,2026-05-29,18,2,0.5,143
FF-WDF02-2026-06-01T12,WDF02,2026-06-01T12:00:00Z,2026-06-01,12,2,0.5,146
FF-WDF02-2026-06-01T13,WDF02,2026-06-01T13:00:00Z,2026-06-01,13,2,0.5,131
FF-WDF02-2026-06-01T14,WDF02,2026-06-01T14:00:00Z,2026-06-01,14,2,0.5,180
FF-WDF02-2026-06-01T15,WDF02,2026-06-01T15:00:00Z,2026-06-01,15,2,0.5,143
FF-WDF02-2026-06-01T16,WDF02,2026-06-01T16:00:00Z,2026-06-01,16,2,0.5,168
FF-WDF02-2026-06-01T17,WDF02,2026-06-01T17:00:00Z,2026-06-01,17,2,0.5,155
FF-WDF02-2026-06-01T18,WDF02,2026-06-01T18:00:00Z,2026-06-01,18,2,0.5,137
FF-WDF02-2026-06-02T10,WDF02,2026-06-02T10:00:00Z,2026-06-02,10,2,0.5,162
FF-WDF02-2026-06-02T12,WDF02,2026-06-02T12:00:00Z,2026-06-02,12,1,1.0,159
FF-WDF02-2026-06-02T13,WDF02,2026-06-02T13:00:00Z,2026-06-02,13,4,0.5,159
FF-WDF02-2026-06-02T16,WDF02,2026-06-02T16:00:00Z,2026-06-02,16,2,0.5,203
FF-WDF02-2026-06-02T18,WDF02,2026-06-02T18:00:00Z,2026-06-02,18,2,0.5,176
FF-WDF02-2026-06-03T10,WDF02,2026-06-03T10:00:00Z,2026-06-03,10,2,0.5,221
FF-WDF02-2026-06-03T12,WDF02,2026-06-03T12:00:00Z,2026-06-03,12,2,0.5,179
FF-WDF02-2026-06-03T13,WDF02,2026-06-03T13:00:00Z,2026-06-03,13,3,0.3333,167
FF-WDF02-2026-06-03T14,WDF02,2026-06-03T14:00:00Z,2026-06-03,14,1,1.0,179
FF-WDF02-2026-06-03T15,WDF02,2026-06-03T15:00:00Z,2026-06-03,15,2,0.5,154
FF-WDF02-2026-06-03T19,WDF02,2026-06-03T19:00:00Z,2026-06-03,19,2,0.5,160
FF-WDF02-2026-06-04T12,WDF02,2026-06-04T12:00:00Z,2026-06-04,12,2,0.5,178
FF-WDF02-2026-06-04T13,WDF02,2026-06-04T13:00:00Z,2026-06-04,13,2,0.5,164
FF-WDF02-2026-06-04T14,WDF02,2026-06-04T14:00:00Z,2026-06-04,14,2,0.5,152
FF-WDF02-2026-06-04T15,WDF02,2026-06-04T15:00:00Z,2026-06-04,15,2,0.5,157
FF-WDF02-2026-06-04T16,WDF02,2026-06-04T16:00:00Z,2026-06-04,16,2,0.5,167
FF-WDF02-2026-06-04T17,WDF02,2026-06-04T17:00:00Z,2026-06-04,17,2,0.5,150
FF-WDF02-2026-06-04T18,WDF02,2026-06-04T18:00:00Z,2026-06-04,18,2,0.5,155
FF-WDF02-2026-06-04T19,WDF02,2026-06-04T19:00:00Z,2026-06-04,19,2,0.5,122
FF-WDF02-2026-06-05T13,WDF02,2026-06-05T13:00:00Z,2026-06-05,13,2,0.5,167
FF-WDF02-2026-06-05T14,WDF02,2026-06-05T14:00:00Z,2026-06-05,14,2,0.5,182
FF-WDF02-2026-06-05T15,WDF02,2026-06-05T15:00:00Z,2026-06-05,15,1,1.0,148
FF-WDF02-2026-06-05T16,WDF02,2026-06-05T16:00:00Z,2026-06-05,16,2,0.5,217
FF-WDF02-2026-06-05T17,WDF02,2026-06-05T17:00:00Z,2026-06-05,17,2,0.5,185
FF-WDF02-2026-06-08T12,WDF02,2026-06-08T12:00:00Z,2026-06-08,12,2,0.5,188
FF-WDF02-2026-06-08T13,WDF02,2026-06-08T13:00:00Z,2026-06-08,13,2,0.5,188
FF-WDF02-2026-06-08T14,WDF02,2026-06-08T14:00:00Z,2026-06-08,14,2,0.5,166
FF-WDF02-2026-06-08T15,WDF02,2026-06-08T15:00:00Z,2026-06-08,15,2,0.5,169
FF-WDF02-2026-06-08T17,WDF02,2026-06-08T17:00:00Z,2026-06-08,17,1,1.0,183
FF-WDF02-2026-06-08T18,WDF02,2026-06-08T18:00:00Z,2026-06-08,18,2,0.5,189
FF-WDF02-2026-06-08T19,WDF02,2026-06-08T19:00:00Z,2026-06-08,19,2,0.5,161
FF-WDF02-2026-06-09T12,WDF02,2026-06-09T12:00:00Z,2026-06-09,12,2,0.5,150
FF-WDF02-2026-06-09T13,WDF02,2026-06-09T13:00:00Z,2026-06-09,13,3,0.6667,171
FF-WDF02-2026-06-09T14,WDF02,2026-06-09T14:00:00Z,2026-06-09,14,1,1.0,181
FF-WDF02-2026-06-09T15,WDF02,2026-06-09T15:00:00Z,2026-06-09,15,2,0.5,171
FF-WDF02-2026-06-09T17,WDF02,2026-06-09T17:00:00Z,2026-06-09,17,2,0.5,181
FF-WDF02-2026-06-09T19,WDF02,2026-06-09T19:00:00Z,2026-06-09,19,1,1.0,165
FF-WDF02-2026-06-10T10,WDF02,2026-06-10T10:00:00Z,2026-06-10,10,2,0.5,163
FF-WDF02-2026-06-10T12,WDF02,2026-06-10T12:00:00Z,2026-06-10,12,2,0.5,172
FF-WDF02-2026-06-10T13,WDF02,2026-06-10T13:00:00Z,2026-06-10,13,2,0.5,193
FF-WDF02-2026-06-10T14,WDF02,2026-06-10T14:00:00Z,2026-06-10,14,2,0.5,171
FF-WDF02-2026-06-10T15,WDF02,2026-06-10T15:00:00Z,2026-06-10,15,2,0.5,161
FF-WDF02-2026-06-10T16,WDF02,2026-06-10T16:00:00Z,2026-06-10,16,3,0.3333,187
FF-WDF02-2026-06-10T17,WDF02,2026-06-10T17:00:00Z,2026-06-10,17,3,0.3333,176
FF-WDF02-2026-06-10T18,WDF02,2026-06-10T18:00:00Z,2026-06-10,18,2,0.5,156
FF-WDF02-2026-06-10T19,WDF02,2026-06-10T19:00:00Z,2026-06-10,19,2,0.5,175
FF-WDF02-2026-06-11T12,WDF02,2026-06-11T12:00:00Z,2026-06-11,12,2,0.5,154
FF-WDF02-2026-06-11T13,WDF02,2026-06-11T13:00:00Z,2026-06-11,13,2,0.5,161
FF-WDF02-2026-06-11T14,WDF02,2026-06-11T14:00:00Z,2026-06-11,14,2,0.5,136
FF-WDF02-2026-06-11T15,WDF02,2026-06-11T15:00:00Z,2026-06-11,15,2,0.5,146
FF-WDF02-2026-06-11T16,WDF02,2026-06-11T16:00:00Z,2026-06-11,16,2,0.5,174
FF-WDF02-2026-06-11T18,WDF02,2026-06-11T18:00:00Z,2026-06-11,18,2,0.5,183
FF-WDF02-2026-06-12T13,WDF02,2026-06-12T13:00:00Z,2026-06-12,13,2,0.5,147
FF-WDF02-2026-06-12T14,WDF02,2026-06-12T14:00:00Z,2026-06-12,14,2,0.5,154
FF-WDF02-2026-06-12T15,WDF02,2026-06-12T15:00:00Z,2026-06-12,15,2,0.5,183
FF-WDF02-2026-06-12T16,WDF02,2026-06-12T16:00:00Z,2026-06-12,16,2,0.5,194
FF-WDF02-2026-06-15T09,WDF02,2026-06-15T09:00:00Z,2026-06-15,9,2,0.5,165
FF-WDF02-2026-06-15T11,WDF02,2026-06-15T11:00:00Z,2026-06-15,11,2,0.5,148
FF-WDF02-2026-06-15T12,WDF02,2026-06-15T12:00:00Z,2026-06-15,12,2,0.5,143
FF-WDF02-2026-06-15T14,WDF02,2026-06-15T14:00:00Z,2026-06-15,14,2,0.5,132
FF-WDF02-2026-06-15T15,WDF02,2026-06-15T15:00:00Z,2026-06-15,15,2,0.5,149
FF-WDF02-2026-06-15T16,WDF02,2026-06-15T16:00:00Z,2026-06-15,16,2,0.5,168
FF-WDF02-2026-06-15T17,WDF02,2026-06-15T17:00:00Z,2026-06-15,17,2,0.5,146
FF-WDF02-2026-06-15T18,WDF02,2026-06-15T18:00:00Z,2026-06-15,18,2,0.5,154
FF-WDF02-2026-06-16T11,WDF02,2026-06-16T11:00:00Z,2026-06-16,11,3,0.3333,170
FF-WDF02-2026-06-16T13,WDF02,2026-06-16T13:00:00Z,2026-06-16,13,2,0.5,195
FF-WDF02-2026-06-16T14,WDF02,2026-06-16T14:00:00Z,2026-06-16,14,2,0.5,157
FF-WDF02-2026-06-16T15,WDF02,2026-06-16T15:00:00Z,2026-06-16,15,2,0.5,178
FF-WDF02-2026-06-16T16,WDF02,2026-06-16T16:00:00Z,2026-06-16,16,2,0.5,179
FF-WDF02-2026-06-16T17,WDF02,2026-06-16T17:00:00Z,2026-06-16,17,2,0.5,156
FF-WDF02-2026-06-16T18,WDF02,2026-06-16T18:00:00Z,2026-06-16,18,1,1.0,177
FF-WDF02-2026-06-17T13,WDF02,2026-06-17T13:00:00Z,2026-06-17,13,2,0.5,164
FF-WDF02-2026-06-17T14,WDF02,2026-06-17T14:00:00Z,2026-06-17,14,2,0.5,167
FF-WDF02-2026-06-17T15,WDF02,2026-06-17T15:00:00Z,2026-06-17,15,2,0.5,166
FF-WDF02-2026-06-17T16,WDF02,2026-06-17T16:00:00Z,2026-06-17,16,2,0.5,149
FF-WDF02-2026-06-17T17,WDF02,2026-06-17T17:00:00Z,2026-06-17,17,2,0.5,158
FF-WDF02-2026-06-17T18,WDF02,2026-06-17T18:00:00Z,2026-06-17,18,3,0.3333,152
FF-WDF02-2026-06-18T12,WDF02,2026-06-18T12:00:00Z,2026-06-18,12,1,1.0,134
FF-WDF02-2026-06-18T13,WDF02,2026-06-18T13:00:00Z,2026-06-18,13,2,0.5,193
FF-WDF02-2026-06-18T14,WDF02,2026-06-18T14:00:00Z,2026-06-18,14,2,0.5,142
FF-WDF02-2026-06-18T15,WDF02,2026-06-18T15:00:00Z,2026-06-18,15,2,0.5,182
FF-WDF02-2026-06-18T16,WDF02,2026-06-18T16:00:00Z,2026-06-18,16,2,0.5,172
FF-WDF02-2026-06-18T18,WDF02,2026-06-18T18:00:00Z,2026-06-18,18,3,0.3333,193
FF-WDF02-2026-06-18T19,WDF02,2026-06-18T19:00:00Z,2026-06-18,19,2,0.5,181
FF-WDF02-2026-06-19T14,WDF02,2026-06-19T14:00:00Z,2026-06-19,14,2,0.5,199
FF-WDF02-2026-06-19T15,WDF02,2026-06-19T15:00:00Z,2026-06-19,15,2,0.5,157
FF-WDF02-2026-06-19T16,WDF02,2026-06-19T16:00:00Z,2026-06-19,16,2,0.5,171
FF-WDF02-2026-06-19T18,WDF02,2026-06-19T18:00:00Z,2026-06-19,18,2,0.5,136
FF-WDF02-2026-06-22T12,WDF02,2026-06-22T12:00:00Z,2026-06-22,12,2,0.5,173
FF-WDF02-2026-06-22T13,WDF02,2026-06-22T13:00:00Z,2026-06-22,13,2,0.5,188
FF-WDF02-2026-06-22T14,WDF02,2026-06-22T14:00:00Z,2026-06-22,14,3,0.3333,161
FF-WDF02-2026-06-22T15,WDF02,2026-06-22T15:00:00Z,2026-06-22,15,2,0.5,186
FF-WDF02-2026-06-22T16,WDF02,2026-06-22T16:00:00Z,2026-06-22,16,2,0.5,172
FF-WDF02-2026-06-22T18,WDF02,2026-06-22T18:00:00Z,2026-06-22,18,2,0.5,181
FF-WDF02-2026-06-23T09,WDF02,2026-06-23T09:00:00Z,2026-06-23,9,2,0.5,161
FF-WDF02-2026-06-23T13,WDF02,2026-06-23T13:00:00Z,2026-06-23,13,2,0.5,161
FF-WDF02-2026-06-23T14,WDF02,2026-06-23T14:00:00Z,2026-06-23,14,2,0.5,188
FF-WDF02-2026-06-23T15,WDF02,2026-06-23T15:00:00Z,2026-06-23,15,2,0.5,174
FF-WDF02-2026-06-23T16,WDF02,2026-06-23T16:00:00Z,2026-06-23,16,2,0.5,161
FF-WDF02-2026-06-23T17,WDF02,2026-06-23T17:00:00Z,2026-06-23,17,2,0.5,180
FF-WDF02-2026-06-23T18,WDF02,2026-06-23T18:00:00Z,2026-06-23,18,2,0.5,160
FF-WDF02-2026-06-24T12,WDF02,2026-06-24T12:00:00Z,2026-06-24,12,1,1.0,195
FF-WDF02-2026-06-24T13,WDF02,2026-06-24T13:00:00Z,2026-06-24,13,2,0.5,187
FF-WDF02-2026-06-24T14,WDF02,2026-06-24T14:00:00Z,2026-06-24,14,2,0.5,155
FF-WDF02-2026-06-24T15,WDF02,2026-06-24T15:00:00Z,2026-06-24,15,2,0.5,131
FF-WDF02-2026-06-24T16,WDF02,2026-06-24T16:00:00Z,2026-06-24,16,2,0.5,164
FF-WDF02-2026-06-24T18,WDF02,2026-06-24T18:00:00Z,2026-06-24,18,2,0.5,162
FF-WDF02-2026-06-24T19,WDF02,2026-06-24T19:00:00Z,2026-06-24,19,2,0.5,172
FF-WDF02-2026-06-25T09,WDF02,2026-06-25T09:00:00Z,2026-06-25,9,2,0.5,120
FF-WDF02-2026-06-25T13,WDF02,2026-06-25T13:00:00Z,2026-06-25,13,2,0.5,141
FF-WDF02-2026-06-25T15,WDF02,2026-06-25T15:00:00Z,2026-06-25,15,2,0.5,139
FF-WDF02-2026-06-25T16,WDF02,2026-06-25T16:00:00Z,2026-06-25,16,2,0.5,148
FF-WDF02-2026-06-25T17,WDF02,2026-06-25T17:00:00Z,2026-06-25,17,1,1.0,166
FF-WDF02-2026-06-25T18,WDF02,2026-06-25T18:00:00Z,2026-06-25,18,3,0.3333,138
FF-WDF02-2026-06-25T19,WDF02,2026-06-25T19:00:00Z,2026-06-25,19,2,0.5,186
FF-WDF02-2026-06-26T13,WDF02,2026-06-26T13:00:00Z,2026-06-26,13,2,0.5,157
FF-WDF02-2026-06-26T15,WDF02,2026-06-26T15:00:00Z,2026-06-26,15,2,0.5,200
FF-WDF02-2026-06-26T17,WDF02,2026-06-26T17:00:00Z,2026-06-26,17,2,0.5,172
FF-WDF02-2026-06-26T18,WDF02,2026-06-26T18:00:00Z,2026-06-26,18,2,0.5,173
FF-WDF02-2026-06-29T09,WDF02,2026-06-29T09:00:00Z,2026-06-29,9,2,0.5,166
FF-WDF02-2026-06-29T13,WDF02,2026-06-29T13:00:00Z,2026-06-29,13,2,0.5,165
FF-WDF02-2026-06-29T14,WDF02,2026-06-29T14:00:00Z,2026-06-29,14,4,0.5,151
FF-WDF02-2026-06-29T15,WDF02,2026-06-29T15:00:00Z,2026-06-29,15,2,0.5,191
FF-WDF02-2026-06-29T16,WDF02,2026-06-29T16:00:00Z,2026-06-29,16,2,0.5,144
FF-WDF02-2026-06-29T17,WDF02,2026-06-29T17:00:00Z,2026-06-29,17,3,0.3333,203
FF-WDF02-2026-06-29T18,WDF02,2026-06-29T18:00:00Z,2026-06-29,18,2,0.5,210
FF-WDF02-2026-06-29T19,WDF02,2026-06-29T19:00:00Z,2026-06-29,19,2,0.5,190
FF-WDF02-2026-06-30T12,WDF02,2026-06-30T12:00:00Z,2026-06-30,12,2,0.5,168
FF-WDF02-2026-06-30T13,WDF02,2026-06-30T13:00:00Z,2026-06-30,13,2,0.5,163
FF-WDF02-2026-06-30T14,WDF02,2026-06-30T14:00:00Z,2026-06-30,14,2,0.5,174
FF-WDF02-2026-06-30T15,WDF02,2026-06-30T15:00:00Z,2026-06-30,15,3,0.3333,148
FF-WDF02-2026-06-30T16,WDF02,2026-06-30T16:00:00Z,2026-06-30,16,2,0.5,146
FF-WDF02-2026-06-30T17,WDF02,2026-06-30T17:00:00Z,2026-06-30,17,2,0.5,176
FF-WDF02-2026-06-30T19,WDF02,2026-06-30T19:00:00Z,2026-06-30,19,2,0.5,206
FF-WDF02-2026-07-01T09,WDF02,2026-07-01T09:00:00Z,2026-07-01,9,2,0.5,159
FF-WDF02-2026-07-01T12,WDF02,2026-07-01T12:00:00Z,2026-07-01,12,2,0.5,166
FF-WDF02-2026-07-01T13,WDF02,2026-07-01T13:00:00Z,2026-07-01,13,2,0.5,180
FF-WDF02-2026-07-01T14,WDF02,2026-07-01T14:00:00Z,2026-07-01,14,2,0.5,135
FF-WDF02-2026-07-01T15,WDF02,2026-07-01T15:00:00Z,2026-07-01,15,2,0.5,141
FF-WDF02-2026-07-01T17,WDF02,2026-07-01T17:00:00Z,2026-07-01,17,2,0.5,199
FF-WDF02-2026-07-01T18,WDF02,2026-07-01T18:00:00Z,2026-07-01,18,2,0.5,200
FF-WDF02-2026-07-01T19,WDF02,2026-07-01T19:00:00Z,2026-07-01,19,2,0.5,176
FF-WDF02-2026-07-02T11,WDF02,2026-07-02T11:00:00Z,2026-07-02,11,2,0.5,156
FF-WDF02-2026-07-02T12,WDF02,2026-07-02T12:00:00Z,2026-07-02,12,2,0.5,157
FF-WDF02-2026-07-02T13,WDF02,2026-07-02T13:00:00Z,2026-07-02,13,2,0.5,206
FF-WDF02-2026-07-02T14,WDF02,2026-07-02T14:00:00Z,2026-07-02,14,2,0.5,166
FF-WDF02-2026-07-02T15,WDF02,2026-07-02T15:00:00Z,2026-07-02,15,2,0.5,185
FF-WDF02-2026-07-02T16,WDF02,2026-07-02T16:00:00Z,2026-07-02,16,2,0.5,188
FF-WDF02-2026-07-02T17,WDF02,2026-07-02T17:00:00Z,2026-07-02,17,1,1.0,102
FF-WDF02-2026-07-02T18,WDF02,2026-07-02T18:00:00Z,2026-07-02,18,2,0.5,170
FF-WDF02-2026-07-02T19,WDF02,2026-07-02T19:00:00Z,2026-07-02,19,1,1.0,114
FF-WDF02-2026-07-03T13,WDF02,2026-07-03T13:00:00Z,2026-07-03,13,2,0.5,170
FF-WDF02-2026-07-03T14,WDF02,2026-07-03T14:00:00Z,2026-07-03,14,1,1.0,168
FF-WDF02-2026-07-03T15,WDF02,2026-07-03T15:00:00Z,2026-07-03,15,2,0.5,166
FF-WDF02-2026-07-03T16,WDF02,2026-07-03T16:00:00Z,2026-07-03,16,2,0.5,171
