ID,store_ID,article_ID,readingAt,sensorType,value,unit,isAnomaly
SN-WDF01-AR90004-2026-06-27-9-V,WDF01,AR90004,2026-06-27T09:00:00Z,VISION_STOCKOUT,0.285,ratio,False
SN-WDF01-AR90004-2026-06-27-13-V,WDF01,AR90004,2026-06-27T13:00:00Z,VISION_STOCKOUT,0.484,ratio,False
SN-WDF01-AR90004-2026-06-27-17-V,WDF01,AR90004,2026-06-27T17:00:00Z,VISION_STOCKOUT,0.677,ratio,False
SN-WDF01-AR90003-2026-06-27-9-V,WDF01,AR90003,2026-06-27T09:00:00Z,VISION_STOCKOUT,0.564,ratio,False
SN-WDF01-AR90003-2026-06-27-13-V,WDF01,AR90003,2026-06-27T13:00:00Z,VISION_STOCKOUT,0.411,ratio,False
SN-WDF01-AR90003-2026-06-27-17-V,WDF01,AR90003,2026-06-27T17:00:00Z,VISION_STOCKOUT,0.559,ratio,False
SN-WDF01-AR90013-2026-06-27-9-V,WDF01,AR90013,2026-06-27T09:00:00Z,VISION_STOCKOUT,0.512,ratio,False
SN-WDF01-AR90013-2026-06-27-13-V,WDF01,AR90013,2026-06-27T13:00:00Z,VISION_STOCKOUT,0.715,ratio,False
SN-WDF01-AR90013-2026-06-27-17-V,WDF01,AR90013,2026-06-27T17:00:00Z,VISION_STOCKOUT,0.365,ratio,False
SN-WDF01-AR90002-2026-06-27-9-V,WDF01,AR90002,2026-06-27T09:00:00Z,VISION_STOCKOUT,0.366,ratio,False
SN-WDF01-AR90002-2026-06-27-13-V,WDF01,AR90002,2026-06-27T13:00:00Z,VISION_STOCKOUT,0.766,ratio,False
SN-WDF01-AR90002-2026-06-27-17-V,WDF01,AR90002,2026-06-27T17:00:00Z,VISION_STOCKOUT,0.389,ratio,False
SN-WDF01-AR90039-2026-06-27-9-V,WDF01,AR90039,2026-06-27T09:00:00Z,VISION_STOCKOUT,0.485,ratio,False
SN-WDF01-AR90039-2026-06-27-13-V,WDF01,AR90039,2026-06-27T13:00:00Z,VISION_STOCKOUT,0.8,ratio,False
SN-WDF01-AR90039-2026-06-27-17-V,WDF01,AR90039,2026-06-27T17:00:00Z,VISION_STOCKOUT,0.663,ratio,False
SN-WDF01-AR90018-2026-06-27-9-V,WDF01,AR90018,2026-06-27T09:00:00Z,VISION_STOCKOUT,0.688,ratio,False
SN-WDF01-AR90018-2026-06-27-13-V,WDF01,AR90018,2026-06-27T13:00:00Z,VISION_STOCKOUT,0.474,ratio,False
SN-WDF01-AR90018-2026-06-27-17-V,WDF01,AR90018,2026-06-27T17:00:00Z,VISION_STOCKOUT,0.686,ratio,False
SN-WDF01-AR00395-2026-06-27-9-V,WDF01,AR00395,2026-06-27T09:00:00Z,VISION_STOCKOUT,0.643,ratio,False
SN-WDF01-AR00395-2026-06-27-13-V,WDF01,AR00395,2026-06-27T13:00:00Z,VISION_STOCKOUT,0.228,ratio,False
SN-WDF01-AR00395-2026-06-27-17-V,WDF01,AR00395,2026-06-27T17:00:00Z,VISION_STOCKOUT,0.632,ratio,False
SN-WDF01-AR00394-2026-06-27-9-V,WDF01,AR00394,2026-06-27T09:00:00Z,VISION_STOCKOUT,0.982,ratio,False
SN-WDF01-AR00394-2026-06-27-13-V,WDF01,AR00394,2026-06-27T13:00:00Z,VISION_STOCKOUT,0.744,ratio,False
SN-WDF01-AR00394-2026-06-27-17-V,WDF01,AR00394,2026-06-27T17:00:00Z,VISION_STOCKOUT,0.096,ratio,True
SN-WDF01-AR00136-2026-06-27-9-V,WDF01,AR00136,2026-06-27T09:00:00Z,VISION_STOCKOUT,0.789,ratio,False
SN-WDF01-AR00136-2026-06-27-13-V,WDF01,AR00136,2026-06-27T13:00:00Z,VISION_STOCKOUT,0.659,ratio,False
SN-WDF01-AR00136-2026-06-27-17-V,WDF01,AR00136,2026-06-27T17:00:00Z,VISION_STOCKOUT,0.439,ratio,False
SN-WDF01-AR90034-2026-06-27-9-V,WDF01,AR90034,2026-06-27T09:00:00Z,VISION_STOCKOUT,0.93,ratio,False
SN-WDF01-AR90034-2026-06-27-13-V,WDF01,AR90034,2026-06-27T13:00:00Z,VISION_STOCKOUT,0.996,ratio,False
SN-WDF01-AR90034-2026-06-27-17-V,WDF01,AR90034,2026-06-27T17:00:00Z,VISION_STOCKOUT,0.566,ratio,False
SN-WDF01-AR90015-2026-06-27-9-V,WDF01,AR90015,2026-06-27T09:00:00Z,VISION_STOCKOUT,0.953,ratio,False
SN-WDF01-AR90015-2026-06-27-13-V,WDF01,AR90015,2026-06-27T13:00:00Z,VISION_STOCKOUT,0.663,ratio,False
SN-WDF01-AR90015-2026-06-27-17-V,WDF01,AR90015,2026-06-27T17:00:00Z,VISION_STOCKOUT,0.577,ratio,False
SN-WDF01-AR00188-2026-06-27-9-V,WDF01,AR00188,2026-06-27T09:00:00Z,VISION_STOCKOUT,0.238,ratio,False
SN-WDF01-AR00188-2026-06-27-13-V,WDF01,AR00188,2026-06-27T13:00:00Z,VISION_STOCKOUT,1.0,ratio,False
SN-WDF01-AR00188-2026-06-27-17-V,WDF01,AR00188,2026-06-27T17:00:00Z,VISION_STOCKOUT,0.275,ratio,False
SN-WDF01-AR00080-2026-06-27-9-V,WDF01,AR00080,2026-06-27T09:00:00Z,VISION_STOCKOUT,0.528,ratio,False
SN-WDF01-AR00080-2026-06-27-13-V,WDF01,AR00080,2026-06-27T13:00:00Z,VISION_STOCKOUT,0.53,ratio,False
SN-WDF01-AR00080-2026-06-27-17-V,WDF01,AR00080,2026-06-27T17:00:00Z,VISION_STOCKOUT,1.0,ratio,False
SN-WDF01-AR90014-2026-06-27-9-V,WDF01,AR90014,2026-06-27T09:00:00Z,VISION_STOCKOUT,0.856,ratio,False
SN-WDF01-AR90014-2026-06-27-13-V,WDF01,AR90014,2026-06-27T13:00:00Z,VISION_STOCKOUT,0.168,ratio,False
SN-WDF01-AR90014-2026-06-27-17-V,WDF01,AR90014,2026-06-27T17:00:00Z,VISION_STOCKOUT,0.417,ratio,False
SN-WDF01-AR90012-2026-06-27-9-V,WDF01,AR90012,2026-06-27T09:00:00Z,VISION_STOCKOUT,0.79,ratio,False
SN-WDF01-AR90012-2026-06-27-13-V,WDF01,AR90012,2026-06-27T13:00:00Z,VISION_STOCKOUT,0.457,ratio,False
SN-WDF01-AR90012-2026-06-27-17-V,WDF01,AR90012,2026-06-27T17:00:00Z,VISION_STOCKOUT,1.0,ratio,False
SN-WDF01-AR00245-2026-06-27-9-V,WDF01,AR00245,2026-06-27T09:00:00Z,VISION_STOCKOUT,0.725,ratio,False
SN-WDF01-AR00245-2026-06-27-13-V,WDF01,AR00245,2026-06-27T13:00:00Z,VISION_STOCKOUT,0.454,ratio,False
SN-WDF01-AR00245-2026-06-27-17-V,WDF01,AR00245,2026-06-27T17:00:00Z,VISION_STOCKOUT,0.288,ratio,False
SN-WDF01-AR00010-2026-06-27-9-V,WDF01,AR00010,2026-06-27T09:00:00Z,VISION_STOCKOUT,0.696,ratio,False
SN-WDF01-AR00010-2026-06-27-13-V,WDF01,AR00010,2026-06-27T13:00:00Z,VISION_STOCKOUT,0.589,ratio,False
SN-WDF01-AR00010-2026-06-27-17-V,WDF01,AR00010,2026-06-27T17:00:00Z,VISION_STOCKOUT,0.977,ratio,False
SN-WDF01-AR00009-2026-06-27-9-V,WDF01,AR00009,2026-06-27T09:00:00Z,VISION_STOCKOUT,0.824,ratio,False
SN-WDF01-AR00009-2026-06-27-13-V,WDF01,AR00009,2026-06-27T13:00:00Z,VISION_STOCKOUT,0.438,ratio,False
SN-WDF01-AR00009-2026-06-27-17-V,WDF01,AR00009,2026-06-27T17:00:00Z,VISION_STOCKOUT,0.809,ratio,False
SN-WDF01-AR90036-2026-06-27-9-V,WDF01,AR90036,2026-06-27T09:00:00Z,VISION_STOCKOUT,1.0,ratio,False
SN-WDF01-AR90036-2026-06-27-13-V,WDF01,AR90036,2026-06-27T13:00:00Z,VISION_STOCKOUT,0.429,ratio,False
SN-WDF01-AR90036-2026-06-27-17-V,WDF01,AR90036,2026-06-27T17:00:00Z,VISION_STOCKOUT,0.604,ratio,False
SN-WDF01-AR00241-2026-06-27-9-V,WDF01,AR00241,2026-06-27T09:00:00Z,VISION_STOCKOUT,0.462,ratio,False
SN-WDF01-AR00241-2026-06-27-13-V,WDF01,AR00241,2026-06-27T13:00:00Z,VISION_STOCKOUT,0.59,ratio,False
SN-WDF01-AR00241-2026-06-27-17-V,WDF01,AR00241,2026-06-27T17:00:00Z,VISION_STOCKOUT,0.876,ratio,False
SN-WDF01-AR90019-2026-06-27-9-V,WDF01,AR90019,2026-06-27T09:00:00Z,VISION_STOCKOUT,0.729,ratio,False
SN-WDF01-AR90019-2026-06-27-13-V,WDF01,AR90019,2026-06-27T13:00:00Z,VISION_STOCKOUT,0.455,ratio,False
SN-WDF01-AR90019-2026-06-27-17-V,WDF01,AR90019,2026-06-27T17:00:00Z,VISION_STOCKOUT,0.753,ratio,False
SN-WDF01-AR00289-2026-06-27-9-V,WDF01,AR00289,2026-06-27T09:00:00Z,VISION_STOCKOUT,0.411,ratio,False
SN-WDF01-AR00289-2026-06-27-13-V,WDF01,AR00289,2026-06-27T13:00:00Z,VISION_STOCKOUT,0.516,ratio,False
SN-WDF01-AR00289-2026-06-27-17-V,WDF01,AR00289,2026-06-27T17:00:00Z,VISION_STOCKOUT,0.653,ratio,False
SN-WDF01-AR00240-2026-06-27-9-V,WDF01,AR00240,2026-06-27T09:00:00Z,VISION_STOCKOUT,0.699,ratio,False
SN-WDF01-AR00240-2026-06-27-13-V,WDF01,AR00240,2026-06-27T13:00:00Z,VISION_STOCKOUT,1.0,ratio,False
SN-WDF01-AR00240-2026-06-27-17-V,WDF01,AR00240,2026-06-27T17:00:00Z,VISION_STOCKOUT,0.308,ratio,False
SN-WDF01-AR00011-2026-06-27-9-V,WDF01,AR00011,2026-06-27T09:00:00Z,VISION_STOCKOUT,0.745,ratio,False
SN-WDF01-AR00011-2026-06-27-13-V,WDF01,AR00011,2026-06-27T13:00:00Z,VISION_STOCKOUT,0.935,ratio,False
SN-WDF01-AR00011-2026-06-27-17-V,WDF01,AR00011,2026-06-27T17:00:00Z,VISION_STOCKOUT,0.185,ratio,False
SN-WDF01-AR00084-2026-06-27-9-V,WDF01,AR00084,2026-06-27T09:00:00Z,VISION_STOCKOUT,0.852,ratio,False
SN-WDF01-AR00084-2026-06-27-13-V,WDF01,AR00084,2026-06-27T13:00:00Z,VISION_STOCKOUT,0.615,ratio,False
SN-WDF01-AR00084-2026-06-27-17-V,WDF01,AR00084,2026-06-27T17:00:00Z,VISION_STOCKOUT,0.291,ratio,False
SN-WDF01-AR90004-2026-06-27-ESL,WDF01,AR90004,2026-06-27T06:00:00Z,ESL,0.25,EUR,False
SN-WDF01-AR90003-2026-06-27-ESL,WDF01,AR90003,2026-06-27T06:00:00Z,ESL,0.15,EUR,False
SN-WDF01-AR90013-2026-06-27-ESL,WDF01,AR90013,2026-06-27T06:00:00Z,ESL,1.7,EUR,False
SN-WDF01-AR90002-2026-06-27-ESL,WDF01,AR90002,2026-06-27T06:00:00Z,ESL,0.08,EUR,False
SN-WDF01-AR90039-2026-06-27-ESL,WDF01,AR90039,2026-06-27T06:00:00Z,ESL,1.5,EUR,False
SN-WDF01-AR90018-2026-06-27-ESL,WDF01,AR90018,2026-06-27T06:00:00Z,ESL,1.95,EUR,False
SN-WDF01-AR00395-2026-06-27-ESL,WDF01,AR00395,2026-06-27T06:00:00Z,ESL,2.5,EUR,False
SN-WDF01-AR00394-2026-06-27-ESL,WDF01,AR00394,2026-06-27T06:00:00Z,ESL,2.9,EUR,False
SN-WDF01-2026-06-27-T0,WDF01,AR00165,2026-06-27T12:00:00Z,TEMPERATURE,5.72,C,False
SN-WDF01-2026-06-27-T1,WDF01,AR90054,2026-06-27T12:00:00Z,TEMPERATURE,6.33,C,False
SN-WDF01-2026-06-27-T2,WDF01,AR00171,2026-06-27T12:00:00Z,TEMPERATURE,5.72,C,False
SN-WDF01-2026-06-27-T3,WDF01,AR00294,2026-06-27T12:00:00Z,TEMPERATURE,4.38,C,False
SN-WDF01-2026-06-27-T4,WDF01,AR90019,2026-06-27T12:00:00Z,TEMPERATURE,6.16,C,False
SN-WDF01-2026-06-27-T5,WDF01,AR00164,2026-06-27T12:00:00Z,TEMPERATURE,5.7,C,False
SN-WDF01-AR90004-2026-06-28-9-V,WDF01,AR90004,2026-06-28T09:00:00Z,VISION_STOCKOUT,0.411,ratio,False
SN-WDF01-AR90004-2026-06-28-13-V,WDF01,AR90004,2026-06-28T13:00:00Z,VISION_STOCKOUT,0.663,ratio,False
SN-WDF01-AR90004-2026-06-28-17-V,WDF01,AR90004,2026-06-28T17:00:00Z,VISION_STOCKOUT,0.851,ratio,False
SN-WDF01-AR90003-2026-06-28-9-V,WDF01,AR90003,2026-06-28T09:00:00Z,VISION_STOCKOUT,0.404,ratio,False
SN-WDF01-AR90003-2026-06-28-13-V,WDF01,AR90003,2026-06-28T13:00:00Z,VISION_STOCKOUT,0.375,ratio,False
SN-WDF01-AR90003-2026-06-28-17-V,WDF01,AR90003,2026-06-28T17:00:00Z,VISION_STOCKOUT,0.56,ratio,False
SN-WDF01-AR90013-2026-06-28-9-V,WDF01,AR90013,2026-06-28T09:00:00Z,VISION_STOCKOUT,0.032,ratio,True
SN-WDF01-AR90013-2026-06-28-13-V,WDF01,AR90013,2026-06-28T13:00:00Z,VISION_STOCKOUT,0.75,ratio,False
SN-WDF01-AR90013-2026-06-28-17-V,WDF01,AR90013,2026-06-28T17:00:00Z,VISION_STOCKOUT,0.501,ratio,False
SN-WDF01-AR90002-2026-06-28-9-V,WDF01,AR90002,2026-06-28T09:00:00Z,VISION_STOCKOUT,0.658,ratio,False
SN-WDF01-AR90002-2026-06-28-13-V,WDF01,AR90002,2026-06-28T13:00:00Z,VISION_STOCKOUT,0.364,ratio,False
SN-WDF01-AR90002-2026-06-28-17-V,WDF01,AR90002,2026-06-28T17:00:00Z,VISION_STOCKOUT,0.151,ratio,False
SN-WDF01-AR90039-2026-06-28-9-V,WDF01,AR90039,2026-06-28T09:00:00Z,VISION_STOCKOUT,0.644,ratio,False
SN-WDF01-AR90039-2026-06-28-13-V,WDF01,AR90039,2026-06-28T13:00:00Z,VISION_STOCKOUT,0.172,ratio,False
SN-WDF01-AR90039-2026-06-28-17-V,WDF01,AR90039,2026-06-28T17:00:00Z,VISION_STOCKOUT,0.648,ratio,False
SN-WDF01-AR90018-2026-06-28-9-V,WDF01,AR90018,2026-06-28T09:00:00Z,VISION_STOCKOUT,0.52,ratio,False
SN-WDF01-AR90018-2026-06-28-13-V,WDF01,AR90018,2026-06-28T13:00:00Z,VISION_STOCKOUT,0.694,ratio,False
SN-WDF01-AR90018-2026-06-28-17-V,WDF01,AR90018,2026-06-28T17:00:00Z,VISION_STOCKOUT,0.468,ratio,False
SN-WDF01-AR00395-2026-06-28-9-V,WDF01,AR00395,2026-06-28T09:00:00Z,VISION_STOCKOUT,0.689,ratio,False
SN-WDF01-AR00395-2026-06-28-13-V,WDF01,AR00395,2026-06-28T13:00:00Z,VISION_STOCKOUT,0.51,ratio,False
SN-WDF01-AR00395-2026-06-28-17-V,WDF01,AR00395,2026-06-28T17:00:00Z,VISION_STOCKOUT,1.0,ratio,False
SN-WDF01-AR00394-2026-06-28-9-V,WDF01,AR00394,2026-06-28T09:00:00Z,VISION_STOCKOUT,0.544,ratio,False
SN-WDF01-AR00394-2026-06-28-13-V,WDF01,AR00394,2026-06-28T13:00:00Z,VISION_STOCKOUT,0.373,ratio,False
SN-WDF01-AR00394-2026-06-28-17-V,WDF01,AR00394,2026-06-28T17:00:00Z,VISION_STOCKOUT,0.608,ratio,False
SN-WDF01-AR00136-2026-06-28-9-V,WDF01,AR00136,2026-06-28T09:00:00Z,VISION_STOCKOUT,0.364,ratio,False
SN-WDF01-AR00136-2026-06-28-13-V,WDF01,AR00136,2026-06-28T13:00:00Z,VISION_STOCKOUT,0.256,ratio,False
SN-WDF01-AR00136-2026-06-28-17-V,WDF01,AR00136,2026-06-28T17:00:00Z,VISION_STOCKOUT,0.608,ratio,False
SN-WDF01-AR90034-2026-06-28-9-V,WDF01,AR90034,2026-06-28T09:00:00Z,VISION_STOCKOUT,0.705,ratio,False
SN-WDF01-AR90034-2026-06-28-13-V,WDF01,AR90034,2026-06-28T13:00:00Z,VISION_STOCKOUT,0.593,ratio,False
SN-WDF01-AR90034-2026-06-28-17-V,WDF01,AR90034,2026-06-28T17:00:00Z,VISION_STOCKOUT,0.614,ratio,False
SN-WDF01-AR90015-2026-06-28-9-V,WDF01,AR90015,2026-06-28T09:00:00Z,VISION_STOCKOUT,0.62,ratio,False
SN-WDF01-AR90015-2026-06-28-13-V,WDF01,AR90015,2026-06-28T13:00:00Z,VISION_STOCKOUT,0.884,ratio,False
SN-WDF01-AR90015-2026-06-28-17-V,WDF01,AR90015,2026-06-28T17:00:00Z,VISION_STOCKOUT,0.685,ratio,False
SN-WDF01-AR00188-2026-06-28-9-V,WDF01,AR00188,2026-06-28T09:00:00Z,VISION_STOCKOUT,0.587,ratio,False
SN-WDF01-AR00188-2026-06-28-13-V,WDF01,AR00188,2026-06-28T13:00:00Z,VISION_STOCKOUT,0.334,ratio,False
SN-WDF01-AR00188-2026-06-28-17-V,WDF01,AR00188,2026-06-28T17:00:00Z,VISION_STOCKOUT,0.778,ratio,False
SN-WDF01-AR00080-2026-06-28-9-V,WDF01,AR00080,2026-06-28T09:00:00Z,VISION_STOCKOUT,0.562,ratio,False
SN-WDF01-AR00080-2026-06-28-13-V,WDF01,AR00080,2026-06-28T13:00:00Z,VISION_STOCKOUT,0.76,ratio,False
SN-WDF01-AR00080-2026-06-28-17-V,WDF01,AR00080,2026-06-28T17:00:00Z,VISION_STOCKOUT,0.696,ratio,False
SN-WDF01-AR90014-2026-06-28-9-V,WDF01,AR90014,2026-06-28T09:00:00Z,VISION_STOCKOUT,0.442,ratio,False
SN-WDF01-AR90014-2026-06-28-13-V,WDF01,AR90014,2026-06-28T13:00:00Z,VISION_STOCKOUT,0.379,ratio,False
SN-WDF01-AR90014-2026-06-28-17-V,WDF01,AR90014,2026-06-28T17:00:00Z,VISION_STOCKOUT,0.332,ratio,False
SN-WDF01-AR90012-2026-06-28-9-V,WDF01,AR90012,2026-06-28T09:00:00Z,VISION_STOCKOUT,0.293,ratio,False
SN-WDF01-AR90012-2026-06-28-13-V,WDF01,AR90012,2026-06-28T13:00:00Z,VISION_STOCKOUT,0.633,ratio,False
SN-WDF01-AR90012-2026-06-28-17-V,WDF01,AR90012,2026-06-28T17:00:00Z,VISION_STOCKOUT,0.346,ratio,False
SN-WDF01-AR00245-2026-06-28-9-V,WDF01,AR00245,2026-06-28T09:00:00Z,VISION_STOCKOUT,0.697,ratio,False
SN-WDF01-AR00245-2026-06-28-13-V,WDF01,AR00245,2026-06-28T13:00:00Z,VISION_STOCKOUT,0.324,ratio,False
SN-WDF01-AR00245-2026-06-28-17-V,WDF01,AR00245,2026-06-28T17:00:00Z,VISION_STOCKOUT,1.0,ratio,False
SN-WDF01-AR00010-2026-06-28-9-V,WDF01,AR00010,2026-06-28T09:00:00Z,VISION_STOCKOUT,0.233,ratio,False
SN-WDF01-AR00010-2026-06-28-13-V,WDF01,AR00010,2026-06-28T13:00:00Z,VISION_STOCKOUT,0.831,ratio,False
SN-WDF01-AR00010-2026-06-28-17-V,WDF01,AR00010,2026-06-28T17:00:00Z,VISION_STOCKOUT,0.061,ratio,True
SN-WDF01-AR00009-2026-06-28-9-V,WDF01,AR00009,2026-06-28T09:00:00Z,VISION_STOCKOUT,0.229,ratio,False
SN-WDF01-AR00009-2026-06-28-13-V,WDF01,AR00009,2026-06-28T13:00:00Z,VISION_STOCKOUT,0.69,ratio,False
SN-WDF01-AR00009-2026-06-28-17-V,WDF01,AR00009,2026-06-28T17:00:00Z,VISION_STOCKOUT,0.894,ratio,False
SN-WDF01-AR90036-2026-06-28-9-V,WDF01,AR90036,2026-06-28T09:00:00Z,VISION_STOCKOUT,0.434,ratio,False
SN-WDF01-AR90036-2026-06-28-13-V,WDF01,AR90036,2026-06-28T13:00:00Z,VISION_STOCKOUT,0.993,ratio,False
SN-WDF01-AR90036-2026-06-28-17-V,WDF01,AR90036,2026-06-28T17:00:00Z,VISION_STOCKOUT,0.817,ratio,False
SN-WDF01-AR00241-2026-06-28-9-V,WDF01,AR00241,2026-06-28T09:00:00Z,VISION_STOCKOUT,0.608,ratio,False
SN-WDF01-AR00241-2026-06-28-13-V,WDF01,AR00241,2026-06-28T13:00:00Z,VISION_STOCKOUT,1.0,ratio,False
SN-WDF01-AR00241-2026-06-28-17-V,WDF01,AR00241,2026-06-28T17:00:00Z,VISION_STOCKOUT,0.853,ratio,False
SN-WDF01-AR90019-2026-06-28-9-V,WDF01,AR90019,2026-06-28T09:00:00Z,VISION_STOCKOUT,0.997,ratio,False
SN-WDF01-AR90019-2026-06-28-13-V,WDF01,AR90019,2026-06-28T13:00:00Z,VISION_STOCKOUT,0.5,ratio,False
SN-WDF01-AR90019-2026-06-28-17-V,WDF01,AR90019,2026-06-28T17:00:00Z,VISION_STOCKOUT,0.291,ratio,False
SN-WDF01-AR00289-2026-06-28-9-V,WDF01,AR00289,2026-06-28T09:00:00Z,VISION_STOCKOUT,0.479,ratio,False
SN-WDF01-AR00289-2026-06-28-13-V,WDF01,AR00289,2026-06-28T13:00:00Z,VISION_STOCKOUT,0.261,ratio,False
SN-WDF01-AR00289-2026-06-28-17-V,WDF01,AR00289,2026-06-28T17:00:00Z,VISION_STOCKOUT,0.377,ratio,False
SN-WDF01-AR00240-2026-06-28-9-V,WDF01,AR00240,2026-06-28T09:00:00Z,VISION_STOCKOUT,0.968,ratio,False
SN-WDF01-AR00240-2026-06-28-13-V,WDF01,AR00240,2026-06-28T13:00:00Z,VISION_STOCKOUT,0.558,ratio,False
SN-WDF01-AR00240-2026-06-28-17-V,WDF01,AR00240,2026-06-28T17:00:00Z,VISION_STOCKOUT,0.415,ratio,False
SN-WDF01-AR00011-2026-06-28-9-V,WDF01,AR00011,2026-06-28T09:00:00Z,VISION_STOCKOUT,0.822,ratio,False
SN-WDF01-AR00011-2026-06-28-13-V,WDF01,AR00011,2026-06-28T13:00:00Z,VISION_STOCKOUT,0.639,ratio,False
SN-WDF01-AR00011-2026-06-28-17-V,WDF01,AR00011,2026-06-28T17:00:00Z,VISION_STOCKOUT,0.768,ratio,False
SN-WDF01-AR00084-2026-06-28-9-V,WDF01,AR00084,2026-06-28T09:00:00Z,VISION_STOCKOUT,0.504,ratio,False
SN-WDF01-AR00084-2026-06-28-13-V,WDF01,AR00084,2026-06-28T13:00:00Z,VISION_STOCKOUT,0.876,ratio,False
SN-WDF01-AR00084-2026-06-28-17-V,WDF01,AR00084,2026-06-28T17:00:00Z,VISION_STOCKOUT,0.644,ratio,False
SN-WDF01-AR90004-2026-06-28-ESL,WDF01,AR90004,2026-06-28T06:00:00Z,ESL,0.25,EUR,False
SN-WDF01-AR90003-2026-06-28-ESL,WDF01,AR90003,2026-06-28T06:00:00Z,ESL,0.15,EUR,False
SN-WDF01-AR90013-2026-06-28-ESL,WDF01,AR90013,2026-06-28T06:00:00Z,ESL,1.7,EUR,False
SN-WDF01-AR90002-2026-06-28-ESL,WDF01,AR90002,2026-06-28T06:00:00Z,ESL,0.08,EUR,False
SN-WDF01-AR90039-2026-06-28-ESL,WDF01,AR90039,2026-06-28T06:00:00Z,ESL,1.5,EUR,False
SN-WDF01-AR90018-2026-06-28-ESL,WDF01,AR90018,2026-06-28T06:00:00Z,ESL,1.95,EUR,False
SN-WDF01-AR00395-2026-06-28-ESL,WDF01,AR00395,2026-06-28T06:00:00Z,ESL,2.5,EUR,False
SN-WDF01-AR00394-2026-06-28-ESL,WDF01,AR00394,2026-06-28T06:00:00Z,ESL,2.9,EUR,False
SN-WDF01-2026-06-28-T0,WDF01,AR00153,2026-06-28T12:00:00Z,TEMPERATURE,6.32,C,False
SN-WDF01-2026-06-28-T1,WDF01,AR00327,2026-06-28T12:00:00Z,TEMPERATURE,13.22,C,True
SN-WDF01-2026-06-28-T2,WDF01,AR00164,2026-06-28T12:00:00Z,TEMPERATURE,5.18,C,False
SN-WDF01-2026-06-28-T3,WDF01,AR90019,2026-06-28T12:00:00Z,TEMPERATURE,4.56,C,False
SN-WDF01-2026-06-28-T4,WDF01,AR90029,2026-06-28T12:00:00Z,TEMPERATURE,4.88,C,False
SN-WDF01-2026-06-28-T5,WDF01,AR00118,2026-06-28T12:00:00Z,TEMPERATURE,5.68,C,False
SN-WDF01-AR90004-2026-06-29-9-V,WDF01,AR90004,2026-06-29T09:00:00Z,VISION_STOCKOUT,0.737,ratio,False
SN-WDF01-AR90004-2026-06-29-13-V,WDF01,AR90004,2026-06-29T13:00:00Z,VISION_STOCKOUT,0.245,ratio,False
SN-WDF01-AR90004-2026-06-29-17-V,WDF01,AR90004,2026-06-29T17:00:00Z,VISION_STOCKOUT,0.564,ratio,False
SN-WDF01-AR90003-2026-06-29-9-V,WDF01,AR90003,2026-06-29T09:00:00Z,VISION_STOCKOUT,0.75,ratio,False
SN-WDF01-AR90003-2026-06-29-13-V,WDF01,AR90003,2026-06-29T13:00:00Z,VISION_STOCKOUT,0.486,ratio,False
SN-WDF01-AR90003-2026-06-29-17-V,WDF01,AR90003,2026-06-29T17:00:00Z,VISION_STOCKOUT,0.676,ratio,False
SN-WDF01-AR90013-2026-06-29-9-V,WDF01,AR90013,2026-06-29T09:00:00Z,VISION_STOCKOUT,0.478,ratio,False
SN-WDF01-AR90013-2026-06-29-13-V,WDF01,AR90013,2026-06-29T13:00:00Z,VISION_STOCKOUT,0.576,ratio,False
SN-WDF01-AR90013-2026-06-29-17-V,WDF01,AR90013,2026-06-29T17:00:00Z,VISION_STOCKOUT,0.732,ratio,False
SN-WDF01-AR90002-2026-06-29-9-V,WDF01,AR90002,2026-06-29T09:00:00Z,VISION_STOCKOUT,0.718,ratio,False
SN-WDF01-AR90002-2026-06-29-13-V,WDF01,AR90002,2026-06-29T13:00:00Z,VISION_STOCKOUT,0.533,ratio,False
SN-WDF01-AR90002-2026-06-29-17-V,WDF01,AR90002,2026-06-29T17:00:00Z,VISION_STOCKOUT,0.523,ratio,False
SN-WDF01-AR90039-2026-06-29-9-V,WDF01,AR90039,2026-06-29T09:00:00Z,VISION_STOCKOUT,0.486,ratio,False
SN-WDF01-AR90039-2026-06-29-13-V,WDF01,AR90039,2026-06-29T13:00:00Z,VISION_STOCKOUT,0.857,ratio,False
SN-WDF01-AR90039-2026-06-29-17-V,WDF01,AR90039,2026-06-29T17:00:00Z,VISION_STOCKOUT,0.563,ratio,False
SN-WDF01-AR90018-2026-06-29-9-V,WDF01,AR90018,2026-06-29T09:00:00Z,VISION_STOCKOUT,0.113,ratio,True
SN-WDF01-AR90018-2026-06-29-13-V,WDF01,AR90018,2026-06-29T13:00:00Z,VISION_STOCKOUT,0.482,ratio,False
SN-WDF01-AR90018-2026-06-29-17-V,WDF01,AR90018,2026-06-29T17:00:00Z,VISION_STOCKOUT,0.637,ratio,False
SN-WDF01-AR00395-2026-06-29-9-V,WDF01,AR00395,2026-06-29T09:00:00Z,VISION_STOCKOUT,0.656,ratio,False
SN-WDF01-AR00395-2026-06-29-13-V,WDF01,AR00395,2026-06-29T13:00:00Z,VISION_STOCKOUT,0.211,ratio,False
SN-WDF01-AR00395-2026-06-29-17-V,WDF01,AR00395,2026-06-29T17:00:00Z,VISION_STOCKOUT,0.337,ratio,False
SN-WDF01-AR00394-2026-06-29-9-V,WDF01,AR00394,2026-06-29T09:00:00Z,VISION_STOCKOUT,0.48,ratio,False
SN-WDF01-AR00394-2026-06-29-13-V,WDF01,AR00394,2026-06-29T13:00:00Z,VISION_STOCKOUT,1.0,ratio,False
SN-WDF01-AR00394-2026-06-29-17-V,WDF01,AR00394,2026-06-29T17:00:00Z,VISION_STOCKOUT,0.824,ratio,False
SN-WDF01-AR00136-2026-06-29-9-V,WDF01,AR00136,2026-06-29T09:00:00Z,VISION_STOCKOUT,0.48,ratio,False
SN-WDF01-AR00136-2026-06-29-13-V,WDF01,AR00136,2026-06-29T13:00:00Z,VISION_STOCKOUT,1.0,ratio,False
SN-WDF01-AR00136-2026-06-29-17-V,WDF01,AR00136,2026-06-29T17:00:00Z,VISION_STOCKOUT,0.733,ratio,False
SN-WDF01-AR90034-2026-06-29-9-V,WDF01,AR90034,2026-06-29T09:00:00Z,VISION_STOCKOUT,0.47,ratio,False
SN-WDF01-AR90034-2026-06-29-13-V,WDF01,AR90034,2026-06-29T13:00:00Z,VISION_STOCKOUT,0.19,ratio,False
SN-WDF01-AR90034-2026-06-29-17-V,WDF01,AR90034,2026-06-29T17:00:00Z,VISION_STOCKOUT,0.393,ratio,False
SN-WDF01-AR90015-2026-06-29-9-V,WDF01,AR90015,2026-06-29T09:00:00Z,VISION_STOCKOUT,0.519,ratio,False
SN-WDF01-AR90015-2026-06-29-13-V,WDF01,AR90015,2026-06-29T13:00:00Z,VISION_STOCKOUT,0.913,ratio,False
SN-WDF01-AR90015-2026-06-29-17-V,WDF01,AR90015,2026-06-29T17:00:00Z,VISION_STOCKOUT,0.491,ratio,False
SN-WDF01-AR00188-2026-06-29-9-V,WDF01,AR00188,2026-06-29T09:00:00Z,VISION_STOCKOUT,0.506,ratio,False
SN-WDF01-AR00188-2026-06-29-13-V,WDF01,AR00188,2026-06-29T13:00:00Z,VISION_STOCKOUT,0.988,ratio,False
SN-WDF01-AR00188-2026-06-29-17-V,WDF01,AR00188,2026-06-29T17:00:00Z,VISION_STOCKOUT,0.09,ratio,True
SN-WDF01-AR00080-2026-06-29-9-V,WDF01,AR00080,2026-06-29T09:00:00Z,VISION_STOCKOUT,0.97,ratio,False
SN-WDF01-AR00080-2026-06-29-13-V,WDF01,AR00080,2026-06-29T13:00:00Z,VISION_STOCKOUT,0.161,ratio,False
SN-WDF01-AR00080-2026-06-29-17-V,WDF01,AR00080,2026-06-29T17:00:00Z,VISION_STOCKOUT,0.74,ratio,False
SN-WDF01-AR90014-2026-06-29-9-V,WDF01,AR90014,2026-06-29T09:00:00Z,VISION_STOCKOUT,0.432,ratio,False
SN-WDF01-AR90014-2026-06-29-13-V,WDF01,AR90014,2026-06-29T13:00:00Z,VISION_STOCKOUT,0.636,ratio,False
SN-WDF01-AR90014-2026-06-29-17-V,WDF01,AR90014,2026-06-29T17:00:00Z,VISION_STOCKOUT,0.515,ratio,False
SN-WDF01-AR90012-2026-06-29-9-V,WDF01,AR90012,2026-06-29T09:00:00Z,VISION_STOCKOUT,0.33,ratio,False
SN-WDF01-AR90012-2026-06-29-13-V,WDF01,AR90012,2026-06-29T13:00:00Z,VISION_STOCKOUT,0.638,ratio,False
SN-WDF01-AR90012-2026-06-29-17-V,WDF01,AR90012,2026-06-29T17:00:00Z,VISION_STOCKOUT,0.709,ratio,False
SN-WDF01-AR00245-2026-06-29-9-V,WDF01,AR00245,2026-06-29T09:00:00Z,VISION_STOCKOUT,0.417,ratio,False
SN-WDF01-AR00245-2026-06-29-13-V,WDF01,AR00245,2026-06-29T13:00:00Z,VISION_STOCKOUT,0.426,ratio,False
SN-WDF01-AR00245-2026-06-29-17-V,WDF01,AR00245,2026-06-29T17:00:00Z,VISION_STOCKOUT,1.0,ratio,False
SN-WDF01-AR00010-2026-06-29-9-V,WDF01,AR00010,2026-06-29T09:00:00Z,VISION_STOCKOUT,0.683,ratio,False
SN-WDF01-AR00010-2026-06-29-13-V,WDF01,AR00010,2026-06-29T13:00:00Z,VISION_STOCKOUT,0.458,ratio,False
SN-WDF01-AR00010-2026-06-29-17-V,WDF01,AR00010,2026-06-29T17:00:00Z,VISION_STOCKOUT,0.631,ratio,False
SN-WDF01-AR00009-2026-06-29-9-V,WDF01,AR00009,2026-06-29T09:00:00Z,VISION_STOCKOUT,0.992,ratio,False
SN-WDF01-AR00009-2026-06-29-13-V,WDF01,AR00009,2026-06-29T13:00:00Z,VISION_STOCKOUT,0.407,ratio,False
SN-WDF01-AR00009-2026-06-29-17-V,WDF01,AR00009,2026-06-29T17:00:00Z,VISION_STOCKOUT,0.492,ratio,False
SN-WDF01-AR90036-2026-06-29-9-V,WDF01,AR90036,2026-06-29T09:00:00Z,VISION_STOCKOUT,0.859,ratio,False
SN-WDF01-AR90036-2026-06-29-13-V,WDF01,AR90036,2026-06-29T13:00:00Z,VISION_STOCKOUT,0.622,ratio,False
SN-WDF01-AR90036-2026-06-29-17-V,WDF01,AR90036,2026-06-29T17:00:00Z,VISION_STOCKOUT,0.193,ratio,False
SN-WDF01-AR00241-2026-06-29-9-V,WDF01,AR00241,2026-06-29T09:00:00Z,VISION_STOCKOUT,0.375,ratio,False
SN-WDF01-AR00241-2026-06-29-13-V,WDF01,AR00241,2026-06-29T13:00:00Z,VISION_STOCKOUT,1.0,ratio,False
SN-WDF01-AR00241-2026-06-29-17-V,WDF01,AR00241,2026-06-29T17:00:00Z,VISION_STOCKOUT,1.0,ratio,False
SN-WDF01-AR90019-2026-06-29-9-V,WDF01,AR90019,2026-06-29T09:00:00Z,VISION_STOCKOUT,0.857,ratio,False
SN-WDF01-AR90019-2026-06-29-13-V,WDF01,AR90019,2026-06-29T13:00:00Z,VISION_STOCKOUT,0.265,ratio,False
SN-WDF01-AR90019-2026-06-29-17-V,WDF01,AR90019,2026-06-29T17:00:00Z,VISION_STOCKOUT,0.516,ratio,False
SN-WDF01-AR00289-2026-06-29-9-V,WDF01,AR00289,2026-06-29T09:00:00Z,VISION_STOCKOUT,1.0,ratio,False
SN-WDF01-AR00289-2026-06-29-13-V,WDF01,AR00289,2026-06-29T13:00:00Z,VISION_STOCKOUT,0.04,ratio,True
SN-WDF01-AR00289-2026-06-29-17-V,WDF01,AR00289,2026-06-29T17:00:00Z,VISION_STOCKOUT,0.528,ratio,False
SN-WDF01-AR00240-2026-06-29-9-V,WDF01,AR00240,2026-06-29T09:00:00Z,VISION_STOCKOUT,0.497,ratio,False
SN-WDF01-AR00240-2026-06-29-13-V,WDF01,AR00240,2026-06-29T13:00:00Z,VISION_STOCKOUT,0.275,ratio,False
SN-WDF01-AR00240-2026-06-29-17-V,WDF01,AR00240,2026-06-29T17:00:00Z,VISION_STOCKOUT,0.329,ratio,False
SN-WDF01-AR00011-2026-06-29-9-V,WDF01,AR00011,2026-06-29T09:00:00Z,VISION_STOCKOUT,0.642,ratio,False
SN-WDF01-AR00011-2026-06-29-13-V,WDF01,AR00011,2026-06-29T13:00:00Z,VISION_STOCKOUT,0.732,ratio,False
SN-WDF01-AR00011-2026-06-29-17-V,WDF01,AR00011,2026-06-29T17:00:00Z,VISION_STOCKOUT,0.693,ratio,False
SN-WDF01-AR00084-2026-06-29-9-V,WDF01,AR00084,2026-06-29T09:00:00Z,VISION_STOCKOUT,0.744,ratio,False
SN-WDF01-AR00084-2026-06-29-13-V,WDF01,AR00084,2026-06-29T13:00:00Z,VISION_STOCKOUT,0.727,ratio,False
SN-WDF01-AR00084-2026-06-29-17-V,WDF01,AR00084,2026-06-29T17:00:00Z,VISION_STOCKOUT,0.833,ratio,False
SN-WDF01-AR90004-2026-06-29-ESL,WDF01,AR90004,2026-06-29T06:00:00Z,ESL,0.25,EUR,False
SN-WDF01-AR90003-2026-06-29-ESL,WDF01,AR90003,2026-06-29T06:00:00Z,ESL,0.15,EUR,False
SN-WDF01-AR90013-2026-06-29-ESL,WDF01,AR90013,2026-06-29T06:00:00Z,ESL,1.7,EUR,False
SN-WDF01-AR90002-2026-06-29-ESL,WDF01,AR90002,2026-06-29T06:00:00Z,ESL,0.08,EUR,False
SN-WDF01-AR90039-2026-06-29-ESL,WDF01,AR90039,2026-06-29T06:00:00Z,ESL,1.5,EUR,False
SN-WDF01-AR90018-2026-06-29-ESL,WDF01,AR90018,2026-06-29T06:00:00Z,ESL,1.95,EUR,False
SN-WDF01-AR00395-2026-06-29-ESL,WDF01,AR00395,2026-06-29T06:00:00Z,ESL,2.5,EUR,False
SN-WDF01-AR00394-2026-06-29-ESL,WDF01,AR00394,2026-06-29T06:00:00Z,ESL,2.9,EUR,False
SN-WDF01-2026-06-29-T0,WDF01,AR00171,2026-06-29T12:00:00Z,TEMPERATURE,9.64,C,True
SN-WDF01-2026-06-29-T1,WDF01,AR00284,2026-06-29T12:00:00Z,TEMPERATURE,5.05,C,False
SN-WDF01-2026-06-29-T2,WDF01,AR90039,2026-06-29T12:00:00Z,TEMPERATURE,6.05,C,False
SN-WDF01-2026-06-29-T3,WDF01,AR00386,2026-06-29T12:00:00Z,TEMPERATURE,6.16,C,False
SN-WDF01-2026-06-29-T4,WDF01,AR00067,2026-06-29T12:00:00Z,TEMPERATURE,-20.1,C,False
SN-WDF01-2026-06-29-T5,WDF01,AR00349,2026-06-29T12:00:00Z,TEMPERATURE,5.27,C,False
SN-WDF01-AR90004-2026-06-30-9-V,WDF01,AR90004,2026-06-30T09:00:00Z,VISION_STOCKOUT,0.675,ratio,False
SN-WDF01-AR90004-2026-06-30-13-V,WDF01,AR90004,2026-06-30T13:00:00Z,VISION_STOCKOUT,0.156,ratio,False
SN-WDF01-AR90004-2026-06-30-17-V,WDF01,AR90004,2026-06-30T17:00:00Z,VISION_STOCKOUT,0.853,ratio,False
SN-WDF01-AR90003-2026-06-30-9-V,WDF01,AR90003,2026-06-30T09:00:00Z,VISION_STOCKOUT,0.725,ratio,False
SN-WDF01-AR90003-2026-06-30-13-V,WDF01,AR90003,2026-06-30T13:00:00Z,VISION_STOCKOUT,1.0,ratio,False
SN-WDF01-AR90003-2026-06-30-17-V,WDF01,AR90003,2026-06-30T17:00:00Z,VISION_STOCKOUT,0.3,ratio,False
SN-WDF01-AR90013-2026-06-30-9-V,WDF01,AR90013,2026-06-30T09:00:00Z,VISION_STOCKOUT,0.644,ratio,False
SN-WDF01-AR90013-2026-06-30-13-V,WDF01,AR90013,2026-06-30T13:00:00Z,VISION_STOCKOUT,1.0,ratio,False
SN-WDF01-AR90013-2026-06-30-17-V,WDF01,AR90013,2026-06-30T17:00:00Z,VISION_STOCKOUT,0.498,ratio,False
SN-WDF01-AR90002-2026-06-30-9-V,WDF01,AR90002,2026-06-30T09:00:00Z,VISION_STOCKOUT,0.468,ratio,False
SN-WDF01-AR90002-2026-06-30-13-V,WDF01,AR90002,2026-06-30T13:00:00Z,VISION_STOCKOUT,0.075,ratio,True
SN-WDF01-AR90002-2026-06-30-17-V,WDF01,AR90002,2026-06-30T17:00:00Z,VISION_STOCKOUT,0.877,ratio,False
SN-WDF01-AR90039-2026-06-30-9-V,WDF01,AR90039,2026-06-30T09:00:00Z,VISION_STOCKOUT,0.297,ratio,False
SN-WDF01-AR90039-2026-06-30-13-V,WDF01,AR90039,2026-06-30T13:00:00Z,VISION_STOCKOUT,0.731,ratio,False
SN-WDF01-AR90039-2026-06-30-17-V,WDF01,AR90039,2026-06-30T17:00:00Z,VISION_STOCKOUT,0.171,ratio,False
SN-WDF01-AR90018-2026-06-30-9-V,WDF01,AR90018,2026-06-30T09:00:00Z,VISION_STOCKOUT,0.516,ratio,False
SN-WDF01-AR90018-2026-06-30-13-V,WDF01,AR90018,2026-06-30T13:00:00Z,VISION_STOCKOUT,0.377,ratio,False
SN-WDF01-AR90018-2026-06-30-17-V,WDF01,AR90018,2026-06-30T17:00:00Z,VISION_STOCKOUT,0.765,ratio,False
SN-WDF01-AR00395-2026-06-30-9-V,WDF01,AR00395,2026-06-30T09:00:00Z,VISION_STOCKOUT,0.281,ratio,False
SN-WDF01-AR00395-2026-06-30-13-V,WDF01,AR00395,2026-06-30T13:00:00Z,VISION_STOCKOUT,1.0,ratio,False
SN-WDF01-AR00395-2026-06-30-17-V,WDF01,AR00395,2026-06-30T17:00:00Z,VISION_STOCKOUT,1.0,ratio,False
SN-WDF01-AR00394-2026-06-30-9-V,WDF01,AR00394,2026-06-30T09:00:00Z,VISION_STOCKOUT,0.777,ratio,False
SN-WDF01-AR00394-2026-06-30-13-V,WDF01,AR00394,2026-06-30T13:00:00Z,VISION_STOCKOUT,0.669,ratio,False
SN-WDF01-AR00394-2026-06-30-17-V,WDF01,AR00394,2026-06-30T17:00:00Z,VISION_STOCKOUT,0.894,ratio,False
SN-WDF01-AR00136-2026-06-30-9-V,WDF01,AR00136,2026-06-30T09:00:00Z,VISION_STOCKOUT,0.911,ratio,False
SN-WDF01-AR00136-2026-06-30-13-V,WDF01,AR00136,2026-06-30T13:00:00Z,VISION_STOCKOUT,0.614,ratio,False
SN-WDF01-AR00136-2026-06-30-17-V,WDF01,AR00136,2026-06-30T17:00:00Z,VISION_STOCKOUT,0.534,ratio,False
SN-WDF01-AR90034-2026-06-30-9-V,WDF01,AR90034,2026-06-30T09:00:00Z,VISION_STOCKOUT,0.214,ratio,False
SN-WDF01-AR90034-2026-06-30-13-V,WDF01,AR90034,2026-06-30T13:00:00Z,VISION_STOCKOUT,0.471,ratio,False
SN-WDF01-AR90034-2026-06-30-17-V,WDF01,AR90034,2026-06-30T17:00:00Z,VISION_STOCKOUT,0.731,ratio,False
SN-WDF01-AR90015-2026-06-30-9-V,WDF01,AR90015,2026-06-30T09:00:00Z,VISION_STOCKOUT,0.335,ratio,False
SN-WDF01-AR90015-2026-06-30-13-V,WDF01,AR90015,2026-06-30T13:00:00Z,VISION_STOCKOUT,0.504,ratio,False
SN-WDF01-AR90015-2026-06-30-17-V,WDF01,AR90015,2026-06-30T17:00:00Z,VISION_STOCKOUT,0.506,ratio,False
SN-WDF01-AR00188-2026-06-30-9-V,WDF01,AR00188,2026-06-30T09:00:00Z,VISION_STOCKOUT,0.456,ratio,False
SN-WDF01-AR00188-2026-06-30-13-V,WDF01,AR00188,2026-06-30T13:00:00Z,VISION_STOCKOUT,1.0,ratio,False
SN-WDF01-AR00188-2026-06-30-17-V,WDF01,AR00188,2026-06-30T17:00:00Z,VISION_STOCKOUT,1.0,ratio,False
SN-WDF01-AR00080-2026-06-30-9-V,WDF01,AR00080,2026-06-30T09:00:00Z,VISION_STOCKOUT,1.0,ratio,False
SN-WDF01-AR00080-2026-06-30-13-V,WDF01,AR00080,2026-06-30T13:00:00Z,VISION_STOCKOUT,1.0,ratio,False
SN-WDF01-AR00080-2026-06-30-17-V,WDF01,AR00080,2026-06-30T17:00:00Z,VISION_STOCKOUT,0.695,ratio,False
SN-WDF01-AR90014-2026-06-30-9-V,WDF01,AR90014,2026-06-30T09:00:00Z,VISION_STOCKOUT,0.586,ratio,False
SN-WDF01-AR90014-2026-06-30-13-V,WDF01,AR90014,2026-06-30T13:00:00Z,VISION_STOCKOUT,0.664,ratio,False
SN-WDF01-AR90014-2026-06-30-17-V,WDF01,AR90014,2026-06-30T17:00:00Z,VISION_STOCKOUT,0.593,ratio,False
SN-WDF01-AR90012-2026-06-30-9-V,WDF01,AR90012,2026-06-30T09:00:00Z,VISION_STOCKOUT,0.078,ratio,True
SN-WDF01-AR90012-2026-06-30-13-V,WDF01,AR90012,2026-06-30T13:00:00Z,VISION_STOCKOUT,1.0,ratio,False
SN-WDF01-AR90012-2026-06-30-17-V,WDF01,AR90012,2026-06-30T17:00:00Z,VISION_STOCKOUT,0.222,ratio,False
SN-WDF01-AR00245-2026-06-30-9-V,WDF01,AR00245,2026-06-30T09:00:00Z,VISION_STOCKOUT,0.401,ratio,False
SN-WDF01-AR00245-2026-06-30-13-V,WDF01,AR00245,2026-06-30T13:00:00Z,VISION_STOCKOUT,0.818,ratio,False
SN-WDF01-AR00245-2026-06-30-17-V,WDF01,AR00245,2026-06-30T17:00:00Z,VISION_STOCKOUT,0.739,ratio,False
SN-WDF01-AR00010-2026-06-30-9-V,WDF01,AR00010,2026-06-30T09:00:00Z,VISION_STOCKOUT,0.343,ratio,False
SN-WDF01-AR00010-2026-06-30-13-V,WDF01,AR00010,2026-06-30T13:00:00Z,VISION_STOCKOUT,0.672,ratio,False
SN-WDF01-AR00010-2026-06-30-17-V,WDF01,AR00010,2026-06-30T17:00:00Z,VISION_STOCKOUT,0.37,ratio,False
SN-WDF01-AR00009-2026-06-30-9-V,WDF01,AR00009,2026-06-30T09:00:00Z,VISION_STOCKOUT,0.464,ratio,False
SN-WDF01-AR00009-2026-06-30-13-V,WDF01,AR00009,2026-06-30T13:00:00Z,VISION_STOCKOUT,0.464,ratio,False
SN-WDF01-AR00009-2026-06-30-17-V,WDF01,AR00009,2026-06-30T17:00:00Z,VISION_STOCKOUT,0.448,ratio,False
SN-WDF01-AR90036-2026-06-30-9-V,WDF01,AR90036,2026-06-30T09:00:00Z,VISION_STOCKOUT,0.519,ratio,False
SN-WDF01-AR90036-2026-06-30-13-V,WDF01,AR90036,2026-06-30T13:00:00Z,VISION_STOCKOUT,0.185,ratio,False
SN-WDF01-AR90036-2026-06-30-17-V,WDF01,AR90036,2026-06-30T17:00:00Z,VISION_STOCKOUT,0.914,ratio,False
SN-WDF01-AR00241-2026-06-30-9-V,WDF01,AR00241,2026-06-30T09:00:00Z,VISION_STOCKOUT,0.532,ratio,False
SN-WDF01-AR00241-2026-06-30-13-V,WDF01,AR00241,2026-06-30T13:00:00Z,VISION_STOCKOUT,0.446,ratio,False
SN-WDF01-AR00241-2026-06-30-17-V,WDF01,AR00241,2026-06-30T17:00:00Z,VISION_STOCKOUT,0.469,ratio,False
SN-WDF01-AR90019-2026-06-30-9-V,WDF01,AR90019,2026-06-30T09:00:00Z,VISION_STOCKOUT,0.306,ratio,False
SN-WDF01-AR90019-2026-06-30-13-V,WDF01,AR90019,2026-06-30T13:00:00Z,VISION_STOCKOUT,0.497,ratio,False
SN-WDF01-AR90019-2026-06-30-17-V,WDF01,AR90019,2026-06-30T17:00:00Z,VISION_STOCKOUT,0.363,ratio,False
SN-WDF01-AR00289-2026-06-30-9-V,WDF01,AR00289,2026-06-30T09:00:00Z,VISION_STOCKOUT,0.61,ratio,False
SN-WDF01-AR00289-2026-06-30-13-V,WDF01,AR00289,2026-06-30T13:00:00Z,VISION_STOCKOUT,0.574,ratio,False
SN-WDF01-AR00289-2026-06-30-17-V,WDF01,AR00289,2026-06-30T17:00:00Z,VISION_STOCKOUT,0.942,ratio,False
SN-WDF01-AR00240-2026-06-30-9-V,WDF01,AR00240,2026-06-30T09:00:00Z,VISION_STOCKOUT,0.617,ratio,False
SN-WDF01-AR00240-2026-06-30-13-V,WDF01,AR00240,2026-06-30T13:00:00Z,VISION_STOCKOUT,1.0,ratio,False
SN-WDF01-AR00240-2026-06-30-17-V,WDF01,AR00240,2026-06-30T17:00:00Z,VISION_STOCKOUT,0.63,ratio,False
SN-WDF01-AR00011-2026-06-30-9-V,WDF01,AR00011,2026-06-30T09:00:00Z,VISION_STOCKOUT,0.717,ratio,False
SN-WDF01-AR00011-2026-06-30-13-V,WDF01,AR00011,2026-06-30T13:00:00Z,VISION_STOCKOUT,0.409,ratio,False
SN-WDF01-AR00011-2026-06-30-17-V,WDF01,AR00011,2026-06-30T17:00:00Z,VISION_STOCKOUT,0.578,ratio,False
SN-WDF01-AR00084-2026-06-30-9-V,WDF01,AR00084,2026-06-30T09:00:00Z,VISION_STOCKOUT,1.0,ratio,False
SN-WDF01-AR00084-2026-06-30-13-V,WDF01,AR00084,2026-06-30T13:00:00Z,VISION_STOCKOUT,1.0,ratio,False
SN-WDF01-AR00084-2026-06-30-17-V,WDF01,AR00084,2026-06-30T17:00:00Z,VISION_STOCKOUT,0.472,ratio,False
SN-WDF01-AR90004-2026-06-30-ESL,WDF01,AR90004,2026-06-30T06:00:00Z,ESL,0.25,EUR,False
SN-WDF01-AR90003-2026-06-30-ESL,WDF01,AR90003,2026-06-30T06:00:00Z,ESL,0.15,EUR,False
SN-WDF01-AR90013-2026-06-30-ESL,WDF01,AR90013,2026-06-30T06:00:00Z,ESL,1.7,EUR,False
SN-WDF01-AR90002-2026-06-30-ESL,WDF01,AR90002,2026-06-30T06:00:00Z,ESL,0.08,EUR,False
SN-WDF01-AR90039-2026-06-30-ESL,WDF01,AR90039,2026-06-30T06:00:00Z,ESL,1.5,EUR,False
SN-WDF01-AR90018-2026-06-30-ESL,WDF01,AR90018,2026-06-30T06:00:00Z,ESL,1.95,EUR,False
SN-WDF01-AR00395-2026-06-30-ESL,WDF01,AR00395,2026-06-30T06:00:00Z,ESL,2.5,EUR,False
SN-WDF01-AR00394-2026-06-30-ESL,WDF01,AR00394,2026-06-30T06:00:00Z,ESL,2.9,EUR,False
SN-WDF01-2026-06-30-T0,WDF01,AR00158,2026-06-30T12:00:00Z,TEMPERATURE,4.5,C,False
SN-WDF01-2026-06-30-T1,WDF01,AR00058,2026-06-30T12:00:00Z,TEMPERATURE,-17.02,C,False
SN-WDF01-2026-06-30-T2,WDF01,AR00147,2026-06-30T12:00:00Z,TEMPERATURE,-19.13,C,False
SN-WDF01-2026-06-30-T3,WDF01,AR00293,2026-06-30T12:00:00Z,TEMPERATURE,4.17,C,False
SN-WDF01-2026-06-30-T4,WDF01,AR00285,2026-06-30T12:00:00Z,TEMPERATURE,5.57,C,False
SN-WDF01-2026-06-30-T5,WDF01,AR00171,2026-06-30T12:00:00Z,TEMPERATURE,4.37,C,False
SN-WDF01-AR90004-2026-07-01-9-V,WDF01,AR90004,2026-07-01T09:00:00Z,VISION_STOCKOUT,0.375,ratio,False
SN-WDF01-AR90004-2026-07-01-13-V,WDF01,AR90004,2026-07-01T13:00:00Z,VISION_STOCKOUT,0.362,ratio,False
SN-WDF01-AR90004-2026-07-01-17-V,WDF01,AR90004,2026-07-01T17:00:00Z,VISION_STOCKOUT,0.813,ratio,False
SN-WDF01-AR90003-2026-07-01-9-V,WDF01,AR90003,2026-07-01T09:00:00Z,VISION_STOCKOUT,0.52,ratio,False
SN-WDF01-AR90003-2026-07-01-13-V,WDF01,AR90003,2026-07-01T13:00:00Z,VISION_STOCKOUT,0.476,ratio,False
SN-WDF01-AR90003-2026-07-01-17-V,WDF01,AR90003,2026-07-01T17:00:00Z,VISION_STOCKOUT,0.705,ratio,False
SN-WDF01-AR90013-2026-07-01-9-V,WDF01,AR90013,2026-07-01T09:00:00Z,VISION_STOCKOUT,0.425,ratio,False
SN-WDF01-AR90013-2026-07-01-13-V,WDF01,AR90013,2026-07-01T13:00:00Z,VISION_STOCKOUT,0.506,ratio,False
SN-WDF01-AR90013-2026-07-01-17-V,WDF01,AR90013,2026-07-01T17:00:00Z,VISION_STOCKOUT,0.656,ratio,False
SN-WDF01-AR90002-2026-07-01-9-V,WDF01,AR90002,2026-07-01T09:00:00Z,VISION_STOCKOUT,0.716,ratio,False
SN-WDF01-AR90002-2026-07-01-13-V,WDF01,AR90002,2026-07-01T13:00:00Z,VISION_STOCKOUT,0.412,ratio,False
SN-WDF01-AR90002-2026-07-01-17-V,WDF01,AR90002,2026-07-01T17:00:00Z,VISION_STOCKOUT,0.737,ratio,False
SN-WDF01-AR90039-2026-07-01-9-V,WDF01,AR90039,2026-07-01T09:00:00Z,VISION_STOCKOUT,0.668,ratio,False
SN-WDF01-AR90039-2026-07-01-13-V,WDF01,AR90039,2026-07-01T13:00:00Z,VISION_STOCKOUT,0.939,ratio,False
SN-WDF01-AR90039-2026-07-01-17-V,WDF01,AR90039,2026-07-01T17:00:00Z,VISION_STOCKOUT,0.0,ratio,True
SN-WDF01-AR90018-2026-07-01-9-V,WDF01,AR90018,2026-07-01T09:00:00Z,VISION_STOCKOUT,0.475,ratio,False
SN-WDF01-AR90018-2026-07-01-13-V,WDF01,AR90018,2026-07-01T13:00:00Z,VISION_STOCKOUT,0.622,ratio,False
SN-WDF01-AR90018-2026-07-01-17-V,WDF01,AR90018,2026-07-01T17:00:00Z,VISION_STOCKOUT,0.779,ratio,False
SN-WDF01-AR00395-2026-07-01-9-V,WDF01,AR00395,2026-07-01T09:00:00Z,VISION_STOCKOUT,0.657,ratio,False
SN-WDF01-AR00395-2026-07-01-13-V,WDF01,AR00395,2026-07-01T13:00:00Z,VISION_STOCKOUT,0.718,ratio,False
SN-WDF01-AR00395-2026-07-01-17-V,WDF01,AR00395,2026-07-01T17:00:00Z,VISION_STOCKOUT,0.865,ratio,False
SN-WDF01-AR00394-2026-07-01-9-V,WDF01,AR00394,2026-07-01T09:00:00Z,VISION_STOCKOUT,0.844,ratio,False
SN-WDF01-AR00394-2026-07-01-13-V,WDF01,AR00394,2026-07-01T13:00:00Z,VISION_STOCKOUT,0.846,ratio,False
SN-WDF01-AR00394-2026-07-01-17-V,WDF01,AR00394,2026-07-01T17:00:00Z,VISION_STOCKOUT,0.507,ratio,False
SN-WDF01-AR00136-2026-07-01-9-V,WDF01,AR00136,2026-07-01T09:00:00Z,VISION_STOCKOUT,0.862,ratio,False
SN-WDF01-AR00136-2026-07-01-13-V,WDF01,AR00136,2026-07-01T13:00:00Z,VISION_STOCKOUT,0.505,ratio,False
SN-WDF01-AR00136-2026-07-01-17-V,WDF01,AR00136,2026-07-01T17:00:00Z,VISION_STOCKOUT,0.843,ratio,False
SN-WDF01-AR90034-2026-07-01-9-V,WDF01,AR90034,2026-07-01T09:00:00Z,VISION_STOCKOUT,0.582,ratio,False
SN-WDF01-AR90034-2026-07-01-13-V,WDF01,AR90034,2026-07-01T13:00:00Z,VISION_STOCKOUT,0.983,ratio,False
SN-WDF01-AR90034-2026-07-01-17-V,WDF01,AR90034,2026-07-01T17:00:00Z,VISION_STOCKOUT,1.0,ratio,False
SN-WDF01-AR90015-2026-07-01-9-V,WDF01,AR90015,2026-07-01T09:00:00Z,VISION_STOCKOUT,0.663,ratio,False
SN-WDF01-AR90015-2026-07-01-13-V,WDF01,AR90015,2026-07-01T13:00:00Z,VISION_STOCKOUT,0.755,ratio,False
SN-WDF01-AR90015-2026-07-01-17-V,WDF01,AR90015,2026-07-01T17:00:00Z,VISION_STOCKOUT,0.614,ratio,False
SN-WDF01-AR00188-2026-07-01-9-V,WDF01,AR00188,2026-07-01T09:00:00Z,VISION_STOCKOUT,0.94,ratio,False
SN-WDF01-AR00188-2026-07-01-13-V,WDF01,AR00188,2026-07-01T13:00:00Z,VISION_STOCKOUT,0.939,ratio,False
SN-WDF01-AR00188-2026-07-01-17-V,WDF01,AR00188,2026-07-01T17:00:00Z,VISION_STOCKOUT,0.499,ratio,False
SN-WDF01-AR00080-2026-07-01-9-V,WDF01,AR00080,2026-07-01T09:00:00Z,VISION_STOCKOUT,0.355,ratio,False
SN-WDF01-AR00080-2026-07-01-13-V,WDF01,AR00080,2026-07-01T13:00:00Z,VISION_STOCKOUT,0.499,ratio,False
SN-WDF01-AR00080-2026-07-01-17-V,WDF01,AR00080,2026-07-01T17:00:00Z,VISION_STOCKOUT,0.599,ratio,False
SN-WDF01-AR90014-2026-07-01-9-V,WDF01,AR90014,2026-07-01T09:00:00Z,VISION_STOCKOUT,0.218,ratio,False
SN-WDF01-AR90014-2026-07-01-13-V,WDF01,AR90014,2026-07-01T13:00:00Z,VISION_STOCKOUT,0.887,ratio,False
SN-WDF01-AR90014-2026-07-01-17-V,WDF01,AR90014,2026-07-01T17:00:00Z,VISION_STOCKOUT,1.0,ratio,False
SN-WDF01-AR90012-2026-07-01-9-V,WDF01,AR90012,2026-07-01T09:00:00Z,VISION_STOCKOUT,0.093,ratio,True
SN-WDF01-AR90012-2026-07-01-13-V,WDF01,AR90012,2026-07-01T13:00:00Z,VISION_STOCKOUT,1.0,ratio,False
SN-WDF01-AR90012-2026-07-01-17-V,WDF01,AR90012,2026-07-01T17:00:00Z,VISION_STOCKOUT,0.695,ratio,False
SN-WDF01-AR00245-2026-07-01-9-V,WDF01,AR00245,2026-07-01T09:00:00Z,VISION_STOCKOUT,0.274,ratio,False
SN-WDF01-AR00245-2026-07-01-13-V,WDF01,AR00245,2026-07-01T13:00:00Z,VISION_STOCKOUT,0.832,ratio,False
SN-WDF01-AR00245-2026-07-01-17-V,WDF01,AR00245,2026-07-01T17:00:00Z,VISION_STOCKOUT,0.722,ratio,False
SN-WDF01-AR00010-2026-07-01-9-V,WDF01,AR00010,2026-07-01T09:00:00Z,VISION_STOCKOUT,0.259,ratio,False
SN-WDF01-AR00010-2026-07-01-13-V,WDF01,AR00010,2026-07-01T13:00:00Z,VISION_STOCKOUT,0.911,ratio,False
SN-WDF01-AR00010-2026-07-01-17-V,WDF01,AR00010,2026-07-01T17:00:00Z,VISION_STOCKOUT,0.508,ratio,False
SN-WDF01-AR00009-2026-07-01-9-V,WDF01,AR00009,2026-07-01T09:00:00Z,VISION_STOCKOUT,0.866,ratio,False
SN-WDF01-AR00009-2026-07-01-13-V,WDF01,AR00009,2026-07-01T13:00:00Z,VISION_STOCKOUT,0.437,ratio,False
SN-WDF01-AR00009-2026-07-01-17-V,WDF01,AR00009,2026-07-01T17:00:00Z,VISION_STOCKOUT,0.271,ratio,False
SN-WDF01-AR90036-2026-07-01-9-V,WDF01,AR90036,2026-07-01T09:00:00Z,VISION_STOCKOUT,0.545,ratio,False
SN-WDF01-AR90036-2026-07-01-13-V,WDF01,AR90036,2026-07-01T13:00:00Z,VISION_STOCKOUT,0.659,ratio,False
SN-WDF01-AR90036-2026-07-01-17-V,WDF01,AR90036,2026-07-01T17:00:00Z,VISION_STOCKOUT,0.58,ratio,False
SN-WDF01-AR00241-2026-07-01-9-V,WDF01,AR00241,2026-07-01T09:00:00Z,VISION_STOCKOUT,0.546,ratio,False
SN-WDF01-AR00241-2026-07-01-13-V,WDF01,AR00241,2026-07-01T13:00:00Z,VISION_STOCKOUT,0.52,ratio,False
SN-WDF01-AR00241-2026-07-01-17-V,WDF01,AR00241,2026-07-01T17:00:00Z,VISION_STOCKOUT,0.218,ratio,False
SN-WDF01-AR90019-2026-07-01-9-V,WDF01,AR90019,2026-07-01T09:00:00Z,VISION_STOCKOUT,0.934,ratio,False
SN-WDF01-AR90019-2026-07-01-13-V,WDF01,AR90019,2026-07-01T13:00:00Z,VISION_STOCKOUT,0.82,ratio,False
SN-WDF01-AR90019-2026-07-01-17-V,WDF01,AR90019,2026-07-01T17:00:00Z,VISION_STOCKOUT,1.0,ratio,False
SN-WDF01-AR00289-2026-07-01-9-V,WDF01,AR00289,2026-07-01T09:00:00Z,VISION_STOCKOUT,0.44,ratio,False
SN-WDF01-AR00289-2026-07-01-13-V,WDF01,AR00289,2026-07-01T13:00:00Z,VISION_STOCKOUT,0.739,ratio,False
SN-WDF01-AR00289-2026-07-01-17-V,WDF01,AR00289,2026-07-01T17:00:00Z,VISION_STOCKOUT,0.87,ratio,False
SN-WDF01-AR00240-2026-07-01-9-V,WDF01,AR00240,2026-07-01T09:00:00Z,VISION_STOCKOUT,0.92,ratio,False
SN-WDF01-AR00240-2026-07-01-13-V,WDF01,AR00240,2026-07-01T13:00:00Z,VISION_STOCKOUT,0.729,ratio,False
SN-WDF01-AR00240-2026-07-01-17-V,WDF01,AR00240,2026-07-01T17:00:00Z,VISION_STOCKOUT,0.504,ratio,False
SN-WDF01-AR00011-2026-07-01-9-V,WDF01,AR00011,2026-07-01T09:00:00Z,VISION_STOCKOUT,0.734,ratio,False
SN-WDF01-AR00011-2026-07-01-13-V,WDF01,AR00011,2026-07-01T13:00:00Z,VISION_STOCKOUT,0.563,ratio,False
SN-WDF01-AR00011-2026-07-01-17-V,WDF01,AR00011,2026-07-01T17:00:00Z,VISION_STOCKOUT,0.738,ratio,False
SN-WDF01-AR00084-2026-07-01-9-V,WDF01,AR00084,2026-07-01T09:00:00Z,VISION_STOCKOUT,0.524,ratio,False
SN-WDF01-AR00084-2026-07-01-13-V,WDF01,AR00084,2026-07-01T13:00:00Z,VISION_STOCKOUT,0.404,ratio,False
SN-WDF01-AR00084-2026-07-01-17-V,WDF01,AR00084,2026-07-01T17:00:00Z,VISION_STOCKOUT,0.371,ratio,False
SN-WDF01-AR90004-2026-07-01-ESL,WDF01,AR90004,2026-07-01T06:00:00Z,ESL,0.25,EUR,False
SN-WDF01-AR90003-2026-07-01-ESL,WDF01,AR90003,2026-07-01T06:00:00Z,ESL,0.15,EUR,False
SN-WDF01-AR90013-2026-07-01-ESL,WDF01,AR90013,2026-07-01T06:00:00Z,ESL,1.7,EUR,False
SN-WDF01-AR90002-2026-07-01-ESL,WDF01,AR90002,2026-07-01T06:00:00Z,ESL,0.08,EUR,False
SN-WDF01-AR90039-2026-07-01-ESL,WDF01,AR90039,2026-07-01T06:00:00Z,ESL,1.5,EUR,False
SN-WDF01-AR90018-2026-07-01-ESL,WDF01,AR90018,2026-07-01T06:00:00Z,ESL,1.95,EUR,False
SN-WDF01-AR00395-2026-07-01-ESL,WDF01,AR00395,2026-07-01T06:00:00Z,ESL,2.5,EUR,False
SN-WDF01-AR00394-2026-07-01-ESL,WDF01,AR00394,2026-07-01T06:00:00Z,ESL,2.9,EUR,False
SN-WDF01-2026-07-01-T0,WDF01,AR90014,2026-07-01T12:00:00Z,TEMPERATURE,7.26,C,False
SN-WDF01-2026-07-01-T1,WDF01,AR00284,2026-07-01T12:00:00Z,TEMPERATURE,7.15,C,False
SN-WDF01-2026-07-01-T2,WDF01,AR90021,2026-07-01T12:00:00Z,TEMPERATURE,5.57,C,False
SN-WDF01-2026-07-01-T3,WDF01,AR00153,2026-07-01T12:00:00Z,TEMPERATURE,10.5,C,True
SN-WDF01-2026-07-01-T4,WDF01,AR90038,2026-07-01T12:00:00Z,TEMPERATURE,5.31,C,False
SN-WDF01-2026-07-01-T5,WDF01,AR00053,2026-07-01T12:00:00Z,TEMPERATURE,4.42,C,False
SN-WDF01-AR90004-2026-07-02-9-V,WDF01,AR90004,2026-07-02T09:00:00Z,VISION_STOCKOUT,0.544,ratio,False
SN-WDF01-AR90004-2026-07-02-13-V,WDF01,AR90004,2026-07-02T13:00:00Z,VISION_STOCKOUT,0.628,ratio,False
SN-WDF01-AR90004-2026-07-02-17-V,WDF01,AR90004,2026-07-02T17:00:00Z,VISION_STOCKOUT,0.138,ratio,True
SN-WDF01-AR90003-2026-07-02-9-V,WDF01,AR90003,2026-07-02T09:00:00Z,VISION_STOCKOUT,0.719,ratio,False
SN-WDF01-AR90003-2026-07-02-13-V,WDF01,AR90003,2026-07-02T13:00:00Z,VISION_STOCKOUT,0.318,ratio,False
SN-WDF01-AR90003-2026-07-02-17-V,WDF01,AR90003,2026-07-02T17:00:00Z,VISION_STOCKOUT,0.183,ratio,False
SN-WDF01-AR90013-2026-07-02-9-V,WDF01,AR90013,2026-07-02T09:00:00Z,VISION_STOCKOUT,0.323,ratio,False
SN-WDF01-AR90013-2026-07-02-13-V,WDF01,AR90013,2026-07-02T13:00:00Z,VISION_STOCKOUT,0.686,ratio,False
SN-WDF01-AR90013-2026-07-02-17-V,WDF01,AR90013,2026-07-02T17:00:00Z,VISION_STOCKOUT,0.207,ratio,False
SN-WDF01-AR90002-2026-07-02-9-V,WDF01,AR90002,2026-07-02T09:00:00Z,VISION_STOCKOUT,0.875,ratio,False
SN-WDF01-AR90002-2026-07-02-13-V,WDF01,AR90002,2026-07-02T13:00:00Z,VISION_STOCKOUT,0.415,ratio,False
SN-WDF01-AR90002-2026-07-02-17-V,WDF01,AR90002,2026-07-02T17:00:00Z,VISION_STOCKOUT,0.887,ratio,False
SN-WDF01-AR90039-2026-07-02-9-V,WDF01,AR90039,2026-07-02T09:00:00Z,VISION_STOCKOUT,0.52,ratio,False
SN-WDF01-AR90039-2026-07-02-13-V,WDF01,AR90039,2026-07-02T13:00:00Z,VISION_STOCKOUT,0.676,ratio,False
SN-WDF01-AR90039-2026-07-02-17-V,WDF01,AR90039,2026-07-02T17:00:00Z,VISION_STOCKOUT,0.443,ratio,False
SN-WDF01-AR90018-2026-07-02-9-V,WDF01,AR90018,2026-07-02T09:00:00Z,VISION_STOCKOUT,0.915,ratio,False
SN-WDF01-AR90018-2026-07-02-13-V,WDF01,AR90018,2026-07-02T13:00:00Z,VISION_STOCKOUT,0.92,ratio,False
SN-WDF01-AR90018-2026-07-02-17-V,WDF01,AR90018,2026-07-02T17:00:00Z,VISION_STOCKOUT,0.953,ratio,False
SN-WDF01-AR00395-2026-07-02-9-V,WDF01,AR00395,2026-07-02T09:00:00Z,VISION_STOCKOUT,0.092,ratio,True
SN-WDF01-AR00395-2026-07-02-13-V,WDF01,AR00395,2026-07-02T13:00:00Z,VISION_STOCKOUT,0.671,ratio,False
SN-WDF01-AR00395-2026-07-02-17-V,WDF01,AR00395,2026-07-02T17:00:00Z,VISION_STOCKOUT,0.715,ratio,False
SN-WDF01-AR00394-2026-07-02-9-V,WDF01,AR00394,2026-07-02T09:00:00Z,VISION_STOCKOUT,0.813,ratio,False
SN-WDF01-AR00394-2026-07-02-13-V,WDF01,AR00394,2026-07-02T13:00:00Z,VISION_STOCKOUT,0.614,ratio,False
SN-WDF01-AR00394-2026-07-02-17-V,WDF01,AR00394,2026-07-02T17:00:00Z,VISION_STOCKOUT,0.365,ratio,False
SN-WDF01-AR00136-2026-07-02-9-V,WDF01,AR00136,2026-07-02T09:00:00Z,VISION_STOCKOUT,0.317,ratio,False
SN-WDF01-AR00136-2026-07-02-13-V,WDF01,AR00136,2026-07-02T13:00:00Z,VISION_STOCKOUT,0.37,ratio,False
SN-WDF01-AR00136-2026-07-02-17-V,WDF01,AR00136,2026-07-02T17:00:00Z,VISION_STOCKOUT,0.204,ratio,False
SN-WDF01-AR90034-2026-07-02-9-V,WDF01,AR90034,2026-07-02T09:00:00Z,VISION_STOCKOUT,0.51,ratio,False
SN-WDF01-AR90034-2026-07-02-13-V,WDF01,AR90034,2026-07-02T13:00:00Z,VISION_STOCKOUT,0.762,ratio,False
SN-WDF01-AR90034-2026-07-02-17-V,WDF01,AR90034,2026-07-02T17:00:00Z,VISION_STOCKOUT,0.08,ratio,True
SN-WDF01-AR90015-2026-07-02-9-V,WDF01,AR90015,2026-07-02T09:00:00Z,VISION_STOCKOUT,0.787,ratio,False
SN-WDF01-AR90015-2026-07-02-13-V,WDF01,AR90015,2026-07-02T13:00:00Z,VISION_STOCKOUT,0.495,ratio,False
SN-WDF01-AR90015-2026-07-02-17-V,WDF01,AR90015,2026-07-02T17:00:00Z,VISION_STOCKOUT,0.665,ratio,False
SN-WDF01-AR00188-2026-07-02-9-V,WDF01,AR00188,2026-07-02T09:00:00Z,VISION_STOCKOUT,0.594,ratio,False
SN-WDF01-AR00188-2026-07-02-13-V,WDF01,AR00188,2026-07-02T13:00:00Z,VISION_STOCKOUT,0.547,ratio,False
SN-WDF01-AR00188-2026-07-02-17-V,WDF01,AR00188,2026-07-02T17:00:00Z,VISION_STOCKOUT,0.332,ratio,False
SN-WDF01-AR00080-2026-07-02-9-V,WDF01,AR00080,2026-07-02T09:00:00Z,VISION_STOCKOUT,0.388,ratio,False
SN-WDF01-AR00080-2026-07-02-13-V,WDF01,AR00080,2026-07-02T13:00:00Z,VISION_STOCKOUT,0.722,ratio,False
SN-WDF01-AR00080-2026-07-02-17-V,WDF01,AR00080,2026-07-02T17:00:00Z,VISION_STOCKOUT,0.41,ratio,False
SN-WDF01-AR90014-2026-07-02-9-V,WDF01,AR90014,2026-07-02T09:00:00Z,VISION_STOCKOUT,0.834,ratio,False
SN-WDF01-AR90014-2026-07-02-13-V,WDF01,AR90014,2026-07-02T13:00:00Z,VISION_STOCKOUT,0.606,ratio,False
SN-WDF01-AR90014-2026-07-02-17-V,WDF01,AR90014,2026-07-02T17:00:00Z,VISION_STOCKOUT,0.753,ratio,False
SN-WDF01-AR90012-2026-07-02-9-V,WDF01,AR90012,2026-07-02T09:00:00Z,VISION_STOCKOUT,0.702,ratio,False
SN-WDF01-AR90012-2026-07-02-13-V,WDF01,AR90012,2026-07-02T13:00:00Z,VISION_STOCKOUT,0.748,ratio,False
SN-WDF01-AR90012-2026-07-02-17-V,WDF01,AR90012,2026-07-02T17:00:00Z,VISION_STOCKOUT,0.645,ratio,False
SN-WDF01-AR00245-2026-07-02-9-V,WDF01,AR00245,2026-07-02T09:00:00Z,VISION_STOCKOUT,0.551,ratio,False
SN-WDF01-AR00245-2026-07-02-13-V,WDF01,AR00245,2026-07-02T13:00:00Z,VISION_STOCKOUT,0.587,ratio,False
SN-WDF01-AR00245-2026-07-02-17-V,WDF01,AR00245,2026-07-02T17:00:00Z,VISION_STOCKOUT,0.719,ratio,False
SN-WDF01-AR00010-2026-07-02-9-V,WDF01,AR00010,2026-07-02T09:00:00Z,VISION_STOCKOUT,0.937,ratio,False
SN-WDF01-AR00010-2026-07-02-13-V,WDF01,AR00010,2026-07-02T13:00:00Z,VISION_STOCKOUT,0.761,ratio,False
SN-WDF01-AR00010-2026-07-02-17-V,WDF01,AR00010,2026-07-02T17:00:00Z,VISION_STOCKOUT,0.568,ratio,False
SN-WDF01-AR00009-2026-07-02-9-V,WDF01,AR00009,2026-07-02T09:00:00Z,VISION_STOCKOUT,0.547,ratio,False
SN-WDF01-AR00009-2026-07-02-13-V,WDF01,AR00009,2026-07-02T13:00:00Z,VISION_STOCKOUT,0.56,ratio,False
SN-WDF01-AR00009-2026-07-02-17-V,WDF01,AR00009,2026-07-02T17:00:00Z,VISION_STOCKOUT,0.726,ratio,False
SN-WDF01-AR90036-2026-07-02-9-V,WDF01,AR90036,2026-07-02T09:00:00Z,VISION_STOCKOUT,0.0,ratio,True
SN-WDF01-AR90036-2026-07-02-13-V,WDF01,AR90036,2026-07-02T13:00:00Z,VISION_STOCKOUT,0.522,ratio,False
SN-WDF01-AR90036-2026-07-02-17-V,WDF01,AR90036,2026-07-02T17:00:00Z,VISION_STOCKOUT,0.618,ratio,False
SN-WDF01-AR00241-2026-07-02-9-V,WDF01,AR00241,2026-07-02T09:00:00Z,VISION_STOCKOUT,0.791,ratio,False
SN-WDF01-AR00241-2026-07-02-13-V,WDF01,AR00241,2026-07-02T13:00:00Z,VISION_STOCKOUT,0.418,ratio,False
SN-WDF01-AR00241-2026-07-02-17-V,WDF01,AR00241,2026-07-02T17:00:00Z,VISION_STOCKOUT,0.739,ratio,False
SN-WDF01-AR90019-2026-07-02-9-V,WDF01,AR90019,2026-07-02T09:00:00Z,VISION_STOCKOUT,0.745,ratio,False
SN-WDF01-AR90019-2026-07-02-13-V,WDF01,AR90019,2026-07-02T13:00:00Z,VISION_STOCKOUT,0.589,ratio,False
SN-WDF01-AR90019-2026-07-02-17-V,WDF01,AR90019,2026-07-02T17:00:00Z,VISION_STOCKOUT,0.503,ratio,False
SN-WDF01-AR00289-2026-07-02-9-V,WDF01,AR00289,2026-07-02T09:00:00Z,VISION_STOCKOUT,1.0,ratio,False
SN-WDF01-AR00289-2026-07-02-13-V,WDF01,AR00289,2026-07-02T13:00:00Z,VISION_STOCKOUT,0.701,ratio,False
SN-WDF01-AR00289-2026-07-02-17-V,WDF01,AR00289,2026-07-02T17:00:00Z,VISION_STOCKOUT,0.769,ratio,False
SN-WDF01-AR00240-2026-07-02-9-V,WDF01,AR00240,2026-07-02T09:00:00Z,VISION_STOCKOUT,0.633,ratio,False
SN-WDF01-AR00240-2026-07-02-13-V,WDF01,AR00240,2026-07-02T13:00:00Z,VISION_STOCKOUT,0.592,ratio,False
SN-WDF01-AR00240-2026-07-02-17-V,WDF01,AR00240,2026-07-02T17:00:00Z,VISION_STOCKOUT,0.494,ratio,False
SN-WDF01-AR00011-2026-07-02-9-V,WDF01,AR00011,2026-07-02T09:00:00Z,VISION_STOCKOUT,0.485,ratio,False
SN-WDF01-AR00011-2026-07-02-13-V,WDF01,AR00011,2026-07-02T13:00:00Z,VISION_STOCKOUT,0.559,ratio,False
SN-WDF01-AR00011-2026-07-02-17-V,WDF01,AR00011,2026-07-02T17:00:00Z,VISION_STOCKOUT,0.494,ratio,False
SN-WDF01-AR00084-2026-07-02-9-V,WDF01,AR00084,2026-07-02T09:00:00Z,VISION_STOCKOUT,0.75,ratio,False
SN-WDF01-AR00084-2026-07-02-13-V,WDF01,AR00084,2026-07-02T13:00:00Z,VISION_STOCKOUT,0.767,ratio,False
SN-WDF01-AR00084-2026-07-02-17-V,WDF01,AR00084,2026-07-02T17:00:00Z,VISION_STOCKOUT,0.435,ratio,False
SN-WDF01-AR90004-2026-07-02-ESL,WDF01,AR90004,2026-07-02T06:00:00Z,ESL,0.25,EUR,False
SN-WDF01-AR90003-2026-07-02-ESL,WDF01,AR90003,2026-07-02T06:00:00Z,ESL,0.15,EUR,False
SN-WDF01-AR90013-2026-07-02-ESL,WDF01,AR90013,2026-07-02T06:00:00Z,ESL,1.7,EUR,False
SN-WDF01-AR90002-2026-07-02-ESL,WDF01,AR90002,2026-07-02T06:00:00Z,ESL,0.09,EUR,False
SN-WDF01-AR90039-2026-07-02-ESL,WDF01,AR90039,2026-07-02T06:00:00Z,ESL,1.5,EUR,False
SN-WDF01-AR90018-2026-07-02-ESL,WDF01,AR90018,2026-07-02T06:00:00Z,ESL,1.95,EUR,False
SN-WDF01-AR00395-2026-07-02-ESL,WDF01,AR00395,2026-07-02T06:00:00Z,ESL,2.5,EUR,False
SN-WDF01-AR00394-2026-07-02-ESL,WDF01,AR00394,2026-07-02T06:00:00Z,ESL,2.9,EUR,False
SN-WDF01-2026-07-02-T0,WDF01,AR00441,2026-07-02T12:00:00Z,TEMPERATURE,5.32,C,False
SN-WDF01-2026-07-02-T1,WDF01,AR00290,2026-07-02T12:00:00Z,TEMPERATURE,5.06,C,False
SN-WDF01-2026-07-02-T2,WDF01,AR00285,2026-07-02T12:00:00Z,TEMPERATURE,4.89,C,False
SN-WDF01-2026-07-02-T3,WDF01,AR90023,2026-07-02T12:00:00Z,TEMPERATURE,8.85,C,True
SN-WDF01-2026-07-02-T4,WDF01,AR00381,2026-07-02T12:00:00Z,TEMPERATURE,4.83,C,False
SN-WDF01-2026-07-02-T5,WDF01,AR90016,2026-07-02T12:00:00Z,TEMPERATURE,7.26,C,False
SN-WDF01-AR90004-2026-07-03-9-V,WDF01,AR90004,2026-07-03T09:00:00Z,VISION_STOCKOUT,1.0,ratio,False
SN-WDF01-AR90004-2026-07-03-13-V,WDF01,AR90004,2026-07-03T13:00:00Z,VISION_STOCKOUT,0.564,ratio,False
SN-WDF01-AR90004-2026-07-03-17-V,WDF01,AR90004,2026-07-03T17:00:00Z,VISION_STOCKOUT,0.734,ratio,False
SN-WDF01-AR90003-2026-07-03-9-V,WDF01,AR90003,2026-07-03T09:00:00Z,VISION_STOCKOUT,0.555,ratio,False
SN-WDF01-AR90003-2026-07-03-13-V,WDF01,AR90003,2026-07-03T13:00:00Z,VISION_STOCKOUT,0.738,ratio,False
SN-WDF01-AR90003-2026-07-03-17-V,WDF01,AR90003,2026-07-03T17:00:00Z,VISION_STOCKOUT,0.807,ratio,False
SN-WDF01-AR90013-2026-07-03-9-V,WDF01,AR90013,2026-07-03T09:00:00Z,VISION_STOCKOUT,0.776,ratio,False
SN-WDF01-AR90013-2026-07-03-13-V,WDF01,AR90013,2026-07-03T13:00:00Z,VISION_STOCKOUT,0.491,ratio,False
SN-WDF01-AR90013-2026-07-03-17-V,WDF01,AR90013,2026-07-03T17:00:00Z,VISION_STOCKOUT,0.813,ratio,False
SN-WDF01-AR90002-2026-07-03-9-V,WDF01,AR90002,2026-07-03T09:00:00Z,VISION_STOCKOUT,0.354,ratio,False
SN-WDF01-AR90002-2026-07-03-13-V,WDF01,AR90002,2026-07-03T13:00:00Z,VISION_STOCKOUT,0.705,ratio,False
SN-WDF01-AR90002-2026-07-03-17-V,WDF01,AR90002,2026-07-03T17:00:00Z,VISION_STOCKOUT,0.262,ratio,False
SN-WDF01-AR90039-2026-07-03-9-V,WDF01,AR90039,2026-07-03T09:00:00Z,VISION_STOCKOUT,0.624,ratio,False
SN-WDF01-AR90039-2026-07-03-13-V,WDF01,AR90039,2026-07-03T13:00:00Z,VISION_STOCKOUT,0.83,ratio,False
SN-WDF01-AR90039-2026-07-03-17-V,WDF01,AR90039,2026-07-03T17:00:00Z,VISION_STOCKOUT,0.971,ratio,False
SN-WDF01-AR90018-2026-07-03-9-V,WDF01,AR90018,2026-07-03T09:00:00Z,VISION_STOCKOUT,0.971,ratio,False
SN-WDF01-AR90018-2026-07-03-13-V,WDF01,AR90018,2026-07-03T13:00:00Z,VISION_STOCKOUT,0.703,ratio,False
SN-WDF01-AR90018-2026-07-03-17-V,WDF01,AR90018,2026-07-03T17:00:00Z,VISION_STOCKOUT,0.401,ratio,False
SN-WDF01-AR00395-2026-07-03-9-V,WDF01,AR00395,2026-07-03T09:00:00Z,VISION_STOCKOUT,0.647,ratio,False
SN-WDF01-AR00395-2026-07-03-13-V,WDF01,AR00395,2026-07-03T13:00:00Z,VISION_STOCKOUT,0.408,ratio,False
SN-WDF01-AR00395-2026-07-03-17-V,WDF01,AR00395,2026-07-03T17:00:00Z,VISION_STOCKOUT,0.521,ratio,False
SN-WDF01-AR00394-2026-07-03-9-V,WDF01,AR00394,2026-07-03T09:00:00Z,VISION_STOCKOUT,0.613,ratio,False
SN-WDF01-AR00394-2026-07-03-13-V,WDF01,AR00394,2026-07-03T13:00:00Z,VISION_STOCKOUT,0.742,ratio,False
SN-WDF01-AR00394-2026-07-03-17-V,WDF01,AR00394,2026-07-03T17:00:00Z,VISION_STOCKOUT,0.645,ratio,False
SN-WDF01-AR00136-2026-07-03-9-V,WDF01,AR00136,2026-07-03T09:00:00Z,VISION_STOCKOUT,0.619,ratio,False
SN-WDF01-AR00136-2026-07-03-13-V,WDF01,AR00136,2026-07-03T13:00:00Z,VISION_STOCKOUT,0.557,ratio,False
SN-WDF01-AR00136-2026-07-03-17-V,WDF01,AR00136,2026-07-03T17:00:00Z,VISION_STOCKOUT,0.443,ratio,False
SN-WDF01-AR90034-2026-07-03-9-V,WDF01,AR90034,2026-07-03T09:00:00Z,VISION_STOCKOUT,0.671,ratio,False
SN-WDF01-AR90034-2026-07-03-13-V,WDF01,AR90034,2026-07-03T13:00:00Z,VISION_STOCKOUT,0.462,ratio,False
SN-WDF01-AR90034-2026-07-03-17-V,WDF01,AR90034,2026-07-03T17:00:00Z,VISION_STOCKOUT,0.981,ratio,False
SN-WDF01-AR90015-2026-07-03-9-V,WDF01,AR90015,2026-07-03T09:00:00Z,VISION_STOCKOUT,1.0,ratio,False
SN-WDF01-AR90015-2026-07-03-13-V,WDF01,AR90015,2026-07-03T13:00:00Z,VISION_STOCKOUT,0.546,ratio,False
SN-WDF01-AR90015-2026-07-03-17-V,WDF01,AR90015,2026-07-03T17:00:00Z,VISION_STOCKOUT,0.324,ratio,False
SN-WDF01-AR00188-2026-07-03-9-V,WDF01,AR00188,2026-07-03T09:00:00Z,VISION_STOCKOUT,0.645,ratio,False
SN-WDF01-AR00188-2026-07-03-13-V,WDF01,AR00188,2026-07-03T13:00:00Z,VISION_STOCKOUT,1.0,ratio,False
SN-WDF01-AR00188-2026-07-03-17-V,WDF01,AR00188,2026-07-03T17:00:00Z,VISION_STOCKOUT,0.595,ratio,False
SN-WDF01-AR00080-2026-07-03-9-V,WDF01,AR00080,2026-07-03T09:00:00Z,VISION_STOCKOUT,0.763,ratio,False
SN-WDF01-AR00080-2026-07-03-13-V,WDF01,AR00080,2026-07-03T13:00:00Z,VISION_STOCKOUT,0.686,ratio,False
SN-WDF01-AR00080-2026-07-03-17-V,WDF01,AR00080,2026-07-03T17:00:00Z,VISION_STOCKOUT,0.986,ratio,False
SN-WDF01-AR90014-2026-07-03-9-V,WDF01,AR90014,2026-07-03T09:00:00Z,VISION_STOCKOUT,0.658,ratio,False
SN-WDF01-AR90014-2026-07-03-13-V,WDF01,AR90014,2026-07-03T13:00:00Z,VISION_STOCKOUT,0.336,ratio,False
SN-WDF01-AR90014-2026-07-03-17-V,WDF01,AR90014,2026-07-03T17:00:00Z,VISION_STOCKOUT,0.727,ratio,False
SN-WDF01-AR90012-2026-07-03-9-V,WDF01,AR90012,2026-07-03T09:00:00Z,VISION_STOCKOUT,0.768,ratio,False
SN-WDF01-AR90012-2026-07-03-13-V,WDF01,AR90012,2026-07-03T13:00:00Z,VISION_STOCKOUT,0.338,ratio,False
SN-WDF01-AR90012-2026-07-03-17-V,WDF01,AR90012,2026-07-03T17:00:00Z,VISION_STOCKOUT,0.578,ratio,False
SN-WDF01-AR00245-2026-07-03-9-V,WDF01,AR00245,2026-07-03T09:00:00Z,VISION_STOCKOUT,0.658,ratio,False
SN-WDF01-AR00245-2026-07-03-13-V,WDF01,AR00245,2026-07-03T13:00:00Z,VISION_STOCKOUT,0.848,ratio,False
SN-WDF01-AR00245-2026-07-03-17-V,WDF01,AR00245,2026-07-03T17:00:00Z,VISION_STOCKOUT,0.735,ratio,False
SN-WDF01-AR00010-2026-07-03-9-V,WDF01,AR00010,2026-07-03T09:00:00Z,VISION_STOCKOUT,0.758,ratio,False
SN-WDF01-AR00010-2026-07-03-13-V,WDF01,AR00010,2026-07-03T13:00:00Z,VISION_STOCKOUT,0.034,ratio,True
SN-WDF01-AR00010-2026-07-03-17-V,WDF01,AR00010,2026-07-03T17:00:00Z,VISION_STOCKOUT,0.521,ratio,False
SN-WDF01-AR00009-2026-07-03-9-V,WDF01,AR00009,2026-07-03T09:00:00Z,VISION_STOCKOUT,0.268,ratio,False
SN-WDF01-AR00009-2026-07-03-13-V,WDF01,AR00009,2026-07-03T13:00:00Z,VISION_STOCKOUT,1.0,ratio,False
SN-WDF01-AR00009-2026-07-03-17-V,WDF01,AR00009,2026-07-03T17:00:00Z,VISION_STOCKOUT,0.882,ratio,False
SN-WDF01-AR90036-2026-07-03-9-V,WDF01,AR90036,2026-07-03T09:00:00Z,VISION_STOCKOUT,0.294,ratio,False
SN-WDF01-AR90036-2026-07-03-13-V,WDF01,AR90036,2026-07-03T13:00:00Z,VISION_STOCKOUT,0.729,ratio,False
SN-WDF01-AR90036-2026-07-03-17-V,WDF01,AR90036,2026-07-03T17:00:00Z,VISION_STOCKOUT,1.0,ratio,False
SN-WDF01-AR00241-2026-07-03-9-V,WDF01,AR00241,2026-07-03T09:00:00Z,VISION_STOCKOUT,0.539,ratio,False
SN-WDF01-AR00241-2026-07-03-13-V,WDF01,AR00241,2026-07-03T13:00:00Z,VISION_STOCKOUT,0.34,ratio,False
SN-WDF01-AR00241-2026-07-03-17-V,WDF01,AR00241,2026-07-03T17:00:00Z,VISION_STOCKOUT,0.426,ratio,False
SN-WDF01-AR90019-2026-07-03-9-V,WDF01,AR90019,2026-07-03T09:00:00Z,VISION_STOCKOUT,0.67,ratio,False
SN-WDF01-AR90019-2026-07-03-13-V,WDF01,AR90019,2026-07-03T13:00:00Z,VISION_STOCKOUT,0.762,ratio,False
SN-WDF01-AR90019-2026-07-03-17-V,WDF01,AR90019,2026-07-03T17:00:00Z,VISION_STOCKOUT,0.36,ratio,False
SN-WDF01-AR00289-2026-07-03-9-V,WDF01,AR00289,2026-07-03T09:00:00Z,VISION_STOCKOUT,0.575,ratio,False
SN-WDF01-AR00289-2026-07-03-13-V,WDF01,AR00289,2026-07-03T13:00:00Z,VISION_STOCKOUT,0.645,ratio,False
SN-WDF01-AR00289-2026-07-03-17-V,WDF01,AR00289,2026-07-03T17:00:00Z,VISION_STOCKOUT,0.754,ratio,False
SN-WDF01-AR00240-2026-07-03-9-V,WDF01,AR00240,2026-07-03T09:00:00Z,VISION_STOCKOUT,0.794,ratio,False
SN-WDF01-AR00240-2026-07-03-13-V,WDF01,AR00240,2026-07-03T13:00:00Z,VISION_STOCKOUT,0.748,ratio,False
SN-WDF01-AR00240-2026-07-03-17-V,WDF01,AR00240,2026-07-03T17:00:00Z,VISION_STOCKOUT,0.678,ratio,False
SN-WDF01-AR00011-2026-07-03-9-V,WDF01,AR00011,2026-07-03T09:00:00Z,VISION_STOCKOUT,0.612,ratio,False
SN-WDF01-AR00011-2026-07-03-13-V,WDF01,AR00011,2026-07-03T13:00:00Z,VISION_STOCKOUT,0.757,ratio,False
SN-WDF01-AR00011-2026-07-03-17-V,WDF01,AR00011,2026-07-03T17:00:00Z,VISION_STOCKOUT,0.494,ratio,False
SN-WDF01-AR00084-2026-07-03-9-V,WDF01,AR00084,2026-07-03T09:00:00Z,VISION_STOCKOUT,0.896,ratio,False
SN-WDF01-AR00084-2026-07-03-13-V,WDF01,AR00084,2026-07-03T13:00:00Z,VISION_STOCKOUT,0.328,ratio,False
SN-WDF01-AR00084-2026-07-03-17-V,WDF01,AR00084,2026-07-03T17:00:00Z,VISION_STOCKOUT,0.448,ratio,False
SN-WDF01-AR90004-2026-07-03-ESL,WDF01,AR90004,2026-07-03T06:00:00Z,ESL,0.25,EUR,False
SN-WDF01-AR90003-2026-07-03-ESL,WDF01,AR90003,2026-07-03T06:00:00Z,ESL,0.15,EUR,False
SN-WDF01-AR90013-2026-07-03-ESL,WDF01,AR90013,2026-07-03T06:00:00Z,ESL,1.7,EUR,False
SN-WDF01-AR90002-2026-07-03-ESL,WDF01,AR90002,2026-07-03T06:00:00Z,ESL,0.08,EUR,False
SN-WDF01-AR90039-2026-07-03-ESL,WDF01,AR90039,2026-07-03T06:00:00Z,ESL,1.5,EUR,False
SN-WDF01-AR90018-2026-07-03-ESL,WDF01,AR90018,2026-07-03T06:00:00Z,ESL,1.95,EUR,False
SN-WDF01-AR00395-2026-07-03-ESL,WDF01,AR00395,2026-07-03T06:00:00Z,ESL,2.5,EUR,False
SN-WDF01-AR00394-2026-07-03-ESL,WDF01,AR00394,2026-07-03T06:00:00Z,ESL,2.9,EUR,False
SN-WDF01-2026-07-03-T0,WDF01,AR00441,2026-07-03T12:00:00Z,TEMPERATURE,3.46,C,False
SN-WDF01-2026-07-03-T1,WDF01,AR90035,2026-07-03T12:00:00Z,TEMPERATURE,3.59,C,False
SN-WDF01-2026-07-03-T2,WDF01,AR00053,2026-07-03T12:00:00Z,TEMPERATURE,4.19,C,False
SN-WDF01-2026-07-03-T3,WDF01,AR00293,2026-07-03T12:00:00Z,TEMPERATURE,4.05,C,False
SN-WDF01-2026-07-03-T4,WDF01,AR00314,2026-07-03T12:00:00Z,TEMPERATURE,4.79,C,False
SN-WDF01-2026-07-03-T5,WDF01,AR00187,2026-07-03T12:00:00Z,TEMPERATURE,-18.23,C,False
SN-WDF02-AR90004-2026-06-27-9-V,WDF02,AR90004,2026-06-27T09:00:00Z,VISION_STOCKOUT,0.374,ratio,False
SN-WDF02-AR90004-2026-06-27-13-V,WDF02,AR90004,2026-06-27T13:00:00Z,VISION_STOCKOUT,0.668,ratio,False
SN-WDF02-AR90004-2026-06-27-17-V,WDF02,AR90004,2026-06-27T17:00:00Z,VISION_STOCKOUT,0.6,ratio,False
SN-WDF02-AR90003-2026-06-27-9-V,WDF02,AR90003,2026-06-27T09:00:00Z,VISION_STOCKOUT,0.341,ratio,False
SN-WDF02-AR90003-2026-06-27-13-V,WDF02,AR90003,2026-06-27T13:00:00Z,VISION_STOCKOUT,0.344,ratio,False
SN-WDF02-AR90003-2026-06-27-17-V,WDF02,AR90003,2026-06-27T17:00:00Z,VISION_STOCKOUT,0.939,ratio,False
SN-WDF02-AR90013-2026-06-27-9-V,WDF02,AR90013,2026-06-27T09:00:00Z,VISION_STOCKOUT,0.77,ratio,False
SN-WDF02-AR90013-2026-06-27-13-V,WDF02,AR90013,2026-06-27T13:00:00Z,VISION_STOCKOUT,0.357,ratio,False
SN-WDF02-AR90013-2026-06-27-17-V,WDF02,AR90013,2026-06-27T17:00:00Z,VISION_STOCKOUT,0.926,ratio,False
SN-WDF02-AR90039-2026-06-27-9-V,WDF02,AR90039,2026-06-27T09:00:00Z,VISION_STOCKOUT,0.548,ratio,False
SN-WDF02-AR90039-2026-06-27-13-V,WDF02,AR90039,2026-06-27T13:00:00Z,VISION_STOCKOUT,0.267,ratio,False
SN-WDF02-AR90039-2026-06-27-17-V,WDF02,AR90039,2026-06-27T17:00:00Z,VISION_STOCKOUT,0.705,ratio,False
SN-WDF02-AR90002-2026-06-27-9-V,WDF02,AR90002,2026-06-27T09:00:00Z,VISION_STOCKOUT,0.551,ratio,False
SN-WDF02-AR90002-2026-06-27-13-V,WDF02,AR90002,2026-06-27T13:00:00Z,VISION_STOCKOUT,0.225,ratio,False
SN-WDF02-AR90002-2026-06-27-17-V,WDF02,AR90002,2026-06-27T17:00:00Z,VISION_STOCKOUT,0.271,ratio,False
SN-WDF02-AR90018-2026-06-27-9-V,WDF02,AR90018,2026-06-27T09:00:00Z,VISION_STOCKOUT,0.458,ratio,False
SN-WDF02-AR90018-2026-06-27-13-V,WDF02,AR90018,2026-06-27T13:00:00Z,VISION_STOCKOUT,1.0,ratio,False
SN-WDF02-AR90018-2026-06-27-17-V,WDF02,AR90018,2026-06-27T17:00:00Z,VISION_STOCKOUT,0.656,ratio,False
SN-WDF02-AR90015-2026-06-27-9-V,WDF02,AR90015,2026-06-27T09:00:00Z,VISION_STOCKOUT,0.552,ratio,False
SN-WDF02-AR90015-2026-06-27-13-V,WDF02,AR90015,2026-06-27T13:00:00Z,VISION_STOCKOUT,0.999,ratio,False
SN-WDF02-AR90015-2026-06-27-17-V,WDF02,AR90015,2026-06-27T17:00:00Z,VISION_STOCKOUT,0.795,ratio,False
SN-WDF02-AR90012-2026-06-27-9-V,WDF02,AR90012,2026-06-27T09:00:00Z,VISION_STOCKOUT,0.668,ratio,False
SN-WDF02-AR90012-2026-06-27-13-V,WDF02,AR90012,2026-06-27T13:00:00Z,VISION_STOCKOUT,0.389,ratio,False
SN-WDF02-AR90012-2026-06-27-17-V,WDF02,AR90012,2026-06-27T17:00:00Z,VISION_STOCKOUT,0.501,ratio,False
SN-WDF02-AR00395-2026-06-27-9-V,WDF02,AR00395,2026-06-27T09:00:00Z,VISION_STOCKOUT,0.579,ratio,False
SN-WDF02-AR00395-2026-06-27-13-V,WDF02,AR00395,2026-06-27T13:00:00Z,VISION_STOCKOUT,0.73,ratio,False
SN-WDF02-AR00395-2026-06-27-17-V,WDF02,AR00395,2026-06-27T17:00:00Z,VISION_STOCKOUT,0.0,ratio,True
SN-WDF02-AR90014-2026-06-27-9-V,WDF02,AR90014,2026-06-27T09:00:00Z,VISION_STOCKOUT,0.812,ratio,False
SN-WDF02-AR90014-2026-06-27-13-V,WDF02,AR90014,2026-06-27T13:00:00Z,VISION_STOCKOUT,0.605,ratio,False
SN-WDF02-AR90014-2026-06-27-17-V,WDF02,AR90014,2026-06-27T17:00:00Z,VISION_STOCKOUT,0.422,ratio,False
SN-WDF02-AR00394-2026-06-27-9-V,WDF02,AR00394,2026-06-27T09:00:00Z,VISION_STOCKOUT,0.463,ratio,False
SN-WDF02-AR00394-2026-06-27-13-V,WDF02,AR00394,2026-06-27T13:00:00Z,VISION_STOCKOUT,0.66,ratio,False
SN-WDF02-AR00394-2026-06-27-17-V,WDF02,AR00394,2026-06-27T17:00:00Z,VISION_STOCKOUT,0.373,ratio,False
SN-WDF02-AR00080-2026-06-27-9-V,WDF02,AR00080,2026-06-27T09:00:00Z,VISION_STOCKOUT,0.144,ratio,True
SN-WDF02-AR00080-2026-06-27-13-V,WDF02,AR00080,2026-06-27T13:00:00Z,VISION_STOCKOUT,0.636,ratio,False
SN-WDF02-AR00080-2026-06-27-17-V,WDF02,AR00080,2026-06-27T17:00:00Z,VISION_STOCKOUT,0.508,ratio,False
SN-WDF02-AR00289-2026-06-27-9-V,WDF02,AR00289,2026-06-27T09:00:00Z,VISION_STOCKOUT,0.332,ratio,False
SN-WDF02-AR00289-2026-06-27-13-V,WDF02,AR00289,2026-06-27T13:00:00Z,VISION_STOCKOUT,0.558,ratio,False
SN-WDF02-AR00289-2026-06-27-17-V,WDF02,AR00289,2026-06-27T17:00:00Z,VISION_STOCKOUT,0.45,ratio,False
SN-WDF02-AR90019-2026-06-27-9-V,WDF02,AR90019,2026-06-27T09:00:00Z,VISION_STOCKOUT,0.628,ratio,False
SN-WDF02-AR90019-2026-06-27-13-V,WDF02,AR90019,2026-06-27T13:00:00Z,VISION_STOCKOUT,1.0,ratio,False
SN-WDF02-AR90019-2026-06-27-17-V,WDF02,AR90019,2026-06-27T17:00:00Z,VISION_STOCKOUT,1.0,ratio,False
SN-WDF02-AR00010-2026-06-27-9-V,WDF02,AR00010,2026-06-27T09:00:00Z,VISION_STOCKOUT,0.343,ratio,False
SN-WDF02-AR00010-2026-06-27-13-V,WDF02,AR00010,2026-06-27T13:00:00Z,VISION_STOCKOUT,0.775,ratio,False
SN-WDF02-AR00010-2026-06-27-17-V,WDF02,AR00010,2026-06-27T17:00:00Z,VISION_STOCKOUT,0.25,ratio,False
SN-WDF02-AR00084-2026-06-27-9-V,WDF02,AR00084,2026-06-27T09:00:00Z,VISION_STOCKOUT,0.587,ratio,False
SN-WDF02-AR00084-2026-06-27-13-V,WDF02,AR00084,2026-06-27T13:00:00Z,VISION_STOCKOUT,0.436,ratio,False
SN-WDF02-AR00084-2026-06-27-17-V,WDF02,AR00084,2026-06-27T17:00:00Z,VISION_STOCKOUT,0.942,ratio,False
SN-WDF02-AR90036-2026-06-27-9-V,WDF02,AR90036,2026-06-27T09:00:00Z,VISION_STOCKOUT,0.561,ratio,False
SN-WDF02-AR90036-2026-06-27-13-V,WDF02,AR90036,2026-06-27T13:00:00Z,VISION_STOCKOUT,0.384,ratio,False
SN-WDF02-AR90036-2026-06-27-17-V,WDF02,AR90036,2026-06-27T17:00:00Z,VISION_STOCKOUT,0.788,ratio,False
SN-WDF02-AR90055-2026-06-27-9-V,WDF02,AR90055,2026-06-27T09:00:00Z,VISION_STOCKOUT,0.788,ratio,False
SN-WDF02-AR90055-2026-06-27-13-V,WDF02,AR90055,2026-06-27T13:00:00Z,VISION_STOCKOUT,0.915,ratio,False
SN-WDF02-AR90055-2026-06-27-17-V,WDF02,AR90055,2026-06-27T17:00:00Z,VISION_STOCKOUT,0.794,ratio,False
SN-WDF02-AR00009-2026-06-27-9-V,WDF02,AR00009,2026-06-27T09:00:00Z,VISION_STOCKOUT,0.394,ratio,False
SN-WDF02-AR00009-2026-06-27-13-V,WDF02,AR00009,2026-06-27T13:00:00Z,VISION_STOCKOUT,0.644,ratio,False
SN-WDF02-AR00009-2026-06-27-17-V,WDF02,AR00009,2026-06-27T17:00:00Z,VISION_STOCKOUT,0.554,ratio,False
SN-WDF02-AR00137-2026-06-27-9-V,WDF02,AR00137,2026-06-27T09:00:00Z,VISION_STOCKOUT,0.71,ratio,False
SN-WDF02-AR00137-2026-06-27-13-V,WDF02,AR00137,2026-06-27T13:00:00Z,VISION_STOCKOUT,0.367,ratio,False
SN-WDF02-AR00137-2026-06-27-17-V,WDF02,AR00137,2026-06-27T17:00:00Z,VISION_STOCKOUT,0.68,ratio,False
SN-WDF02-AR90009-2026-06-27-9-V,WDF02,AR90009,2026-06-27T09:00:00Z,VISION_STOCKOUT,0.995,ratio,False
SN-WDF02-AR90009-2026-06-27-13-V,WDF02,AR90009,2026-06-27T13:00:00Z,VISION_STOCKOUT,0.311,ratio,False
SN-WDF02-AR90009-2026-06-27-17-V,WDF02,AR90009,2026-06-27T17:00:00Z,VISION_STOCKOUT,0.957,ratio,False
SN-WDF02-AR90034-2026-06-27-9-V,WDF02,AR90034,2026-06-27T09:00:00Z,VISION_STOCKOUT,0.705,ratio,False
SN-WDF02-AR90034-2026-06-27-13-V,WDF02,AR90034,2026-06-27T13:00:00Z,VISION_STOCKOUT,0.395,ratio,False
SN-WDF02-AR90034-2026-06-27-17-V,WDF02,AR90034,2026-06-27T17:00:00Z,VISION_STOCKOUT,0.713,ratio,False
SN-WDF02-AR00136-2026-06-27-9-V,WDF02,AR00136,2026-06-27T09:00:00Z,VISION_STOCKOUT,0.757,ratio,False
SN-WDF02-AR00136-2026-06-27-13-V,WDF02,AR00136,2026-06-27T13:00:00Z,VISION_STOCKOUT,1.0,ratio,False
SN-WDF02-AR00136-2026-06-27-17-V,WDF02,AR00136,2026-06-27T17:00:00Z,VISION_STOCKOUT,0.145,ratio,True
SN-WDF02-AR00024-2026-06-27-9-V,WDF02,AR00024,2026-06-27T09:00:00Z,VISION_STOCKOUT,0.675,ratio,False
SN-WDF02-AR00024-2026-06-27-13-V,WDF02,AR00024,2026-06-27T13:00:00Z,VISION_STOCKOUT,0.685,ratio,False
SN-WDF02-AR00024-2026-06-27-17-V,WDF02,AR00024,2026-06-27T17:00:00Z,VISION_STOCKOUT,0.647,ratio,False
SN-WDF02-AR90054-2026-06-27-9-V,WDF02,AR90054,2026-06-27T09:00:00Z,VISION_STOCKOUT,0.322,ratio,False
SN-WDF02-AR90054-2026-06-27-13-V,WDF02,AR90054,2026-06-27T13:00:00Z,VISION_STOCKOUT,0.416,ratio,False
SN-WDF02-AR90054-2026-06-27-17-V,WDF02,AR90054,2026-06-27T17:00:00Z,VISION_STOCKOUT,0.383,ratio,False
SN-WDF02-AR90004-2026-06-27-ESL,WDF02,AR90004,2026-06-27T06:00:00Z,ESL,0.25,EUR,False
SN-WDF02-AR90003-2026-06-27-ESL,WDF02,AR90003,2026-06-27T06:00:00Z,ESL,0.15,EUR,False
SN-WDF02-AR90013-2026-06-27-ESL,WDF02,AR90013,2026-06-27T06:00:00Z,ESL,1.7,EUR,False
SN-WDF02-AR90039-2026-06-27-ESL,WDF02,AR90039,2026-06-27T06:00:00Z,ESL,1.5,EUR,False
SN-WDF02-AR90002-2026-06-27-ESL,WDF02,AR90002,2026-06-27T06:00:00Z,ESL,0.08,EUR,False
SN-WDF02-AR90018-2026-06-27-ESL,WDF02,AR90018,2026-06-27T06:00:00Z,ESL,1.95,EUR,False
SN-WDF02-AR90015-2026-06-27-ESL,WDF02,AR90015,2026-06-27T06:00:00Z,ESL,1.7,EUR,False
SN-WDF02-AR90012-2026-06-27-ESL,WDF02,AR90012,2026-06-27T06:00:00Z,ESL,1.7,EUR,False
SN-WDF02-2026-06-27-T0,WDF02,AR00380,2026-06-27T12:00:00Z,TEMPERATURE,6.09,C,False
SN-WDF02-2026-06-27-T1,WDF02,AR00137,2026-06-27T12:00:00Z,TEMPERATURE,-21.49,C,True
SN-WDF02-2026-06-27-T2,WDF02,AR00140,2026-06-27T12:00:00Z,TEMPERATURE,4.4,C,False
SN-WDF02-2026-06-27-T3,WDF02,AR00282,2026-06-27T12:00:00Z,TEMPERATURE,6.94,C,False
SN-WDF02-2026-06-27-T4,WDF02,AR00240,2026-06-27T12:00:00Z,TEMPERATURE,12.09,C,True
SN-WDF02-2026-06-27-T5,WDF02,AR00187,2026-06-27T12:00:00Z,TEMPERATURE,-10.84,C,True
SN-WDF02-AR90004-2026-06-28-9-V,WDF02,AR90004,2026-06-28T09:00:00Z,VISION_STOCKOUT,0.072,ratio,True
SN-WDF02-AR90004-2026-06-28-13-V,WDF02,AR90004,2026-06-28T13:00:00Z,VISION_STOCKOUT,0.307,ratio,False
SN-WDF02-AR90004-2026-06-28-17-V,WDF02,AR90004,2026-06-28T17:00:00Z,VISION_STOCKOUT,0.606,ratio,False
SN-WDF02-AR90003-2026-06-28-9-V,WDF02,AR90003,2026-06-28T09:00:00Z,VISION_STOCKOUT,0.646,ratio,False
SN-WDF02-AR90003-2026-06-28-13-V,WDF02,AR90003,2026-06-28T13:00:00Z,VISION_STOCKOUT,0.428,ratio,False
SN-WDF02-AR90003-2026-06-28-17-V,WDF02,AR90003,2026-06-28T17:00:00Z,VISION_STOCKOUT,0.29,ratio,False
SN-WDF02-AR90013-2026-06-28-9-V,WDF02,AR90013,2026-06-28T09:00:00Z,VISION_STOCKOUT,0.462,ratio,False
SN-WDF02-AR90013-2026-06-28-13-V,WDF02,AR90013,2026-06-28T13:00:00Z,VISION_STOCKOUT,0.993,ratio,False
SN-WDF02-AR90013-2026-06-28-17-V,WDF02,AR90013,2026-06-28T17:00:00Z,VISION_STOCKOUT,0.885,ratio,False
SN-WDF02-AR90039-2026-06-28-9-V,WDF02,AR90039,2026-06-28T09:00:00Z,VISION_STOCKOUT,0.0,ratio,True
SN-WDF02-AR90039-2026-06-28-13-V,WDF02,AR90039,2026-06-28T13:00:00Z,VISION_STOCKOUT,0.841,ratio,False
SN-WDF02-AR90039-2026-06-28-17-V,WDF02,AR90039,2026-06-28T17:00:00Z,VISION_STOCKOUT,0.416,ratio,False
SN-WDF02-AR90002-2026-06-28-9-V,WDF02,AR90002,2026-06-28T09:00:00Z,VISION_STOCKOUT,0.968,ratio,False
SN-WDF02-AR90002-2026-06-28-13-V,WDF02,AR90002,2026-06-28T13:00:00Z,VISION_STOCKOUT,0.359,ratio,False
SN-WDF02-AR90002-2026-06-28-17-V,WDF02,AR90002,2026-06-28T17:00:00Z,VISION_STOCKOUT,0.435,ratio,False
SN-WDF02-AR90018-2026-06-28-9-V,WDF02,AR90018,2026-06-28T09:00:00Z,VISION_STOCKOUT,0.814,ratio,False
SN-WDF02-AR90018-2026-06-28-13-V,WDF02,AR90018,2026-06-28T13:00:00Z,VISION_STOCKOUT,0.542,ratio,False
SN-WDF02-AR90018-2026-06-28-17-V,WDF02,AR90018,2026-06-28T17:00:00Z,VISION_STOCKOUT,0.397,ratio,False
SN-WDF02-AR90015-2026-06-28-9-V,WDF02,AR90015,2026-06-28T09:00:00Z,VISION_STOCKOUT,0.573,ratio,False
SN-WDF02-AR90015-2026-06-28-13-V,WDF02,AR90015,2026-06-28T13:00:00Z,VISION_STOCKOUT,0.433,ratio,False
SN-WDF02-AR90015-2026-06-28-17-V,WDF02,AR90015,2026-06-28T17:00:00Z,VISION_STOCKOUT,0.256,ratio,False
SN-WDF02-AR90012-2026-06-28-9-V,WDF02,AR90012,2026-06-28T09:00:00Z,VISION_STOCKOUT,0.396,ratio,False
SN-WDF02-AR90012-2026-06-28-13-V,WDF02,AR90012,2026-06-28T13:00:00Z,VISION_STOCKOUT,1.0,ratio,False
SN-WDF02-AR90012-2026-06-28-17-V,WDF02,AR90012,2026-06-28T17:00:00Z,VISION_STOCKOUT,0.596,ratio,False
SN-WDF02-AR00395-2026-06-28-9-V,WDF02,AR00395,2026-06-28T09:00:00Z,VISION_STOCKOUT,0.79,ratio,False
SN-WDF02-AR00395-2026-06-28-13-V,WDF02,AR00395,2026-06-28T13:00:00Z,VISION_STOCKOUT,0.956,ratio,False
SN-WDF02-AR00395-2026-06-28-17-V,WDF02,AR00395,2026-06-28T17:00:00Z,VISION_STOCKOUT,1.0,ratio,False
SN-WDF02-AR90014-2026-06-28-9-V,WDF02,AR90014,2026-06-28T09:00:00Z,VISION_STOCKOUT,0.59,ratio,False
SN-WDF02-AR90014-2026-06-28-13-V,WDF02,AR90014,2026-06-28T13:00:00Z,VISION_STOCKOUT,0.442,ratio,False
SN-WDF02-AR90014-2026-06-28-17-V,WDF02,AR90014,2026-06-28T17:00:00Z,VISION_STOCKOUT,0.441,ratio,False
SN-WDF02-AR00394-2026-06-28-9-V,WDF02,AR00394,2026-06-28T09:00:00Z,VISION_STOCKOUT,0.414,ratio,False
SN-WDF02-AR00394-2026-06-28-13-V,WDF02,AR00394,2026-06-28T13:00:00Z,VISION_STOCKOUT,0.834,ratio,False
SN-WDF02-AR00394-2026-06-28-17-V,WDF02,AR00394,2026-06-28T17:00:00Z,VISION_STOCKOUT,0.866,ratio,False
SN-WDF02-AR00080-2026-06-28-9-V,WDF02,AR00080,2026-06-28T09:00:00Z,VISION_STOCKOUT,0.103,ratio,True
SN-WDF02-AR00080-2026-06-28-13-V,WDF02,AR00080,2026-06-28T13:00:00Z,VISION_STOCKOUT,0.424,ratio,False
SN-WDF02-AR00080-2026-06-28-17-V,WDF02,AR00080,2026-06-28T17:00:00Z,VISION_STOCKOUT,0.606,ratio,False
SN-WDF02-AR00289-2026-06-28-9-V,WDF02,AR00289,2026-06-28T09:00:00Z,VISION_STOCKOUT,0.682,ratio,False
SN-WDF02-AR00289-2026-06-28-13-V,WDF02,AR00289,2026-06-28T13:00:00Z,VISION_STOCKOUT,0.527,ratio,False
SN-WDF02-AR00289-2026-06-28-17-V,WDF02,AR00289,2026-06-28T17:00:00Z,VISION_STOCKOUT,0.473,ratio,False
SN-WDF02-AR90019-2026-06-28-9-V,WDF02,AR90019,2026-06-28T09:00:00Z,VISION_STOCKOUT,0.567,ratio,False
SN-WDF02-AR90019-2026-06-28-13-V,WDF02,AR90019,2026-06-28T13:00:00Z,VISION_STOCKOUT,0.189,ratio,False
SN-WDF02-AR90019-2026-06-28-17-V,WDF02,AR90019,2026-06-28T17:00:00Z,VISION_STOCKOUT,1.0,ratio,False
SN-WDF02-AR00010-2026-06-28-9-V,WDF02,AR00010,2026-06-28T09:00:00Z,VISION_STOCKOUT,0.827,ratio,False
SN-WDF02-AR00010-2026-06-28-13-V,WDF02,AR00010,2026-06-28T13:00:00Z,VISION_STOCKOUT,0.9,ratio,False
SN-WDF02-AR00010-2026-06-28-17-V,WDF02,AR00010,2026-06-28T17:00:00Z,VISION_STOCKOUT,0.891,ratio,False
SN-WDF02-AR00084-2026-06-28-9-V,WDF02,AR00084,2026-06-28T09:00:00Z,VISION_STOCKOUT,0.419,ratio,False
SN-WDF02-AR00084-2026-06-28-13-V,WDF02,AR00084,2026-06-28T13:00:00Z,VISION_STOCKOUT,0.199,ratio,False
SN-WDF02-AR00084-2026-06-28-17-V,WDF02,AR00084,2026-06-28T17:00:00Z,VISION_STOCKOUT,0.82,ratio,False
SN-WDF02-AR90036-2026-06-28-9-V,WDF02,AR90036,2026-06-28T09:00:00Z,VISION_STOCKOUT,0.41,ratio,False
SN-WDF02-AR90036-2026-06-28-13-V,WDF02,AR90036,2026-06-28T13:00:00Z,VISION_STOCKOUT,0.994,ratio,False
SN-WDF02-AR90036-2026-06-28-17-V,WDF02,AR90036,2026-06-28T17:00:00Z,VISION_STOCKOUT,0.605,ratio,False
SN-WDF02-AR90055-2026-06-28-9-V,WDF02,AR90055,2026-06-28T09:00:00Z,VISION_STOCKOUT,0.85,ratio,False
SN-WDF02-AR90055-2026-06-28-13-V,WDF02,AR90055,2026-06-28T13:00:00Z,VISION_STOCKOUT,0.458,ratio,False
SN-WDF02-AR90055-2026-06-28-17-V,WDF02,AR90055,2026-06-28T17:00:00Z,VISION_STOCKOUT,0.794,ratio,False
SN-WDF02-AR00009-2026-06-28-9-V,WDF02,AR00009,2026-06-28T09:00:00Z,VISION_STOCKOUT,0.143,ratio,True
SN-WDF02-AR00009-2026-06-28-13-V,WDF02,AR00009,2026-06-28T13:00:00Z,VISION_STOCKOUT,0.374,ratio,False
SN-WDF02-AR00009-2026-06-28-17-V,WDF02,AR00009,2026-06-28T17:00:00Z,VISION_STOCKOUT,0.888,ratio,False
SN-WDF02-AR00137-2026-06-28-9-V,WDF02,AR00137,2026-06-28T09:00:00Z,VISION_STOCKOUT,0.851,ratio,False
SN-WDF02-AR00137-2026-06-28-13-V,WDF02,AR00137,2026-06-28T13:00:00Z,VISION_STOCKOUT,0.705,ratio,False
SN-WDF02-AR00137-2026-06-28-17-V,WDF02,AR00137,2026-06-28T17:00:00Z,VISION_STOCKOUT,0.719,ratio,False
SN-WDF02-AR90009-2026-06-28-9-V,WDF02,AR90009,2026-06-28T09:00:00Z,VISION_STOCKOUT,0.529,ratio,False
SN-WDF02-AR90009-2026-06-28-13-V,WDF02,AR90009,2026-06-28T13:00:00Z,VISION_STOCKOUT,0.292,ratio,False
SN-WDF02-AR90009-2026-06-28-17-V,WDF02,AR90009,2026-06-28T17:00:00Z,VISION_STOCKOUT,0.485,ratio,False
SN-WDF02-AR90034-2026-06-28-9-V,WDF02,AR90034,2026-06-28T09:00:00Z,VISION_STOCKOUT,0.619,ratio,False
SN-WDF02-AR90034-2026-06-28-13-V,WDF02,AR90034,2026-06-28T13:00:00Z,VISION_STOCKOUT,0.481,ratio,False
SN-WDF02-AR90034-2026-06-28-17-V,WDF02,AR90034,2026-06-28T17:00:00Z,VISION_STOCKOUT,0.612,ratio,False
SN-WDF02-AR00136-2026-06-28-9-V,WDF02,AR00136,2026-06-28T09:00:00Z,VISION_STOCKOUT,0.567,ratio,False
SN-WDF02-AR00136-2026-06-28-13-V,WDF02,AR00136,2026-06-28T13:00:00Z,VISION_STOCKOUT,0.669,ratio,False
SN-WDF02-AR00136-2026-06-28-17-V,WDF02,AR00136,2026-06-28T17:00:00Z,VISION_STOCKOUT,0.858,ratio,False
SN-WDF02-AR00024-2026-06-28-9-V,WDF02,AR00024,2026-06-28T09:00:00Z,VISION_STOCKOUT,0.632,ratio,False
SN-WDF02-AR00024-2026-06-28-13-V,WDF02,AR00024,2026-06-28T13:00:00Z,VISION_STOCKOUT,0.37,ratio,False
SN-WDF02-AR00024-2026-06-28-17-V,WDF02,AR00024,2026-06-28T17:00:00Z,VISION_STOCKOUT,0.659,ratio,False
SN-WDF02-AR90054-2026-06-28-9-V,WDF02,AR90054,2026-06-28T09:00:00Z,VISION_STOCKOUT,1.0,ratio,False
SN-WDF02-AR90054-2026-06-28-13-V,WDF02,AR90054,2026-06-28T13:00:00Z,VISION_STOCKOUT,0.843,ratio,False
SN-WDF02-AR90054-2026-06-28-17-V,WDF02,AR90054,2026-06-28T17:00:00Z,VISION_STOCKOUT,0.225,ratio,False
SN-WDF02-AR90004-2026-06-28-ESL,WDF02,AR90004,2026-06-28T06:00:00Z,ESL,0.25,EUR,False
SN-WDF02-AR90003-2026-06-28-ESL,WDF02,AR90003,2026-06-28T06:00:00Z,ESL,0.15,EUR,False
SN-WDF02-AR90013-2026-06-28-ESL,WDF02,AR90013,2026-06-28T06:00:00Z,ESL,1.7,EUR,False
SN-WDF02-AR90039-2026-06-28-ESL,WDF02,AR90039,2026-06-28T06:00:00Z,ESL,1.5,EUR,False
SN-WDF02-AR90002-2026-06-28-ESL,WDF02,AR90002,2026-06-28T06:00:00Z,ESL,0.08,EUR,False
SN-WDF02-AR90018-2026-06-28-ESL,WDF02,AR90018,2026-06-28T06:00:00Z,ESL,1.95,EUR,False
SN-WDF02-AR90015-2026-06-28-ESL,WDF02,AR90015,2026-06-28T06:00:00Z,ESL,1.5,EUR,True
SN-WDF02-AR90012-2026-06-28-ESL,WDF02,AR90012,2026-06-28T06:00:00Z,ESL,1.7,EUR,False
SN-WDF02-2026-06-28-T0,WDF02,AR00441,2026-06-28T12:00:00Z,TEMPERATURE,2.22,C,False
SN-WDF02-2026-06-28-T1,WDF02,AR00159,2026-06-28T12:00:00Z,TEMPERATURE,4.37,C,False
SN-WDF02-2026-06-28-T2,WDF02,AR00290,2026-06-28T12:00:00Z,TEMPERATURE,7.35,C,False
SN-WDF02-2026-06-28-T3,WDF02,AR90021,2026-06-28T12:00:00Z,TEMPERATURE,3.2,C,False
SN-WDF02-2026-06-28-T4,WDF02,AR90020,2026-06-28T12:00:00Z,TEMPERATURE,6.28,C,False
SN-WDF02-2026-06-28-T5,WDF02,AR00136,2026-06-28T12:00:00Z,TEMPERATURE,-16.45,C,False
SN-WDF02-AR90004-2026-06-29-9-V,WDF02,AR90004,2026-06-29T09:00:00Z,VISION_STOCKOUT,0.747,ratio,False
SN-WDF02-AR90004-2026-06-29-13-V,WDF02,AR90004,2026-06-29T13:00:00Z,VISION_STOCKOUT,0.576,ratio,False
SN-WDF02-AR90004-2026-06-29-17-V,WDF02,AR90004,2026-06-29T17:00:00Z,VISION_STOCKOUT,0.95,ratio,False
SN-WDF02-AR90003-2026-06-29-9-V,WDF02,AR90003,2026-06-29T09:00:00Z,VISION_STOCKOUT,0.836,ratio,False
SN-WDF02-AR90003-2026-06-29-13-V,WDF02,AR90003,2026-06-29T13:00:00Z,VISION_STOCKOUT,1.0,ratio,False
SN-WDF02-AR90003-2026-06-29-17-V,WDF02,AR90003,2026-06-29T17:00:00Z,VISION_STOCKOUT,0.407,ratio,False
SN-WDF02-AR90013-2026-06-29-9-V,WDF02,AR90013,2026-06-29T09:00:00Z,VISION_STOCKOUT,0.522,ratio,False
SN-WDF02-AR90013-2026-06-29-13-V,WDF02,AR90013,2026-06-29T13:00:00Z,VISION_STOCKOUT,0.329,ratio,False
SN-WDF02-AR90013-2026-06-29-17-V,WDF02,AR90013,2026-06-29T17:00:00Z,VISION_STOCKOUT,0.377,ratio,False
SN-WDF02-AR90039-2026-06-29-9-V,WDF02,AR90039,2026-06-29T09:00:00Z,VISION_STOCKOUT,0.663,ratio,False
SN-WDF02-AR90039-2026-06-29-13-V,WDF02,AR90039,2026-06-29T13:00:00Z,VISION_STOCKOUT,0.492,ratio,False
SN-WDF02-AR90039-2026-06-29-17-V,WDF02,AR90039,2026-06-29T17:00:00Z,VISION_STOCKOUT,0.538,ratio,False
SN-WDF02-AR90002-2026-06-29-9-V,WDF02,AR90002,2026-06-29T09:00:00Z,VISION_STOCKOUT,0.575,ratio,False
SN-WDF02-AR90002-2026-06-29-13-V,WDF02,AR90002,2026-06-29T13:00:00Z,VISION_STOCKOUT,0.806,ratio,False
SN-WDF02-AR90002-2026-06-29-17-V,WDF02,AR90002,2026-06-29T17:00:00Z,VISION_STOCKOUT,0.824,ratio,False
SN-WDF02-AR90018-2026-06-29-9-V,WDF02,AR90018,2026-06-29T09:00:00Z,VISION_STOCKOUT,0.791,ratio,False
SN-WDF02-AR90018-2026-06-29-13-V,WDF02,AR90018,2026-06-29T13:00:00Z,VISION_STOCKOUT,0.599,ratio,False
SN-WDF02-AR90018-2026-06-29-17-V,WDF02,AR90018,2026-06-29T17:00:00Z,VISION_STOCKOUT,0.649,ratio,False
SN-WDF02-AR90015-2026-06-29-9-V,WDF02,AR90015,2026-06-29T09:00:00Z,VISION_STOCKOUT,0.841,ratio,False
SN-WDF02-AR90015-2026-06-29-13-V,WDF02,AR90015,2026-06-29T13:00:00Z,VISION_STOCKOUT,0.776,ratio,False
SN-WDF02-AR90015-2026-06-29-17-V,WDF02,AR90015,2026-06-29T17:00:00Z,VISION_STOCKOUT,0.929,ratio,False
SN-WDF02-AR90012-2026-06-29-9-V,WDF02,AR90012,2026-06-29T09:00:00Z,VISION_STOCKOUT,0.887,ratio,False
SN-WDF02-AR90012-2026-06-29-13-V,WDF02,AR90012,2026-06-29T13:00:00Z,VISION_STOCKOUT,0.398,ratio,False
SN-WDF02-AR90012-2026-06-29-17-V,WDF02,AR90012,2026-06-29T17:00:00Z,VISION_STOCKOUT,0.611,ratio,False
SN-WDF02-AR00395-2026-06-29-9-V,WDF02,AR00395,2026-06-29T09:00:00Z,VISION_STOCKOUT,0.745,ratio,False
SN-WDF02-AR00395-2026-06-29-13-V,WDF02,AR00395,2026-06-29T13:00:00Z,VISION_STOCKOUT,0.646,ratio,False
SN-WDF02-AR00395-2026-06-29-17-V,WDF02,AR00395,2026-06-29T17:00:00Z,VISION_STOCKOUT,0.509,ratio,False
SN-WDF02-AR90014-2026-06-29-9-V,WDF02,AR90014,2026-06-29T09:00:00Z,VISION_STOCKOUT,0.376,ratio,False
SN-WDF02-AR90014-2026-06-29-13-V,WDF02,AR90014,2026-06-29T13:00:00Z,VISION_STOCKOUT,0.632,ratio,False
SN-WDF02-AR90014-2026-06-29-17-V,WDF02,AR90014,2026-06-29T17:00:00Z,VISION_STOCKOUT,0.687,ratio,False
SN-WDF02-AR00394-2026-06-29-9-V,WDF02,AR00394,2026-06-29T09:00:00Z,VISION_STOCKOUT,0.274,ratio,False
SN-WDF02-AR00394-2026-06-29-13-V,WDF02,AR00394,2026-06-29T13:00:00Z,VISION_STOCKOUT,0.797,ratio,False
SN-WDF02-AR00394-2026-06-29-17-V,WDF02,AR00394,2026-06-29T17:00:00Z,VISION_STOCKOUT,0.423,ratio,False
SN-WDF02-AR00080-2026-06-29-9-V,WDF02,AR00080,2026-06-29T09:00:00Z,VISION_STOCKOUT,0.58,ratio,False
SN-WDF02-AR00080-2026-06-29-13-V,WDF02,AR00080,2026-06-29T13:00:00Z,VISION_STOCKOUT,0.687,ratio,False
SN-WDF02-AR00080-2026-06-29-17-V,WDF02,AR00080,2026-06-29T17:00:00Z,VISION_STOCKOUT,1.0,ratio,False
SN-WDF02-AR00289-2026-06-29-9-V,WDF02,AR00289,2026-06-29T09:00:00Z,VISION_STOCKOUT,0.412,ratio,False
SN-WDF02-AR00289-2026-06-29-13-V,WDF02,AR00289,2026-06-29T13:00:00Z,VISION_STOCKOUT,0.626,ratio,False
SN-WDF02-AR00289-2026-06-29-17-V,WDF02,AR00289,2026-06-29T17:00:00Z,VISION_STOCKOUT,0.551,ratio,False
SN-WDF02-AR90019-2026-06-29-9-V,WDF02,AR90019,2026-06-29T09:00:00Z,VISION_STOCKOUT,0.354,ratio,False
SN-WDF02-AR90019-2026-06-29-13-V,WDF02,AR90019,2026-06-29T13:00:00Z,VISION_STOCKOUT,0.366,ratio,False
SN-WDF02-AR90019-2026-06-29-17-V,WDF02,AR90019,2026-06-29T17:00:00Z,VISION_STOCKOUT,0.954,ratio,False
SN-WDF02-AR00010-2026-06-29-9-V,WDF02,AR00010,2026-06-29T09:00:00Z,VISION_STOCKOUT,0.386,ratio,False
SN-WDF02-AR00010-2026-06-29-13-V,WDF02,AR00010,2026-06-29T13:00:00Z,VISION_STOCKOUT,0.717,ratio,False
SN-WDF02-AR00010-2026-06-29-17-V,WDF02,AR00010,2026-06-29T17:00:00Z,VISION_STOCKOUT,0.587,ratio,False
SN-WDF02-AR00084-2026-06-29-9-V,WDF02,AR00084,2026-06-29T09:00:00Z,VISION_STOCKOUT,0.594,ratio,False
SN-WDF02-AR00084-2026-06-29-13-V,WDF02,AR00084,2026-06-29T13:00:00Z,VISION_STOCKOUT,0.065,ratio,True
SN-WDF02-AR00084-2026-06-29-17-V,WDF02,AR00084,2026-06-29T17:00:00Z,VISION_STOCKOUT,0.501,ratio,False
SN-WDF02-AR90036-2026-06-29-9-V,WDF02,AR90036,2026-06-29T09:00:00Z,VISION_STOCKOUT,0.629,ratio,False
SN-WDF02-AR90036-2026-06-29-13-V,WDF02,AR90036,2026-06-29T13:00:00Z,VISION_STOCKOUT,0.757,ratio,False
SN-WDF02-AR90036-2026-06-29-17-V,WDF02,AR90036,2026-06-29T17:00:00Z,VISION_STOCKOUT,0.502,ratio,False
SN-WDF02-AR90055-2026-06-29-9-V,WDF02,AR90055,2026-06-29T09:00:00Z,VISION_STOCKOUT,0.191,ratio,False
SN-WDF02-AR90055-2026-06-29-13-V,WDF02,AR90055,2026-06-29T13:00:00Z,VISION_STOCKOUT,0.528,ratio,False
SN-WDF02-AR90055-2026-06-29-17-V,WDF02,AR90055,2026-06-29T17:00:00Z,VISION_STOCKOUT,0.623,ratio,False
SN-WDF02-AR00009-2026-06-29-9-V,WDF02,AR00009,2026-06-29T09:00:00Z,VISION_STOCKOUT,0.509,ratio,False
SN-WDF02-AR00009-2026-06-29-13-V,WDF02,AR00009,2026-06-29T13:00:00Z,VISION_STOCKOUT,0.432,ratio,False
SN-WDF02-AR00009-2026-06-29-17-V,WDF02,AR00009,2026-06-29T17:00:00Z,VISION_STOCKOUT,0.957,ratio,False
SN-WDF02-AR00137-2026-06-29-9-V,WDF02,AR00137,2026-06-29T09:00:00Z,VISION_STOCKOUT,0.648,ratio,False
SN-WDF02-AR00137-2026-06-29-13-V,WDF02,AR00137,2026-06-29T13:00:00Z,VISION_STOCKOUT,0.663,ratio,False
SN-WDF02-AR00137-2026-06-29-17-V,WDF02,AR00137,2026-06-29T17:00:00Z,VISION_STOCKOUT,0.432,ratio,False
SN-WDF02-AR90009-2026-06-29-9-V,WDF02,AR90009,2026-06-29T09:00:00Z,VISION_STOCKOUT,0.025,ratio,True
SN-WDF02-AR90009-2026-06-29-13-V,WDF02,AR90009,2026-06-29T13:00:00Z,VISION_STOCKOUT,0.921,ratio,False
SN-WDF02-AR90009-2026-06-29-17-V,WDF02,AR90009,2026-06-29T17:00:00Z,VISION_STOCKOUT,0.744,ratio,False
SN-WDF02-AR90034-2026-06-29-9-V,WDF02,AR90034,2026-06-29T09:00:00Z,VISION_STOCKOUT,0.716,ratio,False
SN-WDF02-AR90034-2026-06-29-13-V,WDF02,AR90034,2026-06-29T13:00:00Z,VISION_STOCKOUT,1.0,ratio,False
SN-WDF02-AR90034-2026-06-29-17-V,WDF02,AR90034,2026-06-29T17:00:00Z,VISION_STOCKOUT,0.28,ratio,False
SN-WDF02-AR00136-2026-06-29-9-V,WDF02,AR00136,2026-06-29T09:00:00Z,VISION_STOCKOUT,0.627,ratio,False
SN-WDF02-AR00136-2026-06-29-13-V,WDF02,AR00136,2026-06-29T13:00:00Z,VISION_STOCKOUT,0.175,ratio,False
SN-WDF02-AR00136-2026-06-29-17-V,WDF02,AR00136,2026-06-29T17:00:00Z,VISION_STOCKOUT,0.651,ratio,False
SN-WDF02-AR00024-2026-06-29-9-V,WDF02,AR00024,2026-06-29T09:00:00Z,VISION_STOCKOUT,0.487,ratio,False
SN-WDF02-AR00024-2026-06-29-13-V,WDF02,AR00024,2026-06-29T13:00:00Z,VISION_STOCKOUT,0.507,ratio,False
SN-WDF02-AR00024-2026-06-29-17-V,WDF02,AR00024,2026-06-29T17:00:00Z,VISION_STOCKOUT,0.942,ratio,False
SN-WDF02-AR90054-2026-06-29-9-V,WDF02,AR90054,2026-06-29T09:00:00Z,VISION_STOCKOUT,0.776,ratio,False
SN-WDF02-AR90054-2026-06-29-13-V,WDF02,AR90054,2026-06-29T13:00:00Z,VISION_STOCKOUT,0.723,ratio,False
SN-WDF02-AR90054-2026-06-29-17-V,WDF02,AR90054,2026-06-29T17:00:00Z,VISION_STOCKOUT,0.451,ratio,False
SN-WDF02-AR90004-2026-06-29-ESL,WDF02,AR90004,2026-06-29T06:00:00Z,ESL,0.25,EUR,False
SN-WDF02-AR90003-2026-06-29-ESL,WDF02,AR90003,2026-06-29T06:00:00Z,ESL,0.15,EUR,False
SN-WDF02-AR90013-2026-06-29-ESL,WDF02,AR90013,2026-06-29T06:00:00Z,ESL,1.7,EUR,False
SN-WDF02-AR90039-2026-06-29-ESL,WDF02,AR90039,2026-06-29T06:00:00Z,ESL,1.5,EUR,False
SN-WDF02-AR90002-2026-06-29-ESL,WDF02,AR90002,2026-06-29T06:00:00Z,ESL,0.08,EUR,False
SN-WDF02-AR90018-2026-06-29-ESL,WDF02,AR90018,2026-06-29T06:00:00Z,ESL,1.95,EUR,False
SN-WDF02-AR90015-2026-06-29-ESL,WDF02,AR90015,2026-06-29T06:00:00Z,ESL,1.7,EUR,False
SN-WDF02-AR90012-2026-06-29-ESL,WDF02,AR90012,2026-06-29T06:00:00Z,ESL,1.7,EUR,False
SN-WDF02-2026-06-29-T0,WDF02,AR00131,2026-06-29T12:00:00Z,TEMPERATURE,4.44,C,False
SN-WDF02-2026-06-29-T1,WDF02,IKA005,2026-06-29T12:00:00Z,TEMPERATURE,7.19,C,False
SN-WDF02-2026-06-29-T2,WDF02,AR00163,2026-06-29T12:00:00Z,TEMPERATURE,2.5,C,False
SN-WDF02-2026-06-29-T3,WDF02,AR00185,2026-06-29T12:00:00Z,TEMPERATURE,5.43,C,False
SN-WDF02-2026-06-29-T4,WDF02,AR00389,2026-06-29T12:00:00Z,TEMPERATURE,3.76,C,False
SN-WDF02-2026-06-29-T5,WDF02,AR00243,2026-06-29T12:00:00Z,TEMPERATURE,2.64,C,False
SN-WDF02-AR90004-2026-06-30-9-V,WDF02,AR90004,2026-06-30T09:00:00Z,VISION_STOCKOUT,0.496,ratio,False
SN-WDF02-AR90004-2026-06-30-13-V,WDF02,AR90004,2026-06-30T13:00:00Z,VISION_STOCKOUT,0.378,ratio,False
SN-WDF02-AR90004-2026-06-30-17-V,WDF02,AR90004,2026-06-30T17:00:00Z,VISION_STOCKOUT,0.708,ratio,False
SN-WDF02-AR90003-2026-06-30-9-V,WDF02,AR90003,2026-06-30T09:00:00Z,VISION_STOCKOUT,0.982,ratio,False
SN-WDF02-AR90003-2026-06-30-13-V,WDF02,AR90003,2026-06-30T13:00:00Z,VISION_STOCKOUT,0.265,ratio,False
SN-WDF02-AR90003-2026-06-30-17-V,WDF02,AR90003,2026-06-30T17:00:00Z,VISION_STOCKOUT,0.567,ratio,False
SN-WDF02-AR90013-2026-06-30-9-V,WDF02,AR90013,2026-06-30T09:00:00Z,VISION_STOCKOUT,0.37,ratio,False
SN-WDF02-AR90013-2026-06-30-13-V,WDF02,AR90013,2026-06-30T13:00:00Z,VISION_STOCKOUT,0.12,ratio,True
SN-WDF02-AR90013-2026-06-30-17-V,WDF02,AR90013,2026-06-30T17:00:00Z,VISION_STOCKOUT,0.456,ratio,False
SN-WDF02-AR90039-2026-06-30-9-V,WDF02,AR90039,2026-06-30T09:00:00Z,VISION_STOCKOUT,0.834,ratio,False
SN-WDF02-AR90039-2026-06-30-13-V,WDF02,AR90039,2026-06-30T13:00:00Z,VISION_STOCKOUT,0.222,ratio,False
SN-WDF02-AR90039-2026-06-30-17-V,WDF02,AR90039,2026-06-30T17:00:00Z,VISION_STOCKOUT,0.462,ratio,False
SN-WDF02-AR90002-2026-06-30-9-V,WDF02,AR90002,2026-06-30T09:00:00Z,VISION_STOCKOUT,0.523,ratio,False
SN-WDF02-AR90002-2026-06-30-13-V,WDF02,AR90002,2026-06-30T13:00:00Z,VISION_STOCKOUT,0.288,ratio,False
SN-WDF02-AR90002-2026-06-30-17-V,WDF02,AR90002,2026-06-30T17:00:00Z,VISION_STOCKOUT,0.605,ratio,False
SN-WDF02-AR90018-2026-06-30-9-V,WDF02,AR90018,2026-06-30T09:00:00Z,VISION_STOCKOUT,0.68,ratio,False
SN-WDF02-AR90018-2026-06-30-13-V,WDF02,AR90018,2026-06-30T13:00:00Z,VISION_STOCKOUT,0.69,ratio,False
SN-WDF02-AR90018-2026-06-30-17-V,WDF02,AR90018,2026-06-30T17:00:00Z,VISION_STOCKOUT,0.504,ratio,False
SN-WDF02-AR90015-2026-06-30-9-V,WDF02,AR90015,2026-06-30T09:00:00Z,VISION_STOCKOUT,0.306,ratio,False
SN-WDF02-AR90015-2026-06-30-13-V,WDF02,AR90015,2026-06-30T13:00:00Z,VISION_STOCKOUT,0.235,ratio,False
SN-WDF02-AR90015-2026-06-30-17-V,WDF02,AR90015,2026-06-30T17:00:00Z,VISION_STOCKOUT,0.48,ratio,False
SN-WDF02-AR90012-2026-06-30-9-V,WDF02,AR90012,2026-06-30T09:00:00Z,VISION_STOCKOUT,0.693,ratio,False
SN-WDF02-AR90012-2026-06-30-13-V,WDF02,AR90012,2026-06-30T13:00:00Z,VISION_STOCKOUT,0.171,ratio,False
SN-WDF02-AR90012-2026-06-30-17-V,WDF02,AR90012,2026-06-30T17:00:00Z,VISION_STOCKOUT,0.494,ratio,False
SN-WDF02-AR00395-2026-06-30-9-V,WDF02,AR00395,2026-06-30T09:00:00Z,VISION_STOCKOUT,1.0,ratio,False
SN-WDF02-AR00395-2026-06-30-13-V,WDF02,AR00395,2026-06-30T13:00:00Z,VISION_STOCKOUT,0.0,ratio,True
SN-WDF02-AR00395-2026-06-30-17-V,WDF02,AR00395,2026-06-30T17:00:00Z,VISION_STOCKOUT,0.453,ratio,False
SN-WDF02-AR90014-2026-06-30-9-V,WDF02,AR90014,2026-06-30T09:00:00Z,VISION_STOCKOUT,0.438,ratio,False
SN-WDF02-AR90014-2026-06-30-13-V,WDF02,AR90014,2026-06-30T13:00:00Z,VISION_STOCKOUT,0.275,ratio,False
SN-WDF02-AR90014-2026-06-30-17-V,WDF02,AR90014,2026-06-30T17:00:00Z,VISION_STOCKOUT,0.554,ratio,False
SN-WDF02-AR00394-2026-06-30-9-V,WDF02,AR00394,2026-06-30T09:00:00Z,VISION_STOCKOUT,1.0,ratio,False
SN-WDF02-AR00394-2026-06-30-13-V,WDF02,AR00394,2026-06-30T13:00:00Z,VISION_STOCKOUT,1.0,ratio,False
SN-WDF02-AR00394-2026-06-30-17-V,WDF02,AR00394,2026-06-30T17:00:00Z,VISION_STOCKOUT,0.49,ratio,False
SN-WDF02-AR00080-2026-06-30-9-V,WDF02,AR00080,2026-06-30T09:00:00Z,VISION_STOCKOUT,0.712,ratio,False
SN-WDF02-AR00080-2026-06-30-13-V,WDF02,AR00080,2026-06-30T13:00:00Z,VISION_STOCKOUT,0.172,ratio,False
SN-WDF02-AR00080-2026-06-30-17-V,WDF02,AR00080,2026-06-30T17:00:00Z,VISION_STOCKOUT,0.617,ratio,False
SN-WDF02-AR00289-2026-06-30-9-V,WDF02,AR00289,2026-06-30T09:00:00Z,VISION_STOCKOUT,0.477,ratio,False
SN-WDF02-AR00289-2026-06-30-13-V,WDF02,AR00289,2026-06-30T13:00:00Z,VISION_STOCKOUT,0.395,ratio,False
SN-WDF02-AR00289-2026-06-30-17-V,WDF02,AR00289,2026-06-30T17:00:00Z,VISION_STOCKOUT,0.9,ratio,False
SN-WDF02-AR90019-2026-06-30-9-V,WDF02,AR90019,2026-06-30T09:00:00Z,VISION_STOCKOUT,0.849,ratio,False
SN-WDF02-AR90019-2026-06-30-13-V,WDF02,AR90019,2026-06-30T13:00:00Z,VISION_STOCKOUT,0.286,ratio,False
SN-WDF02-AR90019-2026-06-30-17-V,WDF02,AR90019,2026-06-30T17:00:00Z,VISION_STOCKOUT,0.595,ratio,False
SN-WDF02-AR00010-2026-06-30-9-V,WDF02,AR00010,2026-06-30T09:00:00Z,VISION_STOCKOUT,0.597,ratio,False
SN-WDF02-AR00010-2026-06-30-13-V,WDF02,AR00010,2026-06-30T13:00:00Z,VISION_STOCKOUT,0.276,ratio,False
SN-WDF02-AR00010-2026-06-30-17-V,WDF02,AR00010,2026-06-30T17:00:00Z,VISION_STOCKOUT,0.156,ratio,False
SN-WDF02-AR00084-2026-06-30-9-V,WDF02,AR00084,2026-06-30T09:00:00Z,VISION_STOCKOUT,0.867,ratio,False
SN-WDF02-AR00084-2026-06-30-13-V,WDF02,AR00084,2026-06-30T13:00:00Z,VISION_STOCKOUT,0.718,ratio,False
SN-WDF02-AR00084-2026-06-30-17-V,WDF02,AR00084,2026-06-30T17:00:00Z,VISION_STOCKOUT,0.691,ratio,False
SN-WDF02-AR90036-2026-06-30-9-V,WDF02,AR90036,2026-06-30T09:00:00Z,VISION_STOCKOUT,0.282,ratio,False
SN-WDF02-AR90036-2026-06-30-13-V,WDF02,AR90036,2026-06-30T13:00:00Z,VISION_STOCKOUT,0.997,ratio,False
SN-WDF02-AR90036-2026-06-30-17-V,WDF02,AR90036,2026-06-30T17:00:00Z,VISION_STOCKOUT,0.843,ratio,False
SN-WDF02-AR90055-2026-06-30-9-V,WDF02,AR90055,2026-06-30T09:00:00Z,VISION_STOCKOUT,0.442,ratio,False
SN-WDF02-AR90055-2026-06-30-13-V,WDF02,AR90055,2026-06-30T13:00:00Z,VISION_STOCKOUT,0.448,ratio,False
SN-WDF02-AR90055-2026-06-30-17-V,WDF02,AR90055,2026-06-30T17:00:00Z,VISION_STOCKOUT,0.495,ratio,False
SN-WDF02-AR00009-2026-06-30-9-V,WDF02,AR00009,2026-06-30T09:00:00Z,VISION_STOCKOUT,0.84,ratio,False
SN-WDF02-AR00009-2026-06-30-13-V,WDF02,AR00009,2026-06-30T13:00:00Z,VISION_STOCKOUT,0.651,ratio,False
SN-WDF02-AR00009-2026-06-30-17-V,WDF02,AR00009,2026-06-30T17:00:00Z,VISION_STOCKOUT,0.676,ratio,False
SN-WDF02-AR00137-2026-06-30-9-V,WDF02,AR00137,2026-06-30T09:00:00Z,VISION_STOCKOUT,0.903,ratio,False
SN-WDF02-AR00137-2026-06-30-13-V,WDF02,AR00137,2026-06-30T13:00:00Z,VISION_STOCKOUT,0.526,ratio,False
SN-WDF02-AR00137-2026-06-30-17-V,WDF02,AR00137,2026-06-30T17:00:00Z,VISION_STOCKOUT,0.56,ratio,False
SN-WDF02-AR90009-2026-06-30-9-V,WDF02,AR90009,2026-06-30T09:00:00Z,VISION_STOCKOUT,1.0,ratio,False
SN-WDF02-AR90009-2026-06-30-13-V,WDF02,AR90009,2026-06-30T13:00:00Z,VISION_STOCKOUT,0.875,ratio,False
SN-WDF02-AR90009-2026-06-30-17-V,WDF02,AR90009,2026-06-30T17:00:00Z,VISION_STOCKOUT,1.0,ratio,False
SN-WDF02-AR90034-2026-06-30-9-V,WDF02,AR90034,2026-06-30T09:00:00Z,VISION_STOCKOUT,1.0,ratio,False
SN-WDF02-AR90034-2026-06-30-13-V,WDF02,AR90034,2026-06-30T13:00:00Z,VISION_STOCKOUT,0.497,ratio,False
SN-WDF02-AR90034-2026-06-30-17-V,WDF02,AR90034,2026-06-30T17:00:00Z,VISION_STOCKOUT,0.619,ratio,False
SN-WDF02-AR00136-2026-06-30-9-V,WDF02,AR00136,2026-06-30T09:00:00Z,VISION_STOCKOUT,0.863,ratio,False
SN-WDF02-AR00136-2026-06-30-13-V,WDF02,AR00136,2026-06-30T13:00:00Z,VISION_STOCKOUT,0.628,ratio,False
SN-WDF02-AR00136-2026-06-30-17-V,WDF02,AR00136,2026-06-30T17:00:00Z,VISION_STOCKOUT,0.861,ratio,False
SN-WDF02-AR00024-2026-06-30-9-V,WDF02,AR00024,2026-06-30T09:00:00Z,VISION_STOCKOUT,0.335,ratio,False
SN-WDF02-AR00024-2026-06-30-13-V,WDF02,AR00024,2026-06-30T13:00:00Z,VISION_STOCKOUT,0.47,ratio,False
SN-WDF02-AR00024-2026-06-30-17-V,WDF02,AR00024,2026-06-30T17:00:00Z,VISION_STOCKOUT,0.625,ratio,False
SN-WDF02-AR90054-2026-06-30-9-V,WDF02,AR90054,2026-06-30T09:00:00Z,VISION_STOCKOUT,0.56,ratio,False
SN-WDF02-AR90054-2026-06-30-13-V,WDF02,AR90054,2026-06-30T13:00:00Z,VISION_STOCKOUT,0.465,ratio,False
SN-WDF02-AR90054-2026-06-30-17-V,WDF02,AR90054,2026-06-30T17:00:00Z,VISION_STOCKOUT,0.633,ratio,False
SN-WDF02-AR90004-2026-06-30-ESL,WDF02,AR90004,2026-06-30T06:00:00Z,ESL,0.25,EUR,False
SN-WDF02-AR90003-2026-06-30-ESL,WDF02,AR90003,2026-06-30T06:00:00Z,ESL,0.15,EUR,False
SN-WDF02-AR90013-2026-06-30-ESL,WDF02,AR90013,2026-06-30T06:00:00Z,ESL,1.7,EUR,False
SN-WDF02-AR90039-2026-06-30-ESL,WDF02,AR90039,2026-06-30T06:00:00Z,ESL,1.5,EUR,False
SN-WDF02-AR90002-2026-06-30-ESL,WDF02,AR90002,2026-06-30T06:00:00Z,ESL,0.08,EUR,False
SN-WDF02-AR90018-2026-06-30-ESL,WDF02,AR90018,2026-06-30T06:00:00Z,ESL,1.95,EUR,False
SN-WDF02-AR90015-2026-06-30-ESL,WDF02,AR90015,2026-06-30T06:00:00Z,ESL,1.7,EUR,False
SN-WDF02-AR90012-2026-06-30-ESL,WDF02,AR90012,2026-06-30T06:00:00Z,ESL,1.7,EUR,False
SN-WDF02-2026-06-30-T0,WDF02,AR00161,2026-06-30T12:00:00Z,TEMPERATURE,2.78,C,False
SN-WDF02-2026-06-30-T1,WDF02,AR00069,2026-06-30T12:00:00Z,TEMPERATURE,-19.63,C,False
SN-WDF02-2026-06-30-T2,WDF02,AR00160,2026-06-30T12:00:00Z,TEMPERATURE,5.74,C,False
SN-WDF02-2026-06-30-T3,WDF02,AR00436,2026-06-30T12:00:00Z,TEMPERATURE,5.42,C,False
SN-WDF02-2026-06-30-T4,WDF02,AR00018,2026-06-30T12:00:00Z,TEMPERATURE,6.41,C,False
SN-WDF02-2026-06-30-T5,WDF02,AR00312,2026-06-30T12:00:00Z,TEMPERATURE,6.32,C,False
SN-WDF02-AR90004-2026-07-01-9-V,WDF02,AR90004,2026-07-01T09:00:00Z,VISION_STOCKOUT,1.0,ratio,False
SN-WDF02-AR90004-2026-07-01-13-V,WDF02,AR90004,2026-07-01T13:00:00Z,VISION_STOCKOUT,0.956,ratio,False
SN-WDF02-AR90004-2026-07-01-17-V,WDF02,AR90004,2026-07-01T17:00:00Z,VISION_STOCKOUT,0.913,ratio,False
SN-WDF02-AR90003-2026-07-01-9-V,WDF02,AR90003,2026-07-01T09:00:00Z,VISION_STOCKOUT,0.902,ratio,False
SN-WDF02-AR90003-2026-07-01-13-V,WDF02,AR90003,2026-07-01T13:00:00Z,VISION_STOCKOUT,0.851,ratio,False
SN-WDF02-AR90003-2026-07-01-17-V,WDF02,AR90003,2026-07-01T17:00:00Z,VISION_STOCKOUT,0.586,ratio,False
SN-WDF02-AR90013-2026-07-01-9-V,WDF02,AR90013,2026-07-01T09:00:00Z,VISION_STOCKOUT,0.542,ratio,False
SN-WDF02-AR90013-2026-07-01-13-V,WDF02,AR90013,2026-07-01T13:00:00Z,VISION_STOCKOUT,1.0,ratio,False
SN-WDF02-AR90013-2026-07-01-17-V,WDF02,AR90013,2026-07-01T17:00:00Z,VISION_STOCKOUT,0.906,ratio,False
SN-WDF02-AR90039-2026-07-01-9-V,WDF02,AR90039,2026-07-01T09:00:00Z,VISION_STOCKOUT,0.757,ratio,False
SN-WDF02-AR90039-2026-07-01-13-V,WDF02,AR90039,2026-07-01T13:00:00Z,VISION_STOCKOUT,0.318,ratio,False
SN-WDF02-AR90039-2026-07-01-17-V,WDF02,AR90039,2026-07-01T17:00:00Z,VISION_STOCKOUT,0.696,ratio,False
SN-WDF02-AR90002-2026-07-01-9-V,WDF02,AR90002,2026-07-01T09:00:00Z,VISION_STOCKOUT,0.893,ratio,False
SN-WDF02-AR90002-2026-07-01-13-V,WDF02,AR90002,2026-07-01T13:00:00Z,VISION_STOCKOUT,0.75,ratio,False
SN-WDF02-AR90002-2026-07-01-17-V,WDF02,AR90002,2026-07-01T17:00:00Z,VISION_STOCKOUT,0.585,ratio,False
SN-WDF02-AR90018-2026-07-01-9-V,WDF02,AR90018,2026-07-01T09:00:00Z,VISION_STOCKOUT,0.799,ratio,False
SN-WDF02-AR90018-2026-07-01-13-V,WDF02,AR90018,2026-07-01T13:00:00Z,VISION_STOCKOUT,0.851,ratio,False
SN-WDF02-AR90018-2026-07-01-17-V,WDF02,AR90018,2026-07-01T17:00:00Z,VISION_STOCKOUT,0.35,ratio,False
SN-WDF02-AR90015-2026-07-01-9-V,WDF02,AR90015,2026-07-01T09:00:00Z,VISION_STOCKOUT,1.0,ratio,False
SN-WDF02-AR90015-2026-07-01-13-V,WDF02,AR90015,2026-07-01T13:00:00Z,VISION_STOCKOUT,0.647,ratio,False
SN-WDF02-AR90015-2026-07-01-17-V,WDF02,AR90015,2026-07-01T17:00:00Z,VISION_STOCKOUT,0.778,ratio,False
SN-WDF02-AR90012-2026-07-01-9-V,WDF02,AR90012,2026-07-01T09:00:00Z,VISION_STOCKOUT,0.756,ratio,False
SN-WDF02-AR90012-2026-07-01-13-V,WDF02,AR90012,2026-07-01T13:00:00Z,VISION_STOCKOUT,0.613,ratio,False
SN-WDF02-AR90012-2026-07-01-17-V,WDF02,AR90012,2026-07-01T17:00:00Z,VISION_STOCKOUT,0.604,ratio,False
SN-WDF02-AR00395-2026-07-01-9-V,WDF02,AR00395,2026-07-01T09:00:00Z,VISION_STOCKOUT,0.665,ratio,False
SN-WDF02-AR00395-2026-07-01-13-V,WDF02,AR00395,2026-07-01T13:00:00Z,VISION_STOCKOUT,0.969,ratio,False
SN-WDF02-AR00395-2026-07-01-17-V,WDF02,AR00395,2026-07-01T17:00:00Z,VISION_STOCKOUT,0.923,ratio,False
SN-WDF02-AR90014-2026-07-01-9-V,WDF02,AR90014,2026-07-01T09:00:00Z,VISION_STOCKOUT,0.991,ratio,False
SN-WDF02-AR90014-2026-07-01-13-V,WDF02,AR90014,2026-07-01T13:00:00Z,VISION_STOCKOUT,0.87,ratio,False
SN-WDF02-AR90014-2026-07-01-17-V,WDF02,AR90014,2026-07-01T17:00:00Z,VISION_STOCKOUT,0.489,ratio,False
SN-WDF02-AR00394-2026-07-01-9-V,WDF02,AR00394,2026-07-01T09:00:00Z,VISION_STOCKOUT,0.456,ratio,False
SN-WDF02-AR00394-2026-07-01-13-V,WDF02,AR00394,2026-07-01T13:00:00Z,VISION_STOCKOUT,0.762,ratio,False
SN-WDF02-AR00394-2026-07-01-17-V,WDF02,AR00394,2026-07-01T17:00:00Z,VISION_STOCKOUT,0.591,ratio,False
SN-WDF02-AR00080-2026-07-01-9-V,WDF02,AR00080,2026-07-01T09:00:00Z,VISION_STOCKOUT,0.569,ratio,False
SN-WDF02-AR00080-2026-07-01-13-V,WDF02,AR00080,2026-07-01T13:00:00Z,VISION_STOCKOUT,1.0,ratio,False
SN-WDF02-AR00080-2026-07-01-17-V,WDF02,AR00080,2026-07-01T17:00:00Z,VISION_STOCKOUT,0.935,ratio,False
SN-WDF02-AR00289-2026-07-01-9-V,WDF02,AR00289,2026-07-01T09:00:00Z,VISION_STOCKOUT,0.838,ratio,False
SN-WDF02-AR00289-2026-07-01-13-V,WDF02,AR00289,2026-07-01T13:00:00Z,VISION_STOCKOUT,0.721,ratio,False
SN-WDF02-AR00289-2026-07-01-17-V,WDF02,AR00289,2026-07-01T17:00:00Z,VISION_STOCKOUT,0.776,ratio,False
SN-WDF02-AR90019-2026-07-01-9-V,WDF02,AR90019,2026-07-01T09:00:00Z,VISION_STOCKOUT,0.729,ratio,False
SN-WDF02-AR90019-2026-07-01-13-V,WDF02,AR90019,2026-07-01T13:00:00Z,VISION_STOCKOUT,0.645,ratio,False
SN-WDF02-AR90019-2026-07-01-17-V,WDF02,AR90019,2026-07-01T17:00:00Z,VISION_STOCKOUT,0.86,ratio,False
SN-WDF02-AR00010-2026-07-01-9-V,WDF02,AR00010,2026-07-01T09:00:00Z,VISION_STOCKOUT,0.96,ratio,False
SN-WDF02-AR00010-2026-07-01-13-V,WDF02,AR00010,2026-07-01T13:00:00Z,VISION_STOCKOUT,0.45,ratio,False
SN-WDF02-AR00010-2026-07-01-17-V,WDF02,AR00010,2026-07-01T17:00:00Z,VISION_STOCKOUT,0.911,ratio,False
SN-WDF02-AR00084-2026-07-01-9-V,WDF02,AR00084,2026-07-01T09:00:00Z,VISION_STOCKOUT,0.25,ratio,False
SN-WDF02-AR00084-2026-07-01-13-V,WDF02,AR00084,2026-07-01T13:00:00Z,VISION_STOCKOUT,0.968,ratio,False
SN-WDF02-AR00084-2026-07-01-17-V,WDF02,AR00084,2026-07-01T17:00:00Z,VISION_STOCKOUT,0.474,ratio,False
SN-WDF02-AR90036-2026-07-01-9-V,WDF02,AR90036,2026-07-01T09:00:00Z,VISION_STOCKOUT,0.69,ratio,False
SN-WDF02-AR90036-2026-07-01-13-V,WDF02,AR90036,2026-07-01T13:00:00Z,VISION_STOCKOUT,0.587,ratio,False
SN-WDF02-AR90036-2026-07-01-17-V,WDF02,AR90036,2026-07-01T17:00:00Z,VISION_STOCKOUT,0.776,ratio,False
SN-WDF02-AR90055-2026-07-01-9-V,WDF02,AR90055,2026-07-01T09:00:00Z,VISION_STOCKOUT,0.29,ratio,False
SN-WDF02-AR90055-2026-07-01-13-V,WDF02,AR90055,2026-07-01T13:00:00Z,VISION_STOCKOUT,0.0,ratio,True
SN-WDF02-AR90055-2026-07-01-17-V,WDF02,AR90055,2026-07-01T17:00:00Z,VISION_STOCKOUT,0.338,ratio,False
SN-WDF02-AR00009-2026-07-01-9-V,WDF02,AR00009,2026-07-01T09:00:00Z,VISION_STOCKOUT,0.853,ratio,False
SN-WDF02-AR00009-2026-07-01-13-V,WDF02,AR00009,2026-07-01T13:00:00Z,VISION_STOCKOUT,0.555,ratio,False
SN-WDF02-AR00009-2026-07-01-17-V,WDF02,AR00009,2026-07-01T17:00:00Z,VISION_STOCKOUT,0.526,ratio,False
SN-WDF02-AR00137-2026-07-01-9-V,WDF02,AR00137,2026-07-01T09:00:00Z,VISION_STOCKOUT,0.554,ratio,False
SN-WDF02-AR00137-2026-07-01-13-V,WDF02,AR00137,2026-07-01T13:00:00Z,VISION_STOCKOUT,0.545,ratio,False
SN-WDF02-AR00137-2026-07-01-17-V,WDF02,AR00137,2026-07-01T17:00:00Z,VISION_STOCKOUT,0.502,ratio,False
SN-WDF02-AR90009-2026-07-01-9-V,WDF02,AR90009,2026-07-01T09:00:00Z,VISION_STOCKOUT,0.549,ratio,False
SN-WDF02-AR90009-2026-07-01-13-V,WDF02,AR90009,2026-07-01T13:00:00Z,VISION_STOCKOUT,0.499,ratio,False
SN-WDF02-AR90009-2026-07-01-17-V,WDF02,AR90009,2026-07-01T17:00:00Z,VISION_STOCKOUT,0.469,ratio,False
SN-WDF02-AR90034-2026-07-01-9-V,WDF02,AR90034,2026-07-01T09:00:00Z,VISION_STOCKOUT,0.565,ratio,False
SN-WDF02-AR90034-2026-07-01-13-V,WDF02,AR90034,2026-07-01T13:00:00Z,VISION_STOCKOUT,0.604,ratio,False
SN-WDF02-AR90034-2026-07-01-17-V,WDF02,AR90034,2026-07-01T17:00:00Z,VISION_STOCKOUT,0.256,ratio,False
SN-WDF02-AR00136-2026-07-01-9-V,WDF02,AR00136,2026-07-01T09:00:00Z,VISION_STOCKOUT,0.433,ratio,False
SN-WDF02-AR00136-2026-07-01-13-V,WDF02,AR00136,2026-07-01T13:00:00Z,VISION_STOCKOUT,1.0,ratio,False
SN-WDF02-AR00136-2026-07-01-17-V,WDF02,AR00136,2026-07-01T17:00:00Z,VISION_STOCKOUT,0.679,ratio,False
SN-WDF02-AR00024-2026-07-01-9-V,WDF02,AR00024,2026-07-01T09:00:00Z,VISION_STOCKOUT,0.808,ratio,False
SN-WDF02-AR00024-2026-07-01-13-V,WDF02,AR00024,2026-07-01T13:00:00Z,VISION_STOCKOUT,0.598,ratio,False
SN-WDF02-AR00024-2026-07-01-17-V,WDF02,AR00024,2026-07-01T17:00:00Z,VISION_STOCKOUT,0.674,ratio,False
SN-WDF02-AR90054-2026-07-01-9-V,WDF02,AR90054,2026-07-01T09:00:00Z,VISION_STOCKOUT,0.176,ratio,False
SN-WDF02-AR90054-2026-07-01-13-V,WDF02,AR90054,2026-07-01T13:00:00Z,VISION_STOCKOUT,0.786,ratio,False
SN-WDF02-AR90054-2026-07-01-17-V,WDF02,AR90054,2026-07-01T17:00:00Z,VISION_STOCKOUT,0.429,ratio,False
SN-WDF02-AR90004-2026-07-01-ESL,WDF02,AR90004,2026-07-01T06:00:00Z,ESL,0.25,EUR,False
SN-WDF02-AR90003-2026-07-01-ESL,WDF02,AR90003,2026-07-01T06:00:00Z,ESL,0.15,EUR,False
SN-WDF02-AR90013-2026-07-01-ESL,WDF02,AR90013,2026-07-01T06:00:00Z,ESL,1.7,EUR,False
SN-WDF02-AR90039-2026-07-01-ESL,WDF02,AR90039,2026-07-01T06:00:00Z,ESL,1.5,EUR,False
SN-WDF02-AR90002-2026-07-01-ESL,WDF02,AR90002,2026-07-01T06:00:00Z,ESL,0.08,EUR,False
SN-WDF02-AR90018-2026-07-01-ESL,WDF02,AR90018,2026-07-01T06:00:00Z,ESL,1.95,EUR,False
SN-WDF02-AR90015-2026-07-01-ESL,WDF02,AR90015,2026-07-01T06:00:00Z,ESL,1.7,EUR,False
SN-WDF02-AR90012-2026-07-01-ESL,WDF02,AR90012,2026-07-01T06:00:00Z,ESL,1.7,EUR,False
SN-WDF02-2026-07-01-T0,WDF02,AR00084,2026-07-01T12:00:00Z,TEMPERATURE,-18.22,C,False
SN-WDF02-2026-07-01-T1,WDF02,AR90029,2026-07-01T12:00:00Z,TEMPERATURE,6.03,C,False
SN-WDF02-2026-07-01-T2,WDF02,AR90006,2026-07-01T12:00:00Z,TEMPERATURE,5.02,C,False
SN-WDF02-2026-07-01-T3,WDF02,AR00380,2026-07-01T12:00:00Z,TEMPERATURE,3.61,C,False
SN-WDF02-2026-07-01-T4,WDF02,AR00058,2026-07-01T12:00:00Z,TEMPERATURE,-16.35,C,False
SN-WDF02-2026-07-01-T5,WDF02,AR00171,2026-07-01T12:00:00Z,TEMPERATURE,4.62,C,False
SN-WDF02-AR90004-2026-07-02-9-V,WDF02,AR90004,2026-07-02T09:00:00Z,VISION_STOCKOUT,0.263,ratio,False
SN-WDF02-AR90004-2026-07-02-13-V,WDF02,AR90004,2026-07-02T13:00:00Z,VISION_STOCKOUT,0.975,ratio,False
SN-WDF02-AR90004-2026-07-02-17-V,WDF02,AR90004,2026-07-02T17:00:00Z,VISION_STOCKOUT,0.867,ratio,False
SN-WDF02-AR90003-2026-07-02-9-V,WDF02,AR90003,2026-07-02T09:00:00Z,VISION_STOCKOUT,0.703,ratio,False
SN-WDF02-AR90003-2026-07-02-13-V,WDF02,AR90003,2026-07-02T13:00:00Z,VISION_STOCKOUT,0.918,ratio,False
SN-WDF02-AR90003-2026-07-02-17-V,WDF02,AR90003,2026-07-02T17:00:00Z,VISION_STOCKOUT,0.778,ratio,False
SN-WDF02-AR90013-2026-07-02-9-V,WDF02,AR90013,2026-07-02T09:00:00Z,VISION_STOCKOUT,0.788,ratio,False
SN-WDF02-AR90013-2026-07-02-13-V,WDF02,AR90013,2026-07-02T13:00:00Z,VISION_STOCKOUT,0.0,ratio,True
SN-WDF02-AR90013-2026-07-02-17-V,WDF02,AR90013,2026-07-02T17:00:00Z,VISION_STOCKOUT,0.35,ratio,False
SN-WDF02-AR90039-2026-07-02-9-V,WDF02,AR90039,2026-07-02T09:00:00Z,VISION_STOCKOUT,0.399,ratio,False
SN-WDF02-AR90039-2026-07-02-13-V,WDF02,AR90039,2026-07-02T13:00:00Z,VISION_STOCKOUT,0.759,ratio,False
SN-WDF02-AR90039-2026-07-02-17-V,WDF02,AR90039,2026-07-02T17:00:00Z,VISION_STOCKOUT,1.0,ratio,False
SN-WDF02-AR90002-2026-07-02-9-V,WDF02,AR90002,2026-07-02T09:00:00Z,VISION_STOCKOUT,0.617,ratio,False
SN-WDF02-AR90002-2026-07-02-13-V,WDF02,AR90002,2026-07-02T13:00:00Z,VISION_STOCKOUT,0.616,ratio,False
SN-WDF02-AR90002-2026-07-02-17-V,WDF02,AR90002,2026-07-02T17:00:00Z,VISION_STOCKOUT,0.87,ratio,False
SN-WDF02-AR90018-2026-07-02-9-V,WDF02,AR90018,2026-07-02T09:00:00Z,VISION_STOCKOUT,0.461,ratio,False
SN-WDF02-AR90018-2026-07-02-13-V,WDF02,AR90018,2026-07-02T13:00:00Z,VISION_STOCKOUT,0.563,ratio,False
SN-WDF02-AR90018-2026-07-02-17-V,WDF02,AR90018,2026-07-02T17:00:00Z,VISION_STOCKOUT,0.542,ratio,False
SN-WDF02-AR90015-2026-07-02-9-V,WDF02,AR90015,2026-07-02T09:00:00Z,VISION_STOCKOUT,0.056,ratio,True
SN-WDF02-AR90015-2026-07-02-13-V,WDF02,AR90015,2026-07-02T13:00:00Z,VISION_STOCKOUT,1.0,ratio,False
SN-WDF02-AR90015-2026-07-02-17-V,WDF02,AR90015,2026-07-02T17:00:00Z,VISION_STOCKOUT,0.661,ratio,False
SN-WDF02-AR90012-2026-07-02-9-V,WDF02,AR90012,2026-07-02T09:00:00Z,VISION_STOCKOUT,0.388,ratio,False
SN-WDF02-AR90012-2026-07-02-13-V,WDF02,AR90012,2026-07-02T13:00:00Z,VISION_STOCKOUT,0.403,ratio,False
SN-WDF02-AR90012-2026-07-02-17-V,WDF02,AR90012,2026-07-02T17:00:00Z,VISION_STOCKOUT,0.956,ratio,False
SN-WDF02-AR00395-2026-07-02-9-V,WDF02,AR00395,2026-07-02T09:00:00Z,VISION_STOCKOUT,0.118,ratio,True
SN-WDF02-AR00395-2026-07-02-13-V,WDF02,AR00395,2026-07-02T13:00:00Z,VISION_STOCKOUT,0.78,ratio,False
SN-WDF02-AR00395-2026-07-02-17-V,WDF02,AR00395,2026-07-02T17:00:00Z,VISION_STOCKOUT,0.439,ratio,False
SN-WDF02-AR90014-2026-07-02-9-V,WDF02,AR90014,2026-07-02T09:00:00Z,VISION_STOCKOUT,0.49,ratio,False
SN-WDF02-AR90014-2026-07-02-13-V,WDF02,AR90014,2026-07-02T13:00:00Z,VISION_STOCKOUT,0.99,ratio,False
SN-WDF02-AR90014-2026-07-02-17-V,WDF02,AR90014,2026-07-02T17:00:00Z,VISION_STOCKOUT,0.74,ratio,False
SN-WDF02-AR00394-2026-07-02-9-V,WDF02,AR00394,2026-07-02T09:00:00Z,VISION_STOCKOUT,0.225,ratio,False
SN-WDF02-AR00394-2026-07-02-13-V,WDF02,AR00394,2026-07-02T13:00:00Z,VISION_STOCKOUT,0.745,ratio,False
SN-WDF02-AR00394-2026-07-02-17-V,WDF02,AR00394,2026-07-02T17:00:00Z,VISION_STOCKOUT,0.382,ratio,False
SN-WDF02-AR00080-2026-07-02-9-V,WDF02,AR00080,2026-07-02T09:00:00Z,VISION_STOCKOUT,0.571,ratio,False
SN-WDF02-AR00080-2026-07-02-13-V,WDF02,AR00080,2026-07-02T13:00:00Z,VISION_STOCKOUT,0.597,ratio,False
SN-WDF02-AR00080-2026-07-02-17-V,WDF02,AR00080,2026-07-02T17:00:00Z,VISION_STOCKOUT,0.891,ratio,False
SN-WDF02-AR00289-2026-07-02-9-V,WDF02,AR00289,2026-07-02T09:00:00Z,VISION_STOCKOUT,0.749,ratio,False
SN-WDF02-AR00289-2026-07-02-13-V,WDF02,AR00289,2026-07-02T13:00:00Z,VISION_STOCKOUT,0.626,ratio,False
SN-WDF02-AR00289-2026-07-02-17-V,WDF02,AR00289,2026-07-02T17:00:00Z,VISION_STOCKOUT,1.0,ratio,False
SN-WDF02-AR90019-2026-07-02-9-V,WDF02,AR90019,2026-07-02T09:00:00Z,VISION_STOCKOUT,0.265,ratio,False
SN-WDF02-AR90019-2026-07-02-13-V,WDF02,AR90019,2026-07-02T13:00:00Z,VISION_STOCKOUT,0.395,ratio,False
SN-WDF02-AR90019-2026-07-02-17-V,WDF02,AR90019,2026-07-02T17:00:00Z,VISION_STOCKOUT,0.588,ratio,False
SN-WDF02-AR00010-2026-07-02-9-V,WDF02,AR00010,2026-07-02T09:00:00Z,VISION_STOCKOUT,0.801,ratio,False
SN-WDF02-AR00010-2026-07-02-13-V,WDF02,AR00010,2026-07-02T13:00:00Z,VISION_STOCKOUT,0.96,ratio,False
SN-WDF02-AR00010-2026-07-02-17-V,WDF02,AR00010,2026-07-02T17:00:00Z,VISION_STOCKOUT,0.52,ratio,False
SN-WDF02-AR00084-2026-07-02-9-V,WDF02,AR00084,2026-07-02T09:00:00Z,VISION_STOCKOUT,1.0,ratio,False
SN-WDF02-AR00084-2026-07-02-13-V,WDF02,AR00084,2026-07-02T13:00:00Z,VISION_STOCKOUT,0.393,ratio,False
SN-WDF02-AR00084-2026-07-02-17-V,WDF02,AR00084,2026-07-02T17:00:00Z,VISION_STOCKOUT,0.658,ratio,False
SN-WDF02-AR90036-2026-07-02-9-V,WDF02,AR90036,2026-07-02T09:00:00Z,VISION_STOCKOUT,0.742,ratio,False
SN-WDF02-AR90036-2026-07-02-13-V,WDF02,AR90036,2026-07-02T13:00:00Z,VISION_STOCKOUT,0.26,ratio,False
SN-WDF02-AR90036-2026-07-02-17-V,WDF02,AR90036,2026-07-02T17:00:00Z,VISION_STOCKOUT,0.775,ratio,False
SN-WDF02-AR90055-2026-07-02-9-V,WDF02,AR90055,2026-07-02T09:00:00Z,VISION_STOCKOUT,0.426,ratio,False
SN-WDF02-AR90055-2026-07-02-13-V,WDF02,AR90055,2026-07-02T13:00:00Z,VISION_STOCKOUT,0.592,ratio,False
SN-WDF02-AR90055-2026-07-02-17-V,WDF02,AR90055,2026-07-02T17:00:00Z,VISION_STOCKOUT,0.874,ratio,False
SN-WDF02-AR00009-2026-07-02-9-V,WDF02,AR00009,2026-07-02T09:00:00Z,VISION_STOCKOUT,0.75,ratio,False
SN-WDF02-AR00009-2026-07-02-13-V,WDF02,AR00009,2026-07-02T13:00:00Z,VISION_STOCKOUT,0.743,ratio,False
SN-WDF02-AR00009-2026-07-02-17-V,WDF02,AR00009,2026-07-02T17:00:00Z,VISION_STOCKOUT,0.763,ratio,False
SN-WDF02-AR00137-2026-07-02-9-V,WDF02,AR00137,2026-07-02T09:00:00Z,VISION_STOCKOUT,0.429,ratio,False
SN-WDF02-AR00137-2026-07-02-13-V,WDF02,AR00137,2026-07-02T13:00:00Z,VISION_STOCKOUT,0.579,ratio,False
SN-WDF02-AR00137-2026-07-02-17-V,WDF02,AR00137,2026-07-02T17:00:00Z,VISION_STOCKOUT,0.603,ratio,False
SN-WDF02-AR90009-2026-07-02-9-V,WDF02,AR90009,2026-07-02T09:00:00Z,VISION_STOCKOUT,0.398,ratio,False
SN-WDF02-AR90009-2026-07-02-13-V,WDF02,AR90009,2026-07-02T13:00:00Z,VISION_STOCKOUT,0.331,ratio,False
SN-WDF02-AR90009-2026-07-02-17-V,WDF02,AR90009,2026-07-02T17:00:00Z,VISION_STOCKOUT,0.581,ratio,False
SN-WDF02-AR90034-2026-07-02-9-V,WDF02,AR90034,2026-07-02T09:00:00Z,VISION_STOCKOUT,0.498,ratio,False
SN-WDF02-AR90034-2026-07-02-13-V,WDF02,AR90034,2026-07-02T13:00:00Z,VISION_STOCKOUT,0.481,ratio,False
SN-WDF02-AR90034-2026-07-02-17-V,WDF02,AR90034,2026-07-02T17:00:00Z,VISION_STOCKOUT,0.517,ratio,False
SN-WDF02-AR00136-2026-07-02-9-V,WDF02,AR00136,2026-07-02T09:00:00Z,VISION_STOCKOUT,0.691,ratio,False
SN-WDF02-AR00136-2026-07-02-13-V,WDF02,AR00136,2026-07-02T13:00:00Z,VISION_STOCKOUT,0.57,ratio,False
SN-WDF02-AR00136-2026-07-02-17-V,WDF02,AR00136,2026-07-02T17:00:00Z,VISION_STOCKOUT,1.0,ratio,False
SN-WDF02-AR00024-2026-07-02-9-V,WDF02,AR00024,2026-07-02T09:00:00Z,VISION_STOCKOUT,0.486,ratio,False
SN-WDF02-AR00024-2026-07-02-13-V,WDF02,AR00024,2026-07-02T13:00:00Z,VISION_STOCKOUT,0.641,ratio,False
SN-WDF02-AR00024-2026-07-02-17-V,WDF02,AR00024,2026-07-02T17:00:00Z,VISION_STOCKOUT,0.594,ratio,False
SN-WDF02-AR90054-2026-07-02-9-V,WDF02,AR90054,2026-07-02T09:00:00Z,VISION_STOCKOUT,0.793,ratio,False
SN-WDF02-AR90054-2026-07-02-13-V,WDF02,AR90054,2026-07-02T13:00:00Z,VISION_STOCKOUT,0.718,ratio,False
SN-WDF02-AR90054-2026-07-02-17-V,WDF02,AR90054,2026-07-02T17:00:00Z,VISION_STOCKOUT,0.726,ratio,False
SN-WDF02-AR90004-2026-07-02-ESL,WDF02,AR90004,2026-07-02T06:00:00Z,ESL,0.25,EUR,False
SN-WDF02-AR90003-2026-07-02-ESL,WDF02,AR90003,2026-07-02T06:00:00Z,ESL,0.15,EUR,False
SN-WDF02-AR90013-2026-07-02-ESL,WDF02,AR90013,2026-07-02T06:00:00Z,ESL,1.7,EUR,False
SN-WDF02-AR90039-2026-07-02-ESL,WDF02,AR90039,2026-07-02T06:00:00Z,ESL,1.5,EUR,False
SN-WDF02-AR90002-2026-07-02-ESL,WDF02,AR90002,2026-07-02T06:00:00Z,ESL,0.08,EUR,False
SN-WDF02-AR90018-2026-07-02-ESL,WDF02,AR90018,2026-07-02T06:00:00Z,ESL,1.95,EUR,False
SN-WDF02-AR90015-2026-07-02-ESL,WDF02,AR90015,2026-07-02T06:00:00Z,ESL,1.7,EUR,False
SN-WDF02-AR90012-2026-07-02-ESL,WDF02,AR90012,2026-07-02T06:00:00Z,ESL,1.7,EUR,False
SN-WDF02-2026-07-02-T0,WDF02,AR00281,2026-07-02T12:00:00Z,TEMPERATURE,2.87,C,False
SN-WDF02-2026-07-02-T1,WDF02,AR00166,2026-07-02T12:00:00Z,TEMPERATURE,4.15,C,False
SN-WDF02-2026-07-02-T2,WDF02,AR00289,2026-07-02T12:00:00Z,TEMPERATURE,2.39,C,False
SN-WDF02-2026-07-02-T3,WDF02,AR90023,2026-07-02T12:00:00Z,TEMPERATURE,6.45,C,False
SN-WDF02-2026-07-02-T4,WDF02,AR00282,2026-07-02T12:00:00Z,TEMPERATURE,6.33,C,False
SN-WDF02-2026-07-02-T5,WDF02,AR00153,2026-07-02T12:00:00Z,TEMPERATURE,5.22,C,False
SN-WDF02-AR90004-2026-07-03-9-V,WDF02,AR90004,2026-07-03T09:00:00Z,VISION_STOCKOUT,1.0,ratio,False
SN-WDF02-AR90004-2026-07-03-13-V,WDF02,AR90004,2026-07-03T13:00:00Z,VISION_STOCKOUT,0.712,ratio,False
SN-WDF02-AR90004-2026-07-03-17-V,WDF02,AR90004,2026-07-03T17:00:00Z,VISION_STOCKOUT,0.652,ratio,False
SN-WDF02-AR90003-2026-07-03-9-V,WDF02,AR90003,2026-07-03T09:00:00Z,VISION_STOCKOUT,0.556,ratio,False
SN-WDF02-AR90003-2026-07-03-13-V,WDF02,AR90003,2026-07-03T13:00:00Z,VISION_STOCKOUT,0.641,ratio,False
SN-WDF02-AR90003-2026-07-03-17-V,WDF02,AR90003,2026-07-03T17:00:00Z,VISION_STOCKOUT,0.199,ratio,False
SN-WDF02-AR90013-2026-07-03-9-V,WDF02,AR90013,2026-07-03T09:00:00Z,VISION_STOCKOUT,0.137,ratio,True
SN-WDF02-AR90013-2026-07-03-13-V,WDF02,AR90013,2026-07-03T13:00:00Z,VISION_STOCKOUT,0.838,ratio,False
SN-WDF02-AR90013-2026-07-03-17-V,WDF02,AR90013,2026-07-03T17:00:00Z,VISION_STOCKOUT,0.645,ratio,False
SN-WDF02-AR90039-2026-07-03-9-V,WDF02,AR90039,2026-07-03T09:00:00Z,VISION_STOCKOUT,0.365,ratio,False
SN-WDF02-AR90039-2026-07-03-13-V,WDF02,AR90039,2026-07-03T13:00:00Z,VISION_STOCKOUT,0.273,ratio,False
SN-WDF02-AR90039-2026-07-03-17-V,WDF02,AR90039,2026-07-03T17:00:00Z,VISION_STOCKOUT,0.23,ratio,False
SN-WDF02-AR90002-2026-07-03-9-V,WDF02,AR90002,2026-07-03T09:00:00Z,VISION_STOCKOUT,0.431,ratio,False
SN-WDF02-AR90002-2026-07-03-13-V,WDF02,AR90002,2026-07-03T13:00:00Z,VISION_STOCKOUT,0.531,ratio,False
SN-WDF02-AR90002-2026-07-03-17-V,WDF02,AR90002,2026-07-03T17:00:00Z,VISION_STOCKOUT,0.667,ratio,False
SN-WDF02-AR90018-2026-07-03-9-V,WDF02,AR90018,2026-07-03T09:00:00Z,VISION_STOCKOUT,0.714,ratio,False
SN-WDF02-AR90018-2026-07-03-13-V,WDF02,AR90018,2026-07-03T13:00:00Z,VISION_STOCKOUT,0.502,ratio,False
SN-WDF02-AR90018-2026-07-03-17-V,WDF02,AR90018,2026-07-03T17:00:00Z,VISION_STOCKOUT,0.75,ratio,False
SN-WDF02-AR90015-2026-07-03-9-V,WDF02,AR90015,2026-07-03T09:00:00Z,VISION_STOCKOUT,0.039,ratio,True
SN-WDF02-AR90015-2026-07-03-13-V,WDF02,AR90015,2026-07-03T13:00:00Z,VISION_STOCKOUT,1.0,ratio,False
SN-WDF02-AR90015-2026-07-03-17-V,WDF02,AR90015,2026-07-03T17:00:00Z,VISION_STOCKOUT,1.0,ratio,False
SN-WDF02-AR90012-2026-07-03-9-V,WDF02,AR90012,2026-07-03T09:00:00Z,VISION_STOCKOUT,0.938,ratio,False
SN-WDF02-AR90012-2026-07-03-13-V,WDF02,AR90012,2026-07-03T13:00:00Z,VISION_STOCKOUT,0.607,ratio,False
SN-WDF02-AR90012-2026-07-03-17-V,WDF02,AR90012,2026-07-03T17:00:00Z,VISION_STOCKOUT,0.841,ratio,False
SN-WDF02-AR00395-2026-07-03-9-V,WDF02,AR00395,2026-07-03T09:00:00Z,VISION_STOCKOUT,0.327,ratio,False
SN-WDF02-AR00395-2026-07-03-13-V,WDF02,AR00395,2026-07-03T13:00:00Z,VISION_STOCKOUT,0.322,ratio,False
SN-WDF02-AR00395-2026-07-03-17-V,WDF02,AR00395,2026-07-03T17:00:00Z,VISION_STOCKOUT,0.87,ratio,False
SN-WDF02-AR90014-2026-07-03-9-V,WDF02,AR90014,2026-07-03T09:00:00Z,VISION_STOCKOUT,0.307,ratio,False
SN-WDF02-AR90014-2026-07-03-13-V,WDF02,AR90014,2026-07-03T13:00:00Z,VISION_STOCKOUT,0.54,ratio,False
SN-WDF02-AR90014-2026-07-03-17-V,WDF02,AR90014,2026-07-03T17:00:00Z,VISION_STOCKOUT,0.828,ratio,False
SN-WDF02-AR00394-2026-07-03-9-V,WDF02,AR00394,2026-07-03T09:00:00Z,VISION_STOCKOUT,0.748,ratio,False
SN-WDF02-AR00394-2026-07-03-13-V,WDF02,AR00394,2026-07-03T13:00:00Z,VISION_STOCKOUT,0.548,ratio,False
SN-WDF02-AR00394-2026-07-03-17-V,WDF02,AR00394,2026-07-03T17:00:00Z,VISION_STOCKOUT,1.0,ratio,False
SN-WDF02-AR00080-2026-07-03-9-V,WDF02,AR00080,2026-07-03T09:00:00Z,VISION_STOCKOUT,0.765,ratio,False
SN-WDF02-AR00080-2026-07-03-13-V,WDF02,AR00080,2026-07-03T13:00:00Z,VISION_STOCKOUT,0.532,ratio,False
SN-WDF02-AR00080-2026-07-03-17-V,WDF02,AR00080,2026-07-03T17:00:00Z,VISION_STOCKOUT,0.358,ratio,False
SN-WDF02-AR00289-2026-07-03-9-V,WDF02,AR00289,2026-07-03T09:00:00Z,VISION_STOCKOUT,0.396,ratio,False
SN-WDF02-AR00289-2026-07-03-13-V,WDF02,AR00289,2026-07-03T13:00:00Z,VISION_STOCKOUT,0.529,ratio,False
SN-WDF02-AR00289-2026-07-03-17-V,WDF02,AR00289,2026-07-03T17:00:00Z,VISION_STOCKOUT,0.817,ratio,False
SN-WDF02-AR90019-2026-07-03-9-V,WDF02,AR90019,2026-07-03T09:00:00Z,VISION_STOCKOUT,0.306,ratio,False
SN-WDF02-AR90019-2026-07-03-13-V,WDF02,AR90019,2026-07-03T13:00:00Z,VISION_STOCKOUT,1.0,ratio,False
SN-WDF02-AR90019-2026-07-03-17-V,WDF02,AR90019,2026-07-03T17:00:00Z,VISION_STOCKOUT,0.775,ratio,False
SN-WDF02-AR00010-2026-07-03-9-V,WDF02,AR00010,2026-07-03T09:00:00Z,VISION_STOCKOUT,0.862,ratio,False
SN-WDF02-AR00010-2026-07-03-13-V,WDF02,AR00010,2026-07-03T13:00:00Z,VISION_STOCKOUT,1.0,ratio,False
SN-WDF02-AR00010-2026-07-03-17-V,WDF02,AR00010,2026-07-03T17:00:00Z,VISION_STOCKOUT,0.709,ratio,False
SN-WDF02-AR00084-2026-07-03-9-V,WDF02,AR00084,2026-07-03T09:00:00Z,VISION_STOCKOUT,0.233,ratio,False
SN-WDF02-AR00084-2026-07-03-13-V,WDF02,AR00084,2026-07-03T13:00:00Z,VISION_STOCKOUT,0.688,ratio,False
SN-WDF02-AR00084-2026-07-03-17-V,WDF02,AR00084,2026-07-03T17:00:00Z,VISION_STOCKOUT,0.975,ratio,False
SN-WDF02-AR90036-2026-07-03-9-V,WDF02,AR90036,2026-07-03T09:00:00Z,VISION_STOCKOUT,0.429,ratio,False
SN-WDF02-AR90036-2026-07-03-13-V,WDF02,AR90036,2026-07-03T13:00:00Z,VISION_STOCKOUT,0.751,ratio,False
SN-WDF02-AR90036-2026-07-03-17-V,WDF02,AR90036,2026-07-03T17:00:00Z,VISION_STOCKOUT,0.504,ratio,False
SN-WDF02-AR90055-2026-07-03-9-V,WDF02,AR90055,2026-07-03T09:00:00Z,VISION_STOCKOUT,0.246,ratio,False
SN-WDF02-AR90055-2026-07-03-13-V,WDF02,AR90055,2026-07-03T13:00:00Z,VISION_STOCKOUT,0.653,ratio,False
SN-WDF02-AR90055-2026-07-03-17-V,WDF02,AR90055,2026-07-03T17:00:00Z,VISION_STOCKOUT,0.585,ratio,False
SN-WDF02-AR00009-2026-07-03-9-V,WDF02,AR00009,2026-07-03T09:00:00Z,VISION_STOCKOUT,0.92,ratio,False
SN-WDF02-AR00009-2026-07-03-13-V,WDF02,AR00009,2026-07-03T13:00:00Z,VISION_STOCKOUT,0.489,ratio,False
SN-WDF02-AR00009-2026-07-03-17-V,WDF02,AR00009,2026-07-03T17:00:00Z,VISION_STOCKOUT,0.768,ratio,False
SN-WDF02-AR00137-2026-07-03-9-V,WDF02,AR00137,2026-07-03T09:00:00Z,VISION_STOCKOUT,0.139,ratio,True
SN-WDF02-AR00137-2026-07-03-13-V,WDF02,AR00137,2026-07-03T13:00:00Z,VISION_STOCKOUT,0.19,ratio,False
SN-WDF02-AR00137-2026-07-03-17-V,WDF02,AR00137,2026-07-03T17:00:00Z,VISION_STOCKOUT,0.699,ratio,False
SN-WDF02-AR90009-2026-07-03-9-V,WDF02,AR90009,2026-07-03T09:00:00Z,VISION_STOCKOUT,0.0,ratio,True
SN-WDF02-AR90009-2026-07-03-13-V,WDF02,AR90009,2026-07-03T13:00:00Z,VISION_STOCKOUT,0.104,ratio,True
SN-WDF02-AR90009-2026-07-03-17-V,WDF02,AR90009,2026-07-03T17:00:00Z,VISION_STOCKOUT,0.451,ratio,False
SN-WDF02-AR90034-2026-07-03-9-V,WDF02,AR90034,2026-07-03T09:00:00Z,VISION_STOCKOUT,0.687,ratio,False
SN-WDF02-AR90034-2026-07-03-13-V,WDF02,AR90034,2026-07-03T13:00:00Z,VISION_STOCKOUT,0.645,ratio,False
SN-WDF02-AR90034-2026-07-03-17-V,WDF02,AR90034,2026-07-03T17:00:00Z,VISION_STOCKOUT,0.33,ratio,False
SN-WDF02-AR00136-2026-07-03-9-V,WDF02,AR00136,2026-07-03T09:00:00Z,VISION_STOCKOUT,0.742,ratio,False
SN-WDF02-AR00136-2026-07-03-13-V,WDF02,AR00136,2026-07-03T13:00:00Z,VISION_STOCKOUT,0.56,ratio,False
SN-WDF02-AR00136-2026-07-03-17-V,WDF02,AR00136,2026-07-03T17:00:00Z,VISION_STOCKOUT,0.781,ratio,False
SN-WDF02-AR00024-2026-07-03-9-V,WDF02,AR00024,2026-07-03T09:00:00Z,VISION_STOCKOUT,0.424,ratio,False
SN-WDF02-AR00024-2026-07-03-13-V,WDF02,AR00024,2026-07-03T13:00:00Z,VISION_STOCKOUT,0.815,ratio,False
SN-WDF02-AR00024-2026-07-03-17-V,WDF02,AR00024,2026-07-03T17:00:00Z,VISION_STOCKOUT,0.784,ratio,False
SN-WDF02-AR90054-2026-07-03-9-V,WDF02,AR90054,2026-07-03T09:00:00Z,VISION_STOCKOUT,1.0,ratio,False
SN-WDF02-AR90054-2026-07-03-13-V,WDF02,AR90054,2026-07-03T13:00:00Z,VISION_STOCKOUT,1.0,ratio,False
SN-WDF02-AR90054-2026-07-03-17-V,WDF02,AR90054,2026-07-03T17:00:00Z,VISION_STOCKOUT,0.53,ratio,False
SN-WDF02-AR90004-2026-07-03-ESL,WDF02,AR90004,2026-07-03T06:00:00Z,ESL,0.25,EUR,False
SN-WDF02-AR90003-2026-07-03-ESL,WDF02,AR90003,2026-07-03T06:00:00Z,ESL,0.15,EUR,False
SN-WDF02-AR90013-2026-07-03-ESL,WDF02,AR90013,2026-07-03T06:00:00Z,ESL,1.7,EUR,False
SN-WDF02-AR90039-2026-07-03-ESL,WDF02,AR90039,2026-07-03T06:00:00Z,ESL,1.5,EUR,False
SN-WDF02-AR90002-2026-07-03-ESL,WDF02,AR90002,2026-07-03T06:00:00Z,ESL,0.08,EUR,False
SN-WDF02-AR90018-2026-07-03-ESL,WDF02,AR90018,2026-07-03T06:00:00Z,ESL,2.53,EUR,True
SN-WDF02-AR90015-2026-07-03-ESL,WDF02,AR90015,2026-07-03T06:00:00Z,ESL,1.7,EUR,False
SN-WDF02-AR90012-2026-07-03-ESL,WDF02,AR90012,2026-07-03T06:00:00Z,ESL,1.7,EUR,False
SN-WDF02-2026-07-03-T0,WDF02,AR00119,2026-07-03T12:00:00Z,TEMPERATURE,2.95,C,False
SN-WDF02-2026-07-03-T1,WDF02,AR90011,2026-07-03T12:00:00Z,TEMPERATURE,4.73,C,False
SN-WDF02-2026-07-03-T2,WDF02,AR00104,2026-07-03T12:00:00Z,TEMPERATURE,6.53,C,False
SN-WDF02-2026-07-03-T3,WDF02,AR90041,2026-07-03T12:00:00Z,TEMPERATURE,3.75,C,False
SN-WDF02-2026-07-03-T4,WDF02,AR00095,2026-07-03T12:00:00Z,TEMPERATURE,3.39,C,False
SN-WDF02-2026-07-03-T5,WDF02,AR00380,2026-07-03T12:00:00Z,TEMPERATURE,6.75,C,False
SN-STR01-AR90004-2026-06-27-9-V,STR01,AR90004,2026-06-27T09:00:00Z,VISION_STOCKOUT,0.199,ratio,False
SN-STR01-AR90004-2026-06-27-13-V,STR01,AR90004,2026-06-27T13:00:00Z,VISION_STOCKOUT,0.278,ratio,False
SN-STR01-AR90004-2026-06-27-17-V,STR01,AR90004,2026-06-27T17:00:00Z,VISION_STOCKOUT,0.636,ratio,False
SN-STR01-AR90003-2026-06-27-9-V,STR01,AR90003,2026-06-27T09:00:00Z,VISION_STOCKOUT,0.412,ratio,False
SN-STR01-AR90003-2026-06-27-13-V,STR01,AR90003,2026-06-27T13:00:00Z,VISION_STOCKOUT,0.897,ratio,False
SN-STR01-AR90003-2026-06-27-17-V,STR01,AR90003,2026-06-27T17:00:00Z,VISION_STOCKOUT,0.382,ratio,False
SN-STR01-AR90013-2026-06-27-9-V,STR01,AR90013,2026-06-27T09:00:00Z,VISION_STOCKOUT,0.242,ratio,False
SN-STR01-AR90013-2026-06-27-13-V,STR01,AR90013,2026-06-27T13:00:00Z,VISION_STOCKOUT,0.349,ratio,False
SN-STR01-AR90013-2026-06-27-17-V,STR01,AR90013,2026-06-27T17:00:00Z,VISION_STOCKOUT,0.915,ratio,False
SN-STR01-AR90039-2026-06-27-9-V,STR01,AR90039,2026-06-27T09:00:00Z,VISION_STOCKOUT,0.406,ratio,False
SN-STR01-AR90039-2026-06-27-13-V,STR01,AR90039,2026-06-27T13:00:00Z,VISION_STOCKOUT,0.37,ratio,False
SN-STR01-AR90039-2026-06-27-17-V,STR01,AR90039,2026-06-27T17:00:00Z,VISION_STOCKOUT,0.353,ratio,False
SN-STR01-AR90002-2026-06-27-9-V,STR01,AR90002,2026-06-27T09:00:00Z,VISION_STOCKOUT,0.846,ratio,False
SN-STR01-AR90002-2026-06-27-13-V,STR01,AR90002,2026-06-27T13:00:00Z,VISION_STOCKOUT,0.86,ratio,False
SN-STR01-AR90002-2026-06-27-17-V,STR01,AR90002,2026-06-27T17:00:00Z,VISION_STOCKOUT,0.638,ratio,False
SN-STR01-AR90034-2026-06-27-9-V,STR01,AR90034,2026-06-27T09:00:00Z,VISION_STOCKOUT,0.587,ratio,False
SN-STR01-AR90034-2026-06-27-13-V,STR01,AR90034,2026-06-27T13:00:00Z,VISION_STOCKOUT,0.235,ratio,False
SN-STR01-AR90034-2026-06-27-17-V,STR01,AR90034,2026-06-27T17:00:00Z,VISION_STOCKOUT,0.05,ratio,True
SN-STR01-AR00136-2026-06-27-9-V,STR01,AR00136,2026-06-27T09:00:00Z,VISION_STOCKOUT,1.0,ratio,False
SN-STR01-AR00136-2026-06-27-13-V,STR01,AR00136,2026-06-27T13:00:00Z,VISION_STOCKOUT,0.328,ratio,False
SN-STR01-AR00136-2026-06-27-17-V,STR01,AR00136,2026-06-27T17:00:00Z,VISION_STOCKOUT,0.467,ratio,False
SN-STR01-AR00394-2026-06-27-9-V,STR01,AR00394,2026-06-27T09:00:00Z,VISION_STOCKOUT,0.167,ratio,False
SN-STR01-AR00394-2026-06-27-13-V,STR01,AR00394,2026-06-27T13:00:00Z,VISION_STOCKOUT,1.0,ratio,False
SN-STR01-AR00394-2026-06-27-17-V,STR01,AR00394,2026-06-27T17:00:00Z,VISION_STOCKOUT,0.399,ratio,False
SN-STR01-AR00395-2026-06-27-9-V,STR01,AR00395,2026-06-27T09:00:00Z,VISION_STOCKOUT,0.839,ratio,False
SN-STR01-AR00395-2026-06-27-13-V,STR01,AR00395,2026-06-27T13:00:00Z,VISION_STOCKOUT,0.142,ratio,True
SN-STR01-AR00395-2026-06-27-17-V,STR01,AR00395,2026-06-27T17:00:00Z,VISION_STOCKOUT,0.673,ratio,False
SN-STR01-AR90018-2026-06-27-9-V,STR01,AR90018,2026-06-27T09:00:00Z,VISION_STOCKOUT,1.0,ratio,False
SN-STR01-AR90018-2026-06-27-13-V,STR01,AR90018,2026-06-27T13:00:00Z,VISION_STOCKOUT,0.4,ratio,False
SN-STR01-AR90018-2026-06-27-17-V,STR01,AR90018,2026-06-27T17:00:00Z,VISION_STOCKOUT,1.0,ratio,False
SN-STR01-AR90015-2026-06-27-9-V,STR01,AR90015,2026-06-27T09:00:00Z,VISION_STOCKOUT,0.647,ratio,False
SN-STR01-AR90015-2026-06-27-13-V,STR01,AR90015,2026-06-27T13:00:00Z,VISION_STOCKOUT,0.761,ratio,False
SN-STR01-AR90015-2026-06-27-17-V,STR01,AR90015,2026-06-27T17:00:00Z,VISION_STOCKOUT,0.471,ratio,False
SN-STR01-AR00245-2026-06-27-9-V,STR01,AR00245,2026-06-27T09:00:00Z,VISION_STOCKOUT,1.0,ratio,False
SN-STR01-AR00245-2026-06-27-13-V,STR01,AR00245,2026-06-27T13:00:00Z,VISION_STOCKOUT,1.0,ratio,False
SN-STR01-AR00245-2026-06-27-17-V,STR01,AR00245,2026-06-27T17:00:00Z,VISION_STOCKOUT,0.601,ratio,False
SN-STR01-AR00188-2026-06-27-9-V,STR01,AR00188,2026-06-27T09:00:00Z,VISION_STOCKOUT,0.981,ratio,False
SN-STR01-AR00188-2026-06-27-13-V,STR01,AR00188,2026-06-27T13:00:00Z,VISION_STOCKOUT,0.712,ratio,False
SN-STR01-AR00188-2026-06-27-17-V,STR01,AR00188,2026-06-27T17:00:00Z,VISION_STOCKOUT,0.661,ratio,False
SN-STR01-AR00010-2026-06-27-9-V,STR01,AR00010,2026-06-27T09:00:00Z,VISION_STOCKOUT,0.887,ratio,False
SN-STR01-AR00010-2026-06-27-13-V,STR01,AR00010,2026-06-27T13:00:00Z,VISION_STOCKOUT,1.0,ratio,False
SN-STR01-AR00010-2026-06-27-17-V,STR01,AR00010,2026-06-27T17:00:00Z,VISION_STOCKOUT,0.758,ratio,False
SN-STR01-AR90012-2026-06-27-9-V,STR01,AR90012,2026-06-27T09:00:00Z,VISION_STOCKOUT,0.74,ratio,False
SN-STR01-AR90012-2026-06-27-13-V,STR01,AR90012,2026-06-27T13:00:00Z,VISION_STOCKOUT,0.181,ratio,False
SN-STR01-AR90012-2026-06-27-17-V,STR01,AR90012,2026-06-27T17:00:00Z,VISION_STOCKOUT,1.0,ratio,False
SN-STR01-AR00009-2026-06-27-9-V,STR01,AR00009,2026-06-27T09:00:00Z,VISION_STOCKOUT,0.506,ratio,False
SN-STR01-AR00009-2026-06-27-13-V,STR01,AR00009,2026-06-27T13:00:00Z,VISION_STOCKOUT,0.745,ratio,False
SN-STR01-AR00009-2026-06-27-17-V,STR01,AR00009,2026-06-27T17:00:00Z,VISION_STOCKOUT,0.975,ratio,False
SN-STR01-AR00240-2026-06-27-9-V,STR01,AR00240,2026-06-27T09:00:00Z,VISION_STOCKOUT,0.954,ratio,False
SN-STR01-AR00240-2026-06-27-13-V,STR01,AR00240,2026-06-27T13:00:00Z,VISION_STOCKOUT,0.919,ratio,False
SN-STR01-AR00240-2026-06-27-17-V,STR01,AR00240,2026-06-27T17:00:00Z,VISION_STOCKOUT,0.153,ratio,False
SN-STR01-AR90014-2026-06-27-9-V,STR01,AR90014,2026-06-27T09:00:00Z,VISION_STOCKOUT,0.267,ratio,False
SN-STR01-AR90014-2026-06-27-13-V,STR01,AR90014,2026-06-27T13:00:00Z,VISION_STOCKOUT,0.528,ratio,False
SN-STR01-AR90014-2026-06-27-17-V,STR01,AR90014,2026-06-27T17:00:00Z,VISION_STOCKOUT,0.614,ratio,False
SN-STR01-AR00241-2026-06-27-9-V,STR01,AR00241,2026-06-27T09:00:00Z,VISION_STOCKOUT,0.53,ratio,False
SN-STR01-AR00241-2026-06-27-13-V,STR01,AR00241,2026-06-27T13:00:00Z,VISION_STOCKOUT,0.668,ratio,False
SN-STR01-AR00241-2026-06-27-17-V,STR01,AR00241,2026-06-27T17:00:00Z,VISION_STOCKOUT,0.393,ratio,False
SN-STR01-AR00080-2026-06-27-9-V,STR01,AR00080,2026-06-27T09:00:00Z,VISION_STOCKOUT,0.469,ratio,False
SN-STR01-AR00080-2026-06-27-13-V,STR01,AR00080,2026-06-27T13:00:00Z,VISION_STOCKOUT,0.196,ratio,False
SN-STR01-AR00080-2026-06-27-17-V,STR01,AR00080,2026-06-27T17:00:00Z,VISION_STOCKOUT,0.813,ratio,False
SN-STR01-AR00244-2026-06-27-9-V,STR01,AR00244,2026-06-27T09:00:00Z,VISION_STOCKOUT,0.96,ratio,False
SN-STR01-AR00244-2026-06-27-13-V,STR01,AR00244,2026-06-27T13:00:00Z,VISION_STOCKOUT,0.174,ratio,False
SN-STR01-AR00244-2026-06-27-17-V,STR01,AR00244,2026-06-27T17:00:00Z,VISION_STOCKOUT,0.733,ratio,False
SN-STR01-AR00011-2026-06-27-9-V,STR01,AR00011,2026-06-27T09:00:00Z,VISION_STOCKOUT,0.546,ratio,False
SN-STR01-AR00011-2026-06-27-13-V,STR01,AR00011,2026-06-27T13:00:00Z,VISION_STOCKOUT,0.244,ratio,False
SN-STR01-AR00011-2026-06-27-17-V,STR01,AR00011,2026-06-27T17:00:00Z,VISION_STOCKOUT,0.992,ratio,False
SN-STR01-AR90019-2026-06-27-9-V,STR01,AR90019,2026-06-27T09:00:00Z,VISION_STOCKOUT,0.702,ratio,False
SN-STR01-AR90019-2026-06-27-13-V,STR01,AR90019,2026-06-27T13:00:00Z,VISION_STOCKOUT,0.5,ratio,False
SN-STR01-AR90019-2026-06-27-17-V,STR01,AR90019,2026-06-27T17:00:00Z,VISION_STOCKOUT,0.314,ratio,False
SN-STR01-AR90036-2026-06-27-9-V,STR01,AR90036,2026-06-27T09:00:00Z,VISION_STOCKOUT,0.444,ratio,False
SN-STR01-AR90036-2026-06-27-13-V,STR01,AR90036,2026-06-27T13:00:00Z,VISION_STOCKOUT,0.593,ratio,False
SN-STR01-AR90036-2026-06-27-17-V,STR01,AR90036,2026-06-27T17:00:00Z,VISION_STOCKOUT,0.258,ratio,False
SN-STR01-AR90055-2026-06-27-9-V,STR01,AR90055,2026-06-27T09:00:00Z,VISION_STOCKOUT,0.429,ratio,False
SN-STR01-AR90055-2026-06-27-13-V,STR01,AR90055,2026-06-27T13:00:00Z,VISION_STOCKOUT,0.774,ratio,False
SN-STR01-AR90055-2026-06-27-17-V,STR01,AR90055,2026-06-27T17:00:00Z,VISION_STOCKOUT,0.338,ratio,False
SN-STR01-AR90004-2026-06-27-ESL,STR01,AR90004,2026-06-27T06:00:00Z,ESL,0.25,EUR,False
SN-STR01-AR90003-2026-06-27-ESL,STR01,AR90003,2026-06-27T06:00:00Z,ESL,0.15,EUR,False
SN-STR01-AR90013-2026-06-27-ESL,STR01,AR90013,2026-06-27T06:00:00Z,ESL,1.7,EUR,False
SN-STR01-AR90039-2026-06-27-ESL,STR01,AR90039,2026-06-27T06:00:00Z,ESL,1.5,EUR,False
SN-STR01-AR90002-2026-06-27-ESL,STR01,AR90002,2026-06-27T06:00:00Z,ESL,0.08,EUR,False
SN-STR01-AR90034-2026-06-27-ESL,STR01,AR90034,2026-06-27T06:00:00Z,ESL,1.7,EUR,False
SN-STR01-AR00136-2026-06-27-ESL,STR01,AR00136,2026-06-27T06:00:00Z,ESL,2.7,EUR,False
SN-STR01-AR00394-2026-06-27-ESL,STR01,AR00394,2026-06-27T06:00:00Z,ESL,2.9,EUR,False
SN-STR01-2026-06-27-T0,STR01,AR00134,2026-06-27T12:00:00Z,TEMPERATURE,5.38,C,False
SN-STR01-2026-06-27-T1,STR01,AR00244,2026-06-27T12:00:00Z,TEMPERATURE,6.69,C,False
SN-STR01-2026-06-27-T2,STR01,AR00166,2026-06-27T12:00:00Z,TEMPERATURE,4.94,C,False
SN-STR01-2026-06-27-T3,STR01,AR00165,2026-06-27T12:00:00Z,TEMPERATURE,3.94,C,False
SN-STR01-2026-06-27-T4,STR01,AR00149,2026-06-27T12:00:00Z,TEMPERATURE,-15.87,C,False
SN-STR01-2026-06-27-T5,STR01,AR00172,2026-06-27T12:00:00Z,TEMPERATURE,5.34,C,False
SN-STR01-AR90004-2026-06-28-9-V,STR01,AR90004,2026-06-28T09:00:00Z,VISION_STOCKOUT,0.648,ratio,False
SN-STR01-AR90004-2026-06-28-13-V,STR01,AR90004,2026-06-28T13:00:00Z,VISION_STOCKOUT,0.295,ratio,False
SN-STR01-AR90004-2026-06-28-17-V,STR01,AR90004,2026-06-28T17:00:00Z,VISION_STOCKOUT,0.805,ratio,False
SN-STR01-AR90003-2026-06-28-9-V,STR01,AR90003,2026-06-28T09:00:00Z,VISION_STOCKOUT,0.347,ratio,False
SN-STR01-AR90003-2026-06-28-13-V,STR01,AR90003,2026-06-28T13:00:00Z,VISION_STOCKOUT,0.412,ratio,False
SN-STR01-AR90003-2026-06-28-17-V,STR01,AR90003,2026-06-28T17:00:00Z,VISION_STOCKOUT,0.205,ratio,False
SN-STR01-AR90013-2026-06-28-9-V,STR01,AR90013,2026-06-28T09:00:00Z,VISION_STOCKOUT,0.372,ratio,False
SN-STR01-AR90013-2026-06-28-13-V,STR01,AR90013,2026-06-28T13:00:00Z,VISION_STOCKOUT,0.6,ratio,False
SN-STR01-AR90013-2026-06-28-17-V,STR01,AR90013,2026-06-28T17:00:00Z,VISION_STOCKOUT,0.517,ratio,False
SN-STR01-AR90039-2026-06-28-9-V,STR01,AR90039,2026-06-28T09:00:00Z,VISION_STOCKOUT,0.228,ratio,False
SN-STR01-AR90039-2026-06-28-13-V,STR01,AR90039,2026-06-28T13:00:00Z,VISION_STOCKOUT,0.563,ratio,False
SN-STR01-AR90039-2026-06-28-17-V,STR01,AR90039,2026-06-28T17:00:00Z,VISION_STOCKOUT,0.522,ratio,False
SN-STR01-AR90002-2026-06-28-9-V,STR01,AR90002,2026-06-28T09:00:00Z,VISION_STOCKOUT,0.0,ratio,True
SN-STR01-AR90002-2026-06-28-13-V,STR01,AR90002,2026-06-28T13:00:00Z,VISION_STOCKOUT,0.443,ratio,False
SN-STR01-AR90002-2026-06-28-17-V,STR01,AR90002,2026-06-28T17:00:00Z,VISION_STOCKOUT,0.677,ratio,False
SN-STR01-AR90034-2026-06-28-9-V,STR01,AR90034,2026-06-28T09:00:00Z,VISION_STOCKOUT,0.809,ratio,False
SN-STR01-AR90034-2026-06-28-13-V,STR01,AR90034,2026-06-28T13:00:00Z,VISION_STOCKOUT,0.675,ratio,False
SN-STR01-AR90034-2026-06-28-17-V,STR01,AR90034,2026-06-28T17:00:00Z,VISION_STOCKOUT,0.358,ratio,False
SN-STR01-AR00136-2026-06-28-9-V,STR01,AR00136,2026-06-28T09:00:00Z,VISION_STOCKOUT,0.736,ratio,False
SN-STR01-AR00136-2026-06-28-13-V,STR01,AR00136,2026-06-28T13:00:00Z,VISION_STOCKOUT,1.0,ratio,False
SN-STR01-AR00136-2026-06-28-17-V,STR01,AR00136,2026-06-28T17:00:00Z,VISION_STOCKOUT,0.51,ratio,False
SN-STR01-AR00394-2026-06-28-9-V,STR01,AR00394,2026-06-28T09:00:00Z,VISION_STOCKOUT,0.393,ratio,False
SN-STR01-AR00394-2026-06-28-13-V,STR01,AR00394,2026-06-28T13:00:00Z,VISION_STOCKOUT,0.551,ratio,False
SN-STR01-AR00394-2026-06-28-17-V,STR01,AR00394,2026-06-28T17:00:00Z,VISION_STOCKOUT,0.617,ratio,False
SN-STR01-AR00395-2026-06-28-9-V,STR01,AR00395,2026-06-28T09:00:00Z,VISION_STOCKOUT,0.91,ratio,False
SN-STR01-AR00395-2026-06-28-13-V,STR01,AR00395,2026-06-28T13:00:00Z,VISION_STOCKOUT,1.0,ratio,False
SN-STR01-AR00395-2026-06-28-17-V,STR01,AR00395,2026-06-28T17:00:00Z,VISION_STOCKOUT,0.498,ratio,False
SN-STR01-AR90018-2026-06-28-9-V,STR01,AR90018,2026-06-28T09:00:00Z,VISION_STOCKOUT,0.658,ratio,False
SN-STR01-AR90018-2026-06-28-13-V,STR01,AR90018,2026-06-28T13:00:00Z,VISION_STOCKOUT,0.003,ratio,True
SN-STR01-AR90018-2026-06-28-17-V,STR01,AR90018,2026-06-28T17:00:00Z,VISION_STOCKOUT,0.153,ratio,False
SN-STR01-AR90015-2026-06-28-9-V,STR01,AR90015,2026-06-28T09:00:00Z,VISION_STOCKOUT,0.192,ratio,False
SN-STR01-AR90015-2026-06-28-13-V,STR01,AR90015,2026-06-28T13:00:00Z,VISION_STOCKOUT,0.512,ratio,False
SN-STR01-AR90015-2026-06-28-17-V,STR01,AR90015,2026-06-28T17:00:00Z,VISION_STOCKOUT,0.917,ratio,False
SN-STR01-AR00245-2026-06-28-9-V,STR01,AR00245,2026-06-28T09:00:00Z,VISION_STOCKOUT,0.771,ratio,False
SN-STR01-AR00245-2026-06-28-13-V,STR01,AR00245,2026-06-28T13:00:00Z,VISION_STOCKOUT,0.545,ratio,False
SN-STR01-AR00245-2026-06-28-17-V,STR01,AR00245,2026-06-28T17:00:00Z,VISION_STOCKOUT,0.626,ratio,False
SN-STR01-AR00188-2026-06-28-9-V,STR01,AR00188,2026-06-28T09:00:00Z,VISION_STOCKOUT,0.406,ratio,False
SN-STR01-AR00188-2026-06-28-13-V,STR01,AR00188,2026-06-28T13:00:00Z,VISION_STOCKOUT,0.637,ratio,False
SN-STR01-AR00188-2026-06-28-17-V,STR01,AR00188,2026-06-28T17:00:00Z,VISION_STOCKOUT,0.977,ratio,False
SN-STR01-AR00010-2026-06-28-9-V,STR01,AR00010,2026-06-28T09:00:00Z,VISION_STOCKOUT,0.899,ratio,False
SN-STR01-AR00010-2026-06-28-13-V,STR01,AR00010,2026-06-28T13:00:00Z,VISION_STOCKOUT,0.688,ratio,False
SN-STR01-AR00010-2026-06-28-17-V,STR01,AR00010,2026-06-28T17:00:00Z,VISION_STOCKOUT,0.698,ratio,False
SN-STR01-AR90012-2026-06-28-9-V,STR01,AR90012,2026-06-28T09:00:00Z,VISION_STOCKOUT,0.858,ratio,False
SN-STR01-AR90012-2026-06-28-13-V,STR01,AR90012,2026-06-28T13:00:00Z,VISION_STOCKOUT,0.866,ratio,False
SN-STR01-AR90012-2026-06-28-17-V,STR01,AR90012,2026-06-28T17:00:00Z,VISION_STOCKOUT,0.898,ratio,False
SN-STR01-AR00009-2026-06-28-9-V,STR01,AR00009,2026-06-28T09:00:00Z,VISION_STOCKOUT,0.31,ratio,False
SN-STR01-AR00009-2026-06-28-13-V,STR01,AR00009,2026-06-28T13:00:00Z,VISION_STOCKOUT,0.661,ratio,False
SN-STR01-AR00009-2026-06-28-17-V,STR01,AR00009,2026-06-28T17:00:00Z,VISION_STOCKOUT,0.26,ratio,False
SN-STR01-AR00240-2026-06-28-9-V,STR01,AR00240,2026-06-28T09:00:00Z,VISION_STOCKOUT,0.442,ratio,False
SN-STR01-AR00240-2026-06-28-13-V,STR01,AR00240,2026-06-28T13:00:00Z,VISION_STOCKOUT,0.541,ratio,False
SN-STR01-AR00240-2026-06-28-17-V,STR01,AR00240,2026-06-28T17:00:00Z,VISION_STOCKOUT,0.558,ratio,False
SN-STR01-AR90014-2026-06-28-9-V,STR01,AR90014,2026-06-28T09:00:00Z,VISION_STOCKOUT,0.946,ratio,False
SN-STR01-AR90014-2026-06-28-13-V,STR01,AR90014,2026-06-28T13:00:00Z,VISION_STOCKOUT,0.602,ratio,False
SN-STR01-AR90014-2026-06-28-17-V,STR01,AR90014,2026-06-28T17:00:00Z,VISION_STOCKOUT,0.712,ratio,False
SN-STR01-AR00241-2026-06-28-9-V,STR01,AR00241,2026-06-28T09:00:00Z,VISION_STOCKOUT,0.339,ratio,False
SN-STR01-AR00241-2026-06-28-13-V,STR01,AR00241,2026-06-28T13:00:00Z,VISION_STOCKOUT,0.513,ratio,False
SN-STR01-AR00241-2026-06-28-17-V,STR01,AR00241,2026-06-28T17:00:00Z,VISION_STOCKOUT,0.606,ratio,False
SN-STR01-AR00080-2026-06-28-9-V,STR01,AR00080,2026-06-28T09:00:00Z,VISION_STOCKOUT,0.744,ratio,False
SN-STR01-AR00080-2026-06-28-13-V,STR01,AR00080,2026-06-28T13:00:00Z,VISION_STOCKOUT,0.841,ratio,False
SN-STR01-AR00080-2026-06-28-17-V,STR01,AR00080,2026-06-28T17:00:00Z,VISION_STOCKOUT,0.797,ratio,False
SN-STR01-AR00244-2026-06-28-9-V,STR01,AR00244,2026-06-28T09:00:00Z,VISION_STOCKOUT,0.539,ratio,False
SN-STR01-AR00244-2026-06-28-13-V,STR01,AR00244,2026-06-28T13:00:00Z,VISION_STOCKOUT,0.621,ratio,False
SN-STR01-AR00244-2026-06-28-17-V,STR01,AR00244,2026-06-28T17:00:00Z,VISION_STOCKOUT,0.527,ratio,False
SN-STR01-AR00011-2026-06-28-9-V,STR01,AR00011,2026-06-28T09:00:00Z,VISION_STOCKOUT,0.293,ratio,False
SN-STR01-AR00011-2026-06-28-13-V,STR01,AR00011,2026-06-28T13:00:00Z,VISION_STOCKOUT,1.0,ratio,False
SN-STR01-AR00011-2026-06-28-17-V,STR01,AR00011,2026-06-28T17:00:00Z,VISION_STOCKOUT,0.298,ratio,False
SN-STR01-AR90019-2026-06-28-9-V,STR01,AR90019,2026-06-28T09:00:00Z,VISION_STOCKOUT,0.49,ratio,False
SN-STR01-AR90019-2026-06-28-13-V,STR01,AR90019,2026-06-28T13:00:00Z,VISION_STOCKOUT,0.739,ratio,False
SN-STR01-AR90019-2026-06-28-17-V,STR01,AR90019,2026-06-28T17:00:00Z,VISION_STOCKOUT,0.474,ratio,False
SN-STR01-AR90036-2026-06-28-9-V,STR01,AR90036,2026-06-28T09:00:00Z,VISION_STOCKOUT,0.833,ratio,False
SN-STR01-AR90036-2026-06-28-13-V,STR01,AR90036,2026-06-28T13:00:00Z,VISION_STOCKOUT,0.58,ratio,False
SN-STR01-AR90036-2026-06-28-17-V,STR01,AR90036,2026-06-28T17:00:00Z,VISION_STOCKOUT,0.331,ratio,False
SN-STR01-AR90055-2026-06-28-9-V,STR01,AR90055,2026-06-28T09:00:00Z,VISION_STOCKOUT,0.5,ratio,False
SN-STR01-AR90055-2026-06-28-13-V,STR01,AR90055,2026-06-28T13:00:00Z,VISION_STOCKOUT,0.294,ratio,False
SN-STR01-AR90055-2026-06-28-17-V,STR01,AR90055,2026-06-28T17:00:00Z,VISION_STOCKOUT,0.909,ratio,False
SN-STR01-AR90004-2026-06-28-ESL,STR01,AR90004,2026-06-28T06:00:00Z,ESL,0.25,EUR,False
SN-STR01-AR90003-2026-06-28-ESL,STR01,AR90003,2026-06-28T06:00:00Z,ESL,0.15,EUR,False
SN-STR01-AR90013-2026-06-28-ESL,STR01,AR90013,2026-06-28T06:00:00Z,ESL,1.7,EUR,False
SN-STR01-AR90039-2026-06-28-ESL,STR01,AR90039,2026-06-28T06:00:00Z,ESL,1.5,EUR,False
SN-STR01-AR90002-2026-06-28-ESL,STR01,AR90002,2026-06-28T06:00:00Z,ESL,0.08,EUR,False
SN-STR01-AR90034-2026-06-28-ESL,STR01,AR90034,2026-06-28T06:00:00Z,ESL,1.7,EUR,False
SN-STR01-AR00136-2026-06-28-ESL,STR01,AR00136,2026-06-28T06:00:00Z,ESL,2.7,EUR,False
SN-STR01-AR00394-2026-06-28-ESL,STR01,AR00394,2026-06-28T06:00:00Z,ESL,2.9,EUR,False
SN-STR01-2026-06-28-T0,STR01,AR90037,2026-06-28T12:00:00Z,TEMPERATURE,2.73,C,False
SN-STR01-2026-06-28-T1,STR01,AR00066,2026-06-28T12:00:00Z,TEMPERATURE,-16.52,C,False
SN-STR01-2026-06-28-T2,STR01,AR00312,2026-06-28T12:00:00Z,TEMPERATURE,5.9,C,False
SN-STR01-2026-06-28-T3,STR01,AR90009,2026-06-28T12:00:00Z,TEMPERATURE,5.6,C,False
SN-STR01-2026-06-28-T4,STR01,AR90039,2026-06-28T12:00:00Z,TEMPERATURE,4.48,C,False
SN-STR01-2026-06-28-T5,STR01,AR00163,2026-06-28T12:00:00Z,TEMPERATURE,6.47,C,False
SN-STR01-AR90004-2026-06-29-9-V,STR01,AR90004,2026-06-29T09:00:00Z,VISION_STOCKOUT,0.901,ratio,False
SN-STR01-AR90004-2026-06-29-13-V,STR01,AR90004,2026-06-29T13:00:00Z,VISION_STOCKOUT,0.812,ratio,False
SN-STR01-AR90004-2026-06-29-17-V,STR01,AR90004,2026-06-29T17:00:00Z,VISION_STOCKOUT,1.0,ratio,False
SN-STR01-AR90003-2026-06-29-9-V,STR01,AR90003,2026-06-29T09:00:00Z,VISION_STOCKOUT,0.34,ratio,False
SN-STR01-AR90003-2026-06-29-13-V,STR01,AR90003,2026-06-29T13:00:00Z,VISION_STOCKOUT,0.618,ratio,False
SN-STR01-AR90003-2026-06-29-17-V,STR01,AR90003,2026-06-29T17:00:00Z,VISION_STOCKOUT,0.751,ratio,False
SN-STR01-AR90013-2026-06-29-9-V,STR01,AR90013,2026-06-29T09:00:00Z,VISION_STOCKOUT,1.0,ratio,False
SN-STR01-AR90013-2026-06-29-13-V,STR01,AR90013,2026-06-29T13:00:00Z,VISION_STOCKOUT,1.0,ratio,False
SN-STR01-AR90013-2026-06-29-17-V,STR01,AR90013,2026-06-29T17:00:00Z,VISION_STOCKOUT,0.486,ratio,False
SN-STR01-AR90039-2026-06-29-9-V,STR01,AR90039,2026-06-29T09:00:00Z,VISION_STOCKOUT,0.601,ratio,False
SN-STR01-AR90039-2026-06-29-13-V,STR01,AR90039,2026-06-29T13:00:00Z,VISION_STOCKOUT,0.759,ratio,False
SN-STR01-AR90039-2026-06-29-17-V,STR01,AR90039,2026-06-29T17:00:00Z,VISION_STOCKOUT,1.0,ratio,False
SN-STR01-AR90002-2026-06-29-9-V,STR01,AR90002,2026-06-29T09:00:00Z,VISION_STOCKOUT,0.952,ratio,False
SN-STR01-AR90002-2026-06-29-13-V,STR01,AR90002,2026-06-29T13:00:00Z,VISION_STOCKOUT,0.526,ratio,False
SN-STR01-AR90002-2026-06-29-17-V,STR01,AR90002,2026-06-29T17:00:00Z,VISION_STOCKOUT,0.435,ratio,False
SN-STR01-AR90034-2026-06-29-9-V,STR01,AR90034,2026-06-29T09:00:00Z,VISION_STOCKOUT,0.814,ratio,False
SN-STR01-AR90034-2026-06-29-13-V,STR01,AR90034,2026-06-29T13:00:00Z,VISION_STOCKOUT,0.547,ratio,False
SN-STR01-AR90034-2026-06-29-17-V,STR01,AR90034,2026-06-29T17:00:00Z,VISION_STOCKOUT,0.769,ratio,False
SN-STR01-AR00136-2026-06-29-9-V,STR01,AR00136,2026-06-29T09:00:00Z,VISION_STOCKOUT,0.191,ratio,False
SN-STR01-AR00136-2026-06-29-13-V,STR01,AR00136,2026-06-29T13:00:00Z,VISION_STOCKOUT,0.251,ratio,False
SN-STR01-AR00136-2026-06-29-17-V,STR01,AR00136,2026-06-29T17:00:00Z,VISION_STOCKOUT,0.956,ratio,False
SN-STR01-AR00394-2026-06-29-9-V,STR01,AR00394,2026-06-29T09:00:00Z,VISION_STOCKOUT,0.585,ratio,False
SN-STR01-AR00394-2026-06-29-13-V,STR01,AR00394,2026-06-29T13:00:00Z,VISION_STOCKOUT,0.541,ratio,False
SN-STR01-AR00394-2026-06-29-17-V,STR01,AR00394,2026-06-29T17:00:00Z,VISION_STOCKOUT,0.405,ratio,False
SN-STR01-AR00395-2026-06-29-9-V,STR01,AR00395,2026-06-29T09:00:00Z,VISION_STOCKOUT,0.568,ratio,False
SN-STR01-AR00395-2026-06-29-13-V,STR01,AR00395,2026-06-29T13:00:00Z,VISION_STOCKOUT,0.421,ratio,False
SN-STR01-AR00395-2026-06-29-17-V,STR01,AR00395,2026-06-29T17:00:00Z,VISION_STOCKOUT,0.15,ratio,True
SN-STR01-AR90018-2026-06-29-9-V,STR01,AR90018,2026-06-29T09:00:00Z,VISION_STOCKOUT,0.414,ratio,False
SN-STR01-AR90018-2026-06-29-13-V,STR01,AR90018,2026-06-29T13:00:00Z,VISION_STOCKOUT,0.0,ratio,True
SN-STR01-AR90018-2026-06-29-17-V,STR01,AR90018,2026-06-29T17:00:00Z,VISION_STOCKOUT,0.293,ratio,False
SN-STR01-AR90015-2026-06-29-9-V,STR01,AR90015,2026-06-29T09:00:00Z,VISION_STOCKOUT,0.998,ratio,False
SN-STR01-AR90015-2026-06-29-13-V,STR01,AR90015,2026-06-29T13:00:00Z,VISION_STOCKOUT,0.708,ratio,False
SN-STR01-AR90015-2026-06-29-17-V,STR01,AR90015,2026-06-29T17:00:00Z,VISION_STOCKOUT,0.816,ratio,False
SN-STR01-AR00245-2026-06-29-9-V,STR01,AR00245,2026-06-29T09:00:00Z,VISION_STOCKOUT,0.676,ratio,False
SN-STR01-AR00245-2026-06-29-13-V,STR01,AR00245,2026-06-29T13:00:00Z,VISION_STOCKOUT,0.479,ratio,False
SN-STR01-AR00245-2026-06-29-17-V,STR01,AR00245,2026-06-29T17:00:00Z,VISION_STOCKOUT,0.573,ratio,False
SN-STR01-AR00188-2026-06-29-9-V,STR01,AR00188,2026-06-29T09:00:00Z,VISION_STOCKOUT,0.327,ratio,False
SN-STR01-AR00188-2026-06-29-13-V,STR01,AR00188,2026-06-29T13:00:00Z,VISION_STOCKOUT,0.553,ratio,False
SN-STR01-AR00188-2026-06-29-17-V,STR01,AR00188,2026-06-29T17:00:00Z,VISION_STOCKOUT,0.0,ratio,True
SN-STR01-AR00010-2026-06-29-9-V,STR01,AR00010,2026-06-29T09:00:00Z,VISION_STOCKOUT,0.225,ratio,False
SN-STR01-AR00010-2026-06-29-13-V,STR01,AR00010,2026-06-29T13:00:00Z,VISION_STOCKOUT,0.781,ratio,False
SN-STR01-AR00010-2026-06-29-17-V,STR01,AR00010,2026-06-29T17:00:00Z,VISION_STOCKOUT,0.407,ratio,False
SN-STR01-AR90012-2026-06-29-9-V,STR01,AR90012,2026-06-29T09:00:00Z,VISION_STOCKOUT,0.294,ratio,False
SN-STR01-AR90012-2026-06-29-13-V,STR01,AR90012,2026-06-29T13:00:00Z,VISION_STOCKOUT,0.62,ratio,False
SN-STR01-AR90012-2026-06-29-17-V,STR01,AR90012,2026-06-29T17:00:00Z,VISION_STOCKOUT,0.237,ratio,False
SN-STR01-AR00009-2026-06-29-9-V,STR01,AR00009,2026-06-29T09:00:00Z,VISION_STOCKOUT,0.625,ratio,False
SN-STR01-AR00009-2026-06-29-13-V,STR01,AR00009,2026-06-29T13:00:00Z,VISION_STOCKOUT,0.757,ratio,False
SN-STR01-AR00009-2026-06-29-17-V,STR01,AR00009,2026-06-29T17:00:00Z,VISION_STOCKOUT,0.592,ratio,False
SN-STR01-AR00240-2026-06-29-9-V,STR01,AR00240,2026-06-29T09:00:00Z,VISION_STOCKOUT,0.507,ratio,False
SN-STR01-AR00240-2026-06-29-13-V,STR01,AR00240,2026-06-29T13:00:00Z,VISION_STOCKOUT,0.639,ratio,False
SN-STR01-AR00240-2026-06-29-17-V,STR01,AR00240,2026-06-29T17:00:00Z,VISION_STOCKOUT,0.335,ratio,False
SN-STR01-AR90014-2026-06-29-9-V,STR01,AR90014,2026-06-29T09:00:00Z,VISION_STOCKOUT,0.659,ratio,False
SN-STR01-AR90014-2026-06-29-13-V,STR01,AR90014,2026-06-29T13:00:00Z,VISION_STOCKOUT,0.46,ratio,False
SN-STR01-AR90014-2026-06-29-17-V,STR01,AR90014,2026-06-29T17:00:00Z,VISION_STOCKOUT,0.2,ratio,False
SN-STR01-AR00241-2026-06-29-9-V,STR01,AR00241,2026-06-29T09:00:00Z,VISION_STOCKOUT,0.537,ratio,False
SN-STR01-AR00241-2026-06-29-13-V,STR01,AR00241,2026-06-29T13:00:00Z,VISION_STOCKOUT,0.54,ratio,False
SN-STR01-AR00241-2026-06-29-17-V,STR01,AR00241,2026-06-29T17:00:00Z,VISION_STOCKOUT,0.338,ratio,False
SN-STR01-AR00080-2026-06-29-9-V,STR01,AR00080,2026-06-29T09:00:00Z,VISION_STOCKOUT,0.17,ratio,False
SN-STR01-AR00080-2026-06-29-13-V,STR01,AR00080,2026-06-29T13:00:00Z,VISION_STOCKOUT,0.758,ratio,False
SN-STR01-AR00080-2026-06-29-17-V,STR01,AR00080,2026-06-29T17:00:00Z,VISION_STOCKOUT,0.442,ratio,False
SN-STR01-AR00244-2026-06-29-9-V,STR01,AR00244,2026-06-29T09:00:00Z,VISION_STOCKOUT,0.483,ratio,False
SN-STR01-AR00244-2026-06-29-13-V,STR01,AR00244,2026-06-29T13:00:00Z,VISION_STOCKOUT,0.533,ratio,False
SN-STR01-AR00244-2026-06-29-17-V,STR01,AR00244,2026-06-29T17:00:00Z,VISION_STOCKOUT,0.598,ratio,False
SN-STR01-AR00011-2026-06-29-9-V,STR01,AR00011,2026-06-29T09:00:00Z,VISION_STOCKOUT,0.581,ratio,False
SN-STR01-AR00011-2026-06-29-13-V,STR01,AR00011,2026-06-29T13:00:00Z,VISION_STOCKOUT,0.924,ratio,False
SN-STR01-AR00011-2026-06-29-17-V,STR01,AR00011,2026-06-29T17:00:00Z,VISION_STOCKOUT,0.466,ratio,False
SN-STR01-AR90019-2026-06-29-9-V,STR01,AR90019,2026-06-29T09:00:00Z,VISION_STOCKOUT,0.255,ratio,False
SN-STR01-AR90019-2026-06-29-13-V,STR01,AR90019,2026-06-29T13:00:00Z,VISION_STOCKOUT,0.756,ratio,False
SN-STR01-AR90019-2026-06-29-17-V,STR01,AR90019,2026-06-29T17:00:00Z,VISION_STOCKOUT,0.439,ratio,False
SN-STR01-AR90036-2026-06-29-9-V,STR01,AR90036,2026-06-29T09:00:00Z,VISION_STOCKOUT,0.943,ratio,False
SN-STR01-AR90036-2026-06-29-13-V,STR01,AR90036,2026-06-29T13:00:00Z,VISION_STOCKOUT,0.621,ratio,False
SN-STR01-AR90036-2026-06-29-17-V,STR01,AR90036,2026-06-29T17:00:00Z,VISION_STOCKOUT,0.414,ratio,False
SN-STR01-AR90055-2026-06-29-9-V,STR01,AR90055,2026-06-29T09:00:00Z,VISION_STOCKOUT,0.212,ratio,False
SN-STR01-AR90055-2026-06-29-13-V,STR01,AR90055,2026-06-29T13:00:00Z,VISION_STOCKOUT,0.391,ratio,False
SN-STR01-AR90055-2026-06-29-17-V,STR01,AR90055,2026-06-29T17:00:00Z,VISION_STOCKOUT,0.283,ratio,False
SN-STR01-AR90004-2026-06-29-ESL,STR01,AR90004,2026-06-29T06:00:00Z,ESL,0.25,EUR,False
SN-STR01-AR90003-2026-06-29-ESL,STR01,AR90003,2026-06-29T06:00:00Z,ESL,0.15,EUR,False
SN-STR01-AR90013-2026-06-29-ESL,STR01,AR90013,2026-06-29T06:00:00Z,ESL,1.7,EUR,False
SN-STR01-AR90039-2026-06-29-ESL,STR01,AR90039,2026-06-29T06:00:00Z,ESL,1.5,EUR,False
SN-STR01-AR90002-2026-06-29-ESL,STR01,AR90002,2026-06-29T06:00:00Z,ESL,0.08,EUR,False
SN-STR01-AR90034-2026-06-29-ESL,STR01,AR90034,2026-06-29T06:00:00Z,ESL,2.0,EUR,True
SN-STR01-AR00136-2026-06-29-ESL,STR01,AR00136,2026-06-29T06:00:00Z,ESL,2.7,EUR,False
SN-STR01-AR00394-2026-06-29-ESL,STR01,AR00394,2026-06-29T06:00:00Z,ESL,2.9,EUR,False
SN-STR01-2026-06-29-T0,STR01,AR90051,2026-06-29T12:00:00Z,TEMPERATURE,7.52,C,False
SN-STR01-2026-06-29-T1,STR01,AR00186,2026-06-29T12:00:00Z,TEMPERATURE,6.35,C,False
SN-STR01-2026-06-29-T2,STR01,AR00294,2026-06-29T12:00:00Z,TEMPERATURE,5.74,C,False
SN-STR01-2026-06-29-T3,STR01,AR00142,2026-06-29T12:00:00Z,TEMPERATURE,7.66,C,False
SN-STR01-2026-06-29-T4,STR01,AR00281,2026-06-29T12:00:00Z,TEMPERATURE,6.67,C,False
SN-STR01-2026-06-29-T5,STR01,AR00292,2026-06-29T12:00:00Z,TEMPERATURE,4.96,C,False
SN-STR01-AR90004-2026-06-30-9-V,STR01,AR90004,2026-06-30T09:00:00Z,VISION_STOCKOUT,0.573,ratio,False
SN-STR01-AR90004-2026-06-30-13-V,STR01,AR90004,2026-06-30T13:00:00Z,VISION_STOCKOUT,0.89,ratio,False
SN-STR01-AR90004-2026-06-30-17-V,STR01,AR90004,2026-06-30T17:00:00Z,VISION_STOCKOUT,0.262,ratio,False
SN-STR01-AR90003-2026-06-30-9-V,STR01,AR90003,2026-06-30T09:00:00Z,VISION_STOCKOUT,0.721,ratio,False
SN-STR01-AR90003-2026-06-30-13-V,STR01,AR90003,2026-06-30T13:00:00Z,VISION_STOCKOUT,0.55,ratio,False
SN-STR01-AR90003-2026-06-30-17-V,STR01,AR90003,2026-06-30T17:00:00Z,VISION_STOCKOUT,0.59,ratio,False
SN-STR01-AR90013-2026-06-30-9-V,STR01,AR90013,2026-06-30T09:00:00Z,VISION_STOCKOUT,0.427,ratio,False
SN-STR01-AR90013-2026-06-30-13-V,STR01,AR90013,2026-06-30T13:00:00Z,VISION_STOCKOUT,0.769,ratio,False
SN-STR01-AR90013-2026-06-30-17-V,STR01,AR90013,2026-06-30T17:00:00Z,VISION_STOCKOUT,0.32,ratio,False
SN-STR01-AR90039-2026-06-30-9-V,STR01,AR90039,2026-06-30T09:00:00Z,VISION_STOCKOUT,0.737,ratio,False
SN-STR01-AR90039-2026-06-30-13-V,STR01,AR90039,2026-06-30T13:00:00Z,VISION_STOCKOUT,0.629,ratio,False
SN-STR01-AR90039-2026-06-30-17-V,STR01,AR90039,2026-06-30T17:00:00Z,VISION_STOCKOUT,0.542,ratio,False
SN-STR01-AR90002-2026-06-30-9-V,STR01,AR90002,2026-06-30T09:00:00Z,VISION_STOCKOUT,0.724,ratio,False
SN-STR01-AR90002-2026-06-30-13-V,STR01,AR90002,2026-06-30T13:00:00Z,VISION_STOCKOUT,0.116,ratio,True
SN-STR01-AR90002-2026-06-30-17-V,STR01,AR90002,2026-06-30T17:00:00Z,VISION_STOCKOUT,0.447,ratio,False
SN-STR01-AR90034-2026-06-30-9-V,STR01,AR90034,2026-06-30T09:00:00Z,VISION_STOCKOUT,0.58,ratio,False
SN-STR01-AR90034-2026-06-30-13-V,STR01,AR90034,2026-06-30T13:00:00Z,VISION_STOCKOUT,0.599,ratio,False
SN-STR01-AR90034-2026-06-30-17-V,STR01,AR90034,2026-06-30T17:00:00Z,VISION_STOCKOUT,0.539,ratio,False
SN-STR01-AR00136-2026-06-30-9-V,STR01,AR00136,2026-06-30T09:00:00Z,VISION_STOCKOUT,0.484,ratio,False
SN-STR01-AR00136-2026-06-30-13-V,STR01,AR00136,2026-06-30T13:00:00Z,VISION_STOCKOUT,1.0,ratio,False
SN-STR01-AR00136-2026-06-30-17-V,STR01,AR00136,2026-06-30T17:00:00Z,VISION_STOCKOUT,0.5,ratio,False
SN-STR01-AR00394-2026-06-30-9-V,STR01,AR00394,2026-06-30T09:00:00Z,VISION_STOCKOUT,0.833,ratio,False
SN-STR01-AR00394-2026-06-30-13-V,STR01,AR00394,2026-06-30T13:00:00Z,VISION_STOCKOUT,0.658,ratio,False
SN-STR01-AR00394-2026-06-30-17-V,STR01,AR00394,2026-06-30T17:00:00Z,VISION_STOCKOUT,0.633,ratio,False
SN-STR01-AR00395-2026-06-30-9-V,STR01,AR00395,2026-06-30T09:00:00Z,VISION_STOCKOUT,0.945,ratio,False
SN-STR01-AR00395-2026-06-30-13-V,STR01,AR00395,2026-06-30T13:00:00Z,VISION_STOCKOUT,0.456,ratio,False
SN-STR01-AR00395-2026-06-30-17-V,STR01,AR00395,2026-06-30T17:00:00Z,VISION_STOCKOUT,0.781,ratio,False
SN-STR01-AR90018-2026-06-30-9-V,STR01,AR90018,2026-06-30T09:00:00Z,VISION_STOCKOUT,0.727,ratio,False
SN-STR01-AR90018-2026-06-30-13-V,STR01,AR90018,2026-06-30T13:00:00Z,VISION_STOCKOUT,0.432,ratio,False
SN-STR01-AR90018-2026-06-30-17-V,STR01,AR90018,2026-06-30T17:00:00Z,VISION_STOCKOUT,0.207,ratio,False
SN-STR01-AR90015-2026-06-30-9-V,STR01,AR90015,2026-06-30T09:00:00Z,VISION_STOCKOUT,0.841,ratio,False
SN-STR01-AR90015-2026-06-30-13-V,STR01,AR90015,2026-06-30T13:00:00Z,VISION_STOCKOUT,1.0,ratio,False
SN-STR01-AR90015-2026-06-30-17-V,STR01,AR90015,2026-06-30T17:00:00Z,VISION_STOCKOUT,0.709,ratio,False
SN-STR01-AR00245-2026-06-30-9-V,STR01,AR00245,2026-06-30T09:00:00Z,VISION_STOCKOUT,0.565,ratio,False
SN-STR01-AR00245-2026-06-30-13-V,STR01,AR00245,2026-06-30T13:00:00Z,VISION_STOCKOUT,1.0,ratio,False
SN-STR01-AR00245-2026-06-30-17-V,STR01,AR00245,2026-06-30T17:00:00Z,VISION_STOCKOUT,0.615,ratio,False
SN-STR01-AR00188-2026-06-30-9-V,STR01,AR00188,2026-06-30T09:00:00Z,VISION_STOCKOUT,0.895,ratio,False
SN-STR01-AR00188-2026-06-30-13-V,STR01,AR00188,2026-06-30T13:00:00Z,VISION_STOCKOUT,0.495,ratio,False
SN-STR01-AR00188-2026-06-30-17-V,STR01,AR00188,2026-06-30T17:00:00Z,VISION_STOCKOUT,0.573,ratio,False
SN-STR01-AR00010-2026-06-30-9-V,STR01,AR00010,2026-06-30T09:00:00Z,VISION_STOCKOUT,1.0,ratio,False
SN-STR01-AR00010-2026-06-30-13-V,STR01,AR00010,2026-06-30T13:00:00Z,VISION_STOCKOUT,0.721,ratio,False
SN-STR01-AR00010-2026-06-30-17-V,STR01,AR00010,2026-06-30T17:00:00Z,VISION_STOCKOUT,0.576,ratio,False
SN-STR01-AR90012-2026-06-30-9-V,STR01,AR90012,2026-06-30T09:00:00Z,VISION_STOCKOUT,0.81,ratio,False
SN-STR01-AR90012-2026-06-30-13-V,STR01,AR90012,2026-06-30T13:00:00Z,VISION_STOCKOUT,0.565,ratio,False
SN-STR01-AR90012-2026-06-30-17-V,STR01,AR90012,2026-06-30T17:00:00Z,VISION_STOCKOUT,0.582,ratio,False
SN-STR01-AR00009-2026-06-30-9-V,STR01,AR00009,2026-06-30T09:00:00Z,VISION_STOCKOUT,0.346,ratio,False
SN-STR01-AR00009-2026-06-30-13-V,STR01,AR00009,2026-06-30T13:00:00Z,VISION_STOCKOUT,0.532,ratio,False
SN-STR01-AR00009-2026-06-30-17-V,STR01,AR00009,2026-06-30T17:00:00Z,VISION_STOCKOUT,0.566,ratio,False
SN-STR01-AR00240-2026-06-30-9-V,STR01,AR00240,2026-06-30T09:00:00Z,VISION_STOCKOUT,0.385,ratio,False
SN-STR01-AR00240-2026-06-30-13-V,STR01,AR00240,2026-06-30T13:00:00Z,VISION_STOCKOUT,1.0,ratio,False
SN-STR01-AR00240-2026-06-30-17-V,STR01,AR00240,2026-06-30T17:00:00Z,VISION_STOCKOUT,0.664,ratio,False
SN-STR01-AR90014-2026-06-30-9-V,STR01,AR90014,2026-06-30T09:00:00Z,VISION_STOCKOUT,0.68,ratio,False
SN-STR01-AR90014-2026-06-30-13-V,STR01,AR90014,2026-06-30T13:00:00Z,VISION_STOCKOUT,1.0,ratio,False
SN-STR01-AR90014-2026-06-30-17-V,STR01,AR90014,2026-06-30T17:00:00Z,VISION_STOCKOUT,0.766,ratio,False
SN-STR01-AR00241-2026-06-30-9-V,STR01,AR00241,2026-06-30T09:00:00Z,VISION_STOCKOUT,0.241,ratio,False
SN-STR01-AR00241-2026-06-30-13-V,STR01,AR00241,2026-06-30T13:00:00Z,VISION_STOCKOUT,1.0,ratio,False
SN-STR01-AR00241-2026-06-30-17-V,STR01,AR00241,2026-06-30T17:00:00Z,VISION_STOCKOUT,0.374,ratio,False
SN-STR01-AR00080-2026-06-30-9-V,STR01,AR00080,2026-06-30T09:00:00Z,VISION_STOCKOUT,1.0,ratio,False
SN-STR01-AR00080-2026-06-30-13-V,STR01,AR00080,2026-06-30T13:00:00Z,VISION_STOCKOUT,0.845,ratio,False
SN-STR01-AR00080-2026-06-30-17-V,STR01,AR00080,2026-06-30T17:00:00Z,VISION_STOCKOUT,0.851,ratio,False
SN-STR01-AR00244-2026-06-30-9-V,STR01,AR00244,2026-06-30T09:00:00Z,VISION_STOCKOUT,0.762,ratio,False
SN-STR01-AR00244-2026-06-30-13-V,STR01,AR00244,2026-06-30T13:00:00Z,VISION_STOCKOUT,0.45,ratio,False
SN-STR01-AR00244-2026-06-30-17-V,STR01,AR00244,2026-06-30T17:00:00Z,VISION_STOCKOUT,0.124,ratio,True
SN-STR01-AR00011-2026-06-30-9-V,STR01,AR00011,2026-06-30T09:00:00Z,VISION_STOCKOUT,0.241,ratio,False
SN-STR01-AR00011-2026-06-30-13-V,STR01,AR00011,2026-06-30T13:00:00Z,VISION_STOCKOUT,0.649,ratio,False
SN-STR01-AR00011-2026-06-30-17-V,STR01,AR00011,2026-06-30T17:00:00Z,VISION_STOCKOUT,0.51,ratio,False
SN-STR01-AR90019-2026-06-30-9-V,STR01,AR90019,2026-06-30T09:00:00Z,VISION_STOCKOUT,0.259,ratio,False
SN-STR01-AR90019-2026-06-30-13-V,STR01,AR90019,2026-06-30T13:00:00Z,VISION_STOCKOUT,0.671,ratio,False
SN-STR01-AR90019-2026-06-30-17-V,STR01,AR90019,2026-06-30T17:00:00Z,VISION_STOCKOUT,0.645,ratio,False
SN-STR01-AR90036-2026-06-30-9-V,STR01,AR90036,2026-06-30T09:00:00Z,VISION_STOCKOUT,0.564,ratio,False
SN-STR01-AR90036-2026-06-30-13-V,STR01,AR90036,2026-06-30T13:00:00Z,VISION_STOCKOUT,0.729,ratio,False
SN-STR01-AR90036-2026-06-30-17-V,STR01,AR90036,2026-06-30T17:00:00Z,VISION_STOCKOUT,0.593,ratio,False
SN-STR01-AR90055-2026-06-30-9-V,STR01,AR90055,2026-06-30T09:00:00Z,VISION_STOCKOUT,0.884,ratio,False
SN-STR01-AR90055-2026-06-30-13-V,STR01,AR90055,2026-06-30T13:00:00Z,VISION_STOCKOUT,0.276,ratio,False
SN-STR01-AR90055-2026-06-30-17-V,STR01,AR90055,2026-06-30T17:00:00Z,VISION_STOCKOUT,0.947,ratio,False
SN-STR01-AR90004-2026-06-30-ESL,STR01,AR90004,2026-06-30T06:00:00Z,ESL,0.25,EUR,False
SN-STR01-AR90003-2026-06-30-ESL,STR01,AR90003,2026-06-30T06:00:00Z,ESL,0.15,EUR,False
SN-STR01-AR90013-2026-06-30-ESL,STR01,AR90013,2026-06-30T06:00:00Z,ESL,1.7,EUR,False
SN-STR01-AR90039-2026-06-30-ESL,STR01,AR90039,2026-06-30T06:00:00Z,ESL,1.5,EUR,False
SN-STR01-AR90002-2026-06-30-ESL,STR01,AR90002,2026-06-30T06:00:00Z,ESL,0.08,EUR,False
SN-STR01-AR90034-2026-06-30-ESL,STR01,AR90034,2026-06-30T06:00:00Z,ESL,2.03,EUR,True
SN-STR01-AR00136-2026-06-30-ESL,STR01,AR00136,2026-06-30T06:00:00Z,ESL,2.7,EUR,False
SN-STR01-AR00394-2026-06-30-ESL,STR01,AR00394,2026-06-30T06:00:00Z,ESL,2.9,EUR,False
SN-STR01-2026-06-30-T0,STR01,AR90014,2026-06-30T12:00:00Z,TEMPERATURE,5.72,C,False
SN-STR01-2026-06-30-T1,STR01,AR00240,2026-06-30T12:00:00Z,TEMPERATURE,6.48,C,False
SN-STR01-2026-06-30-T2,STR01,AR00161,2026-06-30T12:00:00Z,TEMPERATURE,3.37,C,False
SN-STR01-2026-06-30-T3,STR01,AR00084,2026-06-30T12:00:00Z,TEMPERATURE,-18.92,C,False
SN-STR01-2026-06-30-T4,STR01,AR00349,2026-06-30T12:00:00Z,TEMPERATURE,9.99,C,True
SN-STR01-2026-06-30-T5,STR01,AR00386,2026-06-30T12:00:00Z,TEMPERATURE,3.69,C,False
SN-STR01-AR90004-2026-07-01-9-V,STR01,AR90004,2026-07-01T09:00:00Z,VISION_STOCKOUT,0.459,ratio,False
SN-STR01-AR90004-2026-07-01-13-V,STR01,AR90004,2026-07-01T13:00:00Z,VISION_STOCKOUT,0.491,ratio,False
SN-STR01-AR90004-2026-07-01-17-V,STR01,AR90004,2026-07-01T17:00:00Z,VISION_STOCKOUT,0.313,ratio,False
SN-STR01-AR90003-2026-07-01-9-V,STR01,AR90003,2026-07-01T09:00:00Z,VISION_STOCKOUT,0.299,ratio,False
SN-STR01-AR90003-2026-07-01-13-V,STR01,AR90003,2026-07-01T13:00:00Z,VISION_STOCKOUT,1.0,ratio,False
SN-STR01-AR90003-2026-07-01-17-V,STR01,AR90003,2026-07-01T17:00:00Z,VISION_STOCKOUT,0.569,ratio,False
SN-STR01-AR90013-2026-07-01-9-V,STR01,AR90013,2026-07-01T09:00:00Z,VISION_STOCKOUT,0.507,ratio,False
SN-STR01-AR90013-2026-07-01-13-V,STR01,AR90013,2026-07-01T13:00:00Z,VISION_STOCKOUT,0.769,ratio,False
SN-STR01-AR90013-2026-07-01-17-V,STR01,AR90013,2026-07-01T17:00:00Z,VISION_STOCKOUT,0.938,ratio,False
SN-STR01-AR90039-2026-07-01-9-V,STR01,AR90039,2026-07-01T09:00:00Z,VISION_STOCKOUT,0.0,ratio,True
SN-STR01-AR90039-2026-07-01-13-V,STR01,AR90039,2026-07-01T13:00:00Z,VISION_STOCKOUT,0.644,ratio,False
SN-STR01-AR90039-2026-07-01-17-V,STR01,AR90039,2026-07-01T17:00:00Z,VISION_STOCKOUT,0.869,ratio,False
SN-STR01-AR90002-2026-07-01-9-V,STR01,AR90002,2026-07-01T09:00:00Z,VISION_STOCKOUT,0.0,ratio,True
SN-STR01-AR90002-2026-07-01-13-V,STR01,AR90002,2026-07-01T13:00:00Z,VISION_STOCKOUT,0.695,ratio,False
SN-STR01-AR90002-2026-07-01-17-V,STR01,AR90002,2026-07-01T17:00:00Z,VISION_STOCKOUT,0.802,ratio,False
SN-STR01-AR90034-2026-07-01-9-V,STR01,AR90034,2026-07-01T09:00:00Z,VISION_STOCKOUT,0.23,ratio,False
SN-STR01-AR90034-2026-07-01-13-V,STR01,AR90034,2026-07-01T13:00:00Z,VISION_STOCKOUT,0.522,ratio,False
SN-STR01-AR90034-2026-07-01-17-V,STR01,AR90034,2026-07-01T17:00:00Z,VISION_STOCKOUT,0.509,ratio,False
SN-STR01-AR00136-2026-07-01-9-V,STR01,AR00136,2026-07-01T09:00:00Z,VISION_STOCKOUT,0.564,ratio,False
SN-STR01-AR00136-2026-07-01-13-V,STR01,AR00136,2026-07-01T13:00:00Z,VISION_STOCKOUT,0.663,ratio,False
SN-STR01-AR00136-2026-07-01-17-V,STR01,AR00136,2026-07-01T17:00:00Z,VISION_STOCKOUT,0.504,ratio,False
SN-STR01-AR00394-2026-07-01-9-V,STR01,AR00394,2026-07-01T09:00:00Z,VISION_STOCKOUT,0.989,ratio,False
SN-STR01-AR00394-2026-07-01-13-V,STR01,AR00394,2026-07-01T13:00:00Z,VISION_STOCKOUT,0.835,ratio,False
SN-STR01-AR00394-2026-07-01-17-V,STR01,AR00394,2026-07-01T17:00:00Z,VISION_STOCKOUT,0.456,ratio,False
SN-STR01-AR00395-2026-07-01-9-V,STR01,AR00395,2026-07-01T09:00:00Z,VISION_STOCKOUT,0.581,ratio,False
SN-STR01-AR00395-2026-07-01-13-V,STR01,AR00395,2026-07-01T13:00:00Z,VISION_STOCKOUT,0.727,ratio,False
SN-STR01-AR00395-2026-07-01-17-V,STR01,AR00395,2026-07-01T17:00:00Z,VISION_STOCKOUT,0.87,ratio,False
SN-STR01-AR90018-2026-07-01-9-V,STR01,AR90018,2026-07-01T09:00:00Z,VISION_STOCKOUT,0.647,ratio,False
SN-STR01-AR90018-2026-07-01-13-V,STR01,AR90018,2026-07-01T13:00:00Z,VISION_STOCKOUT,0.729,ratio,False
SN-STR01-AR90018-2026-07-01-17-V,STR01,AR90018,2026-07-01T17:00:00Z,VISION_STOCKOUT,0.12,ratio,True
SN-STR01-AR90015-2026-07-01-9-V,STR01,AR90015,2026-07-01T09:00:00Z,VISION_STOCKOUT,0.161,ratio,False
SN-STR01-AR90015-2026-07-01-13-V,STR01,AR90015,2026-07-01T13:00:00Z,VISION_STOCKOUT,0.342,ratio,False
SN-STR01-AR90015-2026-07-01-17-V,STR01,AR90015,2026-07-01T17:00:00Z,VISION_STOCKOUT,0.585,ratio,False
SN-STR01-AR00245-2026-07-01-9-V,STR01,AR00245,2026-07-01T09:00:00Z,VISION_STOCKOUT,0.229,ratio,False
SN-STR01-AR00245-2026-07-01-13-V,STR01,AR00245,2026-07-01T13:00:00Z,VISION_STOCKOUT,0.778,ratio,False
SN-STR01-AR00245-2026-07-01-17-V,STR01,AR00245,2026-07-01T17:00:00Z,VISION_STOCKOUT,0.867,ratio,False
SN-STR01-AR00188-2026-07-01-9-V,STR01,AR00188,2026-07-01T09:00:00Z,VISION_STOCKOUT,0.868,ratio,False
SN-STR01-AR00188-2026-07-01-13-V,STR01,AR00188,2026-07-01T13:00:00Z,VISION_STOCKOUT,0.534,ratio,False
SN-STR01-AR00188-2026-07-01-17-V,STR01,AR00188,2026-07-01T17:00:00Z,VISION_STOCKOUT,0.422,ratio,False
SN-STR01-AR00010-2026-07-01-9-V,STR01,AR00010,2026-07-01T09:00:00Z,VISION_STOCKOUT,0.682,ratio,False
SN-STR01-AR00010-2026-07-01-13-V,STR01,AR00010,2026-07-01T13:00:00Z,VISION_STOCKOUT,0.863,ratio,False
SN-STR01-AR00010-2026-07-01-17-V,STR01,AR00010,2026-07-01T17:00:00Z,VISION_STOCKOUT,0.87,ratio,False
SN-STR01-AR90012-2026-07-01-9-V,STR01,AR90012,2026-07-01T09:00:00Z,VISION_STOCKOUT,0.118,ratio,True
SN-STR01-AR90012-2026-07-01-13-V,STR01,AR90012,2026-07-01T13:00:00Z,VISION_STOCKOUT,0.233,ratio,False
SN-STR01-AR90012-2026-07-01-17-V,STR01,AR90012,2026-07-01T17:00:00Z,VISION_STOCKOUT,0.203,ratio,False
SN-STR01-AR00009-2026-07-01-9-V,STR01,AR00009,2026-07-01T09:00:00Z,VISION_STOCKOUT,1.0,ratio,False
SN-STR01-AR00009-2026-07-01-13-V,STR01,AR00009,2026-07-01T13:00:00Z,VISION_STOCKOUT,0.0,ratio,True
SN-STR01-AR00009-2026-07-01-17-V,STR01,AR00009,2026-07-01T17:00:00Z,VISION_STOCKOUT,0.472,ratio,False
SN-STR01-AR00240-2026-07-01-9-V,STR01,AR00240,2026-07-01T09:00:00Z,VISION_STOCKOUT,0.446,ratio,False
SN-STR01-AR00240-2026-07-01-13-V,STR01,AR00240,2026-07-01T13:00:00Z,VISION_STOCKOUT,0.852,ratio,False
SN-STR01-AR00240-2026-07-01-17-V,STR01,AR00240,2026-07-01T17:00:00Z,VISION_STOCKOUT,0.63,ratio,False
SN-STR01-AR90014-2026-07-01-9-V,STR01,AR90014,2026-07-01T09:00:00Z,VISION_STOCKOUT,0.575,ratio,False
SN-STR01-AR90014-2026-07-01-13-V,STR01,AR90014,2026-07-01T13:00:00Z,VISION_STOCKOUT,0.342,ratio,False
SN-STR01-AR90014-2026-07-01-17-V,STR01,AR90014,2026-07-01T17:00:00Z,VISION_STOCKOUT,0.894,ratio,False
SN-STR01-AR00241-2026-07-01-9-V,STR01,AR00241,2026-07-01T09:00:00Z,VISION_STOCKOUT,0.654,ratio,False
SN-STR01-AR00241-2026-07-01-13-V,STR01,AR00241,2026-07-01T13:00:00Z,VISION_STOCKOUT,0.584,ratio,False
SN-STR01-AR00241-2026-07-01-17-V,STR01,AR00241,2026-07-01T17:00:00Z,VISION_STOCKOUT,0.65,ratio,False
SN-STR01-AR00080-2026-07-01-9-V,STR01,AR00080,2026-07-01T09:00:00Z,VISION_STOCKOUT,0.869,ratio,False
SN-STR01-AR00080-2026-07-01-13-V,STR01,AR00080,2026-07-01T13:00:00Z,VISION_STOCKOUT,1.0,ratio,False
SN-STR01-AR00080-2026-07-01-17-V,STR01,AR00080,2026-07-01T17:00:00Z,VISION_STOCKOUT,0.127,ratio,True
SN-STR01-AR00244-2026-07-01-9-V,STR01,AR00244,2026-07-01T09:00:00Z,VISION_STOCKOUT,0.864,ratio,False
SN-STR01-AR00244-2026-07-01-13-V,STR01,AR00244,2026-07-01T13:00:00Z,VISION_STOCKOUT,0.271,ratio,False
SN-STR01-AR00244-2026-07-01-17-V,STR01,AR00244,2026-07-01T17:00:00Z,VISION_STOCKOUT,0.402,ratio,False
SN-STR01-AR00011-2026-07-01-9-V,STR01,AR00011,2026-07-01T09:00:00Z,VISION_STOCKOUT,0.742,ratio,False
SN-STR01-AR00011-2026-07-01-13-V,STR01,AR00011,2026-07-01T13:00:00Z,VISION_STOCKOUT,0.592,ratio,False
SN-STR01-AR00011-2026-07-01-17-V,STR01,AR00011,2026-07-01T17:00:00Z,VISION_STOCKOUT,0.984,ratio,False
SN-STR01-AR90019-2026-07-01-9-V,STR01,AR90019,2026-07-01T09:00:00Z,VISION_STOCKOUT,0.766,ratio,False
SN-STR01-AR90019-2026-07-01-13-V,STR01,AR90019,2026-07-01T13:00:00Z,VISION_STOCKOUT,0.559,ratio,False
SN-STR01-AR90019-2026-07-01-17-V,STR01,AR90019,2026-07-01T17:00:00Z,VISION_STOCKOUT,0.627,ratio,False
SN-STR01-AR90036-2026-07-01-9-V,STR01,AR90036,2026-07-01T09:00:00Z,VISION_STOCKOUT,0.541,ratio,False
SN-STR01-AR90036-2026-07-01-13-V,STR01,AR90036,2026-07-01T13:00:00Z,VISION_STOCKOUT,0.558,ratio,False
SN-STR01-AR90036-2026-07-01-17-V,STR01,AR90036,2026-07-01T17:00:00Z,VISION_STOCKOUT,0.697,ratio,False
SN-STR01-AR90055-2026-07-01-9-V,STR01,AR90055,2026-07-01T09:00:00Z,VISION_STOCKOUT,0.256,ratio,False
SN-STR01-AR90055-2026-07-01-13-V,STR01,AR90055,2026-07-01T13:00:00Z,VISION_STOCKOUT,0.729,ratio,False
SN-STR01-AR90055-2026-07-01-17-V,STR01,AR90055,2026-07-01T17:00:00Z,VISION_STOCKOUT,0.687,ratio,False
SN-STR01-AR90004-2026-07-01-ESL,STR01,AR90004,2026-07-01T06:00:00Z,ESL,0.25,EUR,False
SN-STR01-AR90003-2026-07-01-ESL,STR01,AR90003,2026-07-01T06:00:00Z,ESL,0.15,EUR,False
SN-STR01-AR90013-2026-07-01-ESL,STR01,AR90013,2026-07-01T06:00:00Z,ESL,1.7,EUR,False
SN-STR01-AR90039-2026-07-01-ESL,STR01,AR90039,2026-07-01T06:00:00Z,ESL,1.5,EUR,False
SN-STR01-AR90002-2026-07-01-ESL,STR01,AR90002,2026-07-01T06:00:00Z,ESL,0.08,EUR,False
SN-STR01-AR90034-2026-07-01-ESL,STR01,AR90034,2026-07-01T06:00:00Z,ESL,1.7,EUR,False
SN-STR01-AR00136-2026-07-01-ESL,STR01,AR00136,2026-07-01T06:00:00Z,ESL,2.7,EUR,False
SN-STR01-AR00394-2026-07-01-ESL,STR01,AR00394,2026-07-01T06:00:00Z,ESL,2.9,EUR,False
SN-STR01-2026-07-01-T0,STR01,AR00084,2026-07-01T12:00:00Z,TEMPERATURE,-17.69,C,False
SN-STR01-2026-07-01-T1,STR01,AR00294,2026-07-01T12:00:00Z,TEMPERATURE,5.01,C,False
SN-STR01-2026-07-01-T2,STR01,AR00019,2026-07-01T12:00:00Z,TEMPERATURE,5.24,C,False
SN-STR01-2026-07-01-T3,STR01,AR00053,2026-07-01T12:00:00Z,TEMPERATURE,3.68,C,False
SN-STR01-2026-07-01-T4,STR01,AR00142,2026-07-01T12:00:00Z,TEMPERATURE,4.06,C,False
SN-STR01-2026-07-01-T5,STR01,AR00276,2026-07-01T12:00:00Z,TEMPERATURE,7.81,C,False
SN-STR01-AR90004-2026-07-02-9-V,STR01,AR90004,2026-07-02T09:00:00Z,VISION_STOCKOUT,0.39,ratio,False
SN-STR01-AR90004-2026-07-02-13-V,STR01,AR90004,2026-07-02T13:00:00Z,VISION_STOCKOUT,0.897,ratio,False
SN-STR01-AR90004-2026-07-02-17-V,STR01,AR90004,2026-07-02T17:00:00Z,VISION_STOCKOUT,0.583,ratio,False
SN-STR01-AR90003-2026-07-02-9-V,STR01,AR90003,2026-07-02T09:00:00Z,VISION_STOCKOUT,0.602,ratio,False
SN-STR01-AR90003-2026-07-02-13-V,STR01,AR90003,2026-07-02T13:00:00Z,VISION_STOCKOUT,0.286,ratio,False
SN-STR01-AR90003-2026-07-02-17-V,STR01,AR90003,2026-07-02T17:00:00Z,VISION_STOCKOUT,0.795,ratio,False
SN-STR01-AR90013-2026-07-02-9-V,STR01,AR90013,2026-07-02T09:00:00Z,VISION_STOCKOUT,0.642,ratio,False
SN-STR01-AR90013-2026-07-02-13-V,STR01,AR90013,2026-07-02T13:00:00Z,VISION_STOCKOUT,0.919,ratio,False
SN-STR01-AR90013-2026-07-02-17-V,STR01,AR90013,2026-07-02T17:00:00Z,VISION_STOCKOUT,0.81,ratio,False
SN-STR01-AR90039-2026-07-02-9-V,STR01,AR90039,2026-07-02T09:00:00Z,VISION_STOCKOUT,0.026,ratio,True
SN-STR01-AR90039-2026-07-02-13-V,STR01,AR90039,2026-07-02T13:00:00Z,VISION_STOCKOUT,0.031,ratio,True
SN-STR01-AR90039-2026-07-02-17-V,STR01,AR90039,2026-07-02T17:00:00Z,VISION_STOCKOUT,0.282,ratio,False
SN-STR01-AR90002-2026-07-02-9-V,STR01,AR90002,2026-07-02T09:00:00Z,VISION_STOCKOUT,0.547,ratio,False
SN-STR01-AR90002-2026-07-02-13-V,STR01,AR90002,2026-07-02T13:00:00Z,VISION_STOCKOUT,1.0,ratio,False
SN-STR01-AR90002-2026-07-02-17-V,STR01,AR90002,2026-07-02T17:00:00Z,VISION_STOCKOUT,0.917,ratio,False
SN-STR01-AR90034-2026-07-02-9-V,STR01,AR90034,2026-07-02T09:00:00Z,VISION_STOCKOUT,0.532,ratio,False
SN-STR01-AR90034-2026-07-02-13-V,STR01,AR90034,2026-07-02T13:00:00Z,VISION_STOCKOUT,0.947,ratio,False
SN-STR01-AR90034-2026-07-02-17-V,STR01,AR90034,2026-07-02T17:00:00Z,VISION_STOCKOUT,0.041,ratio,True
SN-STR01-AR00136-2026-07-02-9-V,STR01,AR00136,2026-07-02T09:00:00Z,VISION_STOCKOUT,0.506,ratio,False
SN-STR01-AR00136-2026-07-02-13-V,STR01,AR00136,2026-07-02T13:00:00Z,VISION_STOCKOUT,0.544,ratio,False
SN-STR01-AR00136-2026-07-02-17-V,STR01,AR00136,2026-07-02T17:00:00Z,VISION_STOCKOUT,0.337,ratio,False
SN-STR01-AR00394-2026-07-02-9-V,STR01,AR00394,2026-07-02T09:00:00Z,VISION_STOCKOUT,1.0,ratio,False
SN-STR01-AR00394-2026-07-02-13-V,STR01,AR00394,2026-07-02T13:00:00Z,VISION_STOCKOUT,0.49,ratio,False
SN-STR01-AR00394-2026-07-02-17-V,STR01,AR00394,2026-07-02T17:00:00Z,VISION_STOCKOUT,1.0,ratio,False
SN-STR01-AR00395-2026-07-02-9-V,STR01,AR00395,2026-07-02T09:00:00Z,VISION_STOCKOUT,0.512,ratio,False
SN-STR01-AR00395-2026-07-02-13-V,STR01,AR00395,2026-07-02T13:00:00Z,VISION_STOCKOUT,0.477,ratio,False
SN-STR01-AR00395-2026-07-02-17-V,STR01,AR00395,2026-07-02T17:00:00Z,VISION_STOCKOUT,0.051,ratio,True
SN-STR01-AR90018-2026-07-02-9-V,STR01,AR90018,2026-07-02T09:00:00Z,VISION_STOCKOUT,1.0,ratio,False
SN-STR01-AR90018-2026-07-02-13-V,STR01,AR90018,2026-07-02T13:00:00Z,VISION_STOCKOUT,0.937,ratio,False
SN-STR01-AR90018-2026-07-02-17-V,STR01,AR90018,2026-07-02T17:00:00Z,VISION_STOCKOUT,0.526,ratio,False
SN-STR01-AR90015-2026-07-02-9-V,STR01,AR90015,2026-07-02T09:00:00Z,VISION_STOCKOUT,0.446,ratio,False
SN-STR01-AR90015-2026-07-02-13-V,STR01,AR90015,2026-07-02T13:00:00Z,VISION_STOCKOUT,0.189,ratio,False
SN-STR01-AR90015-2026-07-02-17-V,STR01,AR90015,2026-07-02T17:00:00Z,VISION_STOCKOUT,0.254,ratio,False
SN-STR01-AR00245-2026-07-02-9-V,STR01,AR00245,2026-07-02T09:00:00Z,VISION_STOCKOUT,0.785,ratio,False
SN-STR01-AR00245-2026-07-02-13-V,STR01,AR00245,2026-07-02T13:00:00Z,VISION_STOCKOUT,0.66,ratio,False
SN-STR01-AR00245-2026-07-02-17-V,STR01,AR00245,2026-07-02T17:00:00Z,VISION_STOCKOUT,0.665,ratio,False
SN-STR01-AR00188-2026-07-02-9-V,STR01,AR00188,2026-07-02T09:00:00Z,VISION_STOCKOUT,0.473,ratio,False
SN-STR01-AR00188-2026-07-02-13-V,STR01,AR00188,2026-07-02T13:00:00Z,VISION_STOCKOUT,0.926,ratio,False
SN-STR01-AR00188-2026-07-02-17-V,STR01,AR00188,2026-07-02T17:00:00Z,VISION_STOCKOUT,0.834,ratio,False
SN-STR01-AR00010-2026-07-02-9-V,STR01,AR00010,2026-07-02T09:00:00Z,VISION_STOCKOUT,0.454,ratio,False
SN-STR01-AR00010-2026-07-02-13-V,STR01,AR00010,2026-07-02T13:00:00Z,VISION_STOCKOUT,1.0,ratio,False
SN-STR01-AR00010-2026-07-02-17-V,STR01,AR00010,2026-07-02T17:00:00Z,VISION_STOCKOUT,0.751,ratio,False
SN-STR01-AR90012-2026-07-02-9-V,STR01,AR90012,2026-07-02T09:00:00Z,VISION_STOCKOUT,0.494,ratio,False
SN-STR01-AR90012-2026-07-02-13-V,STR01,AR90012,2026-07-02T13:00:00Z,VISION_STOCKOUT,0.597,ratio,False
SN-STR01-AR90012-2026-07-02-17-V,STR01,AR90012,2026-07-02T17:00:00Z,VISION_STOCKOUT,0.617,ratio,False
SN-STR01-AR00009-2026-07-02-9-V,STR01,AR00009,2026-07-02T09:00:00Z,VISION_STOCKOUT,0.306,ratio,False
SN-STR01-AR00009-2026-07-02-13-V,STR01,AR00009,2026-07-02T13:00:00Z,VISION_STOCKOUT,0.568,ratio,False
SN-STR01-AR00009-2026-07-02-17-V,STR01,AR00009,2026-07-02T17:00:00Z,VISION_STOCKOUT,0.411,ratio,False
SN-STR01-AR00240-2026-07-02-9-V,STR01,AR00240,2026-07-02T09:00:00Z,VISION_STOCKOUT,0.873,ratio,False
SN-STR01-AR00240-2026-07-02-13-V,STR01,AR00240,2026-07-02T13:00:00Z,VISION_STOCKOUT,0.843,ratio,False
SN-STR01-AR00240-2026-07-02-17-V,STR01,AR00240,2026-07-02T17:00:00Z,VISION_STOCKOUT,0.454,ratio,False
SN-STR01-AR90014-2026-07-02-9-V,STR01,AR90014,2026-07-02T09:00:00Z,VISION_STOCKOUT,0.628,ratio,False
SN-STR01-AR90014-2026-07-02-13-V,STR01,AR90014,2026-07-02T13:00:00Z,VISION_STOCKOUT,0.242,ratio,False
SN-STR01-AR90014-2026-07-02-17-V,STR01,AR90014,2026-07-02T17:00:00Z,VISION_STOCKOUT,0.6,ratio,False
SN-STR01-AR00241-2026-07-02-9-V,STR01,AR00241,2026-07-02T09:00:00Z,VISION_STOCKOUT,1.0,ratio,False
SN-STR01-AR00241-2026-07-02-13-V,STR01,AR00241,2026-07-02T13:00:00Z,VISION_STOCKOUT,0.481,ratio,False
SN-STR01-AR00241-2026-07-02-17-V,STR01,AR00241,2026-07-02T17:00:00Z,VISION_STOCKOUT,0.797,ratio,False
SN-STR01-AR00080-2026-07-02-9-V,STR01,AR00080,2026-07-02T09:00:00Z,VISION_STOCKOUT,0.937,ratio,False
SN-STR01-AR00080-2026-07-02-13-V,STR01,AR00080,2026-07-02T13:00:00Z,VISION_STOCKOUT,1.0,ratio,False
SN-STR01-AR00080-2026-07-02-17-V,STR01,AR00080,2026-07-02T17:00:00Z,VISION_STOCKOUT,0.753,ratio,False
SN-STR01-AR00244-2026-07-02-9-V,STR01,AR00244,2026-07-02T09:00:00Z,VISION_STOCKOUT,0.941,ratio,False
SN-STR01-AR00244-2026-07-02-13-V,STR01,AR00244,2026-07-02T13:00:00Z,VISION_STOCKOUT,0.761,ratio,False
SN-STR01-AR00244-2026-07-02-17-V,STR01,AR00244,2026-07-02T17:00:00Z,VISION_STOCKOUT,0.668,ratio,False
SN-STR01-AR00011-2026-07-02-9-V,STR01,AR00011,2026-07-02T09:00:00Z,VISION_STOCKOUT,0.939,ratio,False
SN-STR01-AR00011-2026-07-02-13-V,STR01,AR00011,2026-07-02T13:00:00Z,VISION_STOCKOUT,0.763,ratio,False
SN-STR01-AR00011-2026-07-02-17-V,STR01,AR00011,2026-07-02T17:00:00Z,VISION_STOCKOUT,0.847,ratio,False
SN-STR01-AR90019-2026-07-02-9-V,STR01,AR90019,2026-07-02T09:00:00Z,VISION_STOCKOUT,0.343,ratio,False
SN-STR01-AR90019-2026-07-02-13-V,STR01,AR90019,2026-07-02T13:00:00Z,VISION_STOCKOUT,0.594,ratio,False
SN-STR01-AR90019-2026-07-02-17-V,STR01,AR90019,2026-07-02T17:00:00Z,VISION_STOCKOUT,0.565,ratio,False
SN-STR01-AR90036-2026-07-02-9-V,STR01,AR90036,2026-07-02T09:00:00Z,VISION_STOCKOUT,0.288,ratio,False
SN-STR01-AR90036-2026-07-02-13-V,STR01,AR90036,2026-07-02T13:00:00Z,VISION_STOCKOUT,0.884,ratio,False
SN-STR01-AR90036-2026-07-02-17-V,STR01,AR90036,2026-07-02T17:00:00Z,VISION_STOCKOUT,0.458,ratio,False
SN-STR01-AR90055-2026-07-02-9-V,STR01,AR90055,2026-07-02T09:00:00Z,VISION_STOCKOUT,0.329,ratio,False
SN-STR01-AR90055-2026-07-02-13-V,STR01,AR90055,2026-07-02T13:00:00Z,VISION_STOCKOUT,0.383,ratio,False
SN-STR01-AR90055-2026-07-02-17-V,STR01,AR90055,2026-07-02T17:00:00Z,VISION_STOCKOUT,0.479,ratio,False
SN-STR01-AR90004-2026-07-02-ESL,STR01,AR90004,2026-07-02T06:00:00Z,ESL,0.25,EUR,False
SN-STR01-AR90003-2026-07-02-ESL,STR01,AR90003,2026-07-02T06:00:00Z,ESL,0.15,EUR,False
SN-STR01-AR90013-2026-07-02-ESL,STR01,AR90013,2026-07-02T06:00:00Z,ESL,1.7,EUR,False
SN-STR01-AR90039-2026-07-02-ESL,STR01,AR90039,2026-07-02T06:00:00Z,ESL,1.5,EUR,False
SN-STR01-AR90002-2026-07-02-ESL,STR01,AR90002,2026-07-02T06:00:00Z,ESL,0.08,EUR,False
SN-STR01-AR90034-2026-07-02-ESL,STR01,AR90034,2026-07-02T06:00:00Z,ESL,1.7,EUR,False
SN-STR01-AR00136-2026-07-02-ESL,STR01,AR00136,2026-07-02T06:00:00Z,ESL,2.7,EUR,False
SN-STR01-AR00394-2026-07-02-ESL,STR01,AR00394,2026-07-02T06:00:00Z,ESL,2.9,EUR,False
SN-STR01-2026-07-02-T0,STR01,AR90028,2026-07-02T12:00:00Z,TEMPERATURE,5.0,C,False
SN-STR01-2026-07-02-T1,STR01,AR00074,2026-07-02T12:00:00Z,TEMPERATURE,-18.03,C,False
SN-STR01-2026-07-02-T2,STR01,AR00436,2026-07-02T12:00:00Z,TEMPERATURE,6.35,C,False
SN-STR01-2026-07-02-T3,STR01,AR00242,2026-07-02T12:00:00Z,TEMPERATURE,4.65,C,False
SN-STR01-2026-07-02-T4,STR01,AR90016,2026-07-02T12:00:00Z,TEMPERATURE,4.03,C,False
SN-STR01-2026-07-02-T5,STR01,AR00185,2026-07-02T12:00:00Z,TEMPERATURE,5.42,C,False
SN-STR01-AR90004-2026-07-03-9-V,STR01,AR90004,2026-07-03T09:00:00Z,VISION_STOCKOUT,0.575,ratio,False
SN-STR01-AR90004-2026-07-03-13-V,STR01,AR90004,2026-07-03T13:00:00Z,VISION_STOCKOUT,0.142,ratio,True
SN-STR01-AR90004-2026-07-03-17-V,STR01,AR90004,2026-07-03T17:00:00Z,VISION_STOCKOUT,0.0,ratio,True
SN-STR01-AR90003-2026-07-03-9-V,STR01,AR90003,2026-07-03T09:00:00Z,VISION_STOCKOUT,0.531,ratio,False
SN-STR01-AR90003-2026-07-03-13-V,STR01,AR90003,2026-07-03T13:00:00Z,VISION_STOCKOUT,0.642,ratio,False
SN-STR01-AR90003-2026-07-03-17-V,STR01,AR90003,2026-07-03T17:00:00Z,VISION_STOCKOUT,0.603,ratio,False
SN-STR01-AR90013-2026-07-03-9-V,STR01,AR90013,2026-07-03T09:00:00Z,VISION_STOCKOUT,0.894,ratio,False
SN-STR01-AR90013-2026-07-03-13-V,STR01,AR90013,2026-07-03T13:00:00Z,VISION_STOCKOUT,0.813,ratio,False
SN-STR01-AR90013-2026-07-03-17-V,STR01,AR90013,2026-07-03T17:00:00Z,VISION_STOCKOUT,0.977,ratio,False
SN-STR01-AR90039-2026-07-03-9-V,STR01,AR90039,2026-07-03T09:00:00Z,VISION_STOCKOUT,0.455,ratio,False
SN-STR01-AR90039-2026-07-03-13-V,STR01,AR90039,2026-07-03T13:00:00Z,VISION_STOCKOUT,0.0,ratio,True
SN-STR01-AR90039-2026-07-03-17-V,STR01,AR90039,2026-07-03T17:00:00Z,VISION_STOCKOUT,0.612,ratio,False
SN-STR01-AR90002-2026-07-03-9-V,STR01,AR90002,2026-07-03T09:00:00Z,VISION_STOCKOUT,0.746,ratio,False
SN-STR01-AR90002-2026-07-03-13-V,STR01,AR90002,2026-07-03T13:00:00Z,VISION_STOCKOUT,0.921,ratio,False
SN-STR01-AR90002-2026-07-03-17-V,STR01,AR90002,2026-07-03T17:00:00Z,VISION_STOCKOUT,0.341,ratio,False
SN-STR01-AR90034-2026-07-03-9-V,STR01,AR90034,2026-07-03T09:00:00Z,VISION_STOCKOUT,0.627,ratio,False
SN-STR01-AR90034-2026-07-03-13-V,STR01,AR90034,2026-07-03T13:00:00Z,VISION_STOCKOUT,0.909,ratio,False
SN-STR01-AR90034-2026-07-03-17-V,STR01,AR90034,2026-07-03T17:00:00Z,VISION_STOCKOUT,0.538,ratio,False
SN-STR01-AR00136-2026-07-03-9-V,STR01,AR00136,2026-07-03T09:00:00Z,VISION_STOCKOUT,0.176,ratio,False
SN-STR01-AR00136-2026-07-03-13-V,STR01,AR00136,2026-07-03T13:00:00Z,VISION_STOCKOUT,0.574,ratio,False
SN-STR01-AR00136-2026-07-03-17-V,STR01,AR00136,2026-07-03T17:00:00Z,VISION_STOCKOUT,0.632,ratio,False
SN-STR01-AR00394-2026-07-03-9-V,STR01,AR00394,2026-07-03T09:00:00Z,VISION_STOCKOUT,0.422,ratio,False
SN-STR01-AR00394-2026-07-03-13-V,STR01,AR00394,2026-07-03T13:00:00Z,VISION_STOCKOUT,0.837,ratio,False
SN-STR01-AR00394-2026-07-03-17-V,STR01,AR00394,2026-07-03T17:00:00Z,VISION_STOCKOUT,0.831,ratio,False
SN-STR01-AR00395-2026-07-03-9-V,STR01,AR00395,2026-07-03T09:00:00Z,VISION_STOCKOUT,0.622,ratio,False
SN-STR01-AR00395-2026-07-03-13-V,STR01,AR00395,2026-07-03T13:00:00Z,VISION_STOCKOUT,0.955,ratio,False
SN-STR01-AR00395-2026-07-03-17-V,STR01,AR00395,2026-07-03T17:00:00Z,VISION_STOCKOUT,1.0,ratio,False
SN-STR01-AR90018-2026-07-03-9-V,STR01,AR90018,2026-07-03T09:00:00Z,VISION_STOCKOUT,0.611,ratio,False
SN-STR01-AR90018-2026-07-03-13-V,STR01,AR90018,2026-07-03T13:00:00Z,VISION_STOCKOUT,0.627,ratio,False
SN-STR01-AR90018-2026-07-03-17-V,STR01,AR90018,2026-07-03T17:00:00Z,VISION_STOCKOUT,0.464,ratio,False
SN-STR01-AR90015-2026-07-03-9-V,STR01,AR90015,2026-07-03T09:00:00Z,VISION_STOCKOUT,0.935,ratio,False
SN-STR01-AR90015-2026-07-03-13-V,STR01,AR90015,2026-07-03T13:00:00Z,VISION_STOCKOUT,0.928,ratio,False
SN-STR01-AR90015-2026-07-03-17-V,STR01,AR90015,2026-07-03T17:00:00Z,VISION_STOCKOUT,0.691,ratio,False
SN-STR01-AR00245-2026-07-03-9-V,STR01,AR00245,2026-07-03T09:00:00Z,VISION_STOCKOUT,1.0,ratio,False
SN-STR01-AR00245-2026-07-03-13-V,STR01,AR00245,2026-07-03T13:00:00Z,VISION_STOCKOUT,0.615,ratio,False
SN-STR01-AR00245-2026-07-03-17-V,STR01,AR00245,2026-07-03T17:00:00Z,VISION_STOCKOUT,0.795,ratio,False
SN-STR01-AR00188-2026-07-03-9-V,STR01,AR00188,2026-07-03T09:00:00Z,VISION_STOCKOUT,0.863,ratio,False
SN-STR01-AR00188-2026-07-03-13-V,STR01,AR00188,2026-07-03T13:00:00Z,VISION_STOCKOUT,0.283,ratio,False
SN-STR01-AR00188-2026-07-03-17-V,STR01,AR00188,2026-07-03T17:00:00Z,VISION_STOCKOUT,0.371,ratio,False
SN-STR01-AR00010-2026-07-03-9-V,STR01,AR00010,2026-07-03T09:00:00Z,VISION_STOCKOUT,0.913,ratio,False
SN-STR01-AR00010-2026-07-03-13-V,STR01,AR00010,2026-07-03T13:00:00Z,VISION_STOCKOUT,0.473,ratio,False
SN-STR01-AR00010-2026-07-03-17-V,STR01,AR00010,2026-07-03T17:00:00Z,VISION_STOCKOUT,1.0,ratio,False
SN-STR01-AR90012-2026-07-03-9-V,STR01,AR90012,2026-07-03T09:00:00Z,VISION_STOCKOUT,0.486,ratio,False
SN-STR01-AR90012-2026-07-03-13-V,STR01,AR90012,2026-07-03T13:00:00Z,VISION_STOCKOUT,0.072,ratio,True
SN-STR01-AR90012-2026-07-03-17-V,STR01,AR90012,2026-07-03T17:00:00Z,VISION_STOCKOUT,0.649,ratio,False
SN-STR01-AR00009-2026-07-03-9-V,STR01,AR00009,2026-07-03T09:00:00Z,VISION_STOCKOUT,0.273,ratio,False
SN-STR01-AR00009-2026-07-03-13-V,STR01,AR00009,2026-07-03T13:00:00Z,VISION_STOCKOUT,0.541,ratio,False
SN-STR01-AR00009-2026-07-03-17-V,STR01,AR00009,2026-07-03T17:00:00Z,VISION_STOCKOUT,0.783,ratio,False
SN-STR01-AR00240-2026-07-03-9-V,STR01,AR00240,2026-07-03T09:00:00Z,VISION_STOCKOUT,0.538,ratio,False
SN-STR01-AR00240-2026-07-03-13-V,STR01,AR00240,2026-07-03T13:00:00Z,VISION_STOCKOUT,0.634,ratio,False
SN-STR01-AR00240-2026-07-03-17-V,STR01,AR00240,2026-07-03T17:00:00Z,VISION_STOCKOUT,0.576,ratio,False
SN-STR01-AR90014-2026-07-03-9-V,STR01,AR90014,2026-07-03T09:00:00Z,VISION_STOCKOUT,0.719,ratio,False
SN-STR01-AR90014-2026-07-03-13-V,STR01,AR90014,2026-07-03T13:00:00Z,VISION_STOCKOUT,0.627,ratio,False
SN-STR01-AR90014-2026-07-03-17-V,STR01,AR90014,2026-07-03T17:00:00Z,VISION_STOCKOUT,0.283,ratio,False
SN-STR01-AR00241-2026-07-03-9-V,STR01,AR00241,2026-07-03T09:00:00Z,VISION_STOCKOUT,0.713,ratio,False
SN-STR01-AR00241-2026-07-03-13-V,STR01,AR00241,2026-07-03T13:00:00Z,VISION_STOCKOUT,0.445,ratio,False
SN-STR01-AR00241-2026-07-03-17-V,STR01,AR00241,2026-07-03T17:00:00Z,VISION_STOCKOUT,0.68,ratio,False
SN-STR01-AR00080-2026-07-03-9-V,STR01,AR00080,2026-07-03T09:00:00Z,VISION_STOCKOUT,0.571,ratio,False
SN-STR01-AR00080-2026-07-03-13-V,STR01,AR00080,2026-07-03T13:00:00Z,VISION_STOCKOUT,0.645,ratio,False
SN-STR01-AR00080-2026-07-03-17-V,STR01,AR00080,2026-07-03T17:00:00Z,VISION_STOCKOUT,0.571,ratio,False
SN-STR01-AR00244-2026-07-03-9-V,STR01,AR00244,2026-07-03T09:00:00Z,VISION_STOCKOUT,0.764,ratio,False
SN-STR01-AR00244-2026-07-03-13-V,STR01,AR00244,2026-07-03T13:00:00Z,VISION_STOCKOUT,0.575,ratio,False
SN-STR01-AR00244-2026-07-03-17-V,STR01,AR00244,2026-07-03T17:00:00Z,VISION_STOCKOUT,1.0,ratio,False
SN-STR01-AR00011-2026-07-03-9-V,STR01,AR00011,2026-07-03T09:00:00Z,VISION_STOCKOUT,0.979,ratio,False
SN-STR01-AR00011-2026-07-03-13-V,STR01,AR00011,2026-07-03T13:00:00Z,VISION_STOCKOUT,0.366,ratio,False
SN-STR01-AR00011-2026-07-03-17-V,STR01,AR00011,2026-07-03T17:00:00Z,VISION_STOCKOUT,0.466,ratio,False
SN-STR01-AR90019-2026-07-03-9-V,STR01,AR90019,2026-07-03T09:00:00Z,VISION_STOCKOUT,0.453,ratio,False
SN-STR01-AR90019-2026-07-03-13-V,STR01,AR90019,2026-07-03T13:00:00Z,VISION_STOCKOUT,0.419,ratio,False
SN-STR01-AR90019-2026-07-03-17-V,STR01,AR90019,2026-07-03T17:00:00Z,VISION_STOCKOUT,0.447,ratio,False
SN-STR01-AR90036-2026-07-03-9-V,STR01,AR90036,2026-07-03T09:00:00Z,VISION_STOCKOUT,0.995,ratio,False
SN-STR01-AR90036-2026-07-03-13-V,STR01,AR90036,2026-07-03T13:00:00Z,VISION_STOCKOUT,0.982,ratio,False
SN-STR01-AR90036-2026-07-03-17-V,STR01,AR90036,2026-07-03T17:00:00Z,VISION_STOCKOUT,0.787,ratio,False
SN-STR01-AR90055-2026-07-03-9-V,STR01,AR90055,2026-07-03T09:00:00Z,VISION_STOCKOUT,0.576,ratio,False
SN-STR01-AR90055-2026-07-03-13-V,STR01,AR90055,2026-07-03T13:00:00Z,VISION_STOCKOUT,0.673,ratio,False
SN-STR01-AR90055-2026-07-03-17-V,STR01,AR90055,2026-07-03T17:00:00Z,VISION_STOCKOUT,1.0,ratio,False
SN-STR01-AR90004-2026-07-03-ESL,STR01,AR90004,2026-07-03T06:00:00Z,ESL,0.25,EUR,False
SN-STR01-AR90003-2026-07-03-ESL,STR01,AR90003,2026-07-03T06:00:00Z,ESL,0.15,EUR,False
SN-STR01-AR90013-2026-07-03-ESL,STR01,AR90013,2026-07-03T06:00:00Z,ESL,1.7,EUR,False
SN-STR01-AR90039-2026-07-03-ESL,STR01,AR90039,2026-07-03T06:00:00Z,ESL,1.5,EUR,False
SN-STR01-AR90002-2026-07-03-ESL,STR01,AR90002,2026-07-03T06:00:00Z,ESL,0.08,EUR,False
SN-STR01-AR90034-2026-07-03-ESL,STR01,AR90034,2026-07-03T06:00:00Z,ESL,1.7,EUR,False
SN-STR01-AR00136-2026-07-03-ESL,STR01,AR00136,2026-07-03T06:00:00Z,ESL,2.7,EUR,False
SN-STR01-AR00394-2026-07-03-ESL,STR01,AR00394,2026-07-03T06:00:00Z,ESL,2.9,EUR,False
SN-STR01-2026-07-03-T0,STR01,AR00018,2026-07-03T12:00:00Z,TEMPERATURE,5.01,C,False
SN-STR01-2026-07-03-T1,STR01,AR00153,2026-07-03T12:00:00Z,TEMPERATURE,3.59,C,False
SN-STR01-2026-07-03-T2,STR01,AR00084,2026-07-03T12:00:00Z,TEMPERATURE,-18.25,C,False
SN-STR01-2026-07-03-T3,STR01,AR90034,2026-07-03T12:00:00Z,TEMPERATURE,4.38,C,False
SN-STR01-2026-07-03-T4,STR01,AR00442,2026-07-03T12:00:00Z,TEMPERATURE,3.52,C,False
SN-STR01-2026-07-03-T5,STR01,AR90015,2026-07-03T12:00:00Z,TEMPERATURE,3.71,C,False
SN-BLN01-AR90004-2026-06-27-9-V,BLN01,AR90004,2026-06-27T09:00:00Z,VISION_STOCKOUT,0.854,ratio,False
SN-BLN01-AR90004-2026-06-27-13-V,BLN01,AR90004,2026-06-27T13:00:00Z,VISION_STOCKOUT,0.133,ratio,True
SN-BLN01-AR90004-2026-06-27-17-V,BLN01,AR90004,2026-06-27T17:00:00Z,VISION_STOCKOUT,0.461,ratio,False
SN-BLN01-AR90003-2026-06-27-9-V,BLN01,AR90003,2026-06-27T09:00:00Z,VISION_STOCKOUT,0.545,ratio,False
SN-BLN01-AR90003-2026-06-27-13-V,BLN01,AR90003,2026-06-27T13:00:00Z,VISION_STOCKOUT,0.28,ratio,False
SN-BLN01-AR90003-2026-06-27-17-V,BLN01,AR90003,2026-06-27T17:00:00Z,VISION_STOCKOUT,1.0,ratio,False
SN-BLN01-AR90002-2026-06-27-9-V,BLN01,AR90002,2026-06-27T09:00:00Z,VISION_STOCKOUT,0.475,ratio,False
SN-BLN01-AR90002-2026-06-27-13-V,BLN01,AR90002,2026-06-27T13:00:00Z,VISION_STOCKOUT,0.43,ratio,False
SN-BLN01-AR90002-2026-06-27-17-V,BLN01,AR90002,2026-06-27T17:00:00Z,VISION_STOCKOUT,0.333,ratio,False
SN-BLN01-AR90013-2026-06-27-9-V,BLN01,AR90013,2026-06-27T09:00:00Z,VISION_STOCKOUT,1.0,ratio,False
SN-BLN01-AR90013-2026-06-27-13-V,BLN01,AR90013,2026-06-27T13:00:00Z,VISION_STOCKOUT,0.691,ratio,False
SN-BLN01-AR90013-2026-06-27-17-V,BLN01,AR90013,2026-06-27T17:00:00Z,VISION_STOCKOUT,0.979,ratio,False
SN-BLN01-AR90039-2026-06-27-9-V,BLN01,AR90039,2026-06-27T09:00:00Z,VISION_STOCKOUT,0.691,ratio,False
SN-BLN01-AR90039-2026-06-27-13-V,BLN01,AR90039,2026-06-27T13:00:00Z,VISION_STOCKOUT,0.593,ratio,False
SN-BLN01-AR90039-2026-06-27-17-V,BLN01,AR90039,2026-06-27T17:00:00Z,VISION_STOCKOUT,0.583,ratio,False
SN-BLN01-AR00395-2026-06-27-9-V,BLN01,AR00395,2026-06-27T09:00:00Z,VISION_STOCKOUT,0.582,ratio,False
SN-BLN01-AR00395-2026-06-27-13-V,BLN01,AR00395,2026-06-27T13:00:00Z,VISION_STOCKOUT,1.0,ratio,False
SN-BLN01-AR00395-2026-06-27-17-V,BLN01,AR00395,2026-06-27T17:00:00Z,VISION_STOCKOUT,0.456,ratio,False
SN-BLN01-AR90018-2026-06-27-9-V,BLN01,AR90018,2026-06-27T09:00:00Z,VISION_STOCKOUT,0.445,ratio,False
SN-BLN01-AR90018-2026-06-27-13-V,BLN01,AR90018,2026-06-27T13:00:00Z,VISION_STOCKOUT,0.254,ratio,False
SN-BLN01-AR90018-2026-06-27-17-V,BLN01,AR90018,2026-06-27T17:00:00Z,VISION_STOCKOUT,0.589,ratio,False
SN-BLN01-AR00394-2026-06-27-9-V,BLN01,AR00394,2026-06-27T09:00:00Z,VISION_STOCKOUT,0.494,ratio,False
SN-BLN01-AR00394-2026-06-27-13-V,BLN01,AR00394,2026-06-27T13:00:00Z,VISION_STOCKOUT,0.092,ratio,True
SN-BLN01-AR00394-2026-06-27-17-V,BLN01,AR00394,2026-06-27T17:00:00Z,VISION_STOCKOUT,0.398,ratio,False
SN-BLN01-AR90034-2026-06-27-9-V,BLN01,AR90034,2026-06-27T09:00:00Z,VISION_STOCKOUT,0.711,ratio,False
SN-BLN01-AR90034-2026-06-27-13-V,BLN01,AR90034,2026-06-27T13:00:00Z,VISION_STOCKOUT,0.524,ratio,False
SN-BLN01-AR90034-2026-06-27-17-V,BLN01,AR90034,2026-06-27T17:00:00Z,VISION_STOCKOUT,0.518,ratio,False
SN-BLN01-AR00136-2026-06-27-9-V,BLN01,AR00136,2026-06-27T09:00:00Z,VISION_STOCKOUT,0.57,ratio,False
SN-BLN01-AR00136-2026-06-27-13-V,BLN01,AR00136,2026-06-27T13:00:00Z,VISION_STOCKOUT,0.298,ratio,False
SN-BLN01-AR00136-2026-06-27-17-V,BLN01,AR00136,2026-06-27T17:00:00Z,VISION_STOCKOUT,0.617,ratio,False
SN-BLN01-AR90014-2026-06-27-9-V,BLN01,AR90014,2026-06-27T09:00:00Z,VISION_STOCKOUT,0.53,ratio,False
SN-BLN01-AR90014-2026-06-27-13-V,BLN01,AR90014,2026-06-27T13:00:00Z,VISION_STOCKOUT,1.0,ratio,False
SN-BLN01-AR90014-2026-06-27-17-V,BLN01,AR90014,2026-06-27T17:00:00Z,VISION_STOCKOUT,0.484,ratio,False
SN-BLN01-AR00080-2026-06-27-9-V,BLN01,AR00080,2026-06-27T09:00:00Z,VISION_STOCKOUT,0.443,ratio,False
SN-BLN01-AR00080-2026-06-27-13-V,BLN01,AR00080,2026-06-27T13:00:00Z,VISION_STOCKOUT,0.306,ratio,False
SN-BLN01-AR00080-2026-06-27-17-V,BLN01,AR00080,2026-06-27T17:00:00Z,VISION_STOCKOUT,0.436,ratio,False
SN-BLN01-AR00010-2026-06-27-9-V,BLN01,AR00010,2026-06-27T09:00:00Z,VISION_STOCKOUT,0.621,ratio,False
SN-BLN01-AR00010-2026-06-27-13-V,BLN01,AR00010,2026-06-27T13:00:00Z,VISION_STOCKOUT,0.604,ratio,False
SN-BLN01-AR00010-2026-06-27-17-V,BLN01,AR00010,2026-06-27T17:00:00Z,VISION_STOCKOUT,0.704,ratio,False
SN-BLN01-AR00188-2026-06-27-9-V,BLN01,AR00188,2026-06-27T09:00:00Z,VISION_STOCKOUT,0.214,ratio,False
SN-BLN01-AR00188-2026-06-27-13-V,BLN01,AR00188,2026-06-27T13:00:00Z,VISION_STOCKOUT,0.962,ratio,False
SN-BLN01-AR00188-2026-06-27-17-V,BLN01,AR00188,2026-06-27T17:00:00Z,VISION_STOCKOUT,0.832,ratio,False
SN-BLN01-AR00241-2026-06-27-9-V,BLN01,AR00241,2026-06-27T09:00:00Z,VISION_STOCKOUT,0.406,ratio,False
SN-BLN01-AR00241-2026-06-27-13-V,BLN01,AR00241,2026-06-27T13:00:00Z,VISION_STOCKOUT,0.608,ratio,False
SN-BLN01-AR00241-2026-06-27-17-V,BLN01,AR00241,2026-06-27T17:00:00Z,VISION_STOCKOUT,0.473,ratio,False
SN-BLN01-AR90015-2026-06-27-9-V,BLN01,AR90015,2026-06-27T09:00:00Z,VISION_STOCKOUT,0.379,ratio,False
SN-BLN01-AR90015-2026-06-27-13-V,BLN01,AR90015,2026-06-27T13:00:00Z,VISION_STOCKOUT,0.775,ratio,False
SN-BLN01-AR90015-2026-06-27-17-V,BLN01,AR90015,2026-06-27T17:00:00Z,VISION_STOCKOUT,0.888,ratio,False
SN-BLN01-AR90012-2026-06-27-9-V,BLN01,AR90012,2026-06-27T09:00:00Z,VISION_STOCKOUT,0.884,ratio,False
SN-BLN01-AR90012-2026-06-27-13-V,BLN01,AR90012,2026-06-27T13:00:00Z,VISION_STOCKOUT,0.929,ratio,False
SN-BLN01-AR90012-2026-06-27-17-V,BLN01,AR90012,2026-06-27T17:00:00Z,VISION_STOCKOUT,0.641,ratio,False
SN-BLN01-AR90036-2026-06-27-9-V,BLN01,AR90036,2026-06-27T09:00:00Z,VISION_STOCKOUT,0.62,ratio,False
SN-BLN01-AR90036-2026-06-27-13-V,BLN01,AR90036,2026-06-27T13:00:00Z,VISION_STOCKOUT,0.507,ratio,False
SN-BLN01-AR90036-2026-06-27-17-V,BLN01,AR90036,2026-06-27T17:00:00Z,VISION_STOCKOUT,0.972,ratio,False
SN-BLN01-AR00240-2026-06-27-9-V,BLN01,AR00240,2026-06-27T09:00:00Z,VISION_STOCKOUT,0.246,ratio,False
SN-BLN01-AR00240-2026-06-27-13-V,BLN01,AR00240,2026-06-27T13:00:00Z,VISION_STOCKOUT,1.0,ratio,False
SN-BLN01-AR00240-2026-06-27-17-V,BLN01,AR00240,2026-06-27T17:00:00Z,VISION_STOCKOUT,0.642,ratio,False
SN-BLN01-AR00245-2026-06-27-9-V,BLN01,AR00245,2026-06-27T09:00:00Z,VISION_STOCKOUT,0.417,ratio,False
SN-BLN01-AR00245-2026-06-27-13-V,BLN01,AR00245,2026-06-27T13:00:00Z,VISION_STOCKOUT,1.0,ratio,False
SN-BLN01-AR00245-2026-06-27-17-V,BLN01,AR00245,2026-06-27T17:00:00Z,VISION_STOCKOUT,0.436,ratio,False
SN-BLN01-AR00009-2026-06-27-9-V,BLN01,AR00009,2026-06-27T09:00:00Z,VISION_STOCKOUT,0.409,ratio,False
SN-BLN01-AR00009-2026-06-27-13-V,BLN01,AR00009,2026-06-27T13:00:00Z,VISION_STOCKOUT,0.569,ratio,False
SN-BLN01-AR00009-2026-06-27-17-V,BLN01,AR00009,2026-06-27T17:00:00Z,VISION_STOCKOUT,0.727,ratio,False
SN-BLN01-AR00011-2026-06-27-9-V,BLN01,AR00011,2026-06-27T09:00:00Z,VISION_STOCKOUT,0.584,ratio,False
SN-BLN01-AR00011-2026-06-27-13-V,BLN01,AR00011,2026-06-27T13:00:00Z,VISION_STOCKOUT,0.72,ratio,False
SN-BLN01-AR00011-2026-06-27-17-V,BLN01,AR00011,2026-06-27T17:00:00Z,VISION_STOCKOUT,0.475,ratio,False
SN-BLN01-AR00289-2026-06-27-9-V,BLN01,AR00289,2026-06-27T09:00:00Z,VISION_STOCKOUT,0.677,ratio,False
SN-BLN01-AR00289-2026-06-27-13-V,BLN01,AR00289,2026-06-27T13:00:00Z,VISION_STOCKOUT,0.357,ratio,False
SN-BLN01-AR00289-2026-06-27-17-V,BLN01,AR00289,2026-06-27T17:00:00Z,VISION_STOCKOUT,0.515,ratio,False
SN-BLN01-AR00244-2026-06-27-9-V,BLN01,AR00244,2026-06-27T09:00:00Z,VISION_STOCKOUT,0.573,ratio,False
SN-BLN01-AR00244-2026-06-27-13-V,BLN01,AR00244,2026-06-27T13:00:00Z,VISION_STOCKOUT,0.758,ratio,False
SN-BLN01-AR00244-2026-06-27-17-V,BLN01,AR00244,2026-06-27T17:00:00Z,VISION_STOCKOUT,0.688,ratio,False
SN-BLN01-AR00039-2026-06-27-9-V,BLN01,AR00039,2026-06-27T09:00:00Z,VISION_STOCKOUT,1.0,ratio,False
SN-BLN01-AR00039-2026-06-27-13-V,BLN01,AR00039,2026-06-27T13:00:00Z,VISION_STOCKOUT,0.747,ratio,False
SN-BLN01-AR00039-2026-06-27-17-V,BLN01,AR00039,2026-06-27T17:00:00Z,VISION_STOCKOUT,0.631,ratio,False
SN-BLN01-AR90004-2026-06-27-ESL,BLN01,AR90004,2026-06-27T06:00:00Z,ESL,0.25,EUR,False
SN-BLN01-AR90003-2026-06-27-ESL,BLN01,AR90003,2026-06-27T06:00:00Z,ESL,0.15,EUR,False
SN-BLN01-AR90002-2026-06-27-ESL,BLN01,AR90002,2026-06-27T06:00:00Z,ESL,0.08,EUR,False
SN-BLN01-AR90013-2026-06-27-ESL,BLN01,AR90013,2026-06-27T06:00:00Z,ESL,1.7,EUR,False
SN-BLN01-AR90039-2026-06-27-ESL,BLN01,AR90039,2026-06-27T06:00:00Z,ESL,1.5,EUR,False
SN-BLN01-AR00395-2026-06-27-ESL,BLN01,AR00395,2026-06-27T06:00:00Z,ESL,2.5,EUR,False
SN-BLN01-AR90018-2026-06-27-ESL,BLN01,AR90018,2026-06-27T06:00:00Z,ESL,1.95,EUR,False
SN-BLN01-AR00394-2026-06-27-ESL,BLN01,AR00394,2026-06-27T06:00:00Z,ESL,2.9,EUR,False
SN-BLN01-2026-06-27-T0,BLN01,AR00163,2026-06-27T12:00:00Z,TEMPERATURE,6.02,C,False
SN-BLN01-2026-06-27-T1,BLN01,AR00314,2026-06-27T12:00:00Z,TEMPERATURE,6.0,C,False
SN-BLN01-2026-06-27-T2,BLN01,AR00381,2026-06-27T12:00:00Z,TEMPERATURE,7.3,C,False
SN-BLN01-2026-06-27-T3,BLN01,AR00289,2026-06-27T12:00:00Z,TEMPERATURE,4.36,C,False
SN-BLN01-2026-06-27-T4,BLN01,AR00158,2026-06-27T12:00:00Z,TEMPERATURE,5.3,C,False
SN-BLN01-2026-06-27-T5,BLN01,AR00160,2026-06-27T12:00:00Z,TEMPERATURE,4.91,C,False
SN-BLN01-AR90004-2026-06-28-9-V,BLN01,AR90004,2026-06-28T09:00:00Z,VISION_STOCKOUT,0.28,ratio,False
SN-BLN01-AR90004-2026-06-28-13-V,BLN01,AR90004,2026-06-28T13:00:00Z,VISION_STOCKOUT,0.24,ratio,False
SN-BLN01-AR90004-2026-06-28-17-V,BLN01,AR90004,2026-06-28T17:00:00Z,VISION_STOCKOUT,0.899,ratio,False
SN-BLN01-AR90003-2026-06-28-9-V,BLN01,AR90003,2026-06-28T09:00:00Z,VISION_STOCKOUT,0.735,ratio,False
SN-BLN01-AR90003-2026-06-28-13-V,BLN01,AR90003,2026-06-28T13:00:00Z,VISION_STOCKOUT,0.69,ratio,False
SN-BLN01-AR90003-2026-06-28-17-V,BLN01,AR90003,2026-06-28T17:00:00Z,VISION_STOCKOUT,0.42,ratio,False
SN-BLN01-AR90002-2026-06-28-9-V,BLN01,AR90002,2026-06-28T09:00:00Z,VISION_STOCKOUT,0.49,ratio,False
SN-BLN01-AR90002-2026-06-28-13-V,BLN01,AR90002,2026-06-28T13:00:00Z,VISION_STOCKOUT,0.613,ratio,False
SN-BLN01-AR90002-2026-06-28-17-V,BLN01,AR90002,2026-06-28T17:00:00Z,VISION_STOCKOUT,0.316,ratio,False
SN-BLN01-AR90013-2026-06-28-9-V,BLN01,AR90013,2026-06-28T09:00:00Z,VISION_STOCKOUT,0.5,ratio,False
SN-BLN01-AR90013-2026-06-28-13-V,BLN01,AR90013,2026-06-28T13:00:00Z,VISION_STOCKOUT,0.698,ratio,False
SN-BLN01-AR90013-2026-06-28-17-V,BLN01,AR90013,2026-06-28T17:00:00Z,VISION_STOCKOUT,0.507,ratio,False
SN-BLN01-AR90039-2026-06-28-9-V,BLN01,AR90039,2026-06-28T09:00:00Z,VISION_STOCKOUT,1.0,ratio,False
SN-BLN01-AR90039-2026-06-28-13-V,BLN01,AR90039,2026-06-28T13:00:00Z,VISION_STOCKOUT,0.914,ratio,False
SN-BLN01-AR90039-2026-06-28-17-V,BLN01,AR90039,2026-06-28T17:00:00Z,VISION_STOCKOUT,0.928,ratio,False
SN-BLN01-AR00395-2026-06-28-9-V,BLN01,AR00395,2026-06-28T09:00:00Z,VISION_STOCKOUT,0.686,ratio,False
SN-BLN01-AR00395-2026-06-28-13-V,BLN01,AR00395,2026-06-28T13:00:00Z,VISION_STOCKOUT,0.948,ratio,False
SN-BLN01-AR00395-2026-06-28-17-V,BLN01,AR00395,2026-06-28T17:00:00Z,VISION_STOCKOUT,0.606,ratio,False
SN-BLN01-AR90018-2026-06-28-9-V,BLN01,AR90018,2026-06-28T09:00:00Z,VISION_STOCKOUT,0.594,ratio,False
SN-BLN01-AR90018-2026-06-28-13-V,BLN01,AR90018,2026-06-28T13:00:00Z,VISION_STOCKOUT,0.261,ratio,False
SN-BLN01-AR90018-2026-06-28-17-V,BLN01,AR90018,2026-06-28T17:00:00Z,VISION_STOCKOUT,0.536,ratio,False
SN-BLN01-AR00394-2026-06-28-9-V,BLN01,AR00394,2026-06-28T09:00:00Z,VISION_STOCKOUT,0.525,ratio,False
SN-BLN01-AR00394-2026-06-28-13-V,BLN01,AR00394,2026-06-28T13:00:00Z,VISION_STOCKOUT,0.844,ratio,False
SN-BLN01-AR00394-2026-06-28-17-V,BLN01,AR00394,2026-06-28T17:00:00Z,VISION_STOCKOUT,0.789,ratio,False
SN-BLN01-AR90034-2026-06-28-9-V,BLN01,AR90034,2026-06-28T09:00:00Z,VISION_STOCKOUT,0.422,ratio,False
SN-BLN01-AR90034-2026-06-28-13-V,BLN01,AR90034,2026-06-28T13:00:00Z,VISION_STOCKOUT,0.581,ratio,False
SN-BLN01-AR90034-2026-06-28-17-V,BLN01,AR90034,2026-06-28T17:00:00Z,VISION_STOCKOUT,0.673,ratio,False
SN-BLN01-AR00136-2026-06-28-9-V,BLN01,AR00136,2026-06-28T09:00:00Z,VISION_STOCKOUT,0.864,ratio,False
SN-BLN01-AR00136-2026-06-28-13-V,BLN01,AR00136,2026-06-28T13:00:00Z,VISION_STOCKOUT,0.47,ratio,False
SN-BLN01-AR00136-2026-06-28-17-V,BLN01,AR00136,2026-06-28T17:00:00Z,VISION_STOCKOUT,0.546,ratio,False
SN-BLN01-AR90014-2026-06-28-9-V,BLN01,AR90014,2026-06-28T09:00:00Z,VISION_STOCKOUT,0.579,ratio,False
SN-BLN01-AR90014-2026-06-28-13-V,BLN01,AR90014,2026-06-28T13:00:00Z,VISION_STOCKOUT,1.0,ratio,False
SN-BLN01-AR90014-2026-06-28-17-V,BLN01,AR90014,2026-06-28T17:00:00Z,VISION_STOCKOUT,0.538,ratio,False
SN-BLN01-AR00080-2026-06-28-9-V,BLN01,AR00080,2026-06-28T09:00:00Z,VISION_STOCKOUT,0.933,ratio,False
SN-BLN01-AR00080-2026-06-28-13-V,BLN01,AR00080,2026-06-28T13:00:00Z,VISION_STOCKOUT,1.0,ratio,False
SN-BLN01-AR00080-2026-06-28-17-V,BLN01,AR00080,2026-06-28T17:00:00Z,VISION_STOCKOUT,0.504,ratio,False
SN-BLN01-AR00010-2026-06-28-9-V,BLN01,AR00010,2026-06-28T09:00:00Z,VISION_STOCKOUT,0.56,ratio,False
SN-BLN01-AR00010-2026-06-28-13-V,BLN01,AR00010,2026-06-28T13:00:00Z,VISION_STOCKOUT,0.85,ratio,False
SN-BLN01-AR00010-2026-06-28-17-V,BLN01,AR00010,2026-06-28T17:00:00Z,VISION_STOCKOUT,0.843,ratio,False
SN-BLN01-AR00188-2026-06-28-9-V,BLN01,AR00188,2026-06-28T09:00:00Z,VISION_STOCKOUT,0.358,ratio,False
SN-BLN01-AR00188-2026-06-28-13-V,BLN01,AR00188,2026-06-28T13:00:00Z,VISION_STOCKOUT,1.0,ratio,False
SN-BLN01-AR00188-2026-06-28-17-V,BLN01,AR00188,2026-06-28T17:00:00Z,VISION_STOCKOUT,0.136,ratio,True
SN-BLN01-AR00241-2026-06-28-9-V,BLN01,AR00241,2026-06-28T09:00:00Z,VISION_STOCKOUT,0.266,ratio,False
SN-BLN01-AR00241-2026-06-28-13-V,BLN01,AR00241,2026-06-28T13:00:00Z,VISION_STOCKOUT,0.609,ratio,False
SN-BLN01-AR00241-2026-06-28-17-V,BLN01,AR00241,2026-06-28T17:00:00Z,VISION_STOCKOUT,1.0,ratio,False
SN-BLN01-AR90015-2026-06-28-9-V,BLN01,AR90015,2026-06-28T09:00:00Z,VISION_STOCKOUT,1.0,ratio,False
SN-BLN01-AR90015-2026-06-28-13-V,BLN01,AR90015,2026-06-28T13:00:00Z,VISION_STOCKOUT,0.513,ratio,False
SN-BLN01-AR90015-2026-06-28-17-V,BLN01,AR90015,2026-06-28T17:00:00Z,VISION_STOCKOUT,0.48,ratio,False
SN-BLN01-AR90012-2026-06-28-9-V,BLN01,AR90012,2026-06-28T09:00:00Z,VISION_STOCKOUT,0.555,ratio,False
SN-BLN01-AR90012-2026-06-28-13-V,BLN01,AR90012,2026-06-28T13:00:00Z,VISION_STOCKOUT,1.0,ratio,False
SN-BLN01-AR90012-2026-06-28-17-V,BLN01,AR90012,2026-06-28T17:00:00Z,VISION_STOCKOUT,0.427,ratio,False
SN-BLN01-AR90036-2026-06-28-9-V,BLN01,AR90036,2026-06-28T09:00:00Z,VISION_STOCKOUT,0.296,ratio,False
SN-BLN01-AR90036-2026-06-28-13-V,BLN01,AR90036,2026-06-28T13:00:00Z,VISION_STOCKOUT,0.898,ratio,False
SN-BLN01-AR90036-2026-06-28-17-V,BLN01,AR90036,2026-06-28T17:00:00Z,VISION_STOCKOUT,1.0,ratio,False
SN-BLN01-AR00240-2026-06-28-9-V,BLN01,AR00240,2026-06-28T09:00:00Z,VISION_STOCKOUT,0.508,ratio,False
SN-BLN01-AR00240-2026-06-28-13-V,BLN01,AR00240,2026-06-28T13:00:00Z,VISION_STOCKOUT,0.218,ratio,False
SN-BLN01-AR00240-2026-06-28-17-V,BLN01,AR00240,2026-06-28T17:00:00Z,VISION_STOCKOUT,0.847,ratio,False
SN-BLN01-AR00245-2026-06-28-9-V,BLN01,AR00245,2026-06-28T09:00:00Z,VISION_STOCKOUT,0.603,ratio,False
SN-BLN01-AR00245-2026-06-28-13-V,BLN01,AR00245,2026-06-28T13:00:00Z,VISION_STOCKOUT,0.23,ratio,False
SN-BLN01-AR00245-2026-06-28-17-V,BLN01,AR00245,2026-06-28T17:00:00Z,VISION_STOCKOUT,0.264,ratio,False
SN-BLN01-AR00009-2026-06-28-9-V,BLN01,AR00009,2026-06-28T09:00:00Z,VISION_STOCKOUT,0.682,ratio,False
SN-BLN01-AR00009-2026-06-28-13-V,BLN01,AR00009,2026-06-28T13:00:00Z,VISION_STOCKOUT,0.611,ratio,False
SN-BLN01-AR00009-2026-06-28-17-V,BLN01,AR00009,2026-06-28T17:00:00Z,VISION_STOCKOUT,0.622,ratio,False
SN-BLN01-AR00011-2026-06-28-9-V,BLN01,AR00011,2026-06-28T09:00:00Z,VISION_STOCKOUT,0.395,ratio,False
SN-BLN01-AR00011-2026-06-28-13-V,BLN01,AR00011,2026-06-28T13:00:00Z,VISION_STOCKOUT,0.276,ratio,False
SN-BLN01-AR00011-2026-06-28-17-V,BLN01,AR00011,2026-06-28T17:00:00Z,VISION_STOCKOUT,0.082,ratio,True
SN-BLN01-AR00289-2026-06-28-9-V,BLN01,AR00289,2026-06-28T09:00:00Z,VISION_STOCKOUT,0.555,ratio,False
SN-BLN01-AR00289-2026-06-28-13-V,BLN01,AR00289,2026-06-28T13:00:00Z,VISION_STOCKOUT,1.0,ratio,False
SN-BLN01-AR00289-2026-06-28-17-V,BLN01,AR00289,2026-06-28T17:00:00Z,VISION_STOCKOUT,0.297,ratio,False
SN-BLN01-AR00244-2026-06-28-9-V,BLN01,AR00244,2026-06-28T09:00:00Z,VISION_STOCKOUT,0.701,ratio,False
SN-BLN01-AR00244-2026-06-28-13-V,BLN01,AR00244,2026-06-28T13:00:00Z,VISION_STOCKOUT,0.755,ratio,False
SN-BLN01-AR00244-2026-06-28-17-V,BLN01,AR00244,2026-06-28T17:00:00Z,VISION_STOCKOUT,0.247,ratio,False
SN-BLN01-AR00039-2026-06-28-9-V,BLN01,AR00039,2026-06-28T09:00:00Z,VISION_STOCKOUT,0.691,ratio,False
SN-BLN01-AR00039-2026-06-28-13-V,BLN01,AR00039,2026-06-28T13:00:00Z,VISION_STOCKOUT,0.727,ratio,False
SN-BLN01-AR00039-2026-06-28-17-V,BLN01,AR00039,2026-06-28T17:00:00Z,VISION_STOCKOUT,0.612,ratio,False
SN-BLN01-AR90004-2026-06-28-ESL,BLN01,AR90004,2026-06-28T06:00:00Z,ESL,0.25,EUR,False
SN-BLN01-AR90003-2026-06-28-ESL,BLN01,AR90003,2026-06-28T06:00:00Z,ESL,0.15,EUR,False
SN-BLN01-AR90002-2026-06-28-ESL,BLN01,AR90002,2026-06-28T06:00:00Z,ESL,0.08,EUR,False
SN-BLN01-AR90013-2026-06-28-ESL,BLN01,AR90013,2026-06-28T06:00:00Z,ESL,1.7,EUR,False
SN-BLN01-AR90039-2026-06-28-ESL,BLN01,AR90039,2026-06-28T06:00:00Z,ESL,1.5,EUR,False
SN-BLN01-AR00395-2026-06-28-ESL,BLN01,AR00395,2026-06-28T06:00:00Z,ESL,3.21,EUR,True
SN-BLN01-AR90018-2026-06-28-ESL,BLN01,AR90018,2026-06-28T06:00:00Z,ESL,1.95,EUR,False
SN-BLN01-AR00394-2026-06-28-ESL,BLN01,AR00394,2026-06-28T06:00:00Z,ESL,2.9,EUR,False
SN-BLN01-2026-06-28-T0,BLN01,AR90008,2026-06-28T12:00:00Z,TEMPERATURE,4.25,C,False
SN-BLN01-2026-06-28-T1,BLN01,AR00068,2026-06-28T12:00:00Z,TEMPERATURE,-17.01,C,False
SN-BLN01-2026-06-28-T2,BLN01,AR00131,2026-06-28T12:00:00Z,TEMPERATURE,10.1,C,True
SN-BLN01-2026-06-28-T3,BLN01,AR90023,2026-06-28T12:00:00Z,TEMPERATURE,6.17,C,False
SN-BLN01-2026-06-28-T4,BLN01,AR00074,2026-06-28T12:00:00Z,TEMPERATURE,-18.52,C,False
SN-BLN01-2026-06-28-T5,BLN01,AR00165,2026-06-28T12:00:00Z,TEMPERATURE,5.9,C,False
SN-BLN01-AR90004-2026-06-29-9-V,BLN01,AR90004,2026-06-29T09:00:00Z,VISION_STOCKOUT,0.0,ratio,True
SN-BLN01-AR90004-2026-06-29-13-V,BLN01,AR90004,2026-06-29T13:00:00Z,VISION_STOCKOUT,0.983,ratio,False
SN-BLN01-AR90004-2026-06-29-17-V,BLN01,AR90004,2026-06-29T17:00:00Z,VISION_STOCKOUT,0.302,ratio,False
SN-BLN01-AR90003-2026-06-29-9-V,BLN01,AR90003,2026-06-29T09:00:00Z,VISION_STOCKOUT,0.672,ratio,False
SN-BLN01-AR90003-2026-06-29-13-V,BLN01,AR90003,2026-06-29T13:00:00Z,VISION_STOCKOUT,1.0,ratio,False
SN-BLN01-AR90003-2026-06-29-17-V,BLN01,AR90003,2026-06-29T17:00:00Z,VISION_STOCKOUT,0.809,ratio,False
SN-BLN01-AR90002-2026-06-29-9-V,BLN01,AR90002,2026-06-29T09:00:00Z,VISION_STOCKOUT,0.693,ratio,False
SN-BLN01-AR90002-2026-06-29-13-V,BLN01,AR90002,2026-06-29T13:00:00Z,VISION_STOCKOUT,0.692,ratio,False
SN-BLN01-AR90002-2026-06-29-17-V,BLN01,AR90002,2026-06-29T17:00:00Z,VISION_STOCKOUT,0.64,ratio,False
SN-BLN01-AR90013-2026-06-29-9-V,BLN01,AR90013,2026-06-29T09:00:00Z,VISION_STOCKOUT,0.825,ratio,False
SN-BLN01-AR90013-2026-06-29-13-V,BLN01,AR90013,2026-06-29T13:00:00Z,VISION_STOCKOUT,0.686,ratio,False
SN-BLN01-AR90013-2026-06-29-17-V,BLN01,AR90013,2026-06-29T17:00:00Z,VISION_STOCKOUT,0.891,ratio,False
SN-BLN01-AR90039-2026-06-29-9-V,BLN01,AR90039,2026-06-29T09:00:00Z,VISION_STOCKOUT,0.993,ratio,False
SN-BLN01-AR90039-2026-06-29-13-V,BLN01,AR90039,2026-06-29T13:00:00Z,VISION_STOCKOUT,0.598,ratio,False
SN-BLN01-AR90039-2026-06-29-17-V,BLN01,AR90039,2026-06-29T17:00:00Z,VISION_STOCKOUT,0.36,ratio,False
SN-BLN01-AR00395-2026-06-29-9-V,BLN01,AR00395,2026-06-29T09:00:00Z,VISION_STOCKOUT,0.384,ratio,False
SN-BLN01-AR00395-2026-06-29-13-V,BLN01,AR00395,2026-06-29T13:00:00Z,VISION_STOCKOUT,0.794,ratio,False
SN-BLN01-AR00395-2026-06-29-17-V,BLN01,AR00395,2026-06-29T17:00:00Z,VISION_STOCKOUT,0.326,ratio,False
SN-BLN01-AR90018-2026-06-29-9-V,BLN01,AR90018,2026-06-29T09:00:00Z,VISION_STOCKOUT,0.41,ratio,False
SN-BLN01-AR90018-2026-06-29-13-V,BLN01,AR90018,2026-06-29T13:00:00Z,VISION_STOCKOUT,0.785,ratio,False
SN-BLN01-AR90018-2026-06-29-17-V,BLN01,AR90018,2026-06-29T17:00:00Z,VISION_STOCKOUT,0.411,ratio,False
SN-BLN01-AR00394-2026-06-29-9-V,BLN01,AR00394,2026-06-29T09:00:00Z,VISION_STOCKOUT,0.656,ratio,False
SN-BLN01-AR00394-2026-06-29-13-V,BLN01,AR00394,2026-06-29T13:00:00Z,VISION_STOCKOUT,0.245,ratio,False
SN-BLN01-AR00394-2026-06-29-17-V,BLN01,AR00394,2026-06-29T17:00:00Z,VISION_STOCKOUT,0.907,ratio,False
SN-BLN01-AR90034-2026-06-29-9-V,BLN01,AR90034,2026-06-29T09:00:00Z,VISION_STOCKOUT,0.764,ratio,False
SN-BLN01-AR90034-2026-06-29-13-V,BLN01,AR90034,2026-06-29T13:00:00Z,VISION_STOCKOUT,0.989,ratio,False
SN-BLN01-AR90034-2026-06-29-17-V,BLN01,AR90034,2026-06-29T17:00:00Z,VISION_STOCKOUT,0.361,ratio,False
SN-BLN01-AR00136-2026-06-29-9-V,BLN01,AR00136,2026-06-29T09:00:00Z,VISION_STOCKOUT,0.541,ratio,False
SN-BLN01-AR00136-2026-06-29-13-V,BLN01,AR00136,2026-06-29T13:00:00Z,VISION_STOCKOUT,1.0,ratio,False
SN-BLN01-AR00136-2026-06-29-17-V,BLN01,AR00136,2026-06-29T17:00:00Z,VISION_STOCKOUT,0.487,ratio,False
SN-BLN01-AR90014-2026-06-29-9-V,BLN01,AR90014,2026-06-29T09:00:00Z,VISION_STOCKOUT,0.698,ratio,False
SN-BLN01-AR90014-2026-06-29-13-V,BLN01,AR90014,2026-06-29T13:00:00Z,VISION_STOCKOUT,0.347,ratio,False
SN-BLN01-AR90014-2026-06-29-17-V,BLN01,AR90014,2026-06-29T17:00:00Z,VISION_STOCKOUT,0.459,ratio,False
SN-BLN01-AR00080-2026-06-29-9-V,BLN01,AR00080,2026-06-29T09:00:00Z,VISION_STOCKOUT,0.804,ratio,False
SN-BLN01-AR00080-2026-06-29-13-V,BLN01,AR00080,2026-06-29T13:00:00Z,VISION_STOCKOUT,0.538,ratio,False
SN-BLN01-AR00080-2026-06-29-17-V,BLN01,AR00080,2026-06-29T17:00:00Z,VISION_STOCKOUT,0.833,ratio,False
SN-BLN01-AR00010-2026-06-29-9-V,BLN01,AR00010,2026-06-29T09:00:00Z,VISION_STOCKOUT,0.679,ratio,False
SN-BLN01-AR00010-2026-06-29-13-V,BLN01,AR00010,2026-06-29T13:00:00Z,VISION_STOCKOUT,0.46,ratio,False
SN-BLN01-AR00010-2026-06-29-17-V,BLN01,AR00010,2026-06-29T17:00:00Z,VISION_STOCKOUT,0.502,ratio,False
SN-BLN01-AR00188-2026-06-29-9-V,BLN01,AR00188,2026-06-29T09:00:00Z,VISION_STOCKOUT,0.666,ratio,False
SN-BLN01-AR00188-2026-06-29-13-V,BLN01,AR00188,2026-06-29T13:00:00Z,VISION_STOCKOUT,0.453,ratio,False
SN-BLN01-AR00188-2026-06-29-17-V,BLN01,AR00188,2026-06-29T17:00:00Z,VISION_STOCKOUT,0.844,ratio,False
SN-BLN01-AR00241-2026-06-29-9-V,BLN01,AR00241,2026-06-29T09:00:00Z,VISION_STOCKOUT,0.508,ratio,False
SN-BLN01-AR00241-2026-06-29-13-V,BLN01,AR00241,2026-06-29T13:00:00Z,VISION_STOCKOUT,0.451,ratio,False
SN-BLN01-AR00241-2026-06-29-17-V,BLN01,AR00241,2026-06-29T17:00:00Z,VISION_STOCKOUT,0.528,ratio,False
SN-BLN01-AR90015-2026-06-29-9-V,BLN01,AR90015,2026-06-29T09:00:00Z,VISION_STOCKOUT,0.576,ratio,False
SN-BLN01-AR90015-2026-06-29-13-V,BLN01,AR90015,2026-06-29T13:00:00Z,VISION_STOCKOUT,0.577,ratio,False
SN-BLN01-AR90015-2026-06-29-17-V,BLN01,AR90015,2026-06-29T17:00:00Z,VISION_STOCKOUT,0.677,ratio,False
SN-BLN01-AR90012-2026-06-29-9-V,BLN01,AR90012,2026-06-29T09:00:00Z,VISION_STOCKOUT,0.606,ratio,False
SN-BLN01-AR90012-2026-06-29-13-V,BLN01,AR90012,2026-06-29T13:00:00Z,VISION_STOCKOUT,0.787,ratio,False
SN-BLN01-AR90012-2026-06-29-17-V,BLN01,AR90012,2026-06-29T17:00:00Z,VISION_STOCKOUT,0.838,ratio,False
SN-BLN01-AR90036-2026-06-29-9-V,BLN01,AR90036,2026-06-29T09:00:00Z,VISION_STOCKOUT,1.0,ratio,False
SN-BLN01-AR90036-2026-06-29-13-V,BLN01,AR90036,2026-06-29T13:00:00Z,VISION_STOCKOUT,1.0,ratio,False
SN-BLN01-AR90036-2026-06-29-17-V,BLN01,AR90036,2026-06-29T17:00:00Z,VISION_STOCKOUT,0.84,ratio,False
SN-BLN01-AR00240-2026-06-29-9-V,BLN01,AR00240,2026-06-29T09:00:00Z,VISION_STOCKOUT,0.694,ratio,False
SN-BLN01-AR00240-2026-06-29-13-V,BLN01,AR00240,2026-06-29T13:00:00Z,VISION_STOCKOUT,0.257,ratio,False
SN-BLN01-AR00240-2026-06-29-17-V,BLN01,AR00240,2026-06-29T17:00:00Z,VISION_STOCKOUT,0.591,ratio,False
SN-BLN01-AR00245-2026-06-29-9-V,BLN01,AR00245,2026-06-29T09:00:00Z,VISION_STOCKOUT,0.42,ratio,False
SN-BLN01-AR00245-2026-06-29-13-V,BLN01,AR00245,2026-06-29T13:00:00Z,VISION_STOCKOUT,0.789,ratio,False
SN-BLN01-AR00245-2026-06-29-17-V,BLN01,AR00245,2026-06-29T17:00:00Z,VISION_STOCKOUT,0.919,ratio,False
SN-BLN01-AR00009-2026-06-29-9-V,BLN01,AR00009,2026-06-29T09:00:00Z,VISION_STOCKOUT,0.74,ratio,False
SN-BLN01-AR00009-2026-06-29-13-V,BLN01,AR00009,2026-06-29T13:00:00Z,VISION_STOCKOUT,0.777,ratio,False
SN-BLN01-AR00009-2026-06-29-17-V,BLN01,AR00009,2026-06-29T17:00:00Z,VISION_STOCKOUT,0.04,ratio,True
SN-BLN01-AR00011-2026-06-29-9-V,BLN01,AR00011,2026-06-29T09:00:00Z,VISION_STOCKOUT,0.481,ratio,False
SN-BLN01-AR00011-2026-06-29-13-V,BLN01,AR00011,2026-06-29T13:00:00Z,VISION_STOCKOUT,0.928,ratio,False
SN-BLN01-AR00011-2026-06-29-17-V,BLN01,AR00011,2026-06-29T17:00:00Z,VISION_STOCKOUT,0.424,ratio,False
SN-BLN01-AR00289-2026-06-29-9-V,BLN01,AR00289,2026-06-29T09:00:00Z,VISION_STOCKOUT,0.913,ratio,False
SN-BLN01-AR00289-2026-06-29-13-V,BLN01,AR00289,2026-06-29T13:00:00Z,VISION_STOCKOUT,0.339,ratio,False
SN-BLN01-AR00289-2026-06-29-17-V,BLN01,AR00289,2026-06-29T17:00:00Z,VISION_STOCKOUT,0.509,ratio,False
SN-BLN01-AR00244-2026-06-29-9-V,BLN01,AR00244,2026-06-29T09:00:00Z,VISION_STOCKOUT,0.515,ratio,False
SN-BLN01-AR00244-2026-06-29-13-V,BLN01,AR00244,2026-06-29T13:00:00Z,VISION_STOCKOUT,0.419,ratio,False
SN-BLN01-AR00244-2026-06-29-17-V,BLN01,AR00244,2026-06-29T17:00:00Z,VISION_STOCKOUT,0.427,ratio,False
SN-BLN01-AR00039-2026-06-29-9-V,BLN01,AR00039,2026-06-29T09:00:00Z,VISION_STOCKOUT,1.0,ratio,False
SN-BLN01-AR00039-2026-06-29-13-V,BLN01,AR00039,2026-06-29T13:00:00Z,VISION_STOCKOUT,0.635,ratio,False
SN-BLN01-AR00039-2026-06-29-17-V,BLN01,AR00039,2026-06-29T17:00:00Z,VISION_STOCKOUT,0.407,ratio,False
SN-BLN01-AR90004-2026-06-29-ESL,BLN01,AR90004,2026-06-29T06:00:00Z,ESL,0.25,EUR,False
SN-BLN01-AR90003-2026-06-29-ESL,BLN01,AR90003,2026-06-29T06:00:00Z,ESL,0.15,EUR,False
SN-BLN01-AR90002-2026-06-29-ESL,BLN01,AR90002,2026-06-29T06:00:00Z,ESL,0.08,EUR,False
SN-BLN01-AR90013-2026-06-29-ESL,BLN01,AR90013,2026-06-29T06:00:00Z,ESL,1.7,EUR,False
SN-BLN01-AR90039-2026-06-29-ESL,BLN01,AR90039,2026-06-29T06:00:00Z,ESL,1.5,EUR,False
SN-BLN01-AR00395-2026-06-29-ESL,BLN01,AR00395,2026-06-29T06:00:00Z,ESL,2.5,EUR,False
SN-BLN01-AR90018-2026-06-29-ESL,BLN01,AR90018,2026-06-29T06:00:00Z,ESL,1.95,EUR,False
SN-BLN01-AR00394-2026-06-29-ESL,BLN01,AR00394,2026-06-29T06:00:00Z,ESL,2.9,EUR,False
SN-BLN01-2026-06-29-T0,BLN01,AR00324,2026-06-29T12:00:00Z,TEMPERATURE,4.26,C,False
SN-BLN01-2026-06-29-T1,BLN01,AR90012,2026-06-29T12:00:00Z,TEMPERATURE,4.33,C,False
SN-BLN01-2026-06-29-T2,BLN01,AR00064,2026-06-29T12:00:00Z,TEMPERATURE,-18.5,C,False
SN-BLN01-2026-06-29-T3,BLN01,AR90020,2026-06-29T12:00:00Z,TEMPERATURE,4.57,C,False
SN-BLN01-2026-06-29-T4,BLN01,AR00066,2026-06-29T12:00:00Z,TEMPERATURE,-18.32,C,False
SN-BLN01-2026-06-29-T5,BLN01,AR00241,2026-06-29T12:00:00Z,TEMPERATURE,5.54,C,False
SN-BLN01-AR90004-2026-06-30-9-V,BLN01,AR90004,2026-06-30T09:00:00Z,VISION_STOCKOUT,0.973,ratio,False
SN-BLN01-AR90004-2026-06-30-13-V,BLN01,AR90004,2026-06-30T13:00:00Z,VISION_STOCKOUT,0.666,ratio,False
SN-BLN01-AR90004-2026-06-30-17-V,BLN01,AR90004,2026-06-30T17:00:00Z,VISION_STOCKOUT,0.767,ratio,False
SN-BLN01-AR90003-2026-06-30-9-V,BLN01,AR90003,2026-06-30T09:00:00Z,VISION_STOCKOUT,0.494,ratio,False
SN-BLN01-AR90003-2026-06-30-13-V,BLN01,AR90003,2026-06-30T13:00:00Z,VISION_STOCKOUT,0.306,ratio,False
SN-BLN01-AR90003-2026-06-30-17-V,BLN01,AR90003,2026-06-30T17:00:00Z,VISION_STOCKOUT,0.453,ratio,False
SN-BLN01-AR90002-2026-06-30-9-V,BLN01,AR90002,2026-06-30T09:00:00Z,VISION_STOCKOUT,0.574,ratio,False
SN-BLN01-AR90002-2026-06-30-13-V,BLN01,AR90002,2026-06-30T13:00:00Z,VISION_STOCKOUT,0.392,ratio,False
SN-BLN01-AR90002-2026-06-30-17-V,BLN01,AR90002,2026-06-30T17:00:00Z,VISION_STOCKOUT,0.345,ratio,False
SN-BLN01-AR90013-2026-06-30-9-V,BLN01,AR90013,2026-06-30T09:00:00Z,VISION_STOCKOUT,0.0,ratio,True
SN-BLN01-AR90013-2026-06-30-13-V,BLN01,AR90013,2026-06-30T13:00:00Z,VISION_STOCKOUT,0.564,ratio,False
SN-BLN01-AR90013-2026-06-30-17-V,BLN01,AR90013,2026-06-30T17:00:00Z,VISION_STOCKOUT,0.215,ratio,False
SN-BLN01-AR90039-2026-06-30-9-V,BLN01,AR90039,2026-06-30T09:00:00Z,VISION_STOCKOUT,0.541,ratio,False
SN-BLN01-AR90039-2026-06-30-13-V,BLN01,AR90039,2026-06-30T13:00:00Z,VISION_STOCKOUT,0.755,ratio,False
SN-BLN01-AR90039-2026-06-30-17-V,BLN01,AR90039,2026-06-30T17:00:00Z,VISION_STOCKOUT,1.0,ratio,False
SN-BLN01-AR00395-2026-06-30-9-V,BLN01,AR00395,2026-06-30T09:00:00Z,VISION_STOCKOUT,0.383,ratio,False
SN-BLN01-AR00395-2026-06-30-13-V,BLN01,AR00395,2026-06-30T13:00:00Z,VISION_STOCKOUT,0.742,ratio,False
SN-BLN01-AR00395-2026-06-30-17-V,BLN01,AR00395,2026-06-30T17:00:00Z,VISION_STOCKOUT,0.49,ratio,False
SN-BLN01-AR90018-2026-06-30-9-V,BLN01,AR90018,2026-06-30T09:00:00Z,VISION_STOCKOUT,0.531,ratio,False
SN-BLN01-AR90018-2026-06-30-13-V,BLN01,AR90018,2026-06-30T13:00:00Z,VISION_STOCKOUT,0.542,ratio,False
SN-BLN01-AR90018-2026-06-30-17-V,BLN01,AR90018,2026-06-30T17:00:00Z,VISION_STOCKOUT,0.422,ratio,False
SN-BLN01-AR00394-2026-06-30-9-V,BLN01,AR00394,2026-06-30T09:00:00Z,VISION_STOCKOUT,0.88,ratio,False
SN-BLN01-AR00394-2026-06-30-13-V,BLN01,AR00394,2026-06-30T13:00:00Z,VISION_STOCKOUT,0.711,ratio,False
SN-BLN01-AR00394-2026-06-30-17-V,BLN01,AR00394,2026-06-30T17:00:00Z,VISION_STOCKOUT,0.0,ratio,True
SN-BLN01-AR90034-2026-06-30-9-V,BLN01,AR90034,2026-06-30T09:00:00Z,VISION_STOCKOUT,0.774,ratio,False
SN-BLN01-AR90034-2026-06-30-13-V,BLN01,AR90034,2026-06-30T13:00:00Z,VISION_STOCKOUT,0.396,ratio,False
SN-BLN01-AR90034-2026-06-30-17-V,BLN01,AR90034,2026-06-30T17:00:00Z,VISION_STOCKOUT,0.662,ratio,False
SN-BLN01-AR00136-2026-06-30-9-V,BLN01,AR00136,2026-06-30T09:00:00Z,VISION_STOCKOUT,0.667,ratio,False
SN-BLN01-AR00136-2026-06-30-13-V,BLN01,AR00136,2026-06-30T13:00:00Z,VISION_STOCKOUT,0.205,ratio,False
SN-BLN01-AR00136-2026-06-30-17-V,BLN01,AR00136,2026-06-30T17:00:00Z,VISION_STOCKOUT,0.542,ratio,False
SN-BLN01-AR90014-2026-06-30-9-V,BLN01,AR90014,2026-06-30T09:00:00Z,VISION_STOCKOUT,0.852,ratio,False
SN-BLN01-AR90014-2026-06-30-13-V,BLN01,AR90014,2026-06-30T13:00:00Z,VISION_STOCKOUT,0.036,ratio,True
SN-BLN01-AR90014-2026-06-30-17-V,BLN01,AR90014,2026-06-30T17:00:00Z,VISION_STOCKOUT,0.767,ratio,False
SN-BLN01-AR00080-2026-06-30-9-V,BLN01,AR00080,2026-06-30T09:00:00Z,VISION_STOCKOUT,0.0,ratio,True
SN-BLN01-AR00080-2026-06-30-13-V,BLN01,AR00080,2026-06-30T13:00:00Z,VISION_STOCKOUT,0.283,ratio,False
SN-BLN01-AR00080-2026-06-30-17-V,BLN01,AR00080,2026-06-30T17:00:00Z,VISION_STOCKOUT,0.671,ratio,False
SN-BLN01-AR00010-2026-06-30-9-V,BLN01,AR00010,2026-06-30T09:00:00Z,VISION_STOCKOUT,0.714,ratio,False
SN-BLN01-AR00010-2026-06-30-13-V,BLN01,AR00010,2026-06-30T13:00:00Z,VISION_STOCKOUT,0.469,ratio,False
SN-BLN01-AR00010-2026-06-30-17-V,BLN01,AR00010,2026-06-30T17:00:00Z,VISION_STOCKOUT,0.761,ratio,False
SN-BLN01-AR00188-2026-06-30-9-V,BLN01,AR00188,2026-06-30T09:00:00Z,VISION_STOCKOUT,0.768,ratio,False
SN-BLN01-AR00188-2026-06-30-13-V,BLN01,AR00188,2026-06-30T13:00:00Z,VISION_STOCKOUT,1.0,ratio,False
SN-BLN01-AR00188-2026-06-30-17-V,BLN01,AR00188,2026-06-30T17:00:00Z,VISION_STOCKOUT,0.948,ratio,False
SN-BLN01-AR00241-2026-06-30-9-V,BLN01,AR00241,2026-06-30T09:00:00Z,VISION_STOCKOUT,0.485,ratio,False
SN-BLN01-AR00241-2026-06-30-13-V,BLN01,AR00241,2026-06-30T13:00:00Z,VISION_STOCKOUT,0.257,ratio,False
SN-BLN01-AR00241-2026-06-30-17-V,BLN01,AR00241,2026-06-30T17:00:00Z,VISION_STOCKOUT,0.847,ratio,False
SN-BLN01-AR90015-2026-06-30-9-V,BLN01,AR90015,2026-06-30T09:00:00Z,VISION_STOCKOUT,0.635,ratio,False
SN-BLN01-AR90015-2026-06-30-13-V,BLN01,AR90015,2026-06-30T13:00:00Z,VISION_STOCKOUT,0.229,ratio,False
SN-BLN01-AR90015-2026-06-30-17-V,BLN01,AR90015,2026-06-30T17:00:00Z,VISION_STOCKOUT,1.0,ratio,False
SN-BLN01-AR90012-2026-06-30-9-V,BLN01,AR90012,2026-06-30T09:00:00Z,VISION_STOCKOUT,0.475,ratio,False
SN-BLN01-AR90012-2026-06-30-13-V,BLN01,AR90012,2026-06-30T13:00:00Z,VISION_STOCKOUT,0.582,ratio,False
SN-BLN01-AR90012-2026-06-30-17-V,BLN01,AR90012,2026-06-30T17:00:00Z,VISION_STOCKOUT,0.327,ratio,False
SN-BLN01-AR90036-2026-06-30-9-V,BLN01,AR90036,2026-06-30T09:00:00Z,VISION_STOCKOUT,0.4,ratio,False
SN-BLN01-AR90036-2026-06-30-13-V,BLN01,AR90036,2026-06-30T13:00:00Z,VISION_STOCKOUT,0.643,ratio,False
SN-BLN01-AR90036-2026-06-30-17-V,BLN01,AR90036,2026-06-30T17:00:00Z,VISION_STOCKOUT,0.607,ratio,False
SN-BLN01-AR00240-2026-06-30-9-V,BLN01,AR00240,2026-06-30T09:00:00Z,VISION_STOCKOUT,0.057,ratio,True
SN-BLN01-AR00240-2026-06-30-13-V,BLN01,AR00240,2026-06-30T13:00:00Z,VISION_STOCKOUT,0.407,ratio,False
SN-BLN01-AR00240-2026-06-30-17-V,BLN01,AR00240,2026-06-30T17:00:00Z,VISION_STOCKOUT,0.219,ratio,False
SN-BLN01-AR00245-2026-06-30-9-V,BLN01,AR00245,2026-06-30T09:00:00Z,VISION_STOCKOUT,0.638,ratio,False
SN-BLN01-AR00245-2026-06-30-13-V,BLN01,AR00245,2026-06-30T13:00:00Z,VISION_STOCKOUT,1.0,ratio,False
SN-BLN01-AR00245-2026-06-30-17-V,BLN01,AR00245,2026-06-30T17:00:00Z,VISION_STOCKOUT,0.604,ratio,False
SN-BLN01-AR00009-2026-06-30-9-V,BLN01,AR00009,2026-06-30T09:00:00Z,VISION_STOCKOUT,1.0,ratio,False
SN-BLN01-AR00009-2026-06-30-13-V,BLN01,AR00009,2026-06-30T13:00:00Z,VISION_STOCKOUT,0.525,ratio,False
SN-BLN01-AR00009-2026-06-30-17-V,BLN01,AR00009,2026-06-30T17:00:00Z,VISION_STOCKOUT,0.745,ratio,False
SN-BLN01-AR00011-2026-06-30-9-V,BLN01,AR00011,2026-06-30T09:00:00Z,VISION_STOCKOUT,0.707,ratio,False
SN-BLN01-AR00011-2026-06-30-13-V,BLN01,AR00011,2026-06-30T13:00:00Z,VISION_STOCKOUT,0.515,ratio,False
SN-BLN01-AR00011-2026-06-30-17-V,BLN01,AR00011,2026-06-30T17:00:00Z,VISION_STOCKOUT,0.736,ratio,False
SN-BLN01-AR00289-2026-06-30-9-V,BLN01,AR00289,2026-06-30T09:00:00Z,VISION_STOCKOUT,0.284,ratio,False
SN-BLN01-AR00289-2026-06-30-13-V,BLN01,AR00289,2026-06-30T13:00:00Z,VISION_STOCKOUT,0.705,ratio,False
SN-BLN01-AR00289-2026-06-30-17-V,BLN01,AR00289,2026-06-30T17:00:00Z,VISION_STOCKOUT,0.401,ratio,False
SN-BLN01-AR00244-2026-06-30-9-V,BLN01,AR00244,2026-06-30T09:00:00Z,VISION_STOCKOUT,0.381,ratio,False
SN-BLN01-AR00244-2026-06-30-13-V,BLN01,AR00244,2026-06-30T13:00:00Z,VISION_STOCKOUT,0.025,ratio,True
SN-BLN01-AR00244-2026-06-30-17-V,BLN01,AR00244,2026-06-30T17:00:00Z,VISION_STOCKOUT,1.0,ratio,False
SN-BLN01-AR00039-2026-06-30-9-V,BLN01,AR00039,2026-06-30T09:00:00Z,VISION_STOCKOUT,0.955,ratio,False
SN-BLN01-AR00039-2026-06-30-13-V,BLN01,AR00039,2026-06-30T13:00:00Z,VISION_STOCKOUT,0.925,ratio,False
SN-BLN01-AR00039-2026-06-30-17-V,BLN01,AR00039,2026-06-30T17:00:00Z,VISION_STOCKOUT,0.427,ratio,False
SN-BLN01-AR90004-2026-06-30-ESL,BLN01,AR90004,2026-06-30T06:00:00Z,ESL,0.25,EUR,False
SN-BLN01-AR90003-2026-06-30-ESL,BLN01,AR90003,2026-06-30T06:00:00Z,ESL,0.15,EUR,False
SN-BLN01-AR90002-2026-06-30-ESL,BLN01,AR90002,2026-06-30T06:00:00Z,ESL,0.08,EUR,False
SN-BLN01-AR90013-2026-06-30-ESL,BLN01,AR90013,2026-06-30T06:00:00Z,ESL,1.7,EUR,False
SN-BLN01-AR90039-2026-06-30-ESL,BLN01,AR90039,2026-06-30T06:00:00Z,ESL,1.57,EUR,True
SN-BLN01-AR00395-2026-06-30-ESL,BLN01,AR00395,2026-06-30T06:00:00Z,ESL,2.5,EUR,False
SN-BLN01-AR90018-2026-06-30-ESL,BLN01,AR90018,2026-06-30T06:00:00Z,ESL,1.95,EUR,False
SN-BLN01-AR00394-2026-06-30-ESL,BLN01,AR00394,2026-06-30T06:00:00Z,ESL,2.9,EUR,False
SN-BLN01-2026-06-30-T0,BLN01,AR00283,2026-06-30T12:00:00Z,TEMPERATURE,4.99,C,False
SN-BLN01-2026-06-30-T1,BLN01,AR00024,2026-06-30T12:00:00Z,TEMPERATURE,-17.72,C,False
SN-BLN01-2026-06-30-T2,BLN01,AR00060,2026-06-30T12:00:00Z,TEMPERATURE,-18.59,C,False
SN-BLN01-2026-06-30-T3,BLN01,AR90021,2026-06-30T12:00:00Z,TEMPERATURE,4.37,C,False
SN-BLN01-2026-06-30-T4,BLN01,AR00349,2026-06-30T12:00:00Z,TEMPERATURE,9.49,C,True
SN-BLN01-2026-06-30-T5,BLN01,AR00015,2026-06-30T12:00:00Z,TEMPERATURE,4.59,C,False
SN-BLN01-AR90004-2026-07-01-9-V,BLN01,AR90004,2026-07-01T09:00:00Z,VISION_STOCKOUT,1.0,ratio,False
SN-BLN01-AR90004-2026-07-01-13-V,BLN01,AR90004,2026-07-01T13:00:00Z,VISION_STOCKOUT,0.946,ratio,False
SN-BLN01-AR90004-2026-07-01-17-V,BLN01,AR90004,2026-07-01T17:00:00Z,VISION_STOCKOUT,0.822,ratio,False
SN-BLN01-AR90003-2026-07-01-9-V,BLN01,AR90003,2026-07-01T09:00:00Z,VISION_STOCKOUT,1.0,ratio,False
SN-BLN01-AR90003-2026-07-01-13-V,BLN01,AR90003,2026-07-01T13:00:00Z,VISION_STOCKOUT,0.87,ratio,False
SN-BLN01-AR90003-2026-07-01-17-V,BLN01,AR90003,2026-07-01T17:00:00Z,VISION_STOCKOUT,0.352,ratio,False
SN-BLN01-AR90002-2026-07-01-9-V,BLN01,AR90002,2026-07-01T09:00:00Z,VISION_STOCKOUT,0.596,ratio,False
SN-BLN01-AR90002-2026-07-01-13-V,BLN01,AR90002,2026-07-01T13:00:00Z,VISION_STOCKOUT,0.243,ratio,False
SN-BLN01-AR90002-2026-07-01-17-V,BLN01,AR90002,2026-07-01T17:00:00Z,VISION_STOCKOUT,0.179,ratio,False
SN-BLN01-AR90013-2026-07-01-9-V,BLN01,AR90013,2026-07-01T09:00:00Z,VISION_STOCKOUT,0.777,ratio,False
SN-BLN01-AR90013-2026-07-01-13-V,BLN01,AR90013,2026-07-01T13:00:00Z,VISION_STOCKOUT,0.211,ratio,False
SN-BLN01-AR90013-2026-07-01-17-V,BLN01,AR90013,2026-07-01T17:00:00Z,VISION_STOCKOUT,0.645,ratio,False
SN-BLN01-AR90039-2026-07-01-9-V,BLN01,AR90039,2026-07-01T09:00:00Z,VISION_STOCKOUT,0.603,ratio,False
SN-BLN01-AR90039-2026-07-01-13-V,BLN01,AR90039,2026-07-01T13:00:00Z,VISION_STOCKOUT,0.345,ratio,False
SN-BLN01-AR90039-2026-07-01-17-V,BLN01,AR90039,2026-07-01T17:00:00Z,VISION_STOCKOUT,0.158,ratio,False
SN-BLN01-AR00395-2026-07-01-9-V,BLN01,AR00395,2026-07-01T09:00:00Z,VISION_STOCKOUT,0.984,ratio,False
SN-BLN01-AR00395-2026-07-01-13-V,BLN01,AR00395,2026-07-01T13:00:00Z,VISION_STOCKOUT,0.636,ratio,False
SN-BLN01-AR00395-2026-07-01-17-V,BLN01,AR00395,2026-07-01T17:00:00Z,VISION_STOCKOUT,0.383,ratio,False
SN-BLN01-AR90018-2026-07-01-9-V,BLN01,AR90018,2026-07-01T09:00:00Z,VISION_STOCKOUT,0.418,ratio,False
SN-BLN01-AR90018-2026-07-01-13-V,BLN01,AR90018,2026-07-01T13:00:00Z,VISION_STOCKOUT,0.681,ratio,False
SN-BLN01-AR90018-2026-07-01-17-V,BLN01,AR90018,2026-07-01T17:00:00Z,VISION_STOCKOUT,0.835,ratio,False
SN-BLN01-AR00394-2026-07-01-9-V,BLN01,AR00394,2026-07-01T09:00:00Z,VISION_STOCKOUT,1.0,ratio,False
SN-BLN01-AR00394-2026-07-01-13-V,BLN01,AR00394,2026-07-01T13:00:00Z,VISION_STOCKOUT,0.698,ratio,False
SN-BLN01-AR00394-2026-07-01-17-V,BLN01,AR00394,2026-07-01T17:00:00Z,VISION_STOCKOUT,0.304,ratio,False
SN-BLN01-AR90034-2026-07-01-9-V,BLN01,AR90034,2026-07-01T09:00:00Z,VISION_STOCKOUT,1.0,ratio,False
SN-BLN01-AR90034-2026-07-01-13-V,BLN01,AR90034,2026-07-01T13:00:00Z,VISION_STOCKOUT,0.938,ratio,False
SN-BLN01-AR90034-2026-07-01-17-V,BLN01,AR90034,2026-07-01T17:00:00Z,VISION_STOCKOUT,0.853,ratio,False
SN-BLN01-AR00136-2026-07-01-9-V,BLN01,AR00136,2026-07-01T09:00:00Z,VISION_STOCKOUT,0.676,ratio,False
SN-BLN01-AR00136-2026-07-01-13-V,BLN01,AR00136,2026-07-01T13:00:00Z,VISION_STOCKOUT,0.882,ratio,False
SN-BLN01-AR00136-2026-07-01-17-V,BLN01,AR00136,2026-07-01T17:00:00Z,VISION_STOCKOUT,0.718,ratio,False
SN-BLN01-AR90014-2026-07-01-9-V,BLN01,AR90014,2026-07-01T09:00:00Z,VISION_STOCKOUT,0.652,ratio,False
SN-BLN01-AR90014-2026-07-01-13-V,BLN01,AR90014,2026-07-01T13:00:00Z,VISION_STOCKOUT,0.753,ratio,False
SN-BLN01-AR90014-2026-07-01-17-V,BLN01,AR90014,2026-07-01T17:00:00Z,VISION_STOCKOUT,0.289,ratio,False
SN-BLN01-AR00080-2026-07-01-9-V,BLN01,AR00080,2026-07-01T09:00:00Z,VISION_STOCKOUT,0.736,ratio,False
SN-BLN01-AR00080-2026-07-01-13-V,BLN01,AR00080,2026-07-01T13:00:00Z,VISION_STOCKOUT,0.6,ratio,False
SN-BLN01-AR00080-2026-07-01-17-V,BLN01,AR00080,2026-07-01T17:00:00Z,VISION_STOCKOUT,0.734,ratio,False
SN-BLN01-AR00010-2026-07-01-9-V,BLN01,AR00010,2026-07-01T09:00:00Z,VISION_STOCKOUT,0.895,ratio,False
SN-BLN01-AR00010-2026-07-01-13-V,BLN01,AR00010,2026-07-01T13:00:00Z,VISION_STOCKOUT,0.955,ratio,False
SN-BLN01-AR00010-2026-07-01-17-V,BLN01,AR00010,2026-07-01T17:00:00Z,VISION_STOCKOUT,0.413,ratio,False
SN-BLN01-AR00188-2026-07-01-9-V,BLN01,AR00188,2026-07-01T09:00:00Z,VISION_STOCKOUT,0.996,ratio,False
SN-BLN01-AR00188-2026-07-01-13-V,BLN01,AR00188,2026-07-01T13:00:00Z,VISION_STOCKOUT,0.613,ratio,False
SN-BLN01-AR00188-2026-07-01-17-V,BLN01,AR00188,2026-07-01T17:00:00Z,VISION_STOCKOUT,0.938,ratio,False
SN-BLN01-AR00241-2026-07-01-9-V,BLN01,AR00241,2026-07-01T09:00:00Z,VISION_STOCKOUT,0.405,ratio,False
SN-BLN01-AR00241-2026-07-01-13-V,BLN01,AR00241,2026-07-01T13:00:00Z,VISION_STOCKOUT,0.42,ratio,False
SN-BLN01-AR00241-2026-07-01-17-V,BLN01,AR00241,2026-07-01T17:00:00Z,VISION_STOCKOUT,0.724,ratio,False
SN-BLN01-AR90015-2026-07-01-9-V,BLN01,AR90015,2026-07-01T09:00:00Z,VISION_STOCKOUT,0.482,ratio,False
SN-BLN01-AR90015-2026-07-01-13-V,BLN01,AR90015,2026-07-01T13:00:00Z,VISION_STOCKOUT,0.452,ratio,False
SN-BLN01-AR90015-2026-07-01-17-V,BLN01,AR90015,2026-07-01T17:00:00Z,VISION_STOCKOUT,0.767,ratio,False
SN-BLN01-AR90012-2026-07-01-9-V,BLN01,AR90012,2026-07-01T09:00:00Z,VISION_STOCKOUT,0.091,ratio,True
SN-BLN01-AR90012-2026-07-01-13-V,BLN01,AR90012,2026-07-01T13:00:00Z,VISION_STOCKOUT,0.458,ratio,False
SN-BLN01-AR90012-2026-07-01-17-V,BLN01,AR90012,2026-07-01T17:00:00Z,VISION_STOCKOUT,1.0,ratio,False
SN-BLN01-AR90036-2026-07-01-9-V,BLN01,AR90036,2026-07-01T09:00:00Z,VISION_STOCKOUT,0.428,ratio,False
SN-BLN01-AR90036-2026-07-01-13-V,BLN01,AR90036,2026-07-01T13:00:00Z,VISION_STOCKOUT,0.529,ratio,False
SN-BLN01-AR90036-2026-07-01-17-V,BLN01,AR90036,2026-07-01T17:00:00Z,VISION_STOCKOUT,1.0,ratio,False
SN-BLN01-AR00240-2026-07-01-9-V,BLN01,AR00240,2026-07-01T09:00:00Z,VISION_STOCKOUT,0.35,ratio,False
SN-BLN01-AR00240-2026-07-01-13-V,BLN01,AR00240,2026-07-01T13:00:00Z,VISION_STOCKOUT,0.268,ratio,False
SN-BLN01-AR00240-2026-07-01-17-V,BLN01,AR00240,2026-07-01T17:00:00Z,VISION_STOCKOUT,0.158,ratio,False
SN-BLN01-AR00245-2026-07-01-9-V,BLN01,AR00245,2026-07-01T09:00:00Z,VISION_STOCKOUT,0.945,ratio,False
SN-BLN01-AR00245-2026-07-01-13-V,BLN01,AR00245,2026-07-01T13:00:00Z,VISION_STOCKOUT,0.978,ratio,False
SN-BLN01-AR00245-2026-07-01-17-V,BLN01,AR00245,2026-07-01T17:00:00Z,VISION_STOCKOUT,0.873,ratio,False
SN-BLN01-AR00009-2026-07-01-9-V,BLN01,AR00009,2026-07-01T09:00:00Z,VISION_STOCKOUT,0.731,ratio,False
SN-BLN01-AR00009-2026-07-01-13-V,BLN01,AR00009,2026-07-01T13:00:00Z,VISION_STOCKOUT,0.0,ratio,True
SN-BLN01-AR00009-2026-07-01-17-V,BLN01,AR00009,2026-07-01T17:00:00Z,VISION_STOCKOUT,0.73,ratio,False
SN-BLN01-AR00011-2026-07-01-9-V,BLN01,AR00011,2026-07-01T09:00:00Z,VISION_STOCKOUT,0.898,ratio,False
SN-BLN01-AR00011-2026-07-01-13-V,BLN01,AR00011,2026-07-01T13:00:00Z,VISION_STOCKOUT,1.0,ratio,False
SN-BLN01-AR00011-2026-07-01-17-V,BLN01,AR00011,2026-07-01T17:00:00Z,VISION_STOCKOUT,0.412,ratio,False
SN-BLN01-AR00289-2026-07-01-9-V,BLN01,AR00289,2026-07-01T09:00:00Z,VISION_STOCKOUT,0.447,ratio,False
SN-BLN01-AR00289-2026-07-01-13-V,BLN01,AR00289,2026-07-01T13:00:00Z,VISION_STOCKOUT,0.652,ratio,False
SN-BLN01-AR00289-2026-07-01-17-V,BLN01,AR00289,2026-07-01T17:00:00Z,VISION_STOCKOUT,0.199,ratio,False
SN-BLN01-AR00244-2026-07-01-9-V,BLN01,AR00244,2026-07-01T09:00:00Z,VISION_STOCKOUT,0.299,ratio,False
SN-BLN01-AR00244-2026-07-01-13-V,BLN01,AR00244,2026-07-01T13:00:00Z,VISION_STOCKOUT,0.672,ratio,False
SN-BLN01-AR00244-2026-07-01-17-V,BLN01,AR00244,2026-07-01T17:00:00Z,VISION_STOCKOUT,0.739,ratio,False
SN-BLN01-AR00039-2026-07-01-9-V,BLN01,AR00039,2026-07-01T09:00:00Z,VISION_STOCKOUT,0.37,ratio,False
SN-BLN01-AR00039-2026-07-01-13-V,BLN01,AR00039,2026-07-01T13:00:00Z,VISION_STOCKOUT,0.203,ratio,False
SN-BLN01-AR00039-2026-07-01-17-V,BLN01,AR00039,2026-07-01T17:00:00Z,VISION_STOCKOUT,0.294,ratio,False
SN-BLN01-AR90004-2026-07-01-ESL,BLN01,AR90004,2026-07-01T06:00:00Z,ESL,0.25,EUR,False
SN-BLN01-AR90003-2026-07-01-ESL,BLN01,AR90003,2026-07-01T06:00:00Z,ESL,0.15,EUR,False
SN-BLN01-AR90002-2026-07-01-ESL,BLN01,AR90002,2026-07-01T06:00:00Z,ESL,0.08,EUR,False
SN-BLN01-AR90013-2026-07-01-ESL,BLN01,AR90013,2026-07-01T06:00:00Z,ESL,1.7,EUR,False
SN-BLN01-AR90039-2026-07-01-ESL,BLN01,AR90039,2026-07-01T06:00:00Z,ESL,1.5,EUR,False
SN-BLN01-AR00395-2026-07-01-ESL,BLN01,AR00395,2026-07-01T06:00:00Z,ESL,2.5,EUR,False
SN-BLN01-AR90018-2026-07-01-ESL,BLN01,AR90018,2026-07-01T06:00:00Z,ESL,1.95,EUR,False
SN-BLN01-AR00394-2026-07-01-ESL,BLN01,AR00394,2026-07-01T06:00:00Z,ESL,2.9,EUR,False
SN-BLN01-2026-07-01-T0,BLN01,AR00157,2026-07-01T12:00:00Z,TEMPERATURE,5.48,C,False
SN-BLN01-2026-07-01-T1,BLN01,AR90036,2026-07-01T12:00:00Z,TEMPERATURE,4.26,C,False
SN-BLN01-2026-07-01-T2,BLN01,AR00066,2026-07-01T12:00:00Z,TEMPERATURE,-19.0,C,False
SN-BLN01-2026-07-01-T3,BLN01,AR00064,2026-07-01T12:00:00Z,TEMPERATURE,-18.03,C,False
SN-BLN01-2026-07-01-T4,BLN01,AR00132,2026-07-01T12:00:00Z,TEMPERATURE,1.82,C,True
SN-BLN01-2026-07-01-T5,BLN01,AR00166,2026-07-01T12:00:00Z,TEMPERATURE,5.47,C,False
SN-BLN01-AR90004-2026-07-02-9-V,BLN01,AR90004,2026-07-02T09:00:00Z,VISION_STOCKOUT,0.485,ratio,False
SN-BLN01-AR90004-2026-07-02-13-V,BLN01,AR90004,2026-07-02T13:00:00Z,VISION_STOCKOUT,0.706,ratio,False
SN-BLN01-AR90004-2026-07-02-17-V,BLN01,AR90004,2026-07-02T17:00:00Z,VISION_STOCKOUT,0.649,ratio,False
SN-BLN01-AR90003-2026-07-02-9-V,BLN01,AR90003,2026-07-02T09:00:00Z,VISION_STOCKOUT,0.186,ratio,False
SN-BLN01-AR90003-2026-07-02-13-V,BLN01,AR90003,2026-07-02T13:00:00Z,VISION_STOCKOUT,0.418,ratio,False
SN-BLN01-AR90003-2026-07-02-17-V,BLN01,AR90003,2026-07-02T17:00:00Z,VISION_STOCKOUT,0.881,ratio,False
SN-BLN01-AR90002-2026-07-02-9-V,BLN01,AR90002,2026-07-02T09:00:00Z,VISION_STOCKOUT,0.244,ratio,False
SN-BLN01-AR90002-2026-07-02-13-V,BLN01,AR90002,2026-07-02T13:00:00Z,VISION_STOCKOUT,0.446,ratio,False
SN-BLN01-AR90002-2026-07-02-17-V,BLN01,AR90002,2026-07-02T17:00:00Z,VISION_STOCKOUT,1.0,ratio,False
SN-BLN01-AR90013-2026-07-02-9-V,BLN01,AR90013,2026-07-02T09:00:00Z,VISION_STOCKOUT,0.499,ratio,False
SN-BLN01-AR90013-2026-07-02-13-V,BLN01,AR90013,2026-07-02T13:00:00Z,VISION_STOCKOUT,0.914,ratio,False
SN-BLN01-AR90013-2026-07-02-17-V,BLN01,AR90013,2026-07-02T17:00:00Z,VISION_STOCKOUT,0.665,ratio,False
SN-BLN01-AR90039-2026-07-02-9-V,BLN01,AR90039,2026-07-02T09:00:00Z,VISION_STOCKOUT,0.338,ratio,False
SN-BLN01-AR90039-2026-07-02-13-V,BLN01,AR90039,2026-07-02T13:00:00Z,VISION_STOCKOUT,0.826,ratio,False
SN-BLN01-AR90039-2026-07-02-17-V,BLN01,AR90039,2026-07-02T17:00:00Z,VISION_STOCKOUT,0.651,ratio,False
SN-BLN01-AR00395-2026-07-02-9-V,BLN01,AR00395,2026-07-02T09:00:00Z,VISION_STOCKOUT,0.833,ratio,False
SN-BLN01-AR00395-2026-07-02-13-V,BLN01,AR00395,2026-07-02T13:00:00Z,VISION_STOCKOUT,0.182,ratio,False
SN-BLN01-AR00395-2026-07-02-17-V,BLN01,AR00395,2026-07-02T17:00:00Z,VISION_STOCKOUT,1.0,ratio,False
SN-BLN01-AR90018-2026-07-02-9-V,BLN01,AR90018,2026-07-02T09:00:00Z,VISION_STOCKOUT,0.666,ratio,False
SN-BLN01-AR90018-2026-07-02-13-V,BLN01,AR90018,2026-07-02T13:00:00Z,VISION_STOCKOUT,0.843,ratio,False
SN-BLN01-AR90018-2026-07-02-17-V,BLN01,AR90018,2026-07-02T17:00:00Z,VISION_STOCKOUT,0.664,ratio,False
SN-BLN01-AR00394-2026-07-02-9-V,BLN01,AR00394,2026-07-02T09:00:00Z,VISION_STOCKOUT,0.085,ratio,True
SN-BLN01-AR00394-2026-07-02-13-V,BLN01,AR00394,2026-07-02T13:00:00Z,VISION_STOCKOUT,0.444,ratio,False
SN-BLN01-AR00394-2026-07-02-17-V,BLN01,AR00394,2026-07-02T17:00:00Z,VISION_STOCKOUT,0.431,ratio,False
SN-BLN01-AR90034-2026-07-02-9-V,BLN01,AR90034,2026-07-02T09:00:00Z,VISION_STOCKOUT,0.569,ratio,False
SN-BLN01-AR90034-2026-07-02-13-V,BLN01,AR90034,2026-07-02T13:00:00Z,VISION_STOCKOUT,0.762,ratio,False
SN-BLN01-AR90034-2026-07-02-17-V,BLN01,AR90034,2026-07-02T17:00:00Z,VISION_STOCKOUT,0.398,ratio,False
SN-BLN01-AR00136-2026-07-02-9-V,BLN01,AR00136,2026-07-02T09:00:00Z,VISION_STOCKOUT,1.0,ratio,False
SN-BLN01-AR00136-2026-07-02-13-V,BLN01,AR00136,2026-07-02T13:00:00Z,VISION_STOCKOUT,0.606,ratio,False
SN-BLN01-AR00136-2026-07-02-17-V,BLN01,AR00136,2026-07-02T17:00:00Z,VISION_STOCKOUT,1.0,ratio,False
SN-BLN01-AR90014-2026-07-02-9-V,BLN01,AR90014,2026-07-02T09:00:00Z,VISION_STOCKOUT,0.381,ratio,False
SN-BLN01-AR90014-2026-07-02-13-V,BLN01,AR90014,2026-07-02T13:00:00Z,VISION_STOCKOUT,0.95,ratio,False
SN-BLN01-AR90014-2026-07-02-17-V,BLN01,AR90014,2026-07-02T17:00:00Z,VISION_STOCKOUT,0.854,ratio,False
SN-BLN01-AR00080-2026-07-02-9-V,BLN01,AR00080,2026-07-02T09:00:00Z,VISION_STOCKOUT,0.517,ratio,False
SN-BLN01-AR00080-2026-07-02-13-V,BLN01,AR00080,2026-07-02T13:00:00Z,VISION_STOCKOUT,0.436,ratio,False
SN-BLN01-AR00080-2026-07-02-17-V,BLN01,AR00080,2026-07-02T17:00:00Z,VISION_STOCKOUT,0.259,ratio,False
SN-BLN01-AR00010-2026-07-02-9-V,BLN01,AR00010,2026-07-02T09:00:00Z,VISION_STOCKOUT,0.567,ratio,False
SN-BLN01-AR00010-2026-07-02-13-V,BLN01,AR00010,2026-07-02T13:00:00Z,VISION_STOCKOUT,0.409,ratio,False
SN-BLN01-AR00010-2026-07-02-17-V,BLN01,AR00010,2026-07-02T17:00:00Z,VISION_STOCKOUT,0.214,ratio,False
SN-BLN01-AR00188-2026-07-02-9-V,BLN01,AR00188,2026-07-02T09:00:00Z,VISION_STOCKOUT,0.617,ratio,False
SN-BLN01-AR00188-2026-07-02-13-V,BLN01,AR00188,2026-07-02T13:00:00Z,VISION_STOCKOUT,0.659,ratio,False
SN-BLN01-AR00188-2026-07-02-17-V,BLN01,AR00188,2026-07-02T17:00:00Z,VISION_STOCKOUT,0.641,ratio,False
SN-BLN01-AR00241-2026-07-02-9-V,BLN01,AR00241,2026-07-02T09:00:00Z,VISION_STOCKOUT,0.658,ratio,False
SN-BLN01-AR00241-2026-07-02-13-V,BLN01,AR00241,2026-07-02T13:00:00Z,VISION_STOCKOUT,0.371,ratio,False
SN-BLN01-AR00241-2026-07-02-17-V,BLN01,AR00241,2026-07-02T17:00:00Z,VISION_STOCKOUT,0.678,ratio,False
SN-BLN01-AR90015-2026-07-02-9-V,BLN01,AR90015,2026-07-02T09:00:00Z,VISION_STOCKOUT,0.382,ratio,False
SN-BLN01-AR90015-2026-07-02-13-V,BLN01,AR90015,2026-07-02T13:00:00Z,VISION_STOCKOUT,0.284,ratio,False
SN-BLN01-AR90015-2026-07-02-17-V,BLN01,AR90015,2026-07-02T17:00:00Z,VISION_STOCKOUT,1.0,ratio,False
SN-BLN01-AR90012-2026-07-02-9-V,BLN01,AR90012,2026-07-02T09:00:00Z,VISION_STOCKOUT,0.399,ratio,False
SN-BLN01-AR90012-2026-07-02-13-V,BLN01,AR90012,2026-07-02T13:00:00Z,VISION_STOCKOUT,0.868,ratio,False
SN-BLN01-AR90012-2026-07-02-17-V,BLN01,AR90012,2026-07-02T17:00:00Z,VISION_STOCKOUT,0.681,ratio,False
SN-BLN01-AR90036-2026-07-02-9-V,BLN01,AR90036,2026-07-02T09:00:00Z,VISION_STOCKOUT,0.695,ratio,False
SN-BLN01-AR90036-2026-07-02-13-V,BLN01,AR90036,2026-07-02T13:00:00Z,VISION_STOCKOUT,0.24,ratio,False
SN-BLN01-AR90036-2026-07-02-17-V,BLN01,AR90036,2026-07-02T17:00:00Z,VISION_STOCKOUT,0.436,ratio,False
SN-BLN01-AR00240-2026-07-02-9-V,BLN01,AR00240,2026-07-02T09:00:00Z,VISION_STOCKOUT,1.0,ratio,False
SN-BLN01-AR00240-2026-07-02-13-V,BLN01,AR00240,2026-07-02T13:00:00Z,VISION_STOCKOUT,0.575,ratio,False
SN-BLN01-AR00240-2026-07-02-17-V,BLN01,AR00240,2026-07-02T17:00:00Z,VISION_STOCKOUT,0.81,ratio,False
SN-BLN01-AR00245-2026-07-02-9-V,BLN01,AR00245,2026-07-02T09:00:00Z,VISION_STOCKOUT,0.702,ratio,False
SN-BLN01-AR00245-2026-07-02-13-V,BLN01,AR00245,2026-07-02T13:00:00Z,VISION_STOCKOUT,0.499,ratio,False
SN-BLN01-AR00245-2026-07-02-17-V,BLN01,AR00245,2026-07-02T17:00:00Z,VISION_STOCKOUT,0.705,ratio,False
SN-BLN01-AR00009-2026-07-02-9-V,BLN01,AR00009,2026-07-02T09:00:00Z,VISION_STOCKOUT,0.7,ratio,False
SN-BLN01-AR00009-2026-07-02-13-V,BLN01,AR00009,2026-07-02T13:00:00Z,VISION_STOCKOUT,0.143,ratio,True
SN-BLN01-AR00009-2026-07-02-17-V,BLN01,AR00009,2026-07-02T17:00:00Z,VISION_STOCKOUT,0.337,ratio,False
SN-BLN01-AR00011-2026-07-02-9-V,BLN01,AR00011,2026-07-02T09:00:00Z,VISION_STOCKOUT,0.688,ratio,False
SN-BLN01-AR00011-2026-07-02-13-V,BLN01,AR00011,2026-07-02T13:00:00Z,VISION_STOCKOUT,0.764,ratio,False
SN-BLN01-AR00011-2026-07-02-17-V,BLN01,AR00011,2026-07-02T17:00:00Z,VISION_STOCKOUT,1.0,ratio,False
SN-BLN01-AR00289-2026-07-02-9-V,BLN01,AR00289,2026-07-02T09:00:00Z,VISION_STOCKOUT,0.275,ratio,False
SN-BLN01-AR00289-2026-07-02-13-V,BLN01,AR00289,2026-07-02T13:00:00Z,VISION_STOCKOUT,0.482,ratio,False
SN-BLN01-AR00289-2026-07-02-17-V,BLN01,AR00289,2026-07-02T17:00:00Z,VISION_STOCKOUT,0.156,ratio,False
SN-BLN01-AR00244-2026-07-02-9-V,BLN01,AR00244,2026-07-02T09:00:00Z,VISION_STOCKOUT,0.289,ratio,False
SN-BLN01-AR00244-2026-07-02-13-V,BLN01,AR00244,2026-07-02T13:00:00Z,VISION_STOCKOUT,0.646,ratio,False
SN-BLN01-AR00244-2026-07-02-17-V,BLN01,AR00244,2026-07-02T17:00:00Z,VISION_STOCKOUT,0.913,ratio,False
SN-BLN01-AR00039-2026-07-02-9-V,BLN01,AR00039,2026-07-02T09:00:00Z,VISION_STOCKOUT,0.318,ratio,False
SN-BLN01-AR00039-2026-07-02-13-V,BLN01,AR00039,2026-07-02T13:00:00Z,VISION_STOCKOUT,0.144,ratio,True
SN-BLN01-AR00039-2026-07-02-17-V,BLN01,AR00039,2026-07-02T17:00:00Z,VISION_STOCKOUT,0.517,ratio,False
SN-BLN01-AR90004-2026-07-02-ESL,BLN01,AR90004,2026-07-02T06:00:00Z,ESL,0.25,EUR,False
SN-BLN01-AR90003-2026-07-02-ESL,BLN01,AR90003,2026-07-02T06:00:00Z,ESL,0.15,EUR,False
SN-BLN01-AR90002-2026-07-02-ESL,BLN01,AR90002,2026-07-02T06:00:00Z,ESL,0.08,EUR,False
SN-BLN01-AR90013-2026-07-02-ESL,BLN01,AR90013,2026-07-02T06:00:00Z,ESL,1.7,EUR,False
SN-BLN01-AR90039-2026-07-02-ESL,BLN01,AR90039,2026-07-02T06:00:00Z,ESL,1.5,EUR,False
SN-BLN01-AR00395-2026-07-02-ESL,BLN01,AR00395,2026-07-02T06:00:00Z,ESL,2.5,EUR,False
SN-BLN01-AR90018-2026-07-02-ESL,BLN01,AR90018,2026-07-02T06:00:00Z,ESL,1.95,EUR,False
SN-BLN01-AR00394-2026-07-02-ESL,BLN01,AR00394,2026-07-02T06:00:00Z,ESL,2.9,EUR,False
SN-BLN01-2026-07-02-T0,BLN01,AR00153,2026-07-02T12:00:00Z,TEMPERATURE,3.4,C,False
SN-BLN01-2026-07-02-T1,BLN01,AR00149,2026-07-02T12:00:00Z,TEMPERATURE,-17.12,C,False
SN-BLN01-2026-07-02-T2,BLN01,AR90019,2026-07-02T12:00:00Z,TEMPERATURE,6.89,C,False
SN-BLN01-2026-07-02-T3,BLN01,AR90011,2026-07-02T12:00:00Z,TEMPERATURE,3.36,C,False
SN-BLN01-2026-07-02-T4,BLN01,AR00067,2026-07-02T12:00:00Z,TEMPERATURE,-18.33,C,False
SN-BLN01-2026-07-02-T5,BLN01,AR00059,2026-07-02T12:00:00Z,TEMPERATURE,-16.68,C,False
SN-BLN01-AR90004-2026-07-03-9-V,BLN01,AR90004,2026-07-03T09:00:00Z,VISION_STOCKOUT,0.276,ratio,False
SN-BLN01-AR90004-2026-07-03-13-V,BLN01,AR90004,2026-07-03T13:00:00Z,VISION_STOCKOUT,0.748,ratio,False
SN-BLN01-AR90004-2026-07-03-17-V,BLN01,AR90004,2026-07-03T17:00:00Z,VISION_STOCKOUT,0.69,ratio,False
SN-BLN01-AR90003-2026-07-03-9-V,BLN01,AR90003,2026-07-03T09:00:00Z,VISION_STOCKOUT,0.865,ratio,False
SN-BLN01-AR90003-2026-07-03-13-V,BLN01,AR90003,2026-07-03T13:00:00Z,VISION_STOCKOUT,0.714,ratio,False
SN-BLN01-AR90003-2026-07-03-17-V,BLN01,AR90003,2026-07-03T17:00:00Z,VISION_STOCKOUT,0.801,ratio,False
SN-BLN01-AR90002-2026-07-03-9-V,BLN01,AR90002,2026-07-03T09:00:00Z,VISION_STOCKOUT,0.319,ratio,False
SN-BLN01-AR90002-2026-07-03-13-V,BLN01,AR90002,2026-07-03T13:00:00Z,VISION_STOCKOUT,0.396,ratio,False
SN-BLN01-AR90002-2026-07-03-17-V,BLN01,AR90002,2026-07-03T17:00:00Z,VISION_STOCKOUT,0.977,ratio,False
SN-BLN01-AR90013-2026-07-03-9-V,BLN01,AR90013,2026-07-03T09:00:00Z,VISION_STOCKOUT,0.764,ratio,False
SN-BLN01-AR90013-2026-07-03-13-V,BLN01,AR90013,2026-07-03T13:00:00Z,VISION_STOCKOUT,0.487,ratio,False
SN-BLN01-AR90013-2026-07-03-17-V,BLN01,AR90013,2026-07-03T17:00:00Z,VISION_STOCKOUT,0.586,ratio,False
SN-BLN01-AR90039-2026-07-03-9-V,BLN01,AR90039,2026-07-03T09:00:00Z,VISION_STOCKOUT,0.978,ratio,False
SN-BLN01-AR90039-2026-07-03-13-V,BLN01,AR90039,2026-07-03T13:00:00Z,VISION_STOCKOUT,0.473,ratio,False
SN-BLN01-AR90039-2026-07-03-17-V,BLN01,AR90039,2026-07-03T17:00:00Z,VISION_STOCKOUT,0.868,ratio,False
SN-BLN01-AR00395-2026-07-03-9-V,BLN01,AR00395,2026-07-03T09:00:00Z,VISION_STOCKOUT,0.751,ratio,False
SN-BLN01-AR00395-2026-07-03-13-V,BLN01,AR00395,2026-07-03T13:00:00Z,VISION_STOCKOUT,0.618,ratio,False
SN-BLN01-AR00395-2026-07-03-17-V,BLN01,AR00395,2026-07-03T17:00:00Z,VISION_STOCKOUT,0.994,ratio,False
SN-BLN01-AR90018-2026-07-03-9-V,BLN01,AR90018,2026-07-03T09:00:00Z,VISION_STOCKOUT,0.383,ratio,False
SN-BLN01-AR90018-2026-07-03-13-V,BLN01,AR90018,2026-07-03T13:00:00Z,VISION_STOCKOUT,0.745,ratio,False
SN-BLN01-AR90018-2026-07-03-17-V,BLN01,AR90018,2026-07-03T17:00:00Z,VISION_STOCKOUT,0.307,ratio,False
SN-BLN01-AR00394-2026-07-03-9-V,BLN01,AR00394,2026-07-03T09:00:00Z,VISION_STOCKOUT,0.61,ratio,False
SN-BLN01-AR00394-2026-07-03-13-V,BLN01,AR00394,2026-07-03T13:00:00Z,VISION_STOCKOUT,0.247,ratio,False
SN-BLN01-AR00394-2026-07-03-17-V,BLN01,AR00394,2026-07-03T17:00:00Z,VISION_STOCKOUT,0.744,ratio,False
SN-BLN01-AR90034-2026-07-03-9-V,BLN01,AR90034,2026-07-03T09:00:00Z,VISION_STOCKOUT,0.975,ratio,False
SN-BLN01-AR90034-2026-07-03-13-V,BLN01,AR90034,2026-07-03T13:00:00Z,VISION_STOCKOUT,0.487,ratio,False
SN-BLN01-AR90034-2026-07-03-17-V,BLN01,AR90034,2026-07-03T17:00:00Z,VISION_STOCKOUT,0.357,ratio,False
SN-BLN01-AR00136-2026-07-03-9-V,BLN01,AR00136,2026-07-03T09:00:00Z,VISION_STOCKOUT,0.112,ratio,True
SN-BLN01-AR00136-2026-07-03-13-V,BLN01,AR00136,2026-07-03T13:00:00Z,VISION_STOCKOUT,0.585,ratio,False
SN-BLN01-AR00136-2026-07-03-17-V,BLN01,AR00136,2026-07-03T17:00:00Z,VISION_STOCKOUT,0.549,ratio,False
SN-BLN01-AR90014-2026-07-03-9-V,BLN01,AR90014,2026-07-03T09:00:00Z,VISION_STOCKOUT,0.191,ratio,False
SN-BLN01-AR90014-2026-07-03-13-V,BLN01,AR90014,2026-07-03T13:00:00Z,VISION_STOCKOUT,0.863,ratio,False
SN-BLN01-AR90014-2026-07-03-17-V,BLN01,AR90014,2026-07-03T17:00:00Z,VISION_STOCKOUT,0.955,ratio,False
SN-BLN01-AR00080-2026-07-03-9-V,BLN01,AR00080,2026-07-03T09:00:00Z,VISION_STOCKOUT,0.012,ratio,True
SN-BLN01-AR00080-2026-07-03-13-V,BLN01,AR00080,2026-07-03T13:00:00Z,VISION_STOCKOUT,0.66,ratio,False
SN-BLN01-AR00080-2026-07-03-17-V,BLN01,AR00080,2026-07-03T17:00:00Z,VISION_STOCKOUT,0.559,ratio,False
SN-BLN01-AR00010-2026-07-03-9-V,BLN01,AR00010,2026-07-03T09:00:00Z,VISION_STOCKOUT,0.325,ratio,False
SN-BLN01-AR00010-2026-07-03-13-V,BLN01,AR00010,2026-07-03T13:00:00Z,VISION_STOCKOUT,0.961,ratio,False
SN-BLN01-AR00010-2026-07-03-17-V,BLN01,AR00010,2026-07-03T17:00:00Z,VISION_STOCKOUT,0.668,ratio,False
SN-BLN01-AR00188-2026-07-03-9-V,BLN01,AR00188,2026-07-03T09:00:00Z,VISION_STOCKOUT,0.481,ratio,False
SN-BLN01-AR00188-2026-07-03-13-V,BLN01,AR00188,2026-07-03T13:00:00Z,VISION_STOCKOUT,0.592,ratio,False
SN-BLN01-AR00188-2026-07-03-17-V,BLN01,AR00188,2026-07-03T17:00:00Z,VISION_STOCKOUT,0.631,ratio,False
SN-BLN01-AR00241-2026-07-03-9-V,BLN01,AR00241,2026-07-03T09:00:00Z,VISION_STOCKOUT,0.769,ratio,False
SN-BLN01-AR00241-2026-07-03-13-V,BLN01,AR00241,2026-07-03T13:00:00Z,VISION_STOCKOUT,0.423,ratio,False
SN-BLN01-AR00241-2026-07-03-17-V,BLN01,AR00241,2026-07-03T17:00:00Z,VISION_STOCKOUT,0.722,ratio,False
SN-BLN01-AR90015-2026-07-03-9-V,BLN01,AR90015,2026-07-03T09:00:00Z,VISION_STOCKOUT,0.764,ratio,False
SN-BLN01-AR90015-2026-07-03-13-V,BLN01,AR90015,2026-07-03T13:00:00Z,VISION_STOCKOUT,0.878,ratio,False
SN-BLN01-AR90015-2026-07-03-17-V,BLN01,AR90015,2026-07-03T17:00:00Z,VISION_STOCKOUT,0.758,ratio,False
SN-BLN01-AR90012-2026-07-03-9-V,BLN01,AR90012,2026-07-03T09:00:00Z,VISION_STOCKOUT,0.685,ratio,False
SN-BLN01-AR90012-2026-07-03-13-V,BLN01,AR90012,2026-07-03T13:00:00Z,VISION_STOCKOUT,0.394,ratio,False
SN-BLN01-AR90012-2026-07-03-17-V,BLN01,AR90012,2026-07-03T17:00:00Z,VISION_STOCKOUT,0.77,ratio,False
SN-BLN01-AR90036-2026-07-03-9-V,BLN01,AR90036,2026-07-03T09:00:00Z,VISION_STOCKOUT,1.0,ratio,False
SN-BLN01-AR90036-2026-07-03-13-V,BLN01,AR90036,2026-07-03T13:00:00Z,VISION_STOCKOUT,0.732,ratio,False
SN-BLN01-AR90036-2026-07-03-17-V,BLN01,AR90036,2026-07-03T17:00:00Z,VISION_STOCKOUT,0.424,ratio,False
SN-BLN01-AR00240-2026-07-03-9-V,BLN01,AR00240,2026-07-03T09:00:00Z,VISION_STOCKOUT,0.525,ratio,False
SN-BLN01-AR00240-2026-07-03-13-V,BLN01,AR00240,2026-07-03T13:00:00Z,VISION_STOCKOUT,0.693,ratio,False
SN-BLN01-AR00240-2026-07-03-17-V,BLN01,AR00240,2026-07-03T17:00:00Z,VISION_STOCKOUT,0.258,ratio,False
SN-BLN01-AR00245-2026-07-03-9-V,BLN01,AR00245,2026-07-03T09:00:00Z,VISION_STOCKOUT,0.5,ratio,False
SN-BLN01-AR00245-2026-07-03-13-V,BLN01,AR00245,2026-07-03T13:00:00Z,VISION_STOCKOUT,1.0,ratio,False
SN-BLN01-AR00245-2026-07-03-17-V,BLN01,AR00245,2026-07-03T17:00:00Z,VISION_STOCKOUT,0.508,ratio,False
SN-BLN01-AR00009-2026-07-03-9-V,BLN01,AR00009,2026-07-03T09:00:00Z,VISION_STOCKOUT,0.638,ratio,False
SN-BLN01-AR00009-2026-07-03-13-V,BLN01,AR00009,2026-07-03T13:00:00Z,VISION_STOCKOUT,0.929,ratio,False
SN-BLN01-AR00009-2026-07-03-17-V,BLN01,AR00009,2026-07-03T17:00:00Z,VISION_STOCKOUT,1.0,ratio,False
SN-BLN01-AR00011-2026-07-03-9-V,BLN01,AR00011,2026-07-03T09:00:00Z,VISION_STOCKOUT,0.61,ratio,False
SN-BLN01-AR00011-2026-07-03-13-V,BLN01,AR00011,2026-07-03T13:00:00Z,VISION_STOCKOUT,0.176,ratio,False
SN-BLN01-AR00011-2026-07-03-17-V,BLN01,AR00011,2026-07-03T17:00:00Z,VISION_STOCKOUT,0.248,ratio,False
SN-BLN01-AR00289-2026-07-03-9-V,BLN01,AR00289,2026-07-03T09:00:00Z,VISION_STOCKOUT,0.826,ratio,False
SN-BLN01-AR00289-2026-07-03-13-V,BLN01,AR00289,2026-07-03T13:00:00Z,VISION_STOCKOUT,0.562,ratio,False
SN-BLN01-AR00289-2026-07-03-17-V,BLN01,AR00289,2026-07-03T17:00:00Z,VISION_STOCKOUT,0.579,ratio,False
SN-BLN01-AR00244-2026-07-03-9-V,BLN01,AR00244,2026-07-03T09:00:00Z,VISION_STOCKOUT,1.0,ratio,False
SN-BLN01-AR00244-2026-07-03-13-V,BLN01,AR00244,2026-07-03T13:00:00Z,VISION_STOCKOUT,0.437,ratio,False
SN-BLN01-AR00244-2026-07-03-17-V,BLN01,AR00244,2026-07-03T17:00:00Z,VISION_STOCKOUT,0.757,ratio,False
SN-BLN01-AR00039-2026-07-03-9-V,BLN01,AR00039,2026-07-03T09:00:00Z,VISION_STOCKOUT,0.403,ratio,False
SN-BLN01-AR00039-2026-07-03-13-V,BLN01,AR00039,2026-07-03T13:00:00Z,VISION_STOCKOUT,0.923,ratio,False
SN-BLN01-AR00039-2026-07-03-17-V,BLN01,AR00039,2026-07-03T17:00:00Z,VISION_STOCKOUT,0.177,ratio,False
SN-BLN01-AR90004-2026-07-03-ESL,BLN01,AR90004,2026-07-03T06:00:00Z,ESL,0.25,EUR,False
SN-BLN01-AR90003-2026-07-03-ESL,BLN01,AR90003,2026-07-03T06:00:00Z,ESL,0.15,EUR,False
SN-BLN01-AR90002-2026-07-03-ESL,BLN01,AR90002,2026-07-03T06:00:00Z,ESL,0.08,EUR,False
SN-BLN01-AR90013-2026-07-03-ESL,BLN01,AR90013,2026-07-03T06:00:00Z,ESL,1.47,EUR,True
SN-BLN01-AR90039-2026-07-03-ESL,BLN01,AR90039,2026-07-03T06:00:00Z,ESL,1.5,EUR,False
SN-BLN01-AR00395-2026-07-03-ESL,BLN01,AR00395,2026-07-03T06:00:00Z,ESL,2.5,EUR,False
SN-BLN01-AR90018-2026-07-03-ESL,BLN01,AR90018,2026-07-03T06:00:00Z,ESL,1.95,EUR,False
SN-BLN01-AR00394-2026-07-03-ESL,BLN01,AR00394,2026-07-03T06:00:00Z,ESL,2.9,EUR,False
SN-BLN01-2026-07-03-T0,BLN01,AR00165,2026-07-03T12:00:00Z,TEMPERATURE,5.99,C,False
SN-BLN01-2026-07-03-T1,BLN01,AR00241,2026-07-03T12:00:00Z,TEMPERATURE,9.34,C,True
SN-BLN01-2026-07-03-T2,BLN01,AR00119,2026-07-03T12:00:00Z,TEMPERATURE,4.66,C,False
SN-BLN01-2026-07-03-T3,BLN01,AR00286,2026-07-03T12:00:00Z,TEMPERATURE,6.74,C,False
SN-BLN01-2026-07-03-T4,BLN01,AR00104,2026-07-03T12:00:00Z,TEMPERATURE,4.14,C,False
SN-BLN01-2026-07-03-T5,BLN01,AR00245,2026-07-03T12:00:00Z,TEMPERATURE,9.88,C,True
SN-MUC01-AR90004-2026-06-27-9-V,MUC01,AR90004,2026-06-27T09:00:00Z,VISION_STOCKOUT,0.926,ratio,False
SN-MUC01-AR90004-2026-06-27-13-V,MUC01,AR90004,2026-06-27T13:00:00Z,VISION_STOCKOUT,0.868,ratio,False
SN-MUC01-AR90004-2026-06-27-17-V,MUC01,AR90004,2026-06-27T17:00:00Z,VISION_STOCKOUT,0.542,ratio,False
SN-MUC01-AR90003-2026-06-27-9-V,MUC01,AR90003,2026-06-27T09:00:00Z,VISION_STOCKOUT,1.0,ratio,False
SN-MUC01-AR90003-2026-06-27-13-V,MUC01,AR90003,2026-06-27T13:00:00Z,VISION_STOCKOUT,0.493,ratio,False
SN-MUC01-AR90003-2026-06-27-17-V,MUC01,AR90003,2026-06-27T17:00:00Z,VISION_STOCKOUT,0.656,ratio,False
SN-MUC01-AR90013-2026-06-27-9-V,MUC01,AR90013,2026-06-27T09:00:00Z,VISION_STOCKOUT,0.547,ratio,False
SN-MUC01-AR90013-2026-06-27-13-V,MUC01,AR90013,2026-06-27T13:00:00Z,VISION_STOCKOUT,0.763,ratio,False
SN-MUC01-AR90013-2026-06-27-17-V,MUC01,AR90013,2026-06-27T17:00:00Z,VISION_STOCKOUT,0.878,ratio,False
SN-MUC01-AR90002-2026-06-27-9-V,MUC01,AR90002,2026-06-27T09:00:00Z,VISION_STOCKOUT,0.359,ratio,False
SN-MUC01-AR90002-2026-06-27-13-V,MUC01,AR90002,2026-06-27T13:00:00Z,VISION_STOCKOUT,0.294,ratio,False
SN-MUC01-AR90002-2026-06-27-17-V,MUC01,AR90002,2026-06-27T17:00:00Z,VISION_STOCKOUT,0.718,ratio,False
SN-MUC01-AR90039-2026-06-27-9-V,MUC01,AR90039,2026-06-27T09:00:00Z,VISION_STOCKOUT,0.464,ratio,False
SN-MUC01-AR90039-2026-06-27-13-V,MUC01,AR90039,2026-06-27T13:00:00Z,VISION_STOCKOUT,0.753,ratio,False
SN-MUC01-AR90039-2026-06-27-17-V,MUC01,AR90039,2026-06-27T17:00:00Z,VISION_STOCKOUT,0.627,ratio,False
SN-MUC01-AR90018-2026-06-27-9-V,MUC01,AR90018,2026-06-27T09:00:00Z,VISION_STOCKOUT,1.0,ratio,False
SN-MUC01-AR90018-2026-06-27-13-V,MUC01,AR90018,2026-06-27T13:00:00Z,VISION_STOCKOUT,0.76,ratio,False
SN-MUC01-AR90018-2026-06-27-17-V,MUC01,AR90018,2026-06-27T17:00:00Z,VISION_STOCKOUT,1.0,ratio,False
SN-MUC01-AR00395-2026-06-27-9-V,MUC01,AR00395,2026-06-27T09:00:00Z,VISION_STOCKOUT,1.0,ratio,False
SN-MUC01-AR00395-2026-06-27-13-V,MUC01,AR00395,2026-06-27T13:00:00Z,VISION_STOCKOUT,0.533,ratio,False
SN-MUC01-AR00395-2026-06-27-17-V,MUC01,AR00395,2026-06-27T17:00:00Z,VISION_STOCKOUT,0.336,ratio,False
SN-MUC01-AR00394-2026-06-27-9-V,MUC01,AR00394,2026-06-27T09:00:00Z,VISION_STOCKOUT,0.374,ratio,False
SN-MUC01-AR00394-2026-06-27-13-V,MUC01,AR00394,2026-06-27T13:00:00Z,VISION_STOCKOUT,0.757,ratio,False
SN-MUC01-AR00394-2026-06-27-17-V,MUC01,AR00394,2026-06-27T17:00:00Z,VISION_STOCKOUT,0.606,ratio,False
SN-MUC01-AR00010-2026-06-27-9-V,MUC01,AR00010,2026-06-27T09:00:00Z,VISION_STOCKOUT,0.288,ratio,False
SN-MUC01-AR00010-2026-06-27-13-V,MUC01,AR00010,2026-06-27T13:00:00Z,VISION_STOCKOUT,0.696,ratio,False
SN-MUC01-AR00010-2026-06-27-17-V,MUC01,AR00010,2026-06-27T17:00:00Z,VISION_STOCKOUT,0.492,ratio,False
SN-MUC01-AR90034-2026-06-27-9-V,MUC01,AR90034,2026-06-27T09:00:00Z,VISION_STOCKOUT,0.434,ratio,False
SN-MUC01-AR90034-2026-06-27-13-V,MUC01,AR90034,2026-06-27T13:00:00Z,VISION_STOCKOUT,0.841,ratio,False
SN-MUC01-AR90034-2026-06-27-17-V,MUC01,AR90034,2026-06-27T17:00:00Z,VISION_STOCKOUT,0.643,ratio,False
SN-MUC01-AR90012-2026-06-27-9-V,MUC01,AR90012,2026-06-27T09:00:00Z,VISION_STOCKOUT,0.676,ratio,False
SN-MUC01-AR90012-2026-06-27-13-V,MUC01,AR90012,2026-06-27T13:00:00Z,VISION_STOCKOUT,0.743,ratio,False
SN-MUC01-AR90012-2026-06-27-17-V,MUC01,AR90012,2026-06-27T17:00:00Z,VISION_STOCKOUT,0.624,ratio,False
SN-MUC01-AR00188-2026-06-27-9-V,MUC01,AR00188,2026-06-27T09:00:00Z,VISION_STOCKOUT,0.71,ratio,False
SN-MUC01-AR00188-2026-06-27-13-V,MUC01,AR00188,2026-06-27T13:00:00Z,VISION_STOCKOUT,0.566,ratio,False
SN-MUC01-AR00188-2026-06-27-17-V,MUC01,AR00188,2026-06-27T17:00:00Z,VISION_STOCKOUT,1.0,ratio,False
SN-MUC01-AR00009-2026-06-27-9-V,MUC01,AR00009,2026-06-27T09:00:00Z,VISION_STOCKOUT,0.592,ratio,False
SN-MUC01-AR00009-2026-06-27-13-V,MUC01,AR00009,2026-06-27T13:00:00Z,VISION_STOCKOUT,0.19,ratio,False
SN-MUC01-AR00009-2026-06-27-17-V,MUC01,AR00009,2026-06-27T17:00:00Z,VISION_STOCKOUT,0.269,ratio,False
SN-MUC01-AR00245-2026-06-27-9-V,MUC01,AR00245,2026-06-27T09:00:00Z,VISION_STOCKOUT,0.75,ratio,False
SN-MUC01-AR00245-2026-06-27-13-V,MUC01,AR00245,2026-06-27T13:00:00Z,VISION_STOCKOUT,0.5,ratio,False
SN-MUC01-AR00245-2026-06-27-17-V,MUC01,AR00245,2026-06-27T17:00:00Z,VISION_STOCKOUT,1.0,ratio,False
SN-MUC01-AR90015-2026-06-27-9-V,MUC01,AR90015,2026-06-27T09:00:00Z,VISION_STOCKOUT,0.595,ratio,False
SN-MUC01-AR90015-2026-06-27-13-V,MUC01,AR90015,2026-06-27T13:00:00Z,VISION_STOCKOUT,0.481,ratio,False
SN-MUC01-AR90015-2026-06-27-17-V,MUC01,AR90015,2026-06-27T17:00:00Z,VISION_STOCKOUT,0.82,ratio,False
SN-MUC01-AR00084-2026-06-27-9-V,MUC01,AR00084,2026-06-27T09:00:00Z,VISION_STOCKOUT,0.583,ratio,False
SN-MUC01-AR00084-2026-06-27-13-V,MUC01,AR00084,2026-06-27T13:00:00Z,VISION_STOCKOUT,0.405,ratio,False
SN-MUC01-AR00084-2026-06-27-17-V,MUC01,AR00084,2026-06-27T17:00:00Z,VISION_STOCKOUT,0.338,ratio,False
SN-MUC01-AR90014-2026-06-27-9-V,MUC01,AR90014,2026-06-27T09:00:00Z,VISION_STOCKOUT,0.747,ratio,False
SN-MUC01-AR90014-2026-06-27-13-V,MUC01,AR90014,2026-06-27T13:00:00Z,VISION_STOCKOUT,0.515,ratio,False
SN-MUC01-AR90014-2026-06-27-17-V,MUC01,AR90014,2026-06-27T17:00:00Z,VISION_STOCKOUT,0.312,ratio,False
SN-MUC01-AR00136-2026-06-27-9-V,MUC01,AR00136,2026-06-27T09:00:00Z,VISION_STOCKOUT,0.738,ratio,False
SN-MUC01-AR00136-2026-06-27-13-V,MUC01,AR00136,2026-06-27T13:00:00Z,VISION_STOCKOUT,0.611,ratio,False
SN-MUC01-AR00136-2026-06-27-17-V,MUC01,AR00136,2026-06-27T17:00:00Z,VISION_STOCKOUT,0.494,ratio,False
SN-MUC01-AR00240-2026-06-27-9-V,MUC01,AR00240,2026-06-27T09:00:00Z,VISION_STOCKOUT,0.033,ratio,True
SN-MUC01-AR00240-2026-06-27-13-V,MUC01,AR00240,2026-06-27T13:00:00Z,VISION_STOCKOUT,0.652,ratio,False
SN-MUC01-AR00240-2026-06-27-17-V,MUC01,AR00240,2026-06-27T17:00:00Z,VISION_STOCKOUT,0.943,ratio,False
SN-MUC01-AR00080-2026-06-27-9-V,MUC01,AR00080,2026-06-27T09:00:00Z,VISION_STOCKOUT,0.256,ratio,False
SN-MUC01-AR00080-2026-06-27-13-V,MUC01,AR00080,2026-06-27T13:00:00Z,VISION_STOCKOUT,0.857,ratio,False
SN-MUC01-AR00080-2026-06-27-17-V,MUC01,AR00080,2026-06-27T17:00:00Z,VISION_STOCKOUT,0.935,ratio,False
SN-MUC01-AR90036-2026-06-27-9-V,MUC01,AR90036,2026-06-27T09:00:00Z,VISION_STOCKOUT,0.713,ratio,False
SN-MUC01-AR90036-2026-06-27-13-V,MUC01,AR90036,2026-06-27T13:00:00Z,VISION_STOCKOUT,0.752,ratio,False
SN-MUC01-AR90036-2026-06-27-17-V,MUC01,AR90036,2026-06-27T17:00:00Z,VISION_STOCKOUT,0.533,ratio,False
SN-MUC01-AR00241-2026-06-27-9-V,MUC01,AR00241,2026-06-27T09:00:00Z,VISION_STOCKOUT,1.0,ratio,False
SN-MUC01-AR00241-2026-06-27-13-V,MUC01,AR00241,2026-06-27T13:00:00Z,VISION_STOCKOUT,0.223,ratio,False
SN-MUC01-AR00241-2026-06-27-17-V,MUC01,AR00241,2026-06-27T17:00:00Z,VISION_STOCKOUT,0.473,ratio,False
SN-MUC01-AR90019-2026-06-27-9-V,MUC01,AR90019,2026-06-27T09:00:00Z,VISION_STOCKOUT,1.0,ratio,False
SN-MUC01-AR90019-2026-06-27-13-V,MUC01,AR90019,2026-06-27T13:00:00Z,VISION_STOCKOUT,0.71,ratio,False
SN-MUC01-AR90019-2026-06-27-17-V,MUC01,AR90019,2026-06-27T17:00:00Z,VISION_STOCKOUT,0.477,ratio,False
SN-MUC01-AR00011-2026-06-27-9-V,MUC01,AR00011,2026-06-27T09:00:00Z,VISION_STOCKOUT,0.854,ratio,False
SN-MUC01-AR00011-2026-06-27-13-V,MUC01,AR00011,2026-06-27T13:00:00Z,VISION_STOCKOUT,0.407,ratio,False
SN-MUC01-AR00011-2026-06-27-17-V,MUC01,AR00011,2026-06-27T17:00:00Z,VISION_STOCKOUT,0.682,ratio,False
SN-MUC01-AR00001-2026-06-27-9-V,MUC01,AR00001,2026-06-27T09:00:00Z,VISION_STOCKOUT,0.819,ratio,False
SN-MUC01-AR00001-2026-06-27-13-V,MUC01,AR00001,2026-06-27T13:00:00Z,VISION_STOCKOUT,0.623,ratio,False
SN-MUC01-AR00001-2026-06-27-17-V,MUC01,AR00001,2026-06-27T17:00:00Z,VISION_STOCKOUT,0.509,ratio,False
SN-MUC01-AR90004-2026-06-27-ESL,MUC01,AR90004,2026-06-27T06:00:00Z,ESL,0.25,EUR,False
SN-MUC01-AR90003-2026-06-27-ESL,MUC01,AR90003,2026-06-27T06:00:00Z,ESL,0.15,EUR,False
SN-MUC01-AR90013-2026-06-27-ESL,MUC01,AR90013,2026-06-27T06:00:00Z,ESL,1.7,EUR,False
SN-MUC01-AR90002-2026-06-27-ESL,MUC01,AR90002,2026-06-27T06:00:00Z,ESL,0.08,EUR,False
SN-MUC01-AR90039-2026-06-27-ESL,MUC01,AR90039,2026-06-27T06:00:00Z,ESL,1.5,EUR,False
SN-MUC01-AR90018-2026-06-27-ESL,MUC01,AR90018,2026-06-27T06:00:00Z,ESL,1.95,EUR,False
SN-MUC01-AR00395-2026-06-27-ESL,MUC01,AR00395,2026-06-27T06:00:00Z,ESL,2.5,EUR,False
SN-MUC01-AR00394-2026-06-27-ESL,MUC01,AR00394,2026-06-27T06:00:00Z,ESL,2.9,EUR,False
SN-MUC01-2026-06-27-T0,MUC01,AR90018,2026-06-27T12:00:00Z,TEMPERATURE,8.06,C,True
SN-MUC01-2026-06-27-T1,MUC01,AR00018,2026-06-27T12:00:00Z,TEMPERATURE,4.52,C,False
SN-MUC01-2026-06-27-T2,MUC01,AR00131,2026-06-27T12:00:00Z,TEMPERATURE,5.62,C,False
SN-MUC01-2026-06-27-T3,MUC01,AR00448,2026-06-27T12:00:00Z,TEMPERATURE,2.5,C,False
SN-MUC01-2026-06-27-T4,MUC01,IKA003,2026-06-27T12:00:00Z,TEMPERATURE,2.6,C,False
SN-MUC01-2026-06-27-T5,MUC01,AR00066,2026-06-27T12:00:00Z,TEMPERATURE,-19.27,C,False
SN-MUC01-AR90004-2026-06-28-9-V,MUC01,AR90004,2026-06-28T09:00:00Z,VISION_STOCKOUT,0.547,ratio,False
SN-MUC01-AR90004-2026-06-28-13-V,MUC01,AR90004,2026-06-28T13:00:00Z,VISION_STOCKOUT,0.302,ratio,False
SN-MUC01-AR90004-2026-06-28-17-V,MUC01,AR90004,2026-06-28T17:00:00Z,VISION_STOCKOUT,1.0,ratio,False
SN-MUC01-AR90003-2026-06-28-9-V,MUC01,AR90003,2026-06-28T09:00:00Z,VISION_STOCKOUT,0.562,ratio,False
SN-MUC01-AR90003-2026-06-28-13-V,MUC01,AR90003,2026-06-28T13:00:00Z,VISION_STOCKOUT,0.415,ratio,False
SN-MUC01-AR90003-2026-06-28-17-V,MUC01,AR90003,2026-06-28T17:00:00Z,VISION_STOCKOUT,0.617,ratio,False
SN-MUC01-AR90013-2026-06-28-9-V,MUC01,AR90013,2026-06-28T09:00:00Z,VISION_STOCKOUT,0.363,ratio,False
SN-MUC01-AR90013-2026-06-28-13-V,MUC01,AR90013,2026-06-28T13:00:00Z,VISION_STOCKOUT,0.421,ratio,False
SN-MUC01-AR90013-2026-06-28-17-V,MUC01,AR90013,2026-06-28T17:00:00Z,VISION_STOCKOUT,0.844,ratio,False
SN-MUC01-AR90002-2026-06-28-9-V,MUC01,AR90002,2026-06-28T09:00:00Z,VISION_STOCKOUT,0.544,ratio,False
SN-MUC01-AR90002-2026-06-28-13-V,MUC01,AR90002,2026-06-28T13:00:00Z,VISION_STOCKOUT,0.749,ratio,False
SN-MUC01-AR90002-2026-06-28-17-V,MUC01,AR90002,2026-06-28T17:00:00Z,VISION_STOCKOUT,0.873,ratio,False
SN-MUC01-AR90039-2026-06-28-9-V,MUC01,AR90039,2026-06-28T09:00:00Z,VISION_STOCKOUT,0.543,ratio,False
SN-MUC01-AR90039-2026-06-28-13-V,MUC01,AR90039,2026-06-28T13:00:00Z,VISION_STOCKOUT,0.545,ratio,False
SN-MUC01-AR90039-2026-06-28-17-V,MUC01,AR90039,2026-06-28T17:00:00Z,VISION_STOCKOUT,0.816,ratio,False
SN-MUC01-AR90018-2026-06-28-9-V,MUC01,AR90018,2026-06-28T09:00:00Z,VISION_STOCKOUT,0.704,ratio,False
SN-MUC01-AR90018-2026-06-28-13-V,MUC01,AR90018,2026-06-28T13:00:00Z,VISION_STOCKOUT,0.0,ratio,True
SN-MUC01-AR90018-2026-06-28-17-V,MUC01,AR90018,2026-06-28T17:00:00Z,VISION_STOCKOUT,0.832,ratio,False
SN-MUC01-AR00395-2026-06-28-9-V,MUC01,AR00395,2026-06-28T09:00:00Z,VISION_STOCKOUT,0.817,ratio,False
SN-MUC01-AR00395-2026-06-28-13-V,MUC01,AR00395,2026-06-28T13:00:00Z,VISION_STOCKOUT,0.496,ratio,False
SN-MUC01-AR00395-2026-06-28-17-V,MUC01,AR00395,2026-06-28T17:00:00Z,VISION_STOCKOUT,1.0,ratio,False
SN-MUC01-AR00394-2026-06-28-9-V,MUC01,AR00394,2026-06-28T09:00:00Z,VISION_STOCKOUT,0.723,ratio,False
SN-MUC01-AR00394-2026-06-28-13-V,MUC01,AR00394,2026-06-28T13:00:00Z,VISION_STOCKOUT,0.709,ratio,False
SN-MUC01-AR00394-2026-06-28-17-V,MUC01,AR00394,2026-06-28T17:00:00Z,VISION_STOCKOUT,0.875,ratio,False
SN-MUC01-AR00010-2026-06-28-9-V,MUC01,AR00010,2026-06-28T09:00:00Z,VISION_STOCKOUT,1.0,ratio,False
SN-MUC01-AR00010-2026-06-28-13-V,MUC01,AR00010,2026-06-28T13:00:00Z,VISION_STOCKOUT,0.753,ratio,False
SN-MUC01-AR00010-2026-06-28-17-V,MUC01,AR00010,2026-06-28T17:00:00Z,VISION_STOCKOUT,0.368,ratio,False
SN-MUC01-AR90034-2026-06-28-9-V,MUC01,AR90034,2026-06-28T09:00:00Z,VISION_STOCKOUT,0.314,ratio,False
SN-MUC01-AR90034-2026-06-28-13-V,MUC01,AR90034,2026-06-28T13:00:00Z,VISION_STOCKOUT,0.558,ratio,False
SN-MUC01-AR90034-2026-06-28-17-V,MUC01,AR90034,2026-06-28T17:00:00Z,VISION_STOCKOUT,1.0,ratio,False
SN-MUC01-AR90012-2026-06-28-9-V,MUC01,AR90012,2026-06-28T09:00:00Z,VISION_STOCKOUT,1.0,ratio,False
SN-MUC01-AR90012-2026-06-28-13-V,MUC01,AR90012,2026-06-28T13:00:00Z,VISION_STOCKOUT,0.909,ratio,False
SN-MUC01-AR90012-2026-06-28-17-V,MUC01,AR90012,2026-06-28T17:00:00Z,VISION_STOCKOUT,0.742,ratio,False
SN-MUC01-AR00188-2026-06-28-9-V,MUC01,AR00188,2026-06-28T09:00:00Z,VISION_STOCKOUT,0.735,ratio,False
SN-MUC01-AR00188-2026-06-28-13-V,MUC01,AR00188,2026-06-28T13:00:00Z,VISION_STOCKOUT,0.419,ratio,False
SN-MUC01-AR00188-2026-06-28-17-V,MUC01,AR00188,2026-06-28T17:00:00Z,VISION_STOCKOUT,0.68,ratio,False
SN-MUC01-AR00009-2026-06-28-9-V,MUC01,AR00009,2026-06-28T09:00:00Z,VISION_STOCKOUT,0.45,ratio,False
SN-MUC01-AR00009-2026-06-28-13-V,MUC01,AR00009,2026-06-28T13:00:00Z,VISION_STOCKOUT,0.445,ratio,False
SN-MUC01-AR00009-2026-06-28-17-V,MUC01,AR00009,2026-06-28T17:00:00Z,VISION_STOCKOUT,0.31,ratio,False
SN-MUC01-AR00245-2026-06-28-9-V,MUC01,AR00245,2026-06-28T09:00:00Z,VISION_STOCKOUT,0.424,ratio,False
SN-MUC01-AR00245-2026-06-28-13-V,MUC01,AR00245,2026-06-28T13:00:00Z,VISION_STOCKOUT,0.51,ratio,False
SN-MUC01-AR00245-2026-06-28-17-V,MUC01,AR00245,2026-06-28T17:00:00Z,VISION_STOCKOUT,0.619,ratio,False
SN-MUC01-AR90015-2026-06-28-9-V,MUC01,AR90015,2026-06-28T09:00:00Z,VISION_STOCKOUT,0.925,ratio,False
SN-MUC01-AR90015-2026-06-28-13-V,MUC01,AR90015,2026-06-28T13:00:00Z,VISION_STOCKOUT,0.71,ratio,False
SN-MUC01-AR90015-2026-06-28-17-V,MUC01,AR90015,2026-06-28T17:00:00Z,VISION_STOCKOUT,1.0,ratio,False
SN-MUC01-AR00084-2026-06-28-9-V,MUC01,AR00084,2026-06-28T09:00:00Z,VISION_STOCKOUT,0.626,ratio,False
SN-MUC01-AR00084-2026-06-28-13-V,MUC01,AR00084,2026-06-28T13:00:00Z,VISION_STOCKOUT,0.863,ratio,False
SN-MUC01-AR00084-2026-06-28-17-V,MUC01,AR00084,2026-06-28T17:00:00Z,VISION_STOCKOUT,0.146,ratio,True
SN-MUC01-AR90014-2026-06-28-9-V,MUC01,AR90014,2026-06-28T09:00:00Z,VISION_STOCKOUT,0.847,ratio,False
SN-MUC01-AR90014-2026-06-28-13-V,MUC01,AR90014,2026-06-28T13:00:00Z,VISION_STOCKOUT,1.0,ratio,False
SN-MUC01-AR90014-2026-06-28-17-V,MUC01,AR90014,2026-06-28T17:00:00Z,VISION_STOCKOUT,0.597,ratio,False
SN-MUC01-AR00136-2026-06-28-9-V,MUC01,AR00136,2026-06-28T09:00:00Z,VISION_STOCKOUT,0.76,ratio,False
SN-MUC01-AR00136-2026-06-28-13-V,MUC01,AR00136,2026-06-28T13:00:00Z,VISION_STOCKOUT,1.0,ratio,False
SN-MUC01-AR00136-2026-06-28-17-V,MUC01,AR00136,2026-06-28T17:00:00Z,VISION_STOCKOUT,0.65,ratio,False
SN-MUC01-AR00240-2026-06-28-9-V,MUC01,AR00240,2026-06-28T09:00:00Z,VISION_STOCKOUT,0.449,ratio,False
SN-MUC01-AR00240-2026-06-28-13-V,MUC01,AR00240,2026-06-28T13:00:00Z,VISION_STOCKOUT,0.769,ratio,False
SN-MUC01-AR00240-2026-06-28-17-V,MUC01,AR00240,2026-06-28T17:00:00Z,VISION_STOCKOUT,0.435,ratio,False
SN-MUC01-AR00080-2026-06-28-9-V,MUC01,AR00080,2026-06-28T09:00:00Z,VISION_STOCKOUT,0.687,ratio,False
SN-MUC01-AR00080-2026-06-28-13-V,MUC01,AR00080,2026-06-28T13:00:00Z,VISION_STOCKOUT,0.673,ratio,False
SN-MUC01-AR00080-2026-06-28-17-V,MUC01,AR00080,2026-06-28T17:00:00Z,VISION_STOCKOUT,0.562,ratio,False
SN-MUC01-AR90036-2026-06-28-9-V,MUC01,AR90036,2026-06-28T09:00:00Z,VISION_STOCKOUT,0.991,ratio,False
SN-MUC01-AR90036-2026-06-28-13-V,MUC01,AR90036,2026-06-28T13:00:00Z,VISION_STOCKOUT,0.5,ratio,False
SN-MUC01-AR90036-2026-06-28-17-V,MUC01,AR90036,2026-06-28T17:00:00Z,VISION_STOCKOUT,0.798,ratio,False
SN-MUC01-AR00241-2026-06-28-9-V,MUC01,AR00241,2026-06-28T09:00:00Z,VISION_STOCKOUT,1.0,ratio,False
SN-MUC01-AR00241-2026-06-28-13-V,MUC01,AR00241,2026-06-28T13:00:00Z,VISION_STOCKOUT,1.0,ratio,False
SN-MUC01-AR00241-2026-06-28-17-V,MUC01,AR00241,2026-06-28T17:00:00Z,VISION_STOCKOUT,0.595,ratio,False
SN-MUC01-AR90019-2026-06-28-9-V,MUC01,AR90019,2026-06-28T09:00:00Z,VISION_STOCKOUT,0.242,ratio,False
SN-MUC01-AR90019-2026-06-28-13-V,MUC01,AR90019,2026-06-28T13:00:00Z,VISION_STOCKOUT,0.68,ratio,False
SN-MUC01-AR90019-2026-06-28-17-V,MUC01,AR90019,2026-06-28T17:00:00Z,VISION_STOCKOUT,0.755,ratio,False
SN-MUC01-AR00011-2026-06-28-9-V,MUC01,AR00011,2026-06-28T09:00:00Z,VISION_STOCKOUT,0.051,ratio,True
SN-MUC01-AR00011-2026-06-28-13-V,MUC01,AR00011,2026-06-28T13:00:00Z,VISION_STOCKOUT,0.9,ratio,False
SN-MUC01-AR00011-2026-06-28-17-V,MUC01,AR00011,2026-06-28T17:00:00Z,VISION_STOCKOUT,0.464,ratio,False
SN-MUC01-AR00001-2026-06-28-9-V,MUC01,AR00001,2026-06-28T09:00:00Z,VISION_STOCKOUT,0.732,ratio,False
SN-MUC01-AR00001-2026-06-28-13-V,MUC01,AR00001,2026-06-28T13:00:00Z,VISION_STOCKOUT,0.731,ratio,False
SN-MUC01-AR00001-2026-06-28-17-V,MUC01,AR00001,2026-06-28T17:00:00Z,VISION_STOCKOUT,0.997,ratio,False
SN-MUC01-AR90004-2026-06-28-ESL,MUC01,AR90004,2026-06-28T06:00:00Z,ESL,0.25,EUR,False
SN-MUC01-AR90003-2026-06-28-ESL,MUC01,AR90003,2026-06-28T06:00:00Z,ESL,0.15,EUR,False
SN-MUC01-AR90013-2026-06-28-ESL,MUC01,AR90013,2026-06-28T06:00:00Z,ESL,1.7,EUR,False
SN-MUC01-AR90002-2026-06-28-ESL,MUC01,AR90002,2026-06-28T06:00:00Z,ESL,0.08,EUR,False
SN-MUC01-AR90039-2026-06-28-ESL,MUC01,AR90039,2026-06-28T06:00:00Z,ESL,1.5,EUR,False
SN-MUC01-AR90018-2026-06-28-ESL,MUC01,AR90018,2026-06-28T06:00:00Z,ESL,1.95,EUR,False
SN-MUC01-AR00395-2026-06-28-ESL,MUC01,AR00395,2026-06-28T06:00:00Z,ESL,2.5,EUR,False
SN-MUC01-AR00394-2026-06-28-ESL,MUC01,AR00394,2026-06-28T06:00:00Z,ESL,2.9,EUR,False
SN-MUC01-2026-06-28-T0,MUC01,AR00324,2026-06-28T12:00:00Z,TEMPERATURE,6.42,C,False
SN-MUC01-2026-06-28-T1,MUC01,AR90055,2026-06-28T12:00:00Z,TEMPERATURE,5.22,C,False
SN-MUC01-2026-06-28-T2,MUC01,AR00140,2026-06-28T12:00:00Z,TEMPERATURE,7.71,C,False
SN-MUC01-2026-06-28-T3,MUC01,AR00317,2026-06-28T12:00:00Z,TEMPERATURE,5.19,C,False
SN-MUC01-2026-06-28-T4,MUC01,AR00275,2026-06-28T12:00:00Z,TEMPERATURE,5.35,C,False
SN-MUC01-2026-06-28-T5,MUC01,AR00281,2026-06-28T12:00:00Z,TEMPERATURE,7.52,C,False
SN-MUC01-AR90004-2026-06-29-9-V,MUC01,AR90004,2026-06-29T09:00:00Z,VISION_STOCKOUT,0.508,ratio,False
SN-MUC01-AR90004-2026-06-29-13-V,MUC01,AR90004,2026-06-29T13:00:00Z,VISION_STOCKOUT,0.465,ratio,False
SN-MUC01-AR90004-2026-06-29-17-V,MUC01,AR90004,2026-06-29T17:00:00Z,VISION_STOCKOUT,0.942,ratio,False
SN-MUC01-AR90003-2026-06-29-9-V,MUC01,AR90003,2026-06-29T09:00:00Z,VISION_STOCKOUT,1.0,ratio,False
SN-MUC01-AR90003-2026-06-29-13-V,MUC01,AR90003,2026-06-29T13:00:00Z,VISION_STOCKOUT,1.0,ratio,False
SN-MUC01-AR90003-2026-06-29-17-V,MUC01,AR90003,2026-06-29T17:00:00Z,VISION_STOCKOUT,0.379,ratio,False
SN-MUC01-AR90013-2026-06-29-9-V,MUC01,AR90013,2026-06-29T09:00:00Z,VISION_STOCKOUT,0.569,ratio,False
SN-MUC01-AR90013-2026-06-29-13-V,MUC01,AR90013,2026-06-29T13:00:00Z,VISION_STOCKOUT,0.304,ratio,False
SN-MUC01-AR90013-2026-06-29-17-V,MUC01,AR90013,2026-06-29T17:00:00Z,VISION_STOCKOUT,0.661,ratio,False
SN-MUC01-AR90002-2026-06-29-9-V,MUC01,AR90002,2026-06-29T09:00:00Z,VISION_STOCKOUT,0.66,ratio,False
SN-MUC01-AR90002-2026-06-29-13-V,MUC01,AR90002,2026-06-29T13:00:00Z,VISION_STOCKOUT,0.577,ratio,False
SN-MUC01-AR90002-2026-06-29-17-V,MUC01,AR90002,2026-06-29T17:00:00Z,VISION_STOCKOUT,0.702,ratio,False
SN-MUC01-AR90039-2026-06-29-9-V,MUC01,AR90039,2026-06-29T09:00:00Z,VISION_STOCKOUT,0.489,ratio,False
SN-MUC01-AR90039-2026-06-29-13-V,MUC01,AR90039,2026-06-29T13:00:00Z,VISION_STOCKOUT,1.0,ratio,False
SN-MUC01-AR90039-2026-06-29-17-V,MUC01,AR90039,2026-06-29T17:00:00Z,VISION_STOCKOUT,0.894,ratio,False
SN-MUC01-AR90018-2026-06-29-9-V,MUC01,AR90018,2026-06-29T09:00:00Z,VISION_STOCKOUT,0.507,ratio,False
SN-MUC01-AR90018-2026-06-29-13-V,MUC01,AR90018,2026-06-29T13:00:00Z,VISION_STOCKOUT,0.923,ratio,False
SN-MUC01-AR90018-2026-06-29-17-V,MUC01,AR90018,2026-06-29T17:00:00Z,VISION_STOCKOUT,0.426,ratio,False
SN-MUC01-AR00395-2026-06-29-9-V,MUC01,AR00395,2026-06-29T09:00:00Z,VISION_STOCKOUT,0.93,ratio,False
SN-MUC01-AR00395-2026-06-29-13-V,MUC01,AR00395,2026-06-29T13:00:00Z,VISION_STOCKOUT,0.728,ratio,False
SN-MUC01-AR00395-2026-06-29-17-V,MUC01,AR00395,2026-06-29T17:00:00Z,VISION_STOCKOUT,0.513,ratio,False
SN-MUC01-AR00394-2026-06-29-9-V,MUC01,AR00394,2026-06-29T09:00:00Z,VISION_STOCKOUT,0.724,ratio,False
SN-MUC01-AR00394-2026-06-29-13-V,MUC01,AR00394,2026-06-29T13:00:00Z,VISION_STOCKOUT,0.7,ratio,False
SN-MUC01-AR00394-2026-06-29-17-V,MUC01,AR00394,2026-06-29T17:00:00Z,VISION_STOCKOUT,0.83,ratio,False
SN-MUC01-AR00010-2026-06-29-9-V,MUC01,AR00010,2026-06-29T09:00:00Z,VISION_STOCKOUT,0.399,ratio,False
SN-MUC01-AR00010-2026-06-29-13-V,MUC01,AR00010,2026-06-29T13:00:00Z,VISION_STOCKOUT,0.433,ratio,False
SN-MUC01-AR00010-2026-06-29-17-V,MUC01,AR00010,2026-06-29T17:00:00Z,VISION_STOCKOUT,0.35,ratio,False
SN-MUC01-AR90034-2026-06-29-9-V,MUC01,AR90034,2026-06-29T09:00:00Z,VISION_STOCKOUT,0.893,ratio,False
SN-MUC01-AR90034-2026-06-29-13-V,MUC01,AR90034,2026-06-29T13:00:00Z,VISION_STOCKOUT,0.785,ratio,False
SN-MUC01-AR90034-2026-06-29-17-V,MUC01,AR90034,2026-06-29T17:00:00Z,VISION_STOCKOUT,0.25,ratio,False
SN-MUC01-AR90012-2026-06-29-9-V,MUC01,AR90012,2026-06-29T09:00:00Z,VISION_STOCKOUT,1.0,ratio,False
SN-MUC01-AR90012-2026-06-29-13-V,MUC01,AR90012,2026-06-29T13:00:00Z,VISION_STOCKOUT,0.552,ratio,False
SN-MUC01-AR90012-2026-06-29-17-V,MUC01,AR90012,2026-06-29T17:00:00Z,VISION_STOCKOUT,0.532,ratio,False
SN-MUC01-AR00188-2026-06-29-9-V,MUC01,AR00188,2026-06-29T09:00:00Z,VISION_STOCKOUT,0.827,ratio,False
SN-MUC01-AR00188-2026-06-29-13-V,MUC01,AR00188,2026-06-29T13:00:00Z,VISION_STOCKOUT,0.69,ratio,False
SN-MUC01-AR00188-2026-06-29-17-V,MUC01,AR00188,2026-06-29T17:00:00Z,VISION_STOCKOUT,0.397,ratio,False
SN-MUC01-AR00009-2026-06-29-9-V,MUC01,AR00009,2026-06-29T09:00:00Z,VISION_STOCKOUT,0.823,ratio,False
SN-MUC01-AR00009-2026-06-29-13-V,MUC01,AR00009,2026-06-29T13:00:00Z,VISION_STOCKOUT,0.781,ratio,False
SN-MUC01-AR00009-2026-06-29-17-V,MUC01,AR00009,2026-06-29T17:00:00Z,VISION_STOCKOUT,0.559,ratio,False
SN-MUC01-AR00245-2026-06-29-9-V,MUC01,AR00245,2026-06-29T09:00:00Z,VISION_STOCKOUT,0.946,ratio,False
SN-MUC01-AR00245-2026-06-29-13-V,MUC01,AR00245,2026-06-29T13:00:00Z,VISION_STOCKOUT,0.691,ratio,False
SN-MUC01-AR00245-2026-06-29-17-V,MUC01,AR00245,2026-06-29T17:00:00Z,VISION_STOCKOUT,0.39,ratio,False
SN-MUC01-AR90015-2026-06-29-9-V,MUC01,AR90015,2026-06-29T09:00:00Z,VISION_STOCKOUT,0.082,ratio,True
SN-MUC01-AR90015-2026-06-29-13-V,MUC01,AR90015,2026-06-29T13:00:00Z,VISION_STOCKOUT,0.603,ratio,False
SN-MUC01-AR90015-2026-06-29-17-V,MUC01,AR90015,2026-06-29T17:00:00Z,VISION_STOCKOUT,0.771,ratio,False
SN-MUC01-AR00084-2026-06-29-9-V,MUC01,AR00084,2026-06-29T09:00:00Z,VISION_STOCKOUT,0.19,ratio,False
SN-MUC01-AR00084-2026-06-29-13-V,MUC01,AR00084,2026-06-29T13:00:00Z,VISION_STOCKOUT,0.262,ratio,False
SN-MUC01-AR00084-2026-06-29-17-V,MUC01,AR00084,2026-06-29T17:00:00Z,VISION_STOCKOUT,0.238,ratio,False
SN-MUC01-AR90014-2026-06-29-9-V,MUC01,AR90014,2026-06-29T09:00:00Z,VISION_STOCKOUT,0.705,ratio,False
SN-MUC01-AR90014-2026-06-29-13-V,MUC01,AR90014,2026-06-29T13:00:00Z,VISION_STOCKOUT,0.602,ratio,False
SN-MUC01-AR90014-2026-06-29-17-V,MUC01,AR90014,2026-06-29T17:00:00Z,VISION_STOCKOUT,0.591,ratio,False
SN-MUC01-AR00136-2026-06-29-9-V,MUC01,AR00136,2026-06-29T09:00:00Z,VISION_STOCKOUT,0.925,ratio,False
SN-MUC01-AR00136-2026-06-29-13-V,MUC01,AR00136,2026-06-29T13:00:00Z,VISION_STOCKOUT,0.974,ratio,False
SN-MUC01-AR00136-2026-06-29-17-V,MUC01,AR00136,2026-06-29T17:00:00Z,VISION_STOCKOUT,0.814,ratio,False
SN-MUC01-AR00240-2026-06-29-9-V,MUC01,AR00240,2026-06-29T09:00:00Z,VISION_STOCKOUT,0.861,ratio,False
SN-MUC01-AR00240-2026-06-29-13-V,MUC01,AR00240,2026-06-29T13:00:00Z,VISION_STOCKOUT,0.45,ratio,False
SN-MUC01-AR00240-2026-06-29-17-V,MUC01,AR00240,2026-06-29T17:00:00Z,VISION_STOCKOUT,0.863,ratio,False
SN-MUC01-AR00080-2026-06-29-9-V,MUC01,AR00080,2026-06-29T09:00:00Z,VISION_STOCKOUT,0.387,ratio,False
SN-MUC01-AR00080-2026-06-29-13-V,MUC01,AR00080,2026-06-29T13:00:00Z,VISION_STOCKOUT,0.851,ratio,False
SN-MUC01-AR00080-2026-06-29-17-V,MUC01,AR00080,2026-06-29T17:00:00Z,VISION_STOCKOUT,0.641,ratio,False
SN-MUC01-AR90036-2026-06-29-9-V,MUC01,AR90036,2026-06-29T09:00:00Z,VISION_STOCKOUT,0.954,ratio,False
SN-MUC01-AR90036-2026-06-29-13-V,MUC01,AR90036,2026-06-29T13:00:00Z,VISION_STOCKOUT,0.426,ratio,False
SN-MUC01-AR90036-2026-06-29-17-V,MUC01,AR90036,2026-06-29T17:00:00Z,VISION_STOCKOUT,0.925,ratio,False
SN-MUC01-AR00241-2026-06-29-9-V,MUC01,AR00241,2026-06-29T09:00:00Z,VISION_STOCKOUT,0.814,ratio,False
SN-MUC01-AR00241-2026-06-29-13-V,MUC01,AR00241,2026-06-29T13:00:00Z,VISION_STOCKOUT,0.612,ratio,False
SN-MUC01-AR00241-2026-06-29-17-V,MUC01,AR00241,2026-06-29T17:00:00Z,VISION_STOCKOUT,0.735,ratio,False
SN-MUC01-AR90019-2026-06-29-9-V,MUC01,AR90019,2026-06-29T09:00:00Z,VISION_STOCKOUT,0.834,ratio,False
SN-MUC01-AR90019-2026-06-29-13-V,MUC01,AR90019,2026-06-29T13:00:00Z,VISION_STOCKOUT,0.466,ratio,False
SN-MUC01-AR90019-2026-06-29-17-V,MUC01,AR90019,2026-06-29T17:00:00Z,VISION_STOCKOUT,0.388,ratio,False
SN-MUC01-AR00011-2026-06-29-9-V,MUC01,AR00011,2026-06-29T09:00:00Z,VISION_STOCKOUT,0.85,ratio,False
SN-MUC01-AR00011-2026-06-29-13-V,MUC01,AR00011,2026-06-29T13:00:00Z,VISION_STOCKOUT,0.839,ratio,False
SN-MUC01-AR00011-2026-06-29-17-V,MUC01,AR00011,2026-06-29T17:00:00Z,VISION_STOCKOUT,0.999,ratio,False
SN-MUC01-AR00001-2026-06-29-9-V,MUC01,AR00001,2026-06-29T09:00:00Z,VISION_STOCKOUT,0.449,ratio,False
SN-MUC01-AR00001-2026-06-29-13-V,MUC01,AR00001,2026-06-29T13:00:00Z,VISION_STOCKOUT,0.438,ratio,False
SN-MUC01-AR00001-2026-06-29-17-V,MUC01,AR00001,2026-06-29T17:00:00Z,VISION_STOCKOUT,0.697,ratio,False
SN-MUC01-AR90004-2026-06-29-ESL,MUC01,AR90004,2026-06-29T06:00:00Z,ESL,0.25,EUR,False
SN-MUC01-AR90003-2026-06-29-ESL,MUC01,AR90003,2026-06-29T06:00:00Z,ESL,0.15,EUR,False
SN-MUC01-AR90013-2026-06-29-ESL,MUC01,AR90013,2026-06-29T06:00:00Z,ESL,1.7,EUR,False
SN-MUC01-AR90002-2026-06-29-ESL,MUC01,AR90002,2026-06-29T06:00:00Z,ESL,0.08,EUR,False
SN-MUC01-AR90039-2026-06-29-ESL,MUC01,AR90039,2026-06-29T06:00:00Z,ESL,1.5,EUR,False
SN-MUC01-AR90018-2026-06-29-ESL,MUC01,AR90018,2026-06-29T06:00:00Z,ESL,1.95,EUR,False
SN-MUC01-AR00395-2026-06-29-ESL,MUC01,AR00395,2026-06-29T06:00:00Z,ESL,2.5,EUR,False
SN-MUC01-AR00394-2026-06-29-ESL,MUC01,AR00394,2026-06-29T06:00:00Z,ESL,2.9,EUR,False
SN-MUC01-2026-06-29-T0,MUC01,AR90021,2026-06-29T12:00:00Z,TEMPERATURE,5.84,C,False
SN-MUC01-2026-06-29-T1,MUC01,AR00332,2026-06-29T12:00:00Z,TEMPERATURE,3.02,C,False
SN-MUC01-2026-06-29-T2,MUC01,IKA005,2026-06-29T12:00:00Z,TEMPERATURE,5.79,C,False
SN-MUC01-2026-06-29-T3,MUC01,AR00053,2026-06-29T12:00:00Z,TEMPERATURE,3.52,C,False
SN-MUC01-2026-06-29-T4,MUC01,AR00312,2026-06-29T12:00:00Z,TEMPERATURE,6.88,C,False
SN-MUC01-2026-06-29-T5,MUC01,AR00019,2026-06-29T12:00:00Z,TEMPERATURE,4.47,C,False
SN-MUC01-AR90004-2026-06-30-9-V,MUC01,AR90004,2026-06-30T09:00:00Z,VISION_STOCKOUT,0.663,ratio,False
SN-MUC01-AR90004-2026-06-30-13-V,MUC01,AR90004,2026-06-30T13:00:00Z,VISION_STOCKOUT,0.572,ratio,False
SN-MUC01-AR90004-2026-06-30-17-V,MUC01,AR90004,2026-06-30T17:00:00Z,VISION_STOCKOUT,0.711,ratio,False
SN-MUC01-AR90003-2026-06-30-9-V,MUC01,AR90003,2026-06-30T09:00:00Z,VISION_STOCKOUT,1.0,ratio,False
SN-MUC01-AR90003-2026-06-30-13-V,MUC01,AR90003,2026-06-30T13:00:00Z,VISION_STOCKOUT,0.577,ratio,False
SN-MUC01-AR90003-2026-06-30-17-V,MUC01,AR90003,2026-06-30T17:00:00Z,VISION_STOCKOUT,0.781,ratio,False
SN-MUC01-AR90013-2026-06-30-9-V,MUC01,AR90013,2026-06-30T09:00:00Z,VISION_STOCKOUT,0.602,ratio,False
SN-MUC01-AR90013-2026-06-30-13-V,MUC01,AR90013,2026-06-30T13:00:00Z,VISION_STOCKOUT,0.369,ratio,False
SN-MUC01-AR90013-2026-06-30-17-V,MUC01,AR90013,2026-06-30T17:00:00Z,VISION_STOCKOUT,0.499,ratio,False
SN-MUC01-AR90002-2026-06-30-9-V,MUC01,AR90002,2026-06-30T09:00:00Z,VISION_STOCKOUT,0.605,ratio,False
SN-MUC01-AR90002-2026-06-30-13-V,MUC01,AR90002,2026-06-30T13:00:00Z,VISION_STOCKOUT,0.565,ratio,False
SN-MUC01-AR90002-2026-06-30-17-V,MUC01,AR90002,2026-06-30T17:00:00Z,VISION_STOCKOUT,0.485,ratio,False
SN-MUC01-AR90039-2026-06-30-9-V,MUC01,AR90039,2026-06-30T09:00:00Z,VISION_STOCKOUT,0.798,ratio,False
SN-MUC01-AR90039-2026-06-30-13-V,MUC01,AR90039,2026-06-30T13:00:00Z,VISION_STOCKOUT,0.399,ratio,False
SN-MUC01-AR90039-2026-06-30-17-V,MUC01,AR90039,2026-06-30T17:00:00Z,VISION_STOCKOUT,0.441,ratio,False
SN-MUC01-AR90018-2026-06-30-9-V,MUC01,AR90018,2026-06-30T09:00:00Z,VISION_STOCKOUT,0.749,ratio,False
SN-MUC01-AR90018-2026-06-30-13-V,MUC01,AR90018,2026-06-30T13:00:00Z,VISION_STOCKOUT,0.385,ratio,False
SN-MUC01-AR90018-2026-06-30-17-V,MUC01,AR90018,2026-06-30T17:00:00Z,VISION_STOCKOUT,0.844,ratio,False
SN-MUC01-AR00395-2026-06-30-9-V,MUC01,AR00395,2026-06-30T09:00:00Z,VISION_STOCKOUT,0.91,ratio,False
SN-MUC01-AR00395-2026-06-30-13-V,MUC01,AR00395,2026-06-30T13:00:00Z,VISION_STOCKOUT,0.966,ratio,False
SN-MUC01-AR00395-2026-06-30-17-V,MUC01,AR00395,2026-06-30T17:00:00Z,VISION_STOCKOUT,0.83,ratio,False
SN-MUC01-AR00394-2026-06-30-9-V,MUC01,AR00394,2026-06-30T09:00:00Z,VISION_STOCKOUT,0.533,ratio,False
SN-MUC01-AR00394-2026-06-30-13-V,MUC01,AR00394,2026-06-30T13:00:00Z,VISION_STOCKOUT,0.814,ratio,False
SN-MUC01-AR00394-2026-06-30-17-V,MUC01,AR00394,2026-06-30T17:00:00Z,VISION_STOCKOUT,0.155,ratio,False
SN-MUC01-AR00010-2026-06-30-9-V,MUC01,AR00010,2026-06-30T09:00:00Z,VISION_STOCKOUT,0.898,ratio,False
SN-MUC01-AR00010-2026-06-30-13-V,MUC01,AR00010,2026-06-30T13:00:00Z,VISION_STOCKOUT,1.0,ratio,False
SN-MUC01-AR00010-2026-06-30-17-V,MUC01,AR00010,2026-06-30T17:00:00Z,VISION_STOCKOUT,0.89,ratio,False
SN-MUC01-AR90034-2026-06-30-9-V,MUC01,AR90034,2026-06-30T09:00:00Z,VISION_STOCKOUT,0.931,ratio,False
SN-MUC01-AR90034-2026-06-30-13-V,MUC01,AR90034,2026-06-30T13:00:00Z,VISION_STOCKOUT,0.556,ratio,False
SN-MUC01-AR90034-2026-06-30-17-V,MUC01,AR90034,2026-06-30T17:00:00Z,VISION_STOCKOUT,0.404,ratio,False
SN-MUC01-AR90012-2026-06-30-9-V,MUC01,AR90012,2026-06-30T09:00:00Z,VISION_STOCKOUT,0.629,ratio,False
SN-MUC01-AR90012-2026-06-30-13-V,MUC01,AR90012,2026-06-30T13:00:00Z,VISION_STOCKOUT,0.762,ratio,False
SN-MUC01-AR90012-2026-06-30-17-V,MUC01,AR90012,2026-06-30T17:00:00Z,VISION_STOCKOUT,0.195,ratio,False
SN-MUC01-AR00188-2026-06-30-9-V,MUC01,AR00188,2026-06-30T09:00:00Z,VISION_STOCKOUT,0.747,ratio,False
SN-MUC01-AR00188-2026-06-30-13-V,MUC01,AR00188,2026-06-30T13:00:00Z,VISION_STOCKOUT,1.0,ratio,False
SN-MUC01-AR00188-2026-06-30-17-V,MUC01,AR00188,2026-06-30T17:00:00Z,VISION_STOCKOUT,0.717,ratio,False
SN-MUC01-AR00009-2026-06-30-9-V,MUC01,AR00009,2026-06-30T09:00:00Z,VISION_STOCKOUT,0.85,ratio,False
SN-MUC01-AR00009-2026-06-30-13-V,MUC01,AR00009,2026-06-30T13:00:00Z,VISION_STOCKOUT,0.553,ratio,False
SN-MUC01-AR00009-2026-06-30-17-V,MUC01,AR00009,2026-06-30T17:00:00Z,VISION_STOCKOUT,0.928,ratio,False
SN-MUC01-AR00245-2026-06-30-9-V,MUC01,AR00245,2026-06-30T09:00:00Z,VISION_STOCKOUT,0.459,ratio,False
SN-MUC01-AR00245-2026-06-30-13-V,MUC01,AR00245,2026-06-30T13:00:00Z,VISION_STOCKOUT,0.705,ratio,False
SN-MUC01-AR00245-2026-06-30-17-V,MUC01,AR00245,2026-06-30T17:00:00Z,VISION_STOCKOUT,0.593,ratio,False
SN-MUC01-AR90015-2026-06-30-9-V,MUC01,AR90015,2026-06-30T09:00:00Z,VISION_STOCKOUT,0.735,ratio,False
SN-MUC01-AR90015-2026-06-30-13-V,MUC01,AR90015,2026-06-30T13:00:00Z,VISION_STOCKOUT,0.317,ratio,False
SN-MUC01-AR90015-2026-06-30-17-V,MUC01,AR90015,2026-06-30T17:00:00Z,VISION_STOCKOUT,0.123,ratio,True
SN-MUC01-AR00084-2026-06-30-9-V,MUC01,AR00084,2026-06-30T09:00:00Z,VISION_STOCKOUT,0.167,ratio,False
SN-MUC01-AR00084-2026-06-30-13-V,MUC01,AR00084,2026-06-30T13:00:00Z,VISION_STOCKOUT,0.567,ratio,False
SN-MUC01-AR00084-2026-06-30-17-V,MUC01,AR00084,2026-06-30T17:00:00Z,VISION_STOCKOUT,1.0,ratio,False
SN-MUC01-AR90014-2026-06-30-9-V,MUC01,AR90014,2026-06-30T09:00:00Z,VISION_STOCKOUT,1.0,ratio,False
SN-MUC01-AR90014-2026-06-30-13-V,MUC01,AR90014,2026-06-30T13:00:00Z,VISION_STOCKOUT,0.867,ratio,False
SN-MUC01-AR90014-2026-06-30-17-V,MUC01,AR90014,2026-06-30T17:00:00Z,VISION_STOCKOUT,0.556,ratio,False
SN-MUC01-AR00136-2026-06-30-9-V,MUC01,AR00136,2026-06-30T09:00:00Z,VISION_STOCKOUT,0.523,ratio,False
SN-MUC01-AR00136-2026-06-30-13-V,MUC01,AR00136,2026-06-30T13:00:00Z,VISION_STOCKOUT,0.538,ratio,False
SN-MUC01-AR00136-2026-06-30-17-V,MUC01,AR00136,2026-06-30T17:00:00Z,VISION_STOCKOUT,0.839,ratio,False
SN-MUC01-AR00240-2026-06-30-9-V,MUC01,AR00240,2026-06-30T09:00:00Z,VISION_STOCKOUT,0.589,ratio,False
SN-MUC01-AR00240-2026-06-30-13-V,MUC01,AR00240,2026-06-30T13:00:00Z,VISION_STOCKOUT,0.323,ratio,False
SN-MUC01-AR00240-2026-06-30-17-V,MUC01,AR00240,2026-06-30T17:00:00Z,VISION_STOCKOUT,0.684,ratio,False
SN-MUC01-AR00080-2026-06-30-9-V,MUC01,AR00080,2026-06-30T09:00:00Z,VISION_STOCKOUT,0.606,ratio,False
SN-MUC01-AR00080-2026-06-30-13-V,MUC01,AR00080,2026-06-30T13:00:00Z,VISION_STOCKOUT,0.201,ratio,False
SN-MUC01-AR00080-2026-06-30-17-V,MUC01,AR00080,2026-06-30T17:00:00Z,VISION_STOCKOUT,0.52,ratio,False
SN-MUC01-AR90036-2026-06-30-9-V,MUC01,AR90036,2026-06-30T09:00:00Z,VISION_STOCKOUT,0.592,ratio,False
SN-MUC01-AR90036-2026-06-30-13-V,MUC01,AR90036,2026-06-30T13:00:00Z,VISION_STOCKOUT,1.0,ratio,False
SN-MUC01-AR90036-2026-06-30-17-V,MUC01,AR90036,2026-06-30T17:00:00Z,VISION_STOCKOUT,0.0,ratio,True
SN-MUC01-AR00241-2026-06-30-9-V,MUC01,AR00241,2026-06-30T09:00:00Z,VISION_STOCKOUT,1.0,ratio,False
SN-MUC01-AR00241-2026-06-30-13-V,MUC01,AR00241,2026-06-30T13:00:00Z,VISION_STOCKOUT,0.272,ratio,False
SN-MUC01-AR00241-2026-06-30-17-V,MUC01,AR00241,2026-06-30T17:00:00Z,VISION_STOCKOUT,0.173,ratio,False
SN-MUC01-AR90019-2026-06-30-9-V,MUC01,AR90019,2026-06-30T09:00:00Z,VISION_STOCKOUT,0.632,ratio,False
SN-MUC01-AR90019-2026-06-30-13-V,MUC01,AR90019,2026-06-30T13:00:00Z,VISION_STOCKOUT,0.977,ratio,False
SN-MUC01-AR90019-2026-06-30-17-V,MUC01,AR90019,2026-06-30T17:00:00Z,VISION_STOCKOUT,0.585,ratio,False
SN-MUC01-AR00011-2026-06-30-9-V,MUC01,AR00011,2026-06-30T09:00:00Z,VISION_STOCKOUT,0.555,ratio,False
SN-MUC01-AR00011-2026-06-30-13-V,MUC01,AR00011,2026-06-30T13:00:00Z,VISION_STOCKOUT,0.487,ratio,False
SN-MUC01-AR00011-2026-06-30-17-V,MUC01,AR00011,2026-06-30T17:00:00Z,VISION_STOCKOUT,0.836,ratio,False
SN-MUC01-AR00001-2026-06-30-9-V,MUC01,AR00001,2026-06-30T09:00:00Z,VISION_STOCKOUT,0.679,ratio,False
SN-MUC01-AR00001-2026-06-30-13-V,MUC01,AR00001,2026-06-30T13:00:00Z,VISION_STOCKOUT,0.219,ratio,False
SN-MUC01-AR00001-2026-06-30-17-V,MUC01,AR00001,2026-06-30T17:00:00Z,VISION_STOCKOUT,0.865,ratio,False
SN-MUC01-AR90004-2026-06-30-ESL,MUC01,AR90004,2026-06-30T06:00:00Z,ESL,0.25,EUR,False
SN-MUC01-AR90003-2026-06-30-ESL,MUC01,AR90003,2026-06-30T06:00:00Z,ESL,0.15,EUR,False
SN-MUC01-AR90013-2026-06-30-ESL,MUC01,AR90013,2026-06-30T06:00:00Z,ESL,1.7,EUR,False
SN-MUC01-AR90002-2026-06-30-ESL,MUC01,AR90002,2026-06-30T06:00:00Z,ESL,0.08,EUR,False
SN-MUC01-AR90039-2026-06-30-ESL,MUC01,AR90039,2026-06-30T06:00:00Z,ESL,1.5,EUR,False
SN-MUC01-AR90018-2026-06-30-ESL,MUC01,AR90018,2026-06-30T06:00:00Z,ESL,1.95,EUR,False
SN-MUC01-AR00395-2026-06-30-ESL,MUC01,AR00395,2026-06-30T06:00:00Z,ESL,2.5,EUR,False
SN-MUC01-AR00394-2026-06-30-ESL,MUC01,AR00394,2026-06-30T06:00:00Z,ESL,2.9,EUR,False
SN-MUC01-2026-06-30-T0,MUC01,AR00236,2026-06-30T12:00:00Z,TEMPERATURE,5.99,C,False
SN-MUC01-2026-06-30-T1,MUC01,AR90009,2026-06-30T12:00:00Z,TEMPERATURE,4.73,C,False
SN-MUC01-2026-06-30-T2,MUC01,AR00274,2026-06-30T12:00:00Z,TEMPERATURE,6.1,C,False
SN-MUC01-2026-06-30-T3,MUC01,AR00185,2026-06-30T12:00:00Z,TEMPERATURE,3.55,C,False
SN-MUC01-2026-06-30-T4,MUC01,AR00140,2026-06-30T12:00:00Z,TEMPERATURE,2.89,C,False
SN-MUC01-2026-06-30-T5,MUC01,AR00327,2026-06-30T12:00:00Z,TEMPERATURE,6.46,C,False
SN-MUC01-AR90004-2026-07-01-9-V,MUC01,AR90004,2026-07-01T09:00:00Z,VISION_STOCKOUT,1.0,ratio,False
SN-MUC01-AR90004-2026-07-01-13-V,MUC01,AR90004,2026-07-01T13:00:00Z,VISION_STOCKOUT,0.55,ratio,False
SN-MUC01-AR90004-2026-07-01-17-V,MUC01,AR90004,2026-07-01T17:00:00Z,VISION_STOCKOUT,0.486,ratio,False
SN-MUC01-AR90003-2026-07-01-9-V,MUC01,AR90003,2026-07-01T09:00:00Z,VISION_STOCKOUT,1.0,ratio,False
SN-MUC01-AR90003-2026-07-01-13-V,MUC01,AR90003,2026-07-01T13:00:00Z,VISION_STOCKOUT,0.366,ratio,False
SN-MUC01-AR90003-2026-07-01-17-V,MUC01,AR90003,2026-07-01T17:00:00Z,VISION_STOCKOUT,0.171,ratio,False
SN-MUC01-AR90013-2026-07-01-9-V,MUC01,AR90013,2026-07-01T09:00:00Z,VISION_STOCKOUT,0.617,ratio,False
SN-MUC01-AR90013-2026-07-01-13-V,MUC01,AR90013,2026-07-01T13:00:00Z,VISION_STOCKOUT,0.359,ratio,False
SN-MUC01-AR90013-2026-07-01-17-V,MUC01,AR90013,2026-07-01T17:00:00Z,VISION_STOCKOUT,0.673,ratio,False
SN-MUC01-AR90002-2026-07-01-9-V,MUC01,AR90002,2026-07-01T09:00:00Z,VISION_STOCKOUT,0.05,ratio,True
SN-MUC01-AR90002-2026-07-01-13-V,MUC01,AR90002,2026-07-01T13:00:00Z,VISION_STOCKOUT,1.0,ratio,False
SN-MUC01-AR90002-2026-07-01-17-V,MUC01,AR90002,2026-07-01T17:00:00Z,VISION_STOCKOUT,0.819,ratio,False
SN-MUC01-AR90039-2026-07-01-9-V,MUC01,AR90039,2026-07-01T09:00:00Z,VISION_STOCKOUT,0.854,ratio,False
SN-MUC01-AR90039-2026-07-01-13-V,MUC01,AR90039,2026-07-01T13:00:00Z,VISION_STOCKOUT,0.299,ratio,False
SN-MUC01-AR90039-2026-07-01-17-V,MUC01,AR90039,2026-07-01T17:00:00Z,VISION_STOCKOUT,0.389,ratio,False
SN-MUC01-AR90018-2026-07-01-9-V,MUC01,AR90018,2026-07-01T09:00:00Z,VISION_STOCKOUT,0.037,ratio,True
SN-MUC01-AR90018-2026-07-01-13-V,MUC01,AR90018,2026-07-01T13:00:00Z,VISION_STOCKOUT,0.956,ratio,False
SN-MUC01-AR90018-2026-07-01-17-V,MUC01,AR90018,2026-07-01T17:00:00Z,VISION_STOCKOUT,0.807,ratio,False
SN-MUC01-AR00395-2026-07-01-9-V,MUC01,AR00395,2026-07-01T09:00:00Z,VISION_STOCKOUT,0.249,ratio,False
SN-MUC01-AR00395-2026-07-01-13-V,MUC01,AR00395,2026-07-01T13:00:00Z,VISION_STOCKOUT,0.547,ratio,False
SN-MUC01-AR00395-2026-07-01-17-V,MUC01,AR00395,2026-07-01T17:00:00Z,VISION_STOCKOUT,0.549,ratio,False
SN-MUC01-AR00394-2026-07-01-9-V,MUC01,AR00394,2026-07-01T09:00:00Z,VISION_STOCKOUT,0.619,ratio,False
SN-MUC01-AR00394-2026-07-01-13-V,MUC01,AR00394,2026-07-01T13:00:00Z,VISION_STOCKOUT,0.431,ratio,False
SN-MUC01-AR00394-2026-07-01-17-V,MUC01,AR00394,2026-07-01T17:00:00Z,VISION_STOCKOUT,0.662,ratio,False
SN-MUC01-AR00010-2026-07-01-9-V,MUC01,AR00010,2026-07-01T09:00:00Z,VISION_STOCKOUT,0.857,ratio,False
SN-MUC01-AR00010-2026-07-01-13-V,MUC01,AR00010,2026-07-01T13:00:00Z,VISION_STOCKOUT,0.097,ratio,True
SN-MUC01-AR00010-2026-07-01-17-V,MUC01,AR00010,2026-07-01T17:00:00Z,VISION_STOCKOUT,1.0,ratio,False
SN-MUC01-AR90034-2026-07-01-9-V,MUC01,AR90034,2026-07-01T09:00:00Z,VISION_STOCKOUT,0.747,ratio,False
SN-MUC01-AR90034-2026-07-01-13-V,MUC01,AR90034,2026-07-01T13:00:00Z,VISION_STOCKOUT,0.267,ratio,False
SN-MUC01-AR90034-2026-07-01-17-V,MUC01,AR90034,2026-07-01T17:00:00Z,VISION_STOCKOUT,0.653,ratio,False
SN-MUC01-AR90012-2026-07-01-9-V,MUC01,AR90012,2026-07-01T09:00:00Z,VISION_STOCKOUT,0.125,ratio,True
SN-MUC01-AR90012-2026-07-01-13-V,MUC01,AR90012,2026-07-01T13:00:00Z,VISION_STOCKOUT,0.627,ratio,False
SN-MUC01-AR90012-2026-07-01-17-V,MUC01,AR90012,2026-07-01T17:00:00Z,VISION_STOCKOUT,0.297,ratio,False
SN-MUC01-AR00188-2026-07-01-9-V,MUC01,AR00188,2026-07-01T09:00:00Z,VISION_STOCKOUT,0.655,ratio,False
SN-MUC01-AR00188-2026-07-01-13-V,MUC01,AR00188,2026-07-01T13:00:00Z,VISION_STOCKOUT,0.502,ratio,False
SN-MUC01-AR00188-2026-07-01-17-V,MUC01,AR00188,2026-07-01T17:00:00Z,VISION_STOCKOUT,0.63,ratio,False
SN-MUC01-AR00009-2026-07-01-9-V,MUC01,AR00009,2026-07-01T09:00:00Z,VISION_STOCKOUT,0.867,ratio,False
SN-MUC01-AR00009-2026-07-01-13-V,MUC01,AR00009,2026-07-01T13:00:00Z,VISION_STOCKOUT,0.465,ratio,False
SN-MUC01-AR00009-2026-07-01-17-V,MUC01,AR00009,2026-07-01T17:00:00Z,VISION_STOCKOUT,0.709,ratio,False
SN-MUC01-AR00245-2026-07-01-9-V,MUC01,AR00245,2026-07-01T09:00:00Z,VISION_STOCKOUT,0.462,ratio,False
SN-MUC01-AR00245-2026-07-01-13-V,MUC01,AR00245,2026-07-01T13:00:00Z,VISION_STOCKOUT,0.366,ratio,False
SN-MUC01-AR00245-2026-07-01-17-V,MUC01,AR00245,2026-07-01T17:00:00Z,VISION_STOCKOUT,0.851,ratio,False
SN-MUC01-AR90015-2026-07-01-9-V,MUC01,AR90015,2026-07-01T09:00:00Z,VISION_STOCKOUT,1.0,ratio,False
SN-MUC01-AR90015-2026-07-01-13-V,MUC01,AR90015,2026-07-01T13:00:00Z,VISION_STOCKOUT,0.847,ratio,False
SN-MUC01-AR90015-2026-07-01-17-V,MUC01,AR90015,2026-07-01T17:00:00Z,VISION_STOCKOUT,0.506,ratio,False
SN-MUC01-AR00084-2026-07-01-9-V,MUC01,AR00084,2026-07-01T09:00:00Z,VISION_STOCKOUT,0.744,ratio,False
SN-MUC01-AR00084-2026-07-01-13-V,MUC01,AR00084,2026-07-01T13:00:00Z,VISION_STOCKOUT,0.434,ratio,False
SN-MUC01-AR00084-2026-07-01-17-V,MUC01,AR00084,2026-07-01T17:00:00Z,VISION_STOCKOUT,1.0,ratio,False
SN-MUC01-AR90014-2026-07-01-9-V,MUC01,AR90014,2026-07-01T09:00:00Z,VISION_STOCKOUT,0.622,ratio,False
SN-MUC01-AR90014-2026-07-01-13-V,MUC01,AR90014,2026-07-01T13:00:00Z,VISION_STOCKOUT,0.512,ratio,False
SN-MUC01-AR90014-2026-07-01-17-V,MUC01,AR90014,2026-07-01T17:00:00Z,VISION_STOCKOUT,0.825,ratio,False
SN-MUC01-AR00136-2026-07-01-9-V,MUC01,AR00136,2026-07-01T09:00:00Z,VISION_STOCKOUT,0.336,ratio,False
SN-MUC01-AR00136-2026-07-01-13-V,MUC01,AR00136,2026-07-01T13:00:00Z,VISION_STOCKOUT,0.296,ratio,False
SN-MUC01-AR00136-2026-07-01-17-V,MUC01,AR00136,2026-07-01T17:00:00Z,VISION_STOCKOUT,0.819,ratio,False
SN-MUC01-AR00240-2026-07-01-9-V,MUC01,AR00240,2026-07-01T09:00:00Z,VISION_STOCKOUT,0.66,ratio,False
SN-MUC01-AR00240-2026-07-01-13-V,MUC01,AR00240,2026-07-01T13:00:00Z,VISION_STOCKOUT,0.551,ratio,False
SN-MUC01-AR00240-2026-07-01-17-V,MUC01,AR00240,2026-07-01T17:00:00Z,VISION_STOCKOUT,0.439,ratio,False
SN-MUC01-AR00080-2026-07-01-9-V,MUC01,AR00080,2026-07-01T09:00:00Z,VISION_STOCKOUT,0.411,ratio,False
SN-MUC01-AR00080-2026-07-01-13-V,MUC01,AR00080,2026-07-01T13:00:00Z,VISION_STOCKOUT,0.906,ratio,False
SN-MUC01-AR00080-2026-07-01-17-V,MUC01,AR00080,2026-07-01T17:00:00Z,VISION_STOCKOUT,0.778,ratio,False
SN-MUC01-AR90036-2026-07-01-9-V,MUC01,AR90036,2026-07-01T09:00:00Z,VISION_STOCKOUT,0.17,ratio,False
SN-MUC01-AR90036-2026-07-01-13-V,MUC01,AR90036,2026-07-01T13:00:00Z,VISION_STOCKOUT,0.646,ratio,False
SN-MUC01-AR90036-2026-07-01-17-V,MUC01,AR90036,2026-07-01T17:00:00Z,VISION_STOCKOUT,0.855,ratio,False
SN-MUC01-AR00241-2026-07-01-9-V,MUC01,AR00241,2026-07-01T09:00:00Z,VISION_STOCKOUT,0.476,ratio,False
SN-MUC01-AR00241-2026-07-01-13-V,MUC01,AR00241,2026-07-01T13:00:00Z,VISION_STOCKOUT,0.684,ratio,False
SN-MUC01-AR00241-2026-07-01-17-V,MUC01,AR00241,2026-07-01T17:00:00Z,VISION_STOCKOUT,1.0,ratio,False
SN-MUC01-AR90019-2026-07-01-9-V,MUC01,AR90019,2026-07-01T09:00:00Z,VISION_STOCKOUT,0.526,ratio,False
SN-MUC01-AR90019-2026-07-01-13-V,MUC01,AR90019,2026-07-01T13:00:00Z,VISION_STOCKOUT,0.276,ratio,False
SN-MUC01-AR90019-2026-07-01-17-V,MUC01,AR90019,2026-07-01T17:00:00Z,VISION_STOCKOUT,0.792,ratio,False
SN-MUC01-AR00011-2026-07-01-9-V,MUC01,AR00011,2026-07-01T09:00:00Z,VISION_STOCKOUT,0.388,ratio,False
SN-MUC01-AR00011-2026-07-01-13-V,MUC01,AR00011,2026-07-01T13:00:00Z,VISION_STOCKOUT,0.245,ratio,False
SN-MUC01-AR00011-2026-07-01-17-V,MUC01,AR00011,2026-07-01T17:00:00Z,VISION_STOCKOUT,0.744,ratio,False
SN-MUC01-AR00001-2026-07-01-9-V,MUC01,AR00001,2026-07-01T09:00:00Z,VISION_STOCKOUT,0.546,ratio,False
SN-MUC01-AR00001-2026-07-01-13-V,MUC01,AR00001,2026-07-01T13:00:00Z,VISION_STOCKOUT,0.986,ratio,False
SN-MUC01-AR00001-2026-07-01-17-V,MUC01,AR00001,2026-07-01T17:00:00Z,VISION_STOCKOUT,0.391,ratio,False
SN-MUC01-AR90004-2026-07-01-ESL,MUC01,AR90004,2026-07-01T06:00:00Z,ESL,0.25,EUR,False
SN-MUC01-AR90003-2026-07-01-ESL,MUC01,AR90003,2026-07-01T06:00:00Z,ESL,0.15,EUR,False
SN-MUC01-AR90013-2026-07-01-ESL,MUC01,AR90013,2026-07-01T06:00:00Z,ESL,1.7,EUR,False
SN-MUC01-AR90002-2026-07-01-ESL,MUC01,AR90002,2026-07-01T06:00:00Z,ESL,0.08,EUR,False
SN-MUC01-AR90039-2026-07-01-ESL,MUC01,AR90039,2026-07-01T06:00:00Z,ESL,1.5,EUR,False
SN-MUC01-AR90018-2026-07-01-ESL,MUC01,AR90018,2026-07-01T06:00:00Z,ESL,1.95,EUR,False
SN-MUC01-AR00395-2026-07-01-ESL,MUC01,AR00395,2026-07-01T06:00:00Z,ESL,2.5,EUR,False
SN-MUC01-AR00394-2026-07-01-ESL,MUC01,AR00394,2026-07-01T06:00:00Z,ESL,2.9,EUR,False
SN-MUC01-2026-07-01-T0,MUC01,AR00058,2026-07-01T12:00:00Z,TEMPERATURE,-18.84,C,False
SN-MUC01-2026-07-01-T1,MUC01,AR00448,2026-07-01T12:00:00Z,TEMPERATURE,3.18,C,False
SN-MUC01-2026-07-01-T2,MUC01,AR00142,2026-07-01T12:00:00Z,TEMPERATURE,3.69,C,False
SN-MUC01-2026-07-01-T3,MUC01,AR00333,2026-07-01T12:00:00Z,TEMPERATURE,5.26,C,False
SN-MUC01-2026-07-01-T4,MUC01,AR00084,2026-07-01T12:00:00Z,TEMPERATURE,-19.76,C,False
SN-MUC01-2026-07-01-T5,MUC01,AR00119,2026-07-01T12:00:00Z,TEMPERATURE,4.18,C,False
SN-MUC01-AR90004-2026-07-02-9-V,MUC01,AR90004,2026-07-02T09:00:00Z,VISION_STOCKOUT,0.691,ratio,False
SN-MUC01-AR90004-2026-07-02-13-V,MUC01,AR90004,2026-07-02T13:00:00Z,VISION_STOCKOUT,0.432,ratio,False
SN-MUC01-AR90004-2026-07-02-17-V,MUC01,AR90004,2026-07-02T17:00:00Z,VISION_STOCKOUT,0.531,ratio,False
SN-MUC01-AR90003-2026-07-02-9-V,MUC01,AR90003,2026-07-02T09:00:00Z,VISION_STOCKOUT,0.6,ratio,False
SN-MUC01-AR90003-2026-07-02-13-V,MUC01,AR90003,2026-07-02T13:00:00Z,VISION_STOCKOUT,0.73,ratio,False
SN-MUC01-AR90003-2026-07-02-17-V,MUC01,AR90003,2026-07-02T17:00:00Z,VISION_STOCKOUT,0.047,ratio,True
SN-MUC01-AR90013-2026-07-02-9-V,MUC01,AR90013,2026-07-02T09:00:00Z,VISION_STOCKOUT,0.646,ratio,False
SN-MUC01-AR90013-2026-07-02-13-V,MUC01,AR90013,2026-07-02T13:00:00Z,VISION_STOCKOUT,0.175,ratio,False
SN-MUC01-AR90013-2026-07-02-17-V,MUC01,AR90013,2026-07-02T17:00:00Z,VISION_STOCKOUT,0.271,ratio,False
SN-MUC01-AR90002-2026-07-02-9-V,MUC01,AR90002,2026-07-02T09:00:00Z,VISION_STOCKOUT,0.813,ratio,False
SN-MUC01-AR90002-2026-07-02-13-V,MUC01,AR90002,2026-07-02T13:00:00Z,VISION_STOCKOUT,0.876,ratio,False
SN-MUC01-AR90002-2026-07-02-17-V,MUC01,AR90002,2026-07-02T17:00:00Z,VISION_STOCKOUT,0.758,ratio,False
SN-MUC01-AR90039-2026-07-02-9-V,MUC01,AR90039,2026-07-02T09:00:00Z,VISION_STOCKOUT,0.692,ratio,False
SN-MUC01-AR90039-2026-07-02-13-V,MUC01,AR90039,2026-07-02T13:00:00Z,VISION_STOCKOUT,0.52,ratio,False
SN-MUC01-AR90039-2026-07-02-17-V,MUC01,AR90039,2026-07-02T17:00:00Z,VISION_STOCKOUT,0.896,ratio,False
SN-MUC01-AR90018-2026-07-02-9-V,MUC01,AR90018,2026-07-02T09:00:00Z,VISION_STOCKOUT,0.737,ratio,False
SN-MUC01-AR90018-2026-07-02-13-V,MUC01,AR90018,2026-07-02T13:00:00Z,VISION_STOCKOUT,0.252,ratio,False
SN-MUC01-AR90018-2026-07-02-17-V,MUC01,AR90018,2026-07-02T17:00:00Z,VISION_STOCKOUT,0.614,ratio,False
SN-MUC01-AR00395-2026-07-02-9-V,MUC01,AR00395,2026-07-02T09:00:00Z,VISION_STOCKOUT,0.706,ratio,False
SN-MUC01-AR00395-2026-07-02-13-V,MUC01,AR00395,2026-07-02T13:00:00Z,VISION_STOCKOUT,0.973,ratio,False
SN-MUC01-AR00395-2026-07-02-17-V,MUC01,AR00395,2026-07-02T17:00:00Z,VISION_STOCKOUT,0.769,ratio,False
SN-MUC01-AR00394-2026-07-02-9-V,MUC01,AR00394,2026-07-02T09:00:00Z,VISION_STOCKOUT,0.662,ratio,False
SN-MUC01-AR00394-2026-07-02-13-V,MUC01,AR00394,2026-07-02T13:00:00Z,VISION_STOCKOUT,0.807,ratio,False
SN-MUC01-AR00394-2026-07-02-17-V,MUC01,AR00394,2026-07-02T17:00:00Z,VISION_STOCKOUT,0.625,ratio,False
SN-MUC01-AR00010-2026-07-02-9-V,MUC01,AR00010,2026-07-02T09:00:00Z,VISION_STOCKOUT,0.618,ratio,False
SN-MUC01-AR00010-2026-07-02-13-V,MUC01,AR00010,2026-07-02T13:00:00Z,VISION_STOCKOUT,0.537,ratio,False
SN-MUC01-AR00010-2026-07-02-17-V,MUC01,AR00010,2026-07-02T17:00:00Z,VISION_STOCKOUT,0.709,ratio,False
SN-MUC01-AR90034-2026-07-02-9-V,MUC01,AR90034,2026-07-02T09:00:00Z,VISION_STOCKOUT,0.698,ratio,False
SN-MUC01-AR90034-2026-07-02-13-V,MUC01,AR90034,2026-07-02T13:00:00Z,VISION_STOCKOUT,0.578,ratio,False
SN-MUC01-AR90034-2026-07-02-17-V,MUC01,AR90034,2026-07-02T17:00:00Z,VISION_STOCKOUT,0.823,ratio,False
SN-MUC01-AR90012-2026-07-02-9-V,MUC01,AR90012,2026-07-02T09:00:00Z,VISION_STOCKOUT,0.671,ratio,False
SN-MUC01-AR90012-2026-07-02-13-V,MUC01,AR90012,2026-07-02T13:00:00Z,VISION_STOCKOUT,0.315,ratio,False
SN-MUC01-AR90012-2026-07-02-17-V,MUC01,AR90012,2026-07-02T17:00:00Z,VISION_STOCKOUT,0.776,ratio,False
SN-MUC01-AR00188-2026-07-02-9-V,MUC01,AR00188,2026-07-02T09:00:00Z,VISION_STOCKOUT,0.636,ratio,False
SN-MUC01-AR00188-2026-07-02-13-V,MUC01,AR00188,2026-07-02T13:00:00Z,VISION_STOCKOUT,0.684,ratio,False
SN-MUC01-AR00188-2026-07-02-17-V,MUC01,AR00188,2026-07-02T17:00:00Z,VISION_STOCKOUT,1.0,ratio,False
SN-MUC01-AR00009-2026-07-02-9-V,MUC01,AR00009,2026-07-02T09:00:00Z,VISION_STOCKOUT,0.671,ratio,False
SN-MUC01-AR00009-2026-07-02-13-V,MUC01,AR00009,2026-07-02T13:00:00Z,VISION_STOCKOUT,0.796,ratio,False
SN-MUC01-AR00009-2026-07-02-17-V,MUC01,AR00009,2026-07-02T17:00:00Z,VISION_STOCKOUT,0.812,ratio,False
SN-MUC01-AR00245-2026-07-02-9-V,MUC01,AR00245,2026-07-02T09:00:00Z,VISION_STOCKOUT,0.844,ratio,False
SN-MUC01-AR00245-2026-07-02-13-V,MUC01,AR00245,2026-07-02T13:00:00Z,VISION_STOCKOUT,1.0,ratio,False
SN-MUC01-AR00245-2026-07-02-17-V,MUC01,AR00245,2026-07-02T17:00:00Z,VISION_STOCKOUT,0.715,ratio,False
SN-MUC01-AR90015-2026-07-02-9-V,MUC01,AR90015,2026-07-02T09:00:00Z,VISION_STOCKOUT,0.388,ratio,False
SN-MUC01-AR90015-2026-07-02-13-V,MUC01,AR90015,2026-07-02T13:00:00Z,VISION_STOCKOUT,0.51,ratio,False
SN-MUC01-AR90015-2026-07-02-17-V,MUC01,AR90015,2026-07-02T17:00:00Z,VISION_STOCKOUT,0.636,ratio,False
SN-MUC01-AR00084-2026-07-02-9-V,MUC01,AR00084,2026-07-02T09:00:00Z,VISION_STOCKOUT,0.38,ratio,False
SN-MUC01-AR00084-2026-07-02-13-V,MUC01,AR00084,2026-07-02T13:00:00Z,VISION_STOCKOUT,0.313,ratio,False
SN-MUC01-AR00084-2026-07-02-17-V,MUC01,AR00084,2026-07-02T17:00:00Z,VISION_STOCKOUT,0.209,ratio,False
SN-MUC01-AR90014-2026-07-02-9-V,MUC01,AR90014,2026-07-02T09:00:00Z,VISION_STOCKOUT,0.343,ratio,False
SN-MUC01-AR90014-2026-07-02-13-V,MUC01,AR90014,2026-07-02T13:00:00Z,VISION_STOCKOUT,0.624,ratio,False
SN-MUC01-AR90014-2026-07-02-17-V,MUC01,AR90014,2026-07-02T17:00:00Z,VISION_STOCKOUT,0.913,ratio,False
SN-MUC01-AR00136-2026-07-02-9-V,MUC01,AR00136,2026-07-02T09:00:00Z,VISION_STOCKOUT,0.614,ratio,False
SN-MUC01-AR00136-2026-07-02-13-V,MUC01,AR00136,2026-07-02T13:00:00Z,VISION_STOCKOUT,0.903,ratio,False
SN-MUC01-AR00136-2026-07-02-17-V,MUC01,AR00136,2026-07-02T17:00:00Z,VISION_STOCKOUT,0.179,ratio,False
SN-MUC01-AR00240-2026-07-02-9-V,MUC01,AR00240,2026-07-02T09:00:00Z,VISION_STOCKOUT,0.623,ratio,False
SN-MUC01-AR00240-2026-07-02-13-V,MUC01,AR00240,2026-07-02T13:00:00Z,VISION_STOCKOUT,0.836,ratio,False
SN-MUC01-AR00240-2026-07-02-17-V,MUC01,AR00240,2026-07-02T17:00:00Z,VISION_STOCKOUT,0.572,ratio,False
SN-MUC01-AR00080-2026-07-02-9-V,MUC01,AR00080,2026-07-02T09:00:00Z,VISION_STOCKOUT,0.169,ratio,False
SN-MUC01-AR00080-2026-07-02-13-V,MUC01,AR00080,2026-07-02T13:00:00Z,VISION_STOCKOUT,0.16,ratio,False
SN-MUC01-AR00080-2026-07-02-17-V,MUC01,AR00080,2026-07-02T17:00:00Z,VISION_STOCKOUT,0.42,ratio,False
SN-MUC01-AR90036-2026-07-02-9-V,MUC01,AR90036,2026-07-02T09:00:00Z,VISION_STOCKOUT,0.736,ratio,False
SN-MUC01-AR90036-2026-07-02-13-V,MUC01,AR90036,2026-07-02T13:00:00Z,VISION_STOCKOUT,0.186,ratio,False
SN-MUC01-AR90036-2026-07-02-17-V,MUC01,AR90036,2026-07-02T17:00:00Z,VISION_STOCKOUT,0.835,ratio,False
SN-MUC01-AR00241-2026-07-02-9-V,MUC01,AR00241,2026-07-02T09:00:00Z,VISION_STOCKOUT,0.51,ratio,False
SN-MUC01-AR00241-2026-07-02-13-V,MUC01,AR00241,2026-07-02T13:00:00Z,VISION_STOCKOUT,0.767,ratio,False
SN-MUC01-AR00241-2026-07-02-17-V,MUC01,AR00241,2026-07-02T17:00:00Z,VISION_STOCKOUT,0.521,ratio,False
SN-MUC01-AR90019-2026-07-02-9-V,MUC01,AR90019,2026-07-02T09:00:00Z,VISION_STOCKOUT,0.269,ratio,False
SN-MUC01-AR90019-2026-07-02-13-V,MUC01,AR90019,2026-07-02T13:00:00Z,VISION_STOCKOUT,0.408,ratio,False
SN-MUC01-AR90019-2026-07-02-17-V,MUC01,AR90019,2026-07-02T17:00:00Z,VISION_STOCKOUT,0.176,ratio,False
SN-MUC01-AR00011-2026-07-02-9-V,MUC01,AR00011,2026-07-02T09:00:00Z,VISION_STOCKOUT,0.449,ratio,False
SN-MUC01-AR00011-2026-07-02-13-V,MUC01,AR00011,2026-07-02T13:00:00Z,VISION_STOCKOUT,0.665,ratio,False
SN-MUC01-AR00011-2026-07-02-17-V,MUC01,AR00011,2026-07-02T17:00:00Z,VISION_STOCKOUT,0.914,ratio,False
SN-MUC01-AR00001-2026-07-02-9-V,MUC01,AR00001,2026-07-02T09:00:00Z,VISION_STOCKOUT,0.0,ratio,True
SN-MUC01-AR00001-2026-07-02-13-V,MUC01,AR00001,2026-07-02T13:00:00Z,VISION_STOCKOUT,0.945,ratio,False
SN-MUC01-AR00001-2026-07-02-17-V,MUC01,AR00001,2026-07-02T17:00:00Z,VISION_STOCKOUT,0.701,ratio,False
SN-MUC01-AR90004-2026-07-02-ESL,MUC01,AR90004,2026-07-02T06:00:00Z,ESL,0.25,EUR,False
SN-MUC01-AR90003-2026-07-02-ESL,MUC01,AR90003,2026-07-02T06:00:00Z,ESL,0.15,EUR,False
SN-MUC01-AR90013-2026-07-02-ESL,MUC01,AR90013,2026-07-02T06:00:00Z,ESL,1.7,EUR,False
SN-MUC01-AR90002-2026-07-02-ESL,MUC01,AR90002,2026-07-02T06:00:00Z,ESL,0.08,EUR,False
SN-MUC01-AR90039-2026-07-02-ESL,MUC01,AR90039,2026-07-02T06:00:00Z,ESL,1.5,EUR,False
SN-MUC01-AR90018-2026-07-02-ESL,MUC01,AR90018,2026-07-02T06:00:00Z,ESL,1.95,EUR,False
SN-MUC01-AR00395-2026-07-02-ESL,MUC01,AR00395,2026-07-02T06:00:00Z,ESL,2.5,EUR,False
SN-MUC01-AR00394-2026-07-02-ESL,MUC01,AR00394,2026-07-02T06:00:00Z,ESL,2.9,EUR,False
SN-MUC01-2026-07-02-T0,MUC01,AR00140,2026-07-02T12:00:00Z,TEMPERATURE,4.59,C,False
SN-MUC01-2026-07-02-T1,MUC01,AR90020,2026-07-02T12:00:00Z,TEMPERATURE,3.03,C,False
SN-MUC01-2026-07-02-T2,MUC01,AR00158,2026-07-02T12:00:00Z,TEMPERATURE,5.24,C,False
SN-MUC01-2026-07-02-T3,MUC01,AR00018,2026-07-02T12:00:00Z,TEMPERATURE,2.49,C,False
SN-MUC01-2026-07-02-T4,MUC01,AR00104,2026-07-02T12:00:00Z,TEMPERATURE,5.83,C,False
SN-MUC01-2026-07-02-T5,MUC01,AR90010,2026-07-02T12:00:00Z,TEMPERATURE,7.97,C,False
SN-MUC01-AR90004-2026-07-03-9-V,MUC01,AR90004,2026-07-03T09:00:00Z,VISION_STOCKOUT,0.492,ratio,False
SN-MUC01-AR90004-2026-07-03-13-V,MUC01,AR90004,2026-07-03T13:00:00Z,VISION_STOCKOUT,0.705,ratio,False
SN-MUC01-AR90004-2026-07-03-17-V,MUC01,AR90004,2026-07-03T17:00:00Z,VISION_STOCKOUT,0.612,ratio,False
SN-MUC01-AR90003-2026-07-03-9-V,MUC01,AR90003,2026-07-03T09:00:00Z,VISION_STOCKOUT,0.787,ratio,False
SN-MUC01-AR90003-2026-07-03-13-V,MUC01,AR90003,2026-07-03T13:00:00Z,VISION_STOCKOUT,0.812,ratio,False
SN-MUC01-AR90003-2026-07-03-17-V,MUC01,AR90003,2026-07-03T17:00:00Z,VISION_STOCKOUT,0.34,ratio,False
SN-MUC01-AR90013-2026-07-03-9-V,MUC01,AR90013,2026-07-03T09:00:00Z,VISION_STOCKOUT,0.6,ratio,False
SN-MUC01-AR90013-2026-07-03-13-V,MUC01,AR90013,2026-07-03T13:00:00Z,VISION_STOCKOUT,1.0,ratio,False
SN-MUC01-AR90013-2026-07-03-17-V,MUC01,AR90013,2026-07-03T17:00:00Z,VISION_STOCKOUT,0.628,ratio,False
SN-MUC01-AR90002-2026-07-03-9-V,MUC01,AR90002,2026-07-03T09:00:00Z,VISION_STOCKOUT,0.414,ratio,False
SN-MUC01-AR90002-2026-07-03-13-V,MUC01,AR90002,2026-07-03T13:00:00Z,VISION_STOCKOUT,0.612,ratio,False
SN-MUC01-AR90002-2026-07-03-17-V,MUC01,AR90002,2026-07-03T17:00:00Z,VISION_STOCKOUT,0.74,ratio,False
SN-MUC01-AR90039-2026-07-03-9-V,MUC01,AR90039,2026-07-03T09:00:00Z,VISION_STOCKOUT,0.871,ratio,False
SN-MUC01-AR90039-2026-07-03-13-V,MUC01,AR90039,2026-07-03T13:00:00Z,VISION_STOCKOUT,0.733,ratio,False
SN-MUC01-AR90039-2026-07-03-17-V,MUC01,AR90039,2026-07-03T17:00:00Z,VISION_STOCKOUT,1.0,ratio,False
SN-MUC01-AR90018-2026-07-03-9-V,MUC01,AR90018,2026-07-03T09:00:00Z,VISION_STOCKOUT,0.514,ratio,False
SN-MUC01-AR90018-2026-07-03-13-V,MUC01,AR90018,2026-07-03T13:00:00Z,VISION_STOCKOUT,0.521,ratio,False
SN-MUC01-AR90018-2026-07-03-17-V,MUC01,AR90018,2026-07-03T17:00:00Z,VISION_STOCKOUT,0.596,ratio,False
SN-MUC01-AR00395-2026-07-03-9-V,MUC01,AR00395,2026-07-03T09:00:00Z,VISION_STOCKOUT,0.566,ratio,False
SN-MUC01-AR00395-2026-07-03-13-V,MUC01,AR00395,2026-07-03T13:00:00Z,VISION_STOCKOUT,0.964,ratio,False
SN-MUC01-AR00395-2026-07-03-17-V,MUC01,AR00395,2026-07-03T17:00:00Z,VISION_STOCKOUT,0.883,ratio,False
SN-MUC01-AR00394-2026-07-03-9-V,MUC01,AR00394,2026-07-03T09:00:00Z,VISION_STOCKOUT,0.605,ratio,False
SN-MUC01-AR00394-2026-07-03-13-V,MUC01,AR00394,2026-07-03T13:00:00Z,VISION_STOCKOUT,0.308,ratio,False
SN-MUC01-AR00394-2026-07-03-17-V,MUC01,AR00394,2026-07-03T17:00:00Z,VISION_STOCKOUT,0.827,ratio,False
SN-MUC01-AR00010-2026-07-03-9-V,MUC01,AR00010,2026-07-03T09:00:00Z,VISION_STOCKOUT,0.286,ratio,False
SN-MUC01-AR00010-2026-07-03-13-V,MUC01,AR00010,2026-07-03T13:00:00Z,VISION_STOCKOUT,1.0,ratio,False
SN-MUC01-AR00010-2026-07-03-17-V,MUC01,AR00010,2026-07-03T17:00:00Z,VISION_STOCKOUT,0.714,ratio,False
SN-MUC01-AR90034-2026-07-03-9-V,MUC01,AR90034,2026-07-03T09:00:00Z,VISION_STOCKOUT,0.144,ratio,True
SN-MUC01-AR90034-2026-07-03-13-V,MUC01,AR90034,2026-07-03T13:00:00Z,VISION_STOCKOUT,0.697,ratio,False
SN-MUC01-AR90034-2026-07-03-17-V,MUC01,AR90034,2026-07-03T17:00:00Z,VISION_STOCKOUT,0.654,ratio,False
SN-MUC01-AR90012-2026-07-03-9-V,MUC01,AR90012,2026-07-03T09:00:00Z,VISION_STOCKOUT,0.335,ratio,False
SN-MUC01-AR90012-2026-07-03-13-V,MUC01,AR90012,2026-07-03T13:00:00Z,VISION_STOCKOUT,0.647,ratio,False
SN-MUC01-AR90012-2026-07-03-17-V,MUC01,AR90012,2026-07-03T17:00:00Z,VISION_STOCKOUT,0.68,ratio,False
SN-MUC01-AR00188-2026-07-03-9-V,MUC01,AR00188,2026-07-03T09:00:00Z,VISION_STOCKOUT,0.797,ratio,False
SN-MUC01-AR00188-2026-07-03-13-V,MUC01,AR00188,2026-07-03T13:00:00Z,VISION_STOCKOUT,0.583,ratio,False
SN-MUC01-AR00188-2026-07-03-17-V,MUC01,AR00188,2026-07-03T17:00:00Z,VISION_STOCKOUT,0.866,ratio,False
SN-MUC01-AR00009-2026-07-03-9-V,MUC01,AR00009,2026-07-03T09:00:00Z,VISION_STOCKOUT,1.0,ratio,False
SN-MUC01-AR00009-2026-07-03-13-V,MUC01,AR00009,2026-07-03T13:00:00Z,VISION_STOCKOUT,0.713,ratio,False
SN-MUC01-AR00009-2026-07-03-17-V,MUC01,AR00009,2026-07-03T17:00:00Z,VISION_STOCKOUT,0.765,ratio,False
SN-MUC01-AR00245-2026-07-03-9-V,MUC01,AR00245,2026-07-03T09:00:00Z,VISION_STOCKOUT,0.383,ratio,False
SN-MUC01-AR00245-2026-07-03-13-V,MUC01,AR00245,2026-07-03T13:00:00Z,VISION_STOCKOUT,0.263,ratio,False
SN-MUC01-AR00245-2026-07-03-17-V,MUC01,AR00245,2026-07-03T17:00:00Z,VISION_STOCKOUT,0.525,ratio,False
SN-MUC01-AR90015-2026-07-03-9-V,MUC01,AR90015,2026-07-03T09:00:00Z,VISION_STOCKOUT,0.157,ratio,False
SN-MUC01-AR90015-2026-07-03-13-V,MUC01,AR90015,2026-07-03T13:00:00Z,VISION_STOCKOUT,1.0,ratio,False
SN-MUC01-AR90015-2026-07-03-17-V,MUC01,AR90015,2026-07-03T17:00:00Z,VISION_STOCKOUT,0.637,ratio,False
SN-MUC01-AR00084-2026-07-03-9-V,MUC01,AR00084,2026-07-03T09:00:00Z,VISION_STOCKOUT,0.274,ratio,False
SN-MUC01-AR00084-2026-07-03-13-V,MUC01,AR00084,2026-07-03T13:00:00Z,VISION_STOCKOUT,0.12,ratio,True
SN-MUC01-AR00084-2026-07-03-17-V,MUC01,AR00084,2026-07-03T17:00:00Z,VISION_STOCKOUT,0.773,ratio,False
SN-MUC01-AR90014-2026-07-03-9-V,MUC01,AR90014,2026-07-03T09:00:00Z,VISION_STOCKOUT,0.68,ratio,False
SN-MUC01-AR90014-2026-07-03-13-V,MUC01,AR90014,2026-07-03T13:00:00Z,VISION_STOCKOUT,0.679,ratio,False
SN-MUC01-AR90014-2026-07-03-17-V,MUC01,AR90014,2026-07-03T17:00:00Z,VISION_STOCKOUT,0.915,ratio,False
SN-MUC01-AR00136-2026-07-03-9-V,MUC01,AR00136,2026-07-03T09:00:00Z,VISION_STOCKOUT,1.0,ratio,False
SN-MUC01-AR00136-2026-07-03-13-V,MUC01,AR00136,2026-07-03T13:00:00Z,VISION_STOCKOUT,0.249,ratio,False
SN-MUC01-AR00136-2026-07-03-17-V,MUC01,AR00136,2026-07-03T17:00:00Z,VISION_STOCKOUT,0.426,ratio,False
SN-MUC01-AR00240-2026-07-03-9-V,MUC01,AR00240,2026-07-03T09:00:00Z,VISION_STOCKOUT,0.42,ratio,False
SN-MUC01-AR00240-2026-07-03-13-V,MUC01,AR00240,2026-07-03T13:00:00Z,VISION_STOCKOUT,0.796,ratio,False
SN-MUC01-AR00240-2026-07-03-17-V,MUC01,AR00240,2026-07-03T17:00:00Z,VISION_STOCKOUT,0.647,ratio,False
SN-MUC01-AR00080-2026-07-03-9-V,MUC01,AR00080,2026-07-03T09:00:00Z,VISION_STOCKOUT,0.488,ratio,False
SN-MUC01-AR00080-2026-07-03-13-V,MUC01,AR00080,2026-07-03T13:00:00Z,VISION_STOCKOUT,0.714,ratio,False
SN-MUC01-AR00080-2026-07-03-17-V,MUC01,AR00080,2026-07-03T17:00:00Z,VISION_STOCKOUT,0.0,ratio,True
SN-MUC01-AR90036-2026-07-03-9-V,MUC01,AR90036,2026-07-03T09:00:00Z,VISION_STOCKOUT,1.0,ratio,False
SN-MUC01-AR90036-2026-07-03-13-V,MUC01,AR90036,2026-07-03T13:00:00Z,VISION_STOCKOUT,0.776,ratio,False
SN-MUC01-AR90036-2026-07-03-17-V,MUC01,AR90036,2026-07-03T17:00:00Z,VISION_STOCKOUT,0.729,ratio,False
SN-MUC01-AR00241-2026-07-03-9-V,MUC01,AR00241,2026-07-03T09:00:00Z,VISION_STOCKOUT,0.572,ratio,False
SN-MUC01-AR00241-2026-07-03-13-V,MUC01,AR00241,2026-07-03T13:00:00Z,VISION_STOCKOUT,0.624,ratio,False
SN-MUC01-AR00241-2026-07-03-17-V,MUC01,AR00241,2026-07-03T17:00:00Z,VISION_STOCKOUT,0.423,ratio,False
SN-MUC01-AR90019-2026-07-03-9-V,MUC01,AR90019,2026-07-03T09:00:00Z,VISION_STOCKOUT,0.399,ratio,False
SN-MUC01-AR90019-2026-07-03-13-V,MUC01,AR90019,2026-07-03T13:00:00Z,VISION_STOCKOUT,0.669,ratio,False
SN-MUC01-AR90019-2026-07-03-17-V,MUC01,AR90019,2026-07-03T17:00:00Z,VISION_STOCKOUT,0.419,ratio,False
SN-MUC01-AR00011-2026-07-03-9-V,MUC01,AR00011,2026-07-03T09:00:00Z,VISION_STOCKOUT,0.528,ratio,False
SN-MUC01-AR00011-2026-07-03-13-V,MUC01,AR00011,2026-07-03T13:00:00Z,VISION_STOCKOUT,0.382,ratio,False
SN-MUC01-AR00011-2026-07-03-17-V,MUC01,AR00011,2026-07-03T17:00:00Z,VISION_STOCKOUT,0.326,ratio,False
SN-MUC01-AR00001-2026-07-03-9-V,MUC01,AR00001,2026-07-03T09:00:00Z,VISION_STOCKOUT,0.745,ratio,False
SN-MUC01-AR00001-2026-07-03-13-V,MUC01,AR00001,2026-07-03T13:00:00Z,VISION_STOCKOUT,1.0,ratio,False
SN-MUC01-AR00001-2026-07-03-17-V,MUC01,AR00001,2026-07-03T17:00:00Z,VISION_STOCKOUT,0.469,ratio,False
SN-MUC01-AR90004-2026-07-03-ESL,MUC01,AR90004,2026-07-03T06:00:00Z,ESL,0.25,EUR,False
SN-MUC01-AR90003-2026-07-03-ESL,MUC01,AR90003,2026-07-03T06:00:00Z,ESL,0.15,EUR,False
SN-MUC01-AR90013-2026-07-03-ESL,MUC01,AR90013,2026-07-03T06:00:00Z,ESL,1.7,EUR,False
SN-MUC01-AR90002-2026-07-03-ESL,MUC01,AR90002,2026-07-03T06:00:00Z,ESL,0.08,EUR,False
SN-MUC01-AR90039-2026-07-03-ESL,MUC01,AR90039,2026-07-03T06:00:00Z,ESL,1.5,EUR,False
SN-MUC01-AR90018-2026-07-03-ESL,MUC01,AR90018,2026-07-03T06:00:00Z,ESL,1.95,EUR,False
SN-MUC01-AR00395-2026-07-03-ESL,MUC01,AR00395,2026-07-03T06:00:00Z,ESL,2.5,EUR,False
SN-MUC01-AR00394-2026-07-03-ESL,MUC01,AR00394,2026-07-03T06:00:00Z,ESL,2.9,EUR,False
SN-MUC01-2026-07-03-T0,MUC01,AR00149,2026-07-03T12:00:00Z,TEMPERATURE,-20.48,C,False
SN-MUC01-2026-07-03-T1,MUC01,AR90030,2026-07-03T12:00:00Z,TEMPERATURE,6.54,C,False
SN-MUC01-2026-07-03-T2,MUC01,AR00245,2026-07-03T12:00:00Z,TEMPERATURE,5.2,C,False
SN-MUC01-2026-07-03-T3,MUC01,AR90011,2026-07-03T12:00:00Z,TEMPERATURE,5.5,C,False
SN-MUC01-2026-07-03-T4,MUC01,AR00283,2026-07-03T12:00:00Z,TEMPERATURE,5.3,C,False
SN-MUC01-2026-07-03-T5,MUC01,AR00165,2026-07-03T12:00:00Z,TEMPERATURE,4.8,C,False
SN-HAM01-AR90004-2026-06-27-9-V,HAM01,AR90004,2026-06-27T09:00:00Z,VISION_STOCKOUT,0.931,ratio,False
SN-HAM01-AR90004-2026-06-27-13-V,HAM01,AR90004,2026-06-27T13:00:00Z,VISION_STOCKOUT,0.715,ratio,False
SN-HAM01-AR90004-2026-06-27-17-V,HAM01,AR90004,2026-06-27T17:00:00Z,VISION_STOCKOUT,1.0,ratio,False
SN-HAM01-AR90003-2026-06-27-9-V,HAM01,AR90003,2026-06-27T09:00:00Z,VISION_STOCKOUT,0.661,ratio,False
SN-HAM01-AR90003-2026-06-27-13-V,HAM01,AR90003,2026-06-27T13:00:00Z,VISION_STOCKOUT,0.972,ratio,False
SN-HAM01-AR90003-2026-06-27-17-V,HAM01,AR90003,2026-06-27T17:00:00Z,VISION_STOCKOUT,0.46,ratio,False
SN-HAM01-AR90002-2026-06-27-9-V,HAM01,AR90002,2026-06-27T09:00:00Z,VISION_STOCKOUT,0.224,ratio,False
SN-HAM01-AR90002-2026-06-27-13-V,HAM01,AR90002,2026-06-27T13:00:00Z,VISION_STOCKOUT,0.409,ratio,False
SN-HAM01-AR90002-2026-06-27-17-V,HAM01,AR90002,2026-06-27T17:00:00Z,VISION_STOCKOUT,0.547,ratio,False
SN-HAM01-AR90013-2026-06-27-9-V,HAM01,AR90013,2026-06-27T09:00:00Z,VISION_STOCKOUT,0.666,ratio,False
SN-HAM01-AR90013-2026-06-27-13-V,HAM01,AR90013,2026-06-27T13:00:00Z,VISION_STOCKOUT,0.441,ratio,False
SN-HAM01-AR90013-2026-06-27-17-V,HAM01,AR90013,2026-06-27T17:00:00Z,VISION_STOCKOUT,0.201,ratio,False
SN-HAM01-AR00245-2026-06-27-9-V,HAM01,AR00245,2026-06-27T09:00:00Z,VISION_STOCKOUT,0.335,ratio,False
SN-HAM01-AR00245-2026-06-27-13-V,HAM01,AR00245,2026-06-27T13:00:00Z,VISION_STOCKOUT,0.384,ratio,False
SN-HAM01-AR00245-2026-06-27-17-V,HAM01,AR00245,2026-06-27T17:00:00Z,VISION_STOCKOUT,0.692,ratio,False
SN-HAM01-AR90039-2026-06-27-9-V,HAM01,AR90039,2026-06-27T09:00:00Z,VISION_STOCKOUT,0.669,ratio,False
SN-HAM01-AR90039-2026-06-27-13-V,HAM01,AR90039,2026-06-27T13:00:00Z,VISION_STOCKOUT,1.0,ratio,False
SN-HAM01-AR90039-2026-06-27-17-V,HAM01,AR90039,2026-06-27T17:00:00Z,VISION_STOCKOUT,0.862,ratio,False
SN-HAM01-AR00241-2026-06-27-9-V,HAM01,AR00241,2026-06-27T09:00:00Z,VISION_STOCKOUT,0.411,ratio,False
SN-HAM01-AR00241-2026-06-27-13-V,HAM01,AR00241,2026-06-27T13:00:00Z,VISION_STOCKOUT,0.827,ratio,False
SN-HAM01-AR00241-2026-06-27-17-V,HAM01,AR00241,2026-06-27T17:00:00Z,VISION_STOCKOUT,0.613,ratio,False
SN-HAM01-AR00240-2026-06-27-9-V,HAM01,AR00240,2026-06-27T09:00:00Z,VISION_STOCKOUT,0.807,ratio,False
SN-HAM01-AR00240-2026-06-27-13-V,HAM01,AR00240,2026-06-27T13:00:00Z,VISION_STOCKOUT,0.655,ratio,False
SN-HAM01-AR00240-2026-06-27-17-V,HAM01,AR00240,2026-06-27T17:00:00Z,VISION_STOCKOUT,0.572,ratio,False
SN-HAM01-AR00395-2026-06-27-9-V,HAM01,AR00395,2026-06-27T09:00:00Z,VISION_STOCKOUT,0.431,ratio,False
SN-HAM01-AR00395-2026-06-27-13-V,HAM01,AR00395,2026-06-27T13:00:00Z,VISION_STOCKOUT,0.443,ratio,False
SN-HAM01-AR00395-2026-06-27-17-V,HAM01,AR00395,2026-06-27T17:00:00Z,VISION_STOCKOUT,0.47,ratio,False
SN-HAM01-AR00394-2026-06-27-9-V,HAM01,AR00394,2026-06-27T09:00:00Z,VISION_STOCKOUT,0.882,ratio,False
SN-HAM01-AR00394-2026-06-27-13-V,HAM01,AR00394,2026-06-27T13:00:00Z,VISION_STOCKOUT,0.905,ratio,False
SN-HAM01-AR00394-2026-06-27-17-V,HAM01,AR00394,2026-06-27T17:00:00Z,VISION_STOCKOUT,0.338,ratio,False
SN-HAM01-AR00188-2026-06-27-9-V,HAM01,AR00188,2026-06-27T09:00:00Z,VISION_STOCKOUT,0.562,ratio,False
SN-HAM01-AR00188-2026-06-27-13-V,HAM01,AR00188,2026-06-27T13:00:00Z,VISION_STOCKOUT,0.142,ratio,True
SN-HAM01-AR00188-2026-06-27-17-V,HAM01,AR00188,2026-06-27T17:00:00Z,VISION_STOCKOUT,0.559,ratio,False
SN-HAM01-AR00243-2026-06-27-9-V,HAM01,AR00243,2026-06-27T09:00:00Z,VISION_STOCKOUT,0.38,ratio,False
SN-HAM01-AR00243-2026-06-27-13-V,HAM01,AR00243,2026-06-27T13:00:00Z,VISION_STOCKOUT,0.658,ratio,False
SN-HAM01-AR00243-2026-06-27-17-V,HAM01,AR00243,2026-06-27T17:00:00Z,VISION_STOCKOUT,0.526,ratio,False
SN-HAM01-AR90018-2026-06-27-9-V,HAM01,AR90018,2026-06-27T09:00:00Z,VISION_STOCKOUT,0.621,ratio,False
SN-HAM01-AR90018-2026-06-27-13-V,HAM01,AR90018,2026-06-27T13:00:00Z,VISION_STOCKOUT,0.285,ratio,False
SN-HAM01-AR90018-2026-06-27-17-V,HAM01,AR90018,2026-06-27T17:00:00Z,VISION_STOCKOUT,0.565,ratio,False
SN-HAM01-AR00136-2026-06-27-9-V,HAM01,AR00136,2026-06-27T09:00:00Z,VISION_STOCKOUT,0.437,ratio,False
SN-HAM01-AR00136-2026-06-27-13-V,HAM01,AR00136,2026-06-27T13:00:00Z,VISION_STOCKOUT,0.337,ratio,False
SN-HAM01-AR00136-2026-06-27-17-V,HAM01,AR00136,2026-06-27T17:00:00Z,VISION_STOCKOUT,0.642,ratio,False
SN-HAM01-AR90034-2026-06-27-9-V,HAM01,AR90034,2026-06-27T09:00:00Z,VISION_STOCKOUT,0.86,ratio,False
SN-HAM01-AR90034-2026-06-27-13-V,HAM01,AR90034,2026-06-27T13:00:00Z,VISION_STOCKOUT,0.774,ratio,False
SN-HAM01-AR90034-2026-06-27-17-V,HAM01,AR90034,2026-06-27T17:00:00Z,VISION_STOCKOUT,0.476,ratio,False
SN-HAM01-AR00244-2026-06-27-9-V,HAM01,AR00244,2026-06-27T09:00:00Z,VISION_STOCKOUT,0.719,ratio,False
SN-HAM01-AR00244-2026-06-27-13-V,HAM01,AR00244,2026-06-27T13:00:00Z,VISION_STOCKOUT,0.526,ratio,False
SN-HAM01-AR00244-2026-06-27-17-V,HAM01,AR00244,2026-06-27T17:00:00Z,VISION_STOCKOUT,0.804,ratio,False
SN-HAM01-AR90015-2026-06-27-9-V,HAM01,AR90015,2026-06-27T09:00:00Z,VISION_STOCKOUT,0.568,ratio,False
SN-HAM01-AR90015-2026-06-27-13-V,HAM01,AR90015,2026-06-27T13:00:00Z,VISION_STOCKOUT,0.766,ratio,False
SN-HAM01-AR90015-2026-06-27-17-V,HAM01,AR90015,2026-06-27T17:00:00Z,VISION_STOCKOUT,0.589,ratio,False
SN-HAM01-AR00010-2026-06-27-9-V,HAM01,AR00010,2026-06-27T09:00:00Z,VISION_STOCKOUT,0.569,ratio,False
SN-HAM01-AR00010-2026-06-27-13-V,HAM01,AR00010,2026-06-27T13:00:00Z,VISION_STOCKOUT,1.0,ratio,False
SN-HAM01-AR00010-2026-06-27-17-V,HAM01,AR00010,2026-06-27T17:00:00Z,VISION_STOCKOUT,0.573,ratio,False
SN-HAM01-AR00080-2026-06-27-9-V,HAM01,AR00080,2026-06-27T09:00:00Z,VISION_STOCKOUT,0.616,ratio,False
SN-HAM01-AR00080-2026-06-27-13-V,HAM01,AR00080,2026-06-27T13:00:00Z,VISION_STOCKOUT,0.194,ratio,False
SN-HAM01-AR00080-2026-06-27-17-V,HAM01,AR00080,2026-06-27T17:00:00Z,VISION_STOCKOUT,0.994,ratio,False
SN-HAM01-AR00009-2026-06-27-9-V,HAM01,AR00009,2026-06-27T09:00:00Z,VISION_STOCKOUT,1.0,ratio,False
SN-HAM01-AR00009-2026-06-27-13-V,HAM01,AR00009,2026-06-27T13:00:00Z,VISION_STOCKOUT,0.175,ratio,False
SN-HAM01-AR00009-2026-06-27-17-V,HAM01,AR00009,2026-06-27T17:00:00Z,VISION_STOCKOUT,0.767,ratio,False
SN-HAM01-AR00242-2026-06-27-9-V,HAM01,AR00242,2026-06-27T09:00:00Z,VISION_STOCKOUT,0.514,ratio,False
SN-HAM01-AR00242-2026-06-27-13-V,HAM01,AR00242,2026-06-27T13:00:00Z,VISION_STOCKOUT,0.444,ratio,False
SN-HAM01-AR00242-2026-06-27-17-V,HAM01,AR00242,2026-06-27T17:00:00Z,VISION_STOCKOUT,0.716,ratio,False
SN-HAM01-AR00289-2026-06-27-9-V,HAM01,AR00289,2026-06-27T09:00:00Z,VISION_STOCKOUT,0.74,ratio,False
SN-HAM01-AR00289-2026-06-27-13-V,HAM01,AR00289,2026-06-27T13:00:00Z,VISION_STOCKOUT,0.563,ratio,False
SN-HAM01-AR00289-2026-06-27-17-V,HAM01,AR00289,2026-06-27T17:00:00Z,VISION_STOCKOUT,0.611,ratio,False
SN-HAM01-AR90014-2026-06-27-9-V,HAM01,AR90014,2026-06-27T09:00:00Z,VISION_STOCKOUT,0.383,ratio,False
SN-HAM01-AR90014-2026-06-27-13-V,HAM01,AR90014,2026-06-27T13:00:00Z,VISION_STOCKOUT,0.786,ratio,False
SN-HAM01-AR90014-2026-06-27-17-V,HAM01,AR90014,2026-06-27T17:00:00Z,VISION_STOCKOUT,0.919,ratio,False
SN-HAM01-AR90012-2026-06-27-9-V,HAM01,AR90012,2026-06-27T09:00:00Z,VISION_STOCKOUT,0.698,ratio,False
SN-HAM01-AR90012-2026-06-27-13-V,HAM01,AR90012,2026-06-27T13:00:00Z,VISION_STOCKOUT,0.396,ratio,False
SN-HAM01-AR90012-2026-06-27-17-V,HAM01,AR90012,2026-06-27T17:00:00Z,VISION_STOCKOUT,0.489,ratio,False
SN-HAM01-AR90019-2026-06-27-9-V,HAM01,AR90019,2026-06-27T09:00:00Z,VISION_STOCKOUT,0.541,ratio,False
SN-HAM01-AR90019-2026-06-27-13-V,HAM01,AR90019,2026-06-27T13:00:00Z,VISION_STOCKOUT,0.668,ratio,False
SN-HAM01-AR90019-2026-06-27-17-V,HAM01,AR90019,2026-06-27T17:00:00Z,VISION_STOCKOUT,0.379,ratio,False
SN-HAM01-AR90004-2026-06-27-ESL,HAM01,AR90004,2026-06-27T06:00:00Z,ESL,0.25,EUR,False
SN-HAM01-AR90003-2026-06-27-ESL,HAM01,AR90003,2026-06-27T06:00:00Z,ESL,0.15,EUR,False
SN-HAM01-AR90002-2026-06-27-ESL,HAM01,AR90002,2026-06-27T06:00:00Z,ESL,0.08,EUR,False
SN-HAM01-AR90013-2026-06-27-ESL,HAM01,AR90013,2026-06-27T06:00:00Z,ESL,1.7,EUR,False
SN-HAM01-AR00245-2026-06-27-ESL,HAM01,AR00245,2026-06-27T06:00:00Z,ESL,3.1,EUR,False
SN-HAM01-AR90039-2026-06-27-ESL,HAM01,AR90039,2026-06-27T06:00:00Z,ESL,1.5,EUR,False
SN-HAM01-AR00241-2026-06-27-ESL,HAM01,AR00241,2026-06-27T06:00:00Z,ESL,2.5,EUR,False
SN-HAM01-AR00240-2026-06-27-ESL,HAM01,AR00240,2026-06-27T06:00:00Z,ESL,1.9,EUR,False
SN-HAM01-2026-06-27-T0,HAM01,AR00135,2026-06-27T12:00:00Z,TEMPERATURE,5.33,C,False
SN-HAM01-2026-06-27-T1,HAM01,AR90012,2026-06-27T12:00:00Z,TEMPERATURE,11.11,C,True
SN-HAM01-2026-06-27-T2,HAM01,AR00186,2026-06-27T12:00:00Z,TEMPERATURE,5.04,C,False
SN-HAM01-2026-06-27-T3,HAM01,AR00068,2026-06-27T12:00:00Z,TEMPERATURE,-18.4,C,False
SN-HAM01-2026-06-27-T4,HAM01,AR00294,2026-06-27T12:00:00Z,TEMPERATURE,5.06,C,False
SN-HAM01-2026-06-27-T5,HAM01,AR00134,2026-06-27T12:00:00Z,TEMPERATURE,6.11,C,False
SN-HAM01-AR90004-2026-06-28-9-V,HAM01,AR90004,2026-06-28T09:00:00Z,VISION_STOCKOUT,0.901,ratio,False
SN-HAM01-AR90004-2026-06-28-13-V,HAM01,AR90004,2026-06-28T13:00:00Z,VISION_STOCKOUT,0.37,ratio,False
SN-HAM01-AR90004-2026-06-28-17-V,HAM01,AR90004,2026-06-28T17:00:00Z,VISION_STOCKOUT,0.628,ratio,False
SN-HAM01-AR90003-2026-06-28-9-V,HAM01,AR90003,2026-06-28T09:00:00Z,VISION_STOCKOUT,0.437,ratio,False
SN-HAM01-AR90003-2026-06-28-13-V,HAM01,AR90003,2026-06-28T13:00:00Z,VISION_STOCKOUT,0.288,ratio,False
SN-HAM01-AR90003-2026-06-28-17-V,HAM01,AR90003,2026-06-28T17:00:00Z,VISION_STOCKOUT,0.098,ratio,True
SN-HAM01-AR90002-2026-06-28-9-V,HAM01,AR90002,2026-06-28T09:00:00Z,VISION_STOCKOUT,0.785,ratio,False
SN-HAM01-AR90002-2026-06-28-13-V,HAM01,AR90002,2026-06-28T13:00:00Z,VISION_STOCKOUT,0.56,ratio,False
SN-HAM01-AR90002-2026-06-28-17-V,HAM01,AR90002,2026-06-28T17:00:00Z,VISION_STOCKOUT,0.931,ratio,False
SN-HAM01-AR90013-2026-06-28-9-V,HAM01,AR90013,2026-06-28T09:00:00Z,VISION_STOCKOUT,0.281,ratio,False
SN-HAM01-AR90013-2026-06-28-13-V,HAM01,AR90013,2026-06-28T13:00:00Z,VISION_STOCKOUT,0.542,ratio,False
SN-HAM01-AR90013-2026-06-28-17-V,HAM01,AR90013,2026-06-28T17:00:00Z,VISION_STOCKOUT,0.449,ratio,False
SN-HAM01-AR00245-2026-06-28-9-V,HAM01,AR00245,2026-06-28T09:00:00Z,VISION_STOCKOUT,0.941,ratio,False
SN-HAM01-AR00245-2026-06-28-13-V,HAM01,AR00245,2026-06-28T13:00:00Z,VISION_STOCKOUT,0.435,ratio,False
SN-HAM01-AR00245-2026-06-28-17-V,HAM01,AR00245,2026-06-28T17:00:00Z,VISION_STOCKOUT,1.0,ratio,False
SN-HAM01-AR90039-2026-06-28-9-V,HAM01,AR90039,2026-06-28T09:00:00Z,VISION_STOCKOUT,1.0,ratio,False
SN-HAM01-AR90039-2026-06-28-13-V,HAM01,AR90039,2026-06-28T13:00:00Z,VISION_STOCKOUT,0.693,ratio,False
SN-HAM01-AR90039-2026-06-28-17-V,HAM01,AR90039,2026-06-28T17:00:00Z,VISION_STOCKOUT,0.759,ratio,False
SN-HAM01-AR00241-2026-06-28-9-V,HAM01,AR00241,2026-06-28T09:00:00Z,VISION_STOCKOUT,0.0,ratio,True
SN-HAM01-AR00241-2026-06-28-13-V,HAM01,AR00241,2026-06-28T13:00:00Z,VISION_STOCKOUT,0.669,ratio,False
SN-HAM01-AR00241-2026-06-28-17-V,HAM01,AR00241,2026-06-28T17:00:00Z,VISION_STOCKOUT,0.584,ratio,False
SN-HAM01-AR00240-2026-06-28-9-V,HAM01,AR00240,2026-06-28T09:00:00Z,VISION_STOCKOUT,0.481,ratio,False
SN-HAM01-AR00240-2026-06-28-13-V,HAM01,AR00240,2026-06-28T13:00:00Z,VISION_STOCKOUT,0.891,ratio,False
SN-HAM01-AR00240-2026-06-28-17-V,HAM01,AR00240,2026-06-28T17:00:00Z,VISION_STOCKOUT,0.914,ratio,False
SN-HAM01-AR00395-2026-06-28-9-V,HAM01,AR00395,2026-06-28T09:00:00Z,VISION_STOCKOUT,0.445,ratio,False
SN-HAM01-AR00395-2026-06-28-13-V,HAM01,AR00395,2026-06-28T13:00:00Z,VISION_STOCKOUT,0.608,ratio,False
SN-HAM01-AR00395-2026-06-28-17-V,HAM01,AR00395,2026-06-28T17:00:00Z,VISION_STOCKOUT,0.963,ratio,False
SN-HAM01-AR00394-2026-06-28-9-V,HAM01,AR00394,2026-06-28T09:00:00Z,VISION_STOCKOUT,0.436,ratio,False
SN-HAM01-AR00394-2026-06-28-13-V,HAM01,AR00394,2026-06-28T13:00:00Z,VISION_STOCKOUT,0.414,ratio,False
SN-HAM01-AR00394-2026-06-28-17-V,HAM01,AR00394,2026-06-28T17:00:00Z,VISION_STOCKOUT,0.449,ratio,False
SN-HAM01-AR00188-2026-06-28-9-V,HAM01,AR00188,2026-06-28T09:00:00Z,VISION_STOCKOUT,0.838,ratio,False
SN-HAM01-AR00188-2026-06-28-13-V,HAM01,AR00188,2026-06-28T13:00:00Z,VISION_STOCKOUT,0.477,ratio,False
SN-HAM01-AR00188-2026-06-28-17-V,HAM01,AR00188,2026-06-28T17:00:00Z,VISION_STOCKOUT,0.556,ratio,False
SN-HAM01-AR00243-2026-06-28-9-V,HAM01,AR00243,2026-06-28T09:00:00Z,VISION_STOCKOUT,0.359,ratio,False
SN-HAM01-AR00243-2026-06-28-13-V,HAM01,AR00243,2026-06-28T13:00:00Z,VISION_STOCKOUT,0.158,ratio,False
SN-HAM01-AR00243-2026-06-28-17-V,HAM01,AR00243,2026-06-28T17:00:00Z,VISION_STOCKOUT,0.409,ratio,False
SN-HAM01-AR90018-2026-06-28-9-V,HAM01,AR90018,2026-06-28T09:00:00Z,VISION_STOCKOUT,0.276,ratio,False
SN-HAM01-AR90018-2026-06-28-13-V,HAM01,AR90018,2026-06-28T13:00:00Z,VISION_STOCKOUT,0.474,ratio,False
SN-HAM01-AR90018-2026-06-28-17-V,HAM01,AR90018,2026-06-28T17:00:00Z,VISION_STOCKOUT,0.651,ratio,False
SN-HAM01-AR00136-2026-06-28-9-V,HAM01,AR00136,2026-06-28T09:00:00Z,VISION_STOCKOUT,0.256,ratio,False
SN-HAM01-AR00136-2026-06-28-13-V,HAM01,AR00136,2026-06-28T13:00:00Z,VISION_STOCKOUT,0.298,ratio,False
SN-HAM01-AR00136-2026-06-28-17-V,HAM01,AR00136,2026-06-28T17:00:00Z,VISION_STOCKOUT,0.272,ratio,False
SN-HAM01-AR90034-2026-06-28-9-V,HAM01,AR90034,2026-06-28T09:00:00Z,VISION_STOCKOUT,0.656,ratio,False
SN-HAM01-AR90034-2026-06-28-13-V,HAM01,AR90034,2026-06-28T13:00:00Z,VISION_STOCKOUT,0.905,ratio,False
SN-HAM01-AR90034-2026-06-28-17-V,HAM01,AR90034,2026-06-28T17:00:00Z,VISION_STOCKOUT,0.505,ratio,False
SN-HAM01-AR00244-2026-06-28-9-V,HAM01,AR00244,2026-06-28T09:00:00Z,VISION_STOCKOUT,0.469,ratio,False
SN-HAM01-AR00244-2026-06-28-13-V,HAM01,AR00244,2026-06-28T13:00:00Z,VISION_STOCKOUT,0.454,ratio,False
SN-HAM01-AR00244-2026-06-28-17-V,HAM01,AR00244,2026-06-28T17:00:00Z,VISION_STOCKOUT,0.846,ratio,False
SN-HAM01-AR90015-2026-06-28-9-V,HAM01,AR90015,2026-06-28T09:00:00Z,VISION_STOCKOUT,0.331,ratio,False
SN-HAM01-AR90015-2026-06-28-13-V,HAM01,AR90015,2026-06-28T13:00:00Z,VISION_STOCKOUT,0.954,ratio,False
SN-HAM01-AR90015-2026-06-28-17-V,HAM01,AR90015,2026-06-28T17:00:00Z,VISION_STOCKOUT,0.487,ratio,False
SN-HAM01-AR00010-2026-06-28-9-V,HAM01,AR00010,2026-06-28T09:00:00Z,VISION_STOCKOUT,1.0,ratio,False
SN-HAM01-AR00010-2026-06-28-13-V,HAM01,AR00010,2026-06-28T13:00:00Z,VISION_STOCKOUT,0.912,ratio,False
SN-HAM01-AR00010-2026-06-28-17-V,HAM01,AR00010,2026-06-28T17:00:00Z,VISION_STOCKOUT,0.733,ratio,False
SN-HAM01-AR00080-2026-06-28-9-V,HAM01,AR00080,2026-06-28T09:00:00Z,VISION_STOCKOUT,0.362,ratio,False
SN-HAM01-AR00080-2026-06-28-13-V,HAM01,AR00080,2026-06-28T13:00:00Z,VISION_STOCKOUT,0.689,ratio,False
SN-HAM01-AR00080-2026-06-28-17-V,HAM01,AR00080,2026-06-28T17:00:00Z,VISION_STOCKOUT,0.895,ratio,False
SN-HAM01-AR00009-2026-06-28-9-V,HAM01,AR00009,2026-06-28T09:00:00Z,VISION_STOCKOUT,0.991,ratio,False
SN-HAM01-AR00009-2026-06-28-13-V,HAM01,AR00009,2026-06-28T13:00:00Z,VISION_STOCKOUT,0.34,ratio,False
SN-HAM01-AR00009-2026-06-28-17-V,HAM01,AR00009,2026-06-28T17:00:00Z,VISION_STOCKOUT,0.932,ratio,False
SN-HAM01-AR00242-2026-06-28-9-V,HAM01,AR00242,2026-06-28T09:00:00Z,VISION_STOCKOUT,0.405,ratio,False
SN-HAM01-AR00242-2026-06-28-13-V,HAM01,AR00242,2026-06-28T13:00:00Z,VISION_STOCKOUT,0.958,ratio,False
SN-HAM01-AR00242-2026-06-28-17-V,HAM01,AR00242,2026-06-28T17:00:00Z,VISION_STOCKOUT,0.423,ratio,False
SN-HAM01-AR00289-2026-06-28-9-V,HAM01,AR00289,2026-06-28T09:00:00Z,VISION_STOCKOUT,0.637,ratio,False
SN-HAM01-AR00289-2026-06-28-13-V,HAM01,AR00289,2026-06-28T13:00:00Z,VISION_STOCKOUT,0.649,ratio,False
SN-HAM01-AR00289-2026-06-28-17-V,HAM01,AR00289,2026-06-28T17:00:00Z,VISION_STOCKOUT,0.479,ratio,False
SN-HAM01-AR90014-2026-06-28-9-V,HAM01,AR90014,2026-06-28T09:00:00Z,VISION_STOCKOUT,0.653,ratio,False
SN-HAM01-AR90014-2026-06-28-13-V,HAM01,AR90014,2026-06-28T13:00:00Z,VISION_STOCKOUT,0.29,ratio,False
SN-HAM01-AR90014-2026-06-28-17-V,HAM01,AR90014,2026-06-28T17:00:00Z,VISION_STOCKOUT,0.917,ratio,False
SN-HAM01-AR90012-2026-06-28-9-V,HAM01,AR90012,2026-06-28T09:00:00Z,VISION_STOCKOUT,0.825,ratio,False
SN-HAM01-AR90012-2026-06-28-13-V,HAM01,AR90012,2026-06-28T13:00:00Z,VISION_STOCKOUT,1.0,ratio,False
SN-HAM01-AR90012-2026-06-28-17-V,HAM01,AR90012,2026-06-28T17:00:00Z,VISION_STOCKOUT,0.376,ratio,False
SN-HAM01-AR90019-2026-06-28-9-V,HAM01,AR90019,2026-06-28T09:00:00Z,VISION_STOCKOUT,0.351,ratio,False
SN-HAM01-AR90019-2026-06-28-13-V,HAM01,AR90019,2026-06-28T13:00:00Z,VISION_STOCKOUT,0.208,ratio,False
SN-HAM01-AR90019-2026-06-28-17-V,HAM01,AR90019,2026-06-28T17:00:00Z,VISION_STOCKOUT,0.656,ratio,False
SN-HAM01-AR90004-2026-06-28-ESL,HAM01,AR90004,2026-06-28T06:00:00Z,ESL,0.25,EUR,False
SN-HAM01-AR90003-2026-06-28-ESL,HAM01,AR90003,2026-06-28T06:00:00Z,ESL,0.15,EUR,False
SN-HAM01-AR90002-2026-06-28-ESL,HAM01,AR90002,2026-06-28T06:00:00Z,ESL,0.08,EUR,False
SN-HAM01-AR90013-2026-06-28-ESL,HAM01,AR90013,2026-06-28T06:00:00Z,ESL,1.7,EUR,False
SN-HAM01-AR00245-2026-06-28-ESL,HAM01,AR00245,2026-06-28T06:00:00Z,ESL,3.1,EUR,False
SN-HAM01-AR90039-2026-06-28-ESL,HAM01,AR90039,2026-06-28T06:00:00Z,ESL,1.5,EUR,False
SN-HAM01-AR00241-2026-06-28-ESL,HAM01,AR00241,2026-06-28T06:00:00Z,ESL,2.5,EUR,False
SN-HAM01-AR00240-2026-06-28-ESL,HAM01,AR00240,2026-06-28T06:00:00Z,ESL,1.9,EUR,False
SN-HAM01-2026-06-28-T0,HAM01,AR00285,2026-06-28T12:00:00Z,TEMPERATURE,6.06,C,False
SN-HAM01-2026-06-28-T1,HAM01,AR00138,2026-06-28T12:00:00Z,TEMPERATURE,-18.16,C,False
SN-HAM01-2026-06-28-T2,HAM01,AR00332,2026-06-28T12:00:00Z,TEMPERATURE,5.69,C,False
SN-HAM01-2026-06-28-T3,HAM01,AR00159,2026-06-28T12:00:00Z,TEMPERATURE,2.73,C,False
SN-HAM01-2026-06-28-T4,HAM01,AR00165,2026-06-28T12:00:00Z,TEMPERATURE,5.4,C,False
SN-HAM01-2026-06-28-T5,HAM01,AR00162,2026-06-28T12:00:00Z,TEMPERATURE,4.48,C,False
SN-HAM01-AR90004-2026-06-29-9-V,HAM01,AR90004,2026-06-29T09:00:00Z,VISION_STOCKOUT,0.72,ratio,False
SN-HAM01-AR90004-2026-06-29-13-V,HAM01,AR90004,2026-06-29T13:00:00Z,VISION_STOCKOUT,0.682,ratio,False
SN-HAM01-AR90004-2026-06-29-17-V,HAM01,AR90004,2026-06-29T17:00:00Z,VISION_STOCKOUT,0.964,ratio,False
SN-HAM01-AR90003-2026-06-29-9-V,HAM01,AR90003,2026-06-29T09:00:00Z,VISION_STOCKOUT,0.67,ratio,False
SN-HAM01-AR90003-2026-06-29-13-V,HAM01,AR90003,2026-06-29T13:00:00Z,VISION_STOCKOUT,0.518,ratio,False
SN-HAM01-AR90003-2026-06-29-17-V,HAM01,AR90003,2026-06-29T17:00:00Z,VISION_STOCKOUT,0.432,ratio,False
SN-HAM01-AR90002-2026-06-29-9-V,HAM01,AR90002,2026-06-29T09:00:00Z,VISION_STOCKOUT,0.46,ratio,False
SN-HAM01-AR90002-2026-06-29-13-V,HAM01,AR90002,2026-06-29T13:00:00Z,VISION_STOCKOUT,0.455,ratio,False
SN-HAM01-AR90002-2026-06-29-17-V,HAM01,AR90002,2026-06-29T17:00:00Z,VISION_STOCKOUT,0.939,ratio,False
SN-HAM01-AR90013-2026-06-29-9-V,HAM01,AR90013,2026-06-29T09:00:00Z,VISION_STOCKOUT,0.73,ratio,False
SN-HAM01-AR90013-2026-06-29-13-V,HAM01,AR90013,2026-06-29T13:00:00Z,VISION_STOCKOUT,0.812,ratio,False
SN-HAM01-AR90013-2026-06-29-17-V,HAM01,AR90013,2026-06-29T17:00:00Z,VISION_STOCKOUT,0.844,ratio,False
SN-HAM01-AR00245-2026-06-29-9-V,HAM01,AR00245,2026-06-29T09:00:00Z,VISION_STOCKOUT,0.697,ratio,False
SN-HAM01-AR00245-2026-06-29-13-V,HAM01,AR00245,2026-06-29T13:00:00Z,VISION_STOCKOUT,0.151,ratio,False
SN-HAM01-AR00245-2026-06-29-17-V,HAM01,AR00245,2026-06-29T17:00:00Z,VISION_STOCKOUT,0.623,ratio,False
SN-HAM01-AR90039-2026-06-29-9-V,HAM01,AR90039,2026-06-29T09:00:00Z,VISION_STOCKOUT,0.964,ratio,False
SN-HAM01-AR90039-2026-06-29-13-V,HAM01,AR90039,2026-06-29T13:00:00Z,VISION_STOCKOUT,0.745,ratio,False
SN-HAM01-AR90039-2026-06-29-17-V,HAM01,AR90039,2026-06-29T17:00:00Z,VISION_STOCKOUT,0.627,ratio,False
SN-HAM01-AR00241-2026-06-29-9-V,HAM01,AR00241,2026-06-29T09:00:00Z,VISION_STOCKOUT,0.637,ratio,False
SN-HAM01-AR00241-2026-06-29-13-V,HAM01,AR00241,2026-06-29T13:00:00Z,VISION_STOCKOUT,0.505,ratio,False
SN-HAM01-AR00241-2026-06-29-17-V,HAM01,AR00241,2026-06-29T17:00:00Z,VISION_STOCKOUT,0.378,ratio,False
SN-HAM01-AR00240-2026-06-29-9-V,HAM01,AR00240,2026-06-29T09:00:00Z,VISION_STOCKOUT,0.564,ratio,False
SN-HAM01-AR00240-2026-06-29-13-V,HAM01,AR00240,2026-06-29T13:00:00Z,VISION_STOCKOUT,0.383,ratio,False
SN-HAM01-AR00240-2026-06-29-17-V,HAM01,AR00240,2026-06-29T17:00:00Z,VISION_STOCKOUT,0.323,ratio,False
SN-HAM01-AR00395-2026-06-29-9-V,HAM01,AR00395,2026-06-29T09:00:00Z,VISION_STOCKOUT,0.267,ratio,False
SN-HAM01-AR00395-2026-06-29-13-V,HAM01,AR00395,2026-06-29T13:00:00Z,VISION_STOCKOUT,0.297,ratio,False
SN-HAM01-AR00395-2026-06-29-17-V,HAM01,AR00395,2026-06-29T17:00:00Z,VISION_STOCKOUT,0.884,ratio,False
SN-HAM01-AR00394-2026-06-29-9-V,HAM01,AR00394,2026-06-29T09:00:00Z,VISION_STOCKOUT,0.68,ratio,False
SN-HAM01-AR00394-2026-06-29-13-V,HAM01,AR00394,2026-06-29T13:00:00Z,VISION_STOCKOUT,0.641,ratio,False
SN-HAM01-AR00394-2026-06-29-17-V,HAM01,AR00394,2026-06-29T17:00:00Z,VISION_STOCKOUT,0.742,ratio,False
SN-HAM01-AR00188-2026-06-29-9-V,HAM01,AR00188,2026-06-29T09:00:00Z,VISION_STOCKOUT,0.371,ratio,False
SN-HAM01-AR00188-2026-06-29-13-V,HAM01,AR00188,2026-06-29T13:00:00Z,VISION_STOCKOUT,0.628,ratio,False
SN-HAM01-AR00188-2026-06-29-17-V,HAM01,AR00188,2026-06-29T17:00:00Z,VISION_STOCKOUT,1.0,ratio,False
SN-HAM01-AR00243-2026-06-29-9-V,HAM01,AR00243,2026-06-29T09:00:00Z,VISION_STOCKOUT,0.185,ratio,False
SN-HAM01-AR00243-2026-06-29-13-V,HAM01,AR00243,2026-06-29T13:00:00Z,VISION_STOCKOUT,0.76,ratio,False
SN-HAM01-AR00243-2026-06-29-17-V,HAM01,AR00243,2026-06-29T17:00:00Z,VISION_STOCKOUT,0.458,ratio,False
SN-HAM01-AR90018-2026-06-29-9-V,HAM01,AR90018,2026-06-29T09:00:00Z,VISION_STOCKOUT,0.189,ratio,False
SN-HAM01-AR90018-2026-06-29-13-V,HAM01,AR90018,2026-06-29T13:00:00Z,VISION_STOCKOUT,0.64,ratio,False
SN-HAM01-AR90018-2026-06-29-17-V,HAM01,AR90018,2026-06-29T17:00:00Z,VISION_STOCKOUT,0.682,ratio,False
SN-HAM01-AR00136-2026-06-29-9-V,HAM01,AR00136,2026-06-29T09:00:00Z,VISION_STOCKOUT,0.456,ratio,False
SN-HAM01-AR00136-2026-06-29-13-V,HAM01,AR00136,2026-06-29T13:00:00Z,VISION_STOCKOUT,0.732,ratio,False
SN-HAM01-AR00136-2026-06-29-17-V,HAM01,AR00136,2026-06-29T17:00:00Z,VISION_STOCKOUT,0.547,ratio,False
SN-HAM01-AR90034-2026-06-29-9-V,HAM01,AR90034,2026-06-29T09:00:00Z,VISION_STOCKOUT,0.756,ratio,False
SN-HAM01-AR90034-2026-06-29-13-V,HAM01,AR90034,2026-06-29T13:00:00Z,VISION_STOCKOUT,0.429,ratio,False
SN-HAM01-AR90034-2026-06-29-17-V,HAM01,AR90034,2026-06-29T17:00:00Z,VISION_STOCKOUT,0.733,ratio,False
SN-HAM01-AR00244-2026-06-29-9-V,HAM01,AR00244,2026-06-29T09:00:00Z,VISION_STOCKOUT,0.327,ratio,False
SN-HAM01-AR00244-2026-06-29-13-V,HAM01,AR00244,2026-06-29T13:00:00Z,VISION_STOCKOUT,0.203,ratio,False
SN-HAM01-AR00244-2026-06-29-17-V,HAM01,AR00244,2026-06-29T17:00:00Z,VISION_STOCKOUT,0.789,ratio,False
SN-HAM01-AR90015-2026-06-29-9-V,HAM01,AR90015,2026-06-29T09:00:00Z,VISION_STOCKOUT,0.344,ratio,False
SN-HAM01-AR90015-2026-06-29-13-V,HAM01,AR90015,2026-06-29T13:00:00Z,VISION_STOCKOUT,0.779,ratio,False
SN-HAM01-AR90015-2026-06-29-17-V,HAM01,AR90015,2026-06-29T17:00:00Z,VISION_STOCKOUT,0.882,ratio,False
SN-HAM01-AR00010-2026-06-29-9-V,HAM01,AR00010,2026-06-29T09:00:00Z,VISION_STOCKOUT,0.712,ratio,False
SN-HAM01-AR00010-2026-06-29-13-V,HAM01,AR00010,2026-06-29T13:00:00Z,VISION_STOCKOUT,0.695,ratio,False
SN-HAM01-AR00010-2026-06-29-17-V,HAM01,AR00010,2026-06-29T17:00:00Z,VISION_STOCKOUT,0.608,ratio,False
SN-HAM01-AR00080-2026-06-29-9-V,HAM01,AR00080,2026-06-29T09:00:00Z,VISION_STOCKOUT,0.266,ratio,False
SN-HAM01-AR00080-2026-06-29-13-V,HAM01,AR00080,2026-06-29T13:00:00Z,VISION_STOCKOUT,0.473,ratio,False
SN-HAM01-AR00080-2026-06-29-17-V,HAM01,AR00080,2026-06-29T17:00:00Z,VISION_STOCKOUT,0.788,ratio,False
SN-HAM01-AR00009-2026-06-29-9-V,HAM01,AR00009,2026-06-29T09:00:00Z,VISION_STOCKOUT,0.729,ratio,False
SN-HAM01-AR00009-2026-06-29-13-V,HAM01,AR00009,2026-06-29T13:00:00Z,VISION_STOCKOUT,0.125,ratio,True
SN-HAM01-AR00009-2026-06-29-17-V,HAM01,AR00009,2026-06-29T17:00:00Z,VISION_STOCKOUT,0.338,ratio,False
SN-HAM01-AR00242-2026-06-29-9-V,HAM01,AR00242,2026-06-29T09:00:00Z,VISION_STOCKOUT,0.44,ratio,False
SN-HAM01-AR00242-2026-06-29-13-V,HAM01,AR00242,2026-06-29T13:00:00Z,VISION_STOCKOUT,0.816,ratio,False
SN-HAM01-AR00242-2026-06-29-17-V,HAM01,AR00242,2026-06-29T17:00:00Z,VISION_STOCKOUT,0.07,ratio,True
SN-HAM01-AR00289-2026-06-29-9-V,HAM01,AR00289,2026-06-29T09:00:00Z,VISION_STOCKOUT,0.633,ratio,False
SN-HAM01-AR00289-2026-06-29-13-V,HAM01,AR00289,2026-06-29T13:00:00Z,VISION_STOCKOUT,0.179,ratio,False
SN-HAM01-AR00289-2026-06-29-17-V,HAM01,AR00289,2026-06-29T17:00:00Z,VISION_STOCKOUT,0.781,ratio,False
SN-HAM01-AR90014-2026-06-29-9-V,HAM01,AR90014,2026-06-29T09:00:00Z,VISION_STOCKOUT,0.596,ratio,False
SN-HAM01-AR90014-2026-06-29-13-V,HAM01,AR90014,2026-06-29T13:00:00Z,VISION_STOCKOUT,0.508,ratio,False
SN-HAM01-AR90014-2026-06-29-17-V,HAM01,AR90014,2026-06-29T17:00:00Z,VISION_STOCKOUT,0.273,ratio,False
SN-HAM01-AR90012-2026-06-29-9-V,HAM01,AR90012,2026-06-29T09:00:00Z,VISION_STOCKOUT,0.339,ratio,False
SN-HAM01-AR90012-2026-06-29-13-V,HAM01,AR90012,2026-06-29T13:00:00Z,VISION_STOCKOUT,1.0,ratio,False
SN-HAM01-AR90012-2026-06-29-17-V,HAM01,AR90012,2026-06-29T17:00:00Z,VISION_STOCKOUT,0.478,ratio,False
SN-HAM01-AR90019-2026-06-29-9-V,HAM01,AR90019,2026-06-29T09:00:00Z,VISION_STOCKOUT,0.393,ratio,False
SN-HAM01-AR90019-2026-06-29-13-V,HAM01,AR90019,2026-06-29T13:00:00Z,VISION_STOCKOUT,0.683,ratio,False
SN-HAM01-AR90019-2026-06-29-17-V,HAM01,AR90019,2026-06-29T17:00:00Z,VISION_STOCKOUT,0.633,ratio,False
SN-HAM01-AR90004-2026-06-29-ESL,HAM01,AR90004,2026-06-29T06:00:00Z,ESL,0.25,EUR,False
SN-HAM01-AR90003-2026-06-29-ESL,HAM01,AR90003,2026-06-29T06:00:00Z,ESL,0.15,EUR,False
SN-HAM01-AR90002-2026-06-29-ESL,HAM01,AR90002,2026-06-29T06:00:00Z,ESL,0.08,EUR,False
SN-HAM01-AR90013-2026-06-29-ESL,HAM01,AR90013,2026-06-29T06:00:00Z,ESL,1.7,EUR,False
SN-HAM01-AR00245-2026-06-29-ESL,HAM01,AR00245,2026-06-29T06:00:00Z,ESL,3.1,EUR,False
SN-HAM01-AR90039-2026-06-29-ESL,HAM01,AR90039,2026-06-29T06:00:00Z,ESL,1.5,EUR,False
SN-HAM01-AR00241-2026-06-29-ESL,HAM01,AR00241,2026-06-29T06:00:00Z,ESL,2.5,EUR,False
SN-HAM01-AR00240-2026-06-29-ESL,HAM01,AR00240,2026-06-29T06:00:00Z,ESL,1.9,EUR,False
SN-HAM01-2026-06-29-T0,HAM01,AR00240,2026-06-29T12:00:00Z,TEMPERATURE,5.56,C,False
SN-HAM01-2026-06-29-T1,HAM01,AR00137,2026-06-29T12:00:00Z,TEMPERATURE,-20.47,C,False
SN-HAM01-2026-06-29-T2,HAM01,AR00166,2026-06-29T12:00:00Z,TEMPERATURE,5.99,C,False
SN-HAM01-2026-06-29-T3,HAM01,AR90036,2026-06-29T12:00:00Z,TEMPERATURE,2.54,C,False
SN-HAM01-2026-06-29-T4,HAM01,AR90012,2026-06-29T12:00:00Z,TEMPERATURE,6.56,C,False
SN-HAM01-2026-06-29-T5,HAM01,AR00323,2026-06-29T12:00:00Z,TEMPERATURE,6.51,C,False
SN-HAM01-AR90004-2026-06-30-9-V,HAM01,AR90004,2026-06-30T09:00:00Z,VISION_STOCKOUT,1.0,ratio,False
SN-HAM01-AR90004-2026-06-30-13-V,HAM01,AR90004,2026-06-30T13:00:00Z,VISION_STOCKOUT,0.752,ratio,False
SN-HAM01-AR90004-2026-06-30-17-V,HAM01,AR90004,2026-06-30T17:00:00Z,VISION_STOCKOUT,0.651,ratio,False
SN-HAM01-AR90003-2026-06-30-9-V,HAM01,AR90003,2026-06-30T09:00:00Z,VISION_STOCKOUT,1.0,ratio,False
SN-HAM01-AR90003-2026-06-30-13-V,HAM01,AR90003,2026-06-30T13:00:00Z,VISION_STOCKOUT,0.912,ratio,False
SN-HAM01-AR90003-2026-06-30-17-V,HAM01,AR90003,2026-06-30T17:00:00Z,VISION_STOCKOUT,0.834,ratio,False
SN-HAM01-AR90002-2026-06-30-9-V,HAM01,AR90002,2026-06-30T09:00:00Z,VISION_STOCKOUT,1.0,ratio,False
SN-HAM01-AR90002-2026-06-30-13-V,HAM01,AR90002,2026-06-30T13:00:00Z,VISION_STOCKOUT,0.345,ratio,False
SN-HAM01-AR90002-2026-06-30-17-V,HAM01,AR90002,2026-06-30T17:00:00Z,VISION_STOCKOUT,0.422,ratio,False
SN-HAM01-AR90013-2026-06-30-9-V,HAM01,AR90013,2026-06-30T09:00:00Z,VISION_STOCKOUT,0.498,ratio,False
SN-HAM01-AR90013-2026-06-30-13-V,HAM01,AR90013,2026-06-30T13:00:00Z,VISION_STOCKOUT,0.547,ratio,False
SN-HAM01-AR90013-2026-06-30-17-V,HAM01,AR90013,2026-06-30T17:00:00Z,VISION_STOCKOUT,0.217,ratio,False
SN-HAM01-AR00245-2026-06-30-9-V,HAM01,AR00245,2026-06-30T09:00:00Z,VISION_STOCKOUT,0.985,ratio,False
SN-HAM01-AR00245-2026-06-30-13-V,HAM01,AR00245,2026-06-30T13:00:00Z,VISION_STOCKOUT,0.878,ratio,False
SN-HAM01-AR00245-2026-06-30-17-V,HAM01,AR00245,2026-06-30T17:00:00Z,VISION_STOCKOUT,0.618,ratio,False
SN-HAM01-AR90039-2026-06-30-9-V,HAM01,AR90039,2026-06-30T09:00:00Z,VISION_STOCKOUT,0.314,ratio,False
SN-HAM01-AR90039-2026-06-30-13-V,HAM01,AR90039,2026-06-30T13:00:00Z,VISION_STOCKOUT,0.886,ratio,False
SN-HAM01-AR90039-2026-06-30-17-V,HAM01,AR90039,2026-06-30T17:00:00Z,VISION_STOCKOUT,0.687,ratio,False
SN-HAM01-AR00241-2026-06-30-9-V,HAM01,AR00241,2026-06-30T09:00:00Z,VISION_STOCKOUT,0.605,ratio,False
SN-HAM01-AR00241-2026-06-30-13-V,HAM01,AR00241,2026-06-30T13:00:00Z,VISION_STOCKOUT,0.736,ratio,False
SN-HAM01-AR00241-2026-06-30-17-V,HAM01,AR00241,2026-06-30T17:00:00Z,VISION_STOCKOUT,0.313,ratio,False
SN-HAM01-AR00240-2026-06-30-9-V,HAM01,AR00240,2026-06-30T09:00:00Z,VISION_STOCKOUT,0.348,ratio,False
SN-HAM01-AR00240-2026-06-30-13-V,HAM01,AR00240,2026-06-30T13:00:00Z,VISION_STOCKOUT,0.423,ratio,False
SN-HAM01-AR00240-2026-06-30-17-V,HAM01,AR00240,2026-06-30T17:00:00Z,VISION_STOCKOUT,0.531,ratio,False
SN-HAM01-AR00395-2026-06-30-9-V,HAM01,AR00395,2026-06-30T09:00:00Z,VISION_STOCKOUT,0.503,ratio,False
SN-HAM01-AR00395-2026-06-30-13-V,HAM01,AR00395,2026-06-30T13:00:00Z,VISION_STOCKOUT,0.498,ratio,False
SN-HAM01-AR00395-2026-06-30-17-V,HAM01,AR00395,2026-06-30T17:00:00Z,VISION_STOCKOUT,0.525,ratio,False
SN-HAM01-AR00394-2026-06-30-9-V,HAM01,AR00394,2026-06-30T09:00:00Z,VISION_STOCKOUT,1.0,ratio,False
SN-HAM01-AR00394-2026-06-30-13-V,HAM01,AR00394,2026-06-30T13:00:00Z,VISION_STOCKOUT,0.748,ratio,False
SN-HAM01-AR00394-2026-06-30-17-V,HAM01,AR00394,2026-06-30T17:00:00Z,VISION_STOCKOUT,0.749,ratio,False
SN-HAM01-AR00188-2026-06-30-9-V,HAM01,AR00188,2026-06-30T09:00:00Z,VISION_STOCKOUT,0.092,ratio,True
SN-HAM01-AR00188-2026-06-30-13-V,HAM01,AR00188,2026-06-30T13:00:00Z,VISION_STOCKOUT,0.758,ratio,False
SN-HAM01-AR00188-2026-06-30-17-V,HAM01,AR00188,2026-06-30T17:00:00Z,VISION_STOCKOUT,0.62,ratio,False
SN-HAM01-AR00243-2026-06-30-9-V,HAM01,AR00243,2026-06-30T09:00:00Z,VISION_STOCKOUT,0.253,ratio,False
SN-HAM01-AR00243-2026-06-30-13-V,HAM01,AR00243,2026-06-30T13:00:00Z,VISION_STOCKOUT,0.304,ratio,False
SN-HAM01-AR00243-2026-06-30-17-V,HAM01,AR00243,2026-06-30T17:00:00Z,VISION_STOCKOUT,0.359,ratio,False
SN-HAM01-AR90018-2026-06-30-9-V,HAM01,AR90018,2026-06-30T09:00:00Z,VISION_STOCKOUT,0.684,ratio,False
SN-HAM01-AR90018-2026-06-30-13-V,HAM01,AR90018,2026-06-30T13:00:00Z,VISION_STOCKOUT,0.378,ratio,False
SN-HAM01-AR90018-2026-06-30-17-V,HAM01,AR90018,2026-06-30T17:00:00Z,VISION_STOCKOUT,0.815,ratio,False
SN-HAM01-AR00136-2026-06-30-9-V,HAM01,AR00136,2026-06-30T09:00:00Z,VISION_STOCKOUT,0.761,ratio,False
SN-HAM01-AR00136-2026-06-30-13-V,HAM01,AR00136,2026-06-30T13:00:00Z,VISION_STOCKOUT,0.7,ratio,False
SN-HAM01-AR00136-2026-06-30-17-V,HAM01,AR00136,2026-06-30T17:00:00Z,VISION_STOCKOUT,0.46,ratio,False
SN-HAM01-AR90034-2026-06-30-9-V,HAM01,AR90034,2026-06-30T09:00:00Z,VISION_STOCKOUT,0.322,ratio,False
SN-HAM01-AR90034-2026-06-30-13-V,HAM01,AR90034,2026-06-30T13:00:00Z,VISION_STOCKOUT,0.382,ratio,False
SN-HAM01-AR90034-2026-06-30-17-V,HAM01,AR90034,2026-06-30T17:00:00Z,VISION_STOCKOUT,0.498,ratio,False
SN-HAM01-AR00244-2026-06-30-9-V,HAM01,AR00244,2026-06-30T09:00:00Z,VISION_STOCKOUT,0.39,ratio,False
SN-HAM01-AR00244-2026-06-30-13-V,HAM01,AR00244,2026-06-30T13:00:00Z,VISION_STOCKOUT,0.639,ratio,False
SN-HAM01-AR00244-2026-06-30-17-V,HAM01,AR00244,2026-06-30T17:00:00Z,VISION_STOCKOUT,0.877,ratio,False
SN-HAM01-AR90015-2026-06-30-9-V,HAM01,AR90015,2026-06-30T09:00:00Z,VISION_STOCKOUT,0.968,ratio,False
SN-HAM01-AR90015-2026-06-30-13-V,HAM01,AR90015,2026-06-30T13:00:00Z,VISION_STOCKOUT,0.625,ratio,False
SN-HAM01-AR90015-2026-06-30-17-V,HAM01,AR90015,2026-06-30T17:00:00Z,VISION_STOCKOUT,0.537,ratio,False
SN-HAM01-AR00010-2026-06-30-9-V,HAM01,AR00010,2026-06-30T09:00:00Z,VISION_STOCKOUT,0.854,ratio,False
SN-HAM01-AR00010-2026-06-30-13-V,HAM01,AR00010,2026-06-30T13:00:00Z,VISION_STOCKOUT,0.727,ratio,False
SN-HAM01-AR00010-2026-06-30-17-V,HAM01,AR00010,2026-06-30T17:00:00Z,VISION_STOCKOUT,0.705,ratio,False
SN-HAM01-AR00080-2026-06-30-9-V,HAM01,AR00080,2026-06-30T09:00:00Z,VISION_STOCKOUT,0.759,ratio,False
SN-HAM01-AR00080-2026-06-30-13-V,HAM01,AR00080,2026-06-30T13:00:00Z,VISION_STOCKOUT,1.0,ratio,False
SN-HAM01-AR00080-2026-06-30-17-V,HAM01,AR00080,2026-06-30T17:00:00Z,VISION_STOCKOUT,0.397,ratio,False
SN-HAM01-AR00009-2026-06-30-9-V,HAM01,AR00009,2026-06-30T09:00:00Z,VISION_STOCKOUT,0.537,ratio,False
SN-HAM01-AR00009-2026-06-30-13-V,HAM01,AR00009,2026-06-30T13:00:00Z,VISION_STOCKOUT,0.624,ratio,False
SN-HAM01-AR00009-2026-06-30-17-V,HAM01,AR00009,2026-06-30T17:00:00Z,VISION_STOCKOUT,0.806,ratio,False
SN-HAM01-AR00242-2026-06-30-9-V,HAM01,AR00242,2026-06-30T09:00:00Z,VISION_STOCKOUT,0.512,ratio,False
SN-HAM01-AR00242-2026-06-30-13-V,HAM01,AR00242,2026-06-30T13:00:00Z,VISION_STOCKOUT,0.501,ratio,False
SN-HAM01-AR00242-2026-06-30-17-V,HAM01,AR00242,2026-06-30T17:00:00Z,VISION_STOCKOUT,0.384,ratio,False
SN-HAM01-AR00289-2026-06-30-9-V,HAM01,AR00289,2026-06-30T09:00:00Z,VISION_STOCKOUT,0.591,ratio,False
SN-HAM01-AR00289-2026-06-30-13-V,HAM01,AR00289,2026-06-30T13:00:00Z,VISION_STOCKOUT,0.723,ratio,False
SN-HAM01-AR00289-2026-06-30-17-V,HAM01,AR00289,2026-06-30T17:00:00Z,VISION_STOCKOUT,0.675,ratio,False
SN-HAM01-AR90014-2026-06-30-9-V,HAM01,AR90014,2026-06-30T09:00:00Z,VISION_STOCKOUT,0.583,ratio,False
SN-HAM01-AR90014-2026-06-30-13-V,HAM01,AR90014,2026-06-30T13:00:00Z,VISION_STOCKOUT,0.509,ratio,False
SN-HAM01-AR90014-2026-06-30-17-V,HAM01,AR90014,2026-06-30T17:00:00Z,VISION_STOCKOUT,0.748,ratio,False
SN-HAM01-AR90012-2026-06-30-9-V,HAM01,AR90012,2026-06-30T09:00:00Z,VISION_STOCKOUT,0.4,ratio,False
SN-HAM01-AR90012-2026-06-30-13-V,HAM01,AR90012,2026-06-30T13:00:00Z,VISION_STOCKOUT,1.0,ratio,False
SN-HAM01-AR90012-2026-06-30-17-V,HAM01,AR90012,2026-06-30T17:00:00Z,VISION_STOCKOUT,0.642,ratio,False
SN-HAM01-AR90019-2026-06-30-9-V,HAM01,AR90019,2026-06-30T09:00:00Z,VISION_STOCKOUT,0.324,ratio,False
SN-HAM01-AR90019-2026-06-30-13-V,HAM01,AR90019,2026-06-30T13:00:00Z,VISION_STOCKOUT,0.729,ratio,False
SN-HAM01-AR90019-2026-06-30-17-V,HAM01,AR90019,2026-06-30T17:00:00Z,VISION_STOCKOUT,0.7,ratio,False
SN-HAM01-AR90004-2026-06-30-ESL,HAM01,AR90004,2026-06-30T06:00:00Z,ESL,0.2,EUR,True
SN-HAM01-AR90003-2026-06-30-ESL,HAM01,AR90003,2026-06-30T06:00:00Z,ESL,0.15,EUR,False
SN-HAM01-AR90002-2026-06-30-ESL,HAM01,AR90002,2026-06-30T06:00:00Z,ESL,0.08,EUR,False
SN-HAM01-AR90013-2026-06-30-ESL,HAM01,AR90013,2026-06-30T06:00:00Z,ESL,1.7,EUR,False
SN-HAM01-AR00245-2026-06-30-ESL,HAM01,AR00245,2026-06-30T06:00:00Z,ESL,3.1,EUR,False
SN-HAM01-AR90039-2026-06-30-ESL,HAM01,AR90039,2026-06-30T06:00:00Z,ESL,1.5,EUR,False
SN-HAM01-AR00241-2026-06-30-ESL,HAM01,AR00241,2026-06-30T06:00:00Z,ESL,2.5,EUR,False
SN-HAM01-AR00240-2026-06-30-ESL,HAM01,AR00240,2026-06-30T06:00:00Z,ESL,1.9,EUR,False
SN-HAM01-2026-06-30-T0,HAM01,AR00161,2026-06-30T12:00:00Z,TEMPERATURE,5.33,C,False
SN-HAM01-2026-06-30-T1,HAM01,AR90019,2026-06-30T12:00:00Z,TEMPERATURE,6.69,C,False
SN-HAM01-2026-06-30-T2,HAM01,AR90039,2026-06-30T12:00:00Z,TEMPERATURE,6.16,C,False
SN-HAM01-2026-06-30-T3,HAM01,AR90035,2026-06-30T12:00:00Z,TEMPERATURE,6.91,C,False
SN-HAM01-2026-06-30-T4,HAM01,AR90030,2026-06-30T12:00:00Z,TEMPERATURE,6.94,C,False
SN-HAM01-2026-06-30-T5,HAM01,AR00349,2026-06-30T12:00:00Z,TEMPERATURE,4.18,C,False
SN-HAM01-AR90004-2026-07-01-9-V,HAM01,AR90004,2026-07-01T09:00:00Z,VISION_STOCKOUT,0.648,ratio,False
SN-HAM01-AR90004-2026-07-01-13-V,HAM01,AR90004,2026-07-01T13:00:00Z,VISION_STOCKOUT,0.618,ratio,False
SN-HAM01-AR90004-2026-07-01-17-V,HAM01,AR90004,2026-07-01T17:00:00Z,VISION_STOCKOUT,1.0,ratio,False
SN-HAM01-AR90003-2026-07-01-9-V,HAM01,AR90003,2026-07-01T09:00:00Z,VISION_STOCKOUT,0.812,ratio,False
SN-HAM01-AR90003-2026-07-01-13-V,HAM01,AR90003,2026-07-01T13:00:00Z,VISION_STOCKOUT,0.79,ratio,False
SN-HAM01-AR90003-2026-07-01-17-V,HAM01,AR90003,2026-07-01T17:00:00Z,VISION_STOCKOUT,1.0,ratio,False
SN-HAM01-AR90002-2026-07-01-9-V,HAM01,AR90002,2026-07-01T09:00:00Z,VISION_STOCKOUT,1.0,ratio,False
SN-HAM01-AR90002-2026-07-01-13-V,HAM01,AR90002,2026-07-01T13:00:00Z,VISION_STOCKOUT,0.48,ratio,False
SN-HAM01-AR90002-2026-07-01-17-V,HAM01,AR90002,2026-07-01T17:00:00Z,VISION_STOCKOUT,0.645,ratio,False
SN-HAM01-AR90013-2026-07-01-9-V,HAM01,AR90013,2026-07-01T09:00:00Z,VISION_STOCKOUT,0.999,ratio,False
SN-HAM01-AR90013-2026-07-01-13-V,HAM01,AR90013,2026-07-01T13:00:00Z,VISION_STOCKOUT,0.721,ratio,False
SN-HAM01-AR90013-2026-07-01-17-V,HAM01,AR90013,2026-07-01T17:00:00Z,VISION_STOCKOUT,0.79,ratio,False
SN-HAM01-AR00245-2026-07-01-9-V,HAM01,AR00245,2026-07-01T09:00:00Z,VISION_STOCKOUT,0.701,ratio,False
SN-HAM01-AR00245-2026-07-01-13-V,HAM01,AR00245,2026-07-01T13:00:00Z,VISION_STOCKOUT,0.724,ratio,False
SN-HAM01-AR00245-2026-07-01-17-V,HAM01,AR00245,2026-07-01T17:00:00Z,VISION_STOCKOUT,0.245,ratio,False
SN-HAM01-AR90039-2026-07-01-9-V,HAM01,AR90039,2026-07-01T09:00:00Z,VISION_STOCKOUT,0.522,ratio,False
SN-HAM01-AR90039-2026-07-01-13-V,HAM01,AR90039,2026-07-01T13:00:00Z,VISION_STOCKOUT,0.405,ratio,False
SN-HAM01-AR90039-2026-07-01-17-V,HAM01,AR90039,2026-07-01T17:00:00Z,VISION_STOCKOUT,0.551,ratio,False
SN-HAM01-AR00241-2026-07-01-9-V,HAM01,AR00241,2026-07-01T09:00:00Z,VISION_STOCKOUT,0.601,ratio,False
SN-HAM01-AR00241-2026-07-01-13-V,HAM01,AR00241,2026-07-01T13:00:00Z,VISION_STOCKOUT,0.451,ratio,False
SN-HAM01-AR00241-2026-07-01-17-V,HAM01,AR00241,2026-07-01T17:00:00Z,VISION_STOCKOUT,0.672,ratio,False
SN-HAM01-AR00240-2026-07-01-9-V,HAM01,AR00240,2026-07-01T09:00:00Z,VISION_STOCKOUT,0.396,ratio,False
SN-HAM01-AR00240-2026-07-01-13-V,HAM01,AR00240,2026-07-01T13:00:00Z,VISION_STOCKOUT,0.922,ratio,False
SN-HAM01-AR00240-2026-07-01-17-V,HAM01,AR00240,2026-07-01T17:00:00Z,VISION_STOCKOUT,1.0,ratio,False
SN-HAM01-AR00395-2026-07-01-9-V,HAM01,AR00395,2026-07-01T09:00:00Z,VISION_STOCKOUT,0.162,ratio,False
SN-HAM01-AR00395-2026-07-01-13-V,HAM01,AR00395,2026-07-01T13:00:00Z,VISION_STOCKOUT,0.821,ratio,False
SN-HAM01-AR00395-2026-07-01-17-V,HAM01,AR00395,2026-07-01T17:00:00Z,VISION_STOCKOUT,0.508,ratio,False
SN-HAM01-AR00394-2026-07-01-9-V,HAM01,AR00394,2026-07-01T09:00:00Z,VISION_STOCKOUT,0.069,ratio,True
SN-HAM01-AR00394-2026-07-01-13-V,HAM01,AR00394,2026-07-01T13:00:00Z,VISION_STOCKOUT,0.415,ratio,False
SN-HAM01-AR00394-2026-07-01-17-V,HAM01,AR00394,2026-07-01T17:00:00Z,VISION_STOCKOUT,0.489,ratio,False
SN-HAM01-AR00188-2026-07-01-9-V,HAM01,AR00188,2026-07-01T09:00:00Z,VISION_STOCKOUT,1.0,ratio,False
SN-HAM01-AR00188-2026-07-01-13-V,HAM01,AR00188,2026-07-01T13:00:00Z,VISION_STOCKOUT,0.55,ratio,False
SN-HAM01-AR00188-2026-07-01-17-V,HAM01,AR00188,2026-07-01T17:00:00Z,VISION_STOCKOUT,0.663,ratio,False
SN-HAM01-AR00243-2026-07-01-9-V,HAM01,AR00243,2026-07-01T09:00:00Z,VISION_STOCKOUT,0.722,ratio,False
SN-HAM01-AR00243-2026-07-01-13-V,HAM01,AR00243,2026-07-01T13:00:00Z,VISION_STOCKOUT,0.823,ratio,False
SN-HAM01-AR00243-2026-07-01-17-V,HAM01,AR00243,2026-07-01T17:00:00Z,VISION_STOCKOUT,0.439,ratio,False
SN-HAM01-AR90018-2026-07-01-9-V,HAM01,AR90018,2026-07-01T09:00:00Z,VISION_STOCKOUT,0.355,ratio,False
SN-HAM01-AR90018-2026-07-01-13-V,HAM01,AR90018,2026-07-01T13:00:00Z,VISION_STOCKOUT,0.311,ratio,False
SN-HAM01-AR90018-2026-07-01-17-V,HAM01,AR90018,2026-07-01T17:00:00Z,VISION_STOCKOUT,0.336,ratio,False
SN-HAM01-AR00136-2026-07-01-9-V,HAM01,AR00136,2026-07-01T09:00:00Z,VISION_STOCKOUT,0.339,ratio,False
SN-HAM01-AR00136-2026-07-01-13-V,HAM01,AR00136,2026-07-01T13:00:00Z,VISION_STOCKOUT,0.693,ratio,False
SN-HAM01-AR00136-2026-07-01-17-V,HAM01,AR00136,2026-07-01T17:00:00Z,VISION_STOCKOUT,0.579,ratio,False
SN-HAM01-AR90034-2026-07-01-9-V,HAM01,AR90034,2026-07-01T09:00:00Z,VISION_STOCKOUT,0.8,ratio,False
SN-HAM01-AR90034-2026-07-01-13-V,HAM01,AR90034,2026-07-01T13:00:00Z,VISION_STOCKOUT,0.453,ratio,False
SN-HAM01-AR90034-2026-07-01-17-V,HAM01,AR90034,2026-07-01T17:00:00Z,VISION_STOCKOUT,0.562,ratio,False
SN-HAM01-AR00244-2026-07-01-9-V,HAM01,AR00244,2026-07-01T09:00:00Z,VISION_STOCKOUT,0.696,ratio,False
SN-HAM01-AR00244-2026-07-01-13-V,HAM01,AR00244,2026-07-01T13:00:00Z,VISION_STOCKOUT,0.381,ratio,False
SN-HAM01-AR00244-2026-07-01-17-V,HAM01,AR00244,2026-07-01T17:00:00Z,VISION_STOCKOUT,0.366,ratio,False
SN-HAM01-AR90015-2026-07-01-9-V,HAM01,AR90015,2026-07-01T09:00:00Z,VISION_STOCKOUT,0.3,ratio,False
SN-HAM01-AR90015-2026-07-01-13-V,HAM01,AR90015,2026-07-01T13:00:00Z,VISION_STOCKOUT,0.677,ratio,False
SN-HAM01-AR90015-2026-07-01-17-V,HAM01,AR90015,2026-07-01T17:00:00Z,VISION_STOCKOUT,0.155,ratio,False
SN-HAM01-AR00010-2026-07-01-9-V,HAM01,AR00010,2026-07-01T09:00:00Z,VISION_STOCKOUT,0.545,ratio,False
SN-HAM01-AR00010-2026-07-01-13-V,HAM01,AR00010,2026-07-01T13:00:00Z,VISION_STOCKOUT,0.164,ratio,False
SN-HAM01-AR00010-2026-07-01-17-V,HAM01,AR00010,2026-07-01T17:00:00Z,VISION_STOCKOUT,0.784,ratio,False
SN-HAM01-AR00080-2026-07-01-9-V,HAM01,AR00080,2026-07-01T09:00:00Z,VISION_STOCKOUT,1.0,ratio,False
SN-HAM01-AR00080-2026-07-01-13-V,HAM01,AR00080,2026-07-01T13:00:00Z,VISION_STOCKOUT,0.55,ratio,False
SN-HAM01-AR00080-2026-07-01-17-V,HAM01,AR00080,2026-07-01T17:00:00Z,VISION_STOCKOUT,0.269,ratio,False
SN-HAM01-AR00009-2026-07-01-9-V,HAM01,AR00009,2026-07-01T09:00:00Z,VISION_STOCKOUT,0.269,ratio,False
SN-HAM01-AR00009-2026-07-01-13-V,HAM01,AR00009,2026-07-01T13:00:00Z,VISION_STOCKOUT,0.643,ratio,False
SN-HAM01-AR00009-2026-07-01-17-V,HAM01,AR00009,2026-07-01T17:00:00Z,VISION_STOCKOUT,0.359,ratio,False
SN-HAM01-AR00242-2026-07-01-9-V,HAM01,AR00242,2026-07-01T09:00:00Z,VISION_STOCKOUT,0.375,ratio,False
SN-HAM01-AR00242-2026-07-01-13-V,HAM01,AR00242,2026-07-01T13:00:00Z,VISION_STOCKOUT,0.952,ratio,False
SN-HAM01-AR00242-2026-07-01-17-V,HAM01,AR00242,2026-07-01T17:00:00Z,VISION_STOCKOUT,0.323,ratio,False
SN-HAM01-AR00289-2026-07-01-9-V,HAM01,AR00289,2026-07-01T09:00:00Z,VISION_STOCKOUT,0.334,ratio,False
SN-HAM01-AR00289-2026-07-01-13-V,HAM01,AR00289,2026-07-01T13:00:00Z,VISION_STOCKOUT,0.505,ratio,False
SN-HAM01-AR00289-2026-07-01-17-V,HAM01,AR00289,2026-07-01T17:00:00Z,VISION_STOCKOUT,0.572,ratio,False
SN-HAM01-AR90014-2026-07-01-9-V,HAM01,AR90014,2026-07-01T09:00:00Z,VISION_STOCKOUT,0.872,ratio,False
SN-HAM01-AR90014-2026-07-01-13-V,HAM01,AR90014,2026-07-01T13:00:00Z,VISION_STOCKOUT,0.652,ratio,False
SN-HAM01-AR90014-2026-07-01-17-V,HAM01,AR90014,2026-07-01T17:00:00Z,VISION_STOCKOUT,0.927,ratio,False
SN-HAM01-AR90012-2026-07-01-9-V,HAM01,AR90012,2026-07-01T09:00:00Z,VISION_STOCKOUT,0.713,ratio,False
SN-HAM01-AR90012-2026-07-01-13-V,HAM01,AR90012,2026-07-01T13:00:00Z,VISION_STOCKOUT,0.517,ratio,False
SN-HAM01-AR90012-2026-07-01-17-V,HAM01,AR90012,2026-07-01T17:00:00Z,VISION_STOCKOUT,0.934,ratio,False
SN-HAM01-AR90019-2026-07-01-9-V,HAM01,AR90019,2026-07-01T09:00:00Z,VISION_STOCKOUT,0.476,ratio,False
SN-HAM01-AR90019-2026-07-01-13-V,HAM01,AR90019,2026-07-01T13:00:00Z,VISION_STOCKOUT,0.97,ratio,False
SN-HAM01-AR90019-2026-07-01-17-V,HAM01,AR90019,2026-07-01T17:00:00Z,VISION_STOCKOUT,0.255,ratio,False
SN-HAM01-AR90004-2026-07-01-ESL,HAM01,AR90004,2026-07-01T06:00:00Z,ESL,0.25,EUR,False
SN-HAM01-AR90003-2026-07-01-ESL,HAM01,AR90003,2026-07-01T06:00:00Z,ESL,0.15,EUR,False
SN-HAM01-AR90002-2026-07-01-ESL,HAM01,AR90002,2026-07-01T06:00:00Z,ESL,0.08,EUR,False
SN-HAM01-AR90013-2026-07-01-ESL,HAM01,AR90013,2026-07-01T06:00:00Z,ESL,1.7,EUR,False
SN-HAM01-AR00245-2026-07-01-ESL,HAM01,AR00245,2026-07-01T06:00:00Z,ESL,3.1,EUR,False
SN-HAM01-AR90039-2026-07-01-ESL,HAM01,AR90039,2026-07-01T06:00:00Z,ESL,1.5,EUR,False
SN-HAM01-AR00241-2026-07-01-ESL,HAM01,AR00241,2026-07-01T06:00:00Z,ESL,2.5,EUR,False
SN-HAM01-AR00240-2026-07-01-ESL,HAM01,AR00240,2026-07-01T06:00:00Z,ESL,1.9,EUR,False
SN-HAM01-2026-07-01-T0,HAM01,AR90027,2026-07-01T12:00:00Z,TEMPERATURE,10.33,C,True
SN-HAM01-2026-07-01-T1,HAM01,AR00153,2026-07-01T12:00:00Z,TEMPERATURE,5.31,C,False
SN-HAM01-2026-07-01-T2,HAM01,AR00136,2026-07-01T12:00:00Z,TEMPERATURE,-16.96,C,False
SN-HAM01-2026-07-01-T3,HAM01,AR00158,2026-07-01T12:00:00Z,TEMPERATURE,4.27,C,False
SN-HAM01-2026-07-01-T4,HAM01,AR00057,2026-07-01T12:00:00Z,TEMPERATURE,-18.49,C,False
SN-HAM01-2026-07-01-T5,HAM01,AR00069,2026-07-01T12:00:00Z,TEMPERATURE,-16.8,C,False
SN-HAM01-AR90004-2026-07-02-9-V,HAM01,AR90004,2026-07-02T09:00:00Z,VISION_STOCKOUT,0.495,ratio,False
SN-HAM01-AR90004-2026-07-02-13-V,HAM01,AR90004,2026-07-02T13:00:00Z,VISION_STOCKOUT,0.929,ratio,False
SN-HAM01-AR90004-2026-07-02-17-V,HAM01,AR90004,2026-07-02T17:00:00Z,VISION_STOCKOUT,0.455,ratio,False
SN-HAM01-AR90003-2026-07-02-9-V,HAM01,AR90003,2026-07-02T09:00:00Z,VISION_STOCKOUT,1.0,ratio,False
SN-HAM01-AR90003-2026-07-02-13-V,HAM01,AR90003,2026-07-02T13:00:00Z,VISION_STOCKOUT,0.45,ratio,False
SN-HAM01-AR90003-2026-07-02-17-V,HAM01,AR90003,2026-07-02T17:00:00Z,VISION_STOCKOUT,0.672,ratio,False
SN-HAM01-AR90002-2026-07-02-9-V,HAM01,AR90002,2026-07-02T09:00:00Z,VISION_STOCKOUT,0.905,ratio,False
SN-HAM01-AR90002-2026-07-02-13-V,HAM01,AR90002,2026-07-02T13:00:00Z,VISION_STOCKOUT,0.26,ratio,False
SN-HAM01-AR90002-2026-07-02-17-V,HAM01,AR90002,2026-07-02T17:00:00Z,VISION_STOCKOUT,0.448,ratio,False
SN-HAM01-AR90013-2026-07-02-9-V,HAM01,AR90013,2026-07-02T09:00:00Z,VISION_STOCKOUT,0.772,ratio,False
SN-HAM01-AR90013-2026-07-02-13-V,HAM01,AR90013,2026-07-02T13:00:00Z,VISION_STOCKOUT,0.737,ratio,False
SN-HAM01-AR90013-2026-07-02-17-V,HAM01,AR90013,2026-07-02T17:00:00Z,VISION_STOCKOUT,1.0,ratio,False
SN-HAM01-AR00245-2026-07-02-9-V,HAM01,AR00245,2026-07-02T09:00:00Z,VISION_STOCKOUT,0.312,ratio,False
SN-HAM01-AR00245-2026-07-02-13-V,HAM01,AR00245,2026-07-02T13:00:00Z,VISION_STOCKOUT,0.571,ratio,False
SN-HAM01-AR00245-2026-07-02-17-V,HAM01,AR00245,2026-07-02T17:00:00Z,VISION_STOCKOUT,0.588,ratio,False
SN-HAM01-AR90039-2026-07-02-9-V,HAM01,AR90039,2026-07-02T09:00:00Z,VISION_STOCKOUT,0.638,ratio,False
SN-HAM01-AR90039-2026-07-02-13-V,HAM01,AR90039,2026-07-02T13:00:00Z,VISION_STOCKOUT,0.599,ratio,False
SN-HAM01-AR90039-2026-07-02-17-V,HAM01,AR90039,2026-07-02T17:00:00Z,VISION_STOCKOUT,0.912,ratio,False
SN-HAM01-AR00241-2026-07-02-9-V,HAM01,AR00241,2026-07-02T09:00:00Z,VISION_STOCKOUT,0.769,ratio,False
SN-HAM01-AR00241-2026-07-02-13-V,HAM01,AR00241,2026-07-02T13:00:00Z,VISION_STOCKOUT,0.442,ratio,False
SN-HAM01-AR00241-2026-07-02-17-V,HAM01,AR00241,2026-07-02T17:00:00Z,VISION_STOCKOUT,0.227,ratio,False
SN-HAM01-AR00240-2026-07-02-9-V,HAM01,AR00240,2026-07-02T09:00:00Z,VISION_STOCKOUT,0.464,ratio,False
SN-HAM01-AR00240-2026-07-02-13-V,HAM01,AR00240,2026-07-02T13:00:00Z,VISION_STOCKOUT,0.725,ratio,False
SN-HAM01-AR00240-2026-07-02-17-V,HAM01,AR00240,2026-07-02T17:00:00Z,VISION_STOCKOUT,0.566,ratio,False
SN-HAM01-AR00395-2026-07-02-9-V,HAM01,AR00395,2026-07-02T09:00:00Z,VISION_STOCKOUT,0.956,ratio,False
SN-HAM01-AR00395-2026-07-02-13-V,HAM01,AR00395,2026-07-02T13:00:00Z,VISION_STOCKOUT,0.32,ratio,False
SN-HAM01-AR00395-2026-07-02-17-V,HAM01,AR00395,2026-07-02T17:00:00Z,VISION_STOCKOUT,0.457,ratio,False
SN-HAM01-AR00394-2026-07-02-9-V,HAM01,AR00394,2026-07-02T09:00:00Z,VISION_STOCKOUT,0.491,ratio,False
SN-HAM01-AR00394-2026-07-02-13-V,HAM01,AR00394,2026-07-02T13:00:00Z,VISION_STOCKOUT,0.755,ratio,False
SN-HAM01-AR00394-2026-07-02-17-V,HAM01,AR00394,2026-07-02T17:00:00Z,VISION_STOCKOUT,0.024,ratio,True
SN-HAM01-AR00188-2026-07-02-9-V,HAM01,AR00188,2026-07-02T09:00:00Z,VISION_STOCKOUT,1.0,ratio,False
SN-HAM01-AR00188-2026-07-02-13-V,HAM01,AR00188,2026-07-02T13:00:00Z,VISION_STOCKOUT,0.045,ratio,True
SN-HAM01-AR00188-2026-07-02-17-V,HAM01,AR00188,2026-07-02T17:00:00Z,VISION_STOCKOUT,0.297,ratio,False
SN-HAM01-AR00243-2026-07-02-9-V,HAM01,AR00243,2026-07-02T09:00:00Z,VISION_STOCKOUT,0.395,ratio,False
SN-HAM01-AR00243-2026-07-02-13-V,HAM01,AR00243,2026-07-02T13:00:00Z,VISION_STOCKOUT,0.593,ratio,False
SN-HAM01-AR00243-2026-07-02-17-V,HAM01,AR00243,2026-07-02T17:00:00Z,VISION_STOCKOUT,0.524,ratio,False
SN-HAM01-AR90018-2026-07-02-9-V,HAM01,AR90018,2026-07-02T09:00:00Z,VISION_STOCKOUT,1.0,ratio,False
SN-HAM01-AR90018-2026-07-02-13-V,HAM01,AR90018,2026-07-02T13:00:00Z,VISION_STOCKOUT,0.272,ratio,False
SN-HAM01-AR90018-2026-07-02-17-V,HAM01,AR90018,2026-07-02T17:00:00Z,VISION_STOCKOUT,1.0,ratio,False
SN-HAM01-AR00136-2026-07-02-9-V,HAM01,AR00136,2026-07-02T09:00:00Z,VISION_STOCKOUT,1.0,ratio,False
SN-HAM01-AR00136-2026-07-02-13-V,HAM01,AR00136,2026-07-02T13:00:00Z,VISION_STOCKOUT,0.613,ratio,False
SN-HAM01-AR00136-2026-07-02-17-V,HAM01,AR00136,2026-07-02T17:00:00Z,VISION_STOCKOUT,0.352,ratio,False
SN-HAM01-AR90034-2026-07-02-9-V,HAM01,AR90034,2026-07-02T09:00:00Z,VISION_STOCKOUT,0.695,ratio,False
SN-HAM01-AR90034-2026-07-02-13-V,HAM01,AR90034,2026-07-02T13:00:00Z,VISION_STOCKOUT,0.624,ratio,False
SN-HAM01-AR90034-2026-07-02-17-V,HAM01,AR90034,2026-07-02T17:00:00Z,VISION_STOCKOUT,0.307,ratio,False
SN-HAM01-AR00244-2026-07-02-9-V,HAM01,AR00244,2026-07-02T09:00:00Z,VISION_STOCKOUT,0.628,ratio,False
SN-HAM01-AR00244-2026-07-02-13-V,HAM01,AR00244,2026-07-02T13:00:00Z,VISION_STOCKOUT,0.581,ratio,False
SN-HAM01-AR00244-2026-07-02-17-V,HAM01,AR00244,2026-07-02T17:00:00Z,VISION_STOCKOUT,0.908,ratio,False
SN-HAM01-AR90015-2026-07-02-9-V,HAM01,AR90015,2026-07-02T09:00:00Z,VISION_STOCKOUT,0.793,ratio,False
SN-HAM01-AR90015-2026-07-02-13-V,HAM01,AR90015,2026-07-02T13:00:00Z,VISION_STOCKOUT,0.249,ratio,False
SN-HAM01-AR90015-2026-07-02-17-V,HAM01,AR90015,2026-07-02T17:00:00Z,VISION_STOCKOUT,0.545,ratio,False
SN-HAM01-AR00010-2026-07-02-9-V,HAM01,AR00010,2026-07-02T09:00:00Z,VISION_STOCKOUT,1.0,ratio,False
SN-HAM01-AR00010-2026-07-02-13-V,HAM01,AR00010,2026-07-02T13:00:00Z,VISION_STOCKOUT,0.454,ratio,False
SN-HAM01-AR00010-2026-07-02-17-V,HAM01,AR00010,2026-07-02T17:00:00Z,VISION_STOCKOUT,0.784,ratio,False
SN-HAM01-AR00080-2026-07-02-9-V,HAM01,AR00080,2026-07-02T09:00:00Z,VISION_STOCKOUT,0.306,ratio,False
SN-HAM01-AR00080-2026-07-02-13-V,HAM01,AR00080,2026-07-02T13:00:00Z,VISION_STOCKOUT,0.798,ratio,False
SN-HAM01-AR00080-2026-07-02-17-V,HAM01,AR00080,2026-07-02T17:00:00Z,VISION_STOCKOUT,0.856,ratio,False
SN-HAM01-AR00009-2026-07-02-9-V,HAM01,AR00009,2026-07-02T09:00:00Z,VISION_STOCKOUT,0.506,ratio,False
SN-HAM01-AR00009-2026-07-02-13-V,HAM01,AR00009,2026-07-02T13:00:00Z,VISION_STOCKOUT,0.44,ratio,False
SN-HAM01-AR00009-2026-07-02-17-V,HAM01,AR00009,2026-07-02T17:00:00Z,VISION_STOCKOUT,0.686,ratio,False
SN-HAM01-AR00242-2026-07-02-9-V,HAM01,AR00242,2026-07-02T09:00:00Z,VISION_STOCKOUT,0.799,ratio,False
SN-HAM01-AR00242-2026-07-02-13-V,HAM01,AR00242,2026-07-02T13:00:00Z,VISION_STOCKOUT,0.443,ratio,False
SN-HAM01-AR00242-2026-07-02-17-V,HAM01,AR00242,2026-07-02T17:00:00Z,VISION_STOCKOUT,0.652,ratio,False
SN-HAM01-AR00289-2026-07-02-9-V,HAM01,AR00289,2026-07-02T09:00:00Z,VISION_STOCKOUT,0.283,ratio,False
SN-HAM01-AR00289-2026-07-02-13-V,HAM01,AR00289,2026-07-02T13:00:00Z,VISION_STOCKOUT,0.713,ratio,False
SN-HAM01-AR00289-2026-07-02-17-V,HAM01,AR00289,2026-07-02T17:00:00Z,VISION_STOCKOUT,0.976,ratio,False
SN-HAM01-AR90014-2026-07-02-9-V,HAM01,AR90014,2026-07-02T09:00:00Z,VISION_STOCKOUT,0.361,ratio,False
SN-HAM01-AR90014-2026-07-02-13-V,HAM01,AR90014,2026-07-02T13:00:00Z,VISION_STOCKOUT,1.0,ratio,False
SN-HAM01-AR90014-2026-07-02-17-V,HAM01,AR90014,2026-07-02T17:00:00Z,VISION_STOCKOUT,0.46,ratio,False
SN-HAM01-AR90012-2026-07-02-9-V,HAM01,AR90012,2026-07-02T09:00:00Z,VISION_STOCKOUT,1.0,ratio,False
SN-HAM01-AR90012-2026-07-02-13-V,HAM01,AR90012,2026-07-02T13:00:00Z,VISION_STOCKOUT,0.336,ratio,False
SN-HAM01-AR90012-2026-07-02-17-V,HAM01,AR90012,2026-07-02T17:00:00Z,VISION_STOCKOUT,0.024,ratio,True
SN-HAM01-AR90019-2026-07-02-9-V,HAM01,AR90019,2026-07-02T09:00:00Z,VISION_STOCKOUT,0.43,ratio,False
SN-HAM01-AR90019-2026-07-02-13-V,HAM01,AR90019,2026-07-02T13:00:00Z,VISION_STOCKOUT,0.761,ratio,False
SN-HAM01-AR90019-2026-07-02-17-V,HAM01,AR90019,2026-07-02T17:00:00Z,VISION_STOCKOUT,0.906,ratio,False
SN-HAM01-AR90004-2026-07-02-ESL,HAM01,AR90004,2026-07-02T06:00:00Z,ESL,0.25,EUR,False
SN-HAM01-AR90003-2026-07-02-ESL,HAM01,AR90003,2026-07-02T06:00:00Z,ESL,0.15,EUR,False
SN-HAM01-AR90002-2026-07-02-ESL,HAM01,AR90002,2026-07-02T06:00:00Z,ESL,0.08,EUR,False
SN-HAM01-AR90013-2026-07-02-ESL,HAM01,AR90013,2026-07-02T06:00:00Z,ESL,1.7,EUR,False
SN-HAM01-AR00245-2026-07-02-ESL,HAM01,AR00245,2026-07-02T06:00:00Z,ESL,3.1,EUR,False
SN-HAM01-AR90039-2026-07-02-ESL,HAM01,AR90039,2026-07-02T06:00:00Z,ESL,1.5,EUR,False
SN-HAM01-AR00241-2026-07-02-ESL,HAM01,AR00241,2026-07-02T06:00:00Z,ESL,2.5,EUR,False
SN-HAM01-AR00240-2026-07-02-ESL,HAM01,AR00240,2026-07-02T06:00:00Z,ESL,1.9,EUR,False
SN-HAM01-2026-07-02-T0,HAM01,AR00292,2026-07-02T12:00:00Z,TEMPERATURE,4.76,C,False
SN-HAM01-2026-07-02-T1,HAM01,AR90019,2026-07-02T12:00:00Z,TEMPERATURE,2.74,C,False
SN-HAM01-2026-07-02-T2,HAM01,AR00242,2026-07-02T12:00:00Z,TEMPERATURE,6.47,C,False
SN-HAM01-2026-07-02-T3,HAM01,AR90010,2026-07-02T12:00:00Z,TEMPERATURE,4.68,C,False
SN-HAM01-2026-07-02-T4,HAM01,AR00025,2026-07-02T12:00:00Z,TEMPERATURE,-9.72,C,True
SN-HAM01-2026-07-02-T5,HAM01,AR00185,2026-07-02T12:00:00Z,TEMPERATURE,4.69,C,False
SN-HAM01-AR90004-2026-07-03-9-V,HAM01,AR90004,2026-07-03T09:00:00Z,VISION_STOCKOUT,0.751,ratio,False
SN-HAM01-AR90004-2026-07-03-13-V,HAM01,AR90004,2026-07-03T13:00:00Z,VISION_STOCKOUT,0.602,ratio,False
SN-HAM01-AR90004-2026-07-03-17-V,HAM01,AR90004,2026-07-03T17:00:00Z,VISION_STOCKOUT,0.614,ratio,False
SN-HAM01-AR90003-2026-07-03-9-V,HAM01,AR90003,2026-07-03T09:00:00Z,VISION_STOCKOUT,0.84,ratio,False
SN-HAM01-AR90003-2026-07-03-13-V,HAM01,AR90003,2026-07-03T13:00:00Z,VISION_STOCKOUT,0.287,ratio,False
SN-HAM01-AR90003-2026-07-03-17-V,HAM01,AR90003,2026-07-03T17:00:00Z,VISION_STOCKOUT,0.75,ratio,False
SN-HAM01-AR90002-2026-07-03-9-V,HAM01,AR90002,2026-07-03T09:00:00Z,VISION_STOCKOUT,0.004,ratio,True
SN-HAM01-AR90002-2026-07-03-13-V,HAM01,AR90002,2026-07-03T13:00:00Z,VISION_STOCKOUT,0.932,ratio,False
SN-HAM01-AR90002-2026-07-03-17-V,HAM01,AR90002,2026-07-03T17:00:00Z,VISION_STOCKOUT,0.433,ratio,False
SN-HAM01-AR90013-2026-07-03-9-V,HAM01,AR90013,2026-07-03T09:00:00Z,VISION_STOCKOUT,1.0,ratio,False
SN-HAM01-AR90013-2026-07-03-13-V,HAM01,AR90013,2026-07-03T13:00:00Z,VISION_STOCKOUT,0.238,ratio,False
SN-HAM01-AR90013-2026-07-03-17-V,HAM01,AR90013,2026-07-03T17:00:00Z,VISION_STOCKOUT,0.65,ratio,False
SN-HAM01-AR00245-2026-07-03-9-V,HAM01,AR00245,2026-07-03T09:00:00Z,VISION_STOCKOUT,0.753,ratio,False
SN-HAM01-AR00245-2026-07-03-13-V,HAM01,AR00245,2026-07-03T13:00:00Z,VISION_STOCKOUT,0.672,ratio,False
SN-HAM01-AR00245-2026-07-03-17-V,HAM01,AR00245,2026-07-03T17:00:00Z,VISION_STOCKOUT,0.441,ratio,False
SN-HAM01-AR90039-2026-07-03-9-V,HAM01,AR90039,2026-07-03T09:00:00Z,VISION_STOCKOUT,0.491,ratio,False
SN-HAM01-AR90039-2026-07-03-13-V,HAM01,AR90039,2026-07-03T13:00:00Z,VISION_STOCKOUT,0.308,ratio,False
SN-HAM01-AR90039-2026-07-03-17-V,HAM01,AR90039,2026-07-03T17:00:00Z,VISION_STOCKOUT,0.966,ratio,False
SN-HAM01-AR00241-2026-07-03-9-V,HAM01,AR00241,2026-07-03T09:00:00Z,VISION_STOCKOUT,1.0,ratio,False
SN-HAM01-AR00241-2026-07-03-13-V,HAM01,AR00241,2026-07-03T13:00:00Z,VISION_STOCKOUT,0.427,ratio,False
SN-HAM01-AR00241-2026-07-03-17-V,HAM01,AR00241,2026-07-03T17:00:00Z,VISION_STOCKOUT,0.739,ratio,False
SN-HAM01-AR00240-2026-07-03-9-V,HAM01,AR00240,2026-07-03T09:00:00Z,VISION_STOCKOUT,0.839,ratio,False
SN-HAM01-AR00240-2026-07-03-13-V,HAM01,AR00240,2026-07-03T13:00:00Z,VISION_STOCKOUT,0.983,ratio,False
SN-HAM01-AR00240-2026-07-03-17-V,HAM01,AR00240,2026-07-03T17:00:00Z,VISION_STOCKOUT,0.57,ratio,False
SN-HAM01-AR00395-2026-07-03-9-V,HAM01,AR00395,2026-07-03T09:00:00Z,VISION_STOCKOUT,0.915,ratio,False
SN-HAM01-AR00395-2026-07-03-13-V,HAM01,AR00395,2026-07-03T13:00:00Z,VISION_STOCKOUT,0.512,ratio,False
SN-HAM01-AR00395-2026-07-03-17-V,HAM01,AR00395,2026-07-03T17:00:00Z,VISION_STOCKOUT,0.791,ratio,False
SN-HAM01-AR00394-2026-07-03-9-V,HAM01,AR00394,2026-07-03T09:00:00Z,VISION_STOCKOUT,0.552,ratio,False
SN-HAM01-AR00394-2026-07-03-13-V,HAM01,AR00394,2026-07-03T13:00:00Z,VISION_STOCKOUT,0.445,ratio,False
SN-HAM01-AR00394-2026-07-03-17-V,HAM01,AR00394,2026-07-03T17:00:00Z,VISION_STOCKOUT,0.688,ratio,False
SN-HAM01-AR00188-2026-07-03-9-V,HAM01,AR00188,2026-07-03T09:00:00Z,VISION_STOCKOUT,0.407,ratio,False
SN-HAM01-AR00188-2026-07-03-13-V,HAM01,AR00188,2026-07-03T13:00:00Z,VISION_STOCKOUT,0.319,ratio,False
SN-HAM01-AR00188-2026-07-03-17-V,HAM01,AR00188,2026-07-03T17:00:00Z,VISION_STOCKOUT,0.593,ratio,False
SN-HAM01-AR00243-2026-07-03-9-V,HAM01,AR00243,2026-07-03T09:00:00Z,VISION_STOCKOUT,1.0,ratio,False
SN-HAM01-AR00243-2026-07-03-13-V,HAM01,AR00243,2026-07-03T13:00:00Z,VISION_STOCKOUT,1.0,ratio,False
SN-HAM01-AR00243-2026-07-03-17-V,HAM01,AR00243,2026-07-03T17:00:00Z,VISION_STOCKOUT,0.602,ratio,False
SN-HAM01-AR90018-2026-07-03-9-V,HAM01,AR90018,2026-07-03T09:00:00Z,VISION_STOCKOUT,0.763,ratio,False
SN-HAM01-AR90018-2026-07-03-13-V,HAM01,AR90018,2026-07-03T13:00:00Z,VISION_STOCKOUT,0.178,ratio,False
SN-HAM01-AR90018-2026-07-03-17-V,HAM01,AR90018,2026-07-03T17:00:00Z,VISION_STOCKOUT,0.265,ratio,False
SN-HAM01-AR00136-2026-07-03-9-V,HAM01,AR00136,2026-07-03T09:00:00Z,VISION_STOCKOUT,0.27,ratio,False
SN-HAM01-AR00136-2026-07-03-13-V,HAM01,AR00136,2026-07-03T13:00:00Z,VISION_STOCKOUT,0.451,ratio,False
SN-HAM01-AR00136-2026-07-03-17-V,HAM01,AR00136,2026-07-03T17:00:00Z,VISION_STOCKOUT,0.104,ratio,True
SN-HAM01-AR90034-2026-07-03-9-V,HAM01,AR90034,2026-07-03T09:00:00Z,VISION_STOCKOUT,0.755,ratio,False
SN-HAM01-AR90034-2026-07-03-13-V,HAM01,AR90034,2026-07-03T13:00:00Z,VISION_STOCKOUT,0.634,ratio,False
SN-HAM01-AR90034-2026-07-03-17-V,HAM01,AR90034,2026-07-03T17:00:00Z,VISION_STOCKOUT,0.777,ratio,False
SN-HAM01-AR00244-2026-07-03-9-V,HAM01,AR00244,2026-07-03T09:00:00Z,VISION_STOCKOUT,0.227,ratio,False
SN-HAM01-AR00244-2026-07-03-13-V,HAM01,AR00244,2026-07-03T13:00:00Z,VISION_STOCKOUT,0.494,ratio,False
SN-HAM01-AR00244-2026-07-03-17-V,HAM01,AR00244,2026-07-03T17:00:00Z,VISION_STOCKOUT,0.879,ratio,False
SN-HAM01-AR90015-2026-07-03-9-V,HAM01,AR90015,2026-07-03T09:00:00Z,VISION_STOCKOUT,1.0,ratio,False
SN-HAM01-AR90015-2026-07-03-13-V,HAM01,AR90015,2026-07-03T13:00:00Z,VISION_STOCKOUT,0.843,ratio,False
SN-HAM01-AR90015-2026-07-03-17-V,HAM01,AR90015,2026-07-03T17:00:00Z,VISION_STOCKOUT,0.258,ratio,False
SN-HAM01-AR00010-2026-07-03-9-V,HAM01,AR00010,2026-07-03T09:00:00Z,VISION_STOCKOUT,0.0,ratio,True
SN-HAM01-AR00010-2026-07-03-13-V,HAM01,AR00010,2026-07-03T13:00:00Z,VISION_STOCKOUT,0.366,ratio,False
SN-HAM01-AR00010-2026-07-03-17-V,HAM01,AR00010,2026-07-03T17:00:00Z,VISION_STOCKOUT,0.579,ratio,False
SN-HAM01-AR00080-2026-07-03-9-V,HAM01,AR00080,2026-07-03T09:00:00Z,VISION_STOCKOUT,0.344,ratio,False
SN-HAM01-AR00080-2026-07-03-13-V,HAM01,AR00080,2026-07-03T13:00:00Z,VISION_STOCKOUT,0.963,ratio,False
SN-HAM01-AR00080-2026-07-03-17-V,HAM01,AR00080,2026-07-03T17:00:00Z,VISION_STOCKOUT,0.697,ratio,False
SN-HAM01-AR00009-2026-07-03-9-V,HAM01,AR00009,2026-07-03T09:00:00Z,VISION_STOCKOUT,0.579,ratio,False
SN-HAM01-AR00009-2026-07-03-13-V,HAM01,AR00009,2026-07-03T13:00:00Z,VISION_STOCKOUT,0.0,ratio,True
SN-HAM01-AR00009-2026-07-03-17-V,HAM01,AR00009,2026-07-03T17:00:00Z,VISION_STOCKOUT,0.392,ratio,False
SN-HAM01-AR00242-2026-07-03-9-V,HAM01,AR00242,2026-07-03T09:00:00Z,VISION_STOCKOUT,0.371,ratio,False
SN-HAM01-AR00242-2026-07-03-13-V,HAM01,AR00242,2026-07-03T13:00:00Z,VISION_STOCKOUT,0.484,ratio,False
SN-HAM01-AR00242-2026-07-03-17-V,HAM01,AR00242,2026-07-03T17:00:00Z,VISION_STOCKOUT,0.011,ratio,True
SN-HAM01-AR00289-2026-07-03-9-V,HAM01,AR00289,2026-07-03T09:00:00Z,VISION_STOCKOUT,0.33,ratio,False
SN-HAM01-AR00289-2026-07-03-13-V,HAM01,AR00289,2026-07-03T13:00:00Z,VISION_STOCKOUT,1.0,ratio,False
SN-HAM01-AR00289-2026-07-03-17-V,HAM01,AR00289,2026-07-03T17:00:00Z,VISION_STOCKOUT,1.0,ratio,False
SN-HAM01-AR90014-2026-07-03-9-V,HAM01,AR90014,2026-07-03T09:00:00Z,VISION_STOCKOUT,0.447,ratio,False
SN-HAM01-AR90014-2026-07-03-13-V,HAM01,AR90014,2026-07-03T13:00:00Z,VISION_STOCKOUT,0.306,ratio,False
SN-HAM01-AR90014-2026-07-03-17-V,HAM01,AR90014,2026-07-03T17:00:00Z,VISION_STOCKOUT,0.44,ratio,False
SN-HAM01-AR90012-2026-07-03-9-V,HAM01,AR90012,2026-07-03T09:00:00Z,VISION_STOCKOUT,0.79,ratio,False
SN-HAM01-AR90012-2026-07-03-13-V,HAM01,AR90012,2026-07-03T13:00:00Z,VISION_STOCKOUT,1.0,ratio,False
SN-HAM01-AR90012-2026-07-03-17-V,HAM01,AR90012,2026-07-03T17:00:00Z,VISION_STOCKOUT,0.254,ratio,False
SN-HAM01-AR90019-2026-07-03-9-V,HAM01,AR90019,2026-07-03T09:00:00Z,VISION_STOCKOUT,0.601,ratio,False
SN-HAM01-AR90019-2026-07-03-13-V,HAM01,AR90019,2026-07-03T13:00:00Z,VISION_STOCKOUT,0.411,ratio,False
SN-HAM01-AR90019-2026-07-03-17-V,HAM01,AR90019,2026-07-03T17:00:00Z,VISION_STOCKOUT,0.334,ratio,False
SN-HAM01-AR90004-2026-07-03-ESL,HAM01,AR90004,2026-07-03T06:00:00Z,ESL,0.25,EUR,False
SN-HAM01-AR90003-2026-07-03-ESL,HAM01,AR90003,2026-07-03T06:00:00Z,ESL,0.15,EUR,False
SN-HAM01-AR90002-2026-07-03-ESL,HAM01,AR90002,2026-07-03T06:00:00Z,ESL,0.08,EUR,False
SN-HAM01-AR90013-2026-07-03-ESL,HAM01,AR90013,2026-07-03T06:00:00Z,ESL,1.7,EUR,False
SN-HAM01-AR00245-2026-07-03-ESL,HAM01,AR00245,2026-07-03T06:00:00Z,ESL,3.1,EUR,False
SN-HAM01-AR90039-2026-07-03-ESL,HAM01,AR90039,2026-07-03T06:00:00Z,ESL,1.5,EUR,False
SN-HAM01-AR00241-2026-07-03-ESL,HAM01,AR00241,2026-07-03T06:00:00Z,ESL,2.5,EUR,False
SN-HAM01-AR00240-2026-07-03-ESL,HAM01,AR00240,2026-07-03T06:00:00Z,ESL,1.9,EUR,False
SN-HAM01-2026-07-03-T0,HAM01,AR90055,2026-07-03T12:00:00Z,TEMPERATURE,6.91,C,False
SN-HAM01-2026-07-03-T1,HAM01,AR00292,2026-07-03T12:00:00Z,TEMPERATURE,7.68,C,False
SN-HAM01-2026-07-03-T2,HAM01,AR00380,2026-07-03T12:00:00Z,TEMPERATURE,5.01,C,False
SN-HAM01-2026-07-03-T3,HAM01,AR00384,2026-07-03T12:00:00Z,TEMPERATURE,4.73,C,False
SN-HAM01-2026-07-03-T4,HAM01,AR90030,2026-07-03T12:00:00Z,TEMPERATURE,3.01,C,False
SN-HAM01-2026-07-03-T5,HAM01,AR00162,2026-07-03T12:00:00Z,TEMPERATURE,13.74,C,True
