ID,store_ID,article_ID,forecastFor,businessDate,hourOfDay,predictedQty,lowerBound,upperBound,actualQty,mape,wape,model,generatedAt
FC-WDF01-000001,WDF01,AR90004,2026-07-03T22:00:00Z,2026-07-03,22,0.069,0,2.124,,60.86,141.23,SeasonalProfile+EWMA,2026-07-29T02:51:21Z
FC-WDF01-000002,WDF01,AR90004,2026-07-04T01:00:00Z,2026-07-04,1,0.02,0,2.075,,60.86,141.23,SeasonalProfile+EWMA,2026-07-29T02:51:21Z
FC-WDF01-000003,WDF01,AR90004,2026-07-04T08:00:00Z,2026-07-04,8,0.059,0,2.114,,60.86,141.23,SeasonalProfile+EWMA,2026-07-29T02:51:21Z
FC-WDF01-000004,WDF01,AR90004,2026-07-04T09:00:00Z,2026-07-04,9,0.12,0,2.175,,60.86,141.23,SeasonalProfile+EWMA,2026-07-29T02:51:21Z
FC-WDF01-000005,WDF01,AR90004,2026-07-04T10:00:00Z,2026-07-04,10,0.069,0,2.124,,60.86,141.23,SeasonalProfile+EWMA,2026-07-29T02:51:21Z
FC-WDF01-000006,WDF01,AR90004,2026-07-04T11:00:00Z,2026-07-04,11,0.105,0,2.161,,60.86,141.23,SeasonalProfile+EWMA,2026-07-29T02:51:21Z
FC-WDF01-000007,WDF01,AR90004,2026-07-04T12:00:00Z,2026-07-04,12,0.265,0,2.32,,60.86,141.23,SeasonalProfile+EWMA,2026-07-29T02:51:21Z
FC-WDF01-000008,WDF01,AR90004,2026-07-04T13:00:00Z,2026-07-04,13,0.378,0,2.433,,60.86,141.23,SeasonalProfile+EWMA,2026-07-29T02:51:21Z
FC-WDF01-000009,WDF01,AR90004,2026-07-04T14:00:00Z,2026-07-04,14,0.25,0,2.305,,60.86,141.23,SeasonalProfile+EWMA,2026-07-29T02:51:21Z
FC-WDF01-000010,WDF01,AR90004,2026-07-04T15:00:00Z,2026-07-04,15,0.23,0,2.286,,60.86,141.23,SeasonalProfile+EWMA,2026-07-29T02:51:21Z
FC-WDF01-000011,WDF01,AR90004,2026-07-04T16:00:00Z,2026-07-04,16,0.184,0,2.239,,60.86,141.23,SeasonalProfile+EWMA,2026-07-29T02:51:21Z
FC-WDF01-000012,WDF01,AR90004,2026-07-04T17:00:00Z,2026-07-04,17,0.137,0,2.192,,60.86,141.23,SeasonalProfile+EWMA,2026-07-29T02:51:21Z
FC-WDF01-000013,WDF01,AR90004,2026-07-04T18:00:00Z,2026-07-04,18,0.15,0,2.205,,60.86,141.23,SeasonalProfile+EWMA,2026-07-29T02:51:21Z
FC-WDF01-000014,WDF01,AR90004,2026-07-04T19:00:00Z,2026-07-04,19,0.083,0,2.139,,60.86,141.23,SeasonalProfile+EWMA,2026-07-29T02:51:21Z
FC-WDF01-000015,WDF01,AR90004,2026-07-04T20:00:00Z,2026-07-04,20,0.064,0,2.119,,60.86,141.23,SeasonalProfile+EWMA,2026-07-29T02:51:21Z
FC-WDF01-000016,WDF01,AR90004,2026-07-04T21:00:00Z,2026-07-04,21,0.088,0,2.143,,60.86,141.23,SeasonalProfile+EWMA,2026-07-29T02:51:21Z
FC-WDF01-000017,WDF01,AR90004,2026-07-04T22:00:00Z,2026-07-04,22,0.029,0,2.085,,60.86,141.23,SeasonalProfile+EWMA,2026-07-29T02:51:21Z
FC-WDF01-000018,WDF01,AR90004,2026-07-05T01:00:00Z,2026-07-05,1,0.037,0,2.092,,60.86,141.23,SeasonalProfile+EWMA,2026-07-29T02:51:21Z
FC-WDF01-000019,WDF01,AR90004,2026-07-05T07:00:00Z,2026-07-05,7,0.023,0,2.078,,60.86,141.23,SeasonalProfile+EWMA,2026-07-29T02:51:21Z
FC-WDF01-000020,WDF01,AR90004,2026-07-05T08:00:00Z,2026-07-05,8,0.111,0,2.166,,60.86,141.23,SeasonalProfile+EWMA,2026-07-29T02:51:21Z
FC-WDF01-000021,WDF01,AR90004,2026-07-05T09:00:00Z,2026-07-05,9,0.226,0,2.281,,60.86,141.23,SeasonalProfile+EWMA,2026-07-29T02:51:21Z
FC-WDF01-000022,WDF01,AR90004,2026-07-05T10:00:00Z,2026-07-05,10,0.129,0,2.184,,60.86,141.23,SeasonalProfile+EWMA,2026-07-29T02:51:21Z
FC-WDF01-000023,WDF01,AR90004,2026-07-05T11:00:00Z,2026-07-05,11,0.198,0,2.253,,60.86,141.23,SeasonalProfile+EWMA,2026-07-29T02:51:21Z
FC-WDF01-000024,WDF01,AR90004,2026-07-05T12:00:00Z,2026-07-05,12,0.498,0,2.553,,60.86,141.23,SeasonalProfile+EWMA,2026-07-29T02:51:21Z
FC-WDF01-000025,WDF01,AR90004,2026-07-05T13:00:00Z,2026-07-05,13,0.71,0,2.765,,60.86,141.23,SeasonalProfile+EWMA,2026-07-29T02:51:21Z
FC-WDF01-000026,WDF01,AR90004,2026-07-05T14:00:00Z,2026-07-05,14,0.47,0,2.526,,60.86,141.23,SeasonalProfile+EWMA,2026-07-29T02:51:21Z
FC-WDF01-000027,WDF01,AR90004,2026-07-05T15:00:00Z,2026-07-05,15,0.433,0,2.489,,60.86,141.23,SeasonalProfile+EWMA,2026-07-29T02:51:21Z
FC-WDF01-000028,WDF01,AR90004,2026-07-05T16:00:00Z,2026-07-05,16,0.346,0,2.401,,60.86,141.23,SeasonalProfile+EWMA,2026-07-29T02:51:21Z
FC-WDF01-000029,WDF01,AR90004,2026-07-05T17:00:00Z,2026-07-05,17,0.258,0,2.313,,60.86,141.23,SeasonalProfile+EWMA,2026-07-29T02:51:21Z
FC-WDF01-000030,WDF01,AR90004,2026-07-05T18:00:00Z,2026-07-05,18,0.281,0,2.336,,60.86,141.23,SeasonalProfile+EWMA,2026-07-29T02:51:21Z
FC-WDF01-000031,WDF01,AR90004,2026-07-05T19:00:00Z,2026-07-05,19,0.157,0,2.212,,60.86,141.23,SeasonalProfile+EWMA,2026-07-29T02:51:21Z
FC-WDF01-000032,WDF01,AR90004,2026-07-05T20:00:00Z,2026-07-05,20,0.12,0,2.175,,60.86,141.23,SeasonalProfile+EWMA,2026-07-29T02:51:21Z
FC-WDF01-000033,WDF01,AR90004,2026-07-05T21:00:00Z,2026-07-05,21,0.166,0,2.221,,60.86,141.23,SeasonalProfile+EWMA,2026-07-29T02:51:21Z
FC-WDF01-000034,WDF01,AR90003,2026-07-03T22:00:00Z,2026-07-03,22,0.037,0,1.446,,84.22,184.74,SeasonalProfile+EWMA,2026-07-29T02:51:21Z
FC-WDF01-000035,WDF01,AR90003,2026-07-03T23:00:00Z,2026-07-03,23,0.05,0,1.46,,84.22,184.74,SeasonalProfile+EWMA,2026-07-29T02:51:21Z
FC-WDF01-000036,WDF01,AR90003,2026-07-04T09:00:00Z,2026-07-04,9,0.024,0,1.433,,84.22,184.74,SeasonalProfile+EWMA,2026-07-29T02:51:21Z
FC-WDF01-000037,WDF01,AR90003,2026-07-04T10:00:00Z,2026-07-04,10,0.027,0,1.437,,84.22,184.74,SeasonalProfile+EWMA,2026-07-29T02:51:21Z
FC-WDF01-000038,WDF01,AR90003,2026-07-04T11:00:00Z,2026-07-04,11,0.022,0,1.431,,84.22,184.74,SeasonalProfile+EWMA,2026-07-29T02:51:21Z
FC-WDF01-000039,WDF01,AR90003,2026-07-04T12:00:00Z,2026-07-04,12,0.08,0,1.49,,84.22,184.74,SeasonalProfile+EWMA,2026-07-29T02:51:21Z
FC-WDF01-000040,WDF01,AR90003,2026-07-04T13:00:00Z,2026-07-04,13,0.086,0,1.496,,84.22,184.74,SeasonalProfile+EWMA,2026-07-29T02:51:21Z
FC-WDF01-000041,WDF01,AR90003,2026-07-04T14:00:00Z,2026-07-04,14,0.102,0,1.512,,84.22,184.74,SeasonalProfile+EWMA,2026-07-29T02:51:21Z
FC-WDF01-000042,WDF01,AR90003,2026-07-04T15:00:00Z,2026-07-04,15,0.106,0,1.516,,84.22,184.74,SeasonalProfile+EWMA,2026-07-29T02:51:21Z
FC-WDF01-000043,WDF01,AR90003,2026-07-04T16:00:00Z,2026-07-04,16,0.088,0,1.498,,84.22,184.74,SeasonalProfile+EWMA,2026-07-29T02:51:21Z
FC-WDF01-000044,WDF01,AR90003,2026-07-04T17:00:00Z,2026-07-04,17,0.055,0,1.465,,84.22,184.74,SeasonalProfile+EWMA,2026-07-29T02:51:21Z
FC-WDF01-000045,WDF01,AR90003,2026-07-04T18:00:00Z,2026-07-04,18,0.037,0,1.447,,84.22,184.74,SeasonalProfile+EWMA,2026-07-29T02:51:21Z
FC-WDF01-000046,WDF01,AR90003,2026-07-04T19:00:00Z,2026-07-04,19,0.033,0,1.443,,84.22,184.74,SeasonalProfile+EWMA,2026-07-29T02:51:21Z
FC-WDF01-000047,WDF01,AR90003,2026-07-04T20:00:00Z,2026-07-04,20,0.016,0,1.425,,84.22,184.74,SeasonalProfile+EWMA,2026-07-29T02:51:21Z
FC-WDF01-000048,WDF01,AR90003,2026-07-04T21:00:00Z,2026-07-04,21,0.029,0,1.439,,84.22,184.74,SeasonalProfile+EWMA,2026-07-29T02:51:21Z
FC-WDF01-000049,WDF01,AR90003,2026-07-04T22:00:00Z,2026-07-04,22,0.016,0,1.425,,84.22,184.74,SeasonalProfile+EWMA,2026-07-29T02:51:21Z
FC-WDF01-000050,WDF01,AR90003,2026-07-04T23:00:00Z,2026-07-04,23,0.022,0,1.431,,84.22,184.74,SeasonalProfile+EWMA,2026-07-29T02:51:21Z
FC-WDF01-000051,WDF01,AR90003,2026-07-05T09:00:00Z,2026-07-05,9,0.044,0,1.454,,84.22,184.74,SeasonalProfile+EWMA,2026-07-29T02:51:21Z
FC-WDF01-000052,WDF01,AR90003,2026-07-05T10:00:00Z,2026-07-05,10,0.052,0,1.461,,84.22,184.74,SeasonalProfile+EWMA,2026-07-29T02:51:21Z
FC-WDF01-000053,WDF01,AR90003,2026-07-05T11:00:00Z,2026-07-05,11,0.041,0,1.45,,84.22,184.74,SeasonalProfile+EWMA,2026-07-29T02:51:21Z
FC-WDF01-000054,WDF01,AR90003,2026-07-05T12:00:00Z,2026-07-05,12,0.151,0,1.561,,84.22,184.74,SeasonalProfile+EWMA,2026-07-29T02:51:21Z
FC-WDF01-000055,WDF01,AR90003,2026-07-05T13:00:00Z,2026-07-05,13,0.162,0,1.572,,84.22,184.74,SeasonalProfile+EWMA,2026-07-29T02:51:21Z
FC-WDF01-000056,WDF01,AR90003,2026-07-05T14:00:00Z,2026-07-05,14,0.192,0,1.601,,84.22,184.74,SeasonalProfile+EWMA,2026-07-29T02:51:21Z
FC-WDF01-000057,WDF01,AR90003,2026-07-05T15:00:00Z,2026-07-05,15,0.199,0,1.609,,84.22,184.74,SeasonalProfile+EWMA,2026-07-29T02:51:21Z
FC-WDF01-000058,WDF01,AR90003,2026-07-05T16:00:00Z,2026-07-05,16,0.166,0,1.576,,84.22,184.74,SeasonalProfile+EWMA,2026-07-29T02:51:21Z
FC-WDF01-000059,WDF01,AR90003,2026-07-05T17:00:00Z,2026-07-05,17,0.103,0,1.513,,84.22,184.74,SeasonalProfile+EWMA,2026-07-29T02:51:21Z
FC-WDF01-000060,WDF01,AR90003,2026-07-05T18:00:00Z,2026-07-05,18,0.07,0,1.48,,84.22,184.74,SeasonalProfile+EWMA,2026-07-29T02:51:21Z
FC-WDF01-000061,WDF01,AR90003,2026-07-05T19:00:00Z,2026-07-05,19,0.063,0,1.472,,84.22,184.74,SeasonalProfile+EWMA,2026-07-29T02:51:21Z
FC-WDF01-000062,WDF01,AR90003,2026-07-05T20:00:00Z,2026-07-05,20,0.03,0,1.439,,84.22,184.74,SeasonalProfile+EWMA,2026-07-29T02:51:21Z
FC-WDF01-000063,WDF01,AR90003,2026-07-05T21:00:00Z,2026-07-05,21,0.055,0,1.465,,84.22,184.74,SeasonalProfile+EWMA,2026-07-29T02:51:21Z
FC-WDF01-000064,WDF01,AR90013,2026-07-04T09:00:00Z,2026-07-04,9,0.024,0,1.435,,82.43,178.25,SeasonalProfile+EWMA,2026-07-29T02:51:21Z
FC-WDF01-000065,WDF01,AR90013,2026-07-04T10:00:00Z,2026-07-04,10,0.021,0,1.433,,82.43,178.25,SeasonalProfile+EWMA,2026-07-29T02:51:21Z
FC-WDF01-000066,WDF01,AR90013,2026-07-04T11:00:00Z,2026-07-04,11,0.033,0,1.445,,82.43,178.25,SeasonalProfile+EWMA,2026-07-29T02:51:21Z
FC-WDF01-000067,WDF01,AR90013,2026-07-04T12:00:00Z,2026-07-04,12,0.1,0,1.511,,82.43,178.25,SeasonalProfile+EWMA,2026-07-29T02:51:21Z
FC-WDF01-000068,WDF01,AR90013,2026-07-04T13:00:00Z,2026-07-04,13,0.109,0,1.521,,82.43,178.25,SeasonalProfile+EWMA,2026-07-29T02:51:21Z
FC-WDF01-000069,WDF01,AR90013,2026-07-04T14:00:00Z,2026-07-04,14,0.045,0,1.457,,82.43,178.25,SeasonalProfile+EWMA,2026-07-29T02:51:21Z
FC-WDF01-000070,WDF01,AR90013,2026-07-04T15:00:00Z,2026-07-04,15,0.071,0,1.483,,82.43,178.25,SeasonalProfile+EWMA,2026-07-29T02:51:21Z
FC-WDF01-000071,WDF01,AR90013,2026-07-04T16:00:00Z,2026-07-04,16,0.024,0,1.435,,82.43,178.25,SeasonalProfile+EWMA,2026-07-29T02:51:21Z
FC-WDF01-000072,WDF01,AR90013,2026-07-04T17:00:00Z,2026-07-04,17,0.031,0,1.442,,82.43,178.25,SeasonalProfile+EWMA,2026-07-29T02:51:21Z
FC-WDF01-000073,WDF01,AR90013,2026-07-04T18:00:00Z,2026-07-04,18,0.017,0,1.428,,82.43,178.25,SeasonalProfile+EWMA,2026-07-29T02:51:21Z
FC-WDF01-000074,WDF01,AR90013,2026-07-04T19:00:00Z,2026-07-04,19,0.019,0,1.431,,82.43,178.25,SeasonalProfile+EWMA,2026-07-29T02:51:21Z
FC-WDF01-000075,WDF01,AR90013,2026-07-04T21:00:00Z,2026-07-04,21,0.024,0,1.435,,82.43,178.25,SeasonalProfile+EWMA,2026-07-29T02:51:21Z
FC-WDF01-000076,WDF01,AR90013,2026-07-05T08:00:00Z,2026-07-05,8,0.018,0,1.429,,82.43,178.25,SeasonalProfile+EWMA,2026-07-29T02:51:21Z
FC-WDF01-000077,WDF01,AR90013,2026-07-05T09:00:00Z,2026-07-05,9,0.045,0,1.456,,82.43,178.25,SeasonalProfile+EWMA,2026-07-29T02:51:21Z
FC-WDF01-000078,WDF01,AR90013,2026-07-05T10:00:00Z,2026-07-05,10,0.04,0,1.452,,82.43,178.25,SeasonalProfile+EWMA,2026-07-29T02:51:21Z
FC-WDF01-000079,WDF01,AR90013,2026-07-05T11:00:00Z,2026-07-05,11,0.063,0,1.474,,82.43,178.25,SeasonalProfile+EWMA,2026-07-29T02:51:21Z
FC-WDF01-000080,WDF01,AR90013,2026-07-05T12:00:00Z,2026-07-05,12,0.188,0,1.599,,82.43,178.25,SeasonalProfile+EWMA,2026-07-29T02:51:21Z
FC-WDF01-000081,WDF01,AR90013,2026-07-05T13:00:00Z,2026-07-05,13,0.205,0,1.617,,82.43,178.25,SeasonalProfile+EWMA,2026-07-29T02:51:21Z
FC-WDF01-000082,WDF01,AR90013,2026-07-05T14:00:00Z,2026-07-05,14,0.085,0,1.496,,82.43,178.25,SeasonalProfile+EWMA,2026-07-29T02:51:21Z
FC-WDF01-000083,WDF01,AR90013,2026-07-05T15:00:00Z,2026-07-05,15,0.134,0,1.546,,82.43,178.25,SeasonalProfile+EWMA,2026-07-29T02:51:21Z
FC-WDF01-000084,WDF01,AR90013,2026-07-05T16:00:00Z,2026-07-05,16,0.045,0,1.456,,82.43,178.25,SeasonalProfile+EWMA,2026-07-29T02:51:21Z
FC-WDF01-000085,WDF01,AR90013,2026-07-05T17:00:00Z,2026-07-05,17,0.058,0,1.47,,82.43,178.25,SeasonalProfile+EWMA,2026-07-29T02:51:21Z
FC-WDF01-000086,WDF01,AR90013,2026-07-05T18:00:00Z,2026-07-05,18,0.031,0,1.443,,82.43,178.25,SeasonalProfile+EWMA,2026-07-29T02:51:21Z
FC-WDF01-000087,WDF01,AR90013,2026-07-05T19:00:00Z,2026-07-05,19,0.036,0,1.447,,82.43,178.25,SeasonalProfile+EWMA,2026-07-29T02:51:21Z
FC-WDF01-000088,WDF01,AR90013,2026-07-05T20:00:00Z,2026-07-05,20,0.018,0,1.429,,82.43,178.25,SeasonalProfile+EWMA,2026-07-29T02:51:21Z
FC-WDF01-000089,WDF01,AR90013,2026-07-05T21:00:00Z,2026-07-05,21,0.045,0,1.456,,82.43,178.25,SeasonalProfile+EWMA,2026-07-29T02:51:21Z
FC-WDF01-000090,WDF01,AR90002,2026-07-03T22:00:00Z,2026-07-03,22,0.155,0,2.315,,91.84,193.97,SeasonalProfile+EWMA,2026-07-29T02:51:21Z
FC-WDF01-000091,WDF01,AR90002,2026-07-03T23:00:00Z,2026-07-03,23,0.026,0,2.186,,91.84,193.97,SeasonalProfile+EWMA,2026-07-29T02:51:21Z
FC-WDF01-000092,WDF01,AR90002,2026-07-04T11:00:00Z,2026-07-04,11,0.033,0,2.193,,91.84,193.97,SeasonalProfile+EWMA,2026-07-29T02:51:21Z
FC-WDF01-000093,WDF01,AR90002,2026-07-04T12:00:00Z,2026-07-04,12,0.037,0,2.197,,91.84,193.97,SeasonalProfile+EWMA,2026-07-29T02:51:21Z
FC-WDF01-000094,WDF01,AR90002,2026-07-04T13:00:00Z,2026-07-04,13,0.064,0,2.224,,91.84,193.97,SeasonalProfile+EWMA,2026-07-29T02:51:21Z
FC-WDF01-000095,WDF01,AR90002,2026-07-04T14:00:00Z,2026-07-04,14,0.064,0,2.224,,91.84,193.97,SeasonalProfile+EWMA,2026-07-29T02:51:21Z
FC-WDF01-000096,WDF01,AR90002,2026-07-04T15:00:00Z,2026-07-04,15,0.043,0,2.203,,91.84,193.97,SeasonalProfile+EWMA,2026-07-29T02:51:21Z
FC-WDF01-000097,WDF01,AR90002,2026-07-04T16:00:00Z,2026-07-04,16,0.086,0,2.246,,91.84,193.97,SeasonalProfile+EWMA,2026-07-29T02:51:21Z
FC-WDF01-000098,WDF01,AR90002,2026-07-04T17:00:00Z,2026-07-04,17,0.101,0,2.261,,91.84,193.97,SeasonalProfile+EWMA,2026-07-29T02:51:21Z
FC-WDF01-000099,WDF01,AR90002,2026-07-04T18:00:00Z,2026-07-04,18,0.117,0,2.277,,91.84,193.97,SeasonalProfile+EWMA,2026-07-29T02:51:21Z
FC-WDF01-000100,WDF01,AR90002,2026-07-04T19:00:00Z,2026-07-04,19,0.052,0,2.212,,91.84,193.97,SeasonalProfile+EWMA,2026-07-29T02:51:21Z
FC-WDF01-000101,WDF01,AR90002,2026-07-04T20:00:00Z,2026-07-04,20,0.049,0,2.209,,91.84,193.97,SeasonalProfile+EWMA,2026-07-29T02:51:21Z
FC-WDF01-000102,WDF01,AR90002,2026-07-04T21:00:00Z,2026-07-04,21,0.105,0,2.265,,91.84,193.97,SeasonalProfile+EWMA,2026-07-29T02:51:21Z
FC-WDF01-000103,WDF01,AR90002,2026-07-04T22:00:00Z,2026-07-04,22,0.066,0,2.226,,91.84,193.97,SeasonalProfile+EWMA,2026-07-29T02:51:21Z
FC-WDF01-000104,WDF01,AR90002,2026-07-05T09:00:00Z,2026-07-05,9,0.02,0,2.18,,91.84,193.97,SeasonalProfile+EWMA,2026-07-29T02:51:21Z
FC-WDF01-000105,WDF01,AR90002,2026-07-05T11:00:00Z,2026-07-05,11,0.063,0,2.223,,91.84,193.97,SeasonalProfile+EWMA,2026-07-29T02:51:21Z
FC-WDF01-000106,WDF01,AR90002,2026-07-05T12:00:00Z,2026-07-05,12,0.07,0,2.23,,91.84,193.97,SeasonalProfile+EWMA,2026-07-29T02:51:21Z
FC-WDF01-000107,WDF01,AR90002,2026-07-05T13:00:00Z,2026-07-05,13,0.121,0,2.281,,91.84,193.97,SeasonalProfile+EWMA,2026-07-29T02:51:21Z
FC-WDF01-000108,WDF01,AR90002,2026-07-05T14:00:00Z,2026-07-05,14,0.12,0,2.28,,91.84,193.97,SeasonalProfile+EWMA,2026-07-29T02:51:21Z
FC-WDF01-000109,WDF01,AR90002,2026-07-05T15:00:00Z,2026-07-05,15,0.082,0,2.242,,91.84,193.97,SeasonalProfile+EWMA,2026-07-29T02:51:21Z
FC-WDF01-000110,WDF01,AR90002,2026-07-05T16:00:00Z,2026-07-05,16,0.162,0,2.322,,91.84,193.97,SeasonalProfile+EWMA,2026-07-29T02:51:21Z
FC-WDF01-000111,WDF01,AR90002,2026-07-05T17:00:00Z,2026-07-05,17,0.189,0,2.349,,91.84,193.97,SeasonalProfile+EWMA,2026-07-29T02:51:21Z
FC-WDF01-000112,WDF01,AR90002,2026-07-05T18:00:00Z,2026-07-05,18,0.219,0,2.379,,91.84,193.97,SeasonalProfile+EWMA,2026-07-29T02:51:21Z
FC-WDF01-000113,WDF01,AR90002,2026-07-05T19:00:00Z,2026-07-05,19,0.098,0,2.258,,91.84,193.97,SeasonalProfile+EWMA,2026-07-29T02:51:21Z
FC-WDF01-000114,WDF01,AR90002,2026-07-05T20:00:00Z,2026-07-05,20,0.092,0,2.252,,91.84,193.97,SeasonalProfile+EWMA,2026-07-29T02:51:21Z
FC-WDF01-000115,WDF01,AR90002,2026-07-05T21:00:00Z,2026-07-05,21,0.198,0,2.358,,91.84,193.97,SeasonalProfile+EWMA,2026-07-29T02:51:21Z
FC-WDF01-000116,WDF01,AR90039,2026-07-04T12:00:00Z,2026-07-04,12,0.07,0,0.923,,85.03,222.54,SeasonalProfile+EWMA,2026-07-29T02:51:21Z
FC-WDF01-000117,WDF01,AR90039,2026-07-04T13:00:00Z,2026-07-04,13,0.091,0,0.943,,85.03,222.54,SeasonalProfile+EWMA,2026-07-29T02:51:21Z
FC-WDF01-000118,WDF01,AR90039,2026-07-04T14:00:00Z,2026-07-04,14,0.065,0,0.918,,85.03,222.54,SeasonalProfile+EWMA,2026-07-29T02:51:21Z
FC-WDF01-000119,WDF01,AR90039,2026-07-04T15:00:00Z,2026-07-04,15,0.053,0,0.905,,85.03,222.54,SeasonalProfile+EWMA,2026-07-29T02:51:21Z
FC-WDF01-000120,WDF01,AR90039,2026-07-04T16:00:00Z,2026-07-04,16,0.043,0,0.895,,85.03,222.54,SeasonalProfile+EWMA,2026-07-29T02:51:21Z
FC-WDF01-000121,WDF01,AR90039,2026-07-04T17:00:00Z,2026-07-04,17,0.023,0,0.875,,85.03,222.54,SeasonalProfile+EWMA,2026-07-29T02:51:21Z
FC-WDF01-000122,WDF01,AR90039,2026-07-05T12:00:00Z,2026-07-05,12,0.132,0,0.985,,85.03,222.54,SeasonalProfile+EWMA,2026-07-29T02:51:21Z
FC-WDF01-000123,WDF01,AR90039,2026-07-05T13:00:00Z,2026-07-05,13,0.17,0,1.023,,85.03,222.54,SeasonalProfile+EWMA,2026-07-29T02:51:21Z
FC-WDF01-000124,WDF01,AR90039,2026-07-05T14:00:00Z,2026-07-05,14,0.123,0,0.976,,85.03,222.54,SeasonalProfile+EWMA,2026-07-29T02:51:21Z
FC-WDF01-000125,WDF01,AR90039,2026-07-05T15:00:00Z,2026-07-05,15,0.099,0,0.952,,85.03,222.54,SeasonalProfile+EWMA,2026-07-29T02:51:21Z
FC-WDF01-000126,WDF01,AR90039,2026-07-05T16:00:00Z,2026-07-05,16,0.08,0,0.933,,85.03,222.54,SeasonalProfile+EWMA,2026-07-29T02:51:21Z
FC-WDF01-000127,WDF01,AR90039,2026-07-05T17:00:00Z,2026-07-05,17,0.043,0,0.895,,85.03,222.54,SeasonalProfile+EWMA,2026-07-29T02:51:21Z
FC-WDF01-000128,WDF01,AR90039,2026-07-05T18:00:00Z,2026-07-05,18,0.019,0,0.871,,85.03,222.54,SeasonalProfile+EWMA,2026-07-29T02:51:21Z
FC-WDF01-000129,WDF01,AR90039,2026-07-05T19:00:00Z,2026-07-05,19,0.024,0,0.876,,85.03,222.54,SeasonalProfile+EWMA,2026-07-29T02:51:21Z
FC-WDF01-000130,WDF01,AR90039,2026-07-05T20:00:00Z,2026-07-05,20,0.019,0,0.871,,85.03,222.54,SeasonalProfile+EWMA,2026-07-29T02:51:21Z
FC-WDF01-000131,WDF01,AR90039,2026-07-05T21:00:00Z,2026-07-05,21,0.024,0,0.876,,85.03,222.54,SeasonalProfile+EWMA,2026-07-29T02:51:21Z
FC-WDF01-000132,WDF01,AR90018,2026-07-03T22:00:00Z,2026-07-03,22,0.02,0,0.873,,91.44,229.03,SeasonalProfile+EWMA,2026-07-29T02:51:21Z
FC-WDF01-000133,WDF01,AR90018,2026-07-04T09:00:00Z,2026-07-04,9,0.018,0,0.871,,91.44,229.03,SeasonalProfile+EWMA,2026-07-29T02:51:21Z
FC-WDF01-000134,WDF01,AR90018,2026-07-04T12:00:00Z,2026-07-04,12,0.038,0,0.891,,91.44,229.03,SeasonalProfile+EWMA,2026-07-29T02:51:21Z
FC-WDF01-000135,WDF01,AR90018,2026-07-04T13:00:00Z,2026-07-04,13,0.028,0,0.881,,91.44,229.03,SeasonalProfile+EWMA,2026-07-29T02:51:21Z
FC-WDF01-000136,WDF01,AR90018,2026-07-04T14:00:00Z,2026-07-04,14,0.053,0,0.906,,91.44,229.03,SeasonalProfile+EWMA,2026-07-29T02:51:21Z
FC-WDF01-000137,WDF01,AR90018,2026-07-04T15:00:00Z,2026-07-04,15,0.025,0,0.878,,91.44,229.03,SeasonalProfile+EWMA,2026-07-29T02:51:21Z
FC-WDF01-000138,WDF01,AR90018,2026-07-04T16:00:00Z,2026-07-04,16,0.033,0,0.887,,91.44,229.03,SeasonalProfile+EWMA,2026-07-29T02:51:21Z
FC-WDF01-000139,WDF01,AR90018,2026-07-04T17:00:00Z,2026-07-04,17,0.023,0,0.876,,91.44,229.03,SeasonalProfile+EWMA,2026-07-29T02:51:21Z
FC-WDF01-000140,WDF01,AR90018,2026-07-04T18:00:00Z,2026-07-04,18,0.031,0,0.884,,91.44,229.03,SeasonalProfile+EWMA,2026-07-29T02:51:21Z
FC-WDF01-000141,WDF01,AR90018,2026-07-04T19:00:00Z,2026-07-04,19,0.022,0,0.875,,91.44,229.03,SeasonalProfile+EWMA,2026-07-29T02:51:21Z
FC-WDF01-000142,WDF01,AR90018,2026-07-04T20:00:00Z,2026-07-04,20,0.021,0,0.874,,91.44,229.03,SeasonalProfile+EWMA,2026-07-29T02:51:21Z
FC-WDF01-000143,WDF01,AR90018,2026-07-05T09:00:00Z,2026-07-05,9,0.034,0,0.887,,91.44,229.03,SeasonalProfile+EWMA,2026-07-29T02:51:21Z
FC-WDF01-000144,WDF01,AR90018,2026-07-05T11:00:00Z,2026-07-05,11,0.027,0,0.88,,91.44,229.03,SeasonalProfile+EWMA,2026-07-29T02:51:21Z
FC-WDF01-000145,WDF01,AR90018,2026-07-05T12:00:00Z,2026-07-05,12,0.071,0,0.924,,91.44,229.03,SeasonalProfile+EWMA,2026-07-29T02:51:21Z
FC-WDF01-000146,WDF01,AR90018,2026-07-05T13:00:00Z,2026-07-05,13,0.052,0,0.905,,91.44,229.03,SeasonalProfile+EWMA,2026-07-29T02:51:21Z
FC-WDF01-000147,WDF01,AR90018,2026-07-05T14:00:00Z,2026-07-05,14,0.099,0,0.952,,91.44,229.03,SeasonalProfile+EWMA,2026-07-29T02:51:21Z
FC-WDF01-000148,WDF01,AR90018,2026-07-05T15:00:00Z,2026-07-05,15,0.046,0,0.899,,91.44,229.03,SeasonalProfile+EWMA,2026-07-29T02:51:21Z
FC-WDF01-000149,WDF01,AR90018,2026-07-05T16:00:00Z,2026-07-05,16,0.062,0,0.916,,91.44,229.03,SeasonalProfile+EWMA,2026-07-29T02:51:21Z
FC-WDF01-000150,WDF01,AR90018,2026-07-05T17:00:00Z,2026-07-05,17,0.043,0,0.897,,91.44,229.03,SeasonalProfile+EWMA,2026-07-29T02:51:21Z
FC-WDF01-000151,WDF01,AR90018,2026-07-05T18:00:00Z,2026-07-05,18,0.058,0,0.911,,91.44,229.03,SeasonalProfile+EWMA,2026-07-29T02:51:21Z
FC-WDF01-000152,WDF01,AR90018,2026-07-05T19:00:00Z,2026-07-05,19,0.041,0,0.895,,91.44,229.03,SeasonalProfile+EWMA,2026-07-29T02:51:21Z
FC-WDF01-000153,WDF01,AR90018,2026-07-05T20:00:00Z,2026-07-05,20,0.039,0,0.893,,91.44,229.03,SeasonalProfile+EWMA,2026-07-29T02:51:21Z
FC-WDF01-000154,WDF01,AR90018,2026-07-05T21:00:00Z,2026-07-05,21,0.019,0,0.873,,91.44,229.03,SeasonalProfile+EWMA,2026-07-29T02:51:21Z
FC-WDF01-000155,WDF01,AR00395,2026-07-04T11:00:00Z,2026-07-04,11,0.016,0,0.603,,92.85,185.07,SeasonalProfile+EWMA,2026-07-29T02:51:21Z
FC-WDF01-000156,WDF01,AR00395,2026-07-04T12:00:00Z,2026-07-04,12,0.029,0,0.616,,92.85,185.07,SeasonalProfile+EWMA,2026-07-29T02:51:21Z
FC-WDF01-000157,WDF01,AR00395,2026-07-04T13:00:00Z,2026-07-04,13,0.028,0,0.615,,92.85,185.07,SeasonalProfile+EWMA,2026-07-29T02:51:21Z
FC-WDF01-000158,WDF01,AR00395,2026-07-04T14:00:00Z,2026-07-04,14,0.032,0,0.619,,92.85,185.07,SeasonalProfile+EWMA,2026-07-29T02:51:21Z
FC-WDF01-000159,WDF01,AR00395,2026-07-04T15:00:00Z,2026-07-04,15,0.026,0,0.613,,92.85,185.07,SeasonalProfile+EWMA,2026-07-29T02:51:21Z
FC-WDF01-000160,WDF01,AR00395,2026-07-04T16:00:00Z,2026-07-04,16,0.021,0,0.608,,92.85,185.07,SeasonalProfile+EWMA,2026-07-29T02:51:21Z
FC-WDF01-000161,WDF01,AR00395,2026-07-04T17:00:00Z,2026-07-04,17,0.028,0,0.615,,92.85,185.07,SeasonalProfile+EWMA,2026-07-29T02:51:21Z
FC-WDF01-000162,WDF01,AR00395,2026-07-04T18:00:00Z,2026-07-04,18,0.017,0,0.604,,92.85,185.07,SeasonalProfile+EWMA,2026-07-29T02:51:21Z
FC-WDF01-000163,WDF01,AR00395,2026-07-04T19:00:00Z,2026-07-04,19,0.017,0,0.604,,92.85,185.07,SeasonalProfile+EWMA,2026-07-29T02:51:21Z
FC-WDF01-000164,WDF01,AR00395,2026-07-05T11:00:00Z,2026-07-05,11,0.03,0,0.617,,92.85,185.07,SeasonalProfile+EWMA,2026-07-29T02:51:21Z
FC-WDF01-000165,WDF01,AR00395,2026-07-05T12:00:00Z,2026-07-05,12,0.054,0,0.641,,92.85,185.07,SeasonalProfile+EWMA,2026-07-29T02:51:21Z
FC-WDF01-000166,WDF01,AR00395,2026-07-05T13:00:00Z,2026-07-05,13,0.053,0,0.64,,92.85,185.07,SeasonalProfile+EWMA,2026-07-29T02:51:21Z
FC-WDF01-000167,WDF01,AR00395,2026-07-05T14:00:00Z,2026-07-05,14,0.061,0,0.647,,92.85,185.07,SeasonalProfile+EWMA,2026-07-29T02:51:21Z
FC-WDF01-000168,WDF01,AR00395,2026-07-05T15:00:00Z,2026-07-05,15,0.049,0,0.635,,92.85,185.07,SeasonalProfile+EWMA,2026-07-29T02:51:21Z
FC-WDF01-000169,WDF01,AR00395,2026-07-05T16:00:00Z,2026-07-05,16,0.039,0,0.626,,92.85,185.07,SeasonalProfile+EWMA,2026-07-29T02:51:21Z
FC-WDF01-000170,WDF01,AR00395,2026-07-05T17:00:00Z,2026-07-05,17,0.053,0,0.639,,92.85,185.07,SeasonalProfile+EWMA,2026-07-29T02:51:21Z
FC-WDF01-000171,WDF01,AR00395,2026-07-05T18:00:00Z,2026-07-05,18,0.033,0,0.619,,92.85,185.07,SeasonalProfile+EWMA,2026-07-29T02:51:21Z
FC-WDF01-000172,WDF01,AR00395,2026-07-05T19:00:00Z,2026-07-05,19,0.032,0,0.619,,92.85,185.07,SeasonalProfile+EWMA,2026-07-29T02:51:21Z
FC-WDF01-000173,WDF01,AR00394,2026-07-03T22:00:00Z,2026-07-03,22,0.017,0,0.655,,91.25,289.48,SeasonalProfile+EWMA,2026-07-29T02:51:21Z
FC-WDF01-000174,WDF01,AR00394,2026-07-04T12:00:00Z,2026-07-04,12,0.043,0,0.68,,91.25,289.48,SeasonalProfile+EWMA,2026-07-29T02:51:21Z
FC-WDF01-000175,WDF01,AR00394,2026-07-04T13:00:00Z,2026-07-04,13,0.042,0,0.68,,91.25,289.48,SeasonalProfile+EWMA,2026-07-29T02:51:21Z
FC-WDF01-000176,WDF01,AR00394,2026-07-04T14:00:00Z,2026-07-04,14,0.045,0,0.683,,91.25,289.48,SeasonalProfile+EWMA,2026-07-29T02:51:21Z
FC-WDF01-000177,WDF01,AR00394,2026-07-04T15:00:00Z,2026-07-04,15,0.044,0,0.681,,91.25,289.48,SeasonalProfile+EWMA,2026-07-29T02:51:21Z
FC-WDF01-000178,WDF01,AR00394,2026-07-04T16:00:00Z,2026-07-04,16,0.046,0,0.683,,91.25,289.48,SeasonalProfile+EWMA,2026-07-29T02:51:21Z
FC-WDF01-000179,WDF01,AR00394,2026-07-04T17:00:00Z,2026-07-04,17,0.032,0,0.669,,91.25,289.48,SeasonalProfile+EWMA,2026-07-29T02:51:21Z
FC-WDF01-000180,WDF01,AR00394,2026-07-04T18:00:00Z,2026-07-04,18,0.019,0,0.656,,91.25,289.48,SeasonalProfile+EWMA,2026-07-29T02:51:21Z
FC-WDF01-000181,WDF01,AR00394,2026-07-04T19:00:00Z,2026-07-04,19,0.023,0,0.66,,91.25,289.48,SeasonalProfile+EWMA,2026-07-29T02:51:21Z
FC-WDF01-000182,WDF01,AR00394,2026-07-04T20:00:00Z,2026-07-04,20,0.021,0,0.659,,91.25,289.48,SeasonalProfile+EWMA,2026-07-29T02:51:21Z
FC-WDF01-000183,WDF01,AR00394,2026-07-05T08:00:00Z,2026-07-05,8,0.023,0,0.66,,91.25,289.48,SeasonalProfile+EWMA,2026-07-29T02:51:21Z
FC-WDF01-000184,WDF01,AR00394,2026-07-05T10:00:00Z,2026-07-05,10,0.016,0,0.653,,91.25,289.48,SeasonalProfile+EWMA,2026-07-29T02:51:21Z
FC-WDF01-000185,WDF01,AR00394,2026-07-05T12:00:00Z,2026-07-05,12,0.08,0,0.718,,91.25,289.48,SeasonalProfile+EWMA,2026-07-29T02:51:21Z
FC-WDF01-000186,WDF01,AR00394,2026-07-05T13:00:00Z,2026-07-05,13,0.08,0,0.717,,91.25,289.48,SeasonalProfile+EWMA,2026-07-29T02:51:21Z
FC-WDF01-000187,WDF01,AR00394,2026-07-05T14:00:00Z,2026-07-05,14,0.085,0,0.723,,91.25,289.48,SeasonalProfile+EWMA,2026-07-29T02:51:21Z
FC-WDF01-000188,WDF01,AR00394,2026-07-05T15:00:00Z,2026-07-05,15,0.082,0,0.719,,91.25,289.48,SeasonalProfile+EWMA,2026-07-29T02:51:21Z
FC-WDF01-000189,WDF01,AR00394,2026-07-05T16:00:00Z,2026-07-05,16,0.086,0,0.724,,91.25,289.48,SeasonalProfile+EWMA,2026-07-29T02:51:21Z
FC-WDF01-000190,WDF01,AR00394,2026-07-05T17:00:00Z,2026-07-05,17,0.06,0,0.698,,91.25,289.48,SeasonalProfile+EWMA,2026-07-29T02:51:21Z
FC-WDF01-000191,WDF01,AR00394,2026-07-05T18:00:00Z,2026-07-05,18,0.036,0,0.673,,91.25,289.48,SeasonalProfile+EWMA,2026-07-29T02:51:21Z
FC-WDF01-000192,WDF01,AR00394,2026-07-05T19:00:00Z,2026-07-05,19,0.043,0,0.68,,91.25,289.48,SeasonalProfile+EWMA,2026-07-29T02:51:21Z
FC-WDF01-000193,WDF01,AR00394,2026-07-05T20:00:00Z,2026-07-05,20,0.04,0,0.678,,91.25,289.48,SeasonalProfile+EWMA,2026-07-29T02:51:21Z
FC-WDF01-000194,WDF01,AR00394,2026-07-05T21:00:00Z,2026-07-05,21,0.019,0,0.656,,91.25,289.48,SeasonalProfile+EWMA,2026-07-29T02:51:21Z
FC-WDF01-000195,WDF01,AR00136,2026-07-03T22:00:00Z,2026-07-03,22,0.016,0,1.155,,78.08,165.29,SeasonalProfile+EWMA,2026-07-29T02:51:21Z
FC-WDF01-000196,WDF01,AR00136,2026-07-04T12:00:00Z,2026-07-04,12,0.067,0,1.205,,78.08,165.29,SeasonalProfile+EWMA,2026-07-29T02:51:21Z
FC-WDF01-000197,WDF01,AR00136,2026-07-04T13:00:00Z,2026-07-04,13,0.103,0,1.242,,78.08,165.29,SeasonalProfile+EWMA,2026-07-29T02:51:21Z
FC-WDF01-000198,WDF01,AR00136,2026-07-04T14:00:00Z,2026-07-04,14,0.07,0,1.208,,78.08,165.29,SeasonalProfile+EWMA,2026-07-29T02:51:21Z
FC-WDF01-000199,WDF01,AR00136,2026-07-04T15:00:00Z,2026-07-04,15,0.121,0,1.259,,78.08,165.29,SeasonalProfile+EWMA,2026-07-29T02:51:21Z
FC-WDF01-000200,WDF01,AR00136,2026-07-04T16:00:00Z,2026-07-04,16,0.083,0,1.222,,78.08,165.29,SeasonalProfile+EWMA,2026-07-29T02:51:21Z
FC-WDF01-000201,WDF01,AR00136,2026-07-04T17:00:00Z,2026-07-04,17,0.065,0,1.204,,78.08,165.29,SeasonalProfile+EWMA,2026-07-29T02:51:21Z
FC-WDF01-000202,WDF01,AR00136,2026-07-04T18:00:00Z,2026-07-04,18,0.046,0,1.184,,78.08,165.29,SeasonalProfile+EWMA,2026-07-29T02:51:21Z
FC-WDF01-000203,WDF01,AR00136,2026-07-04T19:00:00Z,2026-07-04,19,0.037,0,1.176,,78.08,165.29,SeasonalProfile+EWMA,2026-07-29T02:51:21Z
FC-WDF01-000204,WDF01,AR00136,2026-07-04T20:00:00Z,2026-07-04,20,0.017,0,1.155,,78.08,165.29,SeasonalProfile+EWMA,2026-07-29T02:51:21Z
FC-WDF01-000205,WDF01,AR00136,2026-07-04T21:00:00Z,2026-07-04,21,0.026,0,1.165,,78.08,165.29,SeasonalProfile+EWMA,2026-07-29T02:51:21Z
FC-WDF01-000206,WDF01,AR00136,2026-07-05T09:00:00Z,2026-07-05,9,0.019,0,1.157,,78.08,165.29,SeasonalProfile+EWMA,2026-07-29T02:51:21Z
FC-WDF01-000207,WDF01,AR00136,2026-07-05T10:00:00Z,2026-07-05,10,0.026,0,1.165,,78.08,165.29,SeasonalProfile+EWMA,2026-07-29T02:51:21Z
FC-WDF01-000208,WDF01,AR00136,2026-07-05T11:00:00Z,2026-07-05,11,0.022,0,1.161,,78.08,165.29,SeasonalProfile+EWMA,2026-07-29T02:51:21Z
FC-WDF01-000209,WDF01,AR00136,2026-07-05T12:00:00Z,2026-07-05,12,0.125,0,1.264,,78.08,165.29,SeasonalProfile+EWMA,2026-07-29T02:51:21Z
FC-WDF01-000210,WDF01,AR00136,2026-07-05T13:00:00Z,2026-07-05,13,0.194,0,1.332,,78.08,165.29,SeasonalProfile+EWMA,2026-07-29T02:51:21Z
FC-WDF01-000211,WDF01,AR00136,2026-07-05T14:00:00Z,2026-07-05,14,0.131,0,1.27,,78.08,165.29,SeasonalProfile+EWMA,2026-07-29T02:51:21Z
FC-WDF01-000212,WDF01,AR00136,2026-07-05T15:00:00Z,2026-07-05,15,0.227,0,1.366,,78.08,165.29,SeasonalProfile+EWMA,2026-07-29T02:51:21Z
FC-WDF01-000213,WDF01,AR00136,2026-07-05T16:00:00Z,2026-07-05,16,0.157,0,1.295,,78.08,165.29,SeasonalProfile+EWMA,2026-07-29T02:51:21Z
FC-WDF01-000214,WDF01,AR00136,2026-07-05T17:00:00Z,2026-07-05,17,0.123,0,1.262,,78.08,165.29,SeasonalProfile+EWMA,2026-07-29T02:51:21Z
FC-WDF01-000215,WDF01,AR00136,2026-07-05T18:00:00Z,2026-07-05,18,0.086,0,1.225,,78.08,165.29,SeasonalProfile+EWMA,2026-07-29T02:51:21Z
FC-WDF01-000216,WDF01,AR00136,2026-07-05T19:00:00Z,2026-07-05,19,0.07,0,1.208,,78.08,165.29,SeasonalProfile+EWMA,2026-07-29T02:51:21Z
FC-WDF01-000217,WDF01,AR00136,2026-07-05T20:00:00Z,2026-07-05,20,0.031,0,1.17,,78.08,165.29,SeasonalProfile+EWMA,2026-07-29T02:51:21Z
FC-WDF01-000218,WDF01,AR00136,2026-07-05T21:00:00Z,2026-07-05,21,0.049,0,1.188,,78.08,165.29,SeasonalProfile+EWMA,2026-07-29T02:51:21Z
FC-WDF01-000219,WDF01,AR90034,2026-07-03T22:00:00Z,2026-07-03,22,0.044,0,2.313,,92.03,271.57,SeasonalProfile+EWMA,2026-07-29T02:51:21Z
FC-WDF01-000220,WDF01,AR90034,2026-07-04T12:00:00Z,2026-07-04,12,0.021,0,2.29,,92.03,271.57,SeasonalProfile+EWMA,2026-07-29T02:51:21Z
FC-WDF01-000221,WDF01,AR90034,2026-07-04T13:00:00Z,2026-07-04,13,0.03,0,2.299,,92.03,271.57,SeasonalProfile+EWMA,2026-07-29T02:51:21Z
FC-WDF01-000222,WDF01,AR90034,2026-07-04T14:00:00Z,2026-07-04,14,0.026,0,2.295,,92.03,271.57,SeasonalProfile+EWMA,2026-07-29T02:51:21Z
FC-WDF01-000223,WDF01,AR90034,2026-07-04T15:00:00Z,2026-07-04,15,0.025,0,2.294,,92.03,271.57,SeasonalProfile+EWMA,2026-07-29T02:51:21Z
FC-WDF01-000224,WDF01,AR90034,2026-07-04T16:00:00Z,2026-07-04,16,0.038,0,2.307,,92.03,271.57,SeasonalProfile+EWMA,2026-07-29T02:51:21Z
FC-WDF01-000225,WDF01,AR90034,2026-07-04T17:00:00Z,2026-07-04,17,0.036,0,2.305,,92.03,271.57,SeasonalProfile+EWMA,2026-07-29T02:51:21Z
FC-WDF01-000226,WDF01,AR90034,2026-07-04T18:00:00Z,2026-07-04,18,0.03,0,2.299,,92.03,271.57,SeasonalProfile+EWMA,2026-07-29T02:51:21Z
FC-WDF01-000227,WDF01,AR90034,2026-07-04T19:00:00Z,2026-07-04,19,0.018,0,2.287,,92.03,271.57,SeasonalProfile+EWMA,2026-07-29T02:51:21Z
FC-WDF01-000228,WDF01,AR90034,2026-07-04T21:00:00Z,2026-07-04,21,0.027,0,2.296,,92.03,271.57,SeasonalProfile+EWMA,2026-07-29T02:51:21Z
FC-WDF01-000229,WDF01,AR90034,2026-07-04T22:00:00Z,2026-07-04,22,0.019,0,2.288,,92.03,271.57,SeasonalProfile+EWMA,2026-07-29T02:51:21Z
FC-WDF01-000230,WDF01,AR90034,2026-07-05T09:00:00Z,2026-07-05,9,0.016,0,2.285,,92.03,271.57,SeasonalProfile+EWMA,2026-07-29T02:51:21Z
FC-WDF01-000231,WDF01,AR90034,2026-07-05T11:00:00Z,2026-07-05,11,0.019,0,2.288,,92.03,271.57,SeasonalProfile+EWMA,2026-07-29T02:51:21Z
FC-WDF01-000232,WDF01,AR90034,2026-07-05T12:00:00Z,2026-07-05,12,0.039,0,2.308,,92.03,271.57,SeasonalProfile+EWMA,2026-07-29T02:51:21Z
FC-WDF01-000233,WDF01,AR90034,2026-07-05T13:00:00Z,2026-07-05,13,0.056,0,2.325,,92.03,271.57,SeasonalProfile+EWMA,2026-07-29T02:51:21Z
FC-WDF01-000234,WDF01,AR90034,2026-07-05T14:00:00Z,2026-07-05,14,0.05,0,2.319,,92.03,271.57,SeasonalProfile+EWMA,2026-07-29T02:51:21Z
FC-WDF01-000235,WDF01,AR90034,2026-07-05T15:00:00Z,2026-07-05,15,0.048,0,2.317,,92.03,271.57,SeasonalProfile+EWMA,2026-07-29T02:51:21Z
FC-WDF01-000236,WDF01,AR90034,2026-07-05T16:00:00Z,2026-07-05,16,0.071,0,2.34,,92.03,271.57,SeasonalProfile+EWMA,2026-07-29T02:51:21Z
FC-WDF01-000237,WDF01,AR90034,2026-07-05T17:00:00Z,2026-07-05,17,0.067,0,2.336,,92.03,271.57,SeasonalProfile+EWMA,2026-07-29T02:51:21Z
FC-WDF01-000238,WDF01,AR90034,2026-07-05T18:00:00Z,2026-07-05,18,0.056,0,2.325,,92.03,271.57,SeasonalProfile+EWMA,2026-07-29T02:51:21Z
FC-WDF01-000239,WDF01,AR90034,2026-07-05T19:00:00Z,2026-07-05,19,0.034,0,2.303,,92.03,271.57,SeasonalProfile+EWMA,2026-07-29T02:51:21Z
FC-WDF01-000240,WDF01,AR90034,2026-07-05T20:00:00Z,2026-07-05,20,0.023,0,2.292,,92.03,271.57,SeasonalProfile+EWMA,2026-07-29T02:51:21Z
FC-WDF01-000241,WDF01,AR90034,2026-07-05T21:00:00Z,2026-07-05,21,0.05,0,2.319,,92.03,271.57,SeasonalProfile+EWMA,2026-07-29T02:51:21Z
FC-WDF01-000242,WDF01,AR90015,2026-07-04T01:00:00Z,2026-07-04,1,0.025,0,0.65,,84.01,166.07,SeasonalProfile+EWMA,2026-07-29T02:51:21Z
FC-WDF01-000243,WDF01,AR90015,2026-07-04T08:00:00Z,2026-07-04,8,0.029,0,0.655,,84.01,166.07,SeasonalProfile+EWMA,2026-07-29T02:51:21Z
FC-WDF01-000244,WDF01,AR90015,2026-07-04T09:00:00Z,2026-07-04,9,0.027,0,0.653,,84.01,166.07,SeasonalProfile+EWMA,2026-07-29T02:51:21Z
FC-WDF01-000245,WDF01,AR90015,2026-07-04T11:00:00Z,2026-07-04,11,0.017,0,0.642,,84.01,166.07,SeasonalProfile+EWMA,2026-07-29T02:51:21Z
FC-WDF01-000246,WDF01,AR90015,2026-07-04T12:00:00Z,2026-07-04,12,0.091,0,0.716,,84.01,166.07,SeasonalProfile+EWMA,2026-07-29T02:51:21Z
FC-WDF01-000247,WDF01,AR90015,2026-07-04T13:00:00Z,2026-07-04,13,0.087,0,0.712,,84.01,166.07,SeasonalProfile+EWMA,2026-07-29T02:51:21Z
FC-WDF01-000248,WDF01,AR90015,2026-07-04T14:00:00Z,2026-07-04,14,0.055,0,0.681,,84.01,166.07,SeasonalProfile+EWMA,2026-07-29T02:51:21Z
FC-WDF01-000249,WDF01,AR90015,2026-07-04T15:00:00Z,2026-07-04,15,0.032,0,0.658,,84.01,166.07,SeasonalProfile+EWMA,2026-07-29T02:51:21Z
FC-WDF01-000250,WDF01,AR90015,2026-07-04T16:00:00Z,2026-07-04,16,0.044,0,0.669,,84.01,166.07,SeasonalProfile+EWMA,2026-07-29T02:51:21Z
FC-WDF01-000251,WDF01,AR90015,2026-07-04T17:00:00Z,2026-07-04,17,0.032,0,0.658,,84.01,166.07,SeasonalProfile+EWMA,2026-07-29T02:51:21Z
FC-WDF01-000252,WDF01,AR90015,2026-07-04T18:00:00Z,2026-07-04,18,0.054,0,0.68,,84.01,166.07,SeasonalProfile+EWMA,2026-07-29T02:51:21Z
FC-WDF01-000253,WDF01,AR90015,2026-07-04T19:00:00Z,2026-07-04,19,0.02,0,0.645,,84.01,166.07,SeasonalProfile+EWMA,2026-07-29T02:51:21Z
FC-WDF01-000254,WDF01,AR90015,2026-07-05T01:00:00Z,2026-07-05,1,0.047,0,0.673,,84.01,166.07,SeasonalProfile+EWMA,2026-07-29T02:51:21Z
FC-WDF01-000255,WDF01,AR90015,2026-07-05T02:00:00Z,2026-07-05,2,0.023,0,0.649,,84.01,166.07,SeasonalProfile+EWMA,2026-07-29T02:51:21Z
FC-WDF01-000256,WDF01,AR90015,2026-07-05T07:00:00Z,2026-07-05,7,0.018,0,0.644,,84.01,166.07,SeasonalProfile+EWMA,2026-07-29T02:51:21Z
FC-WDF01-000257,WDF01,AR90015,2026-07-05T08:00:00Z,2026-07-05,8,0.055,0,0.681,,84.01,166.07,SeasonalProfile+EWMA,2026-07-29T02:51:21Z
FC-WDF01-000258,WDF01,AR90015,2026-07-05T09:00:00Z,2026-07-05,9,0.051,0,0.677,,84.01,166.07,SeasonalProfile+EWMA,2026-07-29T02:51:21Z
FC-WDF01-000259,WDF01,AR90015,2026-07-05T10:00:00Z,2026-07-05,10,0.021,0,0.646,,84.01,166.07,SeasonalProfile+EWMA,2026-07-29T02:51:21Z
FC-WDF01-000260,WDF01,AR90015,2026-07-05T11:00:00Z,2026-07-05,11,0.031,0,0.657,,84.01,166.07,SeasonalProfile+EWMA,2026-07-29T02:51:21Z
FC-WDF01-000261,WDF01,AR90015,2026-07-05T12:00:00Z,2026-07-05,12,0.171,0,0.796,,84.01,166.07,SeasonalProfile+EWMA,2026-07-29T02:51:21Z
FC-WDF01-000262,WDF01,AR90015,2026-07-05T13:00:00Z,2026-07-05,13,0.163,0,0.789,,84.01,166.07,SeasonalProfile+EWMA,2026-07-29T02:51:21Z
FC-WDF01-000263,WDF01,AR90015,2026-07-05T14:00:00Z,2026-07-05,14,0.104,0,0.73,,84.01,166.07,SeasonalProfile+EWMA,2026-07-29T02:51:21Z
FC-WDF01-000264,WDF01,AR90015,2026-07-05T15:00:00Z,2026-07-05,15,0.06,0,0.686,,84.01,166.07,SeasonalProfile+EWMA,2026-07-29T02:51:21Z
FC-WDF01-000265,WDF01,AR90015,2026-07-05T16:00:00Z,2026-07-05,16,0.083,0,0.708,,84.01,166.07,SeasonalProfile+EWMA,2026-07-29T02:51:21Z
FC-WDF01-000266,WDF01,AR90015,2026-07-05T17:00:00Z,2026-07-05,17,0.06,0,0.686,,84.01,166.07,SeasonalProfile+EWMA,2026-07-29T02:51:21Z
FC-WDF01-000267,WDF01,AR90015,2026-07-05T18:00:00Z,2026-07-05,18,0.102,0,0.727,,84.01,166.07,SeasonalProfile+EWMA,2026-07-29T02:51:21Z
FC-WDF01-000268,WDF01,AR90015,2026-07-05T19:00:00Z,2026-07-05,19,0.037,0,0.662,,84.01,166.07,SeasonalProfile+EWMA,2026-07-29T02:51:21Z
FC-WDF01-000269,WDF01,AR90015,2026-07-05T20:00:00Z,2026-07-05,20,0.017,0,0.642,,84.01,166.07,SeasonalProfile+EWMA,2026-07-29T02:51:21Z
FC-WDF01-000270,WDF01,AR90015,2026-07-05T21:00:00Z,2026-07-05,21,0.018,0,0.644,,84.01,166.07,SeasonalProfile+EWMA,2026-07-29T02:51:21Z
FC-WDF01-000271,WDF01,AR00188,2026-07-04T08:00:00Z,2026-07-04,8,0.023,0,0.369,,89.98,225.82,SeasonalProfile+EWMA,2026-07-29T02:51:21Z
FC-WDF01-000272,WDF01,AR00188,2026-07-04T09:00:00Z,2026-07-04,9,0.024,0,0.371,,89.98,225.82,SeasonalProfile+EWMA,2026-07-29T02:51:21Z
FC-WDF01-000273,WDF01,AR00188,2026-07-04T10:00:00Z,2026-07-04,10,0.03,0,0.376,,89.98,225.82,SeasonalProfile+EWMA,2026-07-29T02:51:21Z
FC-WDF01-000274,WDF01,AR00188,2026-07-04T13:00:00Z,2026-07-04,13,0.033,0,0.379,,89.98,225.82,SeasonalProfile+EWMA,2026-07-29T02:51:21Z
FC-WDF01-000275,WDF01,AR00188,2026-07-04T14:00:00Z,2026-07-04,14,0.025,0,0.371,,89.98,225.82,SeasonalProfile+EWMA,2026-07-29T02:51:21Z
FC-WDF01-000276,WDF01,AR00188,2026-07-04T15:00:00Z,2026-07-04,15,0.02,0,0.366,,89.98,225.82,SeasonalProfile+EWMA,2026-07-29T02:51:21Z
FC-WDF01-000277,WDF01,AR00188,2026-07-04T16:00:00Z,2026-07-04,16,0.034,0,0.38,,89.98,225.82,SeasonalProfile+EWMA,2026-07-29T02:51:21Z
FC-WDF01-000278,WDF01,AR00188,2026-07-04T17:00:00Z,2026-07-04,17,0.035,0,0.381,,89.98,225.82,SeasonalProfile+EWMA,2026-07-29T02:51:21Z
FC-WDF01-000279,WDF01,AR00188,2026-07-04T18:00:00Z,2026-07-04,18,0.045,0,0.391,,89.98,225.82,SeasonalProfile+EWMA,2026-07-29T02:51:21Z
FC-WDF01-000280,WDF01,AR00188,2026-07-04T19:00:00Z,2026-07-04,19,0.033,0,0.379,,89.98,225.82,SeasonalProfile+EWMA,2026-07-29T02:51:21Z
FC-WDF01-000281,WDF01,AR00188,2026-07-04T20:00:00Z,2026-07-04,20,0.02,0,0.366,,89.98,225.82,SeasonalProfile+EWMA,2026-07-29T02:51:21Z
FC-WDF01-000282,WDF01,AR00188,2026-07-05T07:00:00Z,2026-07-05,7,0.018,0,0.364,,89.98,225.82,SeasonalProfile+EWMA,2026-07-29T02:51:21Z
FC-WDF01-000283,WDF01,AR00188,2026-07-05T08:00:00Z,2026-07-05,8,0.044,0,0.39,,89.98,225.82,SeasonalProfile+EWMA,2026-07-29T02:51:21Z
FC-WDF01-000284,WDF01,AR00188,2026-07-05T09:00:00Z,2026-07-05,9,0.046,0,0.392,,89.98,225.82,SeasonalProfile+EWMA,2026-07-29T02:51:21Z
FC-WDF01-000285,WDF01,AR00188,2026-07-05T10:00:00Z,2026-07-05,10,0.057,0,0.403,,89.98,225.82,SeasonalProfile+EWMA,2026-07-29T02:51:21Z
FC-WDF01-000286,WDF01,AR00188,2026-07-05T11:00:00Z,2026-07-05,11,0.026,0,0.372,,89.98,225.82,SeasonalProfile+EWMA,2026-07-29T02:51:21Z
FC-WDF01-000287,WDF01,AR00188,2026-07-05T12:00:00Z,2026-07-05,12,0.025,0,0.372,,89.98,225.82,SeasonalProfile+EWMA,2026-07-29T02:51:21Z
FC-WDF01-000288,WDF01,AR00188,2026-07-05T13:00:00Z,2026-07-05,13,0.062,0,0.408,,89.98,225.82,SeasonalProfile+EWMA,2026-07-29T02:51:21Z
FC-WDF01-000289,WDF01,AR00188,2026-07-05T14:00:00Z,2026-07-05,14,0.047,0,0.394,,89.98,225.82,SeasonalProfile+EWMA,2026-07-29T02:51:21Z
FC-WDF01-000290,WDF01,AR00188,2026-07-05T15:00:00Z,2026-07-05,15,0.038,0,0.384,,89.98,225.82,SeasonalProfile+EWMA,2026-07-29T02:51:21Z
FC-WDF01-000291,WDF01,AR00188,2026-07-05T16:00:00Z,2026-07-05,16,0.064,0,0.411,,89.98,225.82,SeasonalProfile+EWMA,2026-07-29T02:51:21Z
FC-WDF01-000292,WDF01,AR00188,2026-07-05T17:00:00Z,2026-07-05,17,0.066,0,0.412,,89.98,225.82,SeasonalProfile+EWMA,2026-07-29T02:51:21Z
FC-WDF01-000293,WDF01,AR00188,2026-07-05T18:00:00Z,2026-07-05,18,0.085,0,0.431,,89.98,225.82,SeasonalProfile+EWMA,2026-07-29T02:51:21Z
FC-WDF01-000294,WDF01,AR00188,2026-07-05T19:00:00Z,2026-07-05,19,0.062,0,0.408,,89.98,225.82,SeasonalProfile+EWMA,2026-07-29T02:51:21Z
FC-WDF01-000295,WDF01,AR00188,2026-07-05T20:00:00Z,2026-07-05,20,0.037,0,0.383,,89.98,225.82,SeasonalProfile+EWMA,2026-07-29T02:51:21Z
FC-WDF01-000296,WDF01,AR00188,2026-07-05T21:00:00Z,2026-07-05,21,0.016,0,0.362,,89.98,225.82,SeasonalProfile+EWMA,2026-07-29T02:51:21Z
FC-WDF01-000297,WDF01,AR00080,2026-07-04T14:00:00Z,2026-07-04,14,0.018,0,1.826,,94.87,238.92,SeasonalProfile+EWMA,2026-07-29T02:51:21Z
FC-WDF01-000298,WDF01,AR00080,2026-07-04T15:00:00Z,2026-07-04,15,0.032,0,1.84,,94.87,238.92,SeasonalProfile+EWMA,2026-07-29T02:51:21Z
FC-WDF01-000299,WDF01,AR00080,2026-07-04T16:00:00Z,2026-07-04,16,0.019,0,1.826,,94.87,238.92,SeasonalProfile+EWMA,2026-07-29T02:51:21Z
FC-WDF01-000300,WDF01,AR00080,2026-07-04T18:00:00Z,2026-07-04,18,0.026,0,1.834,,94.87,238.92,SeasonalProfile+EWMA,2026-07-29T02:51:21Z
FC-WDF01-000301,WDF01,AR00080,2026-07-05T10:00:00Z,2026-07-05,10,0.017,0,1.824,,94.87,238.92,SeasonalProfile+EWMA,2026-07-29T02:51:21Z
FC-WDF01-000302,WDF01,AR00080,2026-07-05T11:00:00Z,2026-07-05,11,0.016,0,1.823,,94.87,238.92,SeasonalProfile+EWMA,2026-07-29T02:51:21Z
FC-WDF01-000303,WDF01,AR00080,2026-07-05T12:00:00Z,2026-07-05,12,0.017,0,1.825,,94.87,238.92,SeasonalProfile+EWMA,2026-07-29T02:51:21Z
FC-WDF01-000304,WDF01,AR00080,2026-07-05T13:00:00Z,2026-07-05,13,0.027,0,1.834,,94.87,238.92,SeasonalProfile+EWMA,2026-07-29T02:51:21Z
FC-WDF01-000305,WDF01,AR00080,2026-07-05T14:00:00Z,2026-07-05,14,0.035,0,1.842,,94.87,238.92,SeasonalProfile+EWMA,2026-07-29T02:51:21Z
FC-WDF01-000306,WDF01,AR00080,2026-07-05T15:00:00Z,2026-07-05,15,0.061,0,1.868,,94.87,238.92,SeasonalProfile+EWMA,2026-07-29T02:51:21Z
FC-WDF01-000307,WDF01,AR00080,2026-07-05T16:00:00Z,2026-07-05,16,0.035,0,1.843,,94.87,238.92,SeasonalProfile+EWMA,2026-07-29T02:51:21Z
FC-WDF01-000308,WDF01,AR00080,2026-07-05T17:00:00Z,2026-07-05,17,0.021,0,1.829,,94.87,238.92,SeasonalProfile+EWMA,2026-07-29T02:51:21Z
FC-WDF01-000309,WDF01,AR00080,2026-07-05T18:00:00Z,2026-07-05,18,0.049,0,1.857,,94.87,238.92,SeasonalProfile+EWMA,2026-07-29T02:51:21Z
FC-WDF01-000310,WDF01,AR00080,2026-07-05T19:00:00Z,2026-07-05,19,0.02,0,1.828,,94.87,238.92,SeasonalProfile+EWMA,2026-07-29T02:51:21Z
FC-WDF01-000311,WDF01,AR90012,2026-07-04T12:00:00Z,2026-07-04,12,0.02,0,0.733,,92.48,227.9,SeasonalProfile+EWMA,2026-07-29T02:51:21Z
FC-WDF01-000312,WDF01,AR90012,2026-07-04T13:00:00Z,2026-07-04,13,0.036,0,0.749,,92.48,227.9,SeasonalProfile+EWMA,2026-07-29T02:51:21Z
FC-WDF01-000313,WDF01,AR90012,2026-07-04T14:00:00Z,2026-07-04,14,0.028,0,0.742,,92.48,227.9,SeasonalProfile+EWMA,2026-07-29T02:51:21Z
FC-WDF01-000314,WDF01,AR90012,2026-07-04T15:00:00Z,2026-07-04,15,0.022,0,0.736,,92.48,227.9,SeasonalProfile+EWMA,2026-07-29T02:51:21Z
FC-WDF01-000315,WDF01,AR90012,2026-07-04T16:00:00Z,2026-07-04,16,0.018,0,0.731,,92.48,227.9,SeasonalProfile+EWMA,2026-07-29T02:51:21Z
FC-WDF01-000316,WDF01,AR90012,2026-07-05T12:00:00Z,2026-07-05,12,0.037,0,0.751,,92.48,227.9,SeasonalProfile+EWMA,2026-07-29T02:51:21Z
FC-WDF01-000317,WDF01,AR90012,2026-07-05T13:00:00Z,2026-07-05,13,0.067,0,0.781,,92.48,227.9,SeasonalProfile+EWMA,2026-07-29T02:51:21Z
FC-WDF01-000318,WDF01,AR90012,2026-07-05T14:00:00Z,2026-07-05,14,0.053,0,0.767,,92.48,227.9,SeasonalProfile+EWMA,2026-07-29T02:51:21Z
FC-WDF01-000319,WDF01,AR90012,2026-07-05T15:00:00Z,2026-07-05,15,0.041,0,0.755,,92.48,227.9,SeasonalProfile+EWMA,2026-07-29T02:51:21Z
FC-WDF01-000320,WDF01,AR90012,2026-07-05T16:00:00Z,2026-07-05,16,0.034,0,0.747,,92.48,227.9,SeasonalProfile+EWMA,2026-07-29T02:51:21Z
FC-WDF01-000321,WDF01,AR90012,2026-07-05T17:00:00Z,2026-07-05,17,0.016,0,0.73,,92.48,227.9,SeasonalProfile+EWMA,2026-07-29T02:51:21Z
FC-WDF01-000322,WDF01,AR90012,2026-07-05T18:00:00Z,2026-07-05,18,0.02,0,0.733,,92.48,227.9,SeasonalProfile+EWMA,2026-07-29T02:51:21Z
FC-WDF01-000323,WDF01,AR00245,2026-07-03T22:00:00Z,2026-07-03,22,0.017,0,0.228,,97.3,153.59,SeasonalProfile+EWMA,2026-07-29T02:51:21Z
FC-WDF01-000324,WDF01,AR00245,2026-07-05T20:00:00Z,2026-07-05,20,0.017,0,0.227,,97.3,153.59,SeasonalProfile+EWMA,2026-07-29T02:51:21Z
FC-WDF01-000325,WDF01,AR00009,2026-07-03T22:00:00Z,2026-07-03,22,0.015,0,3.032,,93.81,267.69,SeasonalProfile+EWMA,2026-07-29T02:51:21Z
FC-WDF01-000326,WDF01,AR00009,2026-07-04T12:00:00Z,2026-07-04,12,0.025,0,3.042,,93.81,267.69,SeasonalProfile+EWMA,2026-07-29T02:51:21Z
FC-WDF01-000327,WDF01,AR00009,2026-07-04T13:00:00Z,2026-07-04,13,0.04,0,3.056,,93.81,267.69,SeasonalProfile+EWMA,2026-07-29T02:51:21Z
FC-WDF01-000328,WDF01,AR00009,2026-07-04T14:00:00Z,2026-07-04,14,0.034,0,3.05,,93.81,267.69,SeasonalProfile+EWMA,2026-07-29T02:51:21Z
FC-WDF01-000329,WDF01,AR00009,2026-07-04T15:00:00Z,2026-07-04,15,0.035,0,3.052,,93.81,267.69,SeasonalProfile+EWMA,2026-07-29T02:51:21Z
FC-WDF01-000330,WDF01,AR00009,2026-07-04T16:00:00Z,2026-07-04,16,0.038,0,3.055,,93.81,267.69,SeasonalProfile+EWMA,2026-07-29T02:51:21Z
FC-WDF01-000331,WDF01,AR00009,2026-07-04T17:00:00Z,2026-07-04,17,0.04,0,3.056,,93.81,267.69,SeasonalProfile+EWMA,2026-07-29T02:51:21Z
FC-WDF01-000332,WDF01,AR00009,2026-07-04T18:00:00Z,2026-07-04,18,0.058,0,3.075,,93.81,267.69,SeasonalProfile+EWMA,2026-07-29T02:51:21Z
FC-WDF01-000333,WDF01,AR00009,2026-07-04T19:00:00Z,2026-07-04,19,0.029,0,3.045,,93.81,267.69,SeasonalProfile+EWMA,2026-07-29T02:51:21Z
FC-WDF01-000334,WDF01,AR00009,2026-07-04T20:00:00Z,2026-07-04,20,0.032,0,3.048,,93.81,267.69,SeasonalProfile+EWMA,2026-07-29T02:51:21Z
FC-WDF01-000335,WDF01,AR00009,2026-07-04T21:00:00Z,2026-07-04,21,0.019,0,3.036,,93.81,267.69,SeasonalProfile+EWMA,2026-07-29T02:51:21Z
FC-WDF01-000336,WDF01,AR00009,2026-07-05T08:00:00Z,2026-07-05,8,0.025,0,3.042,,93.81,267.69,SeasonalProfile+EWMA,2026-07-29T02:51:21Z
FC-WDF01-000337,WDF01,AR00009,2026-07-05T09:00:00Z,2026-07-05,9,0.024,0,3.04,,93.81,267.69,SeasonalProfile+EWMA,2026-07-29T02:51:21Z
FC-WDF01-000338,WDF01,AR00009,2026-07-05T10:00:00Z,2026-07-05,10,0.018,0,3.034,,93.81,267.69,SeasonalProfile+EWMA,2026-07-29T02:51:21Z
FC-WDF01-000339,WDF01,AR00009,2026-07-05T11:00:00Z,2026-07-05,11,0.021,0,3.038,,93.81,267.69,SeasonalProfile+EWMA,2026-07-29T02:51:21Z
FC-WDF01-000340,WDF01,AR00009,2026-07-05T12:00:00Z,2026-07-05,12,0.048,0,3.064,,93.81,267.69,SeasonalProfile+EWMA,2026-07-29T02:51:21Z
FC-WDF01-000341,WDF01,AR00009,2026-07-05T13:00:00Z,2026-07-05,13,0.074,0,3.091,,93.81,267.69,SeasonalProfile+EWMA,2026-07-29T02:51:21Z
FC-WDF01-000342,WDF01,AR00009,2026-07-05T14:00:00Z,2026-07-05,14,0.064,0,3.08,,93.81,267.69,SeasonalProfile+EWMA,2026-07-29T02:51:21Z
FC-WDF01-000343,WDF01,AR00009,2026-07-05T15:00:00Z,2026-07-05,15,0.066,0,3.082,,93.81,267.69,SeasonalProfile+EWMA,2026-07-29T02:51:21Z
FC-WDF01-000344,WDF01,AR00009,2026-07-05T16:00:00Z,2026-07-05,16,0.072,0,3.088,,93.81,267.69,SeasonalProfile+EWMA,2026-07-29T02:51:21Z
FC-WDF01-000345,WDF01,AR00009,2026-07-05T17:00:00Z,2026-07-05,17,0.075,0,3.091,,93.81,267.69,SeasonalProfile+EWMA,2026-07-29T02:51:21Z
FC-WDF01-000346,WDF01,AR00009,2026-07-05T18:00:00Z,2026-07-05,18,0.109,0,3.126,,93.81,267.69,SeasonalProfile+EWMA,2026-07-29T02:51:21Z
FC-WDF01-000347,WDF01,AR00009,2026-07-05T19:00:00Z,2026-07-05,19,0.054,0,3.07,,93.81,267.69,SeasonalProfile+EWMA,2026-07-29T02:51:21Z
FC-WDF01-000348,WDF01,AR00009,2026-07-05T20:00:00Z,2026-07-05,20,0.059,0,3.076,,93.81,267.69,SeasonalProfile+EWMA,2026-07-29T02:51:21Z
FC-WDF01-000349,WDF01,AR00009,2026-07-05T21:00:00Z,2026-07-05,21,0.037,0,3.053,,93.81,267.69,SeasonalProfile+EWMA,2026-07-29T02:51:21Z
FC-WDF01-000350,WDF01,AR90036,2026-07-04T11:00:00Z,2026-07-04,11,0.023,0,1.122,,93.4,209.64,SeasonalProfile+EWMA,2026-07-29T02:51:21Z
FC-WDF01-000351,WDF01,AR90036,2026-07-04T12:00:00Z,2026-07-04,12,0.025,0,1.123,,93.4,209.64,SeasonalProfile+EWMA,2026-07-29T02:51:21Z
FC-WDF01-000352,WDF01,AR90036,2026-07-04T13:00:00Z,2026-07-04,13,0.048,0,1.147,,93.4,209.64,SeasonalProfile+EWMA,2026-07-29T02:51:21Z
FC-WDF01-000353,WDF01,AR90036,2026-07-04T14:00:00Z,2026-07-04,14,0.043,0,1.141,,93.4,209.64,SeasonalProfile+EWMA,2026-07-29T02:51:21Z
FC-WDF01-000354,WDF01,AR90036,2026-07-04T15:00:00Z,2026-07-04,15,0.027,0,1.125,,93.4,209.64,SeasonalProfile+EWMA,2026-07-29T02:51:21Z
FC-WDF01-000355,WDF01,AR90036,2026-07-04T16:00:00Z,2026-07-04,16,0.029,0,1.127,,93.4,209.64,SeasonalProfile+EWMA,2026-07-29T02:51:21Z
FC-WDF01-000356,WDF01,AR90036,2026-07-04T17:00:00Z,2026-07-04,17,0.033,0,1.132,,93.4,209.64,SeasonalProfile+EWMA,2026-07-29T02:51:21Z
FC-WDF01-000357,WDF01,AR90036,2026-07-04T18:00:00Z,2026-07-04,18,0.043,0,1.142,,93.4,209.64,SeasonalProfile+EWMA,2026-07-29T02:51:21Z
FC-WDF01-000358,WDF01,AR90036,2026-07-04T19:00:00Z,2026-07-04,19,0.018,0,1.117,,93.4,209.64,SeasonalProfile+EWMA,2026-07-29T02:51:21Z
FC-WDF01-000359,WDF01,AR90036,2026-07-04T20:00:00Z,2026-07-04,20,0.022,0,1.12,,93.4,209.64,SeasonalProfile+EWMA,2026-07-29T02:51:21Z
FC-WDF01-000360,WDF01,AR90036,2026-07-04T21:00:00Z,2026-07-04,21,0.029,0,1.128,,93.4,209.64,SeasonalProfile+EWMA,2026-07-29T02:51:21Z
FC-WDF01-000361,WDF01,AR90036,2026-07-05T11:00:00Z,2026-07-05,11,0.044,0,1.143,,93.4,209.64,SeasonalProfile+EWMA,2026-07-29T02:51:21Z
FC-WDF01-000362,WDF01,AR90036,2026-07-05T12:00:00Z,2026-07-05,12,0.046,0,1.145,,93.4,209.64,SeasonalProfile+EWMA,2026-07-29T02:51:21Z
FC-WDF01-000363,WDF01,AR90036,2026-07-05T13:00:00Z,2026-07-05,13,0.09,0,1.189,,93.4,209.64,SeasonalProfile+EWMA,2026-07-29T02:51:21Z
FC-WDF01-000364,WDF01,AR90036,2026-07-05T14:00:00Z,2026-07-05,14,0.08,0,1.179,,93.4,209.64,SeasonalProfile+EWMA,2026-07-29T02:51:21Z
FC-WDF01-000365,WDF01,AR90036,2026-07-05T15:00:00Z,2026-07-05,15,0.05,0,1.149,,93.4,209.64,SeasonalProfile+EWMA,2026-07-29T02:51:21Z
FC-WDF01-000366,WDF01,AR90036,2026-07-05T16:00:00Z,2026-07-05,16,0.054,0,1.152,,93.4,209.64,SeasonalProfile+EWMA,2026-07-29T02:51:21Z
FC-WDF01-000367,WDF01,AR90036,2026-07-05T17:00:00Z,2026-07-05,17,0.062,0,1.161,,93.4,209.64,SeasonalProfile+EWMA,2026-07-29T02:51:21Z
FC-WDF01-000368,WDF01,AR90036,2026-07-05T18:00:00Z,2026-07-05,18,0.082,0,1.181,,93.4,209.64,SeasonalProfile+EWMA,2026-07-29T02:51:21Z
FC-WDF01-000369,WDF01,AR90036,2026-07-05T19:00:00Z,2026-07-05,19,0.034,0,1.133,,93.4,209.64,SeasonalProfile+EWMA,2026-07-29T02:51:21Z
FC-WDF01-000370,WDF01,AR90036,2026-07-05T20:00:00Z,2026-07-05,20,0.041,0,1.14,,93.4,209.64,SeasonalProfile+EWMA,2026-07-29T02:51:21Z
FC-WDF01-000371,WDF01,AR90036,2026-07-05T21:00:00Z,2026-07-05,21,0.054,0,1.153,,93.4,209.64,SeasonalProfile+EWMA,2026-07-29T02:51:21Z
FC-WDF01-000372,WDF01,AR00241,2026-07-05T16:00:00Z,2026-07-05,16,0.021,0,0.285,,97.87,207.48,SeasonalProfile+EWMA,2026-07-29T02:51:21Z
FC-WDF01-000373,WDF01,AR00241,2026-07-05T17:00:00Z,2026-07-05,17,0.026,0,0.291,,97.87,207.48,SeasonalProfile+EWMA,2026-07-29T02:51:21Z
FC-WDF01-000374,WDF01,AR00241,2026-07-05T18:00:00Z,2026-07-05,18,0.018,0,0.282,,97.87,207.48,SeasonalProfile+EWMA,2026-07-29T02:51:21Z
FC-WDF01-000375,WDF01,AR90019,2026-07-05T12:00:00Z,2026-07-05,12,0.016,0,0.638,,97.05,176.89,SeasonalProfile+EWMA,2026-07-29T02:51:21Z
FC-WDF01-000376,WDF01,AR90019,2026-07-05T13:00:00Z,2026-07-05,13,0.02,0,0.642,,97.05,176.89,SeasonalProfile+EWMA,2026-07-29T02:51:21Z
FC-WDF01-000377,WDF01,AR90019,2026-07-05T14:00:00Z,2026-07-05,14,0.023,0,0.645,,97.05,176.89,SeasonalProfile+EWMA,2026-07-29T02:51:21Z
FC-WDF01-000378,WDF01,AR90019,2026-07-05T15:00:00Z,2026-07-05,15,0.019,0,0.641,,97.05,176.89,SeasonalProfile+EWMA,2026-07-29T02:51:21Z
FC-WDF01-000379,WDF01,AR90019,2026-07-05T16:00:00Z,2026-07-05,16,0.02,0,0.643,,97.05,176.89,SeasonalProfile+EWMA,2026-07-29T02:51:21Z
FC-WDF01-000380,WDF01,AR90019,2026-07-05T17:00:00Z,2026-07-05,17,0.019,0,0.641,,97.05,176.89,SeasonalProfile+EWMA,2026-07-29T02:51:21Z
FC-WDF01-000381,WDF01,AR90019,2026-07-05T18:00:00Z,2026-07-05,18,0.022,0,0.644,,97.05,176.89,SeasonalProfile+EWMA,2026-07-29T02:51:21Z
FC-WDF01-000382,WDF01,AR00240,2026-07-04T17:00:00Z,2026-07-04,17,0.016,0,0.297,,97.12,265.89,SeasonalProfile+EWMA,2026-07-29T02:51:21Z
FC-WDF01-000383,WDF01,AR00240,2026-07-05T13:00:00Z,2026-07-05,13,0.019,0,0.3,,97.12,265.89,SeasonalProfile+EWMA,2026-07-29T02:51:21Z
FC-WDF01-000384,WDF01,AR00240,2026-07-05T14:00:00Z,2026-07-05,14,0.019,0,0.301,,97.12,265.89,SeasonalProfile+EWMA,2026-07-29T02:51:21Z
FC-WDF01-000385,WDF01,AR00240,2026-07-05T15:00:00Z,2026-07-05,15,0.018,0,0.299,,97.12,265.89,SeasonalProfile+EWMA,2026-07-29T02:51:21Z
FC-WDF01-000386,WDF01,AR00240,2026-07-05T16:00:00Z,2026-07-05,16,0.027,0,0.309,,97.12,265.89,SeasonalProfile+EWMA,2026-07-29T02:51:21Z
FC-WDF01-000387,WDF01,AR00240,2026-07-05T17:00:00Z,2026-07-05,17,0.029,0,0.311,,97.12,265.89,SeasonalProfile+EWMA,2026-07-29T02:51:21Z
FC-WDF01-000388,WDF01,AR00240,2026-07-05T19:00:00Z,2026-07-05,19,0.024,0,0.306,,97.12,265.89,SeasonalProfile+EWMA,2026-07-29T02:51:21Z
FC-WDF01-000389,WDF01,AR00240,2026-07-05T20:00:00Z,2026-07-05,20,0.019,0,0.3,,97.12,265.89,SeasonalProfile+EWMA,2026-07-29T02:51:21Z
FC-WDF01-000390,WDF01,AR00240,2026-07-05T21:00:00Z,2026-07-05,21,0.021,0,0.303,,97.12,265.89,SeasonalProfile+EWMA,2026-07-29T02:51:21Z
FC-WDF01-000391,WDF01,AR00011,2026-07-05T16:00:00Z,2026-07-05,16,0.019,0,0.412,,96.74,369.23,SeasonalProfile+EWMA,2026-07-29T02:51:21Z
FC-WDF01-000392,WDF01,AR00011,2026-07-05T17:00:00Z,2026-07-05,17,0.015,0,0.408,,96.74,369.23,SeasonalProfile+EWMA,2026-07-29T02:51:21Z
FC-WDF01-000393,WDF01,AR00084,2026-07-04T12:00:00Z,2026-07-04,12,0.022,0,0.717,,91.42,157.85,SeasonalProfile+EWMA,2026-07-29T02:51:21Z
FC-WDF01-000394,WDF01,AR00084,2026-07-04T13:00:00Z,2026-07-04,13,0.039,0,0.734,,91.42,157.85,SeasonalProfile+EWMA,2026-07-29T02:51:21Z
FC-WDF01-000395,WDF01,AR00084,2026-07-04T14:00:00Z,2026-07-04,14,0.031,0,0.726,,91.42,157.85,SeasonalProfile+EWMA,2026-07-29T02:51:21Z
FC-WDF01-000396,WDF01,AR00084,2026-07-04T15:00:00Z,2026-07-04,15,0.037,0,0.732,,91.42,157.85,SeasonalProfile+EWMA,2026-07-29T02:51:21Z
FC-WDF01-000397,WDF01,AR00084,2026-07-04T16:00:00Z,2026-07-04,16,0.029,0,0.723,,91.42,157.85,SeasonalProfile+EWMA,2026-07-29T02:51:21Z
FC-WDF01-000398,WDF01,AR00084,2026-07-04T17:00:00Z,2026-07-04,17,0.019,0,0.713,,91.42,157.85,SeasonalProfile+EWMA,2026-07-29T02:51:21Z
FC-WDF01-000399,WDF01,AR00084,2026-07-04T18:00:00Z,2026-07-04,18,0.015,0,0.71,,91.42,157.85,SeasonalProfile+EWMA,2026-07-29T02:51:21Z
FC-WDF01-000400,WDF01,AR00084,2026-07-04T19:00:00Z,2026-07-04,19,0.019,0,0.714,,91.42,157.85,SeasonalProfile+EWMA,2026-07-29T02:51:21Z
FC-WDF01-000401,WDF01,AR00084,2026-07-05T12:00:00Z,2026-07-05,12,0.042,0,0.736,,91.42,157.85,SeasonalProfile+EWMA,2026-07-29T02:51:21Z
FC-WDF01-000402,WDF01,AR00084,2026-07-05T13:00:00Z,2026-07-05,13,0.073,0,0.768,,91.42,157.85,SeasonalProfile+EWMA,2026-07-29T02:51:21Z
FC-WDF01-000403,WDF01,AR00084,2026-07-05T14:00:00Z,2026-07-05,14,0.059,0,0.754,,91.42,157.85,SeasonalProfile+EWMA,2026-07-29T02:51:21Z
FC-WDF01-000404,WDF01,AR00084,2026-07-05T15:00:00Z,2026-07-05,15,0.07,0,0.765,,91.42,157.85,SeasonalProfile+EWMA,2026-07-29T02:51:21Z
FC-WDF01-000405,WDF01,AR00084,2026-07-05T16:00:00Z,2026-07-05,16,0.054,0,0.748,,91.42,157.85,SeasonalProfile+EWMA,2026-07-29T02:51:21Z
FC-WDF01-000406,WDF01,AR00084,2026-07-05T17:00:00Z,2026-07-05,17,0.035,0,0.73,,91.42,157.85,SeasonalProfile+EWMA,2026-07-29T02:51:21Z
FC-WDF01-000407,WDF01,AR00084,2026-07-05T18:00:00Z,2026-07-05,18,0.029,0,0.723,,91.42,157.85,SeasonalProfile+EWMA,2026-07-29T02:51:21Z
FC-WDF01-000408,WDF01,AR00084,2026-07-05T19:00:00Z,2026-07-05,19,0.036,0,0.731,,91.42,157.85,SeasonalProfile+EWMA,2026-07-29T02:51:21Z
FC-WDF01-000409,WDF01,AR00084,2026-07-05T20:00:00Z,2026-07-05,20,0.019,0,0.714,,91.42,157.85,SeasonalProfile+EWMA,2026-07-29T02:51:21Z
FC-WDF01-000410,WDF01,AR00084,2026-07-05T21:00:00Z,2026-07-05,21,0.02,0,0.715,,91.42,157.85,SeasonalProfile+EWMA,2026-07-29T02:51:21Z
FC-WDF01-000411,WDF01,AR00244,2026-07-03T22:00:00Z,2026-07-03,22,0.021,0,0.41,,94.39,329.3,SeasonalProfile+EWMA,2026-07-29T02:51:21Z
FC-WDF01-000412,WDF01,AR00244,2026-07-04T09:00:00Z,2026-07-04,9,0.018,0,0.407,,94.39,329.3,SeasonalProfile+EWMA,2026-07-29T02:51:21Z
FC-WDF01-000413,WDF01,AR00244,2026-07-04T12:00:00Z,2026-07-04,12,0.015,0,0.404,,94.39,329.3,SeasonalProfile+EWMA,2026-07-29T02:51:21Z
FC-WDF01-000414,WDF01,AR00244,2026-07-04T13:00:00Z,2026-07-04,13,0.032,0,0.421,,94.39,329.3,SeasonalProfile+EWMA,2026-07-29T02:51:21Z
FC-WDF01-000415,WDF01,AR00244,2026-07-04T14:00:00Z,2026-07-04,14,0.02,0,0.409,,94.39,329.3,SeasonalProfile+EWMA,2026-07-29T02:51:21Z
FC-WDF01-000416,WDF01,AR00244,2026-07-04T15:00:00Z,2026-07-04,15,0.023,0,0.412,,94.39,329.3,SeasonalProfile+EWMA,2026-07-29T02:51:21Z
FC-WDF01-000417,WDF01,AR00244,2026-07-04T16:00:00Z,2026-07-04,16,0.027,0,0.416,,94.39,329.3,SeasonalProfile+EWMA,2026-07-29T02:51:21Z
FC-WDF01-000418,WDF01,AR00244,2026-07-04T17:00:00Z,2026-07-04,17,0.029,0,0.418,,94.39,329.3,SeasonalProfile+EWMA,2026-07-29T02:51:21Z
FC-WDF01-000419,WDF01,AR00244,2026-07-04T18:00:00Z,2026-07-04,18,0.027,0,0.416,,94.39,329.3,SeasonalProfile+EWMA,2026-07-29T02:51:21Z
FC-WDF01-000420,WDF01,AR00244,2026-07-04T19:00:00Z,2026-07-04,19,0.036,0,0.424,,94.39,329.3,SeasonalProfile+EWMA,2026-07-29T02:51:21Z
FC-WDF01-000421,WDF01,AR00244,2026-07-04T21:00:00Z,2026-07-04,21,0.015,0,0.404,,94.39,329.3,SeasonalProfile+EWMA,2026-07-29T02:51:21Z
FC-WDF01-000422,WDF01,AR00244,2026-07-05T08:00:00Z,2026-07-05,8,0.026,0,0.415,,94.39,329.3,SeasonalProfile+EWMA,2026-07-29T02:51:21Z
FC-WDF01-000423,WDF01,AR00244,2026-07-05T09:00:00Z,2026-07-05,9,0.033,0,0.422,,94.39,329.3,SeasonalProfile+EWMA,2026-07-29T02:51:21Z
FC-WDF01-000424,WDF01,AR00244,2026-07-05T10:00:00Z,2026-07-05,10,0.02,0,0.409,,94.39,329.3,SeasonalProfile+EWMA,2026-07-29T02:51:21Z
FC-WDF01-000425,WDF01,AR00244,2026-07-05T12:00:00Z,2026-07-05,12,0.029,0,0.418,,94.39,329.3,SeasonalProfile+EWMA,2026-07-29T02:51:21Z
FC-WDF01-000426,WDF01,AR00244,2026-07-05T13:00:00Z,2026-07-05,13,0.06,0,0.449,,94.39,329.3,SeasonalProfile+EWMA,2026-07-29T02:51:21Z
FC-WDF01-000427,WDF01,AR00244,2026-07-05T14:00:00Z,2026-07-05,14,0.037,0,0.426,,94.39,329.3,SeasonalProfile+EWMA,2026-07-29T02:51:21Z
FC-WDF01-000428,WDF01,AR00244,2026-07-05T15:00:00Z,2026-07-05,15,0.043,0,0.432,,94.39,329.3,SeasonalProfile+EWMA,2026-07-29T02:51:21Z
FC-WDF01-000429,WDF01,AR00244,2026-07-05T16:00:00Z,2026-07-05,16,0.052,0,0.441,,94.39,329.3,SeasonalProfile+EWMA,2026-07-29T02:51:21Z
FC-WDF01-000430,WDF01,AR00244,2026-07-05T17:00:00Z,2026-07-05,17,0.054,0,0.443,,94.39,329.3,SeasonalProfile+EWMA,2026-07-29T02:51:21Z
FC-WDF01-000431,WDF01,AR00244,2026-07-05T18:00:00Z,2026-07-05,18,0.051,0,0.44,,94.39,329.3,SeasonalProfile+EWMA,2026-07-29T02:51:21Z
FC-WDF01-000432,WDF01,AR00244,2026-07-05T19:00:00Z,2026-07-05,19,0.067,0,0.456,,94.39,329.3,SeasonalProfile+EWMA,2026-07-29T02:51:21Z
FC-WDF01-000433,WDF01,AR00244,2026-07-05T20:00:00Z,2026-07-05,20,0.027,0,0.416,,94.39,329.3,SeasonalProfile+EWMA,2026-07-29T02:51:21Z
FC-WDF01-000434,WDF01,AR00244,2026-07-05T21:00:00Z,2026-07-05,21,0.029,0,0.418,,94.39,329.3,SeasonalProfile+EWMA,2026-07-29T02:51:21Z
FC-WDF01-000435,WDF01,AR00243,2026-07-05T13:00:00Z,2026-07-05,13,0.016,0,0.201,,97.06,159.42,SeasonalProfile+EWMA,2026-07-29T02:51:21Z
FC-WDF01-000436,WDF01,AR00243,2026-07-05T14:00:00Z,2026-07-05,14,0.015,0,0.2,,97.06,159.42,SeasonalProfile+EWMA,2026-07-29T02:51:21Z
FC-WDF01-000437,WDF01,AR00243,2026-07-05T16:00:00Z,2026-07-05,16,0.019,0,0.204,,97.06,159.42,SeasonalProfile+EWMA,2026-07-29T02:51:21Z
FC-WDF01-000438,WDF01,AR00243,2026-07-05T17:00:00Z,2026-07-05,17,0.024,0,0.209,,97.06,159.42,SeasonalProfile+EWMA,2026-07-29T02:51:21Z
FC-WDF01-000439,WDF01,AR00039,2026-07-05T13:00:00Z,2026-07-05,13,0.018,0,1.827,,97.59,367.46,SeasonalProfile+EWMA,2026-07-29T02:51:21Z
FC-WDF01-000440,WDF01,AR90009,2026-07-04T13:00:00Z,2026-07-04,13,0.016,0,0.359,,95.76,202.51,SeasonalProfile+EWMA,2026-07-29T02:51:21Z
FC-WDF01-000441,WDF01,AR90009,2026-07-04T14:00:00Z,2026-07-04,14,0.016,0,0.359,,95.76,202.51,SeasonalProfile+EWMA,2026-07-29T02:51:21Z
FC-WDF01-000442,WDF01,AR90009,2026-07-04T15:00:00Z,2026-07-04,15,0.016,0,0.359,,95.76,202.51,SeasonalProfile+EWMA,2026-07-29T02:51:21Z
FC-WDF01-000443,WDF01,AR90009,2026-07-04T16:00:00Z,2026-07-04,16,0.02,0,0.363,,95.76,202.51,SeasonalProfile+EWMA,2026-07-29T02:51:21Z
FC-WDF01-000444,WDF01,AR90009,2026-07-04T17:00:00Z,2026-07-04,17,0.015,0,0.358,,95.76,202.51,SeasonalProfile+EWMA,2026-07-29T02:51:21Z
FC-WDF01-000445,WDF01,AR90009,2026-07-04T18:00:00Z,2026-07-04,18,0.017,0,0.36,,95.76,202.51,SeasonalProfile+EWMA,2026-07-29T02:51:21Z
FC-WDF01-000446,WDF01,AR90009,2026-07-05T11:00:00Z,2026-07-05,11,0.016,0,0.358,,95.76,202.51,SeasonalProfile+EWMA,2026-07-29T02:51:21Z
FC-WDF01-000447,WDF01,AR90009,2026-07-05T12:00:00Z,2026-07-05,12,0.02,0,0.363,,95.76,202.51,SeasonalProfile+EWMA,2026-07-29T02:51:21Z
FC-WDF01-000448,WDF01,AR90009,2026-07-05T13:00:00Z,2026-07-05,13,0.03,0,0.373,,95.76,202.51,SeasonalProfile+EWMA,2026-07-29T02:51:21Z
FC-WDF01-000449,WDF01,AR90009,2026-07-05T14:00:00Z,2026-07-05,14,0.03,0,0.373,,95.76,202.51,SeasonalProfile+EWMA,2026-07-29T02:51:21Z
FC-WDF01-000450,WDF01,AR90009,2026-07-05T15:00:00Z,2026-07-05,15,0.031,0,0.373,,95.76,202.51,SeasonalProfile+EWMA,2026-07-29T02:51:21Z
FC-WDF01-000451,WDF01,AR90009,2026-07-05T16:00:00Z,2026-07-05,16,0.038,0,0.381,,95.76,202.51,SeasonalProfile+EWMA,2026-07-29T02:51:21Z
FC-WDF01-000452,WDF01,AR90009,2026-07-05T17:00:00Z,2026-07-05,17,0.029,0,0.372,,95.76,202.51,SeasonalProfile+EWMA,2026-07-29T02:51:21Z
FC-WDF01-000453,WDF01,AR90009,2026-07-05T18:00:00Z,2026-07-05,18,0.032,0,0.375,,95.76,202.51,SeasonalProfile+EWMA,2026-07-29T02:51:21Z
FC-WDF01-000454,WDF01,AR90009,2026-07-05T19:00:00Z,2026-07-05,19,0.026,0,0.369,,95.76,202.51,SeasonalProfile+EWMA,2026-07-29T02:51:21Z
FC-WDF01-000455,WDF01,AR90009,2026-07-05T20:00:00Z,2026-07-05,20,0.021,0,0.364,,95.76,202.51,SeasonalProfile+EWMA,2026-07-29T02:51:21Z
FC-WDF01-000456,WDF01,AR90009,2026-07-05T21:00:00Z,2026-07-05,21,0.017,0,0.36,,95.76,202.51,SeasonalProfile+EWMA,2026-07-29T02:51:21Z
FC-WDF01-000457,WDF01,AR00081,2026-07-04T13:00:00Z,2026-07-04,13,0.016,0,3.746,,95.31,220.36,SeasonalProfile+EWMA,2026-07-29T02:51:21Z
FC-WDF01-000458,WDF01,AR00081,2026-07-04T15:00:00Z,2026-07-04,15,0.018,0,3.748,,95.31,220.36,SeasonalProfile+EWMA,2026-07-29T02:51:21Z
FC-WDF01-000459,WDF01,AR00081,2026-07-04T16:00:00Z,2026-07-04,16,0.02,0,3.75,,95.31,220.36,SeasonalProfile+EWMA,2026-07-29T02:51:21Z
FC-WDF01-000460,WDF01,AR00081,2026-07-04T18:00:00Z,2026-07-04,18,0.024,0,3.753,,95.31,220.36,SeasonalProfile+EWMA,2026-07-29T02:51:21Z
FC-WDF01-000461,WDF01,AR00081,2026-07-05T12:00:00Z,2026-07-05,12,0.02,0,3.75,,95.31,220.36,SeasonalProfile+EWMA,2026-07-29T02:51:21Z
FC-WDF01-000462,WDF01,AR00081,2026-07-05T13:00:00Z,2026-07-05,13,0.031,0,3.76,,95.31,220.36,SeasonalProfile+EWMA,2026-07-29T02:51:21Z
FC-WDF01-000463,WDF01,AR00081,2026-07-05T14:00:00Z,2026-07-05,14,0.028,0,3.757,,95.31,220.36,SeasonalProfile+EWMA,2026-07-29T02:51:21Z
FC-WDF01-000464,WDF01,AR00081,2026-07-05T15:00:00Z,2026-07-05,15,0.034,0,3.764,,95.31,220.36,SeasonalProfile+EWMA,2026-07-29T02:51:21Z
FC-WDF01-000465,WDF01,AR00081,2026-07-05T16:00:00Z,2026-07-05,16,0.038,0,3.768,,95.31,220.36,SeasonalProfile+EWMA,2026-07-29T02:51:21Z
FC-WDF01-000466,WDF01,AR00081,2026-07-05T17:00:00Z,2026-07-05,17,0.024,0,3.753,,95.31,220.36,SeasonalProfile+EWMA,2026-07-29T02:51:21Z
FC-WDF01-000467,WDF01,AR00081,2026-07-05T18:00:00Z,2026-07-05,18,0.045,0,3.774,,95.31,220.36,SeasonalProfile+EWMA,2026-07-29T02:51:21Z
FC-WDF01-000468,WDF01,AR00081,2026-07-05T19:00:00Z,2026-07-05,19,0.022,0,3.751,,95.31,220.36,SeasonalProfile+EWMA,2026-07-29T02:51:21Z
FC-WDF01-000469,WDF01,AR00138,2026-07-03T22:00:00Z,2026-07-03,22,0.02,0,1.036,,85.59,200.47,SeasonalProfile+EWMA,2026-07-29T02:51:21Z
FC-WDF01-000470,WDF01,AR00138,2026-07-04T12:00:00Z,2026-07-04,12,0.04,0,1.057,,85.59,200.47,SeasonalProfile+EWMA,2026-07-29T02:51:21Z
FC-WDF01-000471,WDF01,AR00138,2026-07-04T13:00:00Z,2026-07-04,13,0.061,0,1.078,,85.59,200.47,SeasonalProfile+EWMA,2026-07-29T02:51:21Z
FC-WDF01-000472,WDF01,AR00138,2026-07-04T14:00:00Z,2026-07-04,14,0.046,0,1.063,,85.59,200.47,SeasonalProfile+EWMA,2026-07-29T02:51:21Z
FC-WDF01-000473,WDF01,AR00138,2026-07-04T15:00:00Z,2026-07-04,15,0.067,0,1.084,,85.59,200.47,SeasonalProfile+EWMA,2026-07-29T02:51:21Z
FC-WDF01-000474,WDF01,AR00138,2026-07-04T16:00:00Z,2026-07-04,16,0.066,0,1.083,,85.59,200.47,SeasonalProfile+EWMA,2026-07-29T02:51:21Z
FC-WDF01-000475,WDF01,AR00138,2026-07-04T17:00:00Z,2026-07-04,17,0.06,0,1.077,,85.59,200.47,SeasonalProfile+EWMA,2026-07-29T02:51:21Z
FC-WDF01-000476,WDF01,AR00138,2026-07-04T18:00:00Z,2026-07-04,18,0.037,0,1.054,,85.59,200.47,SeasonalProfile+EWMA,2026-07-29T02:51:21Z
FC-WDF01-000477,WDF01,AR00138,2026-07-04T19:00:00Z,2026-07-04,19,0.023,0,1.04,,85.59,200.47,SeasonalProfile+EWMA,2026-07-29T02:51:21Z
FC-WDF01-000478,WDF01,AR00138,2026-07-04T20:00:00Z,2026-07-04,20,0.018,0,1.035,,85.59,200.47,SeasonalProfile+EWMA,2026-07-29T02:51:21Z
FC-WDF01-000479,WDF01,AR00138,2026-07-04T21:00:00Z,2026-07-04,21,0.023,0,1.04,,85.59,200.47,SeasonalProfile+EWMA,2026-07-29T02:51:21Z
FC-WDF01-000480,WDF01,AR00138,2026-07-05T08:00:00Z,2026-07-05,8,0.017,0,1.033,,85.59,200.47,SeasonalProfile+EWMA,2026-07-29T02:51:21Z
FC-WDF01-000481,WDF01,AR00138,2026-07-05T09:00:00Z,2026-07-05,9,0.023,0,1.04,,85.59,200.47,SeasonalProfile+EWMA,2026-07-29T02:51:21Z
FC-WDF01-000482,WDF01,AR00138,2026-07-05T10:00:00Z,2026-07-05,10,0.023,0,1.04,,85.59,200.47,SeasonalProfile+EWMA,2026-07-29T02:51:21Z
FC-WDF01-000483,WDF01,AR00138,2026-07-05T11:00:00Z,2026-07-05,11,0.027,0,1.044,,85.59,200.47,SeasonalProfile+EWMA,2026-07-29T02:51:21Z
FC-WDF01-000484,WDF01,AR00138,2026-07-05T12:00:00Z,2026-07-05,12,0.076,0,1.093,,85.59,200.47,SeasonalProfile+EWMA,2026-07-29T02:51:21Z
FC-WDF01-000485,WDF01,AR00138,2026-07-05T13:00:00Z,2026-07-05,13,0.115,0,1.131,,85.59,200.47,SeasonalProfile+EWMA,2026-07-29T02:51:21Z
FC-WDF01-000486,WDF01,AR00138,2026-07-05T14:00:00Z,2026-07-05,14,0.087,0,1.104,,85.59,200.47,SeasonalProfile+EWMA,2026-07-29T02:51:21Z
FC-WDF01-000487,WDF01,AR00138,2026-07-05T15:00:00Z,2026-07-05,15,0.126,0,1.142,,85.59,200.47,SeasonalProfile+EWMA,2026-07-29T02:51:21Z
FC-WDF01-000488,WDF01,AR00138,2026-07-05T16:00:00Z,2026-07-05,16,0.125,0,1.142,,85.59,200.47,SeasonalProfile+EWMA,2026-07-29T02:51:21Z
FC-WDF01-000489,WDF01,AR00138,2026-07-05T17:00:00Z,2026-07-05,17,0.113,0,1.129,,85.59,200.47,SeasonalProfile+EWMA,2026-07-29T02:51:21Z
FC-WDF01-000490,WDF01,AR00138,2026-07-05T18:00:00Z,2026-07-05,18,0.07,0,1.086,,85.59,200.47,SeasonalProfile+EWMA,2026-07-29T02:51:21Z
FC-WDF01-000491,WDF01,AR00138,2026-07-05T19:00:00Z,2026-07-05,19,0.044,0,1.06,,85.59,200.47,SeasonalProfile+EWMA,2026-07-29T02:51:21Z
FC-WDF01-000492,WDF01,AR00138,2026-07-05T20:00:00Z,2026-07-05,20,0.035,0,1.051,,85.59,200.47,SeasonalProfile+EWMA,2026-07-29T02:51:21Z
FC-WDF01-000493,WDF01,AR00138,2026-07-05T21:00:00Z,2026-07-05,21,0.043,0,1.06,,85.59,200.47,SeasonalProfile+EWMA,2026-07-29T02:51:21Z
FC-WDF01-000494,WDF01,AR00137,2026-07-03T22:00:00Z,2026-07-03,22,0.017,0,0.667,,85.56,165.5,SeasonalProfile+EWMA,2026-07-29T02:51:21Z
FC-WDF01-000495,WDF01,AR00137,2026-07-04T12:00:00Z,2026-07-04,12,0.038,0,0.688,,85.56,165.5,SeasonalProfile+EWMA,2026-07-29T02:51:21Z
FC-WDF01-000496,WDF01,AR00137,2026-07-04T13:00:00Z,2026-07-04,13,0.059,0,0.709,,85.56,165.5,SeasonalProfile+EWMA,2026-07-29T02:51:21Z
FC-WDF01-000497,WDF01,AR00137,2026-07-04T14:00:00Z,2026-07-04,14,0.043,0,0.693,,85.56,165.5,SeasonalProfile+EWMA,2026-07-29T02:51:21Z
FC-WDF01-000498,WDF01,AR00137,2026-07-04T15:00:00Z,2026-07-04,15,0.05,0,0.7,,85.56,165.5,SeasonalProfile+EWMA,2026-07-29T02:51:21Z
FC-WDF01-000499,WDF01,AR00137,2026-07-04T16:00:00Z,2026-07-04,16,0.067,0,0.717,,85.56,165.5,SeasonalProfile+EWMA,2026-07-29T02:51:21Z
FC-WDF01-000500,WDF01,AR00137,2026-07-04T17:00:00Z,2026-07-04,17,0.047,0,0.697,,85.56,165.5,SeasonalProfile+EWMA,2026-07-29T02:51:21Z
FC-WDF01-000501,WDF01,AR00137,2026-07-04T18:00:00Z,2026-07-04,18,0.035,0,0.685,,85.56,165.5,SeasonalProfile+EWMA,2026-07-29T02:51:21Z
FC-WDF01-000502,WDF01,AR00137,2026-07-04T19:00:00Z,2026-07-04,19,0.017,0,0.667,,85.56,165.5,SeasonalProfile+EWMA,2026-07-29T02:51:21Z
FC-WDF01-000503,WDF01,AR00137,2026-07-04T20:00:00Z,2026-07-04,20,0.016,0,0.666,,85.56,165.5,SeasonalProfile+EWMA,2026-07-29T02:51:21Z
FC-WDF01-000504,WDF01,AR00137,2026-07-05T09:00:00Z,2026-07-05,9,0.02,0,0.669,,85.56,165.5,SeasonalProfile+EWMA,2026-07-29T02:51:21Z
FC-WDF01-000505,WDF01,AR00137,2026-07-05T10:00:00Z,2026-07-05,10,0.02,0,0.669,,85.56,165.5,SeasonalProfile+EWMA,2026-07-29T02:51:21Z
FC-WDF01-000506,WDF01,AR00137,2026-07-05T11:00:00Z,2026-07-05,11,0.024,0,0.673,,85.56,165.5,SeasonalProfile+EWMA,2026-07-29T02:51:21Z
FC-WDF01-000507,WDF01,AR00137,2026-07-05T12:00:00Z,2026-07-05,12,0.072,0,0.721,,85.56,165.5,SeasonalProfile+EWMA,2026-07-29T02:51:21Z
FC-WDF01-000508,WDF01,AR00137,2026-07-05T13:00:00Z,2026-07-05,13,0.111,0,0.761,,85.56,165.5,SeasonalProfile+EWMA,2026-07-29T02:51:21Z
FC-WDF01-000509,WDF01,AR00137,2026-07-05T14:00:00Z,2026-07-05,14,0.081,0,0.731,,85.56,165.5,SeasonalProfile+EWMA,2026-07-29T02:51:21Z
FC-WDF01-000510,WDF01,AR00137,2026-07-05T15:00:00Z,2026-07-05,15,0.094,0,0.744,,85.56,165.5,SeasonalProfile+EWMA,2026-07-29T02:51:21Z
FC-WDF01-000511,WDF01,AR00137,2026-07-05T16:00:00Z,2026-07-05,16,0.126,0,0.776,,85.56,165.5,SeasonalProfile+EWMA,2026-07-29T02:51:21Z
FC-WDF01-000512,WDF01,AR00137,2026-07-05T17:00:00Z,2026-07-05,17,0.089,0,0.738,,85.56,165.5,SeasonalProfile+EWMA,2026-07-29T02:51:21Z
FC-WDF01-000513,WDF01,AR00137,2026-07-05T18:00:00Z,2026-07-05,18,0.066,0,0.716,,85.56,165.5,SeasonalProfile+EWMA,2026-07-29T02:51:21Z
FC-WDF01-000514,WDF01,AR00137,2026-07-05T19:00:00Z,2026-07-05,19,0.033,0,0.682,,85.56,165.5,SeasonalProfile+EWMA,2026-07-29T02:51:21Z
FC-WDF01-000515,WDF01,AR00137,2026-07-05T20:00:00Z,2026-07-05,20,0.03,0,0.68,,85.56,165.5,SeasonalProfile+EWMA,2026-07-29T02:51:21Z
FC-WDF01-000516,WDF01,AR00137,2026-07-05T21:00:00Z,2026-07-05,21,0.027,0,0.677,,85.56,165.5,SeasonalProfile+EWMA,2026-07-29T02:51:21Z
FC-WDF01-000517,WDF01,AR00024,2026-07-04T12:00:00Z,2026-07-04,12,0.022,0,0.762,,91.62,175.34,SeasonalProfile+EWMA,2026-07-29T02:51:21Z
FC-WDF01-000518,WDF01,AR00024,2026-07-04T13:00:00Z,2026-07-04,13,0.041,0,0.781,,91.62,175.34,SeasonalProfile+EWMA,2026-07-29T02:51:21Z
FC-WDF01-000519,WDF01,AR00024,2026-07-04T14:00:00Z,2026-07-04,14,0.031,0,0.771,,91.62,175.34,SeasonalProfile+EWMA,2026-07-29T02:51:21Z
FC-WDF01-000520,WDF01,AR00024,2026-07-04T15:00:00Z,2026-07-04,15,0.042,0,0.782,,91.62,175.34,SeasonalProfile+EWMA,2026-07-29T02:51:21Z
FC-WDF01-000521,WDF01,AR00024,2026-07-04T16:00:00Z,2026-07-04,16,0.028,0,0.768,,91.62,175.34,SeasonalProfile+EWMA,2026-07-29T02:51:21Z
FC-WDF01-000522,WDF01,AR00024,2026-07-04T17:00:00Z,2026-07-04,17,0.021,0,0.761,,91.62,175.34,SeasonalProfile+EWMA,2026-07-29T02:51:21Z
FC-WDF01-000523,WDF01,AR00024,2026-07-04T18:00:00Z,2026-07-04,18,0.019,0,0.758,,91.62,175.34,SeasonalProfile+EWMA,2026-07-29T02:51:21Z
FC-WDF01-000524,WDF01,AR00024,2026-07-05T10:00:00Z,2026-07-05,10,0.016,0,0.756,,91.62,175.34,SeasonalProfile+EWMA,2026-07-29T02:51:21Z
FC-WDF01-000525,WDF01,AR00024,2026-07-05T11:00:00Z,2026-07-05,11,0.025,0,0.765,,91.62,175.34,SeasonalProfile+EWMA,2026-07-29T02:51:21Z
FC-WDF01-000526,WDF01,AR00024,2026-07-05T12:00:00Z,2026-07-05,12,0.042,0,0.782,,91.62,175.34,SeasonalProfile+EWMA,2026-07-29T02:51:21Z
FC-WDF01-000527,WDF01,AR00024,2026-07-05T13:00:00Z,2026-07-05,13,0.077,0,0.817,,91.62,175.34,SeasonalProfile+EWMA,2026-07-29T02:51:21Z
FC-WDF01-000528,WDF01,AR00024,2026-07-05T14:00:00Z,2026-07-05,14,0.058,0,0.798,,91.62,175.34,SeasonalProfile+EWMA,2026-07-29T02:51:21Z
FC-WDF01-000529,WDF01,AR00024,2026-07-05T15:00:00Z,2026-07-05,15,0.08,0,0.819,,91.62,175.34,SeasonalProfile+EWMA,2026-07-29T02:51:21Z
FC-WDF01-000530,WDF01,AR00024,2026-07-05T16:00:00Z,2026-07-05,16,0.052,0,0.792,,91.62,175.34,SeasonalProfile+EWMA,2026-07-29T02:51:21Z
FC-WDF01-000531,WDF01,AR00024,2026-07-05T17:00:00Z,2026-07-05,17,0.039,0,0.779,,91.62,175.34,SeasonalProfile+EWMA,2026-07-29T02:51:21Z
FC-WDF01-000532,WDF01,AR00024,2026-07-05T18:00:00Z,2026-07-05,18,0.035,0,0.775,,91.62,175.34,SeasonalProfile+EWMA,2026-07-29T02:51:21Z
FC-WDF01-000533,WDF01,AR00024,2026-07-05T19:00:00Z,2026-07-05,19,0.027,0,0.767,,91.62,175.34,SeasonalProfile+EWMA,2026-07-29T02:51:21Z
FC-WDF01-000534,WDF01,AR00024,2026-07-05T20:00:00Z,2026-07-05,20,0.016,0,0.756,,91.62,175.34,SeasonalProfile+EWMA,2026-07-29T02:51:21Z
FC-WDF01-000535,WDF01,AR00024,2026-07-05T21:00:00Z,2026-07-05,21,0.017,0,0.757,,91.62,175.34,SeasonalProfile+EWMA,2026-07-29T02:51:21Z
FC-WDF01-000536,WDF01,AR00193,2026-07-05T10:00:00Z,2026-07-05,10,0.028,0.011,0.045,,96.51,241.27,SeasonalProfile+EWMA,2026-07-29T02:51:21Z
FC-WDF01-000537,WDF01,AR00193,2026-07-05T11:00:00Z,2026-07-05,11,0.017,0,0.034,,96.51,241.27,SeasonalProfile+EWMA,2026-07-29T02:51:21Z
FC-WDF01-000538,WDF01,AR00193,2026-07-05T12:00:00Z,2026-07-05,12,0.016,0,0.033,,96.51,241.27,SeasonalProfile+EWMA,2026-07-29T02:51:21Z
FC-WDF01-000539,WDF01,AR00193,2026-07-05T13:00:00Z,2026-07-05,13,0.026,0.009,0.043,,96.51,241.27,SeasonalProfile+EWMA,2026-07-29T02:51:21Z
FC-WDF01-000540,WDF01,AR00193,2026-07-05T14:00:00Z,2026-07-05,14,0.024,0.007,0.041,,96.51,241.27,SeasonalProfile+EWMA,2026-07-29T02:51:21Z
FC-WDF01-000541,WDF01,AR00193,2026-07-05T15:00:00Z,2026-07-05,15,0.027,0.01,0.044,,96.51,241.27,SeasonalProfile+EWMA,2026-07-29T02:51:21Z
FC-WDF01-000542,WDF01,AR00193,2026-07-05T16:00:00Z,2026-07-05,16,0.024,0.007,0.041,,96.51,241.27,SeasonalProfile+EWMA,2026-07-29T02:51:21Z
FC-WDF01-000543,WDF01,AR00193,2026-07-05T17:00:00Z,2026-07-05,17,0.023,0.006,0.04,,96.51,241.27,SeasonalProfile+EWMA,2026-07-29T02:51:21Z
FC-WDF01-000544,WDF01,AR00193,2026-07-05T18:00:00Z,2026-07-05,18,0.019,0.002,0.036,,96.51,241.27,SeasonalProfile+EWMA,2026-07-29T02:51:21Z
FC-WDF01-000545,WDF01,AR00065,2026-07-03T22:00:00Z,2026-07-03,22,0.025,0,1.686,,82.1,209.05,SeasonalProfile+EWMA,2026-07-29T02:51:21Z
FC-WDF01-000546,WDF01,AR00065,2026-07-04T09:00:00Z,2026-07-04,9,0.016,0,1.677,,82.1,209.05,SeasonalProfile+EWMA,2026-07-29T02:51:21Z
FC-WDF01-000547,WDF01,AR00065,2026-07-04T10:00:00Z,2026-07-04,10,0.016,0,1.677,,82.1,209.05,SeasonalProfile+EWMA,2026-07-29T02:51:21Z
FC-WDF01-000548,WDF01,AR00065,2026-07-04T11:00:00Z,2026-07-04,11,0.019,0,1.68,,82.1,209.05,SeasonalProfile+EWMA,2026-07-29T02:51:21Z
FC-WDF01-000549,WDF01,AR00065,2026-07-04T12:00:00Z,2026-07-04,12,0.039,0,1.701,,82.1,209.05,SeasonalProfile+EWMA,2026-07-29T02:51:21Z
FC-WDF01-000550,WDF01,AR00065,2026-07-04T13:00:00Z,2026-07-04,13,0.064,0,1.725,,82.1,209.05,SeasonalProfile+EWMA,2026-07-29T02:51:21Z
FC-WDF01-000551,WDF01,AR00065,2026-07-04T14:00:00Z,2026-07-04,14,0.057,0,1.718,,82.1,209.05,SeasonalProfile+EWMA,2026-07-29T02:51:21Z
FC-WDF01-000552,WDF01,AR00065,2026-07-04T15:00:00Z,2026-07-04,15,0.071,0,1.733,,82.1,209.05,SeasonalProfile+EWMA,2026-07-29T02:51:21Z
FC-WDF01-000553,WDF01,AR00065,2026-07-04T16:00:00Z,2026-07-04,16,0.087,0,1.748,,82.1,209.05,SeasonalProfile+EWMA,2026-07-29T02:51:21Z
FC-WDF01-000554,WDF01,AR00065,2026-07-04T17:00:00Z,2026-07-04,17,0.072,0,1.733,,82.1,209.05,SeasonalProfile+EWMA,2026-07-29T02:51:21Z
FC-WDF01-000555,WDF01,AR00065,2026-07-04T18:00:00Z,2026-07-04,18,0.045,0,1.707,,82.1,209.05,SeasonalProfile+EWMA,2026-07-29T02:51:21Z
FC-WDF01-000556,WDF01,AR00065,2026-07-04T19:00:00Z,2026-07-04,19,0.032,0,1.693,,82.1,209.05,SeasonalProfile+EWMA,2026-07-29T02:51:21Z
FC-WDF01-000557,WDF01,AR00065,2026-07-04T20:00:00Z,2026-07-04,20,0.023,0,1.684,,82.1,209.05,SeasonalProfile+EWMA,2026-07-29T02:51:21Z
FC-WDF01-000558,WDF01,AR00065,2026-07-04T21:00:00Z,2026-07-04,21,0.021,0,1.683,,82.1,209.05,SeasonalProfile+EWMA,2026-07-29T02:51:21Z
FC-WDF01-000559,WDF01,AR00065,2026-07-05T08:00:00Z,2026-07-05,8,0.021,0,1.683,,82.1,209.05,SeasonalProfile+EWMA,2026-07-29T02:51:21Z
FC-WDF01-000560,WDF01,AR00065,2026-07-05T09:00:00Z,2026-07-05,9,0.029,0,1.691,,82.1,209.05,SeasonalProfile+EWMA,2026-07-29T02:51:21Z
FC-WDF01-000561,WDF01,AR00065,2026-07-05T10:00:00Z,2026-07-05,10,0.029,0,1.69,,82.1,209.05,SeasonalProfile+EWMA,2026-07-29T02:51:21Z
FC-WDF01-000562,WDF01,AR00065,2026-07-05T11:00:00Z,2026-07-05,11,0.035,0,1.696,,82.1,209.05,SeasonalProfile+EWMA,2026-07-29T02:51:21Z
FC-WDF01-000563,WDF01,AR00065,2026-07-05T12:00:00Z,2026-07-05,12,0.074,0,1.735,,82.1,209.05,SeasonalProfile+EWMA,2026-07-29T02:51:21Z
FC-WDF01-000564,WDF01,AR00065,2026-07-05T13:00:00Z,2026-07-05,13,0.12,0,1.781,,82.1,209.05,SeasonalProfile+EWMA,2026-07-29T02:51:21Z
FC-WDF01-000565,WDF01,AR00065,2026-07-05T14:00:00Z,2026-07-05,14,0.107,0,1.768,,82.1,209.05,SeasonalProfile+EWMA,2026-07-29T02:51:21Z
FC-WDF01-000566,WDF01,AR00065,2026-07-05T15:00:00Z,2026-07-05,15,0.134,0,1.796,,82.1,209.05,SeasonalProfile+EWMA,2026-07-29T02:51:21Z
FC-WDF01-000567,WDF01,AR00065,2026-07-05T16:00:00Z,2026-07-05,16,0.163,0,1.824,,82.1,209.05,SeasonalProfile+EWMA,2026-07-29T02:51:21Z
FC-WDF01-000568,WDF01,AR00065,2026-07-05T17:00:00Z,2026-07-05,17,0.135,0,1.797,,82.1,209.05,SeasonalProfile+EWMA,2026-07-29T02:51:21Z
FC-WDF01-000569,WDF01,AR00065,2026-07-05T18:00:00Z,2026-07-05,18,0.085,0,1.746,,82.1,209.05,SeasonalProfile+EWMA,2026-07-29T02:51:21Z
FC-WDF01-000570,WDF01,AR00065,2026-07-05T19:00:00Z,2026-07-05,19,0.06,0,1.721,,82.1,209.05,SeasonalProfile+EWMA,2026-07-29T02:51:21Z
FC-WDF01-000571,WDF01,AR00065,2026-07-05T20:00:00Z,2026-07-05,20,0.043,0,1.704,,82.1,209.05,SeasonalProfile+EWMA,2026-07-29T02:51:21Z
FC-WDF01-000572,WDF01,AR00065,2026-07-05T21:00:00Z,2026-07-05,21,0.04,0,1.701,,82.1,209.05,SeasonalProfile+EWMA,2026-07-29T02:51:21Z
FC-WDF01-000573,WDF01,AR00210,2026-07-05T13:00:00Z,2026-07-05,13,0.016,0.004,0.028,,96.82,252.55,SeasonalProfile+EWMA,2026-07-29T02:51:21Z
FC-WDF01-000574,WDF01,AR00210,2026-07-05T14:00:00Z,2026-07-05,14,0.015,0.004,0.027,,96.82,252.55,SeasonalProfile+EWMA,2026-07-29T02:51:21Z
FC-WDF01-000575,WDF01,AR00210,2026-07-05T15:00:00Z,2026-07-05,15,0.016,0.004,0.028,,96.82,252.55,SeasonalProfile+EWMA,2026-07-29T02:51:21Z
FC-WDF01-000576,WDF01,AR00210,2026-07-05T16:00:00Z,2026-07-05,16,0.018,0.007,0.03,,96.82,252.55,SeasonalProfile+EWMA,2026-07-29T02:51:21Z
FC-WDF01-000577,WDF01,AR00210,2026-07-05T17:00:00Z,2026-07-05,17,0.019,0.007,0.031,,96.82,252.55,SeasonalProfile+EWMA,2026-07-29T02:51:21Z
FC-WDF01-000578,WDF01,AR00210,2026-07-05T18:00:00Z,2026-07-05,18,0.015,0.004,0.027,,96.82,252.55,SeasonalProfile+EWMA,2026-07-29T02:51:21Z
FC-WDF02-000579,WDF02,AR90004,2026-07-04T09:00:00Z,2026-07-04,9,0.016,0,0.29,,89.01,169.59,SeasonalProfile+EWMA,2026-07-29T02:51:21Z
FC-WDF02-000580,WDF02,AR90004,2026-07-04T11:00:00Z,2026-07-04,11,0.032,0,0.306,,89.01,169.59,SeasonalProfile+EWMA,2026-07-29T02:51:21Z
FC-WDF02-000581,WDF02,AR90004,2026-07-04T12:00:00Z,2026-07-04,12,0.075,0,0.349,,89.01,169.59,SeasonalProfile+EWMA,2026-07-29T02:51:21Z
FC-WDF02-000582,WDF02,AR90004,2026-07-04T13:00:00Z,2026-07-04,13,0.155,0,0.429,,89.01,169.59,SeasonalProfile+EWMA,2026-07-29T02:51:21Z
FC-WDF02-000583,WDF02,AR90004,2026-07-04T14:00:00Z,2026-07-04,14,0.107,0,0.381,,89.01,169.59,SeasonalProfile+EWMA,2026-07-29T02:51:21Z
FC-WDF02-000584,WDF02,AR90004,2026-07-04T15:00:00Z,2026-07-04,15,0.118,0,0.392,,89.01,169.59,SeasonalProfile+EWMA,2026-07-29T02:51:21Z
FC-WDF02-000585,WDF02,AR90004,2026-07-04T16:00:00Z,2026-07-04,16,0.134,0,0.408,,89.01,169.59,SeasonalProfile+EWMA,2026-07-29T02:51:21Z
FC-WDF02-000586,WDF02,AR90004,2026-07-04T17:00:00Z,2026-07-04,17,0.123,0,0.397,,89.01,169.59,SeasonalProfile+EWMA,2026-07-29T02:51:21Z
FC-WDF02-000587,WDF02,AR90004,2026-07-04T18:00:00Z,2026-07-04,18,0.112,0,0.387,,89.01,169.59,SeasonalProfile+EWMA,2026-07-29T02:51:21Z
FC-WDF02-000588,WDF02,AR90004,2026-07-04T19:00:00Z,2026-07-04,19,0.037,0,0.312,,89.01,169.59,SeasonalProfile+EWMA,2026-07-29T02:51:21Z
FC-WDF02-000589,WDF02,AR90004,2026-07-05T09:00:00Z,2026-07-05,9,0.016,0,0.29,,89.01,169.59,SeasonalProfile+EWMA,2026-07-29T02:51:21Z
FC-WDF02-000590,WDF02,AR90004,2026-07-05T11:00:00Z,2026-07-05,11,0.032,0,0.306,,89.01,169.59,SeasonalProfile+EWMA,2026-07-29T02:51:21Z
FC-WDF02-000591,WDF02,AR90004,2026-07-05T12:00:00Z,2026-07-05,12,0.075,0,0.349,,89.01,169.59,SeasonalProfile+EWMA,2026-07-29T02:51:21Z
FC-WDF02-000592,WDF02,AR90004,2026-07-05T13:00:00Z,2026-07-05,13,0.155,0,0.429,,89.01,169.59,SeasonalProfile+EWMA,2026-07-29T02:51:21Z
FC-WDF02-000593,WDF02,AR90004,2026-07-05T14:00:00Z,2026-07-05,14,0.107,0,0.381,,89.01,169.59,SeasonalProfile+EWMA,2026-07-29T02:51:21Z
FC-WDF02-000594,WDF02,AR90004,2026-07-05T15:00:00Z,2026-07-05,15,0.118,0,0.392,,89.01,169.59,SeasonalProfile+EWMA,2026-07-29T02:51:21Z
FC-WDF02-000595,WDF02,AR90004,2026-07-05T16:00:00Z,2026-07-05,16,0.134,0,0.408,,89.01,169.59,SeasonalProfile+EWMA,2026-07-29T02:51:21Z
FC-WDF02-000596,WDF02,AR90004,2026-07-05T17:00:00Z,2026-07-05,17,0.123,0,0.397,,89.01,169.59,SeasonalProfile+EWMA,2026-07-29T02:51:21Z
FC-WDF02-000597,WDF02,AR90004,2026-07-05T18:00:00Z,2026-07-05,18,0.112,0,0.387,,89.01,169.59,SeasonalProfile+EWMA,2026-07-29T02:51:21Z
FC-WDF02-000598,WDF02,AR90004,2026-07-05T19:00:00Z,2026-07-05,19,0.037,0,0.312,,89.01,169.59,SeasonalProfile+EWMA,2026-07-29T02:51:21Z
FC-WDF02-000599,WDF02,AR90003,2026-07-04T12:00:00Z,2026-07-04,12,0.043,0,0.249,,91.31,199.13,SeasonalProfile+EWMA,2026-07-29T02:51:21Z
FC-WDF02-000600,WDF02,AR90003,2026-07-04T13:00:00Z,2026-07-04,13,0.08,0,0.286,,91.31,199.13,SeasonalProfile+EWMA,2026-07-29T02:51:21Z
FC-WDF02-000601,WDF02,AR90003,2026-07-04T14:00:00Z,2026-07-04,14,0.089,0,0.295,,91.31,199.13,SeasonalProfile+EWMA,2026-07-29T02:51:21Z
FC-WDF02-000602,WDF02,AR90003,2026-07-04T15:00:00Z,2026-07-04,15,0.079,0,0.285,,91.31,199.13,SeasonalProfile+EWMA,2026-07-29T02:51:21Z
FC-WDF02-000603,WDF02,AR90003,2026-07-04T16:00:00Z,2026-07-04,16,0.071,0,0.277,,91.31,199.13,SeasonalProfile+EWMA,2026-07-29T02:51:21Z
FC-WDF02-000604,WDF02,AR90003,2026-07-04T17:00:00Z,2026-07-04,17,0.062,0,0.268,,91.31,199.13,SeasonalProfile+EWMA,2026-07-29T02:51:21Z
FC-WDF02-000605,WDF02,AR90003,2026-07-04T18:00:00Z,2026-07-04,18,0.04,0,0.246,,91.31,199.13,SeasonalProfile+EWMA,2026-07-29T02:51:21Z
FC-WDF02-000606,WDF02,AR90003,2026-07-05T12:00:00Z,2026-07-05,12,0.043,0,0.249,,91.31,199.13,SeasonalProfile+EWMA,2026-07-29T02:51:21Z
FC-WDF02-000607,WDF02,AR90003,2026-07-05T13:00:00Z,2026-07-05,13,0.08,0,0.286,,91.31,199.13,SeasonalProfile+EWMA,2026-07-29T02:51:21Z
FC-WDF02-000608,WDF02,AR90003,2026-07-05T14:00:00Z,2026-07-05,14,0.089,0,0.295,,91.31,199.13,SeasonalProfile+EWMA,2026-07-29T02:51:21Z
FC-WDF02-000609,WDF02,AR90003,2026-07-05T15:00:00Z,2026-07-05,15,0.079,0,0.285,,91.31,199.13,SeasonalProfile+EWMA,2026-07-29T02:51:21Z
FC-WDF02-000610,WDF02,AR90003,2026-07-05T16:00:00Z,2026-07-05,16,0.071,0,0.277,,91.31,199.13,SeasonalProfile+EWMA,2026-07-29T02:51:21Z
FC-WDF02-000611,WDF02,AR90003,2026-07-05T17:00:00Z,2026-07-05,17,0.062,0,0.268,,91.31,199.13,SeasonalProfile+EWMA,2026-07-29T02:51:21Z
FC-WDF02-000612,WDF02,AR90003,2026-07-05T18:00:00Z,2026-07-05,18,0.04,0,0.246,,91.31,199.13,SeasonalProfile+EWMA,2026-07-29T02:51:21Z
FC-WDF02-000613,WDF02,AR90013,2026-07-04T12:00:00Z,2026-07-04,12,0.053,0,0.286,,92.45,202.29,SeasonalProfile+EWMA,2026-07-29T02:51:21Z
FC-WDF02-000614,WDF02,AR90013,2026-07-04T13:00:00Z,2026-07-04,13,0.079,0,0.312,,92.45,202.29,SeasonalProfile+EWMA,2026-07-29T02:51:21Z
FC-WDF02-000615,WDF02,AR90013,2026-07-04T14:00:00Z,2026-07-04,14,0.08,0,0.312,,92.45,202.29,SeasonalProfile+EWMA,2026-07-29T02:51:21Z
FC-WDF02-000616,WDF02,AR90013,2026-07-04T15:00:00Z,2026-07-04,15,0.094,0,0.327,,92.45,202.29,SeasonalProfile+EWMA,2026-07-29T02:51:21Z
FC-WDF02-000617,WDF02,AR90013,2026-07-04T16:00:00Z,2026-07-04,16,0.058,0,0.291,,92.45,202.29,SeasonalProfile+EWMA,2026-07-29T02:51:21Z
FC-WDF02-000618,WDF02,AR90013,2026-07-04T17:00:00Z,2026-07-04,17,0.058,0,0.291,,92.45,202.29,SeasonalProfile+EWMA,2026-07-29T02:51:21Z
FC-WDF02-000619,WDF02,AR90013,2026-07-04T18:00:00Z,2026-07-04,18,0.039,0,0.272,,92.45,202.29,SeasonalProfile+EWMA,2026-07-29T02:51:21Z
FC-WDF02-000620,WDF02,AR90013,2026-07-04T19:00:00Z,2026-07-04,19,0.02,0,0.253,,92.45,202.29,SeasonalProfile+EWMA,2026-07-29T02:51:21Z
FC-WDF02-000621,WDF02,AR90013,2026-07-05T12:00:00Z,2026-07-05,12,0.053,0,0.286,,92.45,202.29,SeasonalProfile+EWMA,2026-07-29T02:51:21Z
FC-WDF02-000622,WDF02,AR90013,2026-07-05T13:00:00Z,2026-07-05,13,0.079,0,0.312,,92.45,202.29,SeasonalProfile+EWMA,2026-07-29T02:51:21Z
FC-WDF02-000623,WDF02,AR90013,2026-07-05T14:00:00Z,2026-07-05,14,0.08,0,0.312,,92.45,202.29,SeasonalProfile+EWMA,2026-07-29T02:51:21Z
FC-WDF02-000624,WDF02,AR90013,2026-07-05T15:00:00Z,2026-07-05,15,0.094,0,0.327,,92.45,202.29,SeasonalProfile+EWMA,2026-07-29T02:51:21Z
FC-WDF02-000625,WDF02,AR90013,2026-07-05T16:00:00Z,2026-07-05,16,0.058,0,0.291,,92.45,202.29,SeasonalProfile+EWMA,2026-07-29T02:51:21Z
FC-WDF02-000626,WDF02,AR90013,2026-07-05T17:00:00Z,2026-07-05,17,0.058,0,0.291,,92.45,202.29,SeasonalProfile+EWMA,2026-07-29T02:51:21Z
FC-WDF02-000627,WDF02,AR90013,2026-07-05T18:00:00Z,2026-07-05,18,0.039,0,0.272,,92.45,202.29,SeasonalProfile+EWMA,2026-07-29T02:51:21Z
FC-WDF02-000628,WDF02,AR90013,2026-07-05T19:00:00Z,2026-07-05,19,0.02,0,0.253,,92.45,202.29,SeasonalProfile+EWMA,2026-07-29T02:51:21Z
FC-WDF02-000629,WDF02,AR90039,2026-07-04T12:00:00Z,2026-07-04,12,0.115,0.068,0.162,,89.57,319.94,SeasonalProfile+EWMA,2026-07-29T02:51:21Z
FC-WDF02-000630,WDF02,AR90039,2026-07-04T13:00:00Z,2026-07-04,13,0.11,0.063,0.156,,89.57,319.94,SeasonalProfile+EWMA,2026-07-29T02:51:21Z
FC-WDF02-000631,WDF02,AR90039,2026-07-04T14:00:00Z,2026-07-04,14,0.125,0.078,0.172,,89.57,319.94,SeasonalProfile+EWMA,2026-07-29T02:51:21Z
FC-WDF02-000632,WDF02,AR90039,2026-07-04T15:00:00Z,2026-07-04,15,0.137,0.09,0.184,,89.57,319.94,SeasonalProfile+EWMA,2026-07-29T02:51:21Z
FC-WDF02-000633,WDF02,AR90039,2026-07-04T16:00:00Z,2026-07-04,16,0.137,0.09,0.184,,89.57,319.94,SeasonalProfile+EWMA,2026-07-29T02:51:21Z
FC-WDF02-000634,WDF02,AR90039,2026-07-04T17:00:00Z,2026-07-04,17,0.101,0.055,0.148,,89.57,319.94,SeasonalProfile+EWMA,2026-07-29T02:51:21Z
FC-WDF02-000635,WDF02,AR90039,2026-07-04T18:00:00Z,2026-07-04,18,0.089,0.043,0.136,,89.57,319.94,SeasonalProfile+EWMA,2026-07-29T02:51:21Z
FC-WDF02-000636,WDF02,AR90039,2026-07-04T19:00:00Z,2026-07-04,19,0.021,0,0.068,,89.57,319.94,SeasonalProfile+EWMA,2026-07-29T02:51:21Z
FC-WDF02-000637,WDF02,AR90039,2026-07-05T12:00:00Z,2026-07-05,12,0.115,0.068,0.162,,89.57,319.94,SeasonalProfile+EWMA,2026-07-29T02:51:21Z
FC-WDF02-000638,WDF02,AR90039,2026-07-05T13:00:00Z,2026-07-05,13,0.11,0.063,0.156,,89.57,319.94,SeasonalProfile+EWMA,2026-07-29T02:51:21Z
FC-WDF02-000639,WDF02,AR90039,2026-07-05T14:00:00Z,2026-07-05,14,0.125,0.078,0.172,,89.57,319.94,SeasonalProfile+EWMA,2026-07-29T02:51:21Z
FC-WDF02-000640,WDF02,AR90039,2026-07-05T15:00:00Z,2026-07-05,15,0.137,0.09,0.184,,89.57,319.94,SeasonalProfile+EWMA,2026-07-29T02:51:21Z
FC-WDF02-000641,WDF02,AR90039,2026-07-05T16:00:00Z,2026-07-05,16,0.137,0.09,0.184,,89.57,319.94,SeasonalProfile+EWMA,2026-07-29T02:51:21Z
FC-WDF02-000642,WDF02,AR90039,2026-07-05T17:00:00Z,2026-07-05,17,0.101,0.055,0.148,,89.57,319.94,SeasonalProfile+EWMA,2026-07-29T02:51:21Z
FC-WDF02-000643,WDF02,AR90039,2026-07-05T18:00:00Z,2026-07-05,18,0.089,0.043,0.136,,89.57,319.94,SeasonalProfile+EWMA,2026-07-29T02:51:21Z
FC-WDF02-000644,WDF02,AR90039,2026-07-05T19:00:00Z,2026-07-05,19,0.021,0,0.068,,89.57,319.94,SeasonalProfile+EWMA,2026-07-29T02:51:21Z
FC-WDF02-000645,WDF02,AR90002,2026-07-04T12:00:00Z,2026-07-04,12,0.034,0,0.228,,96.28,329.73,SeasonalProfile+EWMA,2026-07-29T02:51:21Z
FC-WDF02-000646,WDF02,AR90002,2026-07-04T13:00:00Z,2026-07-04,13,0.051,0,0.244,,96.28,329.73,SeasonalProfile+EWMA,2026-07-29T02:51:21Z
FC-WDF02-000647,WDF02,AR90002,2026-07-04T14:00:00Z,2026-07-04,14,0.053,0,0.247,,96.28,329.73,SeasonalProfile+EWMA,2026-07-29T02:51:21Z
FC-WDF02-000648,WDF02,AR90002,2026-07-04T15:00:00Z,2026-07-04,15,0.05,0,0.244,,96.28,329.73,SeasonalProfile+EWMA,2026-07-29T02:51:21Z
FC-WDF02-000649,WDF02,AR90002,2026-07-04T16:00:00Z,2026-07-04,16,0.053,0,0.247,,96.28,329.73,SeasonalProfile+EWMA,2026-07-29T02:51:21Z
FC-WDF02-000650,WDF02,AR90002,2026-07-04T17:00:00Z,2026-07-04,17,0.048,0,0.242,,96.28,329.73,SeasonalProfile+EWMA,2026-07-29T02:51:21Z
FC-WDF02-000651,WDF02,AR90002,2026-07-04T18:00:00Z,2026-07-04,18,0.03,0,0.223,,96.28,329.73,SeasonalProfile+EWMA,2026-07-29T02:51:21Z
FC-WDF02-000652,WDF02,AR90002,2026-07-05T12:00:00Z,2026-07-05,12,0.034,0,0.228,,96.28,329.73,SeasonalProfile+EWMA,2026-07-29T02:51:21Z
FC-WDF02-000653,WDF02,AR90002,2026-07-05T13:00:00Z,2026-07-05,13,0.051,0,0.244,,96.28,329.73,SeasonalProfile+EWMA,2026-07-29T02:51:21Z
FC-WDF02-000654,WDF02,AR90002,2026-07-05T14:00:00Z,2026-07-05,14,0.053,0,0.247,,96.28,329.73,SeasonalProfile+EWMA,2026-07-29T02:51:21Z
FC-WDF02-000655,WDF02,AR90002,2026-07-05T15:00:00Z,2026-07-05,15,0.05,0,0.244,,96.28,329.73,SeasonalProfile+EWMA,2026-07-29T02:51:21Z
FC-WDF02-000656,WDF02,AR90002,2026-07-05T16:00:00Z,2026-07-05,16,0.053,0,0.247,,96.28,329.73,SeasonalProfile+EWMA,2026-07-29T02:51:21Z
FC-WDF02-000657,WDF02,AR90002,2026-07-05T17:00:00Z,2026-07-05,17,0.048,0,0.242,,96.28,329.73,SeasonalProfile+EWMA,2026-07-29T02:51:21Z
FC-WDF02-000658,WDF02,AR90002,2026-07-05T18:00:00Z,2026-07-05,18,0.03,0,0.223,,96.28,329.73,SeasonalProfile+EWMA,2026-07-29T02:51:21Z
FC-WDF02-000659,WDF02,AR90015,2026-07-04T12:00:00Z,2026-07-04,12,0.037,0.016,0.057,,95.72,333.36,SeasonalProfile+EWMA,2026-07-29T02:51:21Z
FC-WDF02-000660,WDF02,AR90015,2026-07-04T13:00:00Z,2026-07-04,13,0.051,0.031,0.071,,95.72,333.36,SeasonalProfile+EWMA,2026-07-29T02:51:21Z
FC-WDF02-000661,WDF02,AR90015,2026-07-04T14:00:00Z,2026-07-04,14,0.056,0.036,0.076,,95.72,333.36,SeasonalProfile+EWMA,2026-07-29T02:51:21Z
FC-WDF02-000662,WDF02,AR90015,2026-07-04T15:00:00Z,2026-07-04,15,0.056,0.036,0.076,,95.72,333.36,SeasonalProfile+EWMA,2026-07-29T02:51:21Z
FC-WDF02-000663,WDF02,AR90015,2026-07-04T16:00:00Z,2026-07-04,16,0.048,0.027,0.068,,95.72,333.36,SeasonalProfile+EWMA,2026-07-29T02:51:21Z
FC-WDF02-000664,WDF02,AR90015,2026-07-04T17:00:00Z,2026-07-04,17,0.044,0.024,0.064,,95.72,333.36,SeasonalProfile+EWMA,2026-07-29T02:51:21Z
FC-WDF02-000665,WDF02,AR90015,2026-07-04T18:00:00Z,2026-07-04,18,0.03,0.009,0.05,,95.72,333.36,SeasonalProfile+EWMA,2026-07-29T02:51:21Z
FC-WDF02-000666,WDF02,AR90015,2026-07-04T19:00:00Z,2026-07-04,19,0.015,0,0.035,,95.72,333.36,SeasonalProfile+EWMA,2026-07-29T02:51:21Z
FC-WDF02-000667,WDF02,AR90015,2026-07-05T12:00:00Z,2026-07-05,12,0.037,0.016,0.057,,95.72,333.36,SeasonalProfile+EWMA,2026-07-29T02:51:21Z
FC-WDF02-000668,WDF02,AR90015,2026-07-05T13:00:00Z,2026-07-05,13,0.051,0.031,0.071,,95.72,333.36,SeasonalProfile+EWMA,2026-07-29T02:51:21Z
FC-WDF02-000669,WDF02,AR90015,2026-07-05T14:00:00Z,2026-07-05,14,0.056,0.036,0.076,,95.72,333.36,SeasonalProfile+EWMA,2026-07-29T02:51:21Z
FC-WDF02-000670,WDF02,AR90015,2026-07-05T15:00:00Z,2026-07-05,15,0.056,0.036,0.076,,95.72,333.36,SeasonalProfile+EWMA,2026-07-29T02:51:21Z
FC-WDF02-000671,WDF02,AR90015,2026-07-05T16:00:00Z,2026-07-05,16,0.048,0.027,0.068,,95.72,333.36,SeasonalProfile+EWMA,2026-07-29T02:51:21Z
FC-WDF02-000672,WDF02,AR90015,2026-07-05T17:00:00Z,2026-07-05,17,0.044,0.024,0.064,,95.72,333.36,SeasonalProfile+EWMA,2026-07-29T02:51:21Z
FC-WDF02-000673,WDF02,AR90015,2026-07-05T18:00:00Z,2026-07-05,18,0.03,0.009,0.05,,95.72,333.36,SeasonalProfile+EWMA,2026-07-29T02:51:21Z
FC-WDF02-000674,WDF02,AR90015,2026-07-05T19:00:00Z,2026-07-05,19,0.015,0,0.035,,95.72,333.36,SeasonalProfile+EWMA,2026-07-29T02:51:21Z
FC-WDF02-000675,WDF02,AR90012,2026-07-04T12:00:00Z,2026-07-04,12,0.024,0.011,0.037,,96.76,189.13,SeasonalProfile+EWMA,2026-07-29T02:51:21Z
FC-WDF02-000676,WDF02,AR90012,2026-07-04T13:00:00Z,2026-07-04,13,0.028,0.015,0.041,,96.76,189.13,SeasonalProfile+EWMA,2026-07-29T02:51:21Z
FC-WDF02-000677,WDF02,AR90012,2026-07-04T14:00:00Z,2026-07-04,14,0.031,0.018,0.044,,96.76,189.13,SeasonalProfile+EWMA,2026-07-29T02:51:21Z
FC-WDF02-000678,WDF02,AR90012,2026-07-04T15:00:00Z,2026-07-04,15,0.029,0.017,0.042,,96.76,189.13,SeasonalProfile+EWMA,2026-07-29T02:51:21Z
FC-WDF02-000679,WDF02,AR90012,2026-07-04T16:00:00Z,2026-07-04,16,0.035,0.022,0.047,,96.76,189.13,SeasonalProfile+EWMA,2026-07-29T02:51:21Z
FC-WDF02-000680,WDF02,AR90012,2026-07-04T17:00:00Z,2026-07-04,17,0.024,0.011,0.036,,96.76,189.13,SeasonalProfile+EWMA,2026-07-29T02:51:21Z
FC-WDF02-000681,WDF02,AR90012,2026-07-04T18:00:00Z,2026-07-04,18,0.017,0.004,0.029,,96.76,189.13,SeasonalProfile+EWMA,2026-07-29T02:51:21Z
FC-WDF02-000682,WDF02,AR90012,2026-07-05T12:00:00Z,2026-07-05,12,0.024,0.011,0.037,,96.76,189.13,SeasonalProfile+EWMA,2026-07-29T02:51:21Z
FC-WDF02-000683,WDF02,AR90012,2026-07-05T13:00:00Z,2026-07-05,13,0.028,0.015,0.041,,96.76,189.13,SeasonalProfile+EWMA,2026-07-29T02:51:21Z
FC-WDF02-000684,WDF02,AR90012,2026-07-05T14:00:00Z,2026-07-05,14,0.031,0.018,0.044,,96.76,189.13,SeasonalProfile+EWMA,2026-07-29T02:51:21Z
FC-WDF02-000685,WDF02,AR90012,2026-07-05T15:00:00Z,2026-07-05,15,0.029,0.017,0.042,,96.76,189.13,SeasonalProfile+EWMA,2026-07-29T02:51:21Z
FC-WDF02-000686,WDF02,AR90012,2026-07-05T16:00:00Z,2026-07-05,16,0.035,0.022,0.047,,96.76,189.13,SeasonalProfile+EWMA,2026-07-29T02:51:21Z
FC-WDF02-000687,WDF02,AR90012,2026-07-05T17:00:00Z,2026-07-05,17,0.024,0.011,0.036,,96.76,189.13,SeasonalProfile+EWMA,2026-07-29T02:51:21Z
FC-WDF02-000688,WDF02,AR90012,2026-07-05T18:00:00Z,2026-07-05,18,0.017,0.004,0.029,,96.76,189.13,SeasonalProfile+EWMA,2026-07-29T02:51:21Z
FC-WDF02-000689,WDF02,AR90014,2026-07-04T12:00:00Z,2026-07-04,12,0.033,0.009,0.058,,93.8,286.42,SeasonalProfile+EWMA,2026-07-29T02:51:21Z
FC-WDF02-000690,WDF02,AR90014,2026-07-04T13:00:00Z,2026-07-04,13,0.067,0.042,0.091,,93.8,286.42,SeasonalProfile+EWMA,2026-07-29T02:51:21Z
FC-WDF02-000691,WDF02,AR90014,2026-07-04T14:00:00Z,2026-07-04,14,0.059,0.034,0.083,,93.8,286.42,SeasonalProfile+EWMA,2026-07-29T02:51:21Z
FC-WDF02-000692,WDF02,AR90014,2026-07-04T15:00:00Z,2026-07-04,15,0.066,0.041,0.09,,93.8,286.42,SeasonalProfile+EWMA,2026-07-29T02:51:21Z
FC-WDF02-000693,WDF02,AR90014,2026-07-04T16:00:00Z,2026-07-04,16,0.07,0.045,0.094,,93.8,286.42,SeasonalProfile+EWMA,2026-07-29T02:51:21Z
FC-WDF02-000694,WDF02,AR90014,2026-07-04T17:00:00Z,2026-07-04,17,0.05,0.025,0.074,,93.8,286.42,SeasonalProfile+EWMA,2026-07-29T02:51:21Z
FC-WDF02-000695,WDF02,AR90014,2026-07-04T18:00:00Z,2026-07-04,18,0.05,0.025,0.074,,93.8,286.42,SeasonalProfile+EWMA,2026-07-29T02:51:21Z
FC-WDF02-000696,WDF02,AR90014,2026-07-04T19:00:00Z,2026-07-04,19,0.016,0,0.041,,93.8,286.42,SeasonalProfile+EWMA,2026-07-29T02:51:21Z
FC-WDF02-000697,WDF02,AR90014,2026-07-05T12:00:00Z,2026-07-05,12,0.033,0.009,0.058,,93.8,286.42,SeasonalProfile+EWMA,2026-07-29T02:51:21Z
FC-WDF02-000698,WDF02,AR90014,2026-07-05T13:00:00Z,2026-07-05,13,0.067,0.042,0.091,,93.8,286.42,SeasonalProfile+EWMA,2026-07-29T02:51:21Z
FC-WDF02-000699,WDF02,AR90014,2026-07-05T14:00:00Z,2026-07-05,14,0.059,0.034,0.083,,93.8,286.42,SeasonalProfile+EWMA,2026-07-29T02:51:21Z
FC-WDF02-000700,WDF02,AR90014,2026-07-05T15:00:00Z,2026-07-05,15,0.066,0.041,0.09,,93.8,286.42,SeasonalProfile+EWMA,2026-07-29T02:51:21Z
FC-WDF02-000701,WDF02,AR90014,2026-07-05T16:00:00Z,2026-07-05,16,0.07,0.045,0.094,,93.8,286.42,SeasonalProfile+EWMA,2026-07-29T02:51:21Z
FC-WDF02-000702,WDF02,AR90014,2026-07-05T17:00:00Z,2026-07-05,17,0.05,0.025,0.074,,93.8,286.42,SeasonalProfile+EWMA,2026-07-29T02:51:21Z
FC-WDF02-000703,WDF02,AR90014,2026-07-05T18:00:00Z,2026-07-05,18,0.05,0.025,0.074,,93.8,286.42,SeasonalProfile+EWMA,2026-07-29T02:51:21Z
FC-WDF02-000704,WDF02,AR90014,2026-07-05T19:00:00Z,2026-07-05,19,0.016,0,0.041,,93.8,286.42,SeasonalProfile+EWMA,2026-07-29T02:51:21Z
FC-WDF02-000705,WDF02,AR00394,2026-07-04T12:00:00Z,2026-07-04,12,0.026,0.007,0.046,,96.05,325.62,SeasonalProfile+EWMA,2026-07-29T02:51:21Z
FC-WDF02-000706,WDF02,AR00394,2026-07-04T13:00:00Z,2026-07-04,13,0.056,0.036,0.075,,96.05,325.62,SeasonalProfile+EWMA,2026-07-29T02:51:21Z
FC-WDF02-000707,WDF02,AR00394,2026-07-04T14:00:00Z,2026-07-04,14,0.046,0.027,0.066,,96.05,325.62,SeasonalProfile+EWMA,2026-07-29T02:51:21Z
FC-WDF02-000708,WDF02,AR00394,2026-07-04T15:00:00Z,2026-07-04,15,0.052,0.033,0.071,,96.05,325.62,SeasonalProfile+EWMA,2026-07-29T02:51:21Z
FC-WDF02-000709,WDF02,AR00394,2026-07-04T16:00:00Z,2026-07-04,16,0.055,0.036,0.074,,96.05,325.62,SeasonalProfile+EWMA,2026-07-29T02:51:21Z
FC-WDF02-000710,WDF02,AR00394,2026-07-04T17:00:00Z,2026-07-04,17,0.031,0.012,0.05,,96.05,325.62,SeasonalProfile+EWMA,2026-07-29T02:51:21Z
FC-WDF02-000711,WDF02,AR00394,2026-07-04T18:00:00Z,2026-07-04,18,0.039,0.02,0.058,,96.05,325.62,SeasonalProfile+EWMA,2026-07-29T02:51:21Z
FC-WDF02-000712,WDF02,AR00394,2026-07-04T19:00:00Z,2026-07-04,19,0.018,0,0.038,,96.05,325.62,SeasonalProfile+EWMA,2026-07-29T02:51:21Z
FC-WDF02-000713,WDF02,AR00394,2026-07-05T12:00:00Z,2026-07-05,12,0.026,0.007,0.046,,96.05,325.62,SeasonalProfile+EWMA,2026-07-29T02:51:21Z
FC-WDF02-000714,WDF02,AR00394,2026-07-05T13:00:00Z,2026-07-05,13,0.056,0.036,0.075,,96.05,325.62,SeasonalProfile+EWMA,2026-07-29T02:51:21Z
FC-WDF02-000715,WDF02,AR00394,2026-07-05T14:00:00Z,2026-07-05,14,0.046,0.027,0.066,,96.05,325.62,SeasonalProfile+EWMA,2026-07-29T02:51:21Z
FC-WDF02-000716,WDF02,AR00394,2026-07-05T15:00:00Z,2026-07-05,15,0.052,0.033,0.071,,96.05,325.62,SeasonalProfile+EWMA,2026-07-29T02:51:21Z
FC-WDF02-000717,WDF02,AR00394,2026-07-05T16:00:00Z,2026-07-05,16,0.055,0.036,0.074,,96.05,325.62,SeasonalProfile+EWMA,2026-07-29T02:51:21Z
FC-WDF02-000718,WDF02,AR00394,2026-07-05T17:00:00Z,2026-07-05,17,0.031,0.012,0.05,,96.05,325.62,SeasonalProfile+EWMA,2026-07-29T02:51:21Z
FC-WDF02-000719,WDF02,AR00394,2026-07-05T18:00:00Z,2026-07-05,18,0.039,0.02,0.058,,96.05,325.62,SeasonalProfile+EWMA,2026-07-29T02:51:21Z
FC-WDF02-000720,WDF02,AR00394,2026-07-05T19:00:00Z,2026-07-05,19,0.018,0,0.038,,96.05,325.62,SeasonalProfile+EWMA,2026-07-29T02:51:21Z
FC-WDF02-000721,WDF02,AR00080,2026-07-04T12:00:00Z,2026-07-04,12,0.034,0.011,0.058,,94.44,224.52,SeasonalProfile+EWMA,2026-07-29T02:51:21Z
FC-WDF02-000722,WDF02,AR00080,2026-07-04T13:00:00Z,2026-07-04,13,0.059,0.036,0.082,,94.44,224.52,SeasonalProfile+EWMA,2026-07-29T02:51:21Z
FC-WDF02-000723,WDF02,AR00080,2026-07-04T14:00:00Z,2026-07-04,14,0.058,0.035,0.081,,94.44,224.52,SeasonalProfile+EWMA,2026-07-29T02:51:21Z
FC-WDF02-000724,WDF02,AR00080,2026-07-04T15:00:00Z,2026-07-04,15,0.061,0.038,0.085,,94.44,224.52,SeasonalProfile+EWMA,2026-07-29T02:51:21Z
FC-WDF02-000725,WDF02,AR00080,2026-07-04T16:00:00Z,2026-07-04,16,0.062,0.038,0.085,,94.44,224.52,SeasonalProfile+EWMA,2026-07-29T02:51:21Z
FC-WDF02-000726,WDF02,AR00080,2026-07-04T17:00:00Z,2026-07-04,17,0.04,0.017,0.063,,94.44,224.52,SeasonalProfile+EWMA,2026-07-29T02:51:21Z
FC-WDF02-000727,WDF02,AR00080,2026-07-04T18:00:00Z,2026-07-04,18,0.04,0.016,0.063,,94.44,224.52,SeasonalProfile+EWMA,2026-07-29T02:51:21Z
FC-WDF02-000728,WDF02,AR00080,2026-07-04T19:00:00Z,2026-07-04,19,0.019,0,0.042,,94.44,224.52,SeasonalProfile+EWMA,2026-07-29T02:51:21Z
FC-WDF02-000729,WDF02,AR00080,2026-07-05T12:00:00Z,2026-07-05,12,0.034,0.011,0.058,,94.44,224.52,SeasonalProfile+EWMA,2026-07-29T02:51:21Z
FC-WDF02-000730,WDF02,AR00080,2026-07-05T13:00:00Z,2026-07-05,13,0.059,0.036,0.082,,94.44,224.52,SeasonalProfile+EWMA,2026-07-29T02:51:21Z
FC-WDF02-000731,WDF02,AR00080,2026-07-05T14:00:00Z,2026-07-05,14,0.058,0.035,0.081,,94.44,224.52,SeasonalProfile+EWMA,2026-07-29T02:51:21Z
FC-WDF02-000732,WDF02,AR00080,2026-07-05T15:00:00Z,2026-07-05,15,0.061,0.038,0.085,,94.44,224.52,SeasonalProfile+EWMA,2026-07-29T02:51:21Z
FC-WDF02-000733,WDF02,AR00080,2026-07-05T16:00:00Z,2026-07-05,16,0.062,0.038,0.085,,94.44,224.52,SeasonalProfile+EWMA,2026-07-29T02:51:21Z
FC-WDF02-000734,WDF02,AR00080,2026-07-05T17:00:00Z,2026-07-05,17,0.04,0.017,0.063,,94.44,224.52,SeasonalProfile+EWMA,2026-07-29T02:51:21Z
FC-WDF02-000735,WDF02,AR00080,2026-07-05T18:00:00Z,2026-07-05,18,0.04,0.016,0.063,,94.44,224.52,SeasonalProfile+EWMA,2026-07-29T02:51:21Z
FC-WDF02-000736,WDF02,AR00080,2026-07-05T19:00:00Z,2026-07-05,19,0.019,0,0.042,,94.44,224.52,SeasonalProfile+EWMA,2026-07-29T02:51:21Z
FC-WDF02-000737,WDF02,AR90019,2026-07-04T13:00:00Z,2026-07-04,13,0.02,0.012,0.028,,99.15,162.33,SeasonalProfile+EWMA,2026-07-29T02:51:21Z
FC-WDF02-000738,WDF02,AR90019,2026-07-04T14:00:00Z,2026-07-04,14,0.02,0.012,0.028,,99.15,162.33,SeasonalProfile+EWMA,2026-07-29T02:51:21Z
FC-WDF02-000739,WDF02,AR90019,2026-07-04T15:00:00Z,2026-07-04,15,0.021,0.013,0.029,,99.15,162.33,SeasonalProfile+EWMA,2026-07-29T02:51:21Z
FC-WDF02-000740,WDF02,AR90019,2026-07-04T16:00:00Z,2026-07-04,16,0.021,0.013,0.029,,99.15,162.33,SeasonalProfile+EWMA,2026-07-29T02:51:21Z
FC-WDF02-000741,WDF02,AR90019,2026-07-04T17:00:00Z,2026-07-04,17,0.015,0.007,0.024,,99.15,162.33,SeasonalProfile+EWMA,2026-07-29T02:51:21Z
FC-WDF02-000742,WDF02,AR90019,2026-07-05T13:00:00Z,2026-07-05,13,0.02,0.012,0.028,,99.15,162.33,SeasonalProfile+EWMA,2026-07-29T02:51:21Z
FC-WDF02-000743,WDF02,AR90019,2026-07-05T14:00:00Z,2026-07-05,14,0.02,0.012,0.028,,99.15,162.33,SeasonalProfile+EWMA,2026-07-29T02:51:21Z
FC-WDF02-000744,WDF02,AR90019,2026-07-05T15:00:00Z,2026-07-05,15,0.021,0.013,0.029,,99.15,162.33,SeasonalProfile+EWMA,2026-07-29T02:51:21Z
FC-WDF02-000745,WDF02,AR90019,2026-07-05T16:00:00Z,2026-07-05,16,0.021,0.013,0.029,,99.15,162.33,SeasonalProfile+EWMA,2026-07-29T02:51:21Z
FC-WDF02-000746,WDF02,AR90019,2026-07-05T17:00:00Z,2026-07-05,17,0.015,0.007,0.024,,99.15,162.33,SeasonalProfile+EWMA,2026-07-29T02:51:21Z
FC-WDF02-000747,WDF02,AR00010,2026-07-04T12:00:00Z,2026-07-04,12,0.03,0.008,0.053,,97.74,251.24,SeasonalProfile+EWMA,2026-07-29T02:51:21Z
FC-WDF02-000748,WDF02,AR00010,2026-07-04T13:00:00Z,2026-07-04,13,0.055,0.033,0.077,,97.74,251.24,SeasonalProfile+EWMA,2026-07-29T02:51:21Z
FC-WDF02-000749,WDF02,AR00010,2026-07-04T14:00:00Z,2026-07-04,14,0.048,0.026,0.071,,97.74,251.24,SeasonalProfile+EWMA,2026-07-29T02:51:21Z
FC-WDF02-000750,WDF02,AR00010,2026-07-04T15:00:00Z,2026-07-04,15,0.051,0.029,0.074,,97.74,251.24,SeasonalProfile+EWMA,2026-07-29T02:51:21Z
FC-WDF02-000751,WDF02,AR00010,2026-07-04T16:00:00Z,2026-07-04,16,0.052,0.029,0.074,,97.74,251.24,SeasonalProfile+EWMA,2026-07-29T02:51:21Z
FC-WDF02-000752,WDF02,AR00010,2026-07-04T17:00:00Z,2026-07-04,17,0.038,0.016,0.06,,97.74,251.24,SeasonalProfile+EWMA,2026-07-29T02:51:21Z
FC-WDF02-000753,WDF02,AR00010,2026-07-04T18:00:00Z,2026-07-04,18,0.029,0.007,0.052,,97.74,251.24,SeasonalProfile+EWMA,2026-07-29T02:51:21Z
FC-WDF02-000754,WDF02,AR00010,2026-07-04T19:00:00Z,2026-07-04,19,0.019,0,0.041,,97.74,251.24,SeasonalProfile+EWMA,2026-07-29T02:51:21Z
FC-WDF02-000755,WDF02,AR00010,2026-07-05T12:00:00Z,2026-07-05,12,0.03,0.008,0.053,,97.74,251.24,SeasonalProfile+EWMA,2026-07-29T02:51:21Z
FC-WDF02-000756,WDF02,AR00010,2026-07-05T13:00:00Z,2026-07-05,13,0.055,0.033,0.077,,97.74,251.24,SeasonalProfile+EWMA,2026-07-29T02:51:21Z
FC-WDF02-000757,WDF02,AR00010,2026-07-05T14:00:00Z,2026-07-05,14,0.048,0.026,0.071,,97.74,251.24,SeasonalProfile+EWMA,2026-07-29T02:51:21Z
FC-WDF02-000758,WDF02,AR00010,2026-07-05T15:00:00Z,2026-07-05,15,0.051,0.029,0.074,,97.74,251.24,SeasonalProfile+EWMA,2026-07-29T02:51:21Z
FC-WDF02-000759,WDF02,AR00010,2026-07-05T16:00:00Z,2026-07-05,16,0.052,0.029,0.074,,97.74,251.24,SeasonalProfile+EWMA,2026-07-29T02:51:21Z
FC-WDF02-000760,WDF02,AR00010,2026-07-05T17:00:00Z,2026-07-05,17,0.038,0.016,0.06,,97.74,251.24,SeasonalProfile+EWMA,2026-07-29T02:51:21Z
FC-WDF02-000761,WDF02,AR00010,2026-07-05T18:00:00Z,2026-07-05,18,0.029,0.007,0.052,,97.74,251.24,SeasonalProfile+EWMA,2026-07-29T02:51:21Z
FC-WDF02-000762,WDF02,AR00010,2026-07-05T19:00:00Z,2026-07-05,19,0.019,0,0.041,,97.74,251.24,SeasonalProfile+EWMA,2026-07-29T02:51:21Z
FC-WDF02-000763,WDF02,AR00084,2026-07-04T13:00:00Z,2026-07-04,13,0.016,0.008,0.023,,97.67,243.2,SeasonalProfile+EWMA,2026-07-29T02:51:21Z
FC-WDF02-000764,WDF02,AR00084,2026-07-04T14:00:00Z,2026-07-04,14,0.018,0.011,0.025,,97.67,243.2,SeasonalProfile+EWMA,2026-07-29T02:51:21Z
FC-WDF02-000765,WDF02,AR00084,2026-07-04T16:00:00Z,2026-07-04,16,0.016,0.009,0.024,,97.67,243.2,SeasonalProfile+EWMA,2026-07-29T02:51:21Z
FC-WDF02-000766,WDF02,AR00084,2026-07-05T13:00:00Z,2026-07-05,13,0.016,0.008,0.023,,97.67,243.2,SeasonalProfile+EWMA,2026-07-29T02:51:21Z
FC-WDF02-000767,WDF02,AR00084,2026-07-05T14:00:00Z,2026-07-05,14,0.018,0.011,0.025,,97.67,243.2,SeasonalProfile+EWMA,2026-07-29T02:51:21Z
FC-WDF02-000768,WDF02,AR00084,2026-07-05T16:00:00Z,2026-07-05,16,0.016,0.009,0.024,,97.67,243.2,SeasonalProfile+EWMA,2026-07-29T02:51:21Z
FC-WDF02-000769,WDF02,AR90036,2026-07-04T12:00:00Z,2026-07-04,12,0.023,0.016,0.031,,97.67,357.9,SeasonalProfile+EWMA,2026-07-29T02:51:21Z
FC-WDF02-000770,WDF02,AR90036,2026-07-04T13:00:00Z,2026-07-04,13,0.031,0.023,0.039,,97.67,357.9,SeasonalProfile+EWMA,2026-07-29T02:51:21Z
FC-WDF02-000771,WDF02,AR90036,2026-07-04T14:00:00Z,2026-07-04,14,0.027,0.019,0.035,,97.67,357.9,SeasonalProfile+EWMA,2026-07-29T02:51:21Z
FC-WDF02-000772,WDF02,AR90036,2026-07-04T15:00:00Z,2026-07-04,15,0.027,0.02,0.035,,97.67,357.9,SeasonalProfile+EWMA,2026-07-29T02:51:21Z
FC-WDF02-000773,WDF02,AR90036,2026-07-04T16:00:00Z,2026-07-04,16,0.027,0.02,0.035,,97.67,357.9,SeasonalProfile+EWMA,2026-07-29T02:51:21Z
FC-WDF02-000774,WDF02,AR90036,2026-07-04T17:00:00Z,2026-07-04,17,0.018,0.01,0.026,,97.67,357.9,SeasonalProfile+EWMA,2026-07-29T02:51:21Z
FC-WDF02-000775,WDF02,AR90036,2026-07-04T18:00:00Z,2026-07-04,18,0.02,0.012,0.027,,97.67,357.9,SeasonalProfile+EWMA,2026-07-29T02:51:21Z
FC-WDF02-000776,WDF02,AR90036,2026-07-05T12:00:00Z,2026-07-05,12,0.023,0.016,0.031,,97.67,357.9,SeasonalProfile+EWMA,2026-07-29T02:51:21Z
FC-WDF02-000777,WDF02,AR90036,2026-07-05T13:00:00Z,2026-07-05,13,0.031,0.023,0.039,,97.67,357.9,SeasonalProfile+EWMA,2026-07-29T02:51:21Z
FC-WDF02-000778,WDF02,AR90036,2026-07-05T14:00:00Z,2026-07-05,14,0.027,0.019,0.035,,97.67,357.9,SeasonalProfile+EWMA,2026-07-29T02:51:21Z
FC-WDF02-000779,WDF02,AR90036,2026-07-05T15:00:00Z,2026-07-05,15,0.027,0.02,0.035,,97.67,357.9,SeasonalProfile+EWMA,2026-07-29T02:51:21Z
FC-WDF02-000780,WDF02,AR90036,2026-07-05T16:00:00Z,2026-07-05,16,0.027,0.02,0.035,,97.67,357.9,SeasonalProfile+EWMA,2026-07-29T02:51:21Z
FC-WDF02-000781,WDF02,AR90036,2026-07-05T17:00:00Z,2026-07-05,17,0.018,0.01,0.026,,97.67,357.9,SeasonalProfile+EWMA,2026-07-29T02:51:21Z
FC-WDF02-000782,WDF02,AR90036,2026-07-05T18:00:00Z,2026-07-05,18,0.02,0.012,0.027,,97.67,357.9,SeasonalProfile+EWMA,2026-07-29T02:51:21Z
FC-STR01-000783,STR01,AR90004,2026-07-04T08:00:00Z,2026-07-04,8,0.021,0,0.437,,71.65,193.92,SeasonalProfile+EWMA,2026-07-29T02:51:21Z
FC-STR01-000784,STR01,AR90004,2026-07-04T09:00:00Z,2026-07-04,9,0.041,0,0.458,,71.65,193.92,SeasonalProfile+EWMA,2026-07-29T02:51:21Z
FC-STR01-000785,STR01,AR90004,2026-07-04T10:00:00Z,2026-07-04,10,0.048,0,0.465,,71.65,193.92,SeasonalProfile+EWMA,2026-07-29T02:51:21Z
FC-STR01-000786,STR01,AR90004,2026-07-04T11:00:00Z,2026-07-04,11,0.055,0,0.472,,71.65,193.92,SeasonalProfile+EWMA,2026-07-29T02:51:21Z
FC-STR01-000787,STR01,AR90004,2026-07-04T12:00:00Z,2026-07-04,12,0.172,0,0.589,,71.65,193.92,SeasonalProfile+EWMA,2026-07-29T02:51:21Z
FC-STR01-000788,STR01,AR90004,2026-07-04T13:00:00Z,2026-07-04,13,0.448,0.031,0.865,,71.65,193.92,SeasonalProfile+EWMA,2026-07-29T02:51:21Z
FC-STR01-000789,STR01,AR90004,2026-07-04T14:00:00Z,2026-07-04,14,0.269,0,0.685,,71.65,193.92,SeasonalProfile+EWMA,2026-07-29T02:51:21Z
FC-STR01-000790,STR01,AR90004,2026-07-04T15:00:00Z,2026-07-04,15,0.214,0,0.63,,71.65,193.92,SeasonalProfile+EWMA,2026-07-29T02:51:21Z
FC-STR01-000791,STR01,AR90004,2026-07-04T16:00:00Z,2026-07-04,16,0.31,0,0.727,,71.65,193.92,SeasonalProfile+EWMA,2026-07-29T02:51:21Z
FC-STR01-000792,STR01,AR90004,2026-07-04T17:00:00Z,2026-07-04,17,0.207,0,0.623,,71.65,193.92,SeasonalProfile+EWMA,2026-07-29T02:51:21Z
FC-STR01-000793,STR01,AR90004,2026-07-04T18:00:00Z,2026-07-04,18,0.248,0,0.665,,71.65,193.92,SeasonalProfile+EWMA,2026-07-29T02:51:21Z
FC-STR01-000794,STR01,AR90004,2026-07-04T19:00:00Z,2026-07-04,19,0.11,0,0.527,,71.65,193.92,SeasonalProfile+EWMA,2026-07-29T02:51:21Z
FC-STR01-000795,STR01,AR90004,2026-07-04T20:00:00Z,2026-07-04,20,0.062,0,0.479,,71.65,193.92,SeasonalProfile+EWMA,2026-07-29T02:51:21Z
FC-STR01-000796,STR01,AR90004,2026-07-04T21:00:00Z,2026-07-04,21,0.028,0,0.444,,71.65,193.92,SeasonalProfile+EWMA,2026-07-29T02:51:21Z
FC-STR01-000797,STR01,AR90004,2026-07-05T13:00:00Z,2026-07-05,13,0.033,0,0.45,,71.65,193.92,SeasonalProfile+EWMA,2026-07-29T02:51:21Z
FC-STR01-000798,STR01,AR90004,2026-07-05T14:00:00Z,2026-07-05,14,0.02,0,0.437,,71.65,193.92,SeasonalProfile+EWMA,2026-07-29T02:51:21Z
FC-STR01-000799,STR01,AR90004,2026-07-05T15:00:00Z,2026-07-05,15,0.016,0,0.433,,71.65,193.92,SeasonalProfile+EWMA,2026-07-29T02:51:21Z
FC-STR01-000800,STR01,AR90004,2026-07-05T16:00:00Z,2026-07-05,16,0.023,0,0.44,,71.65,193.92,SeasonalProfile+EWMA,2026-07-29T02:51:21Z
FC-STR01-000801,STR01,AR90004,2026-07-05T17:00:00Z,2026-07-05,17,0.015,0,0.432,,71.65,193.92,SeasonalProfile+EWMA,2026-07-29T02:51:21Z
FC-STR01-000802,STR01,AR90004,2026-07-05T18:00:00Z,2026-07-05,18,0.018,0,0.435,,71.65,193.92,SeasonalProfile+EWMA,2026-07-29T02:51:21Z
FC-STR01-000803,STR01,AR90003,2026-07-04T09:00:00Z,2026-07-04,9,0.02,0,0.342,,79.92,208.76,SeasonalProfile+EWMA,2026-07-29T02:51:21Z
FC-STR01-000804,STR01,AR90003,2026-07-04T11:00:00Z,2026-07-04,11,0.03,0,0.352,,79.92,208.76,SeasonalProfile+EWMA,2026-07-29T02:51:21Z
FC-STR01-000805,STR01,AR90003,2026-07-04T12:00:00Z,2026-07-04,12,0.112,0,0.434,,79.92,208.76,SeasonalProfile+EWMA,2026-07-29T02:51:21Z
FC-STR01-000806,STR01,AR90003,2026-07-04T13:00:00Z,2026-07-04,13,0.213,0,0.535,,79.92,208.76,SeasonalProfile+EWMA,2026-07-29T02:51:21Z
FC-STR01-000807,STR01,AR90003,2026-07-04T14:00:00Z,2026-07-04,14,0.264,0,0.586,,79.92,208.76,SeasonalProfile+EWMA,2026-07-29T02:51:21Z
FC-STR01-000808,STR01,AR90003,2026-07-04T15:00:00Z,2026-07-04,15,0.224,0,0.545,,79.92,208.76,SeasonalProfile+EWMA,2026-07-29T02:51:21Z
FC-STR01-000809,STR01,AR90003,2026-07-04T16:00:00Z,2026-07-04,16,0.183,0,0.505,,79.92,208.76,SeasonalProfile+EWMA,2026-07-29T02:51:21Z
FC-STR01-000810,STR01,AR90003,2026-07-04T17:00:00Z,2026-07-04,17,0.234,0,0.555,,79.92,208.76,SeasonalProfile+EWMA,2026-07-29T02:51:21Z
FC-STR01-000811,STR01,AR90003,2026-07-04T18:00:00Z,2026-07-04,18,0.112,0,0.434,,79.92,208.76,SeasonalProfile+EWMA,2026-07-29T02:51:21Z
FC-STR01-000812,STR01,AR90003,2026-07-04T19:00:00Z,2026-07-04,19,0.071,0,0.393,,79.92,208.76,SeasonalProfile+EWMA,2026-07-29T02:51:21Z
FC-STR01-000813,STR01,AR90003,2026-07-04T20:00:00Z,2026-07-04,20,0.041,0,0.362,,79.92,208.76,SeasonalProfile+EWMA,2026-07-29T02:51:21Z
FC-STR01-000814,STR01,AR90003,2026-07-04T21:00:00Z,2026-07-04,21,0.061,0,0.383,,79.92,208.76,SeasonalProfile+EWMA,2026-07-29T02:51:21Z
FC-STR01-000815,STR01,AR90003,2026-07-04T22:00:00Z,2026-07-04,22,0.02,0,0.342,,79.92,208.76,SeasonalProfile+EWMA,2026-07-29T02:51:21Z
FC-STR01-000816,STR01,AR90003,2026-07-05T13:00:00Z,2026-07-05,13,0.016,0,0.338,,79.92,208.76,SeasonalProfile+EWMA,2026-07-29T02:51:21Z
FC-STR01-000817,STR01,AR90003,2026-07-05T14:00:00Z,2026-07-05,14,0.02,0,0.341,,79.92,208.76,SeasonalProfile+EWMA,2026-07-29T02:51:21Z
FC-STR01-000818,STR01,AR90003,2026-07-05T15:00:00Z,2026-07-05,15,0.017,0,0.338,,79.92,208.76,SeasonalProfile+EWMA,2026-07-29T02:51:21Z
FC-STR01-000819,STR01,AR90003,2026-07-05T17:00:00Z,2026-07-05,17,0.017,0,0.339,,79.92,208.76,SeasonalProfile+EWMA,2026-07-29T02:51:21Z
FC-STR01-000820,STR01,AR90039,2026-07-04T09:00:00Z,2026-07-04,9,0.02,0,0.181,,88.31,204.03,SeasonalProfile+EWMA,2026-07-29T02:51:21Z
FC-STR01-000821,STR01,AR90039,2026-07-04T11:00:00Z,2026-07-04,11,0.033,0,0.193,,88.31,204.03,SeasonalProfile+EWMA,2026-07-29T02:51:21Z
FC-STR01-000822,STR01,AR90039,2026-07-04T12:00:00Z,2026-07-04,12,0.051,0,0.211,,88.31,204.03,SeasonalProfile+EWMA,2026-07-29T02:51:21Z
FC-STR01-000823,STR01,AR90039,2026-07-04T13:00:00Z,2026-07-04,13,0.075,0,0.236,,88.31,204.03,SeasonalProfile+EWMA,2026-07-29T02:51:21Z
FC-STR01-000824,STR01,AR90039,2026-07-04T14:00:00Z,2026-07-04,14,0.051,0,0.211,,88.31,204.03,SeasonalProfile+EWMA,2026-07-29T02:51:21Z
FC-STR01-000825,STR01,AR90039,2026-07-04T15:00:00Z,2026-07-04,15,0.091,0,0.251,,88.31,204.03,SeasonalProfile+EWMA,2026-07-29T02:51:21Z
FC-STR01-000826,STR01,AR90039,2026-07-04T16:00:00Z,2026-07-04,16,0.081,0,0.242,,88.31,204.03,SeasonalProfile+EWMA,2026-07-29T02:51:21Z
FC-STR01-000827,STR01,AR90039,2026-07-04T17:00:00Z,2026-07-04,17,0.091,0,0.251,,88.31,204.03,SeasonalProfile+EWMA,2026-07-29T02:51:21Z
FC-STR01-000828,STR01,AR90039,2026-07-04T18:00:00Z,2026-07-04,18,0.087,0,0.248,,88.31,204.03,SeasonalProfile+EWMA,2026-07-29T02:51:21Z
FC-STR01-000829,STR01,AR90039,2026-07-04T19:00:00Z,2026-07-04,19,0.02,0,0.181,,88.31,204.03,SeasonalProfile+EWMA,2026-07-29T02:51:21Z
FC-STR01-000830,STR01,AR90002,2026-07-04T10:00:00Z,2026-07-04,10,0.016,0,0.231,,77.4,200.47,SeasonalProfile+EWMA,2026-07-29T02:51:21Z
FC-STR01-000831,STR01,AR90002,2026-07-04T12:00:00Z,2026-07-04,12,0.062,0,0.277,,77.4,200.47,SeasonalProfile+EWMA,2026-07-29T02:51:21Z
FC-STR01-000832,STR01,AR90002,2026-07-04T13:00:00Z,2026-07-04,13,0.293,0.078,0.508,,77.4,200.47,SeasonalProfile+EWMA,2026-07-29T02:51:21Z
FC-STR01-000833,STR01,AR90002,2026-07-04T14:00:00Z,2026-07-04,14,0.115,0,0.33,,77.4,200.47,SeasonalProfile+EWMA,2026-07-29T02:51:21Z
FC-STR01-000834,STR01,AR90002,2026-07-04T15:00:00Z,2026-07-04,15,0.129,0,0.344,,77.4,200.47,SeasonalProfile+EWMA,2026-07-29T02:51:21Z
FC-STR01-000835,STR01,AR90002,2026-07-04T16:00:00Z,2026-07-04,16,0.131,0,0.346,,77.4,200.47,SeasonalProfile+EWMA,2026-07-29T02:51:21Z
FC-STR01-000836,STR01,AR90002,2026-07-04T17:00:00Z,2026-07-04,17,0.094,0,0.309,,77.4,200.47,SeasonalProfile+EWMA,2026-07-29T02:51:21Z
FC-STR01-000837,STR01,AR90002,2026-07-04T18:00:00Z,2026-07-04,18,0.062,0,0.277,,77.4,200.47,SeasonalProfile+EWMA,2026-07-29T02:51:21Z
FC-STR01-000838,STR01,AR90002,2026-07-04T19:00:00Z,2026-07-04,19,0.027,0,0.242,,77.4,200.47,SeasonalProfile+EWMA,2026-07-29T02:51:21Z
FC-STR01-000839,STR01,AR90002,2026-07-04T20:00:00Z,2026-07-04,20,0.038,0,0.253,,77.4,200.47,SeasonalProfile+EWMA,2026-07-29T02:51:21Z
FC-STR01-000840,STR01,AR90002,2026-07-04T21:00:00Z,2026-07-04,21,0.039,0,0.254,,77.4,200.47,SeasonalProfile+EWMA,2026-07-29T02:51:21Z
FC-STR01-000841,STR01,AR90002,2026-07-05T13:00:00Z,2026-07-05,13,0.022,0,0.237,,77.4,200.47,SeasonalProfile+EWMA,2026-07-29T02:51:21Z
FC-STR01-000842,STR01,AR90034,2026-07-04T11:00:00Z,2026-07-04,11,0.016,0,0.202,,94.27,250.04,SeasonalProfile+EWMA,2026-07-29T02:51:21Z
FC-STR01-000843,STR01,AR90034,2026-07-04T12:00:00Z,2026-07-04,12,0.04,0,0.226,,94.27,250.04,SeasonalProfile+EWMA,2026-07-29T02:51:21Z
FC-STR01-000844,STR01,AR90034,2026-07-04T13:00:00Z,2026-07-04,13,0.058,0,0.244,,94.27,250.04,SeasonalProfile+EWMA,2026-07-29T02:51:21Z
FC-STR01-000845,STR01,AR90034,2026-07-04T14:00:00Z,2026-07-04,14,0.065,0,0.251,,94.27,250.04,SeasonalProfile+EWMA,2026-07-29T02:51:21Z
FC-STR01-000846,STR01,AR90034,2026-07-04T15:00:00Z,2026-07-04,15,0.062,0,0.248,,94.27,250.04,SeasonalProfile+EWMA,2026-07-29T02:51:21Z
FC-STR01-000847,STR01,AR90034,2026-07-04T16:00:00Z,2026-07-04,16,0.067,0,0.254,,94.27,250.04,SeasonalProfile+EWMA,2026-07-29T02:51:21Z
FC-STR01-000848,STR01,AR90034,2026-07-04T17:00:00Z,2026-07-04,17,0.041,0,0.227,,94.27,250.04,SeasonalProfile+EWMA,2026-07-29T02:51:21Z
FC-STR01-000849,STR01,AR90034,2026-07-04T18:00:00Z,2026-07-04,18,0.033,0,0.219,,94.27,250.04,SeasonalProfile+EWMA,2026-07-29T02:51:21Z
FC-STR01-000850,STR01,AR90034,2026-07-04T19:00:00Z,2026-07-04,19,0.028,0,0.214,,94.27,250.04,SeasonalProfile+EWMA,2026-07-29T02:51:21Z
FC-STR01-000851,STR01,AR90034,2026-07-04T20:00:00Z,2026-07-04,20,0.02,0,0.206,,94.27,250.04,SeasonalProfile+EWMA,2026-07-29T02:51:21Z
FC-STR01-000852,STR01,AR90034,2026-07-04T21:00:00Z,2026-07-04,21,0.017,0,0.203,,94.27,250.04,SeasonalProfile+EWMA,2026-07-29T02:51:21Z
FC-STR01-000853,STR01,AR00394,2026-07-04T11:00:00Z,2026-07-04,11,0.016,0,0.058,,94.07,228.89,SeasonalProfile+EWMA,2026-07-29T02:51:21Z
FC-STR01-000854,STR01,AR00394,2026-07-04T12:00:00Z,2026-07-04,12,0.053,0.012,0.095,,94.07,228.89,SeasonalProfile+EWMA,2026-07-29T02:51:21Z
FC-STR01-000855,STR01,AR00394,2026-07-04T13:00:00Z,2026-07-04,13,0.082,0.041,0.124,,94.07,228.89,SeasonalProfile+EWMA,2026-07-29T02:51:21Z
FC-STR01-000856,STR01,AR00394,2026-07-04T14:00:00Z,2026-07-04,14,0.076,0.034,0.117,,94.07,228.89,SeasonalProfile+EWMA,2026-07-29T02:51:21Z
FC-STR01-000857,STR01,AR00394,2026-07-04T15:00:00Z,2026-07-04,15,0.068,0.026,0.109,,94.07,228.89,SeasonalProfile+EWMA,2026-07-29T02:51:21Z
FC-STR01-000858,STR01,AR00394,2026-07-04T16:00:00Z,2026-07-04,16,0.085,0.043,0.126,,94.07,228.89,SeasonalProfile+EWMA,2026-07-29T02:51:21Z
FC-STR01-000859,STR01,AR00394,2026-07-04T17:00:00Z,2026-07-04,17,0.075,0.033,0.116,,94.07,228.89,SeasonalProfile+EWMA,2026-07-29T02:51:21Z
FC-STR01-000860,STR01,AR00394,2026-07-04T18:00:00Z,2026-07-04,18,0.058,0.017,0.1,,94.07,228.89,SeasonalProfile+EWMA,2026-07-29T02:51:21Z
FC-STR01-000861,STR01,AR00394,2026-07-04T19:00:00Z,2026-07-04,19,0.022,0,0.063,,94.07,228.89,SeasonalProfile+EWMA,2026-07-29T02:51:21Z
FC-STR01-000862,STR01,AR00394,2026-07-04T20:00:00Z,2026-07-04,20,0.016,0,0.058,,94.07,228.89,SeasonalProfile+EWMA,2026-07-29T02:51:21Z
FC-STR01-000863,STR01,AR00394,2026-07-04T21:00:00Z,2026-07-04,21,0.022,0,0.064,,94.07,228.89,SeasonalProfile+EWMA,2026-07-29T02:51:21Z
FC-STR01-000864,STR01,AR00395,2026-07-04T10:00:00Z,2026-07-04,10,0.02,0,0.071,,93.01,240.98,SeasonalProfile+EWMA,2026-07-29T02:51:21Z
FC-STR01-000865,STR01,AR00395,2026-07-04T11:00:00Z,2026-07-04,11,0.02,0,0.071,,93.01,240.98,SeasonalProfile+EWMA,2026-07-29T02:51:21Z
FC-STR01-000866,STR01,AR00395,2026-07-04T12:00:00Z,2026-07-04,12,0.054,0.003,0.105,,93.01,240.98,SeasonalProfile+EWMA,2026-07-29T02:51:21Z
FC-STR01-000867,STR01,AR00395,2026-07-04T13:00:00Z,2026-07-04,13,0.095,0.044,0.146,,93.01,240.98,SeasonalProfile+EWMA,2026-07-29T02:51:21Z
FC-STR01-000868,STR01,AR00395,2026-07-04T14:00:00Z,2026-07-04,14,0.075,0.024,0.126,,93.01,240.98,SeasonalProfile+EWMA,2026-07-29T02:51:21Z
FC-STR01-000869,STR01,AR00395,2026-07-04T15:00:00Z,2026-07-04,15,0.068,0.017,0.119,,93.01,240.98,SeasonalProfile+EWMA,2026-07-29T02:51:21Z
FC-STR01-000870,STR01,AR00395,2026-07-04T16:00:00Z,2026-07-04,16,0.051,0,0.102,,93.01,240.98,SeasonalProfile+EWMA,2026-07-29T02:51:21Z
FC-STR01-000871,STR01,AR00395,2026-07-04T17:00:00Z,2026-07-04,17,0.046,0,0.097,,93.01,240.98,SeasonalProfile+EWMA,2026-07-29T02:51:21Z
FC-STR01-000872,STR01,AR00395,2026-07-04T18:00:00Z,2026-07-04,18,0.036,0,0.087,,93.01,240.98,SeasonalProfile+EWMA,2026-07-29T02:51:21Z
FC-STR01-000873,STR01,AR00395,2026-07-04T19:00:00Z,2026-07-04,19,0.034,0,0.085,,93.01,240.98,SeasonalProfile+EWMA,2026-07-29T02:51:21Z
FC-STR01-000874,STR01,AR00395,2026-07-04T21:00:00Z,2026-07-04,21,0.021,0,0.072,,93.01,240.98,SeasonalProfile+EWMA,2026-07-29T02:51:21Z
FC-STR01-000875,STR01,AR90018,2026-07-04T11:00:00Z,2026-07-04,11,0.021,0,0.066,,94.59,309.39,SeasonalProfile+EWMA,2026-07-29T02:51:21Z
FC-STR01-000876,STR01,AR90018,2026-07-04T12:00:00Z,2026-07-04,12,0.031,0,0.076,,94.59,309.39,SeasonalProfile+EWMA,2026-07-29T02:51:21Z
FC-STR01-000877,STR01,AR90018,2026-07-04T13:00:00Z,2026-07-04,13,0.082,0.037,0.126,,94.59,309.39,SeasonalProfile+EWMA,2026-07-29T02:51:21Z
FC-STR01-000878,STR01,AR90018,2026-07-04T14:00:00Z,2026-07-04,14,0.061,0.016,0.105,,94.59,309.39,SeasonalProfile+EWMA,2026-07-29T02:51:21Z
FC-STR01-000879,STR01,AR90018,2026-07-04T15:00:00Z,2026-07-04,15,0.046,0.002,0.091,,94.59,309.39,SeasonalProfile+EWMA,2026-07-29T02:51:21Z
FC-STR01-000880,STR01,AR90018,2026-07-04T16:00:00Z,2026-07-04,16,0.072,0.027,0.116,,94.59,309.39,SeasonalProfile+EWMA,2026-07-29T02:51:21Z
FC-STR01-000881,STR01,AR90018,2026-07-04T17:00:00Z,2026-07-04,17,0.04,0,0.085,,94.59,309.39,SeasonalProfile+EWMA,2026-07-29T02:51:21Z
FC-STR01-000882,STR01,AR90018,2026-07-04T18:00:00Z,2026-07-04,18,0.054,0.01,0.099,,94.59,309.39,SeasonalProfile+EWMA,2026-07-29T02:51:21Z
FC-STR01-000883,STR01,AR90018,2026-07-04T19:00:00Z,2026-07-04,19,0.018,0,0.062,,94.59,309.39,SeasonalProfile+EWMA,2026-07-29T02:51:21Z
FC-STR01-000884,STR01,AR90015,2026-07-04T12:00:00Z,2026-07-04,12,0.017,0,0.236,,97.65,203.91,SeasonalProfile+EWMA,2026-07-29T02:51:21Z
FC-STR01-000885,STR01,AR90015,2026-07-04T13:00:00Z,2026-07-04,13,0.022,0,0.24,,97.65,203.91,SeasonalProfile+EWMA,2026-07-29T02:51:21Z
FC-STR01-000886,STR01,AR90015,2026-07-04T14:00:00Z,2026-07-04,14,0.018,0,0.237,,97.65,203.91,SeasonalProfile+EWMA,2026-07-29T02:51:21Z
FC-STR01-000887,STR01,AR90015,2026-07-04T15:00:00Z,2026-07-04,15,0.021,0,0.24,,97.65,203.91,SeasonalProfile+EWMA,2026-07-29T02:51:21Z
FC-STR01-000888,STR01,AR90015,2026-07-04T16:00:00Z,2026-07-04,16,0.021,0,0.239,,97.65,203.91,SeasonalProfile+EWMA,2026-07-29T02:51:21Z
FC-STR01-000889,STR01,AR90015,2026-07-04T17:00:00Z,2026-07-04,17,0.016,0,0.235,,97.65,203.91,SeasonalProfile+EWMA,2026-07-29T02:51:21Z
FC-STR01-000890,STR01,AR00188,2026-07-04T12:00:00Z,2026-07-04,12,0.042,0.011,0.072,,94.63,240.91,SeasonalProfile+EWMA,2026-07-29T02:51:21Z
FC-STR01-000891,STR01,AR00188,2026-07-04T13:00:00Z,2026-07-04,13,0.061,0.031,0.092,,94.63,240.91,SeasonalProfile+EWMA,2026-07-29T02:51:21Z
FC-STR01-000892,STR01,AR00188,2026-07-04T14:00:00Z,2026-07-04,14,0.056,0.026,0.087,,94.63,240.91,SeasonalProfile+EWMA,2026-07-29T02:51:21Z
FC-STR01-000893,STR01,AR00188,2026-07-04T15:00:00Z,2026-07-04,15,0.05,0.019,0.08,,94.63,240.91,SeasonalProfile+EWMA,2026-07-29T02:51:21Z
FC-STR01-000894,STR01,AR00188,2026-07-04T16:00:00Z,2026-07-04,16,0.059,0.028,0.089,,94.63,240.91,SeasonalProfile+EWMA,2026-07-29T02:51:21Z
FC-STR01-000895,STR01,AR00188,2026-07-04T17:00:00Z,2026-07-04,17,0.043,0.013,0.074,,94.63,240.91,SeasonalProfile+EWMA,2026-07-29T02:51:21Z
FC-STR01-000896,STR01,AR00188,2026-07-04T18:00:00Z,2026-07-04,18,0.038,0.008,0.069,,94.63,240.91,SeasonalProfile+EWMA,2026-07-29T02:51:21Z
FC-STR01-000897,STR01,AR00188,2026-07-04T19:00:00Z,2026-07-04,19,0.021,0,0.052,,94.63,240.91,SeasonalProfile+EWMA,2026-07-29T02:51:21Z
FC-STR01-000898,STR01,AR00188,2026-07-04T21:00:00Z,2026-07-04,21,0.017,0,0.048,,94.63,240.91,SeasonalProfile+EWMA,2026-07-29T02:51:21Z
FC-STR01-000899,STR01,AR00010,2026-07-04T12:00:00Z,2026-07-04,12,0.028,0.008,0.049,,95.99,186.09,SeasonalProfile+EWMA,2026-07-29T02:51:21Z
FC-STR01-000900,STR01,AR00010,2026-07-04T13:00:00Z,2026-07-04,13,0.039,0.018,0.059,,95.99,186.09,SeasonalProfile+EWMA,2026-07-29T02:51:21Z
FC-STR01-000901,STR01,AR00010,2026-07-04T14:00:00Z,2026-07-04,14,0.033,0.013,0.054,,95.99,186.09,SeasonalProfile+EWMA,2026-07-29T02:51:21Z
FC-STR01-000902,STR01,AR00010,2026-07-04T15:00:00Z,2026-07-04,15,0.034,0.013,0.054,,95.99,186.09,SeasonalProfile+EWMA,2026-07-29T02:51:21Z
FC-STR01-000903,STR01,AR00010,2026-07-04T16:00:00Z,2026-07-04,16,0.035,0.014,0.055,,95.99,186.09,SeasonalProfile+EWMA,2026-07-29T02:51:21Z
FC-STR01-000904,STR01,AR00010,2026-07-04T17:00:00Z,2026-07-04,17,0.023,0.002,0.043,,95.99,186.09,SeasonalProfile+EWMA,2026-07-29T02:51:21Z
FC-STR01-000905,STR01,AR00010,2026-07-04T18:00:00Z,2026-07-04,18,0.026,0.006,0.047,,95.99,186.09,SeasonalProfile+EWMA,2026-07-29T02:51:21Z
FC-STR01-000906,STR01,AR00009,2026-07-04T12:00:00Z,2026-07-04,12,0.018,0,0.263,,96.93,234.24,SeasonalProfile+EWMA,2026-07-29T02:51:21Z
FC-STR01-000907,STR01,AR00009,2026-07-04T13:00:00Z,2026-07-04,13,0.026,0,0.271,,96.93,234.24,SeasonalProfile+EWMA,2026-07-29T02:51:21Z
FC-STR01-000908,STR01,AR00009,2026-07-04T14:00:00Z,2026-07-04,14,0.032,0,0.276,,96.93,234.24,SeasonalProfile+EWMA,2026-07-29T02:51:21Z
FC-STR01-000909,STR01,AR00009,2026-07-04T15:00:00Z,2026-07-04,15,0.027,0,0.272,,96.93,234.24,SeasonalProfile+EWMA,2026-07-29T02:51:21Z
FC-STR01-000910,STR01,AR00009,2026-07-04T16:00:00Z,2026-07-04,16,0.027,0,0.271,,96.93,234.24,SeasonalProfile+EWMA,2026-07-29T02:51:21Z
FC-STR01-000911,STR01,AR00009,2026-07-04T17:00:00Z,2026-07-04,17,0.019,0,0.264,,96.93,234.24,SeasonalProfile+EWMA,2026-07-29T02:51:21Z
FC-STR01-000912,STR01,AR00009,2026-07-04T18:00:00Z,2026-07-04,18,0.018,0,0.263,,96.93,234.24,SeasonalProfile+EWMA,2026-07-29T02:51:21Z
FC-STR01-000913,STR01,AR00241,2026-07-04T13:00:00Z,2026-07-04,13,0.028,0.016,0.04,,96.45,215.8,SeasonalProfile+EWMA,2026-07-29T02:51:21Z
FC-STR01-000914,STR01,AR00241,2026-07-04T14:00:00Z,2026-07-04,14,0.024,0.012,0.036,,96.45,215.8,SeasonalProfile+EWMA,2026-07-29T02:51:21Z
FC-STR01-000915,STR01,AR00241,2026-07-04T15:00:00Z,2026-07-04,15,0.023,0.011,0.035,,96.45,215.8,SeasonalProfile+EWMA,2026-07-29T02:51:21Z
FC-STR01-000916,STR01,AR00241,2026-07-04T16:00:00Z,2026-07-04,16,0.022,0.01,0.035,,96.45,215.8,SeasonalProfile+EWMA,2026-07-29T02:51:21Z
FC-STR01-000917,STR01,AR00241,2026-07-04T17:00:00Z,2026-07-04,17,0.019,0.006,0.031,,96.45,215.8,SeasonalProfile+EWMA,2026-07-29T02:51:21Z
FC-STR01-000918,STR01,AR00080,2026-07-04T13:00:00Z,2026-07-04,13,0.02,0,0.284,,97.37,186.11,SeasonalProfile+EWMA,2026-07-29T02:51:21Z
FC-STR01-000919,STR01,AR00080,2026-07-04T14:00:00Z,2026-07-04,14,0.019,0,0.283,,97.37,186.11,SeasonalProfile+EWMA,2026-07-29T02:51:21Z
FC-STR01-000920,STR01,AR00080,2026-07-04T15:00:00Z,2026-07-04,15,0.015,0,0.279,,97.37,186.11,SeasonalProfile+EWMA,2026-07-29T02:51:21Z
FC-STR01-000921,STR01,AR00080,2026-07-04T16:00:00Z,2026-07-04,16,0.016,0,0.28,,97.37,186.11,SeasonalProfile+EWMA,2026-07-29T02:51:21Z
FC-STR01-000922,STR01,AR00080,2026-07-04T17:00:00Z,2026-07-04,17,0.015,0,0.279,,97.37,186.11,SeasonalProfile+EWMA,2026-07-29T02:51:21Z
FC-STR01-000923,STR01,AR00244,2026-07-04T12:00:00Z,2026-07-04,12,0.025,0,0.055,,94,256.99,SeasonalProfile+EWMA,2026-07-29T02:51:21Z
FC-STR01-000924,STR01,AR00244,2026-07-04T13:00:00Z,2026-07-04,13,0.056,0.026,0.085,,94,256.99,SeasonalProfile+EWMA,2026-07-29T02:51:21Z
FC-STR01-000925,STR01,AR00244,2026-07-04T14:00:00Z,2026-07-04,14,0.051,0.021,0.08,,94,256.99,SeasonalProfile+EWMA,2026-07-29T02:51:21Z
FC-STR01-000926,STR01,AR00244,2026-07-04T15:00:00Z,2026-07-04,15,0.045,0.016,0.075,,94,256.99,SeasonalProfile+EWMA,2026-07-29T02:51:21Z
FC-STR01-000927,STR01,AR00244,2026-07-04T16:00:00Z,2026-07-04,16,0.041,0.011,0.07,,94,256.99,SeasonalProfile+EWMA,2026-07-29T02:51:21Z
FC-STR01-000928,STR01,AR00244,2026-07-04T17:00:00Z,2026-07-04,17,0.045,0.016,0.075,,94,256.99,SeasonalProfile+EWMA,2026-07-29T02:51:21Z
FC-STR01-000929,STR01,AR00244,2026-07-04T18:00:00Z,2026-07-04,18,0.028,0,0.058,,94,256.99,SeasonalProfile+EWMA,2026-07-29T02:51:21Z
FC-STR01-000930,STR01,AR00244,2026-07-04T19:00:00Z,2026-07-04,19,0.019,0,0.048,,94,256.99,SeasonalProfile+EWMA,2026-07-29T02:51:21Z
FC-STR01-000931,STR01,AR00244,2026-07-04T21:00:00Z,2026-07-04,21,0.015,0,0.045,,94,256.99,SeasonalProfile+EWMA,2026-07-29T02:51:21Z
FC-STR01-000932,STR01,AR00011,2026-07-04T15:00:00Z,2026-07-04,15,0.015,0.008,0.022,,98.15,146.28,SeasonalProfile+EWMA,2026-07-29T02:51:21Z
FC-STR01-000933,STR01,AR90036,2026-07-04T10:00:00Z,2026-07-04,10,0.021,0,0.066,,95.73,345.05,SeasonalProfile+EWMA,2026-07-29T02:51:21Z
FC-STR01-000934,STR01,AR90036,2026-07-04T11:00:00Z,2026-07-04,11,0.018,0,0.062,,95.73,345.05,SeasonalProfile+EWMA,2026-07-29T02:51:21Z
FC-STR01-000935,STR01,AR90036,2026-07-04T12:00:00Z,2026-07-04,12,0.043,0,0.088,,95.73,345.05,SeasonalProfile+EWMA,2026-07-29T02:51:21Z
FC-STR01-000936,STR01,AR90036,2026-07-04T13:00:00Z,2026-07-04,13,0.084,0.04,0.129,,95.73,345.05,SeasonalProfile+EWMA,2026-07-29T02:51:21Z
FC-STR01-000937,STR01,AR90036,2026-07-04T14:00:00Z,2026-07-04,14,0.077,0.032,0.122,,95.73,345.05,SeasonalProfile+EWMA,2026-07-29T02:51:21Z
FC-STR01-000938,STR01,AR90036,2026-07-04T15:00:00Z,2026-07-04,15,0.06,0.015,0.104,,95.73,345.05,SeasonalProfile+EWMA,2026-07-29T02:51:21Z
FC-STR01-000939,STR01,AR90036,2026-07-04T16:00:00Z,2026-07-04,16,0.08,0.035,0.125,,95.73,345.05,SeasonalProfile+EWMA,2026-07-29T02:51:21Z
FC-STR01-000940,STR01,AR90036,2026-07-04T17:00:00Z,2026-07-04,17,0.055,0.01,0.1,,95.73,345.05,SeasonalProfile+EWMA,2026-07-29T02:51:21Z
FC-STR01-000941,STR01,AR90036,2026-07-04T18:00:00Z,2026-07-04,18,0.043,0,0.088,,95.73,345.05,SeasonalProfile+EWMA,2026-07-29T02:51:21Z
FC-STR01-000942,STR01,AR90036,2026-07-04T19:00:00Z,2026-07-04,19,0.02,0,0.064,,95.73,345.05,SeasonalProfile+EWMA,2026-07-29T02:51:21Z
FC-STR01-000943,STR01,AR90011,2026-07-04T12:00:00Z,2026-07-04,12,0.02,0,0.044,,95.59,216.94,SeasonalProfile+EWMA,2026-07-29T02:51:21Z
FC-STR01-000944,STR01,AR90011,2026-07-04T13:00:00Z,2026-07-04,13,0.042,0.018,0.065,,95.59,216.94,SeasonalProfile+EWMA,2026-07-29T02:51:21Z
FC-STR01-000945,STR01,AR90011,2026-07-04T14:00:00Z,2026-07-04,14,0.035,0.012,0.059,,95.59,216.94,SeasonalProfile+EWMA,2026-07-29T02:51:21Z
FC-STR01-000946,STR01,AR90011,2026-07-04T15:00:00Z,2026-07-04,15,0.036,0.012,0.059,,95.59,216.94,SeasonalProfile+EWMA,2026-07-29T02:51:21Z
FC-STR01-000947,STR01,AR90011,2026-07-04T16:00:00Z,2026-07-04,16,0.033,0.009,0.056,,95.59,216.94,SeasonalProfile+EWMA,2026-07-29T02:51:21Z
FC-STR01-000948,STR01,AR90011,2026-07-04T17:00:00Z,2026-07-04,17,0.024,0,0.048,,95.59,216.94,SeasonalProfile+EWMA,2026-07-29T02:51:21Z
FC-STR01-000949,STR01,AR90011,2026-07-04T18:00:00Z,2026-07-04,18,0.02,0,0.044,,95.59,216.94,SeasonalProfile+EWMA,2026-07-29T02:51:21Z
FC-STR01-000950,STR01,AR00243,2026-07-04T12:00:00Z,2026-07-04,12,0.023,0.007,0.04,,96.5,253.15,SeasonalProfile+EWMA,2026-07-29T02:51:21Z
FC-STR01-000951,STR01,AR00243,2026-07-04T13:00:00Z,2026-07-04,13,0.034,0.017,0.05,,96.5,253.15,SeasonalProfile+EWMA,2026-07-29T02:51:21Z
FC-STR01-000952,STR01,AR00243,2026-07-04T14:00:00Z,2026-07-04,14,0.032,0.016,0.049,,96.5,253.15,SeasonalProfile+EWMA,2026-07-29T02:51:21Z
FC-STR01-000953,STR01,AR00243,2026-07-04T15:00:00Z,2026-07-04,15,0.027,0.01,0.043,,96.5,253.15,SeasonalProfile+EWMA,2026-07-29T02:51:21Z
FC-STR01-000954,STR01,AR00243,2026-07-04T16:00:00Z,2026-07-04,16,0.028,0.011,0.044,,96.5,253.15,SeasonalProfile+EWMA,2026-07-29T02:51:21Z
FC-STR01-000955,STR01,AR00243,2026-07-04T17:00:00Z,2026-07-04,17,0.021,0.004,0.037,,96.5,253.15,SeasonalProfile+EWMA,2026-07-29T02:51:21Z
FC-STR01-000956,STR01,AR00243,2026-07-04T18:00:00Z,2026-07-04,18,0.019,0.003,0.036,,96.5,253.15,SeasonalProfile+EWMA,2026-07-29T02:51:21Z
FC-STR01-000957,STR01,AR00054,2026-07-04T12:00:00Z,2026-07-04,12,0.032,0.004,0.06,,96.18,334.26,SeasonalProfile+EWMA,2026-07-29T02:51:21Z
FC-STR01-000958,STR01,AR00054,2026-07-04T13:00:00Z,2026-07-04,13,0.051,0.023,0.079,,96.18,334.26,SeasonalProfile+EWMA,2026-07-29T02:51:21Z
FC-STR01-000959,STR01,AR00054,2026-07-04T14:00:00Z,2026-07-04,14,0.049,0.021,0.077,,96.18,334.26,SeasonalProfile+EWMA,2026-07-29T02:51:21Z
FC-STR01-000960,STR01,AR00054,2026-07-04T15:00:00Z,2026-07-04,15,0.038,0.01,0.066,,96.18,334.26,SeasonalProfile+EWMA,2026-07-29T02:51:21Z
FC-STR01-000961,STR01,AR00054,2026-07-04T16:00:00Z,2026-07-04,16,0.045,0.017,0.073,,96.18,334.26,SeasonalProfile+EWMA,2026-07-29T02:51:21Z
FC-STR01-000962,STR01,AR00054,2026-07-04T17:00:00Z,2026-07-04,17,0.037,0.009,0.065,,96.18,334.26,SeasonalProfile+EWMA,2026-07-29T02:51:21Z
FC-STR01-000963,STR01,AR00054,2026-07-04T18:00:00Z,2026-07-04,18,0.029,0.001,0.057,,96.18,334.26,SeasonalProfile+EWMA,2026-07-29T02:51:21Z
FC-STR01-000964,STR01,AR00189,2026-07-04T13:00:00Z,2026-07-04,13,0.021,0.011,0.032,,96.97,306.85,SeasonalProfile+EWMA,2026-07-29T02:51:21Z
FC-STR01-000965,STR01,AR00189,2026-07-04T14:00:00Z,2026-07-04,14,0.02,0.01,0.031,,96.97,306.85,SeasonalProfile+EWMA,2026-07-29T02:51:21Z
FC-STR01-000966,STR01,AR00189,2026-07-04T15:00:00Z,2026-07-04,15,0.02,0.01,0.031,,96.97,306.85,SeasonalProfile+EWMA,2026-07-29T02:51:21Z
FC-STR01-000967,STR01,AR00189,2026-07-04T16:00:00Z,2026-07-04,16,0.02,0.009,0.031,,96.97,306.85,SeasonalProfile+EWMA,2026-07-29T02:51:21Z
FC-STR01-000968,STR01,AR00189,2026-07-04T18:00:00Z,2026-07-04,18,0.015,0.005,0.026,,96.97,306.85,SeasonalProfile+EWMA,2026-07-29T02:51:21Z
FC-STR01-000969,STR01,AR00210,2026-07-04T12:00:00Z,2026-07-04,12,0.038,0.009,0.068,,94.09,404.6,SeasonalProfile+EWMA,2026-07-29T02:51:21Z
FC-STR01-000970,STR01,AR00210,2026-07-04T13:00:00Z,2026-07-04,13,0.071,0.041,0.1,,94.09,404.6,SeasonalProfile+EWMA,2026-07-29T02:51:21Z
FC-STR01-000971,STR01,AR00210,2026-07-04T14:00:00Z,2026-07-04,14,0.057,0.027,0.086,,94.09,404.6,SeasonalProfile+EWMA,2026-07-29T02:51:21Z
FC-STR01-000972,STR01,AR00210,2026-07-04T15:00:00Z,2026-07-04,15,0.061,0.031,0.091,,94.09,404.6,SeasonalProfile+EWMA,2026-07-29T02:51:21Z
FC-STR01-000973,STR01,AR00210,2026-07-04T16:00:00Z,2026-07-04,16,0.063,0.033,0.093,,94.09,404.6,SeasonalProfile+EWMA,2026-07-29T02:51:21Z
FC-STR01-000974,STR01,AR00210,2026-07-04T17:00:00Z,2026-07-04,17,0.045,0.015,0.075,,94.09,404.6,SeasonalProfile+EWMA,2026-07-29T02:51:21Z
FC-STR01-000975,STR01,AR00210,2026-07-04T18:00:00Z,2026-07-04,18,0.038,0.009,0.068,,94.09,404.6,SeasonalProfile+EWMA,2026-07-29T02:51:21Z
FC-STR01-000976,STR01,AR00210,2026-07-04T19:00:00Z,2026-07-04,19,0.021,0,0.051,,94.09,404.6,SeasonalProfile+EWMA,2026-07-29T02:51:21Z
FC-STR01-000977,STR01,AR00400,2026-07-04T13:00:00Z,2026-07-04,13,0.019,0.01,0.029,,97.98,252.28,SeasonalProfile+EWMA,2026-07-29T02:51:21Z
FC-STR01-000978,STR01,AR00213,2026-07-04T14:00:00Z,2026-07-04,14,0.015,0.006,0.025,,97.67,243.83,SeasonalProfile+EWMA,2026-07-29T02:51:21Z
FC-STR01-000979,STR01,AR00213,2026-07-04T16:00:00Z,2026-07-04,16,0.016,0.006,0.025,,97.67,243.83,SeasonalProfile+EWMA,2026-07-29T02:51:21Z
FC-STR01-000980,STR01,AR00004,2026-07-04T13:00:00Z,2026-07-04,13,0.016,0.009,0.023,,99.46,247.2,SeasonalProfile+EWMA,2026-07-29T02:51:21Z
FC-STR01-000981,STR01,AR90033,2026-07-04T12:00:00Z,2026-07-04,12,0.029,0.004,0.053,,97.49,252.59,SeasonalProfile+EWMA,2026-07-29T02:51:21Z
FC-STR01-000982,STR01,AR90033,2026-07-04T13:00:00Z,2026-07-04,13,0.048,0.023,0.072,,97.49,252.59,SeasonalProfile+EWMA,2026-07-29T02:51:21Z
FC-STR01-000983,STR01,AR90033,2026-07-04T14:00:00Z,2026-07-04,14,0.043,0.018,0.067,,97.49,252.59,SeasonalProfile+EWMA,2026-07-29T02:51:21Z
FC-STR01-000984,STR01,AR90033,2026-07-04T15:00:00Z,2026-07-04,15,0.043,0.019,0.068,,97.49,252.59,SeasonalProfile+EWMA,2026-07-29T02:51:21Z
FC-STR01-000985,STR01,AR90033,2026-07-04T16:00:00Z,2026-07-04,16,0.045,0.02,0.069,,97.49,252.59,SeasonalProfile+EWMA,2026-07-29T02:51:21Z
FC-STR01-000986,STR01,AR90033,2026-07-04T17:00:00Z,2026-07-04,17,0.037,0.012,0.061,,97.49,252.59,SeasonalProfile+EWMA,2026-07-29T02:51:21Z
FC-STR01-000987,STR01,AR90033,2026-07-04T18:00:00Z,2026-07-04,18,0.029,0.004,0.053,,97.49,252.59,SeasonalProfile+EWMA,2026-07-29T02:51:21Z
FC-STR01-000988,STR01,AR90033,2026-07-04T19:00:00Z,2026-07-04,19,0.016,0,0.041,,97.49,252.59,SeasonalProfile+EWMA,2026-07-29T02:51:21Z
FC-BLN01-000989,BLN01,AR90004,2026-07-03T22:00:00Z,2026-07-03,22,0.099,0,0.915,,46.89,102.73,SeasonalProfile+EWMA,2026-07-29T02:51:21Z
FC-BLN01-000990,BLN01,AR90004,2026-07-04T08:00:00Z,2026-07-04,8,0.023,0,0.84,,46.89,102.73,SeasonalProfile+EWMA,2026-07-29T02:51:21Z
FC-BLN01-000991,BLN01,AR90004,2026-07-04T09:00:00Z,2026-07-04,9,0.037,0,0.853,,46.89,102.73,SeasonalProfile+EWMA,2026-07-29T02:51:21Z
FC-BLN01-000992,BLN01,AR90004,2026-07-04T10:00:00Z,2026-07-04,10,0.041,0,0.858,,46.89,102.73,SeasonalProfile+EWMA,2026-07-29T02:51:21Z
FC-BLN01-000993,BLN01,AR90004,2026-07-04T11:00:00Z,2026-07-04,11,0.042,0,0.859,,46.89,102.73,SeasonalProfile+EWMA,2026-07-29T02:51:21Z
FC-BLN01-000994,BLN01,AR90004,2026-07-04T12:00:00Z,2026-07-04,12,0.138,0,0.955,,46.89,102.73,SeasonalProfile+EWMA,2026-07-29T02:51:21Z
FC-BLN01-000995,BLN01,AR90004,2026-07-04T13:00:00Z,2026-07-04,13,0.194,0,1.01,,46.89,102.73,SeasonalProfile+EWMA,2026-07-29T02:51:21Z
FC-BLN01-000996,BLN01,AR90004,2026-07-04T14:00:00Z,2026-07-04,14,0.156,0,0.972,,46.89,102.73,SeasonalProfile+EWMA,2026-07-29T02:51:21Z
FC-BLN01-000997,BLN01,AR90004,2026-07-04T15:00:00Z,2026-07-04,15,0.158,0,0.975,,46.89,102.73,SeasonalProfile+EWMA,2026-07-29T02:51:21Z
FC-BLN01-000998,BLN01,AR90004,2026-07-04T16:00:00Z,2026-07-04,16,0.168,0,0.985,,46.89,102.73,SeasonalProfile+EWMA,2026-07-29T02:51:21Z
FC-BLN01-000999,BLN01,AR90004,2026-07-04T17:00:00Z,2026-07-04,17,0.123,0,0.939,,46.89,102.73,SeasonalProfile+EWMA,2026-07-29T02:51:21Z
FC-BLN01-001000,BLN01,AR90004,2026-07-04T18:00:00Z,2026-07-04,18,0.134,0,0.95,,46.89,102.73,SeasonalProfile+EWMA,2026-07-29T02:51:21Z
FC-BLN01-001001,BLN01,AR90004,2026-07-04T19:00:00Z,2026-07-04,19,0.046,0,0.863,,46.89,102.73,SeasonalProfile+EWMA,2026-07-29T02:51:21Z
FC-BLN01-001002,BLN01,AR90004,2026-07-04T20:00:00Z,2026-07-04,20,0.046,0,0.863,,46.89,102.73,SeasonalProfile+EWMA,2026-07-29T02:51:21Z
FC-BLN01-001003,BLN01,AR90004,2026-07-04T21:00:00Z,2026-07-04,21,0.068,0,0.885,,46.89,102.73,SeasonalProfile+EWMA,2026-07-29T02:51:21Z
FC-BLN01-001004,BLN01,AR90004,2026-07-04T22:00:00Z,2026-07-04,22,0.025,0,0.841,,46.89,102.73,SeasonalProfile+EWMA,2026-07-29T02:51:21Z
FC-BLN01-001005,BLN01,AR90004,2026-07-05T08:00:00Z,2026-07-05,8,0.055,0,0.871,,46.89,102.73,SeasonalProfile+EWMA,2026-07-29T02:51:21Z
FC-BLN01-001006,BLN01,AR90004,2026-07-05T09:00:00Z,2026-07-05,9,0.087,0,0.903,,46.89,102.73,SeasonalProfile+EWMA,2026-07-29T02:51:21Z
FC-BLN01-001007,BLN01,AR90004,2026-07-05T10:00:00Z,2026-07-05,10,0.096,0,0.913,,46.89,102.73,SeasonalProfile+EWMA,2026-07-29T02:51:21Z
FC-BLN01-001008,BLN01,AR90004,2026-07-05T11:00:00Z,2026-07-05,11,0.1,0,0.916,,46.89,102.73,SeasonalProfile+EWMA,2026-07-29T02:51:21Z
FC-BLN01-001009,BLN01,AR90004,2026-07-05T12:00:00Z,2026-07-05,12,0.324,0,1.141,,46.89,102.73,SeasonalProfile+EWMA,2026-07-29T02:51:21Z
FC-BLN01-001010,BLN01,AR90004,2026-07-05T13:00:00Z,2026-07-05,13,0.456,0,1.273,,46.89,102.73,SeasonalProfile+EWMA,2026-07-29T02:51:21Z
FC-BLN01-001011,BLN01,AR90004,2026-07-05T14:00:00Z,2026-07-05,14,0.366,0,1.183,,46.89,102.73,SeasonalProfile+EWMA,2026-07-29T02:51:21Z
FC-BLN01-001012,BLN01,AR90004,2026-07-05T15:00:00Z,2026-07-05,15,0.372,0,1.189,,46.89,102.73,SeasonalProfile+EWMA,2026-07-29T02:51:21Z
FC-BLN01-001013,BLN01,AR90004,2026-07-05T16:00:00Z,2026-07-05,16,0.395,0,1.212,,46.89,102.73,SeasonalProfile+EWMA,2026-07-29T02:51:21Z
FC-BLN01-001014,BLN01,AR90004,2026-07-05T17:00:00Z,2026-07-05,17,0.289,0,1.106,,46.89,102.73,SeasonalProfile+EWMA,2026-07-29T02:51:21Z
FC-BLN01-001015,BLN01,AR90004,2026-07-05T18:00:00Z,2026-07-05,18,0.315,0,1.131,,46.89,102.73,SeasonalProfile+EWMA,2026-07-29T02:51:21Z
FC-BLN01-001016,BLN01,AR90004,2026-07-05T19:00:00Z,2026-07-05,19,0.109,0,0.926,,46.89,102.73,SeasonalProfile+EWMA,2026-07-29T02:51:21Z
FC-BLN01-001017,BLN01,AR90004,2026-07-05T20:00:00Z,2026-07-05,20,0.109,0,0.926,,46.89,102.73,SeasonalProfile+EWMA,2026-07-29T02:51:21Z
FC-BLN01-001018,BLN01,AR90004,2026-07-05T21:00:00Z,2026-07-05,21,0.161,0,0.977,,46.89,102.73,SeasonalProfile+EWMA,2026-07-29T02:51:21Z
FC-BLN01-001019,BLN01,AR90003,2026-07-04T12:00:00Z,2026-07-04,12,0.024,0,0.541,,82.22,137.2,SeasonalProfile+EWMA,2026-07-29T02:51:21Z
FC-BLN01-001020,BLN01,AR90003,2026-07-04T13:00:00Z,2026-07-04,13,0.034,0,0.55,,82.22,137.2,SeasonalProfile+EWMA,2026-07-29T02:51:21Z
FC-BLN01-001021,BLN01,AR90003,2026-07-04T14:00:00Z,2026-07-04,14,0.034,0,0.55,,82.22,137.2,SeasonalProfile+EWMA,2026-07-29T02:51:21Z
FC-BLN01-001022,BLN01,AR90003,2026-07-04T15:00:00Z,2026-07-04,15,0.041,0,0.558,,82.22,137.2,SeasonalProfile+EWMA,2026-07-29T02:51:21Z
FC-BLN01-001023,BLN01,AR90003,2026-07-04T16:00:00Z,2026-07-04,16,0.046,0,0.562,,82.22,137.2,SeasonalProfile+EWMA,2026-07-29T02:51:21Z
FC-BLN01-001024,BLN01,AR90003,2026-07-04T17:00:00Z,2026-07-04,17,0.033,0,0.549,,82.22,137.2,SeasonalProfile+EWMA,2026-07-29T02:51:21Z
FC-BLN01-001025,BLN01,AR90003,2026-07-04T18:00:00Z,2026-07-04,18,0.021,0,0.538,,82.22,137.2,SeasonalProfile+EWMA,2026-07-29T02:51:21Z
FC-BLN01-001026,BLN01,AR90003,2026-07-04T19:00:00Z,2026-07-04,19,0.018,0,0.535,,82.22,137.2,SeasonalProfile+EWMA,2026-07-29T02:51:21Z
FC-BLN01-001027,BLN01,AR90003,2026-07-05T09:00:00Z,2026-07-05,9,0.019,0,0.535,,82.22,137.2,SeasonalProfile+EWMA,2026-07-29T02:51:21Z
FC-BLN01-001028,BLN01,AR90003,2026-07-05T10:00:00Z,2026-07-05,10,0.026,0,0.542,,82.22,137.2,SeasonalProfile+EWMA,2026-07-29T02:51:21Z
FC-BLN01-001029,BLN01,AR90003,2026-07-05T11:00:00Z,2026-07-05,11,0.033,0,0.549,,82.22,137.2,SeasonalProfile+EWMA,2026-07-29T02:51:21Z
FC-BLN01-001030,BLN01,AR90003,2026-07-05T12:00:00Z,2026-07-05,12,0.057,0,0.574,,82.22,137.2,SeasonalProfile+EWMA,2026-07-29T02:51:21Z
FC-BLN01-001031,BLN01,AR90003,2026-07-05T13:00:00Z,2026-07-05,13,0.08,0,0.596,,82.22,137.2,SeasonalProfile+EWMA,2026-07-29T02:51:21Z
FC-BLN01-001032,BLN01,AR90003,2026-07-05T14:00:00Z,2026-07-05,14,0.08,0,0.596,,82.22,137.2,SeasonalProfile+EWMA,2026-07-29T02:51:21Z
FC-BLN01-001033,BLN01,AR90003,2026-07-05T15:00:00Z,2026-07-05,15,0.097,0,0.614,,82.22,137.2,SeasonalProfile+EWMA,2026-07-29T02:51:21Z
FC-BLN01-001034,BLN01,AR90003,2026-07-05T16:00:00Z,2026-07-05,16,0.108,0,0.624,,82.22,137.2,SeasonalProfile+EWMA,2026-07-29T02:51:21Z
FC-BLN01-001035,BLN01,AR90003,2026-07-05T17:00:00Z,2026-07-05,17,0.078,0,0.594,,82.22,137.2,SeasonalProfile+EWMA,2026-07-29T02:51:21Z
FC-BLN01-001036,BLN01,AR90003,2026-07-05T18:00:00Z,2026-07-05,18,0.05,0,0.567,,82.22,137.2,SeasonalProfile+EWMA,2026-07-29T02:51:21Z
FC-BLN01-001037,BLN01,AR90003,2026-07-05T19:00:00Z,2026-07-05,19,0.043,0,0.56,,82.22,137.2,SeasonalProfile+EWMA,2026-07-29T02:51:21Z
FC-BLN01-001038,BLN01,AR90003,2026-07-05T20:00:00Z,2026-07-05,20,0.03,0,0.546,,82.22,137.2,SeasonalProfile+EWMA,2026-07-29T02:51:21Z
FC-BLN01-001039,BLN01,AR90003,2026-07-05T21:00:00Z,2026-07-05,21,0.026,0,0.542,,82.22,137.2,SeasonalProfile+EWMA,2026-07-29T02:51:21Z
FC-BLN01-001040,BLN01,AR90002,2026-07-03T22:00:00Z,2026-07-03,22,0.016,0,0.394,,76.93,200.61,SeasonalProfile+EWMA,2026-07-29T02:51:21Z
FC-BLN01-001041,BLN01,AR90002,2026-07-04T09:00:00Z,2026-07-04,9,0.015,0,0.393,,76.93,200.61,SeasonalProfile+EWMA,2026-07-29T02:51:21Z
FC-BLN01-001042,BLN01,AR90002,2026-07-04T12:00:00Z,2026-07-04,12,0.033,0,0.411,,76.93,200.61,SeasonalProfile+EWMA,2026-07-29T02:51:21Z
FC-BLN01-001043,BLN01,AR90002,2026-07-04T13:00:00Z,2026-07-04,13,0.044,0,0.422,,76.93,200.61,SeasonalProfile+EWMA,2026-07-29T02:51:21Z
FC-BLN01-001044,BLN01,AR90002,2026-07-04T14:00:00Z,2026-07-04,14,0.037,0,0.415,,76.93,200.61,SeasonalProfile+EWMA,2026-07-29T02:51:21Z
FC-BLN01-001045,BLN01,AR90002,2026-07-04T15:00:00Z,2026-07-04,15,0.033,0,0.411,,76.93,200.61,SeasonalProfile+EWMA,2026-07-29T02:51:21Z
FC-BLN01-001046,BLN01,AR90002,2026-07-04T16:00:00Z,2026-07-04,16,0.041,0,0.419,,76.93,200.61,SeasonalProfile+EWMA,2026-07-29T02:51:21Z
FC-BLN01-001047,BLN01,AR90002,2026-07-04T17:00:00Z,2026-07-04,17,0.037,0,0.415,,76.93,200.61,SeasonalProfile+EWMA,2026-07-29T02:51:21Z
FC-BLN01-001048,BLN01,AR90002,2026-07-04T18:00:00Z,2026-07-04,18,0.023,0,0.401,,76.93,200.61,SeasonalProfile+EWMA,2026-07-29T02:51:21Z
FC-BLN01-001049,BLN01,AR90002,2026-07-04T19:00:00Z,2026-07-04,19,0.018,0,0.396,,76.93,200.61,SeasonalProfile+EWMA,2026-07-29T02:51:21Z
FC-BLN01-001050,BLN01,AR90002,2026-07-04T20:00:00Z,2026-07-04,20,0.02,0,0.398,,76.93,200.61,SeasonalProfile+EWMA,2026-07-29T02:51:21Z
FC-BLN01-001051,BLN01,AR90002,2026-07-04T21:00:00Z,2026-07-04,21,0.02,0,0.398,,76.93,200.61,SeasonalProfile+EWMA,2026-07-29T02:51:21Z
FC-BLN01-001052,BLN01,AR90002,2026-07-05T09:00:00Z,2026-07-05,9,0.035,0,0.413,,76.93,200.61,SeasonalProfile+EWMA,2026-07-29T02:51:21Z
FC-BLN01-001053,BLN01,AR90002,2026-07-05T10:00:00Z,2026-07-05,10,0.016,0,0.394,,76.93,200.61,SeasonalProfile+EWMA,2026-07-29T02:51:21Z
FC-BLN01-001054,BLN01,AR90002,2026-07-05T11:00:00Z,2026-07-05,11,0.026,0,0.404,,76.93,200.61,SeasonalProfile+EWMA,2026-07-29T02:51:21Z
FC-BLN01-001055,BLN01,AR90002,2026-07-05T12:00:00Z,2026-07-05,12,0.077,0,0.455,,76.93,200.61,SeasonalProfile+EWMA,2026-07-29T02:51:21Z
FC-BLN01-001056,BLN01,AR90002,2026-07-05T13:00:00Z,2026-07-05,13,0.103,0,0.481,,76.93,200.61,SeasonalProfile+EWMA,2026-07-29T02:51:21Z
FC-BLN01-001057,BLN01,AR90002,2026-07-05T14:00:00Z,2026-07-05,14,0.087,0,0.465,,76.93,200.61,SeasonalProfile+EWMA,2026-07-29T02:51:21Z
FC-BLN01-001058,BLN01,AR90002,2026-07-05T15:00:00Z,2026-07-05,15,0.077,0,0.455,,76.93,200.61,SeasonalProfile+EWMA,2026-07-29T02:51:21Z
FC-BLN01-001059,BLN01,AR90002,2026-07-05T16:00:00Z,2026-07-05,16,0.096,0,0.474,,76.93,200.61,SeasonalProfile+EWMA,2026-07-29T02:51:21Z
FC-BLN01-001060,BLN01,AR90002,2026-07-05T17:00:00Z,2026-07-05,17,0.087,0,0.465,,76.93,200.61,SeasonalProfile+EWMA,2026-07-29T02:51:21Z
FC-BLN01-001061,BLN01,AR90002,2026-07-05T18:00:00Z,2026-07-05,18,0.055,0,0.432,,76.93,200.61,SeasonalProfile+EWMA,2026-07-29T02:51:21Z
FC-BLN01-001062,BLN01,AR90002,2026-07-05T19:00:00Z,2026-07-05,19,0.042,0,0.42,,76.93,200.61,SeasonalProfile+EWMA,2026-07-29T02:51:21Z
FC-BLN01-001063,BLN01,AR90002,2026-07-05T20:00:00Z,2026-07-05,20,0.048,0,0.426,,76.93,200.61,SeasonalProfile+EWMA,2026-07-29T02:51:21Z
FC-BLN01-001064,BLN01,AR90002,2026-07-05T21:00:00Z,2026-07-05,21,0.048,0,0.426,,76.93,200.61,SeasonalProfile+EWMA,2026-07-29T02:51:21Z
FC-BLN01-001065,BLN01,AR90013,2026-07-04T12:00:00Z,2026-07-04,12,0.018,0,0.355,,83.93,190.04,SeasonalProfile+EWMA,2026-07-29T02:51:21Z
FC-BLN01-001066,BLN01,AR90013,2026-07-04T13:00:00Z,2026-07-04,13,0.03,0,0.367,,83.93,190.04,SeasonalProfile+EWMA,2026-07-29T02:51:21Z
FC-BLN01-001067,BLN01,AR90013,2026-07-04T14:00:00Z,2026-07-04,14,0.031,0,0.368,,83.93,190.04,SeasonalProfile+EWMA,2026-07-29T02:51:21Z
FC-BLN01-001068,BLN01,AR90013,2026-07-04T15:00:00Z,2026-07-04,15,0.035,0,0.372,,83.93,190.04,SeasonalProfile+EWMA,2026-07-29T02:51:21Z
FC-BLN01-001069,BLN01,AR90013,2026-07-04T16:00:00Z,2026-07-04,16,0.032,0,0.369,,83.93,190.04,SeasonalProfile+EWMA,2026-07-29T02:51:21Z
FC-BLN01-001070,BLN01,AR90013,2026-07-04T17:00:00Z,2026-07-04,17,0.019,0,0.356,,83.93,190.04,SeasonalProfile+EWMA,2026-07-29T02:51:21Z
FC-BLN01-001071,BLN01,AR90013,2026-07-04T18:00:00Z,2026-07-04,18,0.025,0,0.362,,83.93,190.04,SeasonalProfile+EWMA,2026-07-29T02:51:21Z
FC-BLN01-001072,BLN01,AR90013,2026-07-05T09:00:00Z,2026-07-05,9,0.024,0,0.361,,83.93,190.04,SeasonalProfile+EWMA,2026-07-29T02:51:21Z
FC-BLN01-001073,BLN01,AR90013,2026-07-05T11:00:00Z,2026-07-05,11,0.017,0,0.354,,83.93,190.04,SeasonalProfile+EWMA,2026-07-29T02:51:21Z
FC-BLN01-001074,BLN01,AR90013,2026-07-05T12:00:00Z,2026-07-05,12,0.043,0,0.38,,83.93,190.04,SeasonalProfile+EWMA,2026-07-29T02:51:21Z
FC-BLN01-001075,BLN01,AR90013,2026-07-05T13:00:00Z,2026-07-05,13,0.072,0,0.408,,83.93,190.04,SeasonalProfile+EWMA,2026-07-29T02:51:21Z
FC-BLN01-001076,BLN01,AR90013,2026-07-05T14:00:00Z,2026-07-05,14,0.074,0,0.411,,83.93,190.04,SeasonalProfile+EWMA,2026-07-29T02:51:21Z
FC-BLN01-001077,BLN01,AR90013,2026-07-05T15:00:00Z,2026-07-05,15,0.083,0,0.42,,83.93,190.04,SeasonalProfile+EWMA,2026-07-29T02:51:21Z
FC-BLN01-001078,BLN01,AR90013,2026-07-05T16:00:00Z,2026-07-05,16,0.076,0,0.413,,83.93,190.04,SeasonalProfile+EWMA,2026-07-29T02:51:21Z
FC-BLN01-001079,BLN01,AR90013,2026-07-05T17:00:00Z,2026-07-05,17,0.045,0,0.382,,83.93,190.04,SeasonalProfile+EWMA,2026-07-29T02:51:21Z
FC-BLN01-001080,BLN01,AR90013,2026-07-05T18:00:00Z,2026-07-05,18,0.06,0,0.397,,83.93,190.04,SeasonalProfile+EWMA,2026-07-29T02:51:21Z
FC-BLN01-001081,BLN01,AR90013,2026-07-05T19:00:00Z,2026-07-05,19,0.026,0,0.363,,83.93,190.04,SeasonalProfile+EWMA,2026-07-29T02:51:21Z
FC-BLN01-001082,BLN01,AR90039,2026-07-04T12:00:00Z,2026-07-04,12,0.022,0,0.303,,91.29,149.6,SeasonalProfile+EWMA,2026-07-29T02:51:21Z
FC-BLN01-001083,BLN01,AR90039,2026-07-04T14:00:00Z,2026-07-04,14,0.018,0,0.299,,91.29,149.6,SeasonalProfile+EWMA,2026-07-29T02:51:21Z
FC-BLN01-001084,BLN01,AR90039,2026-07-04T15:00:00Z,2026-07-04,15,0.017,0,0.298,,91.29,149.6,SeasonalProfile+EWMA,2026-07-29T02:51:21Z
FC-BLN01-001085,BLN01,AR90039,2026-07-04T17:00:00Z,2026-07-04,17,0.016,0,0.297,,91.29,149.6,SeasonalProfile+EWMA,2026-07-29T02:51:21Z
FC-BLN01-001086,BLN01,AR90039,2026-07-05T12:00:00Z,2026-07-05,12,0.051,0,0.332,,91.29,149.6,SeasonalProfile+EWMA,2026-07-29T02:51:21Z
FC-BLN01-001087,BLN01,AR90039,2026-07-05T13:00:00Z,2026-07-05,13,0.022,0,0.303,,91.29,149.6,SeasonalProfile+EWMA,2026-07-29T02:51:21Z
FC-BLN01-001088,BLN01,AR90039,2026-07-05T14:00:00Z,2026-07-05,14,0.042,0,0.323,,91.29,149.6,SeasonalProfile+EWMA,2026-07-29T02:51:21Z
FC-BLN01-001089,BLN01,AR90039,2026-07-05T15:00:00Z,2026-07-05,15,0.04,0,0.321,,91.29,149.6,SeasonalProfile+EWMA,2026-07-29T02:51:21Z
FC-BLN01-001090,BLN01,AR90039,2026-07-05T16:00:00Z,2026-07-05,16,0.022,0,0.303,,91.29,149.6,SeasonalProfile+EWMA,2026-07-29T02:51:21Z
FC-BLN01-001091,BLN01,AR90039,2026-07-05T17:00:00Z,2026-07-05,17,0.037,0,0.318,,91.29,149.6,SeasonalProfile+EWMA,2026-07-29T02:51:21Z
FC-BLN01-001092,BLN01,AR90039,2026-07-05T18:00:00Z,2026-07-05,18,0.016,0,0.298,,91.29,149.6,SeasonalProfile+EWMA,2026-07-29T02:51:21Z
FC-BLN01-001093,BLN01,AR90039,2026-07-05T19:00:00Z,2026-07-05,19,0.02,0,0.301,,91.29,149.6,SeasonalProfile+EWMA,2026-07-29T02:51:21Z
FC-BLN01-001094,BLN01,AR90039,2026-07-05T20:00:00Z,2026-07-05,20,0.016,0,0.298,,91.29,149.6,SeasonalProfile+EWMA,2026-07-29T02:51:21Z
FC-BLN01-001095,BLN01,AR00395,2026-07-04T13:00:00Z,2026-07-04,13,0.019,0,0.156,,89.88,182.78,SeasonalProfile+EWMA,2026-07-29T02:51:21Z
FC-BLN01-001096,BLN01,AR00395,2026-07-04T14:00:00Z,2026-07-04,14,0.024,0,0.161,,89.88,182.78,SeasonalProfile+EWMA,2026-07-29T02:51:21Z
FC-BLN01-001097,BLN01,AR00395,2026-07-04T16:00:00Z,2026-07-04,16,0.021,0,0.158,,89.88,182.78,SeasonalProfile+EWMA,2026-07-29T02:51:21Z
FC-BLN01-001098,BLN01,AR00395,2026-07-04T17:00:00Z,2026-07-04,17,0.021,0,0.158,,89.88,182.78,SeasonalProfile+EWMA,2026-07-29T02:51:21Z
FC-BLN01-001099,BLN01,AR00395,2026-07-05T12:00:00Z,2026-07-05,12,0.03,0,0.166,,89.88,182.78,SeasonalProfile+EWMA,2026-07-29T02:51:21Z
FC-BLN01-001100,BLN01,AR00395,2026-07-05T13:00:00Z,2026-07-05,13,0.045,0,0.181,,89.88,182.78,SeasonalProfile+EWMA,2026-07-29T02:51:21Z
FC-BLN01-001101,BLN01,AR00395,2026-07-05T14:00:00Z,2026-07-05,14,0.056,0,0.193,,89.88,182.78,SeasonalProfile+EWMA,2026-07-29T02:51:21Z
FC-BLN01-001102,BLN01,AR00395,2026-07-05T15:00:00Z,2026-07-05,15,0.027,0,0.163,,89.88,182.78,SeasonalProfile+EWMA,2026-07-29T02:51:21Z
FC-BLN01-001103,BLN01,AR00395,2026-07-05T16:00:00Z,2026-07-05,16,0.05,0,0.187,,89.88,182.78,SeasonalProfile+EWMA,2026-07-29T02:51:21Z
FC-BLN01-001104,BLN01,AR00395,2026-07-05T17:00:00Z,2026-07-05,17,0.05,0,0.187,,89.88,182.78,SeasonalProfile+EWMA,2026-07-29T02:51:21Z
FC-BLN01-001105,BLN01,AR00395,2026-07-05T18:00:00Z,2026-07-05,18,0.03,0,0.166,,89.88,182.78,SeasonalProfile+EWMA,2026-07-29T02:51:21Z
FC-BLN01-001106,BLN01,AR00395,2026-07-05T19:00:00Z,2026-07-05,19,0.021,0,0.157,,89.88,182.78,SeasonalProfile+EWMA,2026-07-29T02:51:21Z
FC-BLN01-001107,BLN01,AR00395,2026-07-05T20:00:00Z,2026-07-05,20,0.018,0,0.154,,89.88,182.78,SeasonalProfile+EWMA,2026-07-29T02:51:21Z
FC-BLN01-001108,BLN01,AR00395,2026-07-05T21:00:00Z,2026-07-05,21,0.021,0,0.157,,89.88,182.78,SeasonalProfile+EWMA,2026-07-29T02:51:21Z
FC-BLN01-001109,BLN01,AR90018,2026-07-03T22:00:00Z,2026-07-03,22,0.016,0,0.3,,79.74,197.05,SeasonalProfile+EWMA,2026-07-29T02:51:21Z
FC-BLN01-001110,BLN01,AR90018,2026-07-04T13:00:00Z,2026-07-04,13,0.04,0,0.324,,79.74,197.05,SeasonalProfile+EWMA,2026-07-29T02:51:21Z
FC-BLN01-001111,BLN01,AR90018,2026-07-04T14:00:00Z,2026-07-04,14,0.029,0,0.312,,79.74,197.05,SeasonalProfile+EWMA,2026-07-29T02:51:21Z
FC-BLN01-001112,BLN01,AR90018,2026-07-04T15:00:00Z,2026-07-04,15,0.034,0,0.318,,79.74,197.05,SeasonalProfile+EWMA,2026-07-29T02:51:21Z
FC-BLN01-001113,BLN01,AR90018,2026-07-04T16:00:00Z,2026-07-04,16,0.036,0,0.32,,79.74,197.05,SeasonalProfile+EWMA,2026-07-29T02:51:21Z
FC-BLN01-001114,BLN01,AR90018,2026-07-04T17:00:00Z,2026-07-04,17,0.023,0,0.306,,79.74,197.05,SeasonalProfile+EWMA,2026-07-29T02:51:21Z
FC-BLN01-001115,BLN01,AR90018,2026-07-05T11:00:00Z,2026-07-05,11,0.015,0,0.299,,79.74,197.05,SeasonalProfile+EWMA,2026-07-29T02:51:21Z
FC-BLN01-001116,BLN01,AR90018,2026-07-05T12:00:00Z,2026-07-05,12,0.031,0,0.314,,79.74,197.05,SeasonalProfile+EWMA,2026-07-29T02:51:21Z
FC-BLN01-001117,BLN01,AR90018,2026-07-05T13:00:00Z,2026-07-05,13,0.095,0,0.378,,79.74,197.05,SeasonalProfile+EWMA,2026-07-29T02:51:21Z
FC-BLN01-001118,BLN01,AR90018,2026-07-05T14:00:00Z,2026-07-05,14,0.067,0,0.351,,79.74,197.05,SeasonalProfile+EWMA,2026-07-29T02:51:21Z
FC-BLN01-001119,BLN01,AR90018,2026-07-05T15:00:00Z,2026-07-05,15,0.081,0,0.364,,79.74,197.05,SeasonalProfile+EWMA,2026-07-29T02:51:21Z
FC-BLN01-001120,BLN01,AR90018,2026-07-05T16:00:00Z,2026-07-05,16,0.085,0,0.369,,79.74,197.05,SeasonalProfile+EWMA,2026-07-29T02:51:21Z
FC-BLN01-001121,BLN01,AR90018,2026-07-05T17:00:00Z,2026-07-05,17,0.054,0,0.337,,79.74,197.05,SeasonalProfile+EWMA,2026-07-29T02:51:21Z
FC-BLN01-001122,BLN01,AR90018,2026-07-05T18:00:00Z,2026-07-05,18,0.022,0,0.305,,79.74,197.05,SeasonalProfile+EWMA,2026-07-29T02:51:21Z
FC-BLN01-001123,BLN01,AR90018,2026-07-05T19:00:00Z,2026-07-05,19,0.02,0,0.304,,79.74,197.05,SeasonalProfile+EWMA,2026-07-29T02:51:21Z
FC-BLN01-001124,BLN01,AR90018,2026-07-05T20:00:00Z,2026-07-05,20,0.029,0,0.312,,79.74,197.05,SeasonalProfile+EWMA,2026-07-29T02:51:21Z
FC-BLN01-001125,BLN01,AR90018,2026-07-05T21:00:00Z,2026-07-05,21,0.02,0,0.303,,79.74,197.05,SeasonalProfile+EWMA,2026-07-29T02:51:21Z
FC-BLN01-001126,BLN01,AR90034,2026-07-05T12:00:00Z,2026-07-05,12,0.018,0,0.319,,95.83,173.68,SeasonalProfile+EWMA,2026-07-29T02:51:21Z
FC-BLN01-001127,BLN01,AR90034,2026-07-05T13:00:00Z,2026-07-05,13,0.023,0,0.324,,95.83,173.68,SeasonalProfile+EWMA,2026-07-29T02:51:21Z
FC-BLN01-001128,BLN01,AR90034,2026-07-05T15:00:00Z,2026-07-05,15,0.017,0,0.319,,95.83,173.68,SeasonalProfile+EWMA,2026-07-29T02:51:21Z
FC-BLN01-001129,BLN01,AR90034,2026-07-05T17:00:00Z,2026-07-05,17,0.017,0,0.318,,95.83,173.68,SeasonalProfile+EWMA,2026-07-29T02:51:21Z
FC-BLN01-001130,BLN01,AR90034,2026-07-05T18:00:00Z,2026-07-05,18,0.019,0,0.32,,95.83,173.68,SeasonalProfile+EWMA,2026-07-29T02:51:21Z
FC-BLN01-001131,BLN01,AR00136,2026-07-03T22:00:00Z,2026-07-03,22,0.02,0,0.369,,86.87,206.52,SeasonalProfile+EWMA,2026-07-29T02:51:21Z
FC-BLN01-001132,BLN01,AR00136,2026-07-04T12:00:00Z,2026-07-04,12,0.018,0,0.367,,86.87,206.52,SeasonalProfile+EWMA,2026-07-29T02:51:21Z
FC-BLN01-001133,BLN01,AR00136,2026-07-04T13:00:00Z,2026-07-04,13,0.016,0,0.365,,86.87,206.52,SeasonalProfile+EWMA,2026-07-29T02:51:21Z
FC-BLN01-001134,BLN01,AR00136,2026-07-04T14:00:00Z,2026-07-04,14,0.023,0,0.372,,86.87,206.52,SeasonalProfile+EWMA,2026-07-29T02:51:21Z
FC-BLN01-001135,BLN01,AR00136,2026-07-04T15:00:00Z,2026-07-04,15,0.022,0,0.371,,86.87,206.52,SeasonalProfile+EWMA,2026-07-29T02:51:21Z
FC-BLN01-001136,BLN01,AR00136,2026-07-04T16:00:00Z,2026-07-04,16,0.03,0,0.378,,86.87,206.52,SeasonalProfile+EWMA,2026-07-29T02:51:21Z
FC-BLN01-001137,BLN01,AR00136,2026-07-04T17:00:00Z,2026-07-04,17,0.028,0,0.377,,86.87,206.52,SeasonalProfile+EWMA,2026-07-29T02:51:21Z
FC-BLN01-001138,BLN01,AR00136,2026-07-05T11:00:00Z,2026-07-05,11,0.028,0,0.377,,86.87,206.52,SeasonalProfile+EWMA,2026-07-29T02:51:21Z
FC-BLN01-001139,BLN01,AR00136,2026-07-05T12:00:00Z,2026-07-05,12,0.043,0,0.391,,86.87,206.52,SeasonalProfile+EWMA,2026-07-29T02:51:21Z
FC-BLN01-001140,BLN01,AR00136,2026-07-05T13:00:00Z,2026-07-05,13,0.039,0,0.387,,86.87,206.52,SeasonalProfile+EWMA,2026-07-29T02:51:21Z
FC-BLN01-001141,BLN01,AR00136,2026-07-05T14:00:00Z,2026-07-05,14,0.055,0,0.404,,86.87,206.52,SeasonalProfile+EWMA,2026-07-29T02:51:21Z
FC-BLN01-001142,BLN01,AR00136,2026-07-05T15:00:00Z,2026-07-05,15,0.052,0,0.401,,86.87,206.52,SeasonalProfile+EWMA,2026-07-29T02:51:21Z
FC-BLN01-001143,BLN01,AR00136,2026-07-05T16:00:00Z,2026-07-05,16,0.07,0,0.418,,86.87,206.52,SeasonalProfile+EWMA,2026-07-29T02:51:21Z
FC-BLN01-001144,BLN01,AR00136,2026-07-05T17:00:00Z,2026-07-05,17,0.065,0,0.414,,86.87,206.52,SeasonalProfile+EWMA,2026-07-29T02:51:21Z
FC-BLN01-001145,BLN01,AR00136,2026-07-05T18:00:00Z,2026-07-05,18,0.025,0,0.373,,86.87,206.52,SeasonalProfile+EWMA,2026-07-29T02:51:21Z
FC-BLN01-001146,BLN01,AR00136,2026-07-05T19:00:00Z,2026-07-05,19,0.025,0,0.374,,86.87,206.52,SeasonalProfile+EWMA,2026-07-29T02:51:21Z
FC-BLN01-001147,BLN01,AR90014,2026-07-05T12:00:00Z,2026-07-05,12,0.018,0,0.242,,94.78,162.01,SeasonalProfile+EWMA,2026-07-29T02:51:21Z
FC-BLN01-001148,BLN01,AR90014,2026-07-05T13:00:00Z,2026-07-05,13,0.024,0,0.248,,94.78,162.01,SeasonalProfile+EWMA,2026-07-29T02:51:21Z
FC-BLN01-001149,BLN01,AR90014,2026-07-05T14:00:00Z,2026-07-05,14,0.023,0,0.247,,94.78,162.01,SeasonalProfile+EWMA,2026-07-29T02:51:21Z
FC-BLN01-001150,BLN01,AR90014,2026-07-05T15:00:00Z,2026-07-05,15,0.016,0,0.24,,94.78,162.01,SeasonalProfile+EWMA,2026-07-29T02:51:21Z
FC-BLN01-001151,BLN01,AR90014,2026-07-05T16:00:00Z,2026-07-05,16,0.016,0,0.24,,94.78,162.01,SeasonalProfile+EWMA,2026-07-29T02:51:21Z
FC-BLN01-001152,BLN01,AR90014,2026-07-05T17:00:00Z,2026-07-05,17,0.026,0,0.25,,94.78,162.01,SeasonalProfile+EWMA,2026-07-29T02:51:21Z
FC-BLN01-001153,BLN01,AR00080,2026-07-04T13:00:00Z,2026-07-04,13,0.015,0,0.31,,91.77,187.88,SeasonalProfile+EWMA,2026-07-29T02:51:21Z
FC-BLN01-001154,BLN01,AR00080,2026-07-05T12:00:00Z,2026-07-05,12,0.02,0,0.314,,91.77,187.88,SeasonalProfile+EWMA,2026-07-29T02:51:21Z
FC-BLN01-001155,BLN01,AR00080,2026-07-05T13:00:00Z,2026-07-05,13,0.036,0,0.331,,91.77,187.88,SeasonalProfile+EWMA,2026-07-29T02:51:21Z
FC-BLN01-001156,BLN01,AR00080,2026-07-05T14:00:00Z,2026-07-05,14,0.032,0,0.326,,91.77,187.88,SeasonalProfile+EWMA,2026-07-29T02:51:21Z
FC-BLN01-001157,BLN01,AR00080,2026-07-05T15:00:00Z,2026-07-05,15,0.019,0,0.314,,91.77,187.88,SeasonalProfile+EWMA,2026-07-29T02:51:21Z
FC-BLN01-001158,BLN01,AR00080,2026-07-05T16:00:00Z,2026-07-05,16,0.032,0,0.326,,91.77,187.88,SeasonalProfile+EWMA,2026-07-29T02:51:21Z
FC-BLN01-001159,BLN01,AR00080,2026-07-05T17:00:00Z,2026-07-05,17,0.024,0,0.318,,91.77,187.88,SeasonalProfile+EWMA,2026-07-29T02:51:21Z
FC-BLN01-001160,BLN01,AR00080,2026-07-05T18:00:00Z,2026-07-05,18,0.018,0,0.312,,91.77,187.88,SeasonalProfile+EWMA,2026-07-29T02:51:21Z
FC-BLN01-001161,BLN01,AR00010,2026-07-04T14:00:00Z,2026-07-04,14,0.017,0,0.213,,92.1,161.27,SeasonalProfile+EWMA,2026-07-29T02:51:21Z
FC-BLN01-001162,BLN01,AR00010,2026-07-05T12:00:00Z,2026-07-05,12,0.023,0,0.219,,92.1,161.27,SeasonalProfile+EWMA,2026-07-29T02:51:21Z
FC-BLN01-001163,BLN01,AR00010,2026-07-05T13:00:00Z,2026-07-05,13,0.025,0,0.221,,92.1,161.27,SeasonalProfile+EWMA,2026-07-29T02:51:21Z
FC-BLN01-001164,BLN01,AR00010,2026-07-05T14:00:00Z,2026-07-05,14,0.04,0,0.235,,92.1,161.27,SeasonalProfile+EWMA,2026-07-29T02:51:21Z
FC-BLN01-001165,BLN01,AR00010,2026-07-05T15:00:00Z,2026-07-05,15,0.029,0,0.225,,92.1,161.27,SeasonalProfile+EWMA,2026-07-29T02:51:21Z
FC-BLN01-001166,BLN01,AR00010,2026-07-05T16:00:00Z,2026-07-05,16,0.025,0,0.22,,92.1,161.27,SeasonalProfile+EWMA,2026-07-29T02:51:21Z
FC-BLN01-001167,BLN01,AR00010,2026-07-05T17:00:00Z,2026-07-05,17,0.033,0,0.229,,92.1,161.27,SeasonalProfile+EWMA,2026-07-29T02:51:21Z
FC-BLN01-001168,BLN01,AR00010,2026-07-05T18:00:00Z,2026-07-05,18,0.027,0,0.223,,92.1,161.27,SeasonalProfile+EWMA,2026-07-29T02:51:21Z
FC-BLN01-001169,BLN01,AR00010,2026-07-05T20:00:00Z,2026-07-05,20,0.022,0,0.218,,92.1,161.27,SeasonalProfile+EWMA,2026-07-29T02:51:21Z
FC-BLN01-001170,BLN01,AR00188,2026-07-04T15:00:00Z,2026-07-04,15,0.017,0,0.252,,95.1,194.53,SeasonalProfile+EWMA,2026-07-29T02:51:21Z
FC-BLN01-001171,BLN01,AR00188,2026-07-05T12:00:00Z,2026-07-05,12,0.03,0,0.264,,95.1,194.53,SeasonalProfile+EWMA,2026-07-29T02:51:21Z
FC-BLN01-001172,BLN01,AR00188,2026-07-05T13:00:00Z,2026-07-05,13,0.033,0,0.267,,95.1,194.53,SeasonalProfile+EWMA,2026-07-29T02:51:21Z
FC-BLN01-001173,BLN01,AR00188,2026-07-05T14:00:00Z,2026-07-05,14,0.034,0,0.268,,95.1,194.53,SeasonalProfile+EWMA,2026-07-29T02:51:21Z
FC-BLN01-001174,BLN01,AR00188,2026-07-05T15:00:00Z,2026-07-05,15,0.04,0,0.275,,95.1,194.53,SeasonalProfile+EWMA,2026-07-29T02:51:21Z
FC-BLN01-001175,BLN01,AR00188,2026-07-05T16:00:00Z,2026-07-05,16,0.019,0,0.254,,95.1,194.53,SeasonalProfile+EWMA,2026-07-29T02:51:21Z
FC-BLN01-001176,BLN01,AR00188,2026-07-05T17:00:00Z,2026-07-05,17,0.025,0,0.259,,95.1,194.53,SeasonalProfile+EWMA,2026-07-29T02:51:21Z
FC-BLN01-001177,BLN01,AR00188,2026-07-05T19:00:00Z,2026-07-05,19,0.016,0,0.251,,95.1,194.53,SeasonalProfile+EWMA,2026-07-29T02:51:21Z
FC-BLN01-001178,BLN01,AR00241,2026-07-04T17:00:00Z,2026-07-04,17,0.021,0,0.163,,92.56,190,SeasonalProfile+EWMA,2026-07-29T02:51:21Z
FC-BLN01-001179,BLN01,AR00241,2026-07-05T12:00:00Z,2026-07-05,12,0.019,0,0.161,,92.56,190,SeasonalProfile+EWMA,2026-07-29T02:51:21Z
FC-BLN01-001180,BLN01,AR00241,2026-07-05T13:00:00Z,2026-07-05,13,0.031,0,0.173,,92.56,190,SeasonalProfile+EWMA,2026-07-29T02:51:21Z
FC-BLN01-001181,BLN01,AR00241,2026-07-05T14:00:00Z,2026-07-05,14,0.023,0,0.165,,92.56,190,SeasonalProfile+EWMA,2026-07-29T02:51:21Z
FC-BLN01-001182,BLN01,AR00241,2026-07-05T15:00:00Z,2026-07-05,15,0.032,0,0.174,,92.56,190,SeasonalProfile+EWMA,2026-07-29T02:51:21Z
FC-BLN01-001183,BLN01,AR00241,2026-07-05T16:00:00Z,2026-07-05,16,0.03,0,0.172,,92.56,190,SeasonalProfile+EWMA,2026-07-29T02:51:21Z
FC-BLN01-001184,BLN01,AR00241,2026-07-05T17:00:00Z,2026-07-05,17,0.048,0,0.19,,92.56,190,SeasonalProfile+EWMA,2026-07-29T02:51:21Z
FC-BLN01-001185,BLN01,AR00241,2026-07-05T18:00:00Z,2026-07-05,18,0.021,0,0.163,,92.56,190,SeasonalProfile+EWMA,2026-07-29T02:51:21Z
FC-BLN01-001186,BLN01,AR90015,2026-07-04T13:00:00Z,2026-07-04,13,0.019,0,0.22,,90.41,206.95,SeasonalProfile+EWMA,2026-07-29T02:51:21Z
FC-BLN01-001187,BLN01,AR90015,2026-07-05T12:00:00Z,2026-07-05,12,0.017,0,0.218,,90.41,206.95,SeasonalProfile+EWMA,2026-07-29T02:51:21Z
FC-BLN01-001188,BLN01,AR90015,2026-07-05T13:00:00Z,2026-07-05,13,0.045,0,0.246,,90.41,206.95,SeasonalProfile+EWMA,2026-07-29T02:51:21Z
FC-BLN01-001189,BLN01,AR90015,2026-07-05T14:00:00Z,2026-07-05,14,0.029,0,0.229,,90.41,206.95,SeasonalProfile+EWMA,2026-07-29T02:51:21Z
FC-BLN01-001190,BLN01,AR90015,2026-07-05T15:00:00Z,2026-07-05,15,0.031,0,0.232,,90.41,206.95,SeasonalProfile+EWMA,2026-07-29T02:51:21Z
FC-BLN01-001191,BLN01,AR90015,2026-07-05T17:00:00Z,2026-07-05,17,0.018,0,0.219,,90.41,206.95,SeasonalProfile+EWMA,2026-07-29T02:51:21Z
FC-BLN01-001192,BLN01,AR90015,2026-07-05T18:00:00Z,2026-07-05,18,0.019,0,0.22,,90.41,206.95,SeasonalProfile+EWMA,2026-07-29T02:51:21Z
FC-BLN01-001193,BLN01,AR90012,2026-07-05T13:00:00Z,2026-07-05,13,0.017,0,0.163,,96.47,169.22,SeasonalProfile+EWMA,2026-07-29T02:51:21Z
FC-BLN01-001194,BLN01,AR90012,2026-07-05T15:00:00Z,2026-07-05,15,0.016,0,0.162,,96.47,169.22,SeasonalProfile+EWMA,2026-07-29T02:51:21Z
FC-BLN01-001195,BLN01,AR90012,2026-07-05T16:00:00Z,2026-07-05,16,0.02,0,0.166,,96.47,169.22,SeasonalProfile+EWMA,2026-07-29T02:51:21Z
FC-BLN01-001196,BLN01,AR90036,2026-07-04T12:00:00Z,2026-07-04,12,0.016,0,0.099,,89.23,200.87,SeasonalProfile+EWMA,2026-07-29T02:51:21Z
FC-BLN01-001197,BLN01,AR90036,2026-07-04T13:00:00Z,2026-07-04,13,0.027,0,0.111,,89.23,200.87,SeasonalProfile+EWMA,2026-07-29T02:51:21Z
FC-BLN01-001198,BLN01,AR90036,2026-07-04T14:00:00Z,2026-07-04,14,0.016,0,0.099,,89.23,200.87,SeasonalProfile+EWMA,2026-07-29T02:51:21Z
FC-BLN01-001199,BLN01,AR90036,2026-07-04T15:00:00Z,2026-07-04,15,0.022,0,0.105,,89.23,200.87,SeasonalProfile+EWMA,2026-07-29T02:51:21Z
FC-BLN01-001200,BLN01,AR90036,2026-07-04T16:00:00Z,2026-07-04,16,0.016,0,0.099,,89.23,200.87,SeasonalProfile+EWMA,2026-07-29T02:51:21Z
FC-BLN01-001201,BLN01,AR90036,2026-07-04T17:00:00Z,2026-07-04,17,0.024,0,0.108,,89.23,200.87,SeasonalProfile+EWMA,2026-07-29T02:51:21Z
FC-BLN01-001202,BLN01,AR90036,2026-07-04T18:00:00Z,2026-07-04,18,0.019,0,0.102,,89.23,200.87,SeasonalProfile+EWMA,2026-07-29T02:51:21Z
FC-BLN01-001203,BLN01,AR90036,2026-07-05T09:00:00Z,2026-07-05,9,0.022,0,0.105,,89.23,200.87,SeasonalProfile+EWMA,2026-07-29T02:51:21Z
FC-BLN01-001204,BLN01,AR90036,2026-07-05T12:00:00Z,2026-07-05,12,0.038,0,0.121,,89.23,200.87,SeasonalProfile+EWMA,2026-07-29T02:51:21Z
FC-BLN01-001205,BLN01,AR90036,2026-07-05T13:00:00Z,2026-07-05,13,0.064,0,0.148,,89.23,200.87,SeasonalProfile+EWMA,2026-07-29T02:51:21Z
FC-BLN01-001206,BLN01,AR90036,2026-07-05T14:00:00Z,2026-07-05,14,0.037,0,0.12,,89.23,200.87,SeasonalProfile+EWMA,2026-07-29T02:51:21Z
FC-BLN01-001207,BLN01,AR90036,2026-07-05T15:00:00Z,2026-07-05,15,0.052,0,0.135,,89.23,200.87,SeasonalProfile+EWMA,2026-07-29T02:51:21Z
FC-BLN01-001208,BLN01,AR90036,2026-07-05T16:00:00Z,2026-07-05,16,0.038,0,0.121,,89.23,200.87,SeasonalProfile+EWMA,2026-07-29T02:51:21Z
FC-BLN01-001209,BLN01,AR90036,2026-07-05T17:00:00Z,2026-07-05,17,0.058,0,0.141,,89.23,200.87,SeasonalProfile+EWMA,2026-07-29T02:51:21Z
FC-BLN01-001210,BLN01,AR90036,2026-07-05T18:00:00Z,2026-07-05,18,0.044,0,0.128,,89.23,200.87,SeasonalProfile+EWMA,2026-07-29T02:51:21Z
FC-BLN01-001211,BLN01,AR00240,2026-07-05T13:00:00Z,2026-07-05,13,0.021,0,0.173,,94.44,184.13,SeasonalProfile+EWMA,2026-07-29T02:51:21Z
FC-BLN01-001212,BLN01,AR00240,2026-07-05T14:00:00Z,2026-07-05,14,0.019,0,0.171,,94.44,184.13,SeasonalProfile+EWMA,2026-07-29T02:51:21Z
FC-BLN01-001213,BLN01,AR00240,2026-07-05T16:00:00Z,2026-07-05,16,0.021,0,0.173,,94.44,184.13,SeasonalProfile+EWMA,2026-07-29T02:51:21Z
FC-BLN01-001214,BLN01,AR00245,2026-07-04T13:00:00Z,2026-07-04,13,0.021,0,0.18,,89.97,227.18,SeasonalProfile+EWMA,2026-07-29T02:51:21Z
FC-BLN01-001215,BLN01,AR00245,2026-07-04T14:00:00Z,2026-07-04,14,0.018,0,0.177,,89.97,227.18,SeasonalProfile+EWMA,2026-07-29T02:51:21Z
FC-BLN01-001216,BLN01,AR00245,2026-07-04T15:00:00Z,2026-07-04,15,0.021,0,0.18,,89.97,227.18,SeasonalProfile+EWMA,2026-07-29T02:51:21Z
FC-BLN01-001217,BLN01,AR00245,2026-07-04T16:00:00Z,2026-07-04,16,0.021,0,0.18,,89.97,227.18,SeasonalProfile+EWMA,2026-07-29T02:51:21Z
FC-BLN01-001218,BLN01,AR00245,2026-07-05T11:00:00Z,2026-07-05,11,0.017,0,0.176,,89.97,227.18,SeasonalProfile+EWMA,2026-07-29T02:51:21Z
FC-BLN01-001219,BLN01,AR00245,2026-07-05T12:00:00Z,2026-07-05,12,0.022,0,0.181,,89.97,227.18,SeasonalProfile+EWMA,2026-07-29T02:51:21Z
FC-BLN01-001220,BLN01,AR00245,2026-07-05T13:00:00Z,2026-07-05,13,0.049,0,0.207,,89.97,227.18,SeasonalProfile+EWMA,2026-07-29T02:51:21Z
FC-BLN01-001221,BLN01,AR00245,2026-07-05T14:00:00Z,2026-07-05,14,0.043,0,0.202,,89.97,227.18,SeasonalProfile+EWMA,2026-07-29T02:51:21Z
FC-BLN01-001222,BLN01,AR00245,2026-07-05T15:00:00Z,2026-07-05,15,0.05,0,0.209,,89.97,227.18,SeasonalProfile+EWMA,2026-07-29T02:51:21Z
FC-BLN01-001223,BLN01,AR00245,2026-07-05T16:00:00Z,2026-07-05,16,0.05,0,0.209,,89.97,227.18,SeasonalProfile+EWMA,2026-07-29T02:51:21Z
FC-BLN01-001224,BLN01,AR00245,2026-07-05T17:00:00Z,2026-07-05,17,0.033,0,0.192,,89.97,227.18,SeasonalProfile+EWMA,2026-07-29T02:51:21Z
FC-BLN01-001225,BLN01,AR00245,2026-07-05T18:00:00Z,2026-07-05,18,0.031,0,0.189,,89.97,227.18,SeasonalProfile+EWMA,2026-07-29T02:51:21Z
FC-BLN01-001226,BLN01,AR00245,2026-07-05T19:00:00Z,2026-07-05,19,0.019,0,0.178,,89.97,227.18,SeasonalProfile+EWMA,2026-07-29T02:51:21Z
FC-BLN01-001227,BLN01,AR00245,2026-07-05T21:00:00Z,2026-07-05,21,0.018,0,0.177,,89.97,227.18,SeasonalProfile+EWMA,2026-07-29T02:51:21Z
FC-BLN01-001228,BLN01,AR00009,2026-07-05T13:00:00Z,2026-07-05,13,0.031,0,0.292,,95.49,227.56,SeasonalProfile+EWMA,2026-07-29T02:51:21Z
FC-BLN01-001229,BLN01,AR00009,2026-07-05T14:00:00Z,2026-07-05,14,0.035,0,0.296,,95.49,227.56,SeasonalProfile+EWMA,2026-07-29T02:51:21Z
FC-BLN01-001230,BLN01,AR00009,2026-07-05T15:00:00Z,2026-07-05,15,0.023,0,0.285,,95.49,227.56,SeasonalProfile+EWMA,2026-07-29T02:51:21Z
FC-BLN01-001231,BLN01,AR00009,2026-07-05T16:00:00Z,2026-07-05,16,0.029,0,0.291,,95.49,227.56,SeasonalProfile+EWMA,2026-07-29T02:51:21Z
FC-BLN01-001232,BLN01,AR00009,2026-07-05T17:00:00Z,2026-07-05,17,0.03,0,0.292,,95.49,227.56,SeasonalProfile+EWMA,2026-07-29T02:51:21Z
FC-BLN01-001233,BLN01,AR00009,2026-07-05T18:00:00Z,2026-07-05,18,0.026,0,0.288,,95.49,227.56,SeasonalProfile+EWMA,2026-07-29T02:51:21Z
FC-BLN01-001234,BLN01,AR00011,2026-07-04T13:00:00Z,2026-07-04,13,0.018,0,0.072,,90.14,190.19,SeasonalProfile+EWMA,2026-07-29T02:51:21Z
FC-BLN01-001235,BLN01,AR00011,2026-07-04T15:00:00Z,2026-07-04,15,0.015,0,0.069,,90.14,190.19,SeasonalProfile+EWMA,2026-07-29T02:51:21Z
FC-BLN01-001236,BLN01,AR00011,2026-07-05T10:00:00Z,2026-07-05,10,0.017,0,0.072,,90.14,190.19,SeasonalProfile+EWMA,2026-07-29T02:51:21Z
FC-BLN01-001237,BLN01,AR00011,2026-07-05T12:00:00Z,2026-07-05,12,0.018,0,0.072,,90.14,190.19,SeasonalProfile+EWMA,2026-07-29T02:51:21Z
FC-BLN01-001238,BLN01,AR00011,2026-07-05T13:00:00Z,2026-07-05,13,0.042,0,0.096,,90.14,190.19,SeasonalProfile+EWMA,2026-07-29T02:51:21Z
FC-BLN01-001239,BLN01,AR00011,2026-07-05T14:00:00Z,2026-07-05,14,0.026,0,0.08,,90.14,190.19,SeasonalProfile+EWMA,2026-07-29T02:51:21Z
FC-BLN01-001240,BLN01,AR00011,2026-07-05T15:00:00Z,2026-07-05,15,0.035,0,0.09,,90.14,190.19,SeasonalProfile+EWMA,2026-07-29T02:51:21Z
FC-BLN01-001241,BLN01,AR00011,2026-07-05T16:00:00Z,2026-07-05,16,0.028,0,0.083,,90.14,190.19,SeasonalProfile+EWMA,2026-07-29T02:51:21Z
FC-BLN01-001242,BLN01,AR00011,2026-07-05T17:00:00Z,2026-07-05,17,0.029,0,0.084,,90.14,190.19,SeasonalProfile+EWMA,2026-07-29T02:51:21Z
FC-BLN01-001243,BLN01,AR00011,2026-07-05T18:00:00Z,2026-07-05,18,0.032,0,0.086,,90.14,190.19,SeasonalProfile+EWMA,2026-07-29T02:51:21Z
FC-BLN01-001244,BLN01,AR00244,2026-07-05T12:00:00Z,2026-07-05,12,0.026,0,0.19,,95.27,213.16,SeasonalProfile+EWMA,2026-07-29T02:51:21Z
FC-BLN01-001245,BLN01,AR00244,2026-07-05T13:00:00Z,2026-07-05,13,0.03,0,0.194,,95.27,213.16,SeasonalProfile+EWMA,2026-07-29T02:51:21Z
FC-BLN01-001246,BLN01,AR00244,2026-07-05T14:00:00Z,2026-07-05,14,0.025,0,0.189,,95.27,213.16,SeasonalProfile+EWMA,2026-07-29T02:51:21Z
FC-BLN01-001247,BLN01,AR00244,2026-07-05T15:00:00Z,2026-07-05,15,0.016,0,0.18,,95.27,213.16,SeasonalProfile+EWMA,2026-07-29T02:51:21Z
FC-BLN01-001248,BLN01,AR00244,2026-07-05T16:00:00Z,2026-07-05,16,0.019,0,0.183,,95.27,213.16,SeasonalProfile+EWMA,2026-07-29T02:51:21Z
FC-BLN01-001249,BLN01,AR00244,2026-07-05T17:00:00Z,2026-07-05,17,0.024,0,0.188,,95.27,213.16,SeasonalProfile+EWMA,2026-07-29T02:51:21Z
FC-BLN01-001250,BLN01,AR00244,2026-07-05T18:00:00Z,2026-07-05,18,0.016,0,0.18,,95.27,213.16,SeasonalProfile+EWMA,2026-07-29T02:51:21Z
FC-BLN01-001251,BLN01,AR90019,2026-07-05T13:00:00Z,2026-07-05,13,0.024,0,0.194,,96.11,213.26,SeasonalProfile+EWMA,2026-07-29T02:51:21Z
FC-BLN01-001252,BLN01,AR90019,2026-07-05T15:00:00Z,2026-07-05,15,0.021,0,0.191,,96.11,213.26,SeasonalProfile+EWMA,2026-07-29T02:51:21Z
FC-BLN01-001253,BLN01,AR90019,2026-07-05T17:00:00Z,2026-07-05,17,0.02,0,0.19,,96.11,213.26,SeasonalProfile+EWMA,2026-07-29T02:51:21Z
FC-BLN01-001254,BLN01,AR00137,2026-07-05T13:00:00Z,2026-07-05,13,0.019,0,0.372,,94.25,198.15,SeasonalProfile+EWMA,2026-07-29T02:51:21Z
FC-BLN01-001255,BLN01,AR00137,2026-07-05T14:00:00Z,2026-07-05,14,0.016,0,0.369,,94.25,198.15,SeasonalProfile+EWMA,2026-07-29T02:51:21Z
FC-BLN01-001256,BLN01,AR00137,2026-07-05T15:00:00Z,2026-07-05,15,0.022,0,0.374,,94.25,198.15,SeasonalProfile+EWMA,2026-07-29T02:51:21Z
FC-BLN01-001257,BLN01,AR00137,2026-07-05T16:00:00Z,2026-07-05,16,0.018,0,0.37,,94.25,198.15,SeasonalProfile+EWMA,2026-07-29T02:51:21Z
FC-BLN01-001258,BLN01,AR00137,2026-07-05T17:00:00Z,2026-07-05,17,0.017,0,0.37,,94.25,198.15,SeasonalProfile+EWMA,2026-07-29T02:51:21Z
FC-BLN01-001259,BLN01,AR00137,2026-07-05T18:00:00Z,2026-07-05,18,0.019,0,0.372,,94.25,198.15,SeasonalProfile+EWMA,2026-07-29T02:51:21Z
FC-BLN01-001260,BLN01,AR00001,2026-07-05T12:00:00Z,2026-07-05,12,0.021,0,0.277,,93.48,186.71,SeasonalProfile+EWMA,2026-07-29T02:51:21Z
FC-BLN01-001261,BLN01,AR00001,2026-07-05T13:00:00Z,2026-07-05,13,0.02,0,0.277,,93.48,186.71,SeasonalProfile+EWMA,2026-07-29T02:51:21Z
FC-BLN01-001262,BLN01,AR00001,2026-07-05T14:00:00Z,2026-07-05,14,0.018,0,0.275,,93.48,186.71,SeasonalProfile+EWMA,2026-07-29T02:51:21Z
FC-BLN01-001263,BLN01,AR00001,2026-07-05T15:00:00Z,2026-07-05,15,0.019,0,0.275,,93.48,186.71,SeasonalProfile+EWMA,2026-07-29T02:51:21Z
FC-BLN01-001264,BLN01,AR00001,2026-07-05T16:00:00Z,2026-07-05,16,0.019,0,0.275,,93.48,186.71,SeasonalProfile+EWMA,2026-07-29T02:51:21Z
FC-BLN01-001265,BLN01,AR00001,2026-07-05T17:00:00Z,2026-07-05,17,0.031,0,0.288,,93.48,186.71,SeasonalProfile+EWMA,2026-07-29T02:51:21Z
FC-BLN01-001266,BLN01,AR00001,2026-07-05T18:00:00Z,2026-07-05,18,0.02,0,0.277,,93.48,186.71,SeasonalProfile+EWMA,2026-07-29T02:51:21Z
FC-BLN01-001267,BLN01,AR00084,2026-07-05T12:00:00Z,2026-07-05,12,0.016,0,0.196,,93.59,180.85,SeasonalProfile+EWMA,2026-07-29T02:51:21Z
FC-BLN01-001268,BLN01,AR00084,2026-07-05T13:00:00Z,2026-07-05,13,0.02,0,0.2,,93.59,180.85,SeasonalProfile+EWMA,2026-07-29T02:51:21Z
FC-BLN01-001269,BLN01,AR00084,2026-07-05T14:00:00Z,2026-07-05,14,0.024,0,0.204,,93.59,180.85,SeasonalProfile+EWMA,2026-07-29T02:51:21Z
FC-BLN01-001270,BLN01,AR00084,2026-07-05T16:00:00Z,2026-07-05,16,0.029,0,0.208,,93.59,180.85,SeasonalProfile+EWMA,2026-07-29T02:51:21Z
FC-BLN01-001271,BLN01,AR00084,2026-07-05T17:00:00Z,2026-07-05,17,0.015,0,0.194,,93.59,180.85,SeasonalProfile+EWMA,2026-07-29T02:51:21Z
FC-BLN01-001272,BLN01,AR00084,2026-07-05T18:00:00Z,2026-07-05,18,0.016,0,0.195,,93.59,180.85,SeasonalProfile+EWMA,2026-07-29T02:51:21Z
FC-BLN01-001273,BLN01,AR00065,2026-07-05T12:00:00Z,2026-07-05,12,0.016,0,0.277,,93.72,208.54,SeasonalProfile+EWMA,2026-07-29T02:51:21Z
FC-BLN01-001274,BLN01,AR00065,2026-07-05T13:00:00Z,2026-07-05,13,0.023,0,0.284,,93.72,208.54,SeasonalProfile+EWMA,2026-07-29T02:51:21Z
FC-BLN01-001275,BLN01,AR00065,2026-07-05T14:00:00Z,2026-07-05,14,0.023,0,0.283,,93.72,208.54,SeasonalProfile+EWMA,2026-07-29T02:51:21Z
FC-BLN01-001276,BLN01,AR00065,2026-07-05T15:00:00Z,2026-07-05,15,0.027,0,0.288,,93.72,208.54,SeasonalProfile+EWMA,2026-07-29T02:51:21Z
FC-BLN01-001277,BLN01,AR00065,2026-07-05T16:00:00Z,2026-07-05,16,0.021,0,0.282,,93.72,208.54,SeasonalProfile+EWMA,2026-07-29T02:51:21Z
FC-BLN01-001278,BLN01,AR00065,2026-07-05T17:00:00Z,2026-07-05,17,0.022,0,0.283,,93.72,208.54,SeasonalProfile+EWMA,2026-07-29T02:51:21Z
FC-BLN01-001279,BLN01,AR00065,2026-07-05T18:00:00Z,2026-07-05,18,0.03,0,0.291,,93.72,208.54,SeasonalProfile+EWMA,2026-07-29T02:51:21Z
FC-BLN01-001280,BLN01,AR90011,2026-07-03T22:00:00Z,2026-07-03,22,0.019,0,0.227,,90.11,208.62,SeasonalProfile+EWMA,2026-07-29T02:51:21Z
FC-BLN01-001281,BLN01,AR90011,2026-07-04T14:00:00Z,2026-07-04,14,0.019,0,0.228,,90.11,208.62,SeasonalProfile+EWMA,2026-07-29T02:51:21Z
FC-BLN01-001282,BLN01,AR90011,2026-07-04T17:00:00Z,2026-07-04,17,0.02,0,0.229,,90.11,208.62,SeasonalProfile+EWMA,2026-07-29T02:51:21Z
FC-BLN01-001283,BLN01,AR90011,2026-07-05T11:00:00Z,2026-07-05,11,0.015,0,0.224,,90.11,208.62,SeasonalProfile+EWMA,2026-07-29T02:51:21Z
FC-BLN01-001284,BLN01,AR90011,2026-07-05T12:00:00Z,2026-07-05,12,0.023,0,0.232,,90.11,208.62,SeasonalProfile+EWMA,2026-07-29T02:51:21Z
FC-BLN01-001285,BLN01,AR90011,2026-07-05T13:00:00Z,2026-07-05,13,0.033,0,0.242,,90.11,208.62,SeasonalProfile+EWMA,2026-07-29T02:51:21Z
FC-BLN01-001286,BLN01,AR90011,2026-07-05T14:00:00Z,2026-07-05,14,0.046,0,0.254,,90.11,208.62,SeasonalProfile+EWMA,2026-07-29T02:51:21Z
FC-BLN01-001287,BLN01,AR90011,2026-07-05T15:00:00Z,2026-07-05,15,0.031,0,0.24,,90.11,208.62,SeasonalProfile+EWMA,2026-07-29T02:51:21Z
FC-BLN01-001288,BLN01,AR90011,2026-07-05T16:00:00Z,2026-07-05,16,0.033,0,0.242,,90.11,208.62,SeasonalProfile+EWMA,2026-07-29T02:51:21Z
FC-BLN01-001289,BLN01,AR90011,2026-07-05T17:00:00Z,2026-07-05,17,0.047,0,0.256,,90.11,208.62,SeasonalProfile+EWMA,2026-07-29T02:51:21Z
FC-BLN01-001290,BLN01,AR90011,2026-07-05T18:00:00Z,2026-07-05,18,0.022,0,0.231,,90.11,208.62,SeasonalProfile+EWMA,2026-07-29T02:51:21Z
FC-BLN01-001291,BLN01,AR90011,2026-07-05T19:00:00Z,2026-07-05,19,0.015,0,0.224,,90.11,208.62,SeasonalProfile+EWMA,2026-07-29T02:51:21Z
FC-BLN01-001292,BLN01,AR90011,2026-07-05T20:00:00Z,2026-07-05,20,0.016,0,0.224,,90.11,208.62,SeasonalProfile+EWMA,2026-07-29T02:51:21Z
FC-BLN01-001293,BLN01,AR00005,2026-07-05T12:00:00Z,2026-07-05,12,0.016,0,0.046,,94.83,193.72,SeasonalProfile+EWMA,2026-07-29T02:51:21Z
FC-BLN01-001294,BLN01,AR00005,2026-07-05T13:00:00Z,2026-07-05,13,0.015,0,0.046,,94.83,193.72,SeasonalProfile+EWMA,2026-07-29T02:51:21Z
FC-BLN01-001295,BLN01,AR00005,2026-07-05T14:00:00Z,2026-07-05,14,0.021,0,0.051,,94.83,193.72,SeasonalProfile+EWMA,2026-07-29T02:51:21Z
FC-BLN01-001296,BLN01,AR00005,2026-07-05T15:00:00Z,2026-07-05,15,0.021,0,0.052,,94.83,193.72,SeasonalProfile+EWMA,2026-07-29T02:51:21Z
FC-BLN01-001297,BLN01,AR00005,2026-07-05T16:00:00Z,2026-07-05,16,0.022,0,0.053,,94.83,193.72,SeasonalProfile+EWMA,2026-07-29T02:51:21Z
FC-BLN01-001298,BLN01,AR90009,2026-07-03T22:00:00Z,2026-07-03,22,0.019,0,0.094,,85.01,237.51,SeasonalProfile+EWMA,2026-07-29T02:51:21Z
FC-BLN01-001299,BLN01,AR90009,2026-07-04T13:00:00Z,2026-07-04,13,0.025,0,0.1,,85.01,237.51,SeasonalProfile+EWMA,2026-07-29T02:51:21Z
FC-BLN01-001300,BLN01,AR90009,2026-07-04T14:00:00Z,2026-07-04,14,0.021,0,0.096,,85.01,237.51,SeasonalProfile+EWMA,2026-07-29T02:51:21Z
FC-BLN01-001301,BLN01,AR90009,2026-07-04T15:00:00Z,2026-07-04,15,0.022,0,0.097,,85.01,237.51,SeasonalProfile+EWMA,2026-07-29T02:51:21Z
FC-BLN01-001302,BLN01,AR90009,2026-07-04T17:00:00Z,2026-07-04,17,0.019,0,0.094,,85.01,237.51,SeasonalProfile+EWMA,2026-07-29T02:51:21Z
FC-BLN01-001303,BLN01,AR90009,2026-07-05T11:00:00Z,2026-07-05,11,0.02,0,0.095,,85.01,237.51,SeasonalProfile+EWMA,2026-07-29T02:51:21Z
FC-BLN01-001304,BLN01,AR90009,2026-07-05T12:00:00Z,2026-07-05,12,0.031,0,0.106,,85.01,237.51,SeasonalProfile+EWMA,2026-07-29T02:51:21Z
FC-BLN01-001305,BLN01,AR90009,2026-07-05T13:00:00Z,2026-07-05,13,0.058,0,0.133,,85.01,237.51,SeasonalProfile+EWMA,2026-07-29T02:51:21Z
FC-BLN01-001306,BLN01,AR90009,2026-07-05T14:00:00Z,2026-07-05,14,0.05,0,0.125,,85.01,237.51,SeasonalProfile+EWMA,2026-07-29T02:51:21Z
FC-BLN01-001307,BLN01,AR90009,2026-07-05T15:00:00Z,2026-07-05,15,0.051,0,0.126,,85.01,237.51,SeasonalProfile+EWMA,2026-07-29T02:51:21Z
FC-BLN01-001308,BLN01,AR90009,2026-07-05T16:00:00Z,2026-07-05,16,0.034,0,0.109,,85.01,237.51,SeasonalProfile+EWMA,2026-07-29T02:51:21Z
FC-BLN01-001309,BLN01,AR90009,2026-07-05T17:00:00Z,2026-07-05,17,0.045,0,0.12,,85.01,237.51,SeasonalProfile+EWMA,2026-07-29T02:51:21Z
FC-BLN01-001310,BLN01,AR90009,2026-07-05T18:00:00Z,2026-07-05,18,0.033,0,0.108,,85.01,237.51,SeasonalProfile+EWMA,2026-07-29T02:51:21Z
FC-BLN01-001311,BLN01,AR90009,2026-07-05T19:00:00Z,2026-07-05,19,0.017,0,0.092,,85.01,237.51,SeasonalProfile+EWMA,2026-07-29T02:51:21Z
FC-BLN01-001312,BLN01,AR90009,2026-07-05T20:00:00Z,2026-07-05,20,0.028,0,0.103,,85.01,237.51,SeasonalProfile+EWMA,2026-07-29T02:51:21Z
FC-BLN01-001313,BLN01,AR90009,2026-07-05T21:00:00Z,2026-07-05,21,0.022,0,0.097,,85.01,237.51,SeasonalProfile+EWMA,2026-07-29T02:51:21Z
FC-BLN01-001314,BLN01,AR00319,2026-07-05T12:00:00Z,2026-07-05,12,0.017,0,0.221,,93.74,201.34,SeasonalProfile+EWMA,2026-07-29T02:51:21Z
FC-BLN01-001315,BLN01,AR00319,2026-07-05T13:00:00Z,2026-07-05,13,0.021,0,0.225,,93.74,201.34,SeasonalProfile+EWMA,2026-07-29T02:51:21Z
FC-BLN01-001316,BLN01,AR00319,2026-07-05T14:00:00Z,2026-07-05,14,0.026,0,0.23,,93.74,201.34,SeasonalProfile+EWMA,2026-07-29T02:51:21Z
FC-BLN01-001317,BLN01,AR00319,2026-07-05T15:00:00Z,2026-07-05,15,0.018,0,0.222,,93.74,201.34,SeasonalProfile+EWMA,2026-07-29T02:51:21Z
FC-BLN01-001318,BLN01,AR00319,2026-07-05T16:00:00Z,2026-07-05,16,0.018,0,0.222,,93.74,201.34,SeasonalProfile+EWMA,2026-07-29T02:51:21Z
FC-BLN01-001319,BLN01,AR00319,2026-07-05T18:00:00Z,2026-07-05,18,0.021,0,0.225,,93.74,201.34,SeasonalProfile+EWMA,2026-07-29T02:51:21Z
FC-MUC01-001320,MUC01,AR90004,2026-07-03T22:00:00Z,2026-07-03,22,0.049,0,0.654,,68.75,149.42,SeasonalProfile+EWMA,2026-07-29T02:51:21Z
FC-MUC01-001321,MUC01,AR90004,2026-07-04T08:00:00Z,2026-07-04,8,0.066,0,0.67,,68.75,149.42,SeasonalProfile+EWMA,2026-07-29T02:51:21Z
FC-MUC01-001322,MUC01,AR90004,2026-07-04T09:00:00Z,2026-07-04,9,0.092,0,0.697,,68.75,149.42,SeasonalProfile+EWMA,2026-07-29T02:51:21Z
FC-MUC01-001323,MUC01,AR90004,2026-07-04T10:00:00Z,2026-07-04,10,0.053,0,0.657,,68.75,149.42,SeasonalProfile+EWMA,2026-07-29T02:51:21Z
FC-MUC01-001324,MUC01,AR90004,2026-07-04T11:00:00Z,2026-07-04,11,0.112,0,0.717,,68.75,149.42,SeasonalProfile+EWMA,2026-07-29T02:51:21Z
FC-MUC01-001325,MUC01,AR90004,2026-07-04T12:00:00Z,2026-07-04,12,0.263,0,0.868,,68.75,149.42,SeasonalProfile+EWMA,2026-07-29T02:51:21Z
FC-MUC01-001326,MUC01,AR90004,2026-07-04T13:00:00Z,2026-07-04,13,0.448,0,1.052,,68.75,149.42,SeasonalProfile+EWMA,2026-07-29T02:51:21Z
FC-MUC01-001327,MUC01,AR90004,2026-07-04T14:00:00Z,2026-07-04,14,0.448,0,1.052,,68.75,149.42,SeasonalProfile+EWMA,2026-07-29T02:51:21Z
FC-MUC01-001328,MUC01,AR90004,2026-07-04T15:00:00Z,2026-07-04,15,0.448,0,1.052,,68.75,149.42,SeasonalProfile+EWMA,2026-07-29T02:51:21Z
FC-MUC01-001329,MUC01,AR90004,2026-07-04T16:00:00Z,2026-07-04,16,0.402,0,1.006,,68.75,149.42,SeasonalProfile+EWMA,2026-07-29T02:51:21Z
FC-MUC01-001330,MUC01,AR90004,2026-07-04T17:00:00Z,2026-07-04,17,0.31,0,0.914,,68.75,149.42,SeasonalProfile+EWMA,2026-07-29T02:51:21Z
FC-MUC01-001331,MUC01,AR90004,2026-07-04T18:00:00Z,2026-07-04,18,0.283,0,0.888,,68.75,149.42,SeasonalProfile+EWMA,2026-07-29T02:51:21Z
FC-MUC01-001332,MUC01,AR90004,2026-07-04T19:00:00Z,2026-07-04,19,0.165,0,0.769,,68.75,149.42,SeasonalProfile+EWMA,2026-07-29T02:51:21Z
FC-MUC01-001333,MUC01,AR90004,2026-07-04T20:00:00Z,2026-07-04,20,0.112,0,0.717,,68.75,149.42,SeasonalProfile+EWMA,2026-07-29T02:51:21Z
FC-MUC01-001334,MUC01,AR90004,2026-07-04T21:00:00Z,2026-07-04,21,0.171,0,0.776,,68.75,149.42,SeasonalProfile+EWMA,2026-07-29T02:51:21Z
FC-MUC01-001335,MUC01,AR90004,2026-07-04T22:00:00Z,2026-07-04,22,0.059,0,0.664,,68.75,149.42,SeasonalProfile+EWMA,2026-07-29T02:51:21Z
FC-MUC01-001336,MUC01,AR90004,2026-07-05T12:00:00Z,2026-07-05,12,0.018,0,0.623,,68.75,149.42,SeasonalProfile+EWMA,2026-07-29T02:51:21Z
FC-MUC01-001337,MUC01,AR90004,2026-07-05T13:00:00Z,2026-07-05,13,0.031,0,0.636,,68.75,149.42,SeasonalProfile+EWMA,2026-07-29T02:51:21Z
FC-MUC01-001338,MUC01,AR90004,2026-07-05T14:00:00Z,2026-07-05,14,0.031,0,0.636,,68.75,149.42,SeasonalProfile+EWMA,2026-07-29T02:51:21Z
FC-MUC01-001339,MUC01,AR90004,2026-07-05T15:00:00Z,2026-07-05,15,0.031,0,0.636,,68.75,149.42,SeasonalProfile+EWMA,2026-07-29T02:51:21Z
FC-MUC01-001340,MUC01,AR90004,2026-07-05T16:00:00Z,2026-07-05,16,0.028,0,0.633,,68.75,149.42,SeasonalProfile+EWMA,2026-07-29T02:51:21Z
FC-MUC01-001341,MUC01,AR90004,2026-07-05T17:00:00Z,2026-07-05,17,0.022,0,0.626,,68.75,149.42,SeasonalProfile+EWMA,2026-07-29T02:51:21Z
FC-MUC01-001342,MUC01,AR90004,2026-07-05T18:00:00Z,2026-07-05,18,0.02,0,0.624,,68.75,149.42,SeasonalProfile+EWMA,2026-07-29T02:51:21Z
FC-MUC01-001343,MUC01,AR90003,2026-07-04T09:00:00Z,2026-07-04,9,0.026,0,0.447,,86.34,185.83,SeasonalProfile+EWMA,2026-07-29T02:51:21Z
FC-MUC01-001344,MUC01,AR90003,2026-07-04T10:00:00Z,2026-07-04,10,0.026,0,0.447,,86.34,185.83,SeasonalProfile+EWMA,2026-07-29T02:51:21Z
FC-MUC01-001345,MUC01,AR90003,2026-07-04T11:00:00Z,2026-07-04,11,0.036,0,0.457,,86.34,185.83,SeasonalProfile+EWMA,2026-07-29T02:51:21Z
FC-MUC01-001346,MUC01,AR90003,2026-07-04T12:00:00Z,2026-07-04,12,0.108,0,0.529,,86.34,185.83,SeasonalProfile+EWMA,2026-07-29T02:51:21Z
FC-MUC01-001347,MUC01,AR90003,2026-07-04T13:00:00Z,2026-07-04,13,0.175,0,0.596,,86.34,185.83,SeasonalProfile+EWMA,2026-07-29T02:51:21Z
FC-MUC01-001348,MUC01,AR90003,2026-07-04T14:00:00Z,2026-07-04,14,0.159,0,0.58,,86.34,185.83,SeasonalProfile+EWMA,2026-07-29T02:51:21Z
FC-MUC01-001349,MUC01,AR90003,2026-07-04T15:00:00Z,2026-07-04,15,0.113,0,0.534,,86.34,185.83,SeasonalProfile+EWMA,2026-07-29T02:51:21Z
FC-MUC01-001350,MUC01,AR90003,2026-07-04T16:00:00Z,2026-07-04,16,0.175,0,0.596,,86.34,185.83,SeasonalProfile+EWMA,2026-07-29T02:51:21Z
FC-MUC01-001351,MUC01,AR90003,2026-07-04T17:00:00Z,2026-07-04,17,0.103,0,0.524,,86.34,185.83,SeasonalProfile+EWMA,2026-07-29T02:51:21Z
FC-MUC01-001352,MUC01,AR90003,2026-07-04T18:00:00Z,2026-07-04,18,0.139,0,0.56,,86.34,185.83,SeasonalProfile+EWMA,2026-07-29T02:51:21Z
FC-MUC01-001353,MUC01,AR90003,2026-07-04T19:00:00Z,2026-07-04,19,0.036,0,0.457,,86.34,185.83,SeasonalProfile+EWMA,2026-07-29T02:51:21Z
FC-MUC01-001354,MUC01,AR90003,2026-07-04T20:00:00Z,2026-07-04,20,0.046,0,0.467,,86.34,185.83,SeasonalProfile+EWMA,2026-07-29T02:51:21Z
FC-MUC01-001355,MUC01,AR90003,2026-07-04T21:00:00Z,2026-07-04,21,0.041,0,0.462,,86.34,185.83,SeasonalProfile+EWMA,2026-07-29T02:51:21Z
FC-MUC01-001356,MUC01,AR90013,2026-07-04T11:00:00Z,2026-07-04,11,0.019,0,0.175,,93.22,200.17,SeasonalProfile+EWMA,2026-07-29T02:51:21Z
FC-MUC01-001357,MUC01,AR90013,2026-07-04T12:00:00Z,2026-07-04,12,0.063,0,0.219,,93.22,200.17,SeasonalProfile+EWMA,2026-07-29T02:51:21Z
FC-MUC01-001358,MUC01,AR90013,2026-07-04T13:00:00Z,2026-07-04,13,0.097,0,0.253,,93.22,200.17,SeasonalProfile+EWMA,2026-07-29T02:51:21Z
FC-MUC01-001359,MUC01,AR90013,2026-07-04T14:00:00Z,2026-07-04,14,0.107,0,0.263,,93.22,200.17,SeasonalProfile+EWMA,2026-07-29T02:51:21Z
FC-MUC01-001360,MUC01,AR90013,2026-07-04T15:00:00Z,2026-07-04,15,0.092,0,0.248,,93.22,200.17,SeasonalProfile+EWMA,2026-07-29T02:51:21Z
FC-MUC01-001361,MUC01,AR90013,2026-07-04T16:00:00Z,2026-07-04,16,0.107,0,0.263,,93.22,200.17,SeasonalProfile+EWMA,2026-07-29T02:51:21Z
FC-MUC01-001362,MUC01,AR90013,2026-07-04T17:00:00Z,2026-07-04,17,0.048,0,0.205,,93.22,200.17,SeasonalProfile+EWMA,2026-07-29T02:51:21Z
FC-MUC01-001363,MUC01,AR90013,2026-07-04T18:00:00Z,2026-07-04,18,0.039,0,0.195,,93.22,200.17,SeasonalProfile+EWMA,2026-07-29T02:51:21Z
FC-MUC01-001364,MUC01,AR90013,2026-07-04T19:00:00Z,2026-07-04,19,0.048,0,0.205,,93.22,200.17,SeasonalProfile+EWMA,2026-07-29T02:51:21Z
FC-MUC01-001365,MUC01,AR90013,2026-07-04T20:00:00Z,2026-07-04,20,0.034,0,0.19,,93.22,200.17,SeasonalProfile+EWMA,2026-07-29T02:51:21Z
FC-MUC01-001366,MUC01,AR90013,2026-07-04T21:00:00Z,2026-07-04,21,0.034,0,0.19,,93.22,200.17,SeasonalProfile+EWMA,2026-07-29T02:51:21Z
FC-MUC01-001367,MUC01,AR90002,2026-07-04T09:00:00Z,2026-07-04,9,0.03,0,0.155,,90.69,176.49,SeasonalProfile+EWMA,2026-07-29T02:51:21Z
FC-MUC01-001368,MUC01,AR90002,2026-07-04T12:00:00Z,2026-07-04,12,0.072,0,0.197,,90.69,176.49,SeasonalProfile+EWMA,2026-07-29T02:51:21Z
FC-MUC01-001369,MUC01,AR90002,2026-07-04T13:00:00Z,2026-07-04,13,0.097,0,0.223,,90.69,176.49,SeasonalProfile+EWMA,2026-07-29T02:51:21Z
FC-MUC01-001370,MUC01,AR90002,2026-07-04T14:00:00Z,2026-07-04,14,0.074,0,0.2,,90.69,176.49,SeasonalProfile+EWMA,2026-07-29T02:51:21Z
FC-MUC01-001371,MUC01,AR90002,2026-07-04T15:00:00Z,2026-07-04,15,0.069,0,0.194,,90.69,176.49,SeasonalProfile+EWMA,2026-07-29T02:51:21Z
FC-MUC01-001372,MUC01,AR90002,2026-07-04T16:00:00Z,2026-07-04,16,0.086,0,0.211,,90.69,176.49,SeasonalProfile+EWMA,2026-07-29T02:51:21Z
FC-MUC01-001373,MUC01,AR90002,2026-07-04T17:00:00Z,2026-07-04,17,0.061,0,0.187,,90.69,176.49,SeasonalProfile+EWMA,2026-07-29T02:51:21Z
FC-MUC01-001374,MUC01,AR90002,2026-07-04T18:00:00Z,2026-07-04,18,0.061,0,0.186,,90.69,176.49,SeasonalProfile+EWMA,2026-07-29T02:51:21Z
FC-MUC01-001375,MUC01,AR90002,2026-07-04T19:00:00Z,2026-07-04,19,0.053,0,0.179,,90.69,176.49,SeasonalProfile+EWMA,2026-07-29T02:51:21Z
FC-MUC01-001376,MUC01,AR90002,2026-07-04T20:00:00Z,2026-07-04,20,0.024,0,0.15,,90.69,176.49,SeasonalProfile+EWMA,2026-07-29T02:51:21Z
FC-MUC01-001377,MUC01,AR90002,2026-07-04T21:00:00Z,2026-07-04,21,0.03,0,0.155,,90.69,176.49,SeasonalProfile+EWMA,2026-07-29T02:51:21Z
FC-MUC01-001378,MUC01,AR90039,2026-07-04T12:00:00Z,2026-07-04,12,0.027,0,0.303,,95.49,181.45,SeasonalProfile+EWMA,2026-07-29T02:51:21Z
FC-MUC01-001379,MUC01,AR90039,2026-07-04T13:00:00Z,2026-07-04,13,0.032,0,0.307,,95.49,181.45,SeasonalProfile+EWMA,2026-07-29T02:51:21Z
FC-MUC01-001380,MUC01,AR90039,2026-07-04T14:00:00Z,2026-07-04,14,0.037,0,0.312,,95.49,181.45,SeasonalProfile+EWMA,2026-07-29T02:51:21Z
FC-MUC01-001381,MUC01,AR90039,2026-07-04T15:00:00Z,2026-07-04,15,0.057,0,0.333,,95.49,181.45,SeasonalProfile+EWMA,2026-07-29T02:51:21Z
FC-MUC01-001382,MUC01,AR90039,2026-07-04T16:00:00Z,2026-07-04,16,0.045,0,0.32,,95.49,181.45,SeasonalProfile+EWMA,2026-07-29T02:51:21Z
FC-MUC01-001383,MUC01,AR90039,2026-07-04T17:00:00Z,2026-07-04,17,0.025,0,0.3,,95.49,181.45,SeasonalProfile+EWMA,2026-07-29T02:51:21Z
FC-MUC01-001384,MUC01,AR90039,2026-07-04T18:00:00Z,2026-07-04,18,0.029,0,0.305,,95.49,181.45,SeasonalProfile+EWMA,2026-07-29T02:51:21Z
FC-MUC01-001385,MUC01,AR90039,2026-07-04T19:00:00Z,2026-07-04,19,0.018,0,0.293,,95.49,181.45,SeasonalProfile+EWMA,2026-07-29T02:51:21Z
FC-MUC01-001386,MUC01,AR90018,2026-07-04T09:00:00Z,2026-07-04,9,0.034,0,0.292,,88.72,213.72,SeasonalProfile+EWMA,2026-07-29T02:51:21Z
FC-MUC01-001387,MUC01,AR90018,2026-07-04T11:00:00Z,2026-07-04,11,0.059,0,0.317,,88.72,213.72,SeasonalProfile+EWMA,2026-07-29T02:51:21Z
FC-MUC01-001388,MUC01,AR90018,2026-07-04T12:00:00Z,2026-07-04,12,0.081,0,0.339,,88.72,213.72,SeasonalProfile+EWMA,2026-07-29T02:51:21Z
FC-MUC01-001389,MUC01,AR90018,2026-07-04T13:00:00Z,2026-07-04,13,0.141,0,0.398,,88.72,213.72,SeasonalProfile+EWMA,2026-07-29T02:51:21Z
FC-MUC01-001390,MUC01,AR90018,2026-07-04T14:00:00Z,2026-07-04,14,0.09,0,0.348,,88.72,213.72,SeasonalProfile+EWMA,2026-07-29T02:51:21Z
FC-MUC01-001391,MUC01,AR90018,2026-07-04T15:00:00Z,2026-07-04,15,0.114,0,0.372,,88.72,213.72,SeasonalProfile+EWMA,2026-07-29T02:51:21Z
FC-MUC01-001392,MUC01,AR90018,2026-07-04T16:00:00Z,2026-07-04,16,0.131,0,0.389,,88.72,213.72,SeasonalProfile+EWMA,2026-07-29T02:51:21Z
FC-MUC01-001393,MUC01,AR90018,2026-07-04T17:00:00Z,2026-07-04,17,0.085,0,0.342,,88.72,213.72,SeasonalProfile+EWMA,2026-07-29T02:51:21Z
FC-MUC01-001394,MUC01,AR90018,2026-07-04T18:00:00Z,2026-07-04,18,0.064,0,0.322,,88.72,213.72,SeasonalProfile+EWMA,2026-07-29T02:51:21Z
FC-MUC01-001395,MUC01,AR90018,2026-07-04T19:00:00Z,2026-07-04,19,0.075,0,0.333,,88.72,213.72,SeasonalProfile+EWMA,2026-07-29T02:51:21Z
FC-MUC01-001396,MUC01,AR90018,2026-07-04T20:00:00Z,2026-07-04,20,0.036,0,0.294,,88.72,213.72,SeasonalProfile+EWMA,2026-07-29T02:51:21Z
FC-MUC01-001397,MUC01,AR90018,2026-07-04T21:00:00Z,2026-07-04,21,0.039,0,0.296,,88.72,213.72,SeasonalProfile+EWMA,2026-07-29T02:51:21Z
FC-MUC01-001398,MUC01,AR00395,2026-07-04T12:00:00Z,2026-07-04,12,0.044,0,0.194,,90.93,262.45,SeasonalProfile+EWMA,2026-07-29T02:51:21Z
FC-MUC01-001399,MUC01,AR00395,2026-07-04T13:00:00Z,2026-07-04,13,0.084,0,0.234,,90.93,262.45,SeasonalProfile+EWMA,2026-07-29T02:51:21Z
FC-MUC01-001400,MUC01,AR00395,2026-07-04T14:00:00Z,2026-07-04,14,0.129,0,0.279,,90.93,262.45,SeasonalProfile+EWMA,2026-07-29T02:51:21Z
FC-MUC01-001401,MUC01,AR00395,2026-07-04T15:00:00Z,2026-07-04,15,0.071,0,0.221,,90.93,262.45,SeasonalProfile+EWMA,2026-07-29T02:51:21Z
FC-MUC01-001402,MUC01,AR00395,2026-07-04T16:00:00Z,2026-07-04,16,0.093,0,0.243,,90.93,262.45,SeasonalProfile+EWMA,2026-07-29T02:51:21Z
FC-MUC01-001403,MUC01,AR00395,2026-07-04T17:00:00Z,2026-07-04,17,0.062,0,0.212,,90.93,262.45,SeasonalProfile+EWMA,2026-07-29T02:51:21Z
FC-MUC01-001404,MUC01,AR00395,2026-07-04T18:00:00Z,2026-07-04,18,0.048,0,0.198,,90.93,262.45,SeasonalProfile+EWMA,2026-07-29T02:51:21Z
FC-MUC01-001405,MUC01,AR00395,2026-07-04T19:00:00Z,2026-07-04,19,0.024,0,0.174,,90.93,262.45,SeasonalProfile+EWMA,2026-07-29T02:51:21Z
FC-MUC01-001406,MUC01,AR00395,2026-07-04T20:00:00Z,2026-07-04,20,0.024,0,0.175,,90.93,262.45,SeasonalProfile+EWMA,2026-07-29T02:51:21Z
FC-MUC01-001407,MUC01,AR00395,2026-07-04T21:00:00Z,2026-07-04,21,0.031,0,0.181,,90.93,262.45,SeasonalProfile+EWMA,2026-07-29T02:51:21Z
FC-MUC01-001408,MUC01,AR00394,2026-07-04T09:00:00Z,2026-07-04,9,0.016,0,0.18,,93.3,205.27,SeasonalProfile+EWMA,2026-07-29T02:51:21Z
FC-MUC01-001409,MUC01,AR00394,2026-07-04T11:00:00Z,2026-07-04,11,0.023,0,0.186,,93.3,205.27,SeasonalProfile+EWMA,2026-07-29T02:51:21Z
FC-MUC01-001410,MUC01,AR00394,2026-07-04T12:00:00Z,2026-07-04,12,0.032,0,0.195,,93.3,205.27,SeasonalProfile+EWMA,2026-07-29T02:51:21Z
FC-MUC01-001411,MUC01,AR00394,2026-07-04T13:00:00Z,2026-07-04,13,0.074,0,0.237,,93.3,205.27,SeasonalProfile+EWMA,2026-07-29T02:51:21Z
FC-MUC01-001412,MUC01,AR00394,2026-07-04T14:00:00Z,2026-07-04,14,0.086,0,0.249,,93.3,205.27,SeasonalProfile+EWMA,2026-07-29T02:51:21Z
FC-MUC01-001413,MUC01,AR00394,2026-07-04T15:00:00Z,2026-07-04,15,0.086,0,0.25,,93.3,205.27,SeasonalProfile+EWMA,2026-07-29T02:51:21Z
FC-MUC01-001414,MUC01,AR00394,2026-07-04T16:00:00Z,2026-07-04,16,0.097,0,0.261,,93.3,205.27,SeasonalProfile+EWMA,2026-07-29T02:51:21Z
FC-MUC01-001415,MUC01,AR00394,2026-07-04T17:00:00Z,2026-07-04,17,0.049,0,0.212,,93.3,205.27,SeasonalProfile+EWMA,2026-07-29T02:51:21Z
FC-MUC01-001416,MUC01,AR00394,2026-07-04T18:00:00Z,2026-07-04,18,0.055,0,0.218,,93.3,205.27,SeasonalProfile+EWMA,2026-07-29T02:51:21Z
FC-MUC01-001417,MUC01,AR00394,2026-07-04T19:00:00Z,2026-07-04,19,0.033,0,0.196,,93.3,205.27,SeasonalProfile+EWMA,2026-07-29T02:51:21Z
FC-MUC01-001418,MUC01,AR00394,2026-07-04T21:00:00Z,2026-07-04,21,0.019,0,0.183,,93.3,205.27,SeasonalProfile+EWMA,2026-07-29T02:51:21Z
FC-MUC01-001419,MUC01,AR00010,2026-07-04T09:00:00Z,2026-07-04,9,0.029,0,0.085,,90.19,239.28,SeasonalProfile+EWMA,2026-07-29T02:51:21Z
FC-MUC01-001420,MUC01,AR00010,2026-07-04T12:00:00Z,2026-07-04,12,0.07,0.014,0.125,,90.19,239.28,SeasonalProfile+EWMA,2026-07-29T02:51:21Z
FC-MUC01-001421,MUC01,AR00010,2026-07-04T13:00:00Z,2026-07-04,13,0.107,0.052,0.163,,90.19,239.28,SeasonalProfile+EWMA,2026-07-29T02:51:21Z
FC-MUC01-001422,MUC01,AR00010,2026-07-04T14:00:00Z,2026-07-04,14,0.137,0.081,0.193,,90.19,239.28,SeasonalProfile+EWMA,2026-07-29T02:51:21Z
FC-MUC01-001423,MUC01,AR00010,2026-07-04T15:00:00Z,2026-07-04,15,0.104,0.049,0.16,,90.19,239.28,SeasonalProfile+EWMA,2026-07-29T02:51:21Z
FC-MUC01-001424,MUC01,AR00010,2026-07-04T16:00:00Z,2026-07-04,16,0.106,0.05,0.161,,90.19,239.28,SeasonalProfile+EWMA,2026-07-29T02:51:21Z
FC-MUC01-001425,MUC01,AR00010,2026-07-04T17:00:00Z,2026-07-04,17,0.079,0.024,0.135,,90.19,239.28,SeasonalProfile+EWMA,2026-07-29T02:51:21Z
FC-MUC01-001426,MUC01,AR00010,2026-07-04T18:00:00Z,2026-07-04,18,0.055,0,0.111,,90.19,239.28,SeasonalProfile+EWMA,2026-07-29T02:51:21Z
FC-MUC01-001427,MUC01,AR00010,2026-07-04T19:00:00Z,2026-07-04,19,0.038,0,0.093,,90.19,239.28,SeasonalProfile+EWMA,2026-07-29T02:51:21Z
FC-MUC01-001428,MUC01,AR00010,2026-07-04T20:00:00Z,2026-07-04,20,0.018,0,0.074,,90.19,239.28,SeasonalProfile+EWMA,2026-07-29T02:51:21Z
FC-MUC01-001429,MUC01,AR00010,2026-07-04T21:00:00Z,2026-07-04,21,0.02,0,0.076,,90.19,239.28,SeasonalProfile+EWMA,2026-07-29T02:51:21Z
FC-MUC01-001430,MUC01,AR90034,2026-07-04T12:00:00Z,2026-07-04,12,0.016,0,0.184,,98.22,175.31,SeasonalProfile+EWMA,2026-07-29T02:51:21Z
FC-MUC01-001431,MUC01,AR90034,2026-07-04T13:00:00Z,2026-07-04,13,0.029,0,0.198,,98.22,175.31,SeasonalProfile+EWMA,2026-07-29T02:51:21Z
FC-MUC01-001432,MUC01,AR90034,2026-07-04T14:00:00Z,2026-07-04,14,0.021,0,0.189,,98.22,175.31,SeasonalProfile+EWMA,2026-07-29T02:51:21Z
FC-MUC01-001433,MUC01,AR90034,2026-07-04T15:00:00Z,2026-07-04,15,0.028,0,0.197,,98.22,175.31,SeasonalProfile+EWMA,2026-07-29T02:51:21Z
FC-MUC01-001434,MUC01,AR90034,2026-07-04T16:00:00Z,2026-07-04,16,0.023,0,0.192,,98.22,175.31,SeasonalProfile+EWMA,2026-07-29T02:51:21Z
FC-MUC01-001435,MUC01,AR90034,2026-07-04T17:00:00Z,2026-07-04,17,0.032,0,0.2,,98.22,175.31,SeasonalProfile+EWMA,2026-07-29T02:51:21Z
FC-MUC01-001436,MUC01,AR90034,2026-07-04T18:00:00Z,2026-07-04,18,0.015,0,0.184,,98.22,175.31,SeasonalProfile+EWMA,2026-07-29T02:51:21Z
FC-MUC01-001437,MUC01,AR90034,2026-07-04T21:00:00Z,2026-07-04,21,0.016,0,0.184,,98.22,175.31,SeasonalProfile+EWMA,2026-07-29T02:51:21Z
FC-MUC01-001438,MUC01,AR90012,2026-07-04T09:00:00Z,2026-07-04,9,0.045,0,0.296,,86.82,266.54,SeasonalProfile+EWMA,2026-07-29T02:51:21Z
FC-MUC01-001439,MUC01,AR90012,2026-07-04T11:00:00Z,2026-07-04,11,0.024,0,0.275,,86.82,266.54,SeasonalProfile+EWMA,2026-07-29T02:51:21Z
FC-MUC01-001440,MUC01,AR90012,2026-07-04T12:00:00Z,2026-07-04,12,0.076,0,0.327,,86.82,266.54,SeasonalProfile+EWMA,2026-07-29T02:51:21Z
FC-MUC01-001441,MUC01,AR90012,2026-07-04T13:00:00Z,2026-07-04,13,0.141,0,0.392,,86.82,266.54,SeasonalProfile+EWMA,2026-07-29T02:51:21Z
FC-MUC01-001442,MUC01,AR90012,2026-07-04T14:00:00Z,2026-07-04,14,0.143,0,0.394,,86.82,266.54,SeasonalProfile+EWMA,2026-07-29T02:51:21Z
FC-MUC01-001443,MUC01,AR90012,2026-07-04T15:00:00Z,2026-07-04,15,0.121,0,0.372,,86.82,266.54,SeasonalProfile+EWMA,2026-07-29T02:51:21Z
FC-MUC01-001444,MUC01,AR90012,2026-07-04T16:00:00Z,2026-07-04,16,0.107,0,0.358,,86.82,266.54,SeasonalProfile+EWMA,2026-07-29T02:51:21Z
FC-MUC01-001445,MUC01,AR90012,2026-07-04T17:00:00Z,2026-07-04,17,0.111,0,0.362,,86.82,266.54,SeasonalProfile+EWMA,2026-07-29T02:51:21Z
FC-MUC01-001446,MUC01,AR90012,2026-07-04T18:00:00Z,2026-07-04,18,0.089,0,0.34,,86.82,266.54,SeasonalProfile+EWMA,2026-07-29T02:51:21Z
FC-MUC01-001447,MUC01,AR90012,2026-07-04T19:00:00Z,2026-07-04,19,0.034,0,0.285,,86.82,266.54,SeasonalProfile+EWMA,2026-07-29T02:51:21Z
FC-MUC01-001448,MUC01,AR90012,2026-07-04T20:00:00Z,2026-07-04,20,0.025,0,0.276,,86.82,266.54,SeasonalProfile+EWMA,2026-07-29T02:51:21Z
FC-MUC01-001449,MUC01,AR90012,2026-07-04T21:00:00Z,2026-07-04,21,0.027,0,0.278,,86.82,266.54,SeasonalProfile+EWMA,2026-07-29T02:51:21Z
FC-MUC01-001450,MUC01,AR00188,2026-07-04T12:00:00Z,2026-07-04,12,0.037,0.018,0.056,,96.05,182.19,SeasonalProfile+EWMA,2026-07-29T02:51:21Z
FC-MUC01-001451,MUC01,AR00188,2026-07-04T13:00:00Z,2026-07-04,13,0.046,0.027,0.065,,96.05,182.19,SeasonalProfile+EWMA,2026-07-29T02:51:21Z
FC-MUC01-001452,MUC01,AR00188,2026-07-04T14:00:00Z,2026-07-04,14,0.036,0.018,0.055,,96.05,182.19,SeasonalProfile+EWMA,2026-07-29T02:51:21Z
FC-MUC01-001453,MUC01,AR00188,2026-07-04T15:00:00Z,2026-07-04,15,0.042,0.023,0.061,,96.05,182.19,SeasonalProfile+EWMA,2026-07-29T02:51:21Z
FC-MUC01-001454,MUC01,AR00188,2026-07-04T16:00:00Z,2026-07-04,16,0.043,0.024,0.061,,96.05,182.19,SeasonalProfile+EWMA,2026-07-29T02:51:21Z
FC-MUC01-001455,MUC01,AR00188,2026-07-04T17:00:00Z,2026-07-04,17,0.025,0.006,0.044,,96.05,182.19,SeasonalProfile+EWMA,2026-07-29T02:51:21Z
FC-MUC01-001456,MUC01,AR00188,2026-07-04T18:00:00Z,2026-07-04,18,0.02,0.001,0.039,,96.05,182.19,SeasonalProfile+EWMA,2026-07-29T02:51:21Z
FC-MUC01-001457,MUC01,AR00188,2026-07-04T19:00:00Z,2026-07-04,19,0.028,0.009,0.047,,96.05,182.19,SeasonalProfile+EWMA,2026-07-29T02:51:21Z
FC-MUC01-001458,MUC01,AR00009,2026-07-04T12:00:00Z,2026-07-04,12,0.059,0.03,0.088,,95.05,194.22,SeasonalProfile+EWMA,2026-07-29T02:51:21Z
FC-MUC01-001459,MUC01,AR00009,2026-07-04T13:00:00Z,2026-07-04,13,0.053,0.025,0.082,,95.05,194.22,SeasonalProfile+EWMA,2026-07-29T02:51:21Z
FC-MUC01-001460,MUC01,AR00009,2026-07-04T14:00:00Z,2026-07-04,14,0.055,0.026,0.083,,95.05,194.22,SeasonalProfile+EWMA,2026-07-29T02:51:21Z
FC-MUC01-001461,MUC01,AR00009,2026-07-04T15:00:00Z,2026-07-04,15,0.059,0.03,0.088,,95.05,194.22,SeasonalProfile+EWMA,2026-07-29T02:51:21Z
FC-MUC01-001462,MUC01,AR00009,2026-07-04T16:00:00Z,2026-07-04,16,0.045,0.016,0.074,,95.05,194.22,SeasonalProfile+EWMA,2026-07-29T02:51:21Z
FC-MUC01-001463,MUC01,AR00009,2026-07-04T17:00:00Z,2026-07-04,17,0.054,0.025,0.083,,95.05,194.22,SeasonalProfile+EWMA,2026-07-29T02:51:21Z
FC-MUC01-001464,MUC01,AR00009,2026-07-04T18:00:00Z,2026-07-04,18,0.039,0.01,0.068,,95.05,194.22,SeasonalProfile+EWMA,2026-07-29T02:51:21Z
FC-MUC01-001465,MUC01,AR00009,2026-07-04T19:00:00Z,2026-07-04,19,0.02,0,0.049,,95.05,194.22,SeasonalProfile+EWMA,2026-07-29T02:51:21Z
FC-MUC01-001466,MUC01,AR00245,2026-07-04T12:00:00Z,2026-07-04,12,0.025,0,0.344,,95.15,220.02,SeasonalProfile+EWMA,2026-07-29T02:51:21Z
FC-MUC01-001467,MUC01,AR00245,2026-07-04T13:00:00Z,2026-07-04,13,0.034,0,0.352,,95.15,220.02,SeasonalProfile+EWMA,2026-07-29T02:51:21Z
FC-MUC01-001468,MUC01,AR00245,2026-07-04T14:00:00Z,2026-07-04,14,0.034,0,0.353,,95.15,220.02,SeasonalProfile+EWMA,2026-07-29T02:51:21Z
FC-MUC01-001469,MUC01,AR00245,2026-07-04T15:00:00Z,2026-07-04,15,0.026,0,0.344,,95.15,220.02,SeasonalProfile+EWMA,2026-07-29T02:51:21Z
FC-MUC01-001470,MUC01,AR00245,2026-07-04T16:00:00Z,2026-07-04,16,0.04,0,0.358,,95.15,220.02,SeasonalProfile+EWMA,2026-07-29T02:51:21Z
FC-MUC01-001471,MUC01,AR00245,2026-07-04T17:00:00Z,2026-07-04,17,0.025,0,0.343,,95.15,220.02,SeasonalProfile+EWMA,2026-07-29T02:51:21Z
FC-MUC01-001472,MUC01,AR00245,2026-07-04T18:00:00Z,2026-07-04,18,0.025,0,0.343,,95.15,220.02,SeasonalProfile+EWMA,2026-07-29T02:51:21Z
FC-MUC01-001473,MUC01,AR00245,2026-07-04T19:00:00Z,2026-07-04,19,0.015,0,0.333,,95.15,220.02,SeasonalProfile+EWMA,2026-07-29T02:51:21Z
FC-MUC01-001474,MUC01,AR90015,2026-07-04T10:00:00Z,2026-07-04,10,0.016,0,0.197,,93.56,275.99,SeasonalProfile+EWMA,2026-07-29T02:51:21Z
FC-MUC01-001475,MUC01,AR90015,2026-07-04T12:00:00Z,2026-07-04,12,0.049,0,0.23,,93.56,275.99,SeasonalProfile+EWMA,2026-07-29T02:51:21Z
FC-MUC01-001476,MUC01,AR90015,2026-07-04T13:00:00Z,2026-07-04,13,0.074,0,0.255,,93.56,275.99,SeasonalProfile+EWMA,2026-07-29T02:51:21Z
FC-MUC01-001477,MUC01,AR90015,2026-07-04T14:00:00Z,2026-07-04,14,0.075,0,0.256,,93.56,275.99,SeasonalProfile+EWMA,2026-07-29T02:51:21Z
FC-MUC01-001478,MUC01,AR90015,2026-07-04T15:00:00Z,2026-07-04,15,0.058,0,0.239,,93.56,275.99,SeasonalProfile+EWMA,2026-07-29T02:51:21Z
FC-MUC01-001479,MUC01,AR90015,2026-07-04T16:00:00Z,2026-07-04,16,0.068,0,0.249,,93.56,275.99,SeasonalProfile+EWMA,2026-07-29T02:51:21Z
FC-MUC01-001480,MUC01,AR90015,2026-07-04T17:00:00Z,2026-07-04,17,0.039,0,0.219,,93.56,275.99,SeasonalProfile+EWMA,2026-07-29T02:51:21Z
FC-MUC01-001481,MUC01,AR90015,2026-07-04T18:00:00Z,2026-07-04,18,0.052,0,0.233,,93.56,275.99,SeasonalProfile+EWMA,2026-07-29T02:51:21Z
FC-MUC01-001482,MUC01,AR90015,2026-07-04T19:00:00Z,2026-07-04,19,0.029,0,0.21,,93.56,275.99,SeasonalProfile+EWMA,2026-07-29T02:51:21Z
FC-MUC01-001483,MUC01,AR90015,2026-07-04T20:00:00Z,2026-07-04,20,0.024,0,0.204,,93.56,275.99,SeasonalProfile+EWMA,2026-07-29T02:51:21Z
FC-MUC01-001484,MUC01,AR90015,2026-07-04T21:00:00Z,2026-07-04,21,0.021,0,0.201,,93.56,275.99,SeasonalProfile+EWMA,2026-07-29T02:51:21Z
FC-MUC01-001485,MUC01,AR00084,2026-07-04T10:00:00Z,2026-07-04,10,0.016,0,0.278,,95.79,460.26,SeasonalProfile+EWMA,2026-07-29T02:51:21Z
FC-MUC01-001486,MUC01,AR00084,2026-07-04T11:00:00Z,2026-07-04,11,0.027,0,0.289,,95.79,460.26,SeasonalProfile+EWMA,2026-07-29T02:51:21Z
FC-MUC01-001487,MUC01,AR00084,2026-07-04T12:00:00Z,2026-07-04,12,0.044,0,0.307,,95.79,460.26,SeasonalProfile+EWMA,2026-07-29T02:51:21Z
FC-MUC01-001488,MUC01,AR00084,2026-07-04T13:00:00Z,2026-07-04,13,0.074,0,0.336,,95.79,460.26,SeasonalProfile+EWMA,2026-07-29T02:51:21Z
FC-MUC01-001489,MUC01,AR00084,2026-07-04T14:00:00Z,2026-07-04,14,0.053,0,0.316,,95.79,460.26,SeasonalProfile+EWMA,2026-07-29T02:51:21Z
FC-MUC01-001490,MUC01,AR00084,2026-07-04T15:00:00Z,2026-07-04,15,0.058,0,0.321,,95.79,460.26,SeasonalProfile+EWMA,2026-07-29T02:51:21Z
FC-MUC01-001491,MUC01,AR00084,2026-07-04T16:00:00Z,2026-07-04,16,0.068,0,0.33,,95.79,460.26,SeasonalProfile+EWMA,2026-07-29T02:51:21Z
FC-MUC01-001492,MUC01,AR00084,2026-07-04T17:00:00Z,2026-07-04,17,0.064,0,0.327,,95.79,460.26,SeasonalProfile+EWMA,2026-07-29T02:51:21Z
FC-MUC01-001493,MUC01,AR00084,2026-07-04T18:00:00Z,2026-07-04,18,0.039,0,0.301,,95.79,460.26,SeasonalProfile+EWMA,2026-07-29T02:51:21Z
FC-MUC01-001494,MUC01,AR00084,2026-07-04T19:00:00Z,2026-07-04,19,0.021,0,0.283,,95.79,460.26,SeasonalProfile+EWMA,2026-07-29T02:51:21Z
FC-MUC01-001495,MUC01,AR00084,2026-07-04T20:00:00Z,2026-07-04,20,0.027,0,0.29,,95.79,460.26,SeasonalProfile+EWMA,2026-07-29T02:51:21Z
FC-MUC01-001496,MUC01,AR00084,2026-07-04T21:00:00Z,2026-07-04,21,0.016,0,0.279,,95.79,460.26,SeasonalProfile+EWMA,2026-07-29T02:51:21Z
FC-MUC01-001497,MUC01,AR90014,2026-07-04T10:00:00Z,2026-07-04,10,0.031,0,0.223,,89.98,268.33,SeasonalProfile+EWMA,2026-07-29T02:51:21Z
FC-MUC01-001498,MUC01,AR90014,2026-07-04T11:00:00Z,2026-07-04,11,0.022,0,0.214,,89.98,268.33,SeasonalProfile+EWMA,2026-07-29T02:51:21Z
FC-MUC01-001499,MUC01,AR90014,2026-07-04T12:00:00Z,2026-07-04,12,0.096,0,0.288,,89.98,268.33,SeasonalProfile+EWMA,2026-07-29T02:51:21Z
FC-MUC01-001500,MUC01,AR90014,2026-07-04T13:00:00Z,2026-07-04,13,0.121,0,0.313,,89.98,268.33,SeasonalProfile+EWMA,2026-07-29T02:51:21Z
FC-MUC01-001501,MUC01,AR90014,2026-07-04T14:00:00Z,2026-07-04,14,0.116,0,0.308,,89.98,268.33,SeasonalProfile+EWMA,2026-07-29T02:51:21Z
FC-MUC01-001502,MUC01,AR90014,2026-07-04T15:00:00Z,2026-07-04,15,0.097,0,0.289,,89.98,268.33,SeasonalProfile+EWMA,2026-07-29T02:51:21Z
FC-MUC01-001503,MUC01,AR90014,2026-07-04T16:00:00Z,2026-07-04,16,0.092,0,0.285,,89.98,268.33,SeasonalProfile+EWMA,2026-07-29T02:51:21Z
FC-MUC01-001504,MUC01,AR90014,2026-07-04T17:00:00Z,2026-07-04,17,0.087,0,0.279,,89.98,268.33,SeasonalProfile+EWMA,2026-07-29T02:51:21Z
FC-MUC01-001505,MUC01,AR90014,2026-07-04T18:00:00Z,2026-07-04,18,0.047,0,0.239,,89.98,268.33,SeasonalProfile+EWMA,2026-07-29T02:51:21Z
FC-MUC01-001506,MUC01,AR90014,2026-07-04T19:00:00Z,2026-07-04,19,0.039,0,0.231,,89.98,268.33,SeasonalProfile+EWMA,2026-07-29T02:51:21Z
FC-MUC01-001507,MUC01,AR90014,2026-07-04T20:00:00Z,2026-07-04,20,0.016,0,0.208,,89.98,268.33,SeasonalProfile+EWMA,2026-07-29T02:51:21Z
FC-MUC01-001508,MUC01,AR90014,2026-07-04T21:00:00Z,2026-07-04,21,0.019,0,0.211,,89.98,268.33,SeasonalProfile+EWMA,2026-07-29T02:51:21Z
FC-MUC01-001509,MUC01,AR00136,2026-07-04T12:00:00Z,2026-07-04,12,0.023,0,0.059,,94.86,354.37,SeasonalProfile+EWMA,2026-07-29T02:51:21Z
FC-MUC01-001510,MUC01,AR00136,2026-07-04T13:00:00Z,2026-07-04,13,0.066,0.03,0.103,,94.86,354.37,SeasonalProfile+EWMA,2026-07-29T02:51:21Z
FC-MUC01-001511,MUC01,AR00136,2026-07-04T14:00:00Z,2026-07-04,14,0.036,0,0.072,,94.86,354.37,SeasonalProfile+EWMA,2026-07-29T02:51:21Z
FC-MUC01-001512,MUC01,AR00136,2026-07-04T15:00:00Z,2026-07-04,15,0.055,0.018,0.091,,94.86,354.37,SeasonalProfile+EWMA,2026-07-29T02:51:21Z
FC-MUC01-001513,MUC01,AR00136,2026-07-04T16:00:00Z,2026-07-04,16,0.049,0.013,0.086,,94.86,354.37,SeasonalProfile+EWMA,2026-07-29T02:51:21Z
FC-MUC01-001514,MUC01,AR00136,2026-07-04T17:00:00Z,2026-07-04,17,0.038,0.001,0.074,,94.86,354.37,SeasonalProfile+EWMA,2026-07-29T02:51:21Z
FC-MUC01-001515,MUC01,AR00136,2026-07-04T18:00:00Z,2026-07-04,18,0.028,0,0.065,,94.86,354.37,SeasonalProfile+EWMA,2026-07-29T02:51:21Z
FC-MUC01-001516,MUC01,AR00136,2026-07-04T19:00:00Z,2026-07-04,19,0.018,0,0.055,,94.86,354.37,SeasonalProfile+EWMA,2026-07-29T02:51:21Z
FC-MUC01-001517,MUC01,AR00136,2026-07-04T21:00:00Z,2026-07-04,21,0.015,0,0.051,,94.86,354.37,SeasonalProfile+EWMA,2026-07-29T02:51:21Z
FC-MUC01-001518,MUC01,AR00240,2026-07-04T13:00:00Z,2026-07-04,13,0.017,0.008,0.026,,98.38,155.29,SeasonalProfile+EWMA,2026-07-29T02:51:21Z
FC-MUC01-001519,MUC01,AR00240,2026-07-04T14:00:00Z,2026-07-04,14,0.016,0.007,0.025,,98.38,155.29,SeasonalProfile+EWMA,2026-07-29T02:51:21Z
FC-MUC01-001520,MUC01,AR00240,2026-07-04T15:00:00Z,2026-07-04,15,0.016,0.007,0.025,,98.38,155.29,SeasonalProfile+EWMA,2026-07-29T02:51:21Z
FC-MUC01-001521,MUC01,AR00240,2026-07-04T16:00:00Z,2026-07-04,16,0.019,0.01,0.027,,98.38,155.29,SeasonalProfile+EWMA,2026-07-29T02:51:21Z
FC-MUC01-001522,MUC01,AR00080,2026-07-04T12:00:00Z,2026-07-04,12,0.026,0.01,0.043,,95.92,145.75,SeasonalProfile+EWMA,2026-07-29T02:51:21Z
FC-MUC01-001523,MUC01,AR00080,2026-07-04T13:00:00Z,2026-07-04,13,0.03,0.014,0.047,,95.92,145.75,SeasonalProfile+EWMA,2026-07-29T02:51:21Z
FC-MUC01-001524,MUC01,AR00080,2026-07-04T14:00:00Z,2026-07-04,14,0.035,0.018,0.051,,95.92,145.75,SeasonalProfile+EWMA,2026-07-29T02:51:21Z
FC-MUC01-001525,MUC01,AR00080,2026-07-04T15:00:00Z,2026-07-04,15,0.029,0.012,0.046,,95.92,145.75,SeasonalProfile+EWMA,2026-07-29T02:51:21Z
FC-MUC01-001526,MUC01,AR00080,2026-07-04T16:00:00Z,2026-07-04,16,0.028,0.011,0.044,,95.92,145.75,SeasonalProfile+EWMA,2026-07-29T02:51:21Z
FC-MUC01-001527,MUC01,AR00080,2026-07-04T17:00:00Z,2026-07-04,17,0.016,0,0.033,,95.92,145.75,SeasonalProfile+EWMA,2026-07-29T02:51:21Z
FC-MUC01-001528,MUC01,AR00080,2026-07-04T18:00:00Z,2026-07-04,18,0.016,0,0.033,,95.92,145.75,SeasonalProfile+EWMA,2026-07-29T02:51:21Z
FC-MUC01-001529,MUC01,AR90036,2026-07-04T14:00:00Z,2026-07-04,14,0.019,0,0.224,,98.35,140.35,SeasonalProfile+EWMA,2026-07-29T02:51:21Z
FC-MUC01-001530,MUC01,AR90036,2026-07-04T15:00:00Z,2026-07-04,15,0.016,0,0.221,,98.35,140.35,SeasonalProfile+EWMA,2026-07-29T02:51:21Z
FC-MUC01-001531,MUC01,AR90036,2026-07-04T16:00:00Z,2026-07-04,16,0.016,0,0.221,,98.35,140.35,SeasonalProfile+EWMA,2026-07-29T02:51:21Z
FC-MUC01-001532,MUC01,AR00241,2026-07-04T12:00:00Z,2026-07-04,12,0.021,0.008,0.034,,96.88,227,SeasonalProfile+EWMA,2026-07-29T02:51:21Z
FC-MUC01-001533,MUC01,AR00241,2026-07-04T13:00:00Z,2026-07-04,13,0.024,0.011,0.037,,96.88,227,SeasonalProfile+EWMA,2026-07-29T02:51:21Z
FC-MUC01-001534,MUC01,AR00241,2026-07-04T14:00:00Z,2026-07-04,14,0.023,0.01,0.036,,96.88,227,SeasonalProfile+EWMA,2026-07-29T02:51:21Z
FC-MUC01-001535,MUC01,AR00241,2026-07-04T15:00:00Z,2026-07-04,15,0.023,0.01,0.036,,96.88,227,SeasonalProfile+EWMA,2026-07-29T02:51:21Z
FC-MUC01-001536,MUC01,AR00241,2026-07-04T16:00:00Z,2026-07-04,16,0.022,0.009,0.035,,96.88,227,SeasonalProfile+EWMA,2026-07-29T02:51:21Z
FC-MUC01-001537,MUC01,AR00241,2026-07-04T17:00:00Z,2026-07-04,17,0.023,0.01,0.037,,96.88,227,SeasonalProfile+EWMA,2026-07-29T02:51:21Z
FC-MUC01-001538,MUC01,AR00241,2026-07-04T18:00:00Z,2026-07-04,18,0.015,0.002,0.028,,96.88,227,SeasonalProfile+EWMA,2026-07-29T02:51:21Z
FC-MUC01-001539,MUC01,AR90019,2026-07-04T12:00:00Z,2026-07-04,12,0.034,0,0.248,,95.73,247.31,SeasonalProfile+EWMA,2026-07-29T02:51:21Z
FC-MUC01-001540,MUC01,AR90019,2026-07-04T13:00:00Z,2026-07-04,13,0.06,0,0.275,,95.73,247.31,SeasonalProfile+EWMA,2026-07-29T02:51:21Z
FC-MUC01-001541,MUC01,AR90019,2026-07-04T14:00:00Z,2026-07-04,14,0.064,0,0.279,,95.73,247.31,SeasonalProfile+EWMA,2026-07-29T02:51:21Z
FC-MUC01-001542,MUC01,AR90019,2026-07-04T15:00:00Z,2026-07-04,15,0.054,0,0.269,,95.73,247.31,SeasonalProfile+EWMA,2026-07-29T02:51:21Z
FC-MUC01-001543,MUC01,AR90019,2026-07-04T16:00:00Z,2026-07-04,16,0.07,0,0.284,,95.73,247.31,SeasonalProfile+EWMA,2026-07-29T02:51:21Z
FC-MUC01-001544,MUC01,AR90019,2026-07-04T17:00:00Z,2026-07-04,17,0.033,0,0.247,,95.73,247.31,SeasonalProfile+EWMA,2026-07-29T02:51:21Z
FC-MUC01-001545,MUC01,AR90019,2026-07-04T18:00:00Z,2026-07-04,18,0.04,0,0.254,,95.73,247.31,SeasonalProfile+EWMA,2026-07-29T02:51:21Z
FC-MUC01-001546,MUC01,AR90019,2026-07-04T19:00:00Z,2026-07-04,19,0.019,0,0.234,,95.73,247.31,SeasonalProfile+EWMA,2026-07-29T02:51:21Z
FC-MUC01-001547,MUC01,AR90019,2026-07-04T21:00:00Z,2026-07-04,21,0.019,0,0.233,,95.73,247.31,SeasonalProfile+EWMA,2026-07-29T02:51:21Z
FC-MUC01-001548,MUC01,AR00001,2026-07-04T12:00:00Z,2026-07-04,12,0.016,0,0.036,,95.6,246.16,SeasonalProfile+EWMA,2026-07-29T02:51:21Z
FC-MUC01-001549,MUC01,AR00001,2026-07-04T13:00:00Z,2026-07-04,13,0.027,0.007,0.048,,95.6,246.16,SeasonalProfile+EWMA,2026-07-29T02:51:21Z
FC-MUC01-001550,MUC01,AR00001,2026-07-04T14:00:00Z,2026-07-04,14,0.024,0.003,0.045,,95.6,246.16,SeasonalProfile+EWMA,2026-07-29T02:51:21Z
FC-MUC01-001551,MUC01,AR00001,2026-07-04T15:00:00Z,2026-07-04,15,0.024,0.003,0.045,,95.6,246.16,SeasonalProfile+EWMA,2026-07-29T02:51:21Z
FC-MUC01-001552,MUC01,AR00001,2026-07-04T16:00:00Z,2026-07-04,16,0.041,0.021,0.062,,95.6,246.16,SeasonalProfile+EWMA,2026-07-29T02:51:21Z
FC-MUC01-001553,MUC01,AR00001,2026-07-04T17:00:00Z,2026-07-04,17,0.03,0.009,0.051,,95.6,246.16,SeasonalProfile+EWMA,2026-07-29T02:51:21Z
FC-MUC01-001554,MUC01,AR90009,2026-07-04T12:00:00Z,2026-07-04,12,0.046,0.011,0.081,,93.75,231.45,SeasonalProfile+EWMA,2026-07-29T02:51:21Z
FC-MUC01-001555,MUC01,AR90009,2026-07-04T13:00:00Z,2026-07-04,13,0.057,0.023,0.092,,93.75,231.45,SeasonalProfile+EWMA,2026-07-29T02:51:21Z
FC-MUC01-001556,MUC01,AR90009,2026-07-04T14:00:00Z,2026-07-04,14,0.066,0.032,0.101,,93.75,231.45,SeasonalProfile+EWMA,2026-07-29T02:51:21Z
FC-MUC01-001557,MUC01,AR90009,2026-07-04T15:00:00Z,2026-07-04,15,0.075,0.041,0.11,,93.75,231.45,SeasonalProfile+EWMA,2026-07-29T02:51:21Z
FC-MUC01-001558,MUC01,AR90009,2026-07-04T16:00:00Z,2026-07-04,16,0.073,0.038,0.107,,93.75,231.45,SeasonalProfile+EWMA,2026-07-29T02:51:21Z
FC-MUC01-001559,MUC01,AR90009,2026-07-04T17:00:00Z,2026-07-04,17,0.045,0.011,0.08,,93.75,231.45,SeasonalProfile+EWMA,2026-07-29T02:51:21Z
FC-MUC01-001560,MUC01,AR90009,2026-07-04T18:00:00Z,2026-07-04,18,0.044,0.01,0.079,,93.75,231.45,SeasonalProfile+EWMA,2026-07-29T02:51:21Z
FC-MUC01-001561,MUC01,AR90009,2026-07-04T19:00:00Z,2026-07-04,19,0.028,0,0.063,,93.75,231.45,SeasonalProfile+EWMA,2026-07-29T02:51:21Z
FC-MUC01-001562,MUC01,AR90009,2026-07-04T20:00:00Z,2026-07-04,20,0.017,0,0.052,,93.75,231.45,SeasonalProfile+EWMA,2026-07-29T02:51:21Z
FC-MUC01-001563,MUC01,AR90009,2026-07-04T21:00:00Z,2026-07-04,21,0.019,0,0.054,,93.75,231.45,SeasonalProfile+EWMA,2026-07-29T02:51:21Z
FC-MUC01-001564,MUC01,AR00137,2026-07-04T12:00:00Z,2026-07-04,12,0.016,0.002,0.03,,96.98,232.5,SeasonalProfile+EWMA,2026-07-29T02:51:21Z
FC-MUC01-001565,MUC01,AR00137,2026-07-04T13:00:00Z,2026-07-04,13,0.024,0.01,0.038,,96.98,232.5,SeasonalProfile+EWMA,2026-07-29T02:51:21Z
FC-MUC01-001566,MUC01,AR00137,2026-07-04T14:00:00Z,2026-07-04,14,0.027,0.013,0.041,,96.98,232.5,SeasonalProfile+EWMA,2026-07-29T02:51:21Z
FC-MUC01-001567,MUC01,AR00137,2026-07-04T15:00:00Z,2026-07-04,15,0.028,0.014,0.042,,96.98,232.5,SeasonalProfile+EWMA,2026-07-29T02:51:21Z
FC-MUC01-001568,MUC01,AR00137,2026-07-04T16:00:00Z,2026-07-04,16,0.023,0.009,0.037,,96.98,232.5,SeasonalProfile+EWMA,2026-07-29T02:51:21Z
FC-MUC01-001569,MUC01,AR00137,2026-07-04T17:00:00Z,2026-07-04,17,0.019,0.005,0.033,,96.98,232.5,SeasonalProfile+EWMA,2026-07-29T02:51:21Z
FC-MUC01-001570,MUC01,AR00137,2026-07-04T18:00:00Z,2026-07-04,18,0.016,0.002,0.03,,96.98,232.5,SeasonalProfile+EWMA,2026-07-29T02:51:21Z
FC-MUC01-001571,MUC01,AR00289,2026-07-04T12:00:00Z,2026-07-04,12,0.023,0.008,0.037,,97.38,445.29,SeasonalProfile+EWMA,2026-07-29T02:51:21Z
FC-MUC01-001572,MUC01,AR00289,2026-07-04T13:00:00Z,2026-07-04,13,0.026,0.012,0.04,,97.38,445.29,SeasonalProfile+EWMA,2026-07-29T02:51:21Z
FC-MUC01-001573,MUC01,AR00289,2026-07-04T14:00:00Z,2026-07-04,14,0.03,0.016,0.045,,97.38,445.29,SeasonalProfile+EWMA,2026-07-29T02:51:21Z
FC-MUC01-001574,MUC01,AR00289,2026-07-04T15:00:00Z,2026-07-04,15,0.029,0.014,0.043,,97.38,445.29,SeasonalProfile+EWMA,2026-07-29T02:51:21Z
FC-MUC01-001575,MUC01,AR00289,2026-07-04T16:00:00Z,2026-07-04,16,0.031,0.017,0.046,,97.38,445.29,SeasonalProfile+EWMA,2026-07-29T02:51:21Z
FC-MUC01-001576,MUC01,AR00289,2026-07-04T17:00:00Z,2026-07-04,17,0.026,0.012,0.041,,97.38,445.29,SeasonalProfile+EWMA,2026-07-29T02:51:21Z
FC-MUC01-001577,MUC01,AR00289,2026-07-04T18:00:00Z,2026-07-04,18,0.024,0.01,0.038,,97.38,445.29,SeasonalProfile+EWMA,2026-07-29T02:51:21Z
FC-MUC01-001578,MUC01,AR00242,2026-07-04T12:00:00Z,2026-07-04,12,0.022,0,0.044,,96.1,243.05,SeasonalProfile+EWMA,2026-07-29T02:51:21Z
FC-MUC01-001579,MUC01,AR00242,2026-07-04T13:00:00Z,2026-07-04,13,0.04,0.018,0.063,,96.1,243.05,SeasonalProfile+EWMA,2026-07-29T02:51:21Z
FC-MUC01-001580,MUC01,AR00242,2026-07-04T14:00:00Z,2026-07-04,14,0.043,0.02,0.066,,96.1,243.05,SeasonalProfile+EWMA,2026-07-29T02:51:21Z
FC-MUC01-001581,MUC01,AR00242,2026-07-04T15:00:00Z,2026-07-04,15,0.046,0.023,0.069,,96.1,243.05,SeasonalProfile+EWMA,2026-07-29T02:51:21Z
FC-MUC01-001582,MUC01,AR00242,2026-07-04T16:00:00Z,2026-07-04,16,0.047,0.024,0.07,,96.1,243.05,SeasonalProfile+EWMA,2026-07-29T02:51:21Z
FC-MUC01-001583,MUC01,AR00242,2026-07-04T17:00:00Z,2026-07-04,17,0.032,0.009,0.055,,96.1,243.05,SeasonalProfile+EWMA,2026-07-29T02:51:21Z
FC-MUC01-001584,MUC01,AR00242,2026-07-04T18:00:00Z,2026-07-04,18,0.023,0.001,0.046,,96.1,243.05,SeasonalProfile+EWMA,2026-07-29T02:51:21Z
FC-MUC01-001585,MUC01,AR00242,2026-07-04T19:00:00Z,2026-07-04,19,0.016,0,0.038,,96.1,243.05,SeasonalProfile+EWMA,2026-07-29T02:51:21Z
FC-MUC01-001586,MUC01,AR00039,2026-07-04T13:00:00Z,2026-07-04,13,0.02,0.012,0.029,,97.42,184.42,SeasonalProfile+EWMA,2026-07-29T02:51:21Z
FC-MUC01-001587,MUC01,AR00039,2026-07-04T14:00:00Z,2026-07-04,14,0.018,0.01,0.027,,97.42,184.42,SeasonalProfile+EWMA,2026-07-29T02:51:21Z
FC-MUC01-001588,MUC01,AR00039,2026-07-04T15:00:00Z,2026-07-04,15,0.016,0.008,0.025,,97.42,184.42,SeasonalProfile+EWMA,2026-07-29T02:51:21Z
FC-MUC01-001589,MUC01,AR00220,2026-07-04T12:00:00Z,2026-07-04,12,0.032,0,0.31,,94.62,193.53,SeasonalProfile+EWMA,2026-07-29T02:51:21Z
FC-MUC01-001590,MUC01,AR00220,2026-07-04T13:00:00Z,2026-07-04,13,0.054,0,0.331,,94.62,193.53,SeasonalProfile+EWMA,2026-07-29T02:51:21Z
FC-MUC01-001591,MUC01,AR00220,2026-07-04T14:00:00Z,2026-07-04,14,0.048,0,0.325,,94.62,193.53,SeasonalProfile+EWMA,2026-07-29T02:51:21Z
FC-MUC01-001592,MUC01,AR00220,2026-07-04T15:00:00Z,2026-07-04,15,0.045,0,0.323,,94.62,193.53,SeasonalProfile+EWMA,2026-07-29T02:51:21Z
FC-MUC01-001593,MUC01,AR00220,2026-07-04T16:00:00Z,2026-07-04,16,0.043,0,0.321,,94.62,193.53,SeasonalProfile+EWMA,2026-07-29T02:51:21Z
FC-MUC01-001594,MUC01,AR00220,2026-07-04T17:00:00Z,2026-07-04,17,0.038,0,0.315,,94.62,193.53,SeasonalProfile+EWMA,2026-07-29T02:51:21Z
FC-MUC01-001595,MUC01,AR00220,2026-07-04T18:00:00Z,2026-07-04,18,0.028,0,0.305,,94.62,193.53,SeasonalProfile+EWMA,2026-07-29T02:51:21Z
FC-MUC01-001596,MUC01,AR00220,2026-07-04T19:00:00Z,2026-07-04,19,0.019,0,0.296,,94.62,193.53,SeasonalProfile+EWMA,2026-07-29T02:51:21Z
FC-MUC01-001597,MUC01,AR00220,2026-07-04T21:00:00Z,2026-07-04,21,0.017,0,0.295,,94.62,193.53,SeasonalProfile+EWMA,2026-07-29T02:51:21Z
FC-MUC01-001598,MUC01,AR00081,2026-07-04T13:00:00Z,2026-07-04,13,0.021,0.009,0.034,,97.96,167.8,SeasonalProfile+EWMA,2026-07-29T02:51:21Z
FC-MUC01-001599,MUC01,AR00081,2026-07-04T14:00:00Z,2026-07-04,14,0.017,0.005,0.03,,97.96,167.8,SeasonalProfile+EWMA,2026-07-29T02:51:21Z
FC-MUC01-001600,MUC01,AR00081,2026-07-04T15:00:00Z,2026-07-04,15,0.021,0.009,0.034,,97.96,167.8,SeasonalProfile+EWMA,2026-07-29T02:51:21Z
FC-MUC01-001601,MUC01,AR00081,2026-07-04T16:00:00Z,2026-07-04,16,0.019,0.007,0.032,,97.96,167.8,SeasonalProfile+EWMA,2026-07-29T02:51:21Z
FC-MUC01-001602,MUC01,AR00031,2026-07-04T13:00:00Z,2026-07-04,13,0.021,0,0.306,,98.11,162.43,SeasonalProfile+EWMA,2026-07-29T02:51:21Z
FC-MUC01-001603,MUC01,AR00031,2026-07-04T14:00:00Z,2026-07-04,14,0.017,0,0.302,,98.11,162.43,SeasonalProfile+EWMA,2026-07-29T02:51:21Z
FC-MUC01-001604,MUC01,AR00031,2026-07-04T15:00:00Z,2026-07-04,15,0.023,0,0.308,,98.11,162.43,SeasonalProfile+EWMA,2026-07-29T02:51:21Z
FC-MUC01-001605,MUC01,AR00031,2026-07-04T16:00:00Z,2026-07-04,16,0.017,0,0.302,,98.11,162.43,SeasonalProfile+EWMA,2026-07-29T02:51:21Z
FC-MUC01-001606,MUC01,AR00138,2026-07-04T12:00:00Z,2026-07-04,12,0.017,0.001,0.034,,97,248,SeasonalProfile+EWMA,2026-07-29T02:51:21Z
FC-MUC01-001607,MUC01,AR00138,2026-07-04T13:00:00Z,2026-07-04,13,0.029,0.012,0.045,,97,248,SeasonalProfile+EWMA,2026-07-29T02:51:21Z
FC-MUC01-001608,MUC01,AR00138,2026-07-04T14:00:00Z,2026-07-04,14,0.029,0.012,0.045,,97,248,SeasonalProfile+EWMA,2026-07-29T02:51:21Z
FC-MUC01-001609,MUC01,AR00138,2026-07-04T15:00:00Z,2026-07-04,15,0.033,0.016,0.049,,97,248,SeasonalProfile+EWMA,2026-07-29T02:51:21Z
FC-MUC01-001610,MUC01,AR00138,2026-07-04T16:00:00Z,2026-07-04,16,0.028,0.012,0.044,,97,248,SeasonalProfile+EWMA,2026-07-29T02:51:21Z
FC-MUC01-001611,MUC01,AR00138,2026-07-04T17:00:00Z,2026-07-04,17,0.019,0.003,0.035,,97,248,SeasonalProfile+EWMA,2026-07-29T02:51:21Z
FC-MUC01-001612,MUC01,AR00138,2026-07-04T18:00:00Z,2026-07-04,18,0.02,0.004,0.036,,97,248,SeasonalProfile+EWMA,2026-07-29T02:51:21Z
FC-HAM01-001613,HAM01,AR90004,2026-07-04T08:00:00Z,2026-07-04,8,0.03,0,0.821,,47.46,99.5,SeasonalProfile+EWMA,2026-07-29T02:51:21Z
FC-HAM01-001614,HAM01,AR90004,2026-07-04T09:00:00Z,2026-07-04,9,0.055,0,0.846,,47.46,99.5,SeasonalProfile+EWMA,2026-07-29T02:51:21Z
FC-HAM01-001615,HAM01,AR90004,2026-07-04T10:00:00Z,2026-07-04,10,0.035,0,0.825,,47.46,99.5,SeasonalProfile+EWMA,2026-07-29T02:51:21Z
FC-HAM01-001616,HAM01,AR90004,2026-07-04T11:00:00Z,2026-07-04,11,0.052,0,0.843,,47.46,99.5,SeasonalProfile+EWMA,2026-07-29T02:51:21Z
FC-HAM01-001617,HAM01,AR90004,2026-07-04T12:00:00Z,2026-07-04,12,0.116,0,0.906,,47.46,99.5,SeasonalProfile+EWMA,2026-07-29T02:51:21Z
FC-HAM01-001618,HAM01,AR90004,2026-07-04T13:00:00Z,2026-07-04,13,0.226,0,1.016,,47.46,99.5,SeasonalProfile+EWMA,2026-07-29T02:51:21Z
FC-HAM01-001619,HAM01,AR90004,2026-07-04T14:00:00Z,2026-07-04,14,0.166,0,0.957,,47.46,99.5,SeasonalProfile+EWMA,2026-07-29T02:51:21Z
FC-HAM01-001620,HAM01,AR90004,2026-07-04T15:00:00Z,2026-07-04,15,0.191,0,0.982,,47.46,99.5,SeasonalProfile+EWMA,2026-07-29T02:51:21Z
FC-HAM01-001621,HAM01,AR90004,2026-07-04T16:00:00Z,2026-07-04,16,0.194,0,0.985,,47.46,99.5,SeasonalProfile+EWMA,2026-07-29T02:51:21Z
FC-HAM01-001622,HAM01,AR90004,2026-07-04T17:00:00Z,2026-07-04,17,0.153,0,0.944,,47.46,99.5,SeasonalProfile+EWMA,2026-07-29T02:51:21Z
FC-HAM01-001623,HAM01,AR90004,2026-07-04T18:00:00Z,2026-07-04,18,0.136,0,0.927,,47.46,99.5,SeasonalProfile+EWMA,2026-07-29T02:51:21Z
FC-HAM01-001624,HAM01,AR90004,2026-07-04T19:00:00Z,2026-07-04,19,0.078,0,0.869,,47.46,99.5,SeasonalProfile+EWMA,2026-07-29T02:51:21Z
FC-HAM01-001625,HAM01,AR90004,2026-07-04T20:00:00Z,2026-07-04,20,0.065,0,0.856,,47.46,99.5,SeasonalProfile+EWMA,2026-07-29T02:51:21Z
FC-HAM01-001626,HAM01,AR90004,2026-07-04T21:00:00Z,2026-07-04,21,0.067,0,0.857,,47.46,99.5,SeasonalProfile+EWMA,2026-07-29T02:51:21Z
FC-HAM01-001627,HAM01,AR90004,2026-07-05T08:00:00Z,2026-07-05,8,0.067,0,0.858,,47.46,99.5,SeasonalProfile+EWMA,2026-07-29T02:51:21Z
FC-HAM01-001628,HAM01,AR90004,2026-07-05T09:00:00Z,2026-07-05,9,0.121,0,0.912,,47.46,99.5,SeasonalProfile+EWMA,2026-07-29T02:51:21Z
FC-HAM01-001629,HAM01,AR90004,2026-07-05T10:00:00Z,2026-07-05,10,0.077,0,0.867,,47.46,99.5,SeasonalProfile+EWMA,2026-07-29T02:51:21Z
FC-HAM01-001630,HAM01,AR90004,2026-07-05T11:00:00Z,2026-07-05,11,0.115,0,0.906,,47.46,99.5,SeasonalProfile+EWMA,2026-07-29T02:51:21Z
FC-HAM01-001631,HAM01,AR90004,2026-07-05T12:00:00Z,2026-07-05,12,0.256,0,1.046,,47.46,99.5,SeasonalProfile+EWMA,2026-07-29T02:51:21Z
FC-HAM01-001632,HAM01,AR90004,2026-07-05T13:00:00Z,2026-07-05,13,0.498,0,1.289,,47.46,99.5,SeasonalProfile+EWMA,2026-07-29T02:51:21Z
FC-HAM01-001633,HAM01,AR90004,2026-07-05T14:00:00Z,2026-07-05,14,0.367,0,1.158,,47.46,99.5,SeasonalProfile+EWMA,2026-07-29T02:51:21Z
FC-HAM01-001634,HAM01,AR90004,2026-07-05T15:00:00Z,2026-07-05,15,0.422,0,1.212,,47.46,99.5,SeasonalProfile+EWMA,2026-07-29T02:51:21Z
FC-HAM01-001635,HAM01,AR90004,2026-07-05T16:00:00Z,2026-07-05,16,0.428,0,1.219,,47.46,99.5,SeasonalProfile+EWMA,2026-07-29T02:51:21Z
FC-HAM01-001636,HAM01,AR90004,2026-07-05T17:00:00Z,2026-07-05,17,0.339,0,1.129,,47.46,99.5,SeasonalProfile+EWMA,2026-07-29T02:51:21Z
FC-HAM01-001637,HAM01,AR90004,2026-07-05T18:00:00Z,2026-07-05,18,0.3,0,1.091,,47.46,99.5,SeasonalProfile+EWMA,2026-07-29T02:51:21Z
FC-HAM01-001638,HAM01,AR90004,2026-07-05T19:00:00Z,2026-07-05,19,0.173,0,0.963,,47.46,99.5,SeasonalProfile+EWMA,2026-07-29T02:51:21Z
FC-HAM01-001639,HAM01,AR90004,2026-07-05T20:00:00Z,2026-07-05,20,0.144,0,0.934,,47.46,99.5,SeasonalProfile+EWMA,2026-07-29T02:51:21Z
FC-HAM01-001640,HAM01,AR90004,2026-07-05T21:00:00Z,2026-07-05,21,0.147,0,0.938,,47.46,99.5,SeasonalProfile+EWMA,2026-07-29T02:51:21Z
FC-HAM01-001641,HAM01,AR90003,2026-07-04T12:00:00Z,2026-07-04,12,0.037,0,0.522,,68.42,155.52,SeasonalProfile+EWMA,2026-07-29T02:51:21Z
FC-HAM01-001642,HAM01,AR90003,2026-07-04T13:00:00Z,2026-07-04,13,0.059,0,0.545,,68.42,155.52,SeasonalProfile+EWMA,2026-07-29T02:51:21Z
FC-HAM01-001643,HAM01,AR90003,2026-07-04T14:00:00Z,2026-07-04,14,0.087,0,0.573,,68.42,155.52,SeasonalProfile+EWMA,2026-07-29T02:51:21Z
FC-HAM01-001644,HAM01,AR90003,2026-07-04T15:00:00Z,2026-07-04,15,0.073,0,0.559,,68.42,155.52,SeasonalProfile+EWMA,2026-07-29T02:51:21Z
FC-HAM01-001645,HAM01,AR90003,2026-07-04T16:00:00Z,2026-07-04,16,0.042,0,0.527,,68.42,155.52,SeasonalProfile+EWMA,2026-07-29T02:51:21Z
FC-HAM01-001646,HAM01,AR90003,2026-07-04T17:00:00Z,2026-07-04,17,0.054,0,0.54,,68.42,155.52,SeasonalProfile+EWMA,2026-07-29T02:51:21Z
FC-HAM01-001647,HAM01,AR90003,2026-07-04T18:00:00Z,2026-07-04,18,0.044,0,0.53,,68.42,155.52,SeasonalProfile+EWMA,2026-07-29T02:51:21Z
FC-HAM01-001648,HAM01,AR90003,2026-07-04T19:00:00Z,2026-07-04,19,0.039,0,0.525,,68.42,155.52,SeasonalProfile+EWMA,2026-07-29T02:51:21Z
FC-HAM01-001649,HAM01,AR90003,2026-07-04T20:00:00Z,2026-07-04,20,0.028,0,0.513,,68.42,155.52,SeasonalProfile+EWMA,2026-07-29T02:51:21Z
FC-HAM01-001650,HAM01,AR90003,2026-07-04T21:00:00Z,2026-07-04,21,0.016,0,0.502,,68.42,155.52,SeasonalProfile+EWMA,2026-07-29T02:51:21Z
FC-HAM01-001651,HAM01,AR90003,2026-07-05T09:00:00Z,2026-07-05,9,0.022,0,0.508,,68.42,155.52,SeasonalProfile+EWMA,2026-07-29T02:51:21Z
FC-HAM01-001652,HAM01,AR90003,2026-07-05T10:00:00Z,2026-07-05,10,0.028,0,0.513,,68.42,155.52,SeasonalProfile+EWMA,2026-07-29T02:51:21Z
FC-HAM01-001653,HAM01,AR90003,2026-07-05T11:00:00Z,2026-07-05,11,0.028,0,0.513,,68.42,155.52,SeasonalProfile+EWMA,2026-07-29T02:51:21Z
FC-HAM01-001654,HAM01,AR90003,2026-07-05T12:00:00Z,2026-07-05,12,0.081,0,0.566,,68.42,155.52,SeasonalProfile+EWMA,2026-07-29T02:51:21Z
FC-HAM01-001655,HAM01,AR90003,2026-07-05T13:00:00Z,2026-07-05,13,0.131,0,0.617,,68.42,155.52,SeasonalProfile+EWMA,2026-07-29T02:51:21Z
FC-HAM01-001656,HAM01,AR90003,2026-07-05T14:00:00Z,2026-07-05,14,0.192,0,0.678,,68.42,155.52,SeasonalProfile+EWMA,2026-07-29T02:51:21Z
FC-HAM01-001657,HAM01,AR90003,2026-07-05T15:00:00Z,2026-07-05,15,0.162,0,0.647,,68.42,155.52,SeasonalProfile+EWMA,2026-07-29T02:51:21Z
FC-HAM01-001658,HAM01,AR90003,2026-07-05T16:00:00Z,2026-07-05,16,0.092,0,0.578,,68.42,155.52,SeasonalProfile+EWMA,2026-07-29T02:51:21Z
FC-HAM01-001659,HAM01,AR90003,2026-07-05T17:00:00Z,2026-07-05,17,0.12,0,0.605,,68.42,155.52,SeasonalProfile+EWMA,2026-07-29T02:51:21Z
FC-HAM01-001660,HAM01,AR90003,2026-07-05T18:00:00Z,2026-07-05,18,0.098,0,0.583,,68.42,155.52,SeasonalProfile+EWMA,2026-07-29T02:51:21Z
FC-HAM01-001661,HAM01,AR90003,2026-07-05T19:00:00Z,2026-07-05,19,0.086,0,0.572,,68.42,155.52,SeasonalProfile+EWMA,2026-07-29T02:51:21Z
FC-HAM01-001662,HAM01,AR90003,2026-07-05T20:00:00Z,2026-07-05,20,0.061,0,0.547,,68.42,155.52,SeasonalProfile+EWMA,2026-07-29T02:51:21Z
FC-HAM01-001663,HAM01,AR90003,2026-07-05T21:00:00Z,2026-07-05,21,0.036,0,0.522,,68.42,155.52,SeasonalProfile+EWMA,2026-07-29T02:51:21Z
FC-HAM01-001664,HAM01,AR90002,2026-07-04T12:00:00Z,2026-07-04,12,0.021,0,0.431,,87.82,209.77,SeasonalProfile+EWMA,2026-07-29T02:51:21Z
FC-HAM01-001665,HAM01,AR90002,2026-07-04T13:00:00Z,2026-07-04,13,0.046,0,0.456,,87.82,209.77,SeasonalProfile+EWMA,2026-07-29T02:51:21Z
FC-HAM01-001666,HAM01,AR90002,2026-07-04T14:00:00Z,2026-07-04,14,0.036,0,0.447,,87.82,209.77,SeasonalProfile+EWMA,2026-07-29T02:51:21Z
FC-HAM01-001667,HAM01,AR90002,2026-07-04T15:00:00Z,2026-07-04,15,0.034,0,0.445,,87.82,209.77,SeasonalProfile+EWMA,2026-07-29T02:51:21Z
FC-HAM01-001668,HAM01,AR90002,2026-07-04T16:00:00Z,2026-07-04,16,0.029,0,0.439,,87.82,209.77,SeasonalProfile+EWMA,2026-07-29T02:51:21Z
FC-HAM01-001669,HAM01,AR90002,2026-07-04T17:00:00Z,2026-07-04,17,0.035,0,0.446,,87.82,209.77,SeasonalProfile+EWMA,2026-07-29T02:51:21Z
FC-HAM01-001670,HAM01,AR90002,2026-07-04T18:00:00Z,2026-07-04,18,0.023,0,0.433,,87.82,209.77,SeasonalProfile+EWMA,2026-07-29T02:51:21Z
FC-HAM01-001671,HAM01,AR90002,2026-07-04T19:00:00Z,2026-07-04,19,0.018,0,0.429,,87.82,209.77,SeasonalProfile+EWMA,2026-07-29T02:51:21Z
FC-HAM01-001672,HAM01,AR90002,2026-07-05T11:00:00Z,2026-07-05,11,0.033,0,0.443,,87.82,209.77,SeasonalProfile+EWMA,2026-07-29T02:51:21Z
FC-HAM01-001673,HAM01,AR90002,2026-07-05T12:00:00Z,2026-07-05,12,0.045,0,0.456,,87.82,209.77,SeasonalProfile+EWMA,2026-07-29T02:51:21Z
FC-HAM01-001674,HAM01,AR90002,2026-07-05T13:00:00Z,2026-07-05,13,0.101,0,0.511,,87.82,209.77,SeasonalProfile+EWMA,2026-07-29T02:51:21Z
FC-HAM01-001675,HAM01,AR90002,2026-07-05T14:00:00Z,2026-07-05,14,0.081,0,0.491,,87.82,209.77,SeasonalProfile+EWMA,2026-07-29T02:51:21Z
FC-HAM01-001676,HAM01,AR90002,2026-07-05T15:00:00Z,2026-07-05,15,0.076,0,0.486,,87.82,209.77,SeasonalProfile+EWMA,2026-07-29T02:51:21Z
FC-HAM01-001677,HAM01,AR90002,2026-07-05T16:00:00Z,2026-07-05,16,0.063,0,0.473,,87.82,209.77,SeasonalProfile+EWMA,2026-07-29T02:51:21Z
FC-HAM01-001678,HAM01,AR90002,2026-07-05T17:00:00Z,2026-07-05,17,0.078,0,0.488,,87.82,209.77,SeasonalProfile+EWMA,2026-07-29T02:51:21Z
FC-HAM01-001679,HAM01,AR90002,2026-07-05T18:00:00Z,2026-07-05,18,0.05,0,0.461,,87.82,209.77,SeasonalProfile+EWMA,2026-07-29T02:51:21Z
FC-HAM01-001680,HAM01,AR90002,2026-07-05T19:00:00Z,2026-07-05,19,0.04,0,0.451,,87.82,209.77,SeasonalProfile+EWMA,2026-07-29T02:51:21Z
FC-HAM01-001681,HAM01,AR90002,2026-07-05T20:00:00Z,2026-07-05,20,0.02,0,0.431,,87.82,209.77,SeasonalProfile+EWMA,2026-07-29T02:51:21Z
FC-HAM01-001682,HAM01,AR90002,2026-07-05T21:00:00Z,2026-07-05,21,0.025,0,0.436,,87.82,209.77,SeasonalProfile+EWMA,2026-07-29T02:51:21Z
FC-HAM01-001683,HAM01,AR90013,2026-07-04T12:00:00Z,2026-07-04,12,0.028,0,0.333,,89.24,157.11,SeasonalProfile+EWMA,2026-07-29T02:51:21Z
FC-HAM01-001684,HAM01,AR90013,2026-07-04T13:00:00Z,2026-07-04,13,0.032,0,0.338,,89.24,157.11,SeasonalProfile+EWMA,2026-07-29T02:51:21Z
FC-HAM01-001685,HAM01,AR90013,2026-07-04T14:00:00Z,2026-07-04,14,0.029,0,0.334,,89.24,157.11,SeasonalProfile+EWMA,2026-07-29T02:51:21Z
FC-HAM01-001686,HAM01,AR90013,2026-07-04T15:00:00Z,2026-07-04,15,0.026,0,0.331,,89.24,157.11,SeasonalProfile+EWMA,2026-07-29T02:51:21Z
FC-HAM01-001687,HAM01,AR90013,2026-07-04T16:00:00Z,2026-07-04,16,0.025,0,0.33,,89.24,157.11,SeasonalProfile+EWMA,2026-07-29T02:51:21Z
FC-HAM01-001688,HAM01,AR90013,2026-07-04T17:00:00Z,2026-07-04,17,0.028,0,0.333,,89.24,157.11,SeasonalProfile+EWMA,2026-07-29T02:51:21Z
FC-HAM01-001689,HAM01,AR90013,2026-07-04T18:00:00Z,2026-07-04,18,0.019,0,0.324,,89.24,157.11,SeasonalProfile+EWMA,2026-07-29T02:51:21Z
FC-HAM01-001690,HAM01,AR90013,2026-07-05T10:00:00Z,2026-07-05,10,0.021,0,0.326,,89.24,157.11,SeasonalProfile+EWMA,2026-07-29T02:51:21Z
FC-HAM01-001691,HAM01,AR90013,2026-07-05T12:00:00Z,2026-07-05,12,0.062,0,0.367,,89.24,157.11,SeasonalProfile+EWMA,2026-07-29T02:51:21Z
FC-HAM01-001692,HAM01,AR90013,2026-07-05T13:00:00Z,2026-07-05,13,0.071,0,0.376,,89.24,157.11,SeasonalProfile+EWMA,2026-07-29T02:51:21Z
FC-HAM01-001693,HAM01,AR90013,2026-07-05T14:00:00Z,2026-07-05,14,0.064,0,0.369,,89.24,157.11,SeasonalProfile+EWMA,2026-07-29T02:51:21Z
FC-HAM01-001694,HAM01,AR90013,2026-07-05T15:00:00Z,2026-07-05,15,0.057,0,0.363,,89.24,157.11,SeasonalProfile+EWMA,2026-07-29T02:51:21Z
FC-HAM01-001695,HAM01,AR90013,2026-07-05T16:00:00Z,2026-07-05,16,0.055,0,0.36,,89.24,157.11,SeasonalProfile+EWMA,2026-07-29T02:51:21Z
FC-HAM01-001696,HAM01,AR90013,2026-07-05T17:00:00Z,2026-07-05,17,0.062,0,0.367,,89.24,157.11,SeasonalProfile+EWMA,2026-07-29T02:51:21Z
FC-HAM01-001697,HAM01,AR90013,2026-07-05T18:00:00Z,2026-07-05,18,0.041,0,0.347,,89.24,157.11,SeasonalProfile+EWMA,2026-07-29T02:51:21Z
FC-HAM01-001698,HAM01,AR90013,2026-07-05T19:00:00Z,2026-07-05,19,0.025,0,0.331,,89.24,157.11,SeasonalProfile+EWMA,2026-07-29T02:51:21Z
FC-HAM01-001699,HAM01,AR90013,2026-07-05T20:00:00Z,2026-07-05,20,0.018,0,0.324,,89.24,157.11,SeasonalProfile+EWMA,2026-07-29T02:51:21Z
FC-HAM01-001700,HAM01,AR90013,2026-07-05T21:00:00Z,2026-07-05,21,0.016,0,0.321,,89.24,157.11,SeasonalProfile+EWMA,2026-07-29T02:51:21Z
FC-HAM01-001701,HAM01,AR00245,2026-07-04T12:00:00Z,2026-07-04,12,0.028,0,0.342,,88.62,183.7,SeasonalProfile+EWMA,2026-07-29T02:51:21Z
FC-HAM01-001702,HAM01,AR00245,2026-07-04T13:00:00Z,2026-07-04,13,0.039,0,0.353,,88.62,183.7,SeasonalProfile+EWMA,2026-07-29T02:51:21Z
FC-HAM01-001703,HAM01,AR00245,2026-07-04T14:00:00Z,2026-07-04,14,0.032,0,0.346,,88.62,183.7,SeasonalProfile+EWMA,2026-07-29T02:51:21Z
FC-HAM01-001704,HAM01,AR00245,2026-07-04T15:00:00Z,2026-07-04,15,0.028,0,0.342,,88.62,183.7,SeasonalProfile+EWMA,2026-07-29T02:51:21Z
FC-HAM01-001705,HAM01,AR00245,2026-07-04T16:00:00Z,2026-07-04,16,0.023,0,0.337,,88.62,183.7,SeasonalProfile+EWMA,2026-07-29T02:51:21Z
FC-HAM01-001706,HAM01,AR00245,2026-07-04T17:00:00Z,2026-07-04,17,0.033,0,0.347,,88.62,183.7,SeasonalProfile+EWMA,2026-07-29T02:51:21Z
FC-HAM01-001707,HAM01,AR00245,2026-07-04T18:00:00Z,2026-07-04,18,0.029,0,0.343,,88.62,183.7,SeasonalProfile+EWMA,2026-07-29T02:51:21Z
FC-HAM01-001708,HAM01,AR00245,2026-07-05T12:00:00Z,2026-07-05,12,0.062,0,0.376,,88.62,183.7,SeasonalProfile+EWMA,2026-07-29T02:51:21Z
FC-HAM01-001709,HAM01,AR00245,2026-07-05T13:00:00Z,2026-07-05,13,0.087,0,0.401,,88.62,183.7,SeasonalProfile+EWMA,2026-07-29T02:51:21Z
FC-HAM01-001710,HAM01,AR00245,2026-07-05T14:00:00Z,2026-07-05,14,0.07,0,0.384,,88.62,183.7,SeasonalProfile+EWMA,2026-07-29T02:51:21Z
FC-HAM01-001711,HAM01,AR00245,2026-07-05T15:00:00Z,2026-07-05,15,0.062,0,0.376,,88.62,183.7,SeasonalProfile+EWMA,2026-07-29T02:51:21Z
FC-HAM01-001712,HAM01,AR00245,2026-07-05T16:00:00Z,2026-07-05,16,0.05,0,0.364,,88.62,183.7,SeasonalProfile+EWMA,2026-07-29T02:51:21Z
FC-HAM01-001713,HAM01,AR00245,2026-07-05T17:00:00Z,2026-07-05,17,0.073,0,0.387,,88.62,183.7,SeasonalProfile+EWMA,2026-07-29T02:51:21Z
FC-HAM01-001714,HAM01,AR00245,2026-07-05T18:00:00Z,2026-07-05,18,0.065,0,0.378,,88.62,183.7,SeasonalProfile+EWMA,2026-07-29T02:51:21Z
FC-HAM01-001715,HAM01,AR00245,2026-07-05T19:00:00Z,2026-07-05,19,0.025,0,0.339,,88.62,183.7,SeasonalProfile+EWMA,2026-07-29T02:51:21Z
FC-HAM01-001716,HAM01,AR00245,2026-07-05T20:00:00Z,2026-07-05,20,0.031,0,0.345,,88.62,183.7,SeasonalProfile+EWMA,2026-07-29T02:51:21Z
FC-HAM01-001717,HAM01,AR90039,2026-07-04T13:00:00Z,2026-07-04,13,0.016,0,0.289,,93.14,160.87,SeasonalProfile+EWMA,2026-07-29T02:51:21Z
FC-HAM01-001718,HAM01,AR90039,2026-07-04T15:00:00Z,2026-07-04,15,0.017,0,0.29,,93.14,160.87,SeasonalProfile+EWMA,2026-07-29T02:51:21Z
FC-HAM01-001719,HAM01,AR90039,2026-07-04T16:00:00Z,2026-07-04,16,0.016,0,0.289,,93.14,160.87,SeasonalProfile+EWMA,2026-07-29T02:51:21Z
FC-HAM01-001720,HAM01,AR90039,2026-07-05T12:00:00Z,2026-07-05,12,0.022,0,0.295,,93.14,160.87,SeasonalProfile+EWMA,2026-07-29T02:51:21Z
FC-HAM01-001721,HAM01,AR90039,2026-07-05T13:00:00Z,2026-07-05,13,0.036,0,0.308,,93.14,160.87,SeasonalProfile+EWMA,2026-07-29T02:51:21Z
FC-HAM01-001722,HAM01,AR90039,2026-07-05T14:00:00Z,2026-07-05,14,0.032,0,0.305,,93.14,160.87,SeasonalProfile+EWMA,2026-07-29T02:51:21Z
FC-HAM01-001723,HAM01,AR90039,2026-07-05T15:00:00Z,2026-07-05,15,0.038,0,0.31,,93.14,160.87,SeasonalProfile+EWMA,2026-07-29T02:51:21Z
FC-HAM01-001724,HAM01,AR90039,2026-07-05T16:00:00Z,2026-07-05,16,0.036,0,0.308,,93.14,160.87,SeasonalProfile+EWMA,2026-07-29T02:51:21Z
FC-HAM01-001725,HAM01,AR90039,2026-07-05T17:00:00Z,2026-07-05,17,0.032,0,0.305,,93.14,160.87,SeasonalProfile+EWMA,2026-07-29T02:51:21Z
FC-HAM01-001726,HAM01,AR90039,2026-07-05T18:00:00Z,2026-07-05,18,0.031,0,0.303,,93.14,160.87,SeasonalProfile+EWMA,2026-07-29T02:51:21Z
FC-HAM01-001727,HAM01,AR90039,2026-07-05T19:00:00Z,2026-07-05,19,0.02,0,0.293,,93.14,160.87,SeasonalProfile+EWMA,2026-07-29T02:51:21Z
FC-HAM01-001728,HAM01,AR00241,2026-07-05T11:00:00Z,2026-07-05,11,0.016,0,0.195,,94.29,172.86,SeasonalProfile+EWMA,2026-07-29T02:51:21Z
FC-HAM01-001729,HAM01,AR00241,2026-07-05T12:00:00Z,2026-07-05,12,0.029,0,0.208,,94.29,172.86,SeasonalProfile+EWMA,2026-07-29T02:51:21Z
FC-HAM01-001730,HAM01,AR00241,2026-07-05T13:00:00Z,2026-07-05,13,0.023,0,0.202,,94.29,172.86,SeasonalProfile+EWMA,2026-07-29T02:51:21Z
FC-HAM01-001731,HAM01,AR00241,2026-07-05T14:00:00Z,2026-07-05,14,0.031,0,0.209,,94.29,172.86,SeasonalProfile+EWMA,2026-07-29T02:51:21Z
FC-HAM01-001732,HAM01,AR00241,2026-07-05T15:00:00Z,2026-07-05,15,0.022,0,0.2,,94.29,172.86,SeasonalProfile+EWMA,2026-07-29T02:51:21Z
FC-HAM01-001733,HAM01,AR00241,2026-07-05T16:00:00Z,2026-07-05,16,0.028,0,0.206,,94.29,172.86,SeasonalProfile+EWMA,2026-07-29T02:51:21Z
FC-HAM01-001734,HAM01,AR00240,2026-07-04T14:00:00Z,2026-07-04,14,0.023,0,0.35,,94.45,169.8,SeasonalProfile+EWMA,2026-07-29T02:51:21Z
FC-HAM01-001735,HAM01,AR00240,2026-07-04T15:00:00Z,2026-07-04,15,0.016,0,0.342,,94.45,169.8,SeasonalProfile+EWMA,2026-07-29T02:51:21Z
FC-HAM01-001736,HAM01,AR00240,2026-07-04T17:00:00Z,2026-07-04,17,0.017,0,0.344,,94.45,169.8,SeasonalProfile+EWMA,2026-07-29T02:51:21Z
FC-HAM01-001737,HAM01,AR00240,2026-07-05T09:00:00Z,2026-07-05,9,0.016,0,0.343,,94.45,169.8,SeasonalProfile+EWMA,2026-07-29T02:51:21Z
FC-HAM01-001738,HAM01,AR00240,2026-07-05T12:00:00Z,2026-07-05,12,0.024,0,0.351,,94.45,169.8,SeasonalProfile+EWMA,2026-07-29T02:51:21Z
FC-HAM01-001739,HAM01,AR00240,2026-07-05T13:00:00Z,2026-07-05,13,0.028,0,0.355,,94.45,169.8,SeasonalProfile+EWMA,2026-07-29T02:51:21Z
FC-HAM01-001740,HAM01,AR00240,2026-07-05T14:00:00Z,2026-07-05,14,0.051,0,0.377,,94.45,169.8,SeasonalProfile+EWMA,2026-07-29T02:51:21Z
FC-HAM01-001741,HAM01,AR00240,2026-07-05T15:00:00Z,2026-07-05,15,0.034,0,0.361,,94.45,169.8,SeasonalProfile+EWMA,2026-07-29T02:51:21Z
FC-HAM01-001742,HAM01,AR00240,2026-07-05T16:00:00Z,2026-07-05,16,0.028,0,0.355,,94.45,169.8,SeasonalProfile+EWMA,2026-07-29T02:51:21Z
FC-HAM01-001743,HAM01,AR00240,2026-07-05T17:00:00Z,2026-07-05,17,0.038,0,0.365,,94.45,169.8,SeasonalProfile+EWMA,2026-07-29T02:51:21Z
FC-HAM01-001744,HAM01,AR00240,2026-07-05T18:00:00Z,2026-07-05,18,0.024,0,0.351,,94.45,169.8,SeasonalProfile+EWMA,2026-07-29T02:51:21Z
FC-HAM01-001745,HAM01,AR00240,2026-07-05T21:00:00Z,2026-07-05,21,0.02,0,0.347,,94.45,169.8,SeasonalProfile+EWMA,2026-07-29T02:51:21Z
FC-HAM01-001746,HAM01,AR00395,2026-07-04T11:00:00Z,2026-07-04,11,0.016,0,0.283,,85.39,198.74,SeasonalProfile+EWMA,2026-07-29T02:51:21Z
FC-HAM01-001747,HAM01,AR00395,2026-07-04T12:00:00Z,2026-07-04,12,0.038,0,0.305,,85.39,198.74,SeasonalProfile+EWMA,2026-07-29T02:51:21Z
FC-HAM01-001748,HAM01,AR00395,2026-07-04T13:00:00Z,2026-07-04,13,0.038,0,0.305,,85.39,198.74,SeasonalProfile+EWMA,2026-07-29T02:51:21Z
FC-HAM01-001749,HAM01,AR00395,2026-07-04T14:00:00Z,2026-07-04,14,0.036,0,0.303,,85.39,198.74,SeasonalProfile+EWMA,2026-07-29T02:51:21Z
FC-HAM01-001750,HAM01,AR00395,2026-07-04T15:00:00Z,2026-07-04,15,0.04,0,0.308,,85.39,198.74,SeasonalProfile+EWMA,2026-07-29T02:51:21Z
FC-HAM01-001751,HAM01,AR00395,2026-07-04T16:00:00Z,2026-07-04,16,0.043,0,0.31,,85.39,198.74,SeasonalProfile+EWMA,2026-07-29T02:51:21Z
FC-HAM01-001752,HAM01,AR00395,2026-07-04T17:00:00Z,2026-07-04,17,0.018,0,0.285,,85.39,198.74,SeasonalProfile+EWMA,2026-07-29T02:51:21Z
FC-HAM01-001753,HAM01,AR00395,2026-07-04T18:00:00Z,2026-07-04,18,0.029,0,0.296,,85.39,198.74,SeasonalProfile+EWMA,2026-07-29T02:51:21Z
FC-HAM01-001754,HAM01,AR00395,2026-07-05T09:00:00Z,2026-07-05,9,0.025,0,0.292,,85.39,198.74,SeasonalProfile+EWMA,2026-07-29T02:51:21Z
FC-HAM01-001755,HAM01,AR00395,2026-07-05T11:00:00Z,2026-07-05,11,0.035,0,0.302,,85.39,198.74,SeasonalProfile+EWMA,2026-07-29T02:51:21Z
FC-HAM01-001756,HAM01,AR00395,2026-07-05T12:00:00Z,2026-07-05,12,0.084,0,0.351,,85.39,198.74,SeasonalProfile+EWMA,2026-07-29T02:51:21Z
FC-HAM01-001757,HAM01,AR00395,2026-07-05T13:00:00Z,2026-07-05,13,0.084,0,0.351,,85.39,198.74,SeasonalProfile+EWMA,2026-07-29T02:51:21Z
FC-HAM01-001758,HAM01,AR00395,2026-07-05T14:00:00Z,2026-07-05,14,0.079,0,0.347,,85.39,198.74,SeasonalProfile+EWMA,2026-07-29T02:51:21Z
FC-HAM01-001759,HAM01,AR00395,2026-07-05T15:00:00Z,2026-07-05,15,0.089,0,0.356,,85.39,198.74,SeasonalProfile+EWMA,2026-07-29T02:51:21Z
FC-HAM01-001760,HAM01,AR00395,2026-07-05T16:00:00Z,2026-07-05,16,0.094,0,0.361,,85.39,198.74,SeasonalProfile+EWMA,2026-07-29T02:51:21Z
FC-HAM01-001761,HAM01,AR00395,2026-07-05T17:00:00Z,2026-07-05,17,0.04,0,0.307,,85.39,198.74,SeasonalProfile+EWMA,2026-07-29T02:51:21Z
FC-HAM01-001762,HAM01,AR00395,2026-07-05T18:00:00Z,2026-07-05,18,0.064,0,0.332,,85.39,198.74,SeasonalProfile+EWMA,2026-07-29T02:51:21Z
FC-HAM01-001763,HAM01,AR00395,2026-07-05T19:00:00Z,2026-07-05,19,0.025,0,0.292,,85.39,198.74,SeasonalProfile+EWMA,2026-07-29T02:51:21Z
FC-HAM01-001764,HAM01,AR00395,2026-07-05T20:00:00Z,2026-07-05,20,0.03,0,0.297,,85.39,198.74,SeasonalProfile+EWMA,2026-07-29T02:51:21Z
FC-HAM01-001765,HAM01,AR00394,2026-07-04T12:00:00Z,2026-07-04,12,0.016,0,0.34,,86.9,198.54,SeasonalProfile+EWMA,2026-07-29T02:51:21Z
FC-HAM01-001766,HAM01,AR00394,2026-07-04T13:00:00Z,2026-07-04,13,0.031,0,0.354,,86.9,198.54,SeasonalProfile+EWMA,2026-07-29T02:51:21Z
FC-HAM01-001767,HAM01,AR00394,2026-07-04T14:00:00Z,2026-07-04,14,0.031,0,0.354,,86.9,198.54,SeasonalProfile+EWMA,2026-07-29T02:51:21Z
FC-HAM01-001768,HAM01,AR00394,2026-07-04T15:00:00Z,2026-07-04,15,0.02,0,0.344,,86.9,198.54,SeasonalProfile+EWMA,2026-07-29T02:51:21Z
FC-HAM01-001769,HAM01,AR00394,2026-07-04T16:00:00Z,2026-07-04,16,0.047,0,0.371,,86.9,198.54,SeasonalProfile+EWMA,2026-07-29T02:51:21Z
FC-HAM01-001770,HAM01,AR00394,2026-07-04T17:00:00Z,2026-07-04,17,0.033,0,0.356,,86.9,198.54,SeasonalProfile+EWMA,2026-07-29T02:51:21Z
FC-HAM01-001771,HAM01,AR00394,2026-07-04T18:00:00Z,2026-07-04,18,0.033,0,0.356,,86.9,198.54,SeasonalProfile+EWMA,2026-07-29T02:51:21Z
FC-HAM01-001772,HAM01,AR00394,2026-07-04T19:00:00Z,2026-07-04,19,0.018,0,0.342,,86.9,198.54,SeasonalProfile+EWMA,2026-07-29T02:51:21Z
FC-HAM01-001773,HAM01,AR00394,2026-07-05T10:00:00Z,2026-07-05,10,0.027,0,0.351,,86.9,198.54,SeasonalProfile+EWMA,2026-07-29T02:51:21Z
FC-HAM01-001774,HAM01,AR00394,2026-07-05T11:00:00Z,2026-07-05,11,0.022,0,0.346,,86.9,198.54,SeasonalProfile+EWMA,2026-07-29T02:51:21Z
FC-HAM01-001775,HAM01,AR00394,2026-07-05T12:00:00Z,2026-07-05,12,0.036,0,0.36,,86.9,198.54,SeasonalProfile+EWMA,2026-07-29T02:51:21Z
FC-HAM01-001776,HAM01,AR00394,2026-07-05T13:00:00Z,2026-07-05,13,0.067,0,0.391,,86.9,198.54,SeasonalProfile+EWMA,2026-07-29T02:51:21Z
FC-HAM01-001777,HAM01,AR00394,2026-07-05T14:00:00Z,2026-07-05,14,0.067,0,0.391,,86.9,198.54,SeasonalProfile+EWMA,2026-07-29T02:51:21Z
FC-HAM01-001778,HAM01,AR00394,2026-07-05T15:00:00Z,2026-07-05,15,0.045,0,0.369,,86.9,198.54,SeasonalProfile+EWMA,2026-07-29T02:51:21Z
FC-HAM01-001779,HAM01,AR00394,2026-07-05T16:00:00Z,2026-07-05,16,0.103,0,0.427,,86.9,198.54,SeasonalProfile+EWMA,2026-07-29T02:51:21Z
FC-HAM01-001780,HAM01,AR00394,2026-07-05T17:00:00Z,2026-07-05,17,0.072,0,0.396,,86.9,198.54,SeasonalProfile+EWMA,2026-07-29T02:51:21Z
FC-HAM01-001781,HAM01,AR00394,2026-07-05T18:00:00Z,2026-07-05,18,0.072,0,0.396,,86.9,198.54,SeasonalProfile+EWMA,2026-07-29T02:51:21Z
FC-HAM01-001782,HAM01,AR00394,2026-07-05T19:00:00Z,2026-07-05,19,0.04,0,0.364,,86.9,198.54,SeasonalProfile+EWMA,2026-07-29T02:51:21Z
FC-HAM01-001783,HAM01,AR00394,2026-07-05T21:00:00Z,2026-07-05,21,0.018,0,0.342,,86.9,198.54,SeasonalProfile+EWMA,2026-07-29T02:51:21Z
FC-HAM01-001784,HAM01,AR00188,2026-07-04T14:00:00Z,2026-07-04,14,0.016,0,0.268,,93.84,185.97,SeasonalProfile+EWMA,2026-07-29T02:51:21Z
FC-HAM01-001785,HAM01,AR00188,2026-07-04T16:00:00Z,2026-07-04,16,0.017,0,0.269,,93.84,185.97,SeasonalProfile+EWMA,2026-07-29T02:51:21Z
FC-HAM01-001786,HAM01,AR00188,2026-07-05T12:00:00Z,2026-07-05,12,0.031,0,0.284,,93.84,185.97,SeasonalProfile+EWMA,2026-07-29T02:51:21Z
FC-HAM01-001787,HAM01,AR00188,2026-07-05T13:00:00Z,2026-07-05,13,0.021,0,0.273,,93.84,185.97,SeasonalProfile+EWMA,2026-07-29T02:51:21Z
FC-HAM01-001788,HAM01,AR00188,2026-07-05T14:00:00Z,2026-07-05,14,0.036,0,0.288,,93.84,185.97,SeasonalProfile+EWMA,2026-07-29T02:51:21Z
FC-HAM01-001789,HAM01,AR00188,2026-07-05T15:00:00Z,2026-07-05,15,0.031,0,0.284,,93.84,185.97,SeasonalProfile+EWMA,2026-07-29T02:51:21Z
FC-HAM01-001790,HAM01,AR00188,2026-07-05T16:00:00Z,2026-07-05,16,0.038,0,0.29,,93.84,185.97,SeasonalProfile+EWMA,2026-07-29T02:51:21Z
FC-HAM01-001791,HAM01,AR00188,2026-07-05T17:00:00Z,2026-07-05,17,0.023,0,0.275,,93.84,185.97,SeasonalProfile+EWMA,2026-07-29T02:51:21Z
FC-HAM01-001792,HAM01,AR00188,2026-07-05T18:00:00Z,2026-07-05,18,0.021,0,0.273,,93.84,185.97,SeasonalProfile+EWMA,2026-07-29T02:51:21Z
FC-HAM01-001793,HAM01,AR00188,2026-07-05T20:00:00Z,2026-07-05,20,0.019,0,0.271,,93.84,185.97,SeasonalProfile+EWMA,2026-07-29T02:51:21Z
FC-HAM01-001794,HAM01,AR00243,2026-07-05T12:00:00Z,2026-07-05,12,0.018,0,0.324,,96.7,192.92,SeasonalProfile+EWMA,2026-07-29T02:51:21Z
FC-HAM01-001795,HAM01,AR00243,2026-07-05T13:00:00Z,2026-07-05,13,0.03,0,0.335,,96.7,192.92,SeasonalProfile+EWMA,2026-07-29T02:51:21Z
FC-HAM01-001796,HAM01,AR00243,2026-07-05T14:00:00Z,2026-07-05,14,0.02,0,0.326,,96.7,192.92,SeasonalProfile+EWMA,2026-07-29T02:51:21Z
FC-HAM01-001797,HAM01,AR00243,2026-07-05T15:00:00Z,2026-07-05,15,0.022,0,0.327,,96.7,192.92,SeasonalProfile+EWMA,2026-07-29T02:51:21Z
FC-HAM01-001798,HAM01,AR00243,2026-07-05T16:00:00Z,2026-07-05,16,0.026,0,0.332,,96.7,192.92,SeasonalProfile+EWMA,2026-07-29T02:51:21Z
FC-HAM01-001799,HAM01,AR00243,2026-07-05T19:00:00Z,2026-07-05,19,0.018,0,0.324,,96.7,192.92,SeasonalProfile+EWMA,2026-07-29T02:51:21Z
FC-HAM01-001800,HAM01,AR00243,2026-07-05T21:00:00Z,2026-07-05,21,0.016,0,0.322,,96.7,192.92,SeasonalProfile+EWMA,2026-07-29T02:51:21Z
FC-HAM01-001801,HAM01,AR90018,2026-07-04T14:00:00Z,2026-07-04,14,0.018,0,0.192,,92.53,182.74,SeasonalProfile+EWMA,2026-07-29T02:51:21Z
FC-HAM01-001802,HAM01,AR90018,2026-07-04T15:00:00Z,2026-07-04,15,0.026,0,0.199,,92.53,182.74,SeasonalProfile+EWMA,2026-07-29T02:51:21Z
FC-HAM01-001803,HAM01,AR90018,2026-07-04T17:00:00Z,2026-07-04,17,0.017,0,0.19,,92.53,182.74,SeasonalProfile+EWMA,2026-07-29T02:51:21Z
FC-HAM01-001804,HAM01,AR90018,2026-07-05T12:00:00Z,2026-07-05,12,0.03,0,0.203,,92.53,182.74,SeasonalProfile+EWMA,2026-07-29T02:51:21Z
FC-HAM01-001805,HAM01,AR90018,2026-07-05T13:00:00Z,2026-07-05,13,0.032,0,0.206,,92.53,182.74,SeasonalProfile+EWMA,2026-07-29T02:51:21Z
FC-HAM01-001806,HAM01,AR90018,2026-07-05T14:00:00Z,2026-07-05,14,0.039,0,0.213,,92.53,182.74,SeasonalProfile+EWMA,2026-07-29T02:51:21Z
FC-HAM01-001807,HAM01,AR90018,2026-07-05T15:00:00Z,2026-07-05,15,0.056,0,0.23,,92.53,182.74,SeasonalProfile+EWMA,2026-07-29T02:51:21Z
FC-HAM01-001808,HAM01,AR90018,2026-07-05T16:00:00Z,2026-07-05,16,0.025,0,0.198,,92.53,182.74,SeasonalProfile+EWMA,2026-07-29T02:51:21Z
FC-HAM01-001809,HAM01,AR90018,2026-07-05T17:00:00Z,2026-07-05,17,0.037,0,0.211,,92.53,182.74,SeasonalProfile+EWMA,2026-07-29T02:51:21Z
FC-HAM01-001810,HAM01,AR90018,2026-07-05T18:00:00Z,2026-07-05,18,0.017,0,0.191,,92.53,182.74,SeasonalProfile+EWMA,2026-07-29T02:51:21Z
FC-HAM01-001811,HAM01,AR00136,2026-07-04T12:00:00Z,2026-07-04,12,0.021,0,0.198,,87.68,189.3,SeasonalProfile+EWMA,2026-07-29T02:51:21Z
FC-HAM01-001812,HAM01,AR00136,2026-07-04T13:00:00Z,2026-07-04,13,0.039,0,0.216,,87.68,189.3,SeasonalProfile+EWMA,2026-07-29T02:51:21Z
FC-HAM01-001813,HAM01,AR00136,2026-07-04T14:00:00Z,2026-07-04,14,0.018,0,0.195,,87.68,189.3,SeasonalProfile+EWMA,2026-07-29T02:51:21Z
FC-HAM01-001814,HAM01,AR00136,2026-07-04T15:00:00Z,2026-07-04,15,0.02,0,0.197,,87.68,189.3,SeasonalProfile+EWMA,2026-07-29T02:51:21Z
FC-HAM01-001815,HAM01,AR00136,2026-07-04T16:00:00Z,2026-07-04,16,0.018,0,0.195,,87.68,189.3,SeasonalProfile+EWMA,2026-07-29T02:51:21Z
FC-HAM01-001816,HAM01,AR00136,2026-07-04T17:00:00Z,2026-07-04,17,0.025,0,0.202,,87.68,189.3,SeasonalProfile+EWMA,2026-07-29T02:51:21Z
FC-HAM01-001817,HAM01,AR00136,2026-07-04T19:00:00Z,2026-07-04,19,0.016,0,0.193,,87.68,189.3,SeasonalProfile+EWMA,2026-07-29T02:51:21Z
FC-HAM01-001818,HAM01,AR00136,2026-07-05T09:00:00Z,2026-07-05,9,0.023,0,0.2,,87.68,189.3,SeasonalProfile+EWMA,2026-07-29T02:51:21Z
FC-HAM01-001819,HAM01,AR00136,2026-07-05T10:00:00Z,2026-07-05,10,0.016,0,0.193,,87.68,189.3,SeasonalProfile+EWMA,2026-07-29T02:51:21Z
FC-HAM01-001820,HAM01,AR00136,2026-07-05T12:00:00Z,2026-07-05,12,0.047,0,0.224,,87.68,189.3,SeasonalProfile+EWMA,2026-07-29T02:51:21Z
FC-HAM01-001821,HAM01,AR00136,2026-07-05T13:00:00Z,2026-07-05,13,0.086,0,0.263,,87.68,189.3,SeasonalProfile+EWMA,2026-07-29T02:51:21Z
FC-HAM01-001822,HAM01,AR00136,2026-07-05T14:00:00Z,2026-07-05,14,0.04,0,0.217,,87.68,189.3,SeasonalProfile+EWMA,2026-07-29T02:51:21Z
FC-HAM01-001823,HAM01,AR00136,2026-07-05T15:00:00Z,2026-07-05,15,0.044,0,0.221,,87.68,189.3,SeasonalProfile+EWMA,2026-07-29T02:51:21Z
FC-HAM01-001824,HAM01,AR00136,2026-07-05T16:00:00Z,2026-07-05,16,0.04,0,0.217,,87.68,189.3,SeasonalProfile+EWMA,2026-07-29T02:51:21Z
FC-HAM01-001825,HAM01,AR00136,2026-07-05T17:00:00Z,2026-07-05,17,0.055,0,0.232,,87.68,189.3,SeasonalProfile+EWMA,2026-07-29T02:51:21Z
FC-HAM01-001826,HAM01,AR00136,2026-07-05T18:00:00Z,2026-07-05,18,0.024,0,0.202,,87.68,189.3,SeasonalProfile+EWMA,2026-07-29T02:51:21Z
FC-HAM01-001827,HAM01,AR00136,2026-07-05T19:00:00Z,2026-07-05,19,0.035,0,0.212,,87.68,189.3,SeasonalProfile+EWMA,2026-07-29T02:51:21Z
FC-HAM01-001828,HAM01,AR00136,2026-07-05T20:00:00Z,2026-07-05,20,0.016,0,0.193,,87.68,189.3,SeasonalProfile+EWMA,2026-07-29T02:51:21Z
FC-HAM01-001829,HAM01,AR00136,2026-07-05T21:00:00Z,2026-07-05,21,0.024,0,0.201,,87.68,189.3,SeasonalProfile+EWMA,2026-07-29T02:51:21Z
FC-HAM01-001830,HAM01,AR90034,2026-07-04T12:00:00Z,2026-07-04,12,0.016,0,0.26,,90.54,182.31,SeasonalProfile+EWMA,2026-07-29T02:51:21Z
FC-HAM01-001831,HAM01,AR90034,2026-07-04T14:00:00Z,2026-07-04,14,0.018,0,0.261,,90.54,182.31,SeasonalProfile+EWMA,2026-07-29T02:51:21Z
FC-HAM01-001832,HAM01,AR90034,2026-07-04T15:00:00Z,2026-07-04,15,0.022,0,0.266,,90.54,182.31,SeasonalProfile+EWMA,2026-07-29T02:51:21Z
FC-HAM01-001833,HAM01,AR90034,2026-07-04T16:00:00Z,2026-07-04,16,0.015,0,0.259,,90.54,182.31,SeasonalProfile+EWMA,2026-07-29T02:51:21Z
FC-HAM01-001834,HAM01,AR90034,2026-07-05T11:00:00Z,2026-07-05,11,0.019,0,0.262,,90.54,182.31,SeasonalProfile+EWMA,2026-07-29T02:51:21Z
FC-HAM01-001835,HAM01,AR90034,2026-07-05T12:00:00Z,2026-07-05,12,0.036,0,0.279,,90.54,182.31,SeasonalProfile+EWMA,2026-07-29T02:51:21Z
FC-HAM01-001836,HAM01,AR90034,2026-07-05T13:00:00Z,2026-07-05,13,0.027,0,0.271,,90.54,182.31,SeasonalProfile+EWMA,2026-07-29T02:51:21Z
FC-HAM01-001837,HAM01,AR90034,2026-07-05T14:00:00Z,2026-07-05,14,0.039,0,0.283,,90.54,182.31,SeasonalProfile+EWMA,2026-07-29T02:51:21Z
FC-HAM01-001838,HAM01,AR90034,2026-07-05T15:00:00Z,2026-07-05,15,0.049,0,0.293,,90.54,182.31,SeasonalProfile+EWMA,2026-07-29T02:51:21Z
FC-HAM01-001839,HAM01,AR90034,2026-07-05T16:00:00Z,2026-07-05,16,0.034,0,0.278,,90.54,182.31,SeasonalProfile+EWMA,2026-07-29T02:51:21Z
FC-HAM01-001840,HAM01,AR90034,2026-07-05T17:00:00Z,2026-07-05,17,0.031,0,0.275,,90.54,182.31,SeasonalProfile+EWMA,2026-07-29T02:51:21Z
FC-HAM01-001841,HAM01,AR90034,2026-07-05T18:00:00Z,2026-07-05,18,0.016,0,0.259,,90.54,182.31,SeasonalProfile+EWMA,2026-07-29T02:51:21Z
FC-HAM01-001842,HAM01,AR90034,2026-07-05T21:00:00Z,2026-07-05,21,0.019,0,0.263,,90.54,182.31,SeasonalProfile+EWMA,2026-07-29T02:51:21Z
FC-HAM01-001843,HAM01,AR00244,2026-07-04T12:00:00Z,2026-07-04,12,0.018,0,0.229,,92.98,193.73,SeasonalProfile+EWMA,2026-07-29T02:51:21Z
FC-HAM01-001844,HAM01,AR00244,2026-07-04T16:00:00Z,2026-07-04,16,0.015,0,0.226,,92.98,193.73,SeasonalProfile+EWMA,2026-07-29T02:51:21Z
FC-HAM01-001845,HAM01,AR00244,2026-07-05T12:00:00Z,2026-07-05,12,0.041,0,0.252,,92.98,193.73,SeasonalProfile+EWMA,2026-07-29T02:51:21Z
FC-HAM01-001846,HAM01,AR00244,2026-07-05T13:00:00Z,2026-07-05,13,0.03,0,0.241,,92.98,193.73,SeasonalProfile+EWMA,2026-07-29T02:51:21Z
FC-HAM01-001847,HAM01,AR00244,2026-07-05T14:00:00Z,2026-07-05,14,0.019,0,0.23,,92.98,193.73,SeasonalProfile+EWMA,2026-07-29T02:51:21Z
FC-HAM01-001848,HAM01,AR00244,2026-07-05T15:00:00Z,2026-07-05,15,0.019,0,0.23,,92.98,193.73,SeasonalProfile+EWMA,2026-07-29T02:51:21Z
FC-HAM01-001849,HAM01,AR00244,2026-07-05T16:00:00Z,2026-07-05,16,0.033,0,0.244,,92.98,193.73,SeasonalProfile+EWMA,2026-07-29T02:51:21Z
FC-HAM01-001850,HAM01,AR00244,2026-07-05T17:00:00Z,2026-07-05,17,0.027,0,0.238,,92.98,193.73,SeasonalProfile+EWMA,2026-07-29T02:51:21Z
FC-HAM01-001851,HAM01,AR00244,2026-07-05T19:00:00Z,2026-07-05,19,0.017,0,0.228,,92.98,193.73,SeasonalProfile+EWMA,2026-07-29T02:51:21Z
FC-HAM01-001852,HAM01,AR00244,2026-07-05T20:00:00Z,2026-07-05,20,0.018,0,0.229,,92.98,193.73,SeasonalProfile+EWMA,2026-07-29T02:51:21Z
FC-HAM01-001853,HAM01,AR90015,2026-07-05T12:00:00Z,2026-07-05,12,0.029,0,0.286,,95.23,182.65,SeasonalProfile+EWMA,2026-07-29T02:51:21Z
FC-HAM01-001854,HAM01,AR90015,2026-07-05T13:00:00Z,2026-07-05,13,0.025,0,0.283,,95.23,182.65,SeasonalProfile+EWMA,2026-07-29T02:51:21Z
FC-HAM01-001855,HAM01,AR90015,2026-07-05T14:00:00Z,2026-07-05,14,0.03,0,0.288,,95.23,182.65,SeasonalProfile+EWMA,2026-07-29T02:51:21Z
FC-HAM01-001856,HAM01,AR90015,2026-07-05T15:00:00Z,2026-07-05,15,0.032,0,0.29,,95.23,182.65,SeasonalProfile+EWMA,2026-07-29T02:51:21Z
FC-HAM01-001857,HAM01,AR90015,2026-07-05T16:00:00Z,2026-07-05,16,0.022,0,0.28,,95.23,182.65,SeasonalProfile+EWMA,2026-07-29T02:51:21Z
FC-HAM01-001858,HAM01,AR90015,2026-07-05T17:00:00Z,2026-07-05,17,0.019,0,0.277,,95.23,182.65,SeasonalProfile+EWMA,2026-07-29T02:51:21Z
FC-HAM01-001859,HAM01,AR90015,2026-07-05T18:00:00Z,2026-07-05,18,0.027,0,0.284,,95.23,182.65,SeasonalProfile+EWMA,2026-07-29T02:51:21Z
FC-HAM01-001860,HAM01,AR00010,2026-07-04T14:00:00Z,2026-07-04,14,0.018,0,0.313,,94.44,176.91,SeasonalProfile+EWMA,2026-07-29T02:51:21Z
FC-HAM01-001861,HAM01,AR00010,2026-07-04T16:00:00Z,2026-07-04,16,0.018,0,0.313,,94.44,176.91,SeasonalProfile+EWMA,2026-07-29T02:51:21Z
FC-HAM01-001862,HAM01,AR00010,2026-07-05T12:00:00Z,2026-07-05,12,0.021,0,0.316,,94.44,176.91,SeasonalProfile+EWMA,2026-07-29T02:51:21Z
FC-HAM01-001863,HAM01,AR00010,2026-07-05T13:00:00Z,2026-07-05,13,0.028,0,0.322,,94.44,176.91,SeasonalProfile+EWMA,2026-07-29T02:51:21Z
FC-HAM01-001864,HAM01,AR00010,2026-07-05T14:00:00Z,2026-07-05,14,0.04,0,0.335,,94.44,176.91,SeasonalProfile+EWMA,2026-07-29T02:51:21Z
FC-HAM01-001865,HAM01,AR00010,2026-07-05T15:00:00Z,2026-07-05,15,0.03,0,0.324,,94.44,176.91,SeasonalProfile+EWMA,2026-07-29T02:51:21Z
FC-HAM01-001866,HAM01,AR00010,2026-07-05T16:00:00Z,2026-07-05,16,0.04,0,0.334,,94.44,176.91,SeasonalProfile+EWMA,2026-07-29T02:51:21Z
FC-HAM01-001867,HAM01,AR00010,2026-07-05T17:00:00Z,2026-07-05,17,0.018,0,0.312,,94.44,176.91,SeasonalProfile+EWMA,2026-07-29T02:51:21Z
FC-HAM01-001868,HAM01,AR00010,2026-07-05T18:00:00Z,2026-07-05,18,0.025,0,0.32,,94.44,176.91,SeasonalProfile+EWMA,2026-07-29T02:51:21Z
FC-HAM01-001869,HAM01,AR00010,2026-07-05T19:00:00Z,2026-07-05,19,0.017,0,0.311,,94.44,176.91,SeasonalProfile+EWMA,2026-07-29T02:51:21Z
FC-HAM01-001870,HAM01,AR00010,2026-07-05T20:00:00Z,2026-07-05,20,0.015,0,0.31,,94.44,176.91,SeasonalProfile+EWMA,2026-07-29T02:51:21Z
FC-HAM01-001871,HAM01,AR00080,2026-07-05T13:00:00Z,2026-07-05,13,0.02,0,0.209,,97.68,145.96,SeasonalProfile+EWMA,2026-07-29T02:51:21Z
FC-HAM01-001872,HAM01,AR00080,2026-07-05T16:00:00Z,2026-07-05,16,0.017,0,0.206,,97.68,145.96,SeasonalProfile+EWMA,2026-07-29T02:51:21Z
FC-HAM01-001873,HAM01,AR00009,2026-07-04T14:00:00Z,2026-07-04,14,0.016,0,0.153,,91.65,171.58,SeasonalProfile+EWMA,2026-07-29T02:51:21Z
FC-HAM01-001874,HAM01,AR00009,2026-07-04T15:00:00Z,2026-07-04,15,0.016,0,0.153,,91.65,171.58,SeasonalProfile+EWMA,2026-07-29T02:51:21Z
FC-HAM01-001875,HAM01,AR00009,2026-07-05T12:00:00Z,2026-07-05,12,0.028,0,0.165,,91.65,171.58,SeasonalProfile+EWMA,2026-07-29T02:51:21Z
FC-HAM01-001876,HAM01,AR00009,2026-07-05T13:00:00Z,2026-07-05,13,0.03,0,0.167,,91.65,171.58,SeasonalProfile+EWMA,2026-07-29T02:51:21Z
FC-HAM01-001877,HAM01,AR00009,2026-07-05T14:00:00Z,2026-07-05,14,0.035,0,0.173,,91.65,171.58,SeasonalProfile+EWMA,2026-07-29T02:51:21Z
FC-HAM01-001878,HAM01,AR00009,2026-07-05T15:00:00Z,2026-07-05,15,0.036,0,0.173,,91.65,171.58,SeasonalProfile+EWMA,2026-07-29T02:51:21Z
FC-HAM01-001879,HAM01,AR00009,2026-07-05T16:00:00Z,2026-07-05,16,0.015,0,0.153,,91.65,171.58,SeasonalProfile+EWMA,2026-07-29T02:51:21Z
FC-HAM01-001880,HAM01,AR00009,2026-07-05T17:00:00Z,2026-07-05,17,0.028,0,0.166,,91.65,171.58,SeasonalProfile+EWMA,2026-07-29T02:51:21Z
FC-HAM01-001881,HAM01,AR00009,2026-07-05T18:00:00Z,2026-07-05,18,0.016,0,0.153,,91.65,171.58,SeasonalProfile+EWMA,2026-07-29T02:51:21Z
FC-HAM01-001882,HAM01,AR00009,2026-07-05T19:00:00Z,2026-07-05,19,0.017,0,0.155,,91.65,171.58,SeasonalProfile+EWMA,2026-07-29T02:51:21Z
FC-HAM01-001883,HAM01,AR00289,2026-07-04T13:00:00Z,2026-07-04,13,0.018,0,0.26,,87.55,223.46,SeasonalProfile+EWMA,2026-07-29T02:51:21Z
FC-HAM01-001884,HAM01,AR00289,2026-07-04T14:00:00Z,2026-07-04,14,0.028,0,0.27,,87.55,223.46,SeasonalProfile+EWMA,2026-07-29T02:51:21Z
FC-HAM01-001885,HAM01,AR00289,2026-07-04T15:00:00Z,2026-07-04,15,0.018,0,0.26,,87.55,223.46,SeasonalProfile+EWMA,2026-07-29T02:51:21Z
FC-HAM01-001886,HAM01,AR00289,2026-07-04T17:00:00Z,2026-07-04,17,0.018,0,0.26,,87.55,223.46,SeasonalProfile+EWMA,2026-07-29T02:51:21Z
FC-HAM01-001887,HAM01,AR00289,2026-07-05T12:00:00Z,2026-07-05,12,0.027,0,0.269,,87.55,223.46,SeasonalProfile+EWMA,2026-07-29T02:51:21Z
FC-HAM01-001888,HAM01,AR00289,2026-07-05T13:00:00Z,2026-07-05,13,0.04,0,0.282,,87.55,223.46,SeasonalProfile+EWMA,2026-07-29T02:51:21Z
FC-HAM01-001889,HAM01,AR00289,2026-07-05T14:00:00Z,2026-07-05,14,0.062,0,0.304,,87.55,223.46,SeasonalProfile+EWMA,2026-07-29T02:51:21Z
FC-HAM01-001890,HAM01,AR00289,2026-07-05T15:00:00Z,2026-07-05,15,0.039,0,0.282,,87.55,223.46,SeasonalProfile+EWMA,2026-07-29T02:51:21Z
FC-HAM01-001891,HAM01,AR00289,2026-07-05T16:00:00Z,2026-07-05,16,0.027,0,0.27,,87.55,223.46,SeasonalProfile+EWMA,2026-07-29T02:51:21Z
FC-HAM01-001892,HAM01,AR00289,2026-07-05T17:00:00Z,2026-07-05,17,0.04,0,0.282,,87.55,223.46,SeasonalProfile+EWMA,2026-07-29T02:51:21Z
FC-HAM01-001893,HAM01,AR00289,2026-07-05T18:00:00Z,2026-07-05,18,0.027,0,0.269,,87.55,223.46,SeasonalProfile+EWMA,2026-07-29T02:51:21Z
FC-HAM01-001894,HAM01,AR00289,2026-07-05T19:00:00Z,2026-07-05,19,0.029,0,0.271,,87.55,223.46,SeasonalProfile+EWMA,2026-07-29T02:51:21Z
FC-HAM01-001895,HAM01,AR00289,2026-07-05T21:00:00Z,2026-07-05,21,0.022,0,0.264,,87.55,223.46,SeasonalProfile+EWMA,2026-07-29T02:51:21Z
FC-HAM01-001896,HAM01,AR90014,2026-07-04T12:00:00Z,2026-07-04,12,0.016,0,0.167,,88.35,229.99,SeasonalProfile+EWMA,2026-07-29T02:51:21Z
FC-HAM01-001897,HAM01,AR90014,2026-07-04T13:00:00Z,2026-07-04,13,0.017,0,0.167,,88.35,229.99,SeasonalProfile+EWMA,2026-07-29T02:51:21Z
FC-HAM01-001898,HAM01,AR90014,2026-07-04T14:00:00Z,2026-07-04,14,0.031,0,0.181,,88.35,229.99,SeasonalProfile+EWMA,2026-07-29T02:51:21Z
FC-HAM01-001899,HAM01,AR90014,2026-07-04T15:00:00Z,2026-07-04,15,0.019,0,0.169,,88.35,229.99,SeasonalProfile+EWMA,2026-07-29T02:51:21Z
FC-HAM01-001900,HAM01,AR90014,2026-07-04T16:00:00Z,2026-07-04,16,0.027,0,0.177,,88.35,229.99,SeasonalProfile+EWMA,2026-07-29T02:51:21Z
FC-HAM01-001901,HAM01,AR90014,2026-07-04T17:00:00Z,2026-07-04,17,0.028,0,0.178,,88.35,229.99,SeasonalProfile+EWMA,2026-07-29T02:51:21Z
FC-HAM01-001902,HAM01,AR90014,2026-07-04T18:00:00Z,2026-07-04,18,0.02,0,0.17,,88.35,229.99,SeasonalProfile+EWMA,2026-07-29T02:51:21Z
FC-HAM01-001903,HAM01,AR90014,2026-07-05T09:00:00Z,2026-07-05,9,0.019,0,0.169,,88.35,229.99,SeasonalProfile+EWMA,2026-07-29T02:51:21Z
FC-HAM01-001904,HAM01,AR90014,2026-07-05T10:00:00Z,2026-07-05,10,0.016,0,0.166,,88.35,229.99,SeasonalProfile+EWMA,2026-07-29T02:51:21Z
FC-HAM01-001905,HAM01,AR90014,2026-07-05T12:00:00Z,2026-07-05,12,0.036,0,0.187,,88.35,229.99,SeasonalProfile+EWMA,2026-07-29T02:51:21Z
FC-HAM01-001906,HAM01,AR90014,2026-07-05T13:00:00Z,2026-07-05,13,0.038,0,0.188,,88.35,229.99,SeasonalProfile+EWMA,2026-07-29T02:51:21Z
FC-HAM01-001907,HAM01,AR90014,2026-07-05T14:00:00Z,2026-07-05,14,0.068,0,0.218,,88.35,229.99,SeasonalProfile+EWMA,2026-07-29T02:51:21Z
FC-HAM01-001908,HAM01,AR90014,2026-07-05T15:00:00Z,2026-07-05,15,0.041,0,0.191,,88.35,229.99,SeasonalProfile+EWMA,2026-07-29T02:51:21Z
FC-HAM01-001909,HAM01,AR90014,2026-07-05T16:00:00Z,2026-07-05,16,0.059,0,0.21,,88.35,229.99,SeasonalProfile+EWMA,2026-07-29T02:51:21Z
FC-HAM01-001910,HAM01,AR90014,2026-07-05T17:00:00Z,2026-07-05,17,0.061,0,0.212,,88.35,229.99,SeasonalProfile+EWMA,2026-07-29T02:51:21Z
FC-HAM01-001911,HAM01,AR90014,2026-07-05T18:00:00Z,2026-07-05,18,0.044,0,0.194,,88.35,229.99,SeasonalProfile+EWMA,2026-07-29T02:51:21Z
FC-HAM01-001912,HAM01,AR90014,2026-07-05T19:00:00Z,2026-07-05,19,0.027,0,0.178,,88.35,229.99,SeasonalProfile+EWMA,2026-07-29T02:51:21Z
FC-HAM01-001913,HAM01,AR90014,2026-07-05T20:00:00Z,2026-07-05,20,0.017,0,0.168,,88.35,229.99,SeasonalProfile+EWMA,2026-07-29T02:51:21Z
FC-HAM01-001914,HAM01,AR90014,2026-07-05T21:00:00Z,2026-07-05,21,0.026,0,0.176,,88.35,229.99,SeasonalProfile+EWMA,2026-07-29T02:51:21Z
FC-HAM01-001915,HAM01,AR90012,2026-07-05T12:00:00Z,2026-07-05,12,0.017,0,0.3,,95.59,167.79,SeasonalProfile+EWMA,2026-07-29T02:51:21Z
FC-HAM01-001916,HAM01,AR90012,2026-07-05T13:00:00Z,2026-07-05,13,0.02,0,0.302,,95.59,167.79,SeasonalProfile+EWMA,2026-07-29T02:51:21Z
FC-HAM01-001917,HAM01,AR90012,2026-07-05T14:00:00Z,2026-07-05,14,0.022,0,0.305,,95.59,167.79,SeasonalProfile+EWMA,2026-07-29T02:51:21Z
FC-HAM01-001918,HAM01,AR90012,2026-07-05T16:00:00Z,2026-07-05,16,0.025,0,0.307,,95.59,167.79,SeasonalProfile+EWMA,2026-07-29T02:51:21Z
FC-HAM01-001919,HAM01,AR90012,2026-07-05T17:00:00Z,2026-07-05,17,0.019,0,0.302,,95.59,167.79,SeasonalProfile+EWMA,2026-07-29T02:51:21Z
FC-HAM01-001920,HAM01,AR90012,2026-07-05T18:00:00Z,2026-07-05,18,0.017,0,0.3,,95.59,167.79,SeasonalProfile+EWMA,2026-07-29T02:51:21Z
FC-HAM01-001921,HAM01,AR90036,2026-07-04T13:00:00Z,2026-07-04,13,0.018,0,0.075,,90.4,226.15,SeasonalProfile+EWMA,2026-07-29T02:51:21Z
FC-HAM01-001922,HAM01,AR90036,2026-07-04T14:00:00Z,2026-07-04,14,0.022,0,0.079,,90.4,226.15,SeasonalProfile+EWMA,2026-07-29T02:51:21Z
FC-HAM01-001923,HAM01,AR90036,2026-07-04T15:00:00Z,2026-07-04,15,0.02,0,0.078,,90.4,226.15,SeasonalProfile+EWMA,2026-07-29T02:51:21Z
FC-HAM01-001924,HAM01,AR90036,2026-07-04T16:00:00Z,2026-07-04,16,0.019,0,0.076,,90.4,226.15,SeasonalProfile+EWMA,2026-07-29T02:51:21Z
FC-HAM01-001925,HAM01,AR90036,2026-07-04T17:00:00Z,2026-07-04,17,0.019,0,0.076,,90.4,226.15,SeasonalProfile+EWMA,2026-07-29T02:51:21Z
FC-HAM01-001926,HAM01,AR90036,2026-07-05T12:00:00Z,2026-07-05,12,0.026,0,0.083,,90.4,226.15,SeasonalProfile+EWMA,2026-07-29T02:51:21Z
FC-HAM01-001927,HAM01,AR90036,2026-07-05T13:00:00Z,2026-07-05,13,0.04,0,0.097,,90.4,226.15,SeasonalProfile+EWMA,2026-07-29T02:51:21Z
FC-HAM01-001928,HAM01,AR90036,2026-07-05T14:00:00Z,2026-07-05,14,0.048,0,0.105,,90.4,226.15,SeasonalProfile+EWMA,2026-07-29T02:51:21Z
FC-HAM01-001929,HAM01,AR90036,2026-07-05T15:00:00Z,2026-07-05,15,0.045,0,0.102,,90.4,226.15,SeasonalProfile+EWMA,2026-07-29T02:51:21Z
FC-HAM01-001930,HAM01,AR90036,2026-07-05T16:00:00Z,2026-07-05,16,0.041,0,0.098,,90.4,226.15,SeasonalProfile+EWMA,2026-07-29T02:51:21Z
FC-HAM01-001931,HAM01,AR90036,2026-07-05T17:00:00Z,2026-07-05,17,0.042,0,0.099,,90.4,226.15,SeasonalProfile+EWMA,2026-07-29T02:51:21Z
FC-HAM01-001932,HAM01,AR90036,2026-07-05T18:00:00Z,2026-07-05,18,0.028,0,0.085,,90.4,226.15,SeasonalProfile+EWMA,2026-07-29T02:51:21Z
FC-HAM01-001933,HAM01,AR90036,2026-07-05T19:00:00Z,2026-07-05,19,0.017,0,0.075,,90.4,226.15,SeasonalProfile+EWMA,2026-07-29T02:51:21Z
FC-HAM01-001934,HAM01,AR90036,2026-07-05T21:00:00Z,2026-07-05,21,0.016,0,0.073,,90.4,226.15,SeasonalProfile+EWMA,2026-07-29T02:51:21Z
FC-HAM01-001935,HAM01,AR00193,2026-07-05T12:00:00Z,2026-07-05,12,0.017,0,0.291,,95.04,190.67,SeasonalProfile+EWMA,2026-07-29T02:51:21Z
FC-HAM01-001936,HAM01,AR00193,2026-07-05T13:00:00Z,2026-07-05,13,0.023,0,0.297,,95.04,190.67,SeasonalProfile+EWMA,2026-07-29T02:51:21Z
FC-HAM01-001937,HAM01,AR00193,2026-07-05T14:00:00Z,2026-07-05,14,0.017,0,0.291,,95.04,190.67,SeasonalProfile+EWMA,2026-07-29T02:51:21Z
FC-HAM01-001938,HAM01,AR00193,2026-07-05T15:00:00Z,2026-07-05,15,0.025,0,0.299,,95.04,190.67,SeasonalProfile+EWMA,2026-07-29T02:51:21Z
FC-HAM01-001939,HAM01,AR00193,2026-07-05T16:00:00Z,2026-07-05,16,0.023,0,0.297,,95.04,190.67,SeasonalProfile+EWMA,2026-07-29T02:51:21Z
FC-HAM01-001940,HAM01,AR00193,2026-07-05T17:00:00Z,2026-07-05,17,0.027,0,0.301,,95.04,190.67,SeasonalProfile+EWMA,2026-07-29T02:51:21Z
FC-HAM01-001941,HAM01,AR00193,2026-07-05T18:00:00Z,2026-07-05,18,0.018,0,0.293,,95.04,190.67,SeasonalProfile+EWMA,2026-07-29T02:51:21Z
FC-HAM01-001942,HAM01,AR90009,2026-07-05T12:00:00Z,2026-07-05,12,0.029,0,0.192,,92.78,230.41,SeasonalProfile+EWMA,2026-07-29T02:51:21Z
FC-HAM01-001943,HAM01,AR90009,2026-07-05T13:00:00Z,2026-07-05,13,0.024,0,0.187,,92.78,230.41,SeasonalProfile+EWMA,2026-07-29T02:51:21Z
FC-HAM01-001944,HAM01,AR90009,2026-07-05T14:00:00Z,2026-07-05,14,0.029,0,0.192,,92.78,230.41,SeasonalProfile+EWMA,2026-07-29T02:51:21Z
FC-HAM01-001945,HAM01,AR90009,2026-07-05T15:00:00Z,2026-07-05,15,0.031,0,0.194,,92.78,230.41,SeasonalProfile+EWMA,2026-07-29T02:51:21Z
FC-HAM01-001946,HAM01,AR90009,2026-07-05T16:00:00Z,2026-07-05,16,0.024,0,0.187,,92.78,230.41,SeasonalProfile+EWMA,2026-07-29T02:51:21Z
FC-HAM01-001947,HAM01,AR90009,2026-07-05T17:00:00Z,2026-07-05,17,0.029,0,0.192,,92.78,230.41,SeasonalProfile+EWMA,2026-07-29T02:51:21Z
FC-HAM01-001948,HAM01,AR90009,2026-07-05T18:00:00Z,2026-07-05,18,0.023,0,0.186,,92.78,230.41,SeasonalProfile+EWMA,2026-07-29T02:51:21Z
FC-HAM01-001949,HAM01,AR00039,2026-07-05T13:00:00Z,2026-07-05,13,0.023,0,0.255,,93.33,218.56,SeasonalProfile+EWMA,2026-07-29T02:51:21Z
FC-HAM01-001950,HAM01,AR00039,2026-07-05T14:00:00Z,2026-07-05,14,0.021,0,0.253,,93.33,218.56,SeasonalProfile+EWMA,2026-07-29T02:51:21Z
FC-HAM01-001951,HAM01,AR00039,2026-07-05T15:00:00Z,2026-07-05,15,0.024,0,0.256,,93.33,218.56,SeasonalProfile+EWMA,2026-07-29T02:51:21Z
FC-HAM01-001952,HAM01,AR00039,2026-07-05T16:00:00Z,2026-07-05,16,0.021,0,0.252,,93.33,218.56,SeasonalProfile+EWMA,2026-07-29T02:51:21Z
FC-HAM01-001953,HAM01,AR00039,2026-07-05T18:00:00Z,2026-07-05,18,0.022,0,0.254,,93.33,218.56,SeasonalProfile+EWMA,2026-07-29T02:51:21Z
FC-HAM01-001954,HAM01,AR00011,2026-07-05T13:00:00Z,2026-07-05,13,0.026,0,0.196,,94.44,175.65,SeasonalProfile+EWMA,2026-07-29T02:51:21Z
FC-HAM01-001955,HAM01,AR00011,2026-07-05T14:00:00Z,2026-07-05,14,0.015,0,0.185,,94.44,175.65,SeasonalProfile+EWMA,2026-07-29T02:51:21Z
FC-HAM01-001956,HAM01,AR00011,2026-07-05T15:00:00Z,2026-07-05,15,0.02,0,0.189,,94.44,175.65,SeasonalProfile+EWMA,2026-07-29T02:51:21Z
FC-HAM01-001957,HAM01,AR00011,2026-07-05T16:00:00Z,2026-07-05,16,0.022,0,0.192,,94.44,175.65,SeasonalProfile+EWMA,2026-07-29T02:51:21Z
FC-HAM01-001958,HAM01,AR00011,2026-07-05T17:00:00Z,2026-07-05,17,0.015,0,0.185,,94.44,175.65,SeasonalProfile+EWMA,2026-07-29T02:51:21Z
FC-HAM01-001959,HAM01,AR00011,2026-07-05T18:00:00Z,2026-07-05,18,0.018,0,0.188,,94.44,175.65,SeasonalProfile+EWMA,2026-07-29T02:51:21Z
FC-HAM01-001960,HAM01,AR00013,2026-07-05T16:00:00Z,2026-07-05,16,0.015,0,0.19,,97.62,169.15,SeasonalProfile+EWMA,2026-07-29T02:51:21Z
FC-HAM01-001961,HAM01,AR00137,2026-07-05T13:00:00Z,2026-07-05,13,0.02,0,0.044,,96.37,195.81,SeasonalProfile+EWMA,2026-07-29T02:51:21Z
FC-HAM01-001962,HAM01,AR00137,2026-07-05T14:00:00Z,2026-07-05,14,0.016,0,0.04,,96.37,195.81,SeasonalProfile+EWMA,2026-07-29T02:51:21Z
FC-HAM01-001963,HAM01,AR00137,2026-07-05T15:00:00Z,2026-07-05,15,0.016,0,0.04,,96.37,195.81,SeasonalProfile+EWMA,2026-07-29T02:51:21Z
FC-HAM01-001964,HAM01,AR00137,2026-07-05T16:00:00Z,2026-07-05,16,0.019,0,0.043,,96.37,195.81,SeasonalProfile+EWMA,2026-07-29T02:51:21Z
FC-HAM01-001965,HAM01,AR00138,2026-07-05T12:00:00Z,2026-07-05,12,0.019,0,0.204,,96.12,184.86,SeasonalProfile+EWMA,2026-07-29T02:51:21Z
FC-HAM01-001966,HAM01,AR00138,2026-07-05T13:00:00Z,2026-07-05,13,0.024,0,0.208,,96.12,184.86,SeasonalProfile+EWMA,2026-07-29T02:51:21Z
FC-HAM01-001967,HAM01,AR00138,2026-07-05T14:00:00Z,2026-07-05,14,0.02,0,0.204,,96.12,184.86,SeasonalProfile+EWMA,2026-07-29T02:51:21Z
FC-HAM01-001968,HAM01,AR00138,2026-07-05T15:00:00Z,2026-07-05,15,0.025,0,0.209,,96.12,184.86,SeasonalProfile+EWMA,2026-07-29T02:51:21Z
FC-HAM01-001969,HAM01,AR00138,2026-07-05T16:00:00Z,2026-07-05,16,0.024,0,0.208,,96.12,184.86,SeasonalProfile+EWMA,2026-07-29T02:51:21Z
FC-HAM01-001970,HAM01,AR00138,2026-07-05T17:00:00Z,2026-07-05,17,0.018,0,0.202,,96.12,184.86,SeasonalProfile+EWMA,2026-07-29T02:51:21Z
FC-HAM01-001971,HAM01,AR00138,2026-07-05T18:00:00Z,2026-07-05,18,0.022,0,0.207,,96.12,184.86,SeasonalProfile+EWMA,2026-07-29T02:51:21Z
FC-HAM01-001972,HAM01,AR90055,2026-07-05T13:00:00Z,2026-07-05,13,0.017,0,0.038,,99.05,227.14,SeasonalProfile+EWMA,2026-07-29T02:51:21Z
FC-HAM01-001973,HAM01,AR90055,2026-07-05T16:00:00Z,2026-07-05,16,0.018,0,0.039,,99.05,227.14,SeasonalProfile+EWMA,2026-07-29T02:51:21Z
FC-HAM01-001974,HAM01,AR00081,2026-07-05T15:00:00Z,2026-07-05,15,0.019,0,0.039,,95.47,158.78,SeasonalProfile+EWMA,2026-07-29T02:51:21Z
FC-HAM01-001975,HAM01,AR00081,2026-07-05T16:00:00Z,2026-07-05,16,0.015,0,0.035,,95.47,158.78,SeasonalProfile+EWMA,2026-07-29T02:51:21Z
FC-HAM01-001976,HAM01,AR00031,2026-07-04T13:00:00Z,2026-07-04,13,0.017,0,0.06,,95.91,347.65,SeasonalProfile+EWMA,2026-07-29T02:51:21Z
FC-HAM01-001977,HAM01,AR00031,2026-07-05T12:00:00Z,2026-07-05,12,0.023,0,0.066,,95.91,347.65,SeasonalProfile+EWMA,2026-07-29T02:51:21Z
FC-HAM01-001978,HAM01,AR00031,2026-07-05T13:00:00Z,2026-07-05,13,0.038,0,0.081,,95.91,347.65,SeasonalProfile+EWMA,2026-07-29T02:51:21Z
FC-HAM01-001979,HAM01,AR00031,2026-07-05T14:00:00Z,2026-07-05,14,0.032,0,0.075,,95.91,347.65,SeasonalProfile+EWMA,2026-07-29T02:51:21Z
FC-HAM01-001980,HAM01,AR00031,2026-07-05T15:00:00Z,2026-07-05,15,0.028,0,0.071,,95.91,347.65,SeasonalProfile+EWMA,2026-07-29T02:51:21Z
FC-HAM01-001981,HAM01,AR00031,2026-07-05T16:00:00Z,2026-07-05,16,0.027,0,0.07,,95.91,347.65,SeasonalProfile+EWMA,2026-07-29T02:51:21Z
FC-HAM01-001982,HAM01,AR00031,2026-07-05T17:00:00Z,2026-07-05,17,0.029,0,0.073,,95.91,347.65,SeasonalProfile+EWMA,2026-07-29T02:51:21Z
FC-HAM01-001983,HAM01,AR00031,2026-07-05T18:00:00Z,2026-07-05,18,0.02,0,0.064,,95.91,347.65,SeasonalProfile+EWMA,2026-07-29T02:51:21Z
FC-HAM01-001984,HAM01,AR00031,2026-07-05T19:00:00Z,2026-07-05,19,0.018,0,0.061,,95.91,347.65,SeasonalProfile+EWMA,2026-07-29T02:51:21Z
FC-HAM01-001985,HAM01,AR00163,2026-07-05T12:00:00Z,2026-07-05,12,0.016,0,0.048,,97,237.85,SeasonalProfile+EWMA,2026-07-29T02:51:21Z
FC-HAM01-001986,HAM01,AR00163,2026-07-05T13:00:00Z,2026-07-05,13,0.024,0,0.056,,97,237.85,SeasonalProfile+EWMA,2026-07-29T02:51:21Z
FC-HAM01-001987,HAM01,AR00163,2026-07-05T14:00:00Z,2026-07-05,14,0.02,0,0.052,,97,237.85,SeasonalProfile+EWMA,2026-07-29T02:51:21Z
FC-HAM01-001988,HAM01,AR00163,2026-07-05T15:00:00Z,2026-07-05,15,0.018,0,0.051,,97,237.85,SeasonalProfile+EWMA,2026-07-29T02:51:21Z
FC-HAM01-001989,HAM01,AR00163,2026-07-05T16:00:00Z,2026-07-05,16,0.027,0,0.06,,97,237.85,SeasonalProfile+EWMA,2026-07-29T02:51:21Z
FC-HAM01-001990,HAM01,AR00163,2026-07-05T17:00:00Z,2026-07-05,17,0.018,0,0.05,,97,237.85,SeasonalProfile+EWMA,2026-07-29T02:51:21Z
FC-HAM01-001991,HAM01,AR00210,2026-07-05T16:00:00Z,2026-07-05,16,0.016,0,0.215,,96.23,218.22,SeasonalProfile+EWMA,2026-07-29T02:51:21Z
FC-HAM01-001992,HAM01,AR00159,2026-07-05T13:00:00Z,2026-07-05,13,0.022,0,0.048,,97.47,185.71,SeasonalProfile+EWMA,2026-07-29T02:51:21Z
FC-HAM01-001993,HAM01,AR00159,2026-07-05T14:00:00Z,2026-07-05,14,0.021,0,0.047,,97.47,185.71,SeasonalProfile+EWMA,2026-07-29T02:51:21Z
FC-HAM01-001994,HAM01,AR00159,2026-07-05T15:00:00Z,2026-07-05,15,0.02,0,0.046,,97.47,185.71,SeasonalProfile+EWMA,2026-07-29T02:51:21Z
FC-HAM01-001995,HAM01,AR00159,2026-07-05T16:00:00Z,2026-07-05,16,0.015,0,0.042,,97.47,185.71,SeasonalProfile+EWMA,2026-07-29T02:51:21Z
FC-HAM01-001996,HAM01,AR00159,2026-07-05T17:00:00Z,2026-07-05,17,0.017,0,0.043,,97.47,185.71,SeasonalProfile+EWMA,2026-07-29T02:51:21Z
