ID,customer_ID,store_ID,article_ID,validFrom,validTo,propensity,offerDiscountPct,expectedRevenue,currency_code,channel,rationale,state
NBO-000353,CUST00198,STR01,AR90013,2026-07-03,2026-07-17,0.9432,12.8,1.4,EUR,APP_PUSH,"Buys Red Bull 0,25 about every 32.5 days and is 57 days on from the last one.",OPEN
NBO-000001,CUST00001,MUC01,AR90036,2026-07-03,2026-07-17,0.9232,11.2,1.39,EUR,APP_PUSH,Buys Welde Alkoholfrei about every 43 days and is 91 days on from the last one.,OPEN
NBO-000594,CUST00338,HAM01,AR00204,2026-07-03,2026-07-17,0.8768,8,1.45,EUR,APP_PUSH,Buys Croissant Schnecke about every 27.5 days and is 45 days on from the last one.,OPEN
NBO-000824,CUST00470,HAM01,AR90018,2026-07-03,2026-07-17,0.8682,9.6,1.53,EUR,APP_PUSH,Buys DPG Vitamin Well Reload about every 38 days and is 87 days on from the last one.,OPEN
NBO-000278,CUST00167,HAM01,AR00188,2026-07-03,2026-07-17,0.8636,9.6,1.41,EUR,APP_PUSH,Buys Laugenbrezel mit Butter about every 17.5 days and is 30 days on from the last one.,OPEN
NBO-000426,CUST00241,HAM01,AR00213,2026-07-03,2026-07-17,0.8594,11.2,0.92,EUR,APP_PUSH,Buys Twix Xtra 75g about every 31.5 days and is 92 days on from the last one.,OPEN
NBO-000171,CUST00106,BLN01,AR90013,2026-07-03,2026-07-17,0.8463,8,1.32,EUR,APP_PUSH,"Buys Red Bull 0,25 about every 27 days and is 53 days on from the last one.",OPEN
NBO-000538,CUST00304,STR01,AR90013,2026-07-03,2026-07-17,0.8276,11.2,1.25,EUR,APP_PUSH,"Buys Red Bull 0,25 about every 52 days and is 59 days on from the last one.",OPEN
NBO-000451,CUST00251,WDF02,AR90040,2026-07-03,2026-07-17,0.8117,19.8,1.11,EUR,APP_PUSH,"FUZE T PFIRSICH sells with Leergut 0,15 EUR at 3.69x lift, and that is one of this customer's regular buys.",OPEN
NBO-000452,CUST00251,WDF02,AR90030,2026-07-03,2026-07-17,0.8117,19.8,1.04,EUR,APP_PUSH,"Teinacher Apfelschorle sells with Leergut 0,15 EUR at 3.5x lift, and that is one of this customer's regular buys.",OPEN
NBO-000453,CUST00251,WDF02,AR90039,2026-07-03,2026-07-17,0.8117,19.8,0.98,EUR,APP_PUSH,"Coca Cola Zero 0,4L Glas Mehrweg sells with Leergut 0,15 EUR at 3.42x lift, and that is one of this customer's regular buys.",OPEN
NBO-000013,CUST00008,MUC01,AR90003,2026-07-03,2026-07-17,0.8081,9.6,0.11,EUR,APP_PUSH,"Buys Leergut 0,15 EUR about every 35.5 days and is 50 days on from the last one.",OPEN
NBO-000645,CUST00367,WDF01,AR90003,2026-07-03,2026-07-17,0.8076,12.8,0.11,EUR,APP_PUSH,"Buys Leergut 0,15 EUR about every 39.3 days and is 58 days on from the last one.",OPEN
NBO-000380,CUST00215,HAM01,AR00243,2026-07-03,2026-07-17,0.8057,8,1.85,EUR,APP_PUSH,Buys HOMEMADE BUN VEGAN about every 49.5 days and is 73 days on from the last one.,OPEN
NBO-000479,CUST00262,HAM01,AR90002,2026-07-03,2026-07-17,0.7897,8,0.06,EUR,APP_PUSH,"Buys Leergut 0,08 EUR about every 24.5 days and is 59 days on from the last one.",OPEN
NBO-000687,CUST00389,MUC01,AR90040,2026-07-03,2026-07-17,0.7773,19.8,1.06,EUR,APP_PUSH,"FUZE T PFIRSICH sells with Leergut 0,15 EUR at 3.69x lift, and that is one of this customer's regular buys.",OPEN
NBO-000688,CUST00389,MUC01,AR90030,2026-07-03,2026-07-17,0.7773,19.8,1,EUR,APP_PUSH,"Teinacher Apfelschorle sells with Leergut 0,15 EUR at 3.5x lift, and that is one of this customer's regular buys.",OPEN
NBO-000392,CUST00223,WDF01,AR90039,2026-07-03,2026-07-17,0.7725,8,1.07,EUR,APP_PUSH,"Buys Coca Cola Zero 0,4L Glas Mehrweg about every 53 days and is 71 days on from the last one.",OPEN
NBO-000791,CUST00447,HAM01,AR00188,2026-07-03,2026-07-17,0.7702,8,1.28,EUR,APP_PUSH,Buys Laugenbrezel mit Butter about every 51 days and is 81 days on from the last one.,OPEN
NBO-000747,CUST00421,HAM01,AR90030,2026-07-03,2026-07-17,0.7673,19.8,0.98,EUR,APP_PUSH,"Teinacher Apfelschorle sells with Leergut 0,15 EUR at 3.5x lift, and that is one of this customer's regular buys.",OPEN
NBO-000748,CUST00421,HAM01,AR90035,2026-07-03,2026-07-17,0.7673,19.8,1.05,EUR,APP_PUSH,"Welde Naturradler sells with Leergut 0,08 EUR at 9.52x lift, and that is one of this customer's regular buys.",OPEN
NBO-000177,CUST00108,WDF01,AR00245,2026-07-03,2026-07-17,0.7659,12.8,2.07,EUR,APP_PUSH,Buys HOMEMADE Breakfastcup 285g about every 38 days and is 38 days on from the last one.,OPEN
NBO-000602,CUST00343,HAM01,AR90040,2026-07-03,2026-07-17,0.7657,18.2,1.06,EUR,APP_PUSH,"FUZE T PFIRSICH sells with Leergut 0,15 EUR at 3.69x lift, and that is one of this customer's regular buys.",OPEN
NBO-000480,CUST00262,HAM01,AR00241,2026-07-03,2026-07-17,0.7648,8,1.76,EUR,APP_PUSH,Buys HOMEMADE BUN HAM about every 19.5 days and is 49 days on from the last one.,OPEN
NBO-000373,CUST00209,WDF02,AR90040,2026-07-03,2026-07-17,0.7634,19.8,1.04,EUR,APP_PUSH,"FUZE T PFIRSICH sells with Leergut 0,15 EUR at 3.69x lift, and that is one of this customer's regular buys.",OPEN
NBO-000374,CUST00209,WDF02,AR90030,2026-07-03,2026-07-17,0.7634,19.8,0.98,EUR,APP_PUSH,"Teinacher Apfelschorle sells with Leergut 0,15 EUR at 3.5x lift, and that is one of this customer's regular buys.",OPEN
NBO-000206,CUST00128,WDF01,AR90003,2026-07-03,2026-07-17,0.7573,8,0.1,EUR,APP_PUSH,"Buys Leergut 0,15 EUR about every 30.5 days and is 38 days on from the last one.",OPEN
NBO-000564,CUST00320,HAM01,AR00241,2026-07-03,2026-07-17,0.756,8,1.74,EUR,APP_PUSH,Buys HOMEMADE BUN HAM about every 36 days and is 61 days on from the last one.,OPEN
NBO-000603,CUST00343,HAM01,AR90035,2026-07-03,2026-07-17,0.7555,18.2,1.05,EUR,APP_PUSH,"Welde Naturradler sells with Leergut 0,08 EUR at 9.52x lift, and that is one of this customer's regular buys.",OPEN
NBO-000154,CUST00097,HAM01,AR90019,2026-07-03,2026-07-17,0.7533,9.6,1.33,EUR,APP_PUSH,Buys DPG Vitamin Well Hydrate about every 53 days and is 49 days on from the last one.,OPEN
NBO-000427,CUST00241,HAM01,AR90040,2026-07-03,2026-07-17,0.7522,18.2,1.05,EUR,APP_PUSH,"FUZE T PFIRSICH sells with Leergut 0,15 EUR at 3.69x lift, and that is one of this customer's regular buys.",OPEN
NBO-000428,CUST00241,HAM01,AR90030,2026-07-03,2026-07-17,0.7522,18.2,0.98,EUR,APP_PUSH,"Teinacher Apfelschorle sells with Leergut 0,15 EUR at 3.5x lift, and that is one of this customer's regular buys.",OPEN
NBO-000646,CUST00367,WDF01,AR90030,2026-07-03,2026-07-17,0.7519,19.8,0.96,EUR,APP_PUSH,"Teinacher Apfelschorle sells with Leergut 0,15 EUR at 3.5x lift, and that is one of this customer's regular buys.",OPEN
NBO-000398,CUST00225,WDF01,AR90040,2026-07-03,2026-07-17,0.7461,18.2,1.04,EUR,APP_PUSH,"FUZE T PFIRSICH sells with Leergut 0,15 EUR at 3.69x lift, and that is one of this customer's regular buys.",OPEN
NBO-000399,CUST00225,WDF01,AR90030,2026-07-03,2026-07-17,0.7461,18.2,0.98,EUR,APP_PUSH,"Teinacher Apfelschorle sells with Leergut 0,15 EUR at 3.5x lift, and that is one of this customer's regular buys.",OPEN
NBO-000137,CUST00082,HAM01,AR90036,2026-07-03,2026-07-17,0.7457,19.8,1.02,EUR,APP_PUSH,"Welde Alkoholfrei sells with Leergut 0,08 EUR at 7.14x lift, and that is one of this customer's regular buys.",OPEN
NBO-000539,CUST00304,STR01,AR90035,2026-07-03,2026-07-17,0.7446,18.2,1.04,EUR,APP_PUSH,"Welde Naturradler sells with Leergut 0,08 EUR at 9.52x lift, and that is one of this customer's regular buys.",OPEN
NBO-000540,CUST00304,STR01,AR90034,2026-07-03,2026-07-17,0.7446,18.2,1.04,EUR,APP_PUSH,"Welde Slow sells with Leergut 0,08 EUR at 8.29x lift, and that is one of this customer's regular buys.",OPEN
NBO-000552,CUST00314,BLN01,AR90035,2026-07-03,2026-07-17,0.7413,18.2,1.03,EUR,APP_PUSH,"Welde Naturradler sells with Leergut 0,08 EUR at 9.52x lift, and that is one of this customer's regular buys.",OPEN
NBO-000553,CUST00314,BLN01,AR90036,2026-07-03,2026-07-17,0.7413,18.2,1.03,EUR,APP_PUSH,"Welde Alkoholfrei sells with Leergut 0,08 EUR at 7.14x lift, and that is one of this customer's regular buys.",OPEN
NBO-000138,CUST00082,HAM01,AR90040,2026-07-03,2026-07-17,0.741,19.8,1.01,EUR,APP_PUSH,"FUZE T PFIRSICH sells with Leergut 0,15 EUR at 3.69x lift, and that is one of this customer's regular buys.",OPEN
NBO-000139,CUST00082,HAM01,AR90030,2026-07-03,2026-07-17,0.741,19.8,0.95,EUR,APP_PUSH,"Teinacher Apfelschorle sells with Leergut 0,15 EUR at 3.5x lift, and that is one of this customer's regular buys.",OPEN
NBO-000255,CUST00152,WDF01,AR90040,2026-07-03,2026-07-17,0.7393,18.2,1.03,EUR,APP_PUSH,"FUZE T PFIRSICH sells with Leergut 0,15 EUR at 3.69x lift, and that is one of this customer's regular buys.",OPEN
NBO-000256,CUST00152,WDF01,AR90030,2026-07-03,2026-07-17,0.7393,18.2,0.97,EUR,APP_PUSH,"Teinacher Apfelschorle sells with Leergut 0,15 EUR at 3.5x lift, and that is one of this customer's regular buys.",OPEN
NBO-000087,CUST00050,HAM01,AR00245,2026-07-03,2026-07-17,0.7379,9.6,2.07,EUR,APP_PUSH,Buys HOMEMADE Breakfastcup 285g about every 21.5 days and is 64 days on from the last one.,OPEN
NBO-000569,CUST00322,BLN01,AR90040,2026-07-03,2026-07-17,0.7367,18.2,1.02,EUR,APP_PUSH,"FUZE T PFIRSICH sells with Leergut 0,15 EUR at 3.69x lift, and that is one of this customer's regular buys.",OPEN
NBO-000570,CUST00322,BLN01,AR90030,2026-07-03,2026-07-17,0.7367,18.2,0.96,EUR,APP_PUSH,"Teinacher Apfelschorle sells with Leergut 0,15 EUR at 3.5x lift, and that is one of this customer's regular buys.",OPEN
NBO-000140,CUST00083,BLN01,AR90003,2026-07-03,2026-07-17,0.7362,12.8,0.1,EUR,APP_PUSH,"Buys Leergut 0,15 EUR about every 56 days and is 56 days on from the last one.",OPEN
NBO-000627,CUST00359,STR01,AR90035,2026-07-03,2026-07-17,0.7341,16.6,1.04,EUR,APP_PUSH,"Welde Naturradler sells with Leergut 0,08 EUR at 9.52x lift, and that is one of this customer's regular buys.",OPEN
NBO-000628,CUST00359,STR01,AR90036,2026-07-03,2026-07-17,0.7341,16.6,1.04,EUR,APP_PUSH,"Welde Alkoholfrei sells with Leergut 0,08 EUR at 7.14x lift, and that is one of this customer's regular buys.",OPEN
NBO-000354,CUST00198,STR01,AR90040,2026-07-03,2026-07-17,0.7331,19.8,1,EUR,APP_PUSH,"FUZE T PFIRSICH sells with Leergut 0,15 EUR at 3.69x lift, and that is one of this customer's regular buys.",OPEN
NBO-000355,CUST00198,STR01,AR90030,2026-07-03,2026-07-17,0.7331,19.8,0.94,EUR,APP_PUSH,"Teinacher Apfelschorle sells with Leergut 0,15 EUR at 3.5x lift, and that is one of this customer's regular buys.",OPEN
NBO-000470,CUST00259,MUC01,AR90004,2026-07-03,2026-07-17,0.7325,9.6,0.17,EUR,APP_PUSH,"Buys Leergut 0,25 EUR about every 23 days and is 44 days on from the last one.",OPEN
NBO-000654,CUST00373,MUC01,AR90040,2026-07-03,2026-07-17,0.7317,16.6,1.04,EUR,APP_PUSH,"FUZE T PFIRSICH sells with Leergut 0,15 EUR at 3.69x lift, and that is one of this customer's regular buys.",OPEN
NBO-000655,CUST00373,MUC01,AR90030,2026-07-03,2026-07-17,0.7317,16.6,0.98,EUR,APP_PUSH,"Teinacher Apfelschorle sells with Leergut 0,15 EUR at 3.5x lift, and that is one of this customer's regular buys.",OPEN
NBO-000462,CUST00256,MUC01,AR90013,2026-07-03,2026-07-17,0.7314,9.6,1.12,EUR,APP_PUSH,"Buys Red Bull 0,25 about every 33 days and is 59 days on from the last one.",OPEN
NBO-000554,CUST00314,BLN01,AR90040,2026-07-03,2026-07-17,0.7303,18.2,1.02,EUR,APP_PUSH,"FUZE T PFIRSICH sells with Leergut 0,15 EUR at 3.69x lift, and that is one of this customer's regular buys.",OPEN
NBO-000651,CUST00371,HAM01,AR00289,2026-07-03,2026-07-17,0.73,19.8,1.29,EUR,APP_PUSH,"Shot Himbeere Ingwer 60ml sells with HOMEMADE Breakfastcup 285g at 14.68x lift, and that is one of this customer's regular buys.",OPEN
NBO-000595,CUST00338,HAM01,AR90034,2026-07-03,2026-07-17,0.7274,8,1.14,EUR,APP_PUSH,Buys Welde Slow about every 28.7 days and is 78 days on from the last one.,OPEN
NBO-000203,CUST00127,WDF01,AR90040,2026-07-03,2026-07-17,0.7255,19.8,0.99,EUR,APP_PUSH,"FUZE T PFIRSICH sells with Leergut 0,15 EUR at 3.69x lift, and that is one of this customer's regular buys.",OPEN
NBO-000204,CUST00127,WDF01,AR90030,2026-07-03,2026-07-17,0.7255,19.8,0.93,EUR,APP_PUSH,"Teinacher Apfelschorle sells with Leergut 0,15 EUR at 3.5x lift, and that is one of this customer's regular buys.",OPEN
NBO-000107,CUST00060,HAM01,AR90040,2026-07-03,2026-07-17,0.7244,18.2,1.01,EUR,APP_PUSH,"FUZE T PFIRSICH sells with Leergut 0,15 EUR at 3.69x lift, and that is one of this customer's regular buys.",OPEN
NBO-000108,CUST00060,HAM01,AR90030,2026-07-03,2026-07-17,0.7244,18.2,0.95,EUR,APP_PUSH,"Teinacher Apfelschorle sells with Leergut 0,15 EUR at 3.5x lift, and that is one of this customer's regular buys.",OPEN
NBO-000652,CUST00371,HAM01,AR90034,2026-07-03,2026-07-17,0.7229,19.8,0.99,EUR,APP_PUSH,"Welde Slow sells with Leergut 0,08 EUR at 8.29x lift, and that is one of this customer's regular buys.",OPEN
NBO-000653,CUST00371,HAM01,AR90036,2026-07-03,2026-07-17,0.7229,19.8,0.99,EUR,APP_PUSH,"Welde Alkoholfrei sells with Leergut 0,08 EUR at 7.14x lift, and that is one of this customer's regular buys.",OPEN
NBO-000205,CUST00127,WDF01,AR00289,2026-07-03,2026-07-17,0.7186,19.8,1.27,EUR,APP_PUSH,"Shot Himbeere Ingwer 60ml sells with HOMEMADE Breakfastcup 285g at 14.68x lift, and that is one of this customer's regular buys.",OPEN
NBO-000014,CUST00008,MUC01,AR90039,2026-07-03,2026-07-17,0.7178,16.6,0.9,EUR,APP_PUSH,"Coca Cola Zero 0,4L Glas Mehrweg sells with Leergut 0,15 EUR at 3.42x lift, and that is one of this customer's regular buys.",OPEN
NBO-000113,CUST00067,WDF01,AR90003,2026-07-03,2026-07-17,0.7173,9.6,0.1,EUR,APP_PUSH,"Buys Leergut 0,15 EUR about every 47 days and is 63 days on from the last one.",OPEN
NBO-000471,CUST00259,MUC01,AR90040,2026-07-03,2026-07-17,0.7142,16.6,1.01,EUR,APP_PUSH,"FUZE T PFIRSICH sells with Leergut 0,15 EUR at 3.69x lift, and that is one of this customer's regular buys.",OPEN
NBO-000472,CUST00259,MUC01,AR90030,2026-07-03,2026-07-17,0.7142,16.6,0.95,EUR,APP_PUSH,"Teinacher Apfelschorle sells with Leergut 0,15 EUR at 3.5x lift, and that is one of this customer's regular buys.",OPEN
NBO-000671,CUST00381,HAM01,AR90040,2026-07-03,2026-07-17,0.714,16.6,1.01,EUR,APP_PUSH,"FUZE T PFIRSICH sells with Leergut 0,15 EUR at 3.69x lift, and that is one of this customer's regular buys.",OPEN
NBO-000672,CUST00381,HAM01,AR90030,2026-07-03,2026-07-17,0.714,16.6,0.95,EUR,APP_PUSH,"Teinacher Apfelschorle sells with Leergut 0,15 EUR at 3.5x lift, and that is one of this customer's regular buys.",OPEN
NBO-000186,CUST00111,MUC01,AR90040,2026-07-03,2026-07-17,0.71,18.2,0.99,EUR,APP_PUSH,"FUZE T PFIRSICH sells with Leergut 0,15 EUR at 3.69x lift, and that is one of this customer's regular buys.",OPEN
NBO-000187,CUST00111,MUC01,AR90030,2026-07-03,2026-07-17,0.71,18.2,0.93,EUR,APP_PUSH,"Teinacher Apfelschorle sells with Leergut 0,15 EUR at 3.5x lift, and that is one of this customer's regular buys.",OPEN
NBO-000341,CUST00194,WDF01,AR90013,2026-07-03,2026-07-17,0.7089,8,1.11,EUR,APP_PUSH,"Buys Red Bull 0,25 about every 31.3 days and is 42 days on from the last one.",OPEN
NBO-000323,CUST00187,BLN01,AR90040,2026-07-03,2026-07-17,0.7088,15,1.02,EUR,APP_PUSH,"FUZE T PFIRSICH sells with Leergut 0,15 EUR at 3.69x lift, and that is one of this customer's regular buys.",OPEN
NBO-000324,CUST00187,BLN01,AR90030,2026-07-03,2026-07-17,0.7088,15,0.96,EUR,APP_PUSH,"Teinacher Apfelschorle sells with Leergut 0,15 EUR at 3.5x lift, and that is one of this customer's regular buys.",OPEN
NBO-000329,CUST00189,WDF01,AR00289,2026-07-03,2026-07-17,0.7067,18.2,1.27,EUR,APP_PUSH,"Shot Himbeere Ingwer 60ml sells with HOMEMADE Breakfastcup 285g at 14.68x lift, and that is one of this customer's regular buys.",OPEN
NBO-000330,CUST00189,WDF01,AR90035,2026-07-03,2026-07-17,0.7067,18.2,0.98,EUR,APP_PUSH,"Welde Naturradler sells with Leergut 0,08 EUR at 9.52x lift, and that is one of this customer's regular buys.",OPEN
NBO-000331,CUST00189,WDF01,AR90034,2026-07-03,2026-07-17,0.7067,18.2,0.98,EUR,APP_PUSH,"Welde Slow sells with Leergut 0,08 EUR at 8.29x lift, and that is one of this customer's regular buys.",OPEN
NBO-000467,CUST00258,WDF01,AR90040,2026-07-03,2026-07-17,0.7061,16.6,1,EUR,APP_PUSH,"FUZE T PFIRSICH sells with Leergut 0,15 EUR at 3.69x lift, and that is one of this customer's regular buys.",OPEN
NBO-000541,CUST00308,HAM01,AR90034,2026-07-03,2026-07-17,0.7061,16.6,1,EUR,APP_PUSH,"Welde Slow sells with Leergut 0,08 EUR at 8.29x lift, and that is one of this customer's regular buys.",OPEN
NBO-000059,CUST00032,HAM01,AR90035,2026-07-03,2026-07-17,0.705,16.6,1,EUR,APP_PUSH,"Welde Naturradler sells with Leergut 0,08 EUR at 9.52x lift, and that is one of this customer's regular buys.",OPEN
NBO-000060,CUST00032,HAM01,AR90034,2026-07-03,2026-07-17,0.705,16.6,1,EUR,APP_PUSH,"Welde Slow sells with Leergut 0,08 EUR at 8.29x lift, and that is one of this customer's regular buys.",OPEN
NBO-000061,CUST00032,HAM01,AR90040,2026-07-03,2026-07-17,0.705,16.6,1,EUR,APP_PUSH,"FUZE T PFIRSICH sells with Leergut 0,15 EUR at 3.69x lift, and that is one of this customer's regular buys.",OPEN
NBO-000716,CUST00405,BLN01,AR90040,2026-07-03,2026-07-17,0.7046,16.6,1,EUR,APP_PUSH,"FUZE T PFIRSICH sells with Leergut 0,15 EUR at 3.69x lift, and that is one of this customer's regular buys.",OPEN
NBO-000717,CUST00405,BLN01,AR90030,2026-07-03,2026-07-17,0.7046,16.6,0.94,EUR,APP_PUSH,"Teinacher Apfelschorle sells with Leergut 0,15 EUR at 3.5x lift, and that is one of this customer's regular buys.",OPEN
NBO-000448,CUST00250,MUC01,AR90040,2026-07-03,2026-07-17,0.7038,18.2,0.98,EUR,APP_PUSH,"FUZE T PFIRSICH sells with Leergut 0,15 EUR at 3.69x lift, and that is one of this customer's regular buys.",OPEN
NBO-000449,CUST00250,MUC01,AR90030,2026-07-03,2026-07-17,0.7038,18.2,0.92,EUR,APP_PUSH,"Teinacher Apfelschorle sells with Leergut 0,15 EUR at 3.5x lift, and that is one of this customer's regular buys.",OPEN
NBO-000450,CUST00250,MUC01,AR90039,2026-07-03,2026-07-17,0.7038,18.2,0.86,EUR,APP_PUSH,"Coca Cola Zero 0,4L Glas Mehrweg sells with Leergut 0,15 EUR at 3.42x lift, and that is one of this customer's regular buys.",OPEN
NBO-000459,CUST00255,HAM01,AR90040,2026-07-03,2026-07-17,0.7029,16.6,1,EUR,APP_PUSH,"FUZE T PFIRSICH sells with Leergut 0,15 EUR at 3.69x lift, and that is one of this customer's regular buys.",OPEN
NBO-000460,CUST00255,HAM01,AR90030,2026-07-03,2026-07-17,0.7029,16.6,0.94,EUR,APP_PUSH,"Teinacher Apfelschorle sells with Leergut 0,15 EUR at 3.5x lift, and that is one of this customer's regular buys.",OPEN
NBO-000461,CUST00255,HAM01,AR90039,2026-07-03,2026-07-17,0.7029,16.6,0.88,EUR,APP_PUSH,"Coca Cola Zero 0,4L Glas Mehrweg sells with Leergut 0,15 EUR at 3.42x lift, and that is one of this customer's regular buys.",OPEN
NBO-000604,CUST00343,HAM01,AR00136,2026-07-03,2026-07-17,0.7024,11.2,1.68,EUR,APP_PUSH,Buys La Magnum Almond about every 45.5 days and is 71 days on from the last one.,OPEN
NBO-000599,CUST00341,WDF01,AR90040,2026-07-03,2026-07-17,0.7019,16.6,1,EUR,APP_PUSH,"FUZE T PFIRSICH sells with Leergut 0,15 EUR at 3.69x lift, and that is one of this customer's regular buys.",OPEN
NBO-000600,CUST00341,WDF01,AR90030,2026-07-03,2026-07-17,0.7019,16.6,0.94,EUR,APP_PUSH,"Teinacher Apfelschorle sells with Leergut 0,15 EUR at 3.5x lift, and that is one of this customer's regular buys.",OPEN
NBO-000401,CUST00226,WDF01,AR90040,2026-07-03,2026-07-17,0.6968,16.6,0.99,EUR,APP_PUSH,"FUZE T PFIRSICH sells with Leergut 0,15 EUR at 3.69x lift, and that is one of this customer's regular buys.",OPEN
NBO-000402,CUST00226,WDF01,AR90030,2026-07-03,2026-07-17,0.6968,16.6,0.93,EUR,APP_PUSH,"Teinacher Apfelschorle sells with Leergut 0,15 EUR at 3.5x lift, and that is one of this customer's regular buys.",OPEN
NBO-000403,CUST00226,WDF01,AR90039,2026-07-03,2026-07-17,0.6968,16.6,0.87,EUR,APP_PUSH,"Coca Cola Zero 0,4L Glas Mehrweg sells with Leergut 0,15 EUR at 3.42x lift, and that is one of this customer's regular buys.",OPEN
NBO-000497,CUST00275,HAM01,AR90040,2026-07-03,2026-07-17,0.6958,16.6,0.99,EUR,APP_PUSH,"FUZE T PFIRSICH sells with Leergut 0,15 EUR at 3.69x lift, and that is one of this customer's regular buys.",OPEN
NBO-000498,CUST00275,HAM01,AR90030,2026-07-03,2026-07-17,0.6958,16.6,0.93,EUR,APP_PUSH,"Teinacher Apfelschorle sells with Leergut 0,15 EUR at 3.5x lift, and that is one of this customer's regular buys.",OPEN
NBO-000072,CUST00043,BLN01,AR90035,2026-07-03,2026-07-17,0.6955,15,1,EUR,APP_PUSH,"Welde Naturradler sells with Leergut 0,08 EUR at 9.52x lift, and that is one of this customer's regular buys.",OPEN
NBO-000073,CUST00043,BLN01,AR90034,2026-07-03,2026-07-17,0.6955,15,1,EUR,APP_PUSH,"Welde Slow sells with Leergut 0,08 EUR at 8.29x lift, and that is one of this customer's regular buys.",OPEN
NBO-000178,CUST00108,WDF01,AR90030,2026-07-03,2026-07-17,0.6941,19.8,0.89,EUR,APP_PUSH,"Teinacher Apfelschorle sells with Leergut 0,15 EUR at 3.5x lift, and that is one of this customer's regular buys.",OPEN
NBO-000179,CUST00108,WDF01,AR90039,2026-07-03,2026-07-17,0.6941,19.8,0.83,EUR,APP_PUSH,"Coca Cola Zero 0,4L Glas Mehrweg sells with Leergut 0,15 EUR at 3.42x lift, and that is one of this customer's regular buys.",OPEN
NBO-000026,CUST00013,WDF01,AR90035,2026-07-03,2026-07-17,0.6938,16.6,0.98,EUR,APP_PUSH,"Welde Naturradler sells with Leergut 0,08 EUR at 9.52x lift, and that is one of this customer's regular buys.",OPEN
NBO-000258,CUST00153,BLN01,AR90040,2026-07-03,2026-07-17,0.692,18.2,0.96,EUR,APP_PUSH,"FUZE T PFIRSICH sells with Leergut 0,15 EUR at 3.69x lift, and that is one of this customer's regular buys.",OPEN
NBO-000259,CUST00153,BLN01,AR90030,2026-07-03,2026-07-17,0.692,18.2,0.91,EUR,APP_PUSH,"Teinacher Apfelschorle sells with Leergut 0,15 EUR at 3.5x lift, and that is one of this customer's regular buys.",OPEN
NBO-000260,CUST00153,BLN01,AR90039,2026-07-03,2026-07-17,0.692,18.2,0.85,EUR,APP_PUSH,"Coca Cola Zero 0,4L Glas Mehrweg sells with Leergut 0,15 EUR at 3.42x lift, and that is one of this customer's regular buys.",OPEN
NBO-000279,CUST00167,HAM01,AR90040,2026-07-03,2026-07-17,0.6911,16.6,0.98,EUR,APP_PUSH,"FUZE T PFIRSICH sells with Leergut 0,15 EUR at 3.69x lift, and that is one of this customer's regular buys.",OPEN
NBO-000280,CUST00167,HAM01,AR90030,2026-07-03,2026-07-17,0.6911,16.6,0.92,EUR,APP_PUSH,"Teinacher Apfelschorle sells with Leergut 0,15 EUR at 3.5x lift, and that is one of this customer's regular buys.",OPEN
NBO-000122,CUST00071,MUC01,AR90040,2026-07-03,2026-07-17,0.691,18.2,0.96,EUR,APP_PUSH,"FUZE T PFIRSICH sells with Leergut 0,15 EUR at 3.69x lift, and that is one of this customer's regular buys.",OPEN
NBO-000123,CUST00071,MUC01,AR90030,2026-07-03,2026-07-17,0.691,18.2,0.9,EUR,APP_PUSH,"Teinacher Apfelschorle sells with Leergut 0,15 EUR at 3.5x lift, and that is one of this customer's regular buys.",OPEN
NBO-000620,CUST00353,MUC01,AR90015,2026-07-03,2026-07-17,0.691,11.2,1.04,EUR,APP_PUSH,Buys Red Bull Zero about every 50.5 days and is 63 days on from the last one.,OPEN
NBO-000238,CUST00144,BLN01,AR90040,2026-07-03,2026-07-17,0.6904,16.6,0.98,EUR,APP_PUSH,"FUZE T PFIRSICH sells with Leergut 0,15 EUR at 3.69x lift, and that is one of this customer's regular buys.",OPEN
NBO-000239,CUST00144,BLN01,AR90039,2026-07-03,2026-07-17,0.6904,16.6,0.86,EUR,APP_PUSH,"Coca Cola Zero 0,4L Glas Mehrweg sells with Leergut 0,15 EUR at 3.42x lift, and that is one of this customer's regular buys.",OPEN
NBO-000141,CUST00083,BLN01,AR90030,2026-07-03,2026-07-17,0.6888,19.8,0.88,EUR,APP_PUSH,"Teinacher Apfelschorle sells with Leergut 0,15 EUR at 3.5x lift, and that is one of this customer's regular buys.",OPEN
NBO-000693,CUST00391,HAM01,AR90040,2026-07-03,2026-07-17,0.6885,16.6,0.98,EUR,APP_PUSH,"FUZE T PFIRSICH sells with Leergut 0,15 EUR at 3.69x lift, and that is one of this customer's regular buys.",OPEN
NBO-000364,CUST00203,WDF02,AR90035,2026-07-03,2026-07-17,0.6869,16.6,0.97,EUR,APP_PUSH,"Welde Naturradler sells with Leergut 0,08 EUR at 9.52x lift, and that is one of this customer's regular buys.",OPEN
NBO-000365,CUST00203,WDF02,AR90034,2026-07-03,2026-07-17,0.6869,16.6,0.97,EUR,APP_PUSH,"Welde Slow sells with Leergut 0,08 EUR at 8.29x lift, and that is one of this customer's regular buys.",OPEN
NBO-000366,CUST00203,WDF02,AR90036,2026-07-03,2026-07-17,0.6869,16.6,0.97,EUR,APP_PUSH,"Welde Alkoholfrei sells with Leergut 0,08 EUR at 7.14x lift, and that is one of this customer's regular buys.",OPEN
NBO-000577,CUST00328,HAM01,AR90040,2026-07-03,2026-07-17,0.6865,15,0.99,EUR,APP_PUSH,"FUZE T PFIRSICH sells with Leergut 0,15 EUR at 3.69x lift, and that is one of this customer's regular buys.",OPEN
NBO-000578,CUST00328,HAM01,AR90030,2026-07-03,2026-07-17,0.6865,15,0.93,EUR,APP_PUSH,"Teinacher Apfelschorle sells with Leergut 0,15 EUR at 3.5x lift, and that is one of this customer's regular buys.",OPEN
NBO-000591,CUST00337,HAM01,AR90018,2026-07-03,2026-07-17,0.6865,8,1.23,EUR,APP_PUSH,Buys DPG Vitamin Well Reload about every 31.5 days and is 30 days on from the last one.,OPEN
NBO-000376,CUST00212,MUC01,AR90040,2026-07-03,2026-07-17,0.6862,16.6,0.97,EUR,APP_PUSH,"FUZE T PFIRSICH sells with Leergut 0,15 EUR at 3.69x lift, and that is one of this customer's regular buys.",OPEN
NBO-000377,CUST00212,MUC01,AR90030,2026-07-03,2026-07-17,0.6862,16.6,0.92,EUR,APP_PUSH,"Teinacher Apfelschorle sells with Leergut 0,15 EUR at 3.5x lift, and that is one of this customer's regular buys.",OPEN
NBO-000378,CUST00212,MUC01,AR90039,2026-07-03,2026-07-17,0.6862,16.6,0.86,EUR,APP_PUSH,"Coca Cola Zero 0,4L Glas Mehrweg sells with Leergut 0,15 EUR at 3.42x lift, and that is one of this customer's regular buys.",OPEN
NBO-000294,CUST00176,WDF01,AR90040,2026-07-03,2026-07-17,0.6856,16.6,0.97,EUR,APP_PUSH,"FUZE T PFIRSICH sells with Leergut 0,15 EUR at 3.69x lift, and that is one of this customer's regular buys.",OPEN
NBO-000295,CUST00176,WDF01,AR90030,2026-07-03,2026-07-17,0.6856,16.6,0.91,EUR,APP_PUSH,"Teinacher Apfelschorle sells with Leergut 0,15 EUR at 3.5x lift, and that is one of this customer's regular buys.",OPEN
NBO-000296,CUST00176,WDF01,AR90035,2026-07-03,2026-07-17,0.6856,16.6,0.97,EUR,APP_PUSH,"Welde Naturradler sells with Leergut 0,08 EUR at 9.52x lift, and that is one of this customer's regular buys.",OPEN
NBO-000149,CUST00093,WDF01,AR90040,2026-07-03,2026-07-17,0.685,16.6,0.97,EUR,APP_PUSH,"FUZE T PFIRSICH sells with Leergut 0,15 EUR at 3.69x lift, and that is one of this customer's regular buys.",OPEN
NBO-000150,CUST00093,WDF01,AR90030,2026-07-03,2026-07-17,0.685,16.6,0.91,EUR,APP_PUSH,"Teinacher Apfelschorle sells with Leergut 0,15 EUR at 3.5x lift, and that is one of this customer's regular buys.",OPEN
NBO-000542,CUST00308,HAM01,AR00011,2026-07-03,2026-07-17,0.6842,9.6,0.62,EUR,APP_PUSH,Buys Protein Bar Vanilla Stracci about every 53.5 days and is 64 days on from the last one.,OPEN
NBO-000074,CUST00043,BLN01,AR90040,2026-07-03,2026-07-17,0.6841,15,0.99,EUR,APP_PUSH,"FUZE T PFIRSICH sells with Leergut 0,15 EUR at 3.69x lift, and that is one of this customer's regular buys.",OPEN
NBO-000526,CUST00293,HAM01,AR00244,2026-07-03,2026-07-17,0.6834,8,1.57,EUR,APP_PUSH,Buys HOMEMADE BUN Veggie Laugenecke Tom Moz about every 28 days and is 45 days on from the last one.,OPEN
NBO-000002,CUST00001,MUC01,AR90040,2026-07-03,2026-07-17,0.683,18.2,0.95,EUR,APP_PUSH,"FUZE T PFIRSICH sells with Leergut 0,15 EUR at 3.69x lift, and that is one of this customer's regular buys.",OPEN
NBO-000003,CUST00001,MUC01,AR90039,2026-07-03,2026-07-17,0.683,18.2,0.84,EUR,APP_PUSH,"Coca Cola Zero 0,4L Glas Mehrweg sells with Leergut 0,15 EUR at 3.42x lift, and that is one of this customer's regular buys.",OPEN
NBO-000124,CUST00071,MUC01,AR90035,2026-07-03,2026-07-17,0.6823,18.2,0.95,EUR,APP_PUSH,"Welde Naturradler sells with Leergut 0,08 EUR at 9.52x lift, and that is one of this customer's regular buys.",OPEN
NBO-000410,CUST00231,MUC01,AR90040,2026-07-03,2026-07-17,0.6813,15,0.98,EUR,APP_PUSH,"FUZE T PFIRSICH sells with Leergut 0,15 EUR at 3.69x lift, and that is one of this customer's regular buys.",OPEN
NBO-000411,CUST00231,MUC01,AR90030,2026-07-03,2026-07-17,0.6813,15,0.93,EUR,APP_PUSH,"Teinacher Apfelschorle sells with Leergut 0,15 EUR at 3.5x lift, and that is one of this customer's regular buys.",OPEN
NBO-000412,CUST00231,MUC01,AR90039,2026-07-03,2026-07-17,0.6813,15,0.87,EUR,APP_PUSH,"Coca Cola Zero 0,4L Glas Mehrweg sells with Leergut 0,15 EUR at 3.42x lift, and that is one of this customer's regular buys.",OPEN
NBO-000710,CUST00401,MUC01,AR90035,2026-07-03,2026-07-17,0.6813,15,0.98,EUR,APP_PUSH,"Welde Naturradler sells with Leergut 0,08 EUR at 9.52x lift, and that is one of this customer's regular buys.",OPEN
NBO-000711,CUST00401,MUC01,AR90036,2026-07-03,2026-07-17,0.6813,15,0.98,EUR,APP_PUSH,"Welde Alkoholfrei sells with Leergut 0,08 EUR at 7.14x lift, and that is one of this customer's regular buys.",OPEN
NBO-000712,CUST00401,MUC01,AR90040,2026-07-03,2026-07-17,0.6813,15,0.98,EUR,APP_PUSH,"FUZE T PFIRSICH sells with Leergut 0,15 EUR at 3.69x lift, and that is one of this customer's regular buys.",OPEN
NBO-000166,CUST00102,HAM01,AR90035,2026-07-03,2026-07-17,0.6811,16.6,0.97,EUR,APP_PUSH,"Welde Naturradler sells with Leergut 0,08 EUR at 9.52x lift, and that is one of this customer's regular buys.",OPEN
NBO-000660,CUST00375,WDF02,AR00289,2026-07-03,2026-07-17,0.68,16.6,1.25,EUR,APP_PUSH,"Shot Himbeere Ingwer 60ml sells with HOMEMADE Breakfastcup 285g at 14.68x lift, and that is one of this customer's regular buys.",OPEN
NBO-000750,CUST00422,WDF01,AR90040,2026-07-03,2026-07-17,0.6796,16.6,0.96,EUR,APP_PUSH,"FUZE T PFIRSICH sells with Leergut 0,15 EUR at 3.69x lift, and that is one of this customer's regular buys.",OPEN
NBO-000751,CUST00422,WDF01,AR90030,2026-07-03,2026-07-17,0.6796,16.6,0.91,EUR,APP_PUSH,"Teinacher Apfelschorle sells with Leergut 0,15 EUR at 3.5x lift, and that is one of this customer's regular buys.",OPEN
NBO-000325,CUST00187,BLN01,AR90035,2026-07-03,2026-07-17,0.6794,15,0.98,EUR,APP_PUSH,"Welde Naturradler sells with Leergut 0,08 EUR at 9.52x lift, and that is one of this customer's regular buys.",OPEN
NBO-000555,CUST00315,WDF01,AR90040,2026-07-03,2026-07-17,0.6794,15,0.98,EUR,APP_PUSH,"FUZE T PFIRSICH sells with Leergut 0,15 EUR at 3.69x lift, and that is one of this customer's regular buys.",OPEN
NBO-000556,CUST00315,WDF01,AR90030,2026-07-03,2026-07-17,0.6794,15,0.92,EUR,APP_PUSH,"Teinacher Apfelschorle sells with Leergut 0,15 EUR at 3.5x lift, and that is one of this customer's regular buys.",OPEN
NBO-000648,CUST00368,HAM01,AR90040,2026-07-03,2026-07-17,0.6788,15,0.98,EUR,APP_PUSH,"FUZE T PFIRSICH sells with Leergut 0,15 EUR at 3.69x lift, and that is one of this customer's regular buys.",OPEN
NBO-000649,CUST00368,HAM01,AR90030,2026-07-03,2026-07-17,0.6788,15,0.92,EUR,APP_PUSH,"Teinacher Apfelschorle sells with Leergut 0,15 EUR at 3.5x lift, and that is one of this customer's regular buys.",OPEN
NBO-000393,CUST00223,WDF01,AR90030,2026-07-03,2026-07-17,0.6784,15,0.92,EUR,APP_PUSH,"Teinacher Apfelschorle sells with Leergut 0,15 EUR at 3.5x lift, and that is one of this customer's regular buys.",OPEN
NBO-000110,CUST00064,HAM01,AR90040,2026-07-03,2026-07-17,0.6783,15,0.98,EUR,APP_PUSH,"FUZE T PFIRSICH sells with Leergut 0,15 EUR at 3.69x lift, and that is one of this customer's regular buys.",OPEN
NBO-000544,CUST00309,MUC01,AR90034,2026-07-03,2026-07-17,0.6782,18.2,0.94,EUR,APP_PUSH,"Welde Slow sells with Leergut 0,08 EUR at 8.29x lift, and that is one of this customer's regular buys.",OPEN
NBO-000545,CUST00309,MUC01,AR90036,2026-07-03,2026-07-17,0.6782,18.2,0.94,EUR,APP_PUSH,"Welde Alkoholfrei sells with Leergut 0,08 EUR at 7.14x lift, and that is one of this customer's regular buys.",OPEN
NBO-000738,CUST00416,MUC01,AR90035,2026-07-03,2026-07-17,0.6763,15,0.98,EUR,APP_PUSH,"Welde Naturradler sells with Leergut 0,08 EUR at 9.52x lift, and that is one of this customer's regular buys.",OPEN
NBO-000739,CUST00416,MUC01,AR90036,2026-07-03,2026-07-17,0.6763,15,0.98,EUR,APP_PUSH,"Welde Alkoholfrei sells with Leergut 0,08 EUR at 7.14x lift, and that is one of this customer's regular buys.",OPEN
NBO-000101,CUST00056,WDF02,AR90040,2026-07-03,2026-07-17,0.6758,16.6,0.96,EUR,APP_PUSH,"FUZE T PFIRSICH sells with Leergut 0,15 EUR at 3.69x lift, and that is one of this customer's regular buys.",OPEN
NBO-000102,CUST00056,WDF02,AR90030,2026-07-03,2026-07-17,0.6758,16.6,0.9,EUR,APP_PUSH,"Teinacher Apfelschorle sells with Leergut 0,15 EUR at 3.5x lift, and that is one of this customer's regular buys.",OPEN
NBO-000103,CUST00056,WDF02,AR90039,2026-07-03,2026-07-17,0.6758,16.6,0.85,EUR,APP_PUSH,"Coca Cola Zero 0,4L Glas Mehrweg sells with Leergut 0,15 EUR at 3.42x lift, and that is one of this customer's regular buys.",OPEN
NBO-000347,CUST00196,HAM01,AR90035,2026-07-03,2026-07-17,0.6758,16.6,0.96,EUR,APP_PUSH,"Welde Naturradler sells with Leergut 0,08 EUR at 9.52x lift, and that is one of this customer's regular buys.",OPEN
NBO-000348,CUST00196,HAM01,AR90036,2026-07-03,2026-07-17,0.6758,16.6,0.96,EUR,APP_PUSH,"Welde Alkoholfrei sells with Leergut 0,08 EUR at 7.14x lift, and that is one of this customer's regular buys.",OPEN
NBO-000416,CUST00234,HAM01,AR90004,2026-07-03,2026-07-17,0.6753,9.6,0.15,EUR,APP_PUSH,"Buys Leergut 0,25 EUR about every 15.3 days and is 42 days on from the last one.",OPEN
NBO-000639,CUST00364,WDF01,AR90040,2026-07-03,2026-07-17,0.6749,16.6,0.96,EUR,APP_PUSH,"FUZE T PFIRSICH sells with Leergut 0,15 EUR at 3.69x lift, and that is one of this customer's regular buys.",OPEN
NBO-000640,CUST00364,WDF01,AR90030,2026-07-03,2026-07-17,0.6749,16.6,0.9,EUR,APP_PUSH,"Teinacher Apfelschorle sells with Leergut 0,15 EUR at 3.5x lift, and that is one of this customer's regular buys.",OPEN
NBO-000163,CUST00101,MUC01,AR90040,2026-07-03,2026-07-17,0.6744,15,0.97,EUR,APP_PUSH,"FUZE T PFIRSICH sells with Leergut 0,15 EUR at 3.69x lift, and that is one of this customer's regular buys.",OPEN
NBO-000164,CUST00101,MUC01,AR90030,2026-07-03,2026-07-17,0.6744,15,0.92,EUR,APP_PUSH,"Teinacher Apfelschorle sells with Leergut 0,15 EUR at 3.5x lift, and that is one of this customer's regular buys.",OPEN
NBO-000837,CUST00477,MUC01,AR90004,2026-07-03,2026-07-17,0.6742,9.6,0.15,EUR,APP_PUSH,"Buys Leergut 0,25 EUR about every 22.4 days and is 51 days on from the last one.",OPEN
NBO-000383,CUST00216,HAM01,AR00241,2026-07-03,2026-07-17,0.674,8,1.55,EUR,APP_PUSH,Buys HOMEMADE BUN HAM about every 42.5 days and is 44 days on from the last one.,OPEN
NBO-000257,CUST00152,WDF01,AR90039,2026-07-03,2026-07-17,0.6733,11.2,0.9,EUR,APP_PUSH,"Buys Coca Cola Zero 0,4L Glas Mehrweg about every 30.3 days and is 36 days on from the last one.",OPEN
NBO-000571,CUST00324,BLN01,AR90035,2026-07-03,2026-07-17,0.6727,15,0.97,EUR,APP_PUSH,"Welde Naturradler sells with Leergut 0,08 EUR at 9.52x lift, and that is one of this customer's regular buys.",OPEN
NBO-000572,CUST00324,BLN01,AR90034,2026-07-03,2026-07-17,0.6727,15,0.97,EUR,APP_PUSH,"Welde Slow sells with Leergut 0,08 EUR at 8.29x lift, and that is one of this customer's regular buys.",OPEN
NBO-000573,CUST00324,BLN01,AR90036,2026-07-03,2026-07-17,0.6727,15,0.97,EUR,APP_PUSH,"Welde Alkoholfrei sells with Leergut 0,08 EUR at 7.14x lift, and that is one of this customer's regular buys.",OPEN
NBO-000195,CUST00120,WDF01,AR90040,2026-07-03,2026-07-17,0.6726,16.6,0.95,EUR,APP_PUSH,"FUZE T PFIRSICH sells with Leergut 0,15 EUR at 3.69x lift, and that is one of this customer's regular buys.",OPEN
NBO-000078,CUST00046,HAM01,AR90040,2026-07-03,2026-07-17,0.6725,18.2,0.94,EUR,APP_PUSH,"FUZE T PFIRSICH sells with Leergut 0,15 EUR at 3.69x lift, and that is one of this customer's regular buys.",OPEN
NBO-000079,CUST00046,HAM01,AR90030,2026-07-03,2026-07-17,0.6725,18.2,0.88,EUR,APP_PUSH,"Teinacher Apfelschorle sells with Leergut 0,15 EUR at 3.5x lift, and that is one of this customer's regular buys.",OPEN
NBO-000165,CUST00101,MUC01,AR90004,2026-07-03,2026-07-17,0.6725,8,0.15,EUR,APP_PUSH,"Buys Leergut 0,25 EUR about every 19.5 days and is 43 days on from the last one.",OPEN
NBO-000830,CUST00473,STR01,AR90035,2026-07-03,2026-07-17,0.6708,15,0.97,EUR,APP_PUSH,"Welde Naturradler sells with Leergut 0,08 EUR at 9.52x lift, and that is one of this customer's regular buys.",OPEN
NBO-000820,CUST00465,BLN01,AR90040,2026-07-03,2026-07-17,0.6704,15,0.97,EUR,APP_PUSH,"FUZE T PFIRSICH sells with Leergut 0,15 EUR at 3.69x lift, and that is one of this customer's regular buys.",OPEN
NBO-000821,CUST00465,BLN01,AR90030,2026-07-03,2026-07-17,0.6704,15,0.91,EUR,APP_PUSH,"Teinacher Apfelschorle sells with Leergut 0,15 EUR at 3.5x lift, and that is one of this customer's regular buys.",OPEN
NBO-000822,CUST00465,BLN01,AR90039,2026-07-03,2026-07-17,0.6704,15,0.85,EUR,APP_PUSH,"Coca Cola Zero 0,4L Glas Mehrweg sells with Leergut 0,15 EUR at 3.42x lift, and that is one of this customer's regular buys.",OPEN
NBO-000252,CUST00151,MUC01,AR90040,2026-07-03,2026-07-17,0.67,15,0.97,EUR,APP_PUSH,"FUZE T PFIRSICH sells with Leergut 0,15 EUR at 3.69x lift, and that is one of this customer's regular buys.",OPEN
NBO-000253,CUST00151,MUC01,AR90030,2026-07-03,2026-07-17,0.67,15,0.91,EUR,APP_PUSH,"Teinacher Apfelschorle sells with Leergut 0,15 EUR at 3.5x lift, and that is one of this customer's regular buys.",OPEN
NBO-000254,CUST00151,MUC01,AR90039,2026-07-03,2026-07-17,0.67,15,0.85,EUR,APP_PUSH,"Coca Cola Zero 0,4L Glas Mehrweg sells with Leergut 0,15 EUR at 3.42x lift, and that is one of this customer's regular buys.",OPEN
NBO-000463,CUST00256,MUC01,AR90040,2026-07-03,2026-07-17,0.67,16.6,0.95,EUR,APP_PUSH,"FUZE T PFIRSICH sells with Leergut 0,15 EUR at 3.69x lift, and that is one of this customer's regular buys.",OPEN
NBO-000464,CUST00256,MUC01,AR90030,2026-07-03,2026-07-17,0.67,16.6,0.89,EUR,APP_PUSH,"Teinacher Apfelschorle sells with Leergut 0,15 EUR at 3.5x lift, and that is one of this customer's regular buys.",OPEN
NBO-000297,CUST00177,MUC01,AR90036,2026-07-03,2026-07-17,0.6692,15,0.97,EUR,APP_PUSH,"Welde Alkoholfrei sells with Leergut 0,08 EUR at 7.14x lift, and that is one of this customer's regular buys.",OPEN
NBO-000529,CUST00295,MUC01,AR00289,2026-07-03,2026-07-17,0.6692,15,1.25,EUR,APP_PUSH,"Shot Himbeere Ingwer 60ml sells with HOMEMADE Breakfastcup 285g at 14.68x lift, and that is one of this customer's regular buys.",OPEN
NBO-000530,CUST00295,MUC01,AR90035,2026-07-03,2026-07-17,0.6692,15,0.97,EUR,APP_PUSH,"Welde Naturradler sells with Leergut 0,08 EUR at 9.52x lift, and that is one of this customer's regular buys.",OPEN
NBO-000531,CUST00295,MUC01,AR90034,2026-07-03,2026-07-17,0.6692,15,0.97,EUR,APP_PUSH,"Welde Slow sells with Leergut 0,08 EUR at 8.29x lift, and that is one of this customer's regular buys.",OPEN
NBO-000650,CUST00368,HAM01,AR90035,2026-07-03,2026-07-17,0.6692,15,0.97,EUR,APP_PUSH,"Welde Naturradler sells with Leergut 0,08 EUR at 9.52x lift, and that is one of this customer's regular buys.",OPEN
NBO-000155,CUST00097,HAM01,AR90035,2026-07-03,2026-07-17,0.6691,16.6,0.95,EUR,APP_PUSH,"Welde Naturradler sells with Leergut 0,08 EUR at 9.52x lift, and that is one of this customer's regular buys.",OPEN
NBO-000583,CUST00333,WDF01,AR90035,2026-07-03,2026-07-17,0.6673,16.6,0.95,EUR,APP_PUSH,"Welde Naturradler sells with Leergut 0,08 EUR at 9.52x lift, and that is one of this customer's regular buys.",OPEN
NBO-000584,CUST00333,WDF01,AR90034,2026-07-03,2026-07-17,0.6673,16.6,0.95,EUR,APP_PUSH,"Welde Slow sells with Leergut 0,08 EUR at 8.29x lift, and that is one of this customer's regular buys.",OPEN
NBO-000585,CUST00333,WDF01,AR90040,2026-07-03,2026-07-17,0.6673,16.6,0.95,EUR,APP_PUSH,"FUZE T PFIRSICH sells with Leergut 0,15 EUR at 3.69x lift, and that is one of this customer's regular buys.",OPEN
NBO-000394,CUST00223,WDF01,AR90035,2026-07-03,2026-07-17,0.667,15,0.96,EUR,APP_PUSH,"Welde Naturradler sells with Leergut 0,08 EUR at 9.52x lift, and that is one of this customer's regular buys.",OPEN
NBO-000465,CUST00257,HAM01,AR90040,2026-07-03,2026-07-17,0.6667,16.6,0.95,EUR,APP_PUSH,"FUZE T PFIRSICH sells with Leergut 0,15 EUR at 3.69x lift, and that is one of this customer's regular buys.",OPEN
NBO-000707,CUST00400,WDF01,AR90036,2026-07-03,2026-07-17,0.6667,16.6,0.95,EUR,APP_PUSH,"Welde Alkoholfrei sells with Leergut 0,08 EUR at 7.14x lift, and that is one of this customer's regular buys.",OPEN
NBO-000174,CUST00107,STR01,AR90040,2026-07-03,2026-07-17,0.6655,15,0.96,EUR,APP_PUSH,"FUZE T PFIRSICH sells with Leergut 0,15 EUR at 3.69x lift, and that is one of this customer's regular buys.",OPEN
NBO-000175,CUST00107,STR01,AR90030,2026-07-03,2026-07-17,0.6655,15,0.91,EUR,APP_PUSH,"Teinacher Apfelschorle sells with Leergut 0,15 EUR at 3.5x lift, and that is one of this customer's regular buys.",OPEN
NBO-000176,CUST00107,STR01,AR90039,2026-07-03,2026-07-17,0.6655,15,0.85,EUR,APP_PUSH,"Coca Cola Zero 0,4L Glas Mehrweg sells with Leergut 0,15 EUR at 3.42x lift, and that is one of this customer's regular buys.",OPEN
NBO-000838,CUST00477,MUC01,AR90040,2026-07-03,2026-07-17,0.6652,16.6,0.94,EUR,APP_PUSH,"FUZE T PFIRSICH sells with Leergut 0,15 EUR at 3.69x lift, and that is one of this customer's regular buys.",OPEN
NBO-000839,CUST00477,MUC01,AR90030,2026-07-03,2026-07-17,0.6652,16.6,0.89,EUR,APP_PUSH,"Teinacher Apfelschorle sells with Leergut 0,15 EUR at 3.5x lift, and that is one of this customer's regular buys.",OPEN
NBO-000702,CUST00396,HAM01,AR00289,2026-07-03,2026-07-17,0.665,15,1.24,EUR,APP_PUSH,"Shot Himbeere Ingwer 60ml sells with HOMEMADE Breakfastcup 285g at 14.68x lift, and that is one of this customer's regular buys.",OPEN
NBO-000196,CUST00120,WDF01,AR90035,2026-07-03,2026-07-17,0.664,16.6,0.94,EUR,APP_PUSH,"Welde Naturradler sells with Leergut 0,08 EUR at 9.52x lift, and that is one of this customer's regular buys.",OPEN
NBO-000197,CUST00120,WDF01,AR90036,2026-07-03,2026-07-17,0.664,16.6,0.94,EUR,APP_PUSH,"Welde Alkoholfrei sells with Leergut 0,08 EUR at 7.14x lift, and that is one of this customer's regular buys.",OPEN
NBO-000647,CUST00367,WDF01,AR90039,2026-07-03,2026-07-17,0.6637,12.8,0.87,EUR,APP_PUSH,"Buys Coca Cola Zero 0,4L Glas Mehrweg about every 39.3 days and is 58 days on from the last one.",OPEN
NBO-000817,CUST00461,WDF02,AR90040,2026-07-03,2026-07-17,0.6606,15,0.95,EUR,APP_PUSH,"FUZE T PFIRSICH sells with Leergut 0,15 EUR at 3.69x lift, and that is one of this customer's regular buys.",OPEN
NBO-000818,CUST00461,WDF02,AR90030,2026-07-03,2026-07-17,0.6606,15,0.9,EUR,APP_PUSH,"Teinacher Apfelschorle sells with Leergut 0,15 EUR at 3.5x lift, and that is one of this customer's regular buys.",OPEN
NBO-000093,CUST00053,HAM01,AR90034,2026-07-03,2026-07-17,0.6605,8,1.03,EUR,APP_PUSH,Buys Welde Slow about every 38.5 days and is 65 days on from the last one.,OPEN
NBO-000143,CUST00085,MUC01,AR90040,2026-07-03,2026-07-17,0.6605,16.6,0.94,EUR,APP_PUSH,"FUZE T PFIRSICH sells with Leergut 0,15 EUR at 3.69x lift, and that is one of this customer's regular buys.",OPEN
NBO-000144,CUST00085,MUC01,AR90039,2026-07-03,2026-07-17,0.6605,16.6,0.83,EUR,APP_PUSH,"Coca Cola Zero 0,4L Glas Mehrweg sells with Leergut 0,15 EUR at 3.42x lift, and that is one of this customer's regular buys.",OPEN
NBO-000246,CUST00147,STR01,AR90013,2026-07-03,2026-07-17,0.6605,9.6,1.02,EUR,APP_PUSH,"Buys Red Bull 0,25 about every 39.7 days and is 36 days on from the last one.",OPEN
NBO-000370,CUST00207,HAM01,AR90034,2026-07-03,2026-07-17,0.6604,8,1.03,EUR,APP_PUSH,Buys Welde Slow about every 17.5 days and is 45 days on from the last one.,OPEN
NBO-000111,CUST00064,HAM01,AR90003,2026-07-03,2026-07-17,0.6601,8,0.09,EUR,APP_PUSH,"Buys Leergut 0,15 EUR about every 22.6 days and is 67 days on from the last one.",OPEN
NBO-000762,CUST00428,WDF01,AR90040,2026-07-03,2026-07-17,0.66,18.2,0.92,EUR,APP_PUSH,"FUZE T PFIRSICH sells with Leergut 0,15 EUR at 3.69x lift, and that is one of this customer's regular buys.",OPEN
NBO-000763,CUST00428,WDF01,AR90030,2026-07-03,2026-07-17,0.66,18.2,0.86,EUR,APP_PUSH,"Teinacher Apfelschorle sells with Leergut 0,15 EUR at 3.5x lift, and that is one of this customer's regular buys.",OPEN
NBO-000004,CUST00002,STR01,AR90040,2026-07-03,2026-07-17,0.6585,15,0.95,EUR,APP_PUSH,"FUZE T PFIRSICH sells with Leergut 0,15 EUR at 3.69x lift, and that is one of this customer's regular buys.",OPEN
NBO-000005,CUST00002,STR01,AR90030,2026-07-03,2026-07-17,0.6585,15,0.9,EUR,APP_PUSH,"Teinacher Apfelschorle sells with Leergut 0,15 EUR at 3.5x lift, and that is one of this customer's regular buys.",OPEN
NBO-000792,CUST00447,HAM01,AR00289,2026-07-03,2026-07-17,0.6579,15,1.23,EUR,APP_PUSH,"Shot Himbeere Ingwer 60ml sells with HOMEMADE Breakfastcup 285g at 14.68x lift, and that is one of this customer's regular buys.",OPEN
NBO-000500,CUST00276,STR01,AR90040,2026-07-03,2026-07-17,0.6571,16.6,0.93,EUR,APP_PUSH,"FUZE T PFIRSICH sells with Leergut 0,15 EUR at 3.69x lift, and that is one of this customer's regular buys.",OPEN
NBO-000501,CUST00276,STR01,AR90030,2026-07-03,2026-07-17,0.6571,16.6,0.88,EUR,APP_PUSH,"Teinacher Apfelschorle sells with Leergut 0,15 EUR at 3.5x lift, and that is one of this customer's regular buys.",OPEN
NBO-000502,CUST00276,STR01,AR90039,2026-07-03,2026-07-17,0.6571,16.6,0.82,EUR,APP_PUSH,"Coca Cola Zero 0,4L Glas Mehrweg sells with Leergut 0,15 EUR at 3.42x lift, and that is one of this customer's regular buys.",OPEN
NBO-000335,CUST00192,WDF01,AR90003,2026-07-03,2026-07-17,0.657,12.8,0.09,EUR,APP_PUSH,"Buys Leergut 0,15 EUR about every 19.3 days and is 43 days on from the last one.",OPEN
NBO-000596,CUST00338,HAM01,AR90040,2026-07-03,2026-07-17,0.6556,15,0.95,EUR,APP_PUSH,"FUZE T PFIRSICH sells with Leergut 0,15 EUR at 3.69x lift, and that is one of this customer's regular buys.",OPEN
NBO-000311,CUST00183,MUC01,AR90039,2026-07-03,2026-07-17,0.6546,9.6,0.89,EUR,APP_PUSH,"Buys Coca Cola Zero 0,4L Glas Mehrweg about every 52 days and is 60 days on from the last one.",OPEN
NBO-000565,CUST00320,HAM01,AR90003,2026-07-03,2026-07-17,0.6537,8,0.09,EUR,APP_PUSH,"Buys Leergut 0,15 EUR about every 21.5 days and is 64 days on from the last one.",OPEN
NBO-000608,CUST00346,STR01,AR90040,2026-07-03,2026-07-17,0.6533,15,0.94,EUR,APP_PUSH,"FUZE T PFIRSICH sells with Leergut 0,15 EUR at 3.69x lift, and that is one of this customer's regular buys.",OPEN
NBO-000609,CUST00346,STR01,AR90030,2026-07-03,2026-07-17,0.6533,15,0.89,EUR,APP_PUSH,"Teinacher Apfelschorle sells with Leergut 0,15 EUR at 3.5x lift, and that is one of this customer's regular buys.",OPEN
NBO-000610,CUST00346,STR01,AR90039,2026-07-03,2026-07-17,0.6533,15,0.83,EUR,APP_PUSH,"Coca Cola Zero 0,4L Glas Mehrweg sells with Leergut 0,15 EUR at 3.42x lift, and that is one of this customer's regular buys.",OPEN
NBO-000793,CUST00447,HAM01,AR90035,2026-07-03,2026-07-17,0.653,15,0.94,EUR,APP_PUSH,"Welde Naturradler sells with Leergut 0,08 EUR at 9.52x lift, and that is one of this customer's regular buys.",OPEN
NBO-000384,CUST00216,HAM01,AR90040,2026-07-03,2026-07-17,0.6529,15,0.94,EUR,APP_PUSH,"FUZE T PFIRSICH sells with Leergut 0,15 EUR at 3.69x lift, and that is one of this customer's regular buys.",OPEN
NBO-000385,CUST00216,HAM01,AR90030,2026-07-03,2026-07-17,0.6529,15,0.89,EUR,APP_PUSH,"Teinacher Apfelschorle sells with Leergut 0,15 EUR at 3.5x lift, and that is one of this customer's regular buys.",OPEN
NBO-000557,CUST00315,WDF01,AR90004,2026-07-03,2026-07-17,0.6526,8,0.15,EUR,APP_PUSH,"Buys Leergut 0,25 EUR about every 22.4 days and is 66 days on from the last one.",OPEN
NBO-000209,CUST00130,STR01,AR90040,2026-07-03,2026-07-17,0.6525,15,0.94,EUR,APP_PUSH,"FUZE T PFIRSICH sells with Leergut 0,15 EUR at 3.69x lift, and that is one of this customer's regular buys.",OPEN
NBO-000210,CUST00130,STR01,AR90030,2026-07-03,2026-07-17,0.6525,15,0.89,EUR,APP_PUSH,"Teinacher Apfelschorle sells with Leergut 0,15 EUR at 3.5x lift, and that is one of this customer's regular buys.",OPEN
NBO-000808,CUST00457,WDF01,AR90040,2026-07-03,2026-07-17,0.6525,15,0.94,EUR,APP_PUSH,"FUZE T PFIRSICH sells with Leergut 0,15 EUR at 3.69x lift, and that is one of this customer's regular buys.",OPEN
NBO-000809,CUST00457,WDF01,AR90030,2026-07-03,2026-07-17,0.6525,15,0.89,EUR,APP_PUSH,"Teinacher Apfelschorle sells with Leergut 0,15 EUR at 3.5x lift, and that is one of this customer's regular buys.",OPEN
NBO-000689,CUST00389,MUC01,AR90003,2026-07-03,2026-07-17,0.6517,12.8,0.09,EUR,APP_PUSH,"Buys Leergut 0,15 EUR about every 41.5 days and is 95 days on from the last one.",OPEN
NBO-000314,CUST00184,WDF01,AR90030,2026-07-03,2026-07-17,0.6508,15,0.89,EUR,APP_PUSH,"Teinacher Apfelschorle sells with Leergut 0,15 EUR at 3.5x lift, and that is one of this customer's regular buys.",OPEN
NBO-000218,CUST00133,STR01,AR90040,2026-07-03,2026-07-17,0.65,16.6,0.92,EUR,APP_PUSH,"FUZE T PFIRSICH sells with Leergut 0,15 EUR at 3.69x lift, and that is one of this customer's regular buys.",OPEN
NBO-000219,CUST00133,STR01,AR90030,2026-07-03,2026-07-17,0.65,16.6,0.87,EUR,APP_PUSH,"Teinacher Apfelschorle sells with Leergut 0,15 EUR at 3.5x lift, and that is one of this customer's regular buys.",OPEN
NBO-000749,CUST00421,HAM01,AR90019,2026-07-03,2026-07-17,0.6497,19.8,1.02,EUR,APP_PUSH,"DPG Vitamin Well Hydrate sells with Red Bull 0,25 at 2.5x lift, and that is one of this customer's regular buys.",OPEN
NBO-000212,CUST00131,WDF01,AR90040,2026-07-03,2026-07-17,0.6494,18.2,0.9,EUR,APP_PUSH,"FUZE T PFIRSICH sells with Leergut 0,15 EUR at 3.69x lift, and that is one of this customer's regular buys.",OPEN
NBO-000213,CUST00131,WDF01,AR90030,2026-07-03,2026-07-17,0.6494,18.2,0.85,EUR,APP_PUSH,"Teinacher Apfelschorle sells with Leergut 0,15 EUR at 3.5x lift, and that is one of this customer's regular buys.",OPEN
NBO-000214,CUST00131,WDF01,AR90039,2026-07-03,2026-07-17,0.6494,18.2,0.8,EUR,APP_PUSH,"Coca Cola Zero 0,4L Glas Mehrweg sells with Leergut 0,15 EUR at 3.42x lift, and that is one of this customer's regular buys.",OPEN
NBO-000084,CUST00048,WDF01,AR90040,2026-07-03,2026-07-17,0.649,15,0.94,EUR,APP_PUSH,"FUZE T PFIRSICH sells with Leergut 0,15 EUR at 3.69x lift, and that is one of this customer's regular buys.",OPEN
NBO-000085,CUST00048,WDF01,AR90030,2026-07-03,2026-07-17,0.649,15,0.88,EUR,APP_PUSH,"Teinacher Apfelschorle sells with Leergut 0,15 EUR at 3.5x lift, and that is one of this customer's regular buys.",OPEN
NBO-000086,CUST00048,WDF01,AR90039,2026-07-03,2026-07-17,0.649,15,0.83,EUR,APP_PUSH,"Coca Cola Zero 0,4L Glas Mehrweg sells with Leergut 0,15 EUR at 3.42x lift, and that is one of this customer's regular buys.",OPEN
NBO-000586,CUST00335,STR01,AR90040,2026-07-03,2026-07-17,0.6478,15,0.94,EUR,APP_PUSH,"FUZE T PFIRSICH sells with Leergut 0,15 EUR at 3.69x lift, and that is one of this customer's regular buys.",OPEN
NBO-000587,CUST00335,STR01,AR90030,2026-07-03,2026-07-17,0.6478,15,0.88,EUR,APP_PUSH,"Teinacher Apfelschorle sells with Leergut 0,15 EUR at 3.5x lift, and that is one of this customer's regular buys.",OPEN
NBO-000588,CUST00335,STR01,AR90039,2026-07-03,2026-07-17,0.6478,15,0.83,EUR,APP_PUSH,"Coca Cola Zero 0,4L Glas Mehrweg sells with Leergut 0,15 EUR at 3.42x lift, and that is one of this customer's regular buys.",OPEN
NBO-000773,CUST00439,BLN01,AR90040,2026-07-03,2026-07-17,0.6478,15,0.94,EUR,APP_PUSH,"FUZE T PFIRSICH sells with Leergut 0,15 EUR at 3.69x lift, and that is one of this customer's regular buys.",OPEN
NBO-000774,CUST00439,BLN01,AR90030,2026-07-03,2026-07-17,0.6478,15,0.88,EUR,APP_PUSH,"Teinacher Apfelschorle sells with Leergut 0,15 EUR at 3.5x lift, and that is one of this customer's regular buys.",OPEN
NBO-000775,CUST00439,BLN01,AR90039,2026-07-03,2026-07-17,0.6478,15,0.83,EUR,APP_PUSH,"Coca Cola Zero 0,4L Glas Mehrweg sells with Leergut 0,15 EUR at 3.42x lift, and that is one of this customer's regular buys.",OPEN
NBO-000183,CUST00110,STR01,AR90040,2026-07-03,2026-07-17,0.6464,15,0.93,EUR,APP_PUSH,"FUZE T PFIRSICH sells with Leergut 0,15 EUR at 3.69x lift, and that is one of this customer's regular buys.",OPEN
NBO-000184,CUST00110,STR01,AR90030,2026-07-03,2026-07-17,0.6464,15,0.88,EUR,APP_PUSH,"Teinacher Apfelschorle sells with Leergut 0,15 EUR at 3.5x lift, and that is one of this customer's regular buys.",OPEN
NBO-000185,CUST00110,STR01,AR90039,2026-07-03,2026-07-17,0.6464,15,0.82,EUR,APP_PUSH,"Coca Cola Zero 0,4L Glas Mehrweg sells with Leergut 0,15 EUR at 3.42x lift, and that is one of this customer's regular buys.",OPEN
NBO-000735,CUST00415,STR01,AR90040,2026-07-03,2026-07-17,0.6464,16.6,0.92,EUR,APP_PUSH,"FUZE T PFIRSICH sells with Leergut 0,15 EUR at 3.69x lift, and that is one of this customer's regular buys.",OPEN
NBO-000736,CUST00415,STR01,AR90030,2026-07-03,2026-07-17,0.6464,16.6,0.86,EUR,APP_PUSH,"Teinacher Apfelschorle sells with Leergut 0,15 EUR at 3.5x lift, and that is one of this customer's regular buys.",OPEN
NBO-000737,CUST00415,STR01,AR90039,2026-07-03,2026-07-17,0.6464,16.6,0.81,EUR,APP_PUSH,"Coca Cola Zero 0,4L Glas Mehrweg sells with Leergut 0,15 EUR at 3.42x lift, and that is one of this customer's regular buys.",OPEN
NBO-000485,CUST00269,WDF01,AR90040,2026-07-03,2026-07-17,0.6456,15,0.93,EUR,APP_PUSH,"FUZE T PFIRSICH sells with Leergut 0,15 EUR at 3.69x lift, and that is one of this customer's regular buys.",OPEN
NBO-000486,CUST00269,WDF01,AR90030,2026-07-03,2026-07-17,0.6456,15,0.88,EUR,APP_PUSH,"Teinacher Apfelschorle sells with Leergut 0,15 EUR at 3.5x lift, and that is one of this customer's regular buys.",OPEN
NBO-000433,CUST00245,WDF01,AR90040,2026-07-03,2026-07-17,0.6452,15,0.93,EUR,APP_PUSH,"FUZE T PFIRSICH sells with Leergut 0,15 EUR at 3.69x lift, and that is one of this customer's regular buys.",OPEN
NBO-000434,CUST00245,WDF01,AR90030,2026-07-03,2026-07-17,0.6452,15,0.88,EUR,APP_PUSH,"Teinacher Apfelschorle sells with Leergut 0,15 EUR at 3.5x lift, and that is one of this customer's regular buys.",OPEN
NBO-000232,CUST00141,HAM01,AR90040,2026-07-03,2026-07-17,0.6448,15,0.93,EUR,APP_PUSH,"FUZE T PFIRSICH sells with Leergut 0,15 EUR at 3.69x lift, and that is one of this customer's regular buys.",OPEN
NBO-000233,CUST00141,HAM01,AR90030,2026-07-03,2026-07-17,0.6448,15,0.88,EUR,APP_PUSH,"Teinacher Apfelschorle sells with Leergut 0,15 EUR at 3.5x lift, and that is one of this customer's regular buys.",OPEN
NBO-000056,CUST00031,STR01,AR90040,2026-07-03,2026-07-17,0.6446,16.6,0.91,EUR,APP_PUSH,"FUZE T PFIRSICH sells with Leergut 0,15 EUR at 3.69x lift, and that is one of this customer's regular buys.",OPEN
NBO-000057,CUST00031,STR01,AR90030,2026-07-03,2026-07-17,0.6446,16.6,0.86,EUR,APP_PUSH,"Teinacher Apfelschorle sells with Leergut 0,15 EUR at 3.5x lift, and that is one of this customer's regular buys.",OPEN
NBO-000058,CUST00031,STR01,AR90039,2026-07-03,2026-07-17,0.6446,16.6,0.81,EUR,APP_PUSH,"Coca Cola Zero 0,4L Glas Mehrweg sells with Leergut 0,15 EUR at 3.42x lift, and that is one of this customer's regular buys.",OPEN
NBO-000819,CUST00461,WDF02,AR90035,2026-07-03,2026-07-17,0.6444,15,0.93,EUR,APP_PUSH,"Welde Naturradler sells with Leergut 0,08 EUR at 9.52x lift, and that is one of this customer's regular buys.",OPEN
NBO-000350,CUST00197,WDF01,AR90039,2026-07-03,2026-07-17,0.6428,8,0.89,EUR,APP_PUSH,"Buys Coca Cola Zero 0,4L Glas Mehrweg about every 19.7 days and is 57 days on from the last one.",OPEN
NBO-000104,CUST00058,BLN01,AR90004,2026-07-03,2026-07-17,0.6416,8,0.15,EUR,APP_PUSH,"Buys Leergut 0,25 EUR about every 12.1 days and is 28 days on from the last one.",OPEN
NBO-000683,CUST00387,WDF01,AR90040,2026-07-03,2026-07-17,0.6412,15,0.93,EUR,APP_PUSH,"FUZE T PFIRSICH sells with Leergut 0,15 EUR at 3.69x lift, and that is one of this customer's regular buys.",OPEN
NBO-000684,CUST00387,WDF01,AR90030,2026-07-03,2026-07-17,0.6412,15,0.87,EUR,APP_PUSH,"Teinacher Apfelschorle sells with Leergut 0,15 EUR at 3.5x lift, and that is one of this customer's regular buys.",OPEN
NBO-000708,CUST00400,WDF01,AR90004,2026-07-03,2026-07-17,0.6405,9.6,0.14,EUR,APP_PUSH,"Buys Leergut 0,25 EUR about every 30 days and is 26 days on from the last one.",OPEN
NBO-000814,CUST00460,BLN01,AR90035,2026-07-03,2026-07-17,0.64,15,0.92,EUR,APP_PUSH,"Welde Naturradler sells with Leergut 0,08 EUR at 9.52x lift, and that is one of this customer's regular buys.",OPEN
NBO-000815,CUST00460,BLN01,AR90034,2026-07-03,2026-07-17,0.64,15,0.92,EUR,APP_PUSH,"Welde Slow sells with Leergut 0,08 EUR at 8.29x lift, and that is one of this customer's regular buys.",OPEN
NBO-000816,CUST00460,BLN01,AR90036,2026-07-03,2026-07-17,0.64,15,0.92,EUR,APP_PUSH,"Welde Alkoholfrei sells with Leergut 0,08 EUR at 7.14x lift, and that is one of this customer's regular buys.",OPEN
NBO-000160,CUST00100,WDF01,AR90040,2026-07-03,2026-07-17,0.639,18.2,0.89,EUR,APP_PUSH,"FUZE T PFIRSICH sells with Leergut 0,15 EUR at 3.69x lift, and that is one of this customer's regular buys.",OPEN
NBO-000161,CUST00100,WDF01,AR90030,2026-07-03,2026-07-17,0.639,18.2,0.84,EUR,APP_PUSH,"Teinacher Apfelschorle sells with Leergut 0,15 EUR at 3.5x lift, and that is one of this customer's regular buys.",OPEN
NBO-000482,CUST00268,WDF02,AR90035,2026-07-03,2026-07-17,0.6378,15,0.92,EUR,APP_PUSH,"Welde Naturradler sells with Leergut 0,08 EUR at 9.52x lift, and that is one of this customer's regular buys.",OPEN
NBO-000483,CUST00268,WDF02,AR90034,2026-07-03,2026-07-17,0.6378,15,0.92,EUR,APP_PUSH,"Welde Slow sells with Leergut 0,08 EUR at 8.29x lift, and that is one of this customer's regular buys.",OPEN
NBO-000484,CUST00268,WDF02,AR90036,2026-07-03,2026-07-17,0.6378,15,0.92,EUR,APP_PUSH,"Welde Alkoholfrei sells with Leergut 0,08 EUR at 7.14x lift, and that is one of this customer's regular buys.",OPEN
NBO-000605,CUST00344,WDF01,AR90040,2026-07-03,2026-07-17,0.6378,15,0.92,EUR,APP_PUSH,"FUZE T PFIRSICH sells with Leergut 0,15 EUR at 3.69x lift, and that is one of this customer's regular buys.",OPEN
NBO-000606,CUST00344,WDF01,AR90030,2026-07-03,2026-07-17,0.6378,15,0.87,EUR,APP_PUSH,"Teinacher Apfelschorle sells with Leergut 0,15 EUR at 3.5x lift, and that is one of this customer's regular buys.",OPEN
NBO-000827,CUST00472,HAM01,AR90003,2026-07-03,2026-07-17,0.637,11.2,0.08,EUR,APP_PUSH,"Buys Leergut 0,15 EUR about every 26 days and is 73 days on from the last one.",OPEN
NBO-000332,CUST00190,MUC01,AR90035,2026-07-03,2026-07-17,0.6358,15,0.92,EUR,APP_PUSH,"Welde Naturradler sells with Leergut 0,08 EUR at 9.52x lift, and that is one of this customer's regular buys.",OPEN
NBO-000333,CUST00190,MUC01,AR90034,2026-07-03,2026-07-17,0.6358,15,0.92,EUR,APP_PUSH,"Welde Slow sells with Leergut 0,08 EUR at 8.29x lift, and that is one of this customer's regular buys.",OPEN
NBO-000334,CUST00190,MUC01,AR90036,2026-07-03,2026-07-17,0.6358,15,0.92,EUR,APP_PUSH,"Welde Alkoholfrei sells with Leergut 0,08 EUR at 7.14x lift, and that is one of this customer's regular buys.",OPEN
NBO-000516,CUST00285,HAM01,AR90040,2026-07-03,2026-07-17,0.6358,15,0.92,EUR,APP_PUSH,"FUZE T PFIRSICH sells with Leergut 0,15 EUR at 3.69x lift, and that is one of this customer's regular buys.",OPEN
NBO-000517,CUST00285,HAM01,AR90030,2026-07-03,2026-07-17,0.6358,15,0.86,EUR,APP_PUSH,"Teinacher Apfelschorle sells with Leergut 0,15 EUR at 3.5x lift, and that is one of this customer's regular buys.",OPEN
NBO-000527,CUST00293,HAM01,AR90004,2026-07-03,2026-07-17,0.6358,8,0.15,EUR,APP_PUSH,"Buys Leergut 0,25 EUR about every 15.2 days and is 26 days on from the last one.",OPEN
NBO-000400,CUST00225,WDF01,AR90019,2026-07-03,2026-07-17,0.6343,18.2,1.01,EUR,APP_PUSH,"DPG Vitamin Well Hydrate sells with Red Bull 0,25 at 2.5x lift, and that is one of this customer's regular buys.",OPEN
NBO-000592,CUST00337,HAM01,AR90040,2026-07-03,2026-07-17,0.6338,15,0.92,EUR,APP_PUSH,"FUZE T PFIRSICH sells with Leergut 0,15 EUR at 3.69x lift, and that is one of this customer's regular buys.",OPEN
NBO-000593,CUST00337,HAM01,AR90030,2026-07-03,2026-07-17,0.6338,15,0.86,EUR,APP_PUSH,"Teinacher Apfelschorle sells with Leergut 0,15 EUR at 3.5x lift, and that is one of this customer's regular buys.",OPEN
NBO-000744,CUST00420,HAM01,AR90040,2026-07-03,2026-07-17,0.6338,15,0.92,EUR,APP_PUSH,"FUZE T PFIRSICH sells with Leergut 0,15 EUR at 3.69x lift, and that is one of this customer's regular buys.",OPEN
NBO-000745,CUST00420,HAM01,AR90030,2026-07-03,2026-07-17,0.6338,15,0.86,EUR,APP_PUSH,"Teinacher Apfelschorle sells with Leergut 0,15 EUR at 3.5x lift, and that is one of this customer's regular buys.",OPEN
NBO-000746,CUST00420,HAM01,AR90039,2026-07-03,2026-07-17,0.6338,15,0.81,EUR,APP_PUSH,"Coca Cola Zero 0,4L Glas Mehrweg sells with Leergut 0,15 EUR at 3.42x lift, and that is one of this customer's regular buys.",OPEN
NBO-000015,CUST00008,MUC01,AR90004,2026-07-03,2026-07-17,0.6329,9.6,0.14,EUR,APP_PUSH,"Buys Leergut 0,25 EUR about every 34.5 days and is 50 days on from the last one.",OPEN
NBO-000207,CUST00128,WDF01,AR90040,2026-07-03,2026-07-17,0.6326,15,0.91,EUR,APP_PUSH,"FUZE T PFIRSICH sells with Leergut 0,15 EUR at 3.69x lift, and that is one of this customer's regular buys.",OPEN
NBO-000208,CUST00128,WDF01,AR90030,2026-07-03,2026-07-17,0.6326,15,0.86,EUR,APP_PUSH,"Teinacher Apfelschorle sells with Leergut 0,15 EUR at 3.5x lift, and that is one of this customer's regular buys.",OPEN
NBO-000088,CUST00050,HAM01,AR90035,2026-07-03,2026-07-17,0.6318,16.6,0.9,EUR,APP_PUSH,"Welde Naturradler sells with Leergut 0,08 EUR at 9.52x lift, and that is one of this customer's regular buys.",OPEN
NBO-000261,CUST00154,STR01,AR90040,2026-07-03,2026-07-17,0.6304,16.6,0.89,EUR,APP_PUSH,"FUZE T PFIRSICH sells with Leergut 0,15 EUR at 3.69x lift, and that is one of this customer's regular buys.",OPEN
NBO-000262,CUST00154,STR01,AR90030,2026-07-03,2026-07-17,0.6304,16.6,0.84,EUR,APP_PUSH,"Teinacher Apfelschorle sells with Leergut 0,15 EUR at 3.5x lift, and that is one of this customer's regular buys.",OPEN
NBO-000580,CUST00331,WDF02,AR90040,2026-07-03,2026-07-17,0.63,15,0.91,EUR,APP_PUSH,"FUZE T PFIRSICH sells with Leergut 0,15 EUR at 3.69x lift, and that is one of this customer's regular buys.",OPEN
NBO-000581,CUST00331,WDF02,AR90030,2026-07-03,2026-07-17,0.63,15,0.86,EUR,APP_PUSH,"Teinacher Apfelschorle sells with Leergut 0,15 EUR at 3.5x lift, and that is one of this customer's regular buys.",OPEN
NBO-000582,CUST00331,WDF02,AR90039,2026-07-03,2026-07-17,0.63,15,0.8,EUR,APP_PUSH,"Coca Cola Zero 0,4L Glas Mehrweg sells with Leergut 0,15 EUR at 3.42x lift, and that is one of this customer's regular buys.",OPEN
NBO-000803,CUST00455,WDF01,AR90040,2026-07-03,2026-07-17,0.6292,15,0.91,EUR,APP_PUSH,"FUZE T PFIRSICH sells with Leergut 0,15 EUR at 3.69x lift, and that is one of this customer's regular buys.",OPEN
NBO-000804,CUST00455,WDF01,AR90030,2026-07-03,2026-07-17,0.6292,15,0.86,EUR,APP_PUSH,"Teinacher Apfelschorle sells with Leergut 0,15 EUR at 3.5x lift, and that is one of this customer's regular buys.",OPEN
NBO-000528,CUST00293,HAM01,AR90040,2026-07-03,2026-07-17,0.6291,15,0.91,EUR,APP_PUSH,"FUZE T PFIRSICH sells with Leergut 0,15 EUR at 3.69x lift, and that is one of this customer's regular buys.",OPEN
NBO-000617,CUST00352,WDF01,AR90019,2026-07-03,2026-07-17,0.6287,18.2,1,EUR,APP_PUSH,"DPG Vitamin Well Hydrate sells with Red Bull 0,25 at 2.5x lift, and that is one of this customer's regular buys.",OPEN
NBO-000696,CUST00392,MUC01,AR90035,2026-07-03,2026-07-17,0.627,15,0.91,EUR,APP_PUSH,"Welde Naturradler sells with Leergut 0,08 EUR at 9.52x lift, and that is one of this customer's regular buys.",OPEN
NBO-000697,CUST00392,MUC01,AR90036,2026-07-03,2026-07-17,0.627,15,0.91,EUR,APP_PUSH,"Welde Alkoholfrei sells with Leergut 0,08 EUR at 7.14x lift, and that is one of this customer's regular buys.",OPEN
NBO-000358,CUST00200,STR01,AR90040,2026-07-03,2026-07-17,0.6259,15,0.9,EUR,APP_PUSH,"FUZE T PFIRSICH sells with Leergut 0,15 EUR at 3.69x lift, and that is one of this customer's regular buys.",OPEN
NBO-000359,CUST00200,STR01,AR90030,2026-07-03,2026-07-17,0.6259,15,0.85,EUR,APP_PUSH,"Teinacher Apfelschorle sells with Leergut 0,15 EUR at 3.5x lift, and that is one of this customer's regular buys.",OPEN
NBO-000291,CUST00175,MUC01,AR90040,2026-07-03,2026-07-17,0.624,15,0.9,EUR,APP_PUSH,"FUZE T PFIRSICH sells with Leergut 0,15 EUR at 3.69x lift, and that is one of this customer's regular buys.",OPEN
NBO-000292,CUST00175,MUC01,AR90030,2026-07-03,2026-07-17,0.624,15,0.85,EUR,APP_PUSH,"Teinacher Apfelschorle sells with Leergut 0,15 EUR at 3.5x lift, and that is one of this customer's regular buys.",OPEN
NBO-000371,CUST00207,HAM01,AR90040,2026-07-03,2026-07-17,0.6228,15,0.9,EUR,APP_PUSH,"FUZE T PFIRSICH sells with Leergut 0,15 EUR at 3.69x lift, and that is one of this customer's regular buys.",OPEN
NBO-000372,CUST00207,HAM01,AR90039,2026-07-03,2026-07-17,0.6228,15,0.79,EUR,APP_PUSH,"Coca Cola Zero 0,4L Glas Mehrweg sells with Leergut 0,15 EUR at 3.42x lift, and that is one of this customer's regular buys.",OPEN
NBO-000487,CUST00269,WDF01,AR90035,2026-07-03,2026-07-17,0.6222,15,0.9,EUR,APP_PUSH,"Welde Naturradler sells with Leergut 0,08 EUR at 9.52x lift, and that is one of this customer's regular buys.",OPEN
NBO-000806,CUST00456,WDF01,AR90030,2026-07-03,2026-07-17,0.6222,15,0.85,EUR,APP_PUSH,"Teinacher Apfelschorle sells with Leergut 0,15 EUR at 3.5x lift, and that is one of this customer's regular buys.",OPEN
NBO-000241,CUST00145,WDF01,AR90040,2026-07-03,2026-07-17,0.6215,15,0.9,EUR,APP_PUSH,"FUZE T PFIRSICH sells with Leergut 0,15 EUR at 3.69x lift, and that is one of this customer's regular buys.",OPEN
NBO-000242,CUST00145,WDF01,AR90030,2026-07-03,2026-07-17,0.6215,15,0.85,EUR,APP_PUSH,"Teinacher Apfelschorle sells with Leergut 0,15 EUR at 3.5x lift, and that is one of this customer's regular buys.",OPEN
NBO-000247,CUST00147,STR01,AR90040,2026-07-03,2026-07-17,0.6214,16.6,0.88,EUR,APP_PUSH,"FUZE T PFIRSICH sells with Leergut 0,15 EUR at 3.69x lift, and that is one of this customer's regular buys.",OPEN
NBO-000248,CUST00147,STR01,AR90030,2026-07-03,2026-07-17,0.6214,16.6,0.83,EUR,APP_PUSH,"Teinacher Apfelschorle sells with Leergut 0,15 EUR at 3.5x lift, and that is one of this customer's regular buys.",OPEN
NBO-000481,CUST00262,HAM01,AR00289,2026-07-03,2026-07-17,0.6207,15,1.16,EUR,APP_PUSH,"Shot Himbeere Ingwer 60ml sells with HOMEMADE Breakfastcup 285g at 14.68x lift, and that is one of this customer's regular buys.",OPEN
NBO-000518,CUST00285,HAM01,AR00289,2026-07-03,2026-07-17,0.6192,15,1.16,EUR,APP_PUSH,"Shot Himbeere Ingwer 60ml sells with HOMEMADE Breakfastcup 285g at 14.68x lift, and that is one of this customer's regular buys.",OPEN
NBO-000109,CUST00060,HAM01,AR90003,2026-07-03,2026-07-17,0.6117,11.2,0.08,EUR,APP_PUSH,"Buys Leergut 0,15 EUR about every 35 days and is 101 days on from the last one.",OPEN
NBO-000836,CUST00476,STR01,AR90019,2026-07-03,2026-07-17,0.6115,16.6,0.99,EUR,APP_PUSH,"DPG Vitamin Well Hydrate sells with Red Bull 0,25 at 2.5x lift, and that is one of this customer's regular buys.",OPEN
NBO-000243,CUST00145,WDF01,AR90035,2026-07-03,2026-07-17,0.6093,15,0.88,EUR,APP_PUSH,"Welde Naturradler sells with Leergut 0,08 EUR at 9.52x lift, and that is one of this customer's regular buys.",OPEN
NBO-000224,CUST00135,STR01,AR90040,2026-07-03,2026-07-17,0.6089,15,0.88,EUR,APP_PUSH,"FUZE T PFIRSICH sells with Leergut 0,15 EUR at 3.69x lift, and that is one of this customer's regular buys.",OPEN
NBO-000225,CUST00135,STR01,AR90030,2026-07-03,2026-07-17,0.6089,15,0.83,EUR,APP_PUSH,"Teinacher Apfelschorle sells with Leergut 0,15 EUR at 3.5x lift, and that is one of this customer's regular buys.",OPEN
NBO-000226,CUST00135,STR01,AR90039,2026-07-03,2026-07-17,0.6089,15,0.78,EUR,APP_PUSH,"Coca Cola Zero 0,4L Glas Mehrweg sells with Leergut 0,15 EUR at 3.42x lift, and that is one of this customer's regular buys.",OPEN
NBO-000665,CUST00377,HAM01,AR90040,2026-07-03,2026-07-17,0.6083,16.6,0.86,EUR,APP_PUSH,"FUZE T PFIRSICH sells with Leergut 0,15 EUR at 3.69x lift, and that is one of this customer's regular buys.",OPEN
NBO-000666,CUST00377,HAM01,AR90030,2026-07-03,2026-07-17,0.6083,16.6,0.81,EUR,APP_PUSH,"Teinacher Apfelschorle sells with Leergut 0,15 EUR at 3.5x lift, and that is one of this customer's regular buys.",OPEN
NBO-000157,CUST00099,WDF02,AR90035,2026-07-03,2026-07-17,0.6075,15,0.88,EUR,APP_PUSH,"Welde Naturradler sells with Leergut 0,08 EUR at 9.52x lift, and that is one of this customer's regular buys.",OPEN
NBO-000158,CUST00099,WDF02,AR90034,2026-07-03,2026-07-17,0.6075,15,0.88,EUR,APP_PUSH,"Welde Slow sells with Leergut 0,08 EUR at 8.29x lift, and that is one of this customer's regular buys.",OPEN
NBO-000159,CUST00099,WDF02,AR90036,2026-07-03,2026-07-17,0.6075,15,0.88,EUR,APP_PUSH,"Welde Alkoholfrei sells with Leergut 0,08 EUR at 7.14x lift, and that is one of this customer's regular buys.",OPEN
NBO-000234,CUST00141,HAM01,AR90003,2026-07-03,2026-07-17,0.6066,8,0.08,EUR,APP_PUSH,"Buys Leergut 0,15 EUR about every 15.1 days and is 38 days on from the last one.",OPEN
NBO-000105,CUST00058,BLN01,AR90040,2026-07-03,2026-07-17,0.6064,15,0.88,EUR,APP_PUSH,"FUZE T PFIRSICH sells with Leergut 0,15 EUR at 3.69x lift, and that is one of this customer's regular buys.",OPEN
NBO-000106,CUST00058,BLN01,AR90030,2026-07-03,2026-07-17,0.6064,15,0.82,EUR,APP_PUSH,"Teinacher Apfelschorle sells with Leergut 0,15 EUR at 3.5x lift, and that is one of this customer's regular buys.",OPEN
NBO-000656,CUST00373,MUC01,AR90019,2026-07-03,2026-07-17,0.606,16.6,0.99,EUR,APP_PUSH,"DPG Vitamin Well Hydrate sells with Red Bull 0,25 at 2.5x lift, and that is one of this customer's regular buys.",OPEN
NBO-000188,CUST00111,MUC01,AR90019,2026-07-03,2026-07-17,0.6056,18.2,0.97,EUR,APP_PUSH,"DPG Vitamin Well Hydrate sells with Red Bull 0,25 at 2.5x lift, and that is one of this customer's regular buys.",OPEN
NBO-000546,CUST00309,MUC01,AR90019,2026-07-03,2026-07-17,0.6041,18.2,0.96,EUR,APP_PUSH,"DPG Vitamin Well Hydrate sells with Red Bull 0,25 at 2.5x lift, and that is one of this customer's regular buys.",OPEN
NBO-000698,CUST00392,MUC01,AR00241,2026-07-03,2026-07-17,0.6032,8,1.39,EUR,APP_PUSH,Buys HOMEMADE BUN HAM about every 47.5 days and is 88 days on from the last one.,OPEN
NBO-000674,CUST00383,STR01,AR90035,2026-07-03,2026-07-17,0.6023,15,0.87,EUR,APP_PUSH,"Welde Naturradler sells with Leergut 0,08 EUR at 9.52x lift, and that is one of this customer's regular buys.",OPEN
NBO-000675,CUST00383,STR01,AR90034,2026-07-03,2026-07-17,0.6023,15,0.87,EUR,APP_PUSH,"Welde Slow sells with Leergut 0,08 EUR at 8.29x lift, and that is one of this customer's regular buys.",OPEN
NBO-000676,CUST00383,STR01,AR90036,2026-07-03,2026-07-17,0.6023,15,0.87,EUR,APP_PUSH,"Welde Alkoholfrei sells with Leergut 0,08 EUR at 7.14x lift, and that is one of this customer's regular buys.",OPEN
NBO-000499,CUST00275,HAM01,AR90004,2026-07-03,2026-07-17,0.5997,9.6,0.14,EUR,APP_PUSH,"Buys Leergut 0,25 EUR about every 26 days and is 44 days on from the last one.",OPEN
NBO-000667,CUST00377,HAM01,AR90036,2026-07-03,2026-07-17,0.5994,16.6,0.85,EUR,APP_PUSH,"Welde Alkoholfrei sells with Leergut 0,08 EUR at 7.14x lift, and that is one of this customer's regular buys.",OPEN
NBO-000566,CUST00320,HAM01,AR90036,2026-07-03,2026-07-17,0.5988,15,0.87,EUR,APP_PUSH,"Welde Alkoholfrei sells with Leergut 0,08 EUR at 7.14x lift, and that is one of this customer's regular buys.",OPEN
NBO-000351,CUST00197,WDF01,AR90040,2026-07-03,2026-07-17,0.5975,15,0.86,EUR,APP_PUSH,"FUZE T PFIRSICH sells with Leergut 0,15 EUR at 3.69x lift, and that is one of this customer's regular buys.",OPEN
NBO-000352,CUST00197,WDF01,AR90030,2026-07-03,2026-07-17,0.5975,15,0.81,EUR,APP_PUSH,"Teinacher Apfelschorle sells with Leergut 0,15 EUR at 3.5x lift, and that is one of this customer's regular buys.",OPEN
NBO-000488,CUST00271,MUC01,AR00289,2026-07-03,2026-07-17,0.5975,15,1.12,EUR,APP_PUSH,"Shot Himbeere Ingwer 60ml sells with HOMEMADE Breakfastcup 285g at 14.68x lift, and that is one of this customer's regular buys.",OPEN
NBO-000828,CUST00472,HAM01,AR90030,2026-07-03,2026-07-17,0.597,18.2,0.78,EUR,APP_PUSH,"Teinacher Apfelschorle sells with Leergut 0,15 EUR at 3.5x lift, and that is one of this customer's regular buys.",OPEN
NBO-000829,CUST00472,HAM01,AR90039,2026-07-03,2026-07-17,0.597,18.2,0.73,EUR,APP_PUSH,"Coca Cola Zero 0,4L Glas Mehrweg sells with Leergut 0,15 EUR at 3.42x lift, and that is one of this customer's regular buys.",OPEN
NBO-000336,CUST00192,WDF01,AR90004,2026-07-03,2026-07-17,0.5944,12.8,0.13,EUR,APP_PUSH,"Buys Leergut 0,25 EUR about every 26 days and is 33 days on from the last one.",OPEN
NBO-000699,CUST00394,MUC01,AR90040,2026-07-03,2026-07-17,0.5922,15,0.86,EUR,APP_PUSH,"FUZE T PFIRSICH sells with Leergut 0,15 EUR at 3.69x lift, and that is one of this customer's regular buys.",OPEN
NBO-000700,CUST00394,MUC01,AR90030,2026-07-03,2026-07-17,0.5922,15,0.81,EUR,APP_PUSH,"Teinacher Apfelschorle sells with Leergut 0,15 EUR at 3.5x lift, and that is one of this customer's regular buys.",OPEN
NBO-000275,CUST00164,STR01,AR90040,2026-07-03,2026-07-17,0.5904,15,0.85,EUR,APP_PUSH,"FUZE T PFIRSICH sells with Leergut 0,15 EUR at 3.69x lift, and that is one of this customer's regular buys.",OPEN
NBO-000276,CUST00164,STR01,AR90030,2026-07-03,2026-07-17,0.5904,15,0.8,EUR,APP_PUSH,"Teinacher Apfelschorle sells with Leergut 0,15 EUR at 3.5x lift, and that is one of this customer's regular buys.",OPEN
NBO-000277,CUST00164,STR01,AR90039,2026-07-03,2026-07-17,0.5904,15,0.75,EUR,APP_PUSH,"Coca Cola Zero 0,4L Glas Mehrweg sells with Leergut 0,15 EUR at 3.42x lift, and that is one of this customer's regular buys.",OPEN
NBO-000673,CUST00381,HAM01,AR90003,2026-07-03,2026-07-17,0.59,9.6,0.08,EUR,APP_PUSH,"Buys Leergut 0,15 EUR about every 24.5 days and is 73 days on from the last one.",OPEN
NBO-000215,CUST00132,STR01,AR00289,2026-07-03,2026-07-17,0.5896,18.2,1.06,EUR,APP_PUSH,"Shot Himbeere Ingwer 60ml sells with HOMEMADE Breakfastcup 285g at 14.68x lift, and that is one of this customer's regular buys.",OPEN
NBO-000624,CUST00355,BLN01,AR90040,2026-07-03,2026-07-17,0.5893,15,0.85,EUR,APP_PUSH,"FUZE T PFIRSICH sells with Leergut 0,15 EUR at 3.69x lift, and that is one of this customer's regular buys.",OPEN
NBO-000625,CUST00355,BLN01,AR90030,2026-07-03,2026-07-17,0.5893,15,0.8,EUR,APP_PUSH,"Teinacher Apfelschorle sells with Leergut 0,15 EUR at 3.5x lift, and that is one of this customer's regular buys.",OPEN
NBO-000626,CUST00355,BLN01,AR90039,2026-07-03,2026-07-17,0.5893,15,0.75,EUR,APP_PUSH,"Coca Cola Zero 0,4L Glas Mehrweg sells with Leergut 0,15 EUR at 3.42x lift, and that is one of this customer's regular buys.",OPEN
NBO-000094,CUST00053,HAM01,AR00009,2026-07-03,2026-07-17,0.5887,8,0.54,EUR,APP_PUSH,Buys Protein Bar Caramell Toffee about every 41 days and is 59 days on from the last one.,OPEN
NBO-000361,CUST00202,HAM01,AR90030,2026-07-03,2026-07-17,0.588,15,0.8,EUR,APP_PUSH,"Teinacher Apfelschorle sells with Leergut 0,15 EUR at 3.5x lift, and that is one of this customer's regular buys.",OPEN
NBO-000597,CUST00340,MUC01,AR90019,2026-07-03,2026-07-17,0.5871,16.6,0.95,EUR,APP_PUSH,"DPG Vitamin Well Hydrate sells with Red Bull 0,25 at 2.5x lift, and that is one of this customer's regular buys.",OPEN
NBO-000142,CUST00083,BLN01,AR90019,2026-07-03,2026-07-17,0.5866,19.8,0.92,EUR,APP_PUSH,"DPG Vitamin Well Hydrate sells with Red Bull 0,25 at 2.5x lift, and that is one of this customer's regular buys.",OPEN
NBO-000513,CUST00284,STR01,AR90040,2026-07-03,2026-07-17,0.5851,19.8,0.8,EUR,APP_PUSH,"FUZE T PFIRSICH sells with Leergut 0,15 EUR at 3.69x lift, and that is one of this customer's regular buys.",OPEN
NBO-000514,CUST00284,STR01,AR90030,2026-07-03,2026-07-17,0.5851,19.8,0.75,EUR,APP_PUSH,"Teinacher Apfelschorle sells with Leergut 0,15 EUR at 3.5x lift, and that is one of this customer's regular buys.",OPEN
NBO-000515,CUST00284,STR01,AR90039,2026-07-03,2026-07-17,0.5851,19.8,0.7,EUR,APP_PUSH,"Coca Cola Zero 0,4L Glas Mehrweg sells with Leergut 0,15 EUR at 3.42x lift, and that is one of this customer's regular buys.",OPEN
NBO-000668,CUST00379,WDF01,AR90040,2026-07-03,2026-07-17,0.585,15,0.85,EUR,APP_PUSH,"FUZE T PFIRSICH sells with Leergut 0,15 EUR at 3.69x lift, and that is one of this customer's regular buys.",OPEN
NBO-000669,CUST00379,WDF01,AR90039,2026-07-03,2026-07-17,0.585,15,0.75,EUR,APP_PUSH,"Coca Cola Zero 0,4L Glas Mehrweg sells with Leergut 0,15 EUR at 3.42x lift, and that is one of this customer's regular buys.",OPEN
NBO-000172,CUST00106,BLN01,AR90019,2026-07-03,2026-07-17,0.5836,15,0.97,EUR,APP_PUSH,"DPG Vitamin Well Hydrate sells with Red Bull 0,25 at 2.5x lift, and that is one of this customer's regular buys.",OPEN
NBO-000075,CUST00045,BLN01,AR90040,2026-07-03,2026-07-17,0.5811,19.8,0.79,EUR,APP_PUSH,"FUZE T PFIRSICH sells with Leergut 0,15 EUR at 3.69x lift, and that is one of this customer's regular buys.",OPEN
NBO-000076,CUST00045,BLN01,AR90030,2026-07-03,2026-07-17,0.5811,19.8,0.75,EUR,APP_PUSH,"Teinacher Apfelschorle sells with Leergut 0,15 EUR at 3.5x lift, and that is one of this customer's regular buys.",OPEN
NBO-000077,CUST00045,BLN01,AR90039,2026-07-03,2026-07-17,0.5811,19.8,0.7,EUR,APP_PUSH,"Coca Cola Zero 0,4L Glas Mehrweg sells with Leergut 0,15 EUR at 3.42x lift, and that is one of this customer's regular buys.",OPEN
NBO-000362,CUST00202,HAM01,AR90035,2026-07-03,2026-07-17,0.5781,15,0.84,EUR,APP_PUSH,"Welde Naturradler sells with Leergut 0,08 EUR at 9.52x lift, and that is one of this customer's regular buys.",OPEN
NBO-000090,CUST00051,STR01,AR90040,2026-07-03,2026-07-17,0.5778,15,0.83,EUR,APP_PUSH,"FUZE T PFIRSICH sells with Leergut 0,15 EUR at 3.69x lift, and that is one of this customer's regular buys.",OPEN
NBO-000091,CUST00051,STR01,AR90030,2026-07-03,2026-07-17,0.5778,15,0.79,EUR,APP_PUSH,"Teinacher Apfelschorle sells with Leergut 0,15 EUR at 3.5x lift, and that is one of this customer's regular buys.",OPEN
NBO-000092,CUST00051,STR01,AR90035,2026-07-03,2026-07-17,0.5778,15,0.83,EUR,APP_PUSH,"Welde Naturradler sells with Leergut 0,08 EUR at 9.52x lift, and that is one of this customer's regular buys.",OPEN
NBO-000417,CUST00234,HAM01,AR00395,2026-07-03,2026-07-17,0.5778,9.6,1.31,EUR,APP_PUSH,Buys Koro Protein Bar Schoko Brownie about every 40.7 days and is 60 days on from the last one.,OPEN
NBO-000752,CUST00422,WDF01,AR90019,2026-07-03,2026-07-17,0.5771,16.6,0.94,EUR,APP_PUSH,"DPG Vitamin Well Hydrate sells with Red Bull 0,25 at 2.5x lift, and that is one of this customer's regular buys.",OPEN
NBO-000532,CUST00296,HAM01,AR90040,2026-07-03,2026-07-17,0.5765,15,0.83,EUR,APP_PUSH,"FUZE T PFIRSICH sells with Leergut 0,15 EUR at 3.69x lift, and that is one of this customer's regular buys.",OPEN
NBO-000533,CUST00296,HAM01,AR90030,2026-07-03,2026-07-17,0.5765,15,0.78,EUR,APP_PUSH,"Teinacher Apfelschorle sells with Leergut 0,15 EUR at 3.5x lift, and that is one of this customer's regular buys.",OPEN
NBO-000534,CUST00296,HAM01,AR90035,2026-07-03,2026-07-17,0.5765,15,0.83,EUR,APP_PUSH,"Welde Naturradler sells with Leergut 0,08 EUR at 9.52x lift, and that is one of this customer's regular buys.",OPEN
NBO-000670,CUST00379,WDF01,AR00289,2026-07-03,2026-07-17,0.5742,15,1.07,EUR,APP_PUSH,"Shot Himbeere Ingwer 60ml sells with HOMEMADE Breakfastcup 285g at 14.68x lift, and that is one of this customer's regular buys.",OPEN
NBO-000800,CUST00453,MUC01,AR90004,2026-07-03,2026-07-17,0.5724,11.2,0.13,EUR,APP_PUSH,"Buys Leergut 0,25 EUR about every 17.4 days and is 14 days on from the last one.",OPEN
NBO-000694,CUST00391,HAM01,AR90019,2026-07-03,2026-07-17,0.5723,16.6,0.93,EUR,APP_PUSH,"DPG Vitamin Well Hydrate sells with Red Bull 0,25 at 2.5x lift, and that is one of this customer's regular buys.",OPEN
NBO-000468,CUST00258,WDF01,AR90003,2026-07-03,2026-07-17,0.5717,9.6,0.08,EUR,APP_PUSH,"Buys Leergut 0,15 EUR about every 26 days and is 71 days on from the last one.",OPEN
NBO-000695,CUST00391,HAM01,AR90002,2026-07-03,2026-07-17,0.5717,9.6,0.04,EUR,APP_PUSH,"Buys Leergut 0,08 EUR about every 25.5 days and is 58 days on from the last one.",OPEN
NBO-000240,CUST00144,BLN01,AR90019,2026-07-03,2026-07-17,0.5715,16.6,0.93,EUR,APP_PUSH,"DPG Vitamin Well Hydrate sells with Red Bull 0,25 at 2.5x lift, and that is one of this customer's regular buys.",OPEN
NBO-000284,CUST00171,MUC01,AR90004,2026-07-03,2026-07-17,0.5715,8,0.13,EUR,APP_PUSH,"Buys Leergut 0,25 EUR about every 25.8 days and is 36 days on from the last one.",OPEN
NBO-000344,CUST00195,STR01,AR90019,2026-07-03,2026-07-17,0.5715,16.6,0.93,EUR,APP_PUSH,"DPG Vitamin Well Hydrate sells with Red Bull 0,25 at 2.5x lift, and that is one of this customer's regular buys.",OPEN
NBO-000445,CUST00249,BLN01,AR90040,2026-07-03,2026-07-17,0.5703,16.6,0.81,EUR,APP_PUSH,"FUZE T PFIRSICH sells with Leergut 0,15 EUR at 3.69x lift, and that is one of this customer's regular buys.",OPEN
NBO-000446,CUST00249,BLN01,AR90030,2026-07-03,2026-07-17,0.5703,16.6,0.76,EUR,APP_PUSH,"Teinacher Apfelschorle sells with Leergut 0,15 EUR at 3.5x lift, and that is one of this customer's regular buys.",OPEN
NBO-000447,CUST00249,BLN01,AR90039,2026-07-03,2026-07-17,0.5703,16.6,0.71,EUR,APP_PUSH,"Coca Cola Zero 0,4L Glas Mehrweg sells with Leergut 0,15 EUR at 3.42x lift, and that is one of this customer's regular buys.",OPEN
NBO-000044,CUST00020,HAM01,AR00164,2026-07-03,2026-07-17,0.5694,8,1.99,EUR,APP_PUSH,Buys GO FRESH Wrap Linse Falaf about every 50 days and is 70 days on from the last one.,OPEN
NBO-000050,CUST00025,BLN01,AR90035,2026-07-03,2026-07-17,0.5686,16.6,0.81,EUR,APP_PUSH,"Welde Naturradler sells with Leergut 0,08 EUR at 9.52x lift, and that is one of this customer's regular buys.",OPEN
NBO-000051,CUST00025,BLN01,AR90034,2026-07-03,2026-07-17,0.5686,16.6,0.81,EUR,APP_PUSH,"Welde Slow sells with Leergut 0,08 EUR at 8.29x lift, and that is one of this customer's regular buys.",OPEN
NBO-000052,CUST00025,BLN01,AR90036,2026-07-03,2026-07-17,0.5686,16.6,0.81,EUR,APP_PUSH,"Welde Alkoholfrei sells with Leergut 0,08 EUR at 7.14x lift, and that is one of this customer's regular buys.",OPEN
NBO-000235,CUST00142,WDF02,AR90019,2026-07-03,2026-07-17,0.5686,15,0.94,EUR,APP_PUSH,"DPG Vitamin Well Hydrate sells with Red Bull 0,25 at 2.5x lift, and that is one of this customer's regular buys.",OPEN
NBO-000547,CUST00311,MUC01,AR90018,2026-07-03,2026-07-17,0.5682,19.8,0.89,EUR,APP_PUSH,"DPG Vitamin Well Reload sells with Leergut 0,25 EUR at 1.86x lift, and that is one of this customer's regular buys.",OPEN
NBO-000768,CUST00437,WDF01,AR90019,2026-07-03,2026-07-17,0.5681,18.2,0.91,EUR,APP_PUSH,"DPG Vitamin Well Hydrate sells with Red Bull 0,25 at 2.5x lift, and that is one of this customer's regular buys.",OPEN
NBO-000833,CUST00475,MUC01,AR90004,2026-07-03,2026-07-17,0.5639,9.6,0.13,EUR,APP_PUSH,"Buys Leergut 0,25 EUR about every 19.7 days and is 46 days on from the last one.",OPEN
NBO-000548,CUST00311,MUC01,AR90054,2026-07-03,2026-07-17,0.5638,19.8,0.77,EUR,APP_PUSH,"Red Bull Sea Blue Edition sells with Leergut 0,25 EUR at 1.84x lift, and that is one of this customer's regular buys.",OPEN
NBO-000047,CUST00023,BLN01,AR90030,2026-07-03,2026-07-17,0.5632,15,0.77,EUR,APP_PUSH,"Teinacher Apfelschorle sells with Leergut 0,15 EUR at 3.5x lift, and that is one of this customer's regular buys.",OPEN
NBO-000080,CUST00046,HAM01,AR90019,2026-07-03,2026-07-17,0.5631,18.2,0.9,EUR,APP_PUSH,"DPG Vitamin Well Hydrate sells with Red Bull 0,25 at 2.5x lift, and that is one of this customer's regular buys.",OPEN
NBO-000145,CUST00085,MUC01,AR90004,2026-07-03,2026-07-17,0.5611,9.6,0.13,EUR,APP_PUSH,"Buys Leergut 0,25 EUR about every 43.3 days and is 49 days on from the last one.",OPEN
NBO-000431,CUST00244,STR01,AR90019,2026-07-03,2026-07-17,0.5609,15,0.93,EUR,APP_PUSH,"DPG Vitamin Well Hydrate sells with Red Bull 0,25 at 2.5x lift, and that is one of this customer's regular buys.",OPEN
NBO-000114,CUST00067,WDF01,AR90019,2026-07-03,2026-07-17,0.5594,16.6,0.91,EUR,APP_PUSH,"DPG Vitamin Well Hydrate sells with Red Bull 0,25 at 2.5x lift, and that is one of this customer's regular buys.",OPEN
NBO-000221,CUST00134,HAM01,AR90030,2026-07-03,2026-07-17,0.5584,16.6,0.75,EUR,APP_PUSH,"Teinacher Apfelschorle sells with Leergut 0,15 EUR at 3.5x lift, and that is one of this customer's regular buys.",OPEN
NBO-000436,CUST00246,HAM01,AR90004,2026-07-03,2026-07-17,0.5553,9.6,0.13,EUR,APP_PUSH,"Buys Leergut 0,25 EUR about every 15.2 days and is 17 days on from the last one.",OPEN
NBO-000053,CUST00028,BLN01,AR90040,2026-07-03,2026-07-17,0.5533,16.6,0.78,EUR,APP_PUSH,"FUZE T PFIRSICH sells with Leergut 0,15 EUR at 3.69x lift, and that is one of this customer's regular buys.",OPEN
NBO-000054,CUST00028,BLN01,AR90030,2026-07-03,2026-07-17,0.5533,16.6,0.74,EUR,APP_PUSH,"Teinacher Apfelschorle sells with Leergut 0,15 EUR at 3.5x lift, and that is one of this customer's regular buys.",OPEN
NBO-000115,CUST00067,WDF01,AR00244,2026-07-03,2026-07-17,0.5533,9.6,1.25,EUR,APP_PUSH,Buys HOMEMADE BUN Veggie Laugenecke Tom Moz about every 27.5 days and is 66 days on from the last one.,OPEN
NBO-000326,CUST00188,BLN01,AR90040,2026-07-03,2026-07-17,0.553,18.2,0.77,EUR,APP_PUSH,"FUZE T PFIRSICH sells with Leergut 0,15 EUR at 3.69x lift, and that is one of this customer's regular buys.",OPEN
NBO-000327,CUST00188,BLN01,AR90030,2026-07-03,2026-07-17,0.553,18.2,0.72,EUR,APP_PUSH,"Teinacher Apfelschorle sells with Leergut 0,15 EUR at 3.5x lift, and that is one of this customer's regular buys.",OPEN
NBO-000337,CUST00192,WDF01,AR90030,2026-07-03,2026-07-17,0.5521,19.8,0.71,EUR,APP_PUSH,"Teinacher Apfelschorle sells with Leergut 0,15 EUR at 3.5x lift, and that is one of this customer's regular buys.",OPEN
NBO-000805,CUST00455,WDF01,AR90004,2026-07-03,2026-07-17,0.5503,8,0.13,EUR,APP_PUSH,"Buys Leergut 0,25 EUR about every 19.1 days and is 25 days on from the last one.",OPEN
NBO-000112,CUST00064,HAM01,AR90004,2026-07-03,2026-07-17,0.55,8,0.13,EUR,APP_PUSH,"Buys Leergut 0,25 EUR about every 24.6 days and is 57 days on from the last one.",OPEN
NBO-000055,CUST00028,BLN01,AR90035,2026-07-03,2026-07-17,0.5472,16.6,0.78,EUR,APP_PUSH,"Welde Naturradler sells with Leergut 0,08 EUR at 9.52x lift, and that is one of this customer's regular buys.",OPEN
NBO-000641,CUST00364,WDF01,AR90039,2026-07-03,2026-07-17,0.5467,9.6,0.74,EUR,APP_PUSH,"Buys Coca Cola Zero 0,4L Glas Mehrweg about every 34 days and is 60 days on from the last one.",OPEN
NBO-000027,CUST00013,WDF01,AR90003,2026-07-03,2026-07-17,0.5423,9.6,0.07,EUR,APP_PUSH,"Buys Leergut 0,15 EUR about every 36.8 days and is 33 days on from the last one.",OPEN
NBO-000522,CUST00289,STR01,AR90019,2026-07-03,2026-07-17,0.5422,15,0.9,EUR,APP_PUSH,"DPG Vitamin Well Hydrate sells with Red Bull 0,25 at 2.5x lift, and that is one of this customer's regular buys.",OPEN
NBO-000825,CUST00470,HAM01,AR90019,2026-07-03,2026-07-17,0.5421,16.6,0.88,EUR,APP_PUSH,"DPG Vitamin Well Hydrate sells with Red Bull 0,25 at 2.5x lift, and that is one of this customer's regular buys.",OPEN
NBO-000381,CUST00215,HAM01,AR90019,2026-07-03,2026-07-17,0.5413,15,0.9,EUR,APP_PUSH,"DPG Vitamin Well Hydrate sells with Red Bull 0,25 at 2.5x lift, and that is one of this customer's regular buys.",OPEN
NBO-000776,CUST00440,WDF01,AR90040,2026-07-03,2026-07-17,0.5411,15,0.78,EUR,APP_PUSH,"FUZE T PFIRSICH sells with Leergut 0,15 EUR at 3.69x lift, and that is one of this customer's regular buys.",OPEN
NBO-000777,CUST00440,WDF01,AR90030,2026-07-03,2026-07-17,0.5411,15,0.74,EUR,APP_PUSH,"Teinacher Apfelschorle sells with Leergut 0,15 EUR at 3.5x lift, and that is one of this customer's regular buys.",OPEN
NBO-000162,CUST00100,WDF01,AR90019,2026-07-03,2026-07-17,0.5401,18.2,0.86,EUR,APP_PUSH,"DPG Vitamin Well Hydrate sells with Red Bull 0,25 at 2.5x lift, and that is one of this customer's regular buys.",OPEN
NBO-000096,CUST00054,MUC01,AR90019,2026-07-03,2026-07-17,0.5369,16.6,0.87,EUR,APP_PUSH,"DPG Vitamin Well Hydrate sells with Red Bull 0,25 at 2.5x lift, and that is one of this customer's regular buys.",OPEN
NBO-000614,CUST00349,BLN01,AR90019,2026-07-03,2026-07-17,0.536,16.6,0.87,EUR,APP_PUSH,"DPG Vitamin Well Hydrate sells with Red Bull 0,25 at 2.5x lift, and that is one of this customer's regular buys.",OPEN
NBO-000778,CUST00440,WDF01,AR90036,2026-07-03,2026-07-17,0.5358,15,0.77,EUR,APP_PUSH,"Welde Alkoholfrei sells with Leergut 0,08 EUR at 7.14x lift, and that is one of this customer's regular buys.",OPEN
NBO-000035,CUST00016,BLN01,AR90040,2026-07-03,2026-07-17,0.535,16.6,0.76,EUR,APP_PUSH,"FUZE T PFIRSICH sells with Leergut 0,15 EUR at 3.69x lift, and that is one of this customer's regular buys.",OPEN
NBO-000036,CUST00016,BLN01,AR90030,2026-07-03,2026-07-17,0.535,16.6,0.71,EUR,APP_PUSH,"Teinacher Apfelschorle sells with Leergut 0,15 EUR at 3.5x lift, and that is one of this customer's regular buys.",OPEN
NBO-000037,CUST00016,BLN01,AR90039,2026-07-03,2026-07-17,0.535,16.6,0.67,EUR,APP_PUSH,"Coca Cola Zero 0,4L Glas Mehrweg sells with Leergut 0,15 EUR at 3.42x lift, and that is one of this customer's regular buys.",OPEN
NBO-000356,CUST00199,STR01,AR90019,2026-07-03,2026-07-17,0.5335,16.6,0.87,EUR,APP_PUSH,"DPG Vitamin Well Hydrate sells with Red Bull 0,25 at 2.5x lift, and that is one of this customer's regular buys.",OPEN
NBO-000618,CUST00352,WDF01,AR90013,2026-07-03,2026-07-17,0.5331,11.2,0.8,EUR,APP_PUSH,"Buys Red Bull 0,25 about every 16.7 days and is 16 days on from the last one.",OPEN
NBO-000811,CUST00458,STR01,AR90040,2026-07-03,2026-07-17,0.5329,16.6,0.76,EUR,APP_PUSH,"FUZE T PFIRSICH sells with Leergut 0,15 EUR at 3.69x lift, and that is one of this customer's regular buys.",OPEN
NBO-000812,CUST00458,STR01,AR90030,2026-07-03,2026-07-17,0.5329,16.6,0.71,EUR,APP_PUSH,"Teinacher Apfelschorle sells with Leergut 0,15 EUR at 3.5x lift, and that is one of this customer's regular buys.",OPEN
NBO-000810,CUST00457,WDF01,AR90019,2026-07-03,2026-07-17,0.5323,15,0.88,EUR,APP_PUSH,"DPG Vitamin Well Hydrate sells with Red Bull 0,25 at 2.5x lift, and that is one of this customer's regular buys.",OPEN
NBO-000801,CUST00453,MUC01,AR90054,2026-07-03,2026-07-17,0.5322,18.2,0.74,EUR,APP_PUSH,"Red Bull Sea Blue Edition sells with Leergut 0,25 EUR at 1.84x lift, and that is one of this customer's regular buys.",OPEN
NBO-000523,CUST00291,BLN01,AR90035,2026-07-03,2026-07-17,0.5319,18.2,0.74,EUR,APP_PUSH,"Welde Naturradler sells with Leergut 0,08 EUR at 9.52x lift, and that is one of this customer's regular buys.",OPEN
NBO-000524,CUST00291,BLN01,AR90034,2026-07-03,2026-07-17,0.5319,18.2,0.74,EUR,APP_PUSH,"Welde Slow sells with Leergut 0,08 EUR at 8.29x lift, and that is one of this customer's regular buys.",OPEN
NBO-000525,CUST00291,BLN01,AR90040,2026-07-03,2026-07-17,0.5319,18.2,0.74,EUR,APP_PUSH,"FUZE T PFIRSICH sells with Leergut 0,15 EUR at 3.69x lift, and that is one of this customer's regular buys.",OPEN
NBO-000288,CUST00174,STR01,AR90040,2026-07-03,2026-07-17,0.5286,15,0.76,EUR,APP_PUSH,"FUZE T PFIRSICH sells with Leergut 0,15 EUR at 3.69x lift, and that is one of this customer's regular buys.",OPEN
NBO-000293,CUST00175,MUC01,AR90019,2026-07-03,2026-07-17,0.5282,15,0.88,EUR,APP_PUSH,"DPG Vitamin Well Hydrate sells with Red Bull 0,25 at 2.5x lift, and that is one of this customer's regular buys.",OPEN
NBO-000519,CUST00287,STR01,AR90040,2026-07-03,2026-07-17,0.5278,15,0.76,EUR,APP_PUSH,"FUZE T PFIRSICH sells with Leergut 0,15 EUR at 3.69x lift, and that is one of this customer's regular buys.",OPEN
NBO-000520,CUST00287,STR01,AR90030,2026-07-03,2026-07-17,0.5278,15,0.72,EUR,APP_PUSH,"Teinacher Apfelschorle sells with Leergut 0,15 EUR at 3.5x lift, and that is one of this customer's regular buys.",OPEN
NBO-000834,CUST00475,MUC01,AR90040,2026-07-03,2026-07-17,0.5254,16.6,0.74,EUR,APP_PUSH,"FUZE T PFIRSICH sells with Leergut 0,15 EUR at 3.69x lift, and that is one of this customer's regular buys.",OPEN
NBO-000835,CUST00475,MUC01,AR90030,2026-07-03,2026-07-17,0.5254,16.6,0.7,EUR,APP_PUSH,"Teinacher Apfelschorle sells with Leergut 0,15 EUR at 3.5x lift, and that is one of this customer's regular buys.",OPEN
NBO-000454,CUST00253,STR01,AR90040,2026-07-03,2026-07-17,0.5252,18.2,0.73,EUR,APP_PUSH,"FUZE T PFIRSICH sells with Leergut 0,15 EUR at 3.69x lift, and that is one of this customer's regular buys.",OPEN
NBO-000455,CUST00253,STR01,AR90030,2026-07-03,2026-07-17,0.5252,18.2,0.69,EUR,APP_PUSH,"Teinacher Apfelschorle sells with Leergut 0,15 EUR at 3.5x lift, and that is one of this customer's regular buys.",OPEN
NBO-000007,CUST00003,WDF02,AR90018,2026-07-03,2026-07-17,0.5215,18.2,0.83,EUR,APP_PUSH,"DPG Vitamin Well Reload sells with Leergut 0,25 EUR at 1.86x lift, and that is one of this customer's regular buys.",OPEN
NBO-000788,CUST00446,HAM01,AR90040,2026-07-03,2026-07-17,0.5211,18.2,0.72,EUR,APP_PUSH,"FUZE T PFIRSICH sells with Leergut 0,15 EUR at 3.69x lift, and that is one of this customer's regular buys.",OPEN
NBO-000789,CUST00446,HAM01,AR90030,2026-07-03,2026-07-17,0.5211,18.2,0.68,EUR,APP_PUSH,"Teinacher Apfelschorle sells with Leergut 0,15 EUR at 3.5x lift, and that is one of this customer's regular buys.",OPEN
NBO-000263,CUST00154,STR01,AR90019,2026-07-03,2026-07-17,0.52,16.6,0.85,EUR,APP_PUSH,"DPG Vitamin Well Hydrate sells with Red Bull 0,25 at 2.5x lift, and that is one of this customer's regular buys.",OPEN
NBO-000146,CUST00088,BLN01,AR90040,2026-07-03,2026-07-17,0.5196,15,0.75,EUR,APP_PUSH,"FUZE T PFIRSICH sells with Leergut 0,15 EUR at 3.69x lift, and that is one of this customer's regular buys.",OPEN
NBO-000147,CUST00088,BLN01,AR90030,2026-07-03,2026-07-17,0.5196,15,0.71,EUR,APP_PUSH,"Teinacher Apfelschorle sells with Leergut 0,15 EUR at 3.5x lift, and that is one of this customer's regular buys.",OPEN
NBO-000802,CUST00453,MUC01,AR90013,2026-07-03,2026-07-17,0.5196,18.2,0.72,EUR,APP_PUSH,"Red Bull 0,25 sells with Leergut 0,25 EUR at 1.79x lift, and that is one of this customer's regular buys.",OPEN
NBO-000289,CUST00174,STR01,AR00289,2026-07-03,2026-07-17,0.5185,15,0.97,EUR,APP_PUSH,"Shot Himbeere Ingwer 60ml sells with HOMEMADE Breakfastcup 285g at 14.68x lift, and that is one of this customer's regular buys.",OPEN
NBO-000032,CUST00015,BLN01,AR90040,2026-07-03,2026-07-17,0.5181,18.2,0.72,EUR,APP_PUSH,"FUZE T PFIRSICH sells with Leergut 0,15 EUR at 3.69x lift, and that is one of this customer's regular buys.",OPEN
NBO-000033,CUST00015,BLN01,AR90030,2026-07-03,2026-07-17,0.5181,18.2,0.68,EUR,APP_PUSH,"Teinacher Apfelschorle sells with Leergut 0,15 EUR at 3.5x lift, and that is one of this customer's regular buys.",OPEN
NBO-000813,CUST00458,STR01,AR90004,2026-07-03,2026-07-17,0.518,9.6,0.12,EUR,APP_PUSH,"Buys Leergut 0,25 EUR about every 25.5 days and is 63 days on from the last one.",OPEN
NBO-000023,CUST00012,BLN01,AR90018,2026-07-03,2026-07-17,0.5179,19.8,0.81,EUR,APP_PUSH,"DPG Vitamin Well Reload sells with Leergut 0,25 EUR at 1.86x lift, and that is one of this customer's regular buys.",OPEN
NBO-000089,CUST00050,HAM01,AR90019,2026-07-03,2026-07-17,0.5178,16.6,0.84,EUR,APP_PUSH,"DPG Vitamin Well Hydrate sells with Red Bull 0,25 at 2.5x lift, and that is one of this customer's regular buys.",OPEN
NBO-000008,CUST00003,WDF02,AR90054,2026-07-03,2026-07-17,0.5171,18.2,0.72,EUR,APP_PUSH,"Red Bull Sea Blue Edition sells with Leergut 0,25 EUR at 1.84x lift, and that is one of this customer's regular buys.",OPEN
NBO-000095,CUST00053,HAM01,AR90040,2026-07-03,2026-07-17,0.515,15,0.74,EUR,APP_PUSH,"FUZE T PFIRSICH sells with Leergut 0,15 EUR at 3.69x lift, and that is one of this customer's regular buys.",OPEN
NBO-000375,CUST00209,WDF02,AR90013,2026-07-03,2026-07-17,0.5147,19.8,0.7,EUR,APP_PUSH,"Red Bull 0,25 sells with Leergut 0,25 EUR at 1.79x lift, and that is one of this customer's regular buys.",OPEN
NBO-000024,CUST00012,BLN01,AR90054,2026-07-03,2026-07-17,0.5142,19.8,0.7,EUR,APP_PUSH,"Red Bull Sea Blue Edition sells with Leergut 0,25 EUR at 1.84x lift, and that is one of this customer's regular buys.",OPEN
NBO-000759,CUST00427,WDF01,AR90018,2026-07-03,2026-07-17,0.5139,18.2,0.82,EUR,APP_PUSH,"DPG Vitamin Well Reload sells with Leergut 0,25 EUR at 1.86x lift, and that is one of this customer's regular buys.",OPEN
NBO-000619,CUST00352,WDF01,AR90054,2026-07-03,2026-07-17,0.5135,18.2,0.71,EUR,APP_PUSH,"Red Bull Sea Blue Edition sells with Leergut 0,25 EUR at 1.84x lift, and that is one of this customer's regular buys.",OPEN
NBO-000395,CUST00224,STR01,AR90040,2026-07-03,2026-07-17,0.5133,15,0.74,EUR,APP_PUSH,"FUZE T PFIRSICH sells with Leergut 0,15 EUR at 3.69x lift, and that is one of this customer's regular buys.",OPEN
NBO-000396,CUST00224,STR01,AR90030,2026-07-03,2026-07-17,0.5133,15,0.7,EUR,APP_PUSH,"Teinacher Apfelschorle sells with Leergut 0,15 EUR at 3.5x lift, and that is one of this customer's regular buys.",OPEN
NBO-000397,CUST00224,STR01,AR90039,2026-07-03,2026-07-17,0.5133,15,0.65,EUR,APP_PUSH,"Coca Cola Zero 0,4L Glas Mehrweg sells with Leergut 0,15 EUR at 3.42x lift, and that is one of this customer's regular buys.",OPEN
NBO-000728,CUST00411,WDF02,AR90030,2026-07-03,2026-07-17,0.5133,15,0.7,EUR,APP_PUSH,"Teinacher Apfelschorle sells with Leergut 0,15 EUR at 3.5x lift, and that is one of this customer's regular buys.",OPEN
NBO-000729,CUST00411,WDF02,AR90039,2026-07-03,2026-07-17,0.5133,15,0.65,EUR,APP_PUSH,"Coca Cola Zero 0,4L Glas Mehrweg sells with Leergut 0,15 EUR at 3.42x lift, and that is one of this customer's regular buys.",OPEN
NBO-000507,CUST00280,HAM01,AR90040,2026-07-03,2026-07-17,0.5121,16.6,0.73,EUR,APP_PUSH,"FUZE T PFIRSICH sells with Leergut 0,15 EUR at 3.69x lift, and that is one of this customer's regular buys.",OPEN
NBO-000508,CUST00280,HAM01,AR90030,2026-07-03,2026-07-17,0.5121,16.6,0.68,EUR,APP_PUSH,"Teinacher Apfelschorle sells with Leergut 0,15 EUR at 3.5x lift, and that is one of this customer's regular buys.",OPEN
NBO-000189,CUST00113,BLN01,AR90040,2026-07-03,2026-07-17,0.512,15,0.74,EUR,APP_PUSH,"FUZE T PFIRSICH sells with Leergut 0,15 EUR at 3.69x lift, and that is one of this customer's regular buys.",OPEN
NBO-000621,CUST00354,STR01,AR90040,2026-07-03,2026-07-17,0.5096,15,0.74,EUR,APP_PUSH,"FUZE T PFIRSICH sells with Leergut 0,15 EUR at 3.69x lift, and that is one of this customer's regular buys.",OPEN
NBO-000622,CUST00354,STR01,AR90030,2026-07-03,2026-07-17,0.5096,15,0.69,EUR,APP_PUSH,"Teinacher Apfelschorle sells with Leergut 0,15 EUR at 3.5x lift, and that is one of this customer's regular buys.",OPEN
NBO-000623,CUST00354,STR01,AR90039,2026-07-03,2026-07-17,0.5096,15,0.65,EUR,APP_PUSH,"Coca Cola Zero 0,4L Glas Mehrweg sells with Leergut 0,15 EUR at 3.42x lift, and that is one of this customer's regular buys.",OPEN
NBO-000760,CUST00427,WDF01,AR90054,2026-07-03,2026-07-17,0.5096,18.2,0.71,EUR,APP_PUSH,"Red Bull Sea Blue Edition sells with Leergut 0,25 EUR at 1.84x lift, and that is one of this customer's regular buys.",OPEN
NBO-000661,CUST00375,WDF02,AR90018,2026-07-03,2026-07-17,0.5079,16.6,0.83,EUR,APP_PUSH,"DPG Vitamin Well Reload sells with Leergut 0,25 EUR at 1.86x lift, and that is one of this customer's regular buys.",OPEN
NBO-000779,CUST00442,MUC01,AR90040,2026-07-03,2026-07-17,0.5071,16.6,0.72,EUR,APP_PUSH,"FUZE T PFIRSICH sells with Leergut 0,15 EUR at 3.69x lift, and that is one of this customer's regular buys.",OPEN
NBO-000780,CUST00442,MUC01,AR90030,2026-07-03,2026-07-17,0.5071,16.6,0.68,EUR,APP_PUSH,"Teinacher Apfelschorle sells with Leergut 0,15 EUR at 3.5x lift, and that is one of this customer's regular buys.",OPEN
NBO-000781,CUST00442,MUC01,AR90039,2026-07-03,2026-07-17,0.5071,16.6,0.63,EUR,APP_PUSH,"Coca Cola Zero 0,4L Glas Mehrweg sells with Leergut 0,15 EUR at 3.42x lift, and that is one of this customer's regular buys.",OPEN
NBO-000009,CUST00003,WDF02,AR90013,2026-07-03,2026-07-17,0.5049,18.2,0.7,EUR,APP_PUSH,"Red Bull 0,25 sells with Leergut 0,25 EUR at 1.79x lift, and that is one of this customer's regular buys.",OPEN
NBO-000360,CUST00200,STR01,AR90019,2026-07-03,2026-07-17,0.5048,15,0.84,EUR,APP_PUSH,"DPG Vitamin Well Hydrate sells with Red Bull 0,25 at 2.5x lift, and that is one of this customer's regular buys.",OPEN
NBO-000509,CUST00280,HAM01,AR00245,2026-07-03,2026-07-17,0.5042,9.6,1.41,EUR,APP_PUSH,Buys HOMEMADE Breakfastcup 285g about every 18.8 days and is 37 days on from the last one.,OPEN
NBO-000025,CUST00012,BLN01,AR90013,2026-07-03,2026-07-17,0.5037,19.8,0.69,EUR,APP_PUSH,"Red Bull 0,25 sells with Leergut 0,25 EUR at 1.79x lift, and that is one of this customer's regular buys.",OPEN
NBO-000662,CUST00375,WDF02,AR90054,2026-07-03,2026-07-17,0.5037,16.6,0.71,EUR,APP_PUSH,"Red Bull Sea Blue Edition sells with Leergut 0,25 EUR at 1.84x lift, and that is one of this customer's regular buys.",OPEN
NBO-000493,CUST00273,BLN01,AR90040,2026-07-03,2026-07-17,0.5029,15,0.73,EUR,APP_PUSH,"FUZE T PFIRSICH sells with Leergut 0,15 EUR at 3.69x lift, and that is one of this customer's regular buys.",OPEN
NBO-000494,CUST00273,BLN01,AR90039,2026-07-03,2026-07-17,0.5029,15,0.64,EUR,APP_PUSH,"Coca Cola Zero 0,4L Glas Mehrweg sells with Leergut 0,15 EUR at 3.42x lift, and that is one of this customer's regular buys.",OPEN
NBO-000437,CUST00246,HAM01,AR00395,2026-07-03,2026-07-17,0.5028,9.6,1.14,EUR,APP_PUSH,Buys Koro Protein Bar Schoko Brownie about every 45.5 days and is 44 days on from the last one.,OPEN
NBO-000418,CUST00234,HAM01,AR90013,2026-07-03,2026-07-17,0.4987,9.6,0.77,EUR,ESL,"Buys Red Bull 0,25 about every 22.5 days and is 29 days on from the last one.",OPEN
NBO-000761,CUST00427,WDF01,AR90013,2026-07-03,2026-07-17,0.4974,18.2,0.69,EUR,ESL,"Red Bull 0,25 sells with Leergut 0,25 EUR at 1.79x lift, and that is one of this customer's regular buys.",OPEN
NBO-000764,CUST00428,WDF01,AR90018,2026-07-03,2026-07-17,0.4966,18.2,0.79,EUR,ESL,"DPG Vitamin Well Reload sells with Leergut 0,25 EUR at 1.86x lift, and that is one of this customer's regular buys.",OPEN
NBO-000423,CUST00240,BLN01,AR90035,2026-07-03,2026-07-17,0.496,15,0.72,EUR,ESL,"Welde Naturradler sells with Leergut 0,08 EUR at 9.52x lift, and that is one of this customer's regular buys.",OPEN
NBO-000424,CUST00240,BLN01,AR90036,2026-07-03,2026-07-17,0.496,15,0.72,EUR,ESL,"Welde Alkoholfrei sells with Leergut 0,08 EUR at 7.14x lift, and that is one of this customer's regular buys.",OPEN
NBO-000065,CUST00036,WDF02,AR90018,2026-07-03,2026-07-17,0.4956,18.2,0.79,EUR,ESL,"DPG Vitamin Well Reload sells with Leergut 0,25 EUR at 1.86x lift, and that is one of this customer's regular buys.",OPEN
NBO-000198,CUST00121,BLN01,AR90035,2026-07-03,2026-07-17,0.4941,15,0.71,EUR,ESL,"Welde Naturradler sells with Leergut 0,08 EUR at 9.52x lift, and that is one of this customer's regular buys.",OPEN
NBO-000199,CUST00121,BLN01,AR90034,2026-07-03,2026-07-17,0.4941,15,0.71,EUR,ESL,"Welde Slow sells with Leergut 0,08 EUR at 8.29x lift, and that is one of this customer's regular buys.",OPEN
NBO-000200,CUST00121,BLN01,AR90036,2026-07-03,2026-07-17,0.4941,15,0.71,EUR,ESL,"Welde Alkoholfrei sells with Leergut 0,08 EUR at 7.14x lift, and that is one of this customer's regular buys.",OPEN
NBO-000229,CUST00139,MUC01,AR90040,2026-07-03,2026-07-17,0.4919,16.6,0.7,EUR,ESL,"FUZE T PFIRSICH sells with Leergut 0,15 EUR at 3.69x lift, and that is one of this customer's regular buys.",OPEN
NBO-000128,CUST00074,BLN01,AR90040,2026-07-03,2026-07-17,0.4918,15,0.71,EUR,ESL,"FUZE T PFIRSICH sells with Leergut 0,15 EUR at 3.69x lift, and that is one of this customer's regular buys.",OPEN
NBO-000129,CUST00074,BLN01,AR90030,2026-07-03,2026-07-17,0.4918,15,0.67,EUR,ESL,"Teinacher Apfelschorle sells with Leergut 0,15 EUR at 3.5x lift, and that is one of this customer's regular buys.",OPEN
NBO-000130,CUST00074,BLN01,AR90039,2026-07-03,2026-07-17,0.4918,15,0.63,EUR,ESL,"Coca Cola Zero 0,4L Glas Mehrweg sells with Leergut 0,15 EUR at 3.42x lift, and that is one of this customer's regular buys.",OPEN
NBO-000826,CUST00470,HAM01,AR90039,2026-07-03,2026-07-17,0.4918,9.6,0.67,EUR,ESL,"Buys Coca Cola Zero 0,4L Glas Mehrweg about every 50 days and is 78 days on from the last one.",OPEN
NBO-000432,CUST00244,STR01,AR90018,2026-07-03,2026-07-17,0.4916,15,0.81,EUR,ESL,"DPG Vitamin Well Reload sells with Koro Protein Bar Schoko Brownie at 2.19x lift, and that is one of this customer's regular buys.",OPEN
NBO-000457,CUST00254,WDF02,AR90004,2026-07-03,2026-07-17,0.4914,8,0.11,EUR,ESL,"Buys Leergut 0,25 EUR about every 41 days and is 73 days on from the last one.",OPEN
NBO-000066,CUST00036,WDF02,AR90054,2026-07-03,2026-07-17,0.4912,18.2,0.68,EUR,ESL,"Red Bull Sea Blue Edition sells with Leergut 0,25 EUR at 1.84x lift, and that is one of this customer's regular buys.",OPEN
NBO-000701,CUST00394,MUC01,AR90019,2026-07-03,2026-07-17,0.4881,15,0.81,EUR,ESL,"DPG Vitamin Well Hydrate sells with Red Bull 0,25 at 2.5x lift, and that is one of this customer's regular buys.",OPEN
NBO-000642,CUST00366,HAM01,AR90040,2026-07-03,2026-07-17,0.4875,15,0.7,EUR,ESL,"FUZE T PFIRSICH sells with Leergut 0,15 EUR at 3.69x lift, and that is one of this customer's regular buys.",OPEN
NBO-000643,CUST00366,HAM01,AR90030,2026-07-03,2026-07-17,0.4875,15,0.66,EUR,ESL,"Teinacher Apfelschorle sells with Leergut 0,15 EUR at 3.5x lift, and that is one of this customer's regular buys.",OPEN
NBO-000038,CUST00017,BLN01,AR90030,2026-07-03,2026-07-17,0.4869,15,0.66,EUR,ESL,"Teinacher Apfelschorle sells with Leergut 0,15 EUR at 3.5x lift, and that is one of this customer's regular buys.",OPEN
NBO-000039,CUST00017,BLN01,AR90039,2026-07-03,2026-07-17,0.4869,15,0.62,EUR,ESL,"Coca Cola Zero 0,4L Glas Mehrweg sells with Leergut 0,15 EUR at 3.42x lift, and that is one of this customer's regular buys.",OPEN
NBO-000222,CUST00134,HAM01,AR90002,2026-07-03,2026-07-17,0.4867,9.6,0.04,EUR,ESL,"Buys Leergut 0,08 EUR about every 17 days and is 22 days on from the last one.",OPEN
NBO-000045,CUST00020,HAM01,AR90040,2026-07-03,2026-07-17,0.4861,15,0.7,EUR,ESL,"FUZE T PFIRSICH sells with Leergut 0,15 EUR at 3.69x lift, and that is one of this customer's regular buys.",OPEN
NBO-000046,CUST00020,HAM01,AR90030,2026-07-03,2026-07-17,0.4861,15,0.66,EUR,ESL,"Teinacher Apfelschorle sells with Leergut 0,15 EUR at 3.5x lift, and that is one of this customer's regular buys.",OPEN
NBO-000028,CUST00013,WDF01,AR90018,2026-07-03,2026-07-17,0.4846,16.6,0.79,EUR,ESL,"DPG Vitamin Well Reload sells with Leergut 0,25 EUR at 1.86x lift, and that is one of this customer's regular buys.",OPEN
NBO-000741,CUST00419,BLN01,AR90019,2026-07-03,2026-07-17,0.4818,15,0.8,EUR,ESL,"DPG Vitamin Well Hydrate sells with Red Bull 0,25 at 2.5x lift, and that is one of this customer's regular buys.",OPEN
NBO-000312,CUST00183,MUC01,AR90018,2026-07-03,2026-07-17,0.4815,16.6,0.78,EUR,ESL,"DPG Vitamin Well Reload sells with Leergut 0,25 EUR at 1.86x lift, and that is one of this customer's regular buys.",OPEN
NBO-000549,CUST00312,MUC01,AR90040,2026-07-03,2026-07-17,0.4813,15,0.7,EUR,ESL,"FUZE T PFIRSICH sells with Leergut 0,15 EUR at 3.69x lift, and that is one of this customer's regular buys.",OPEN
NBO-000550,CUST00312,MUC01,AR90030,2026-07-03,2026-07-17,0.4813,15,0.65,EUR,ESL,"Teinacher Apfelschorle sells with Leergut 0,15 EUR at 3.5x lift, and that is one of this customer's regular buys.",OPEN
NBO-000782,CUST00444,BLN01,AR90030,2026-07-03,2026-07-17,0.4813,15,0.65,EUR,ESL,"Teinacher Apfelschorle sells with Leergut 0,15 EUR at 3.5x lift, and that is one of this customer's regular buys.",OPEN
NBO-000783,CUST00444,BLN01,AR90039,2026-07-03,2026-07-17,0.4813,15,0.61,EUR,ESL,"Coca Cola Zero 0,4L Glas Mehrweg sells with Leergut 0,15 EUR at 3.42x lift, and that is one of this customer's regular buys.",OPEN
NBO-000298,CUST00177,MUC01,AR90018,2026-07-03,2026-07-17,0.4807,15,0.8,EUR,ESL,"DPG Vitamin Well Reload sells with Leergut 0,25 EUR at 1.86x lift, and that is one of this customer's regular buys.",OPEN
NBO-000633,CUST00362,MUC01,AR90040,2026-07-03,2026-07-17,0.4794,19.8,0.65,EUR,ESL,"FUZE T PFIRSICH sells with Leergut 0,15 EUR at 3.69x lift, and that is one of this customer's regular buys.",OPEN
NBO-000634,CUST00362,MUC01,AR90030,2026-07-03,2026-07-17,0.4794,19.8,0.62,EUR,ESL,"Teinacher Apfelschorle sells with Leergut 0,15 EUR at 3.5x lift, and that is one of this customer's regular buys.",OPEN
NBO-000635,CUST00362,MUC01,AR90039,2026-07-03,2026-07-17,0.4794,19.8,0.58,EUR,ESL,"Coca Cola Zero 0,4L Glas Mehrweg sells with Leergut 0,15 EUR at 3.42x lift, and that is one of this customer's regular buys.",OPEN
NBO-000598,CUST00340,MUC01,AR90054,2026-07-03,2026-07-17,0.4793,16.6,0.68,EUR,ESL,"Red Bull Sea Blue Edition sells with Leergut 0,25 EUR at 1.84x lift, and that is one of this customer's regular buys.",OPEN
NBO-000067,CUST00036,WDF02,AR90013,2026-07-03,2026-07-17,0.479,18.2,0.67,EUR,ESL,"Red Bull 0,25 sells with Leergut 0,25 EUR at 1.79x lift, and that is one of this customer's regular buys.",OPEN
NBO-000438,CUST00246,HAM01,AR90054,2026-07-03,2026-07-17,0.4785,16.6,0.68,EUR,ESL,"Red Bull Sea Blue Edition sells with Leergut 0,25 EUR at 1.84x lift, and that is one of this customer's regular buys.",OPEN
NBO-000300,CUST00178,MUC01,AR90040,2026-07-03,2026-07-17,0.4783,15,0.69,EUR,ESL,"FUZE T PFIRSICH sells with Leergut 0,15 EUR at 3.69x lift, and that is one of this customer's regular buys.",OPEN
NBO-000301,CUST00178,MUC01,AR90030,2026-07-03,2026-07-17,0.4783,15,0.65,EUR,ESL,"Teinacher Apfelschorle sells with Leergut 0,15 EUR at 3.5x lift, and that is one of this customer's regular buys.",OPEN
NBO-000302,CUST00178,MUC01,AR90039,2026-07-03,2026-07-17,0.4783,15,0.61,EUR,ESL,"Coca Cola Zero 0,4L Glas Mehrweg sells with Leergut 0,15 EUR at 3.42x lift, and that is one of this customer's regular buys.",OPEN
NBO-000313,CUST00183,MUC01,AR90054,2026-07-03,2026-07-17,0.4771,16.6,0.68,EUR,ESL,"Red Bull Sea Blue Edition sells with Leergut 0,25 EUR at 1.84x lift, and that is one of this customer's regular buys.",OPEN
NBO-000601,CUST00341,WDF01,AR90054,2026-07-03,2026-07-17,0.4771,16.6,0.68,EUR,ESL,"Red Bull Sea Blue Edition sells with Leergut 0,25 EUR at 1.84x lift, and that is one of this customer's regular buys.",OPEN
NBO-000299,CUST00177,MUC01,AR90054,2026-07-03,2026-07-17,0.4762,15,0.69,EUR,ESL,"Red Bull Sea Blue Edition sells with Leergut 0,25 EUR at 1.84x lift, and that is one of this customer's regular buys.",OPEN
NBO-000769,CUST00437,WDF01,AR90054,2026-07-03,2026-07-17,0.4755,18.2,0.66,EUR,ESL,"Red Bull Sea Blue Edition sells with Leergut 0,25 EUR at 1.84x lift, and that is one of this customer's regular buys.",OPEN
NBO-000419,CUST00236,WDF02,AR90040,2026-07-03,2026-07-17,0.475,15,0.69,EUR,ESL,"FUZE T PFIRSICH sells with Leergut 0,15 EUR at 3.69x lift, and that is one of this customer's regular buys.",OPEN
NBO-000420,CUST00236,WDF02,AR90030,2026-07-03,2026-07-17,0.475,15,0.65,EUR,ESL,"Teinacher Apfelschorle sells with Leergut 0,15 EUR at 3.5x lift, and that is one of this customer's regular buys.",OPEN
NBO-000421,CUST00236,WDF02,AR90039,2026-07-03,2026-07-17,0.475,15,0.61,EUR,ESL,"Coca Cola Zero 0,4L Glas Mehrweg sells with Leergut 0,15 EUR at 3.42x lift, and that is one of this customer's regular buys.",OPEN
NBO-000315,CUST00184,WDF01,AR90003,2026-07-03,2026-07-17,0.4739,8,0.07,EUR,ESL,"Buys Leergut 0,15 EUR about every 27.7 days and is 24 days on from the last one.",OPEN
NBO-000551,CUST00312,MUC01,AR90035,2026-07-03,2026-07-17,0.4725,15,0.68,EUR,ESL,"Welde Naturradler sells with Leergut 0,08 EUR at 9.52x lift, and that is one of this customer's regular buys.",OPEN
NBO-000797,CUST00452,STR01,AR90040,2026-07-03,2026-07-17,0.4718,15,0.68,EUR,ESL,"FUZE T PFIRSICH sells with Leergut 0,15 EUR at 3.69x lift, and that is one of this customer's regular buys.",OPEN
NBO-000798,CUST00452,STR01,AR90030,2026-07-03,2026-07-17,0.4718,15,0.64,EUR,ESL,"Teinacher Apfelschorle sells with Leergut 0,15 EUR at 3.5x lift, and that is one of this customer's regular buys.",OPEN
NBO-000799,CUST00452,STR01,AR90039,2026-07-03,2026-07-17,0.4718,15,0.6,EUR,ESL,"Coca Cola Zero 0,4L Glas Mehrweg sells with Leergut 0,15 EUR at 3.42x lift, and that is one of this customer's regular buys.",OPEN
NBO-000543,CUST00308,HAM01,AR90018,2026-07-03,2026-07-17,0.4705,16.6,0.77,EUR,ESL,"DPG Vitamin Well Reload sells with Leergut 0,25 EUR at 1.86x lift, and that is one of this customer's regular buys.",OPEN
NBO-000342,CUST00194,WDF01,AR90019,2026-07-03,2026-07-17,0.4688,15,0.78,EUR,ESL,"DPG Vitamin Well Hydrate sells with Red Bull 0,25 at 2.5x lift, and that is one of this customer's regular buys.",OPEN
NBO-000630,CUST00361,WDF01,AR90040,2026-07-03,2026-07-17,0.4656,15,0.67,EUR,ESL,"FUZE T PFIRSICH sells with Leergut 0,15 EUR at 3.69x lift, and that is one of this customer's regular buys.",OPEN
NBO-000631,CUST00361,WDF01,AR90030,2026-07-03,2026-07-17,0.4656,15,0.63,EUR,ESL,"Teinacher Apfelschorle sells with Leergut 0,15 EUR at 3.5x lift, and that is one of this customer's regular buys.",OPEN
NBO-000068,CUST00037,WDF02,AR90019,2026-07-03,2026-07-17,0.4654,16.6,0.76,EUR,ESL,"DPG Vitamin Well Hydrate sells with Red Bull 0,25 at 2.5x lift, and that is one of this customer's regular buys.",OPEN
NBO-000679,CUST00385,MUC01,AR90018,2026-07-03,2026-07-17,0.4651,15,0.77,EUR,ESL,"DPG Vitamin Well Reload sells with Leergut 0,25 EUR at 1.86x lift, and that is one of this customer's regular buys.",OPEN
NBO-000703,CUST00396,HAM01,AR90054,2026-07-03,2026-07-17,0.4647,15,0.67,EUR,ESL,"Red Bull Sea Blue Edition sells with Leergut 0,25 EUR at 1.84x lift, and that is one of this customer's regular buys.",OPEN
NBO-000466,CUST00257,HAM01,AR90054,2026-07-03,2026-07-17,0.4637,16.6,0.66,EUR,ESL,"Red Bull Sea Blue Edition sells with Leergut 0,25 EUR at 1.84x lift, and that is one of this customer's regular buys.",OPEN
NBO-000490,CUST00272,STR01,AR00289,2026-07-03,2026-07-17,0.4636,15,0.87,EUR,ESL,"Shot Himbeere Ingwer 60ml sells with HOMEMADE Breakfastcup 285g at 14.68x lift, and that is one of this customer's regular buys.",OPEN
NBO-000491,CUST00272,STR01,AR90040,2026-07-03,2026-07-17,0.4636,15,0.67,EUR,ESL,"FUZE T PFIRSICH sells with Leergut 0,15 EUR at 3.69x lift, and that is one of this customer's regular buys.",OPEN
NBO-000492,CUST00272,STR01,AR90030,2026-07-03,2026-07-17,0.4636,15,0.63,EUR,ESL,"Teinacher Apfelschorle sells with Leergut 0,15 EUR at 3.5x lift, and that is one of this customer's regular buys.",OPEN
NBO-000389,CUST00222,HAM01,AR90040,2026-07-03,2026-07-17,0.4635,16.6,0.66,EUR,ESL,"FUZE T PFIRSICH sells with Leergut 0,15 EUR at 3.69x lift, and that is one of this customer's regular buys.",OPEN
NBO-000390,CUST00222,HAM01,AR90030,2026-07-03,2026-07-17,0.4635,16.6,0.62,EUR,ESL,"Teinacher Apfelschorle sells with Leergut 0,15 EUR at 3.5x lift, and that is one of this customer's regular buys.",OPEN
NBO-000391,CUST00222,HAM01,AR90039,2026-07-03,2026-07-17,0.4635,16.6,0.58,EUR,ESL,"Coca Cola Zero 0,4L Glas Mehrweg sells with Leergut 0,15 EUR at 3.42x lift, and that is one of this customer's regular buys.",OPEN
NBO-000167,CUST00102,HAM01,AR90054,2026-07-03,2026-07-17,0.4633,16.6,0.66,EUR,ESL,"Red Bull Sea Blue Edition sells with Leergut 0,25 EUR at 1.84x lift, and that is one of this customer's regular buys.",OPEN
NBO-000503,CUST00278,HAM01,AR90054,2026-07-03,2026-07-17,0.462,16.6,0.66,EUR,ESL,"Red Bull Sea Blue Edition sells with Leergut 0,25 EUR at 1.84x lift, and that is one of this customer's regular buys.",OPEN
NBO-000156,CUST00097,HAM01,AR90018,2026-07-03,2026-07-17,0.4617,16.6,0.75,EUR,ESL,"DPG Vitamin Well Reload sells with Leergut 0,25 EUR at 1.86x lift, and that is one of this customer's regular buys.",OPEN
NBO-000713,CUST00402,STR01,AR90035,2026-07-03,2026-07-17,0.4611,15,0.67,EUR,ESL,"Welde Naturradler sells with Leergut 0,08 EUR at 9.52x lift, and that is one of this customer's regular buys.",OPEN
NBO-000714,CUST00402,STR01,AR90034,2026-07-03,2026-07-17,0.4611,15,0.67,EUR,ESL,"Welde Slow sells with Leergut 0,08 EUR at 8.29x lift, and that is one of this customer's regular buys.",OPEN
NBO-000715,CUST00402,STR01,AR90036,2026-07-03,2026-07-17,0.4611,15,0.67,EUR,ESL,"Welde Alkoholfrei sells with Leergut 0,08 EUR at 7.14x lift, and that is one of this customer's regular buys.",OPEN
NBO-000680,CUST00385,MUC01,AR90054,2026-07-03,2026-07-17,0.4607,15,0.67,EUR,ESL,"Red Bull Sea Blue Edition sells with Leergut 0,25 EUR at 1.84x lift, and that is one of this customer's regular buys.",OPEN
NBO-000629,CUST00359,STR01,AR90054,2026-07-03,2026-07-17,0.4591,16.6,0.65,EUR,ESL,"Red Bull Sea Blue Edition sells with Leergut 0,25 EUR at 1.84x lift, and that is one of this customer's regular buys.",OPEN
NBO-000469,CUST00258,WDF01,AR90018,2026-07-03,2026-07-17,0.4588,16.6,0.75,EUR,ESL,"DPG Vitamin Well Reload sells with Leergut 0,25 EUR at 1.86x lift, and that is one of this customer's regular buys.",OPEN
NBO-000343,CUST00194,WDF01,AR90004,2026-07-03,2026-07-17,0.4583,8,0.11,EUR,ESL,"Buys Leergut 0,25 EUR about every 11.4 days and is 24 days on from the last one.",OPEN
NBO-000831,CUST00473,STR01,AR90018,2026-07-03,2026-07-17,0.4567,15,0.76,EUR,ESL,"DPG Vitamin Well Reload sells with Leergut 0,25 EUR at 1.86x lift, and that is one of this customer's regular buys.",OPEN
NBO-000249,CUST00150,STR01,AR90018,2026-07-03,2026-07-17,0.4554,15,0.75,EUR,ESL,"DPG Vitamin Well Reload sells with Leergut 0,25 EUR at 1.86x lift, and that is one of this customer's regular buys.",OPEN
NBO-000081,CUST00047,BLN01,AR90040,2026-07-03,2026-07-17,0.4551,15,0.66,EUR,ESL,"FUZE T PFIRSICH sells with Leergut 0,15 EUR at 3.69x lift, and that is one of this customer's regular buys.",OPEN
NBO-000082,CUST00047,BLN01,AR90030,2026-07-03,2026-07-17,0.4551,15,0.62,EUR,ESL,"Teinacher Apfelschorle sells with Leergut 0,15 EUR at 3.5x lift, and that is one of this customer's regular buys.",OPEN
NBO-000328,CUST00188,BLN01,AR90019,2026-07-03,2026-07-17,0.4547,18.2,0.73,EUR,ESL,"DPG Vitamin Well Hydrate sells with Red Bull 0,25 at 2.5x lift, and that is one of this customer's regular buys.",OPEN
NBO-000151,CUST00093,WDF01,AR90018,2026-07-03,2026-07-17,0.4544,16.6,0.74,EUR,ESL,"DPG Vitamin Well Reload sells with Leergut 0,25 EUR at 1.86x lift, and that is one of this customer's regular buys.",OPEN
NBO-000832,CUST00473,STR01,AR90054,2026-07-03,2026-07-17,0.4522,15,0.65,EUR,ESL,"Red Bull Sea Blue Edition sells with Leergut 0,25 EUR at 1.84x lift, and that is one of this customer's regular buys.",OPEN
NBO-000476,CUST00261,STR01,AR90004,2026-07-03,2026-07-17,0.4521,9.6,0.1,EUR,ESL,"Buys Leergut 0,25 EUR about every 41.3 days and is 59 days on from the last one.",OPEN
NBO-000250,CUST00150,STR01,AR90054,2026-07-03,2026-07-17,0.4512,15,0.65,EUR,ESL,"Red Bull Sea Blue Edition sells with Leergut 0,25 EUR at 1.84x lift, and that is one of this customer's regular buys.",OPEN
NBO-000790,CUST00446,HAM01,AR90013,2026-07-03,2026-07-17,0.4495,11.2,0.68,EUR,ESL,"Buys Red Bull 0,25 about every 33.5 days and is 49 days on from the last one.",OPEN
NBO-000719,CUST00407,WDF01,AR90035,2026-07-03,2026-07-17,0.449,15,0.65,EUR,ESL,"Welde Naturradler sells with Leergut 0,08 EUR at 9.52x lift, and that is one of this customer's regular buys.",OPEN
NBO-000720,CUST00407,WDF01,AR90036,2026-07-03,2026-07-17,0.449,15,0.65,EUR,ESL,"Welde Alkoholfrei sells with Leergut 0,08 EUR at 7.14x lift, and that is one of this customer's regular buys.",OPEN
NBO-000477,CUST00261,STR01,AR90018,2026-07-03,2026-07-17,0.4483,16.6,0.73,EUR,ESL,"DPG Vitamin Well Reload sells with Leergut 0,25 EUR at 1.86x lift, and that is one of this customer's regular buys.",OPEN
NBO-000264,CUST00156,STR01,AR90030,2026-07-03,2026-07-17,0.4478,15,0.61,EUR,ESL,"Teinacher Apfelschorle sells with Leergut 0,15 EUR at 3.5x lift, and that is one of this customer's regular buys.",OPEN
NBO-000265,CUST00156,STR01,AR90039,2026-07-03,2026-07-17,0.4478,15,0.57,EUR,ESL,"Coca Cola Zero 0,4L Glas Mehrweg sells with Leergut 0,15 EUR at 3.42x lift, and that is one of this customer's regular buys.",OPEN
NBO-000220,CUST00133,STR01,AR90018,2026-07-03,2026-07-17,0.4448,16.6,0.72,EUR,ESL,"DPG Vitamin Well Reload sells with Leergut 0,25 EUR at 1.86x lift, and that is one of this customer's regular buys.",OPEN
NBO-000478,CUST00261,STR01,AR90054,2026-07-03,2026-07-17,0.4444,16.6,0.63,EUR,ESL,"Red Bull Sea Blue Edition sells with Leergut 0,25 EUR at 1.84x lift, and that is one of this customer's regular buys.",OPEN
NBO-000316,CUST00184,WDF01,AR90054,2026-07-03,2026-07-17,0.4441,15,0.64,EUR,ESL,"Red Bull Sea Blue Edition sells with Leergut 0,25 EUR at 1.84x lift, and that is one of this customer's regular buys.",OPEN
NBO-000721,CUST00407,WDF01,AR90040,2026-07-03,2026-07-17,0.4438,15,0.64,EUR,ESL,"FUZE T PFIRSICH sells with Leergut 0,15 EUR at 3.69x lift, and that is one of this customer's regular buys.",OPEN
NBO-000119,CUST00070,STR01,AR90019,2026-07-03,2026-07-17,0.4435,18.2,0.71,EUR,ESL,"DPG Vitamin Well Hydrate sells with Red Bull 0,25 at 2.5x lift, and that is one of this customer's regular buys.",OPEN
NBO-000236,CUST00142,WDF02,AR90018,2026-07-03,2026-07-17,0.4415,15,0.73,EUR,ESL,"DPG Vitamin Well Reload sells with Leergut 0,25 EUR at 1.86x lift, and that is one of this customer's regular buys.",OPEN
NBO-000285,CUST00171,MUC01,AR90018,2026-07-03,2026-07-17,0.4415,15,0.73,EUR,ESL,"DPG Vitamin Well Reload sells with Leergut 0,25 EUR at 1.86x lift, and that is one of this customer's regular buys.",OPEN
NBO-000681,CUST00386,STR01,AR90018,2026-07-03,2026-07-17,0.4411,15,0.73,EUR,ESL,"DPG Vitamin Well Reload sells with Leergut 0,25 EUR at 1.86x lift, and that is one of this customer's regular buys.",OPEN
NBO-000718,CUST00405,BLN01,AR90054,2026-07-03,2026-07-17,0.4409,16.6,0.63,EUR,ESL,"Red Bull Sea Blue Edition sells with Leergut 0,25 EUR at 1.84x lift, and that is one of this customer's regular buys.",OPEN
NBO-000251,CUST00150,STR01,AR90013,2026-07-03,2026-07-17,0.4394,15,0.63,EUR,ESL,"Red Bull 0,25 sells with Leergut 0,25 EUR at 1.79x lift, and that is one of this customer's regular buys.",OPEN
NBO-000349,CUST00196,HAM01,AR90054,2026-07-03,2026-07-17,0.4387,16.6,0.62,EUR,ESL,"Red Bull Sea Blue Edition sells with Leergut 0,25 EUR at 1.84x lift, and that is one of this customer's regular buys.",OPEN
NBO-000286,CUST00171,MUC01,AR90054,2026-07-03,2026-07-17,0.4371,15,0.63,EUR,ESL,"Red Bull Sea Blue Edition sells with Leergut 0,25 EUR at 1.84x lift, and that is one of this customer's regular buys.",OPEN
NBO-000345,CUST00195,STR01,AR90018,2026-07-03,2026-07-17,0.4371,16.6,0.71,EUR,ESL,"DPG Vitamin Well Reload sells with Leergut 0,25 EUR at 1.86x lift, and that is one of this customer's regular buys.",OPEN
NBO-000682,CUST00386,STR01,AR90054,2026-07-03,2026-07-17,0.4366,15,0.63,EUR,ESL,"Red Bull Sea Blue Edition sells with Leergut 0,25 EUR at 1.84x lift, and that is one of this customer's regular buys.",OPEN
NBO-000726,CUST00410,BLN01,AR90018,2026-07-03,2026-07-17,0.4357,16.6,0.71,EUR,ESL,"DPG Vitamin Well Reload sells with Leergut 0,25 EUR at 1.86x lift, and that is one of this customer's regular buys.",OPEN
NBO-000346,CUST00195,STR01,AR90054,2026-07-03,2026-07-17,0.4329,16.6,0.61,EUR,ESL,"Red Bull Sea Blue Edition sells with Leergut 0,25 EUR at 1.84x lift, and that is one of this customer's regular buys.",OPEN
NBO-000379,CUST00214,WDF01,AR90054,2026-07-03,2026-07-17,0.4325,15,0.62,EUR,ESL,"Red Bull Sea Blue Edition sells with Leergut 0,25 EUR at 1.84x lift, and that is one of this customer's regular buys.",OPEN
NBO-000727,CUST00410,BLN01,AR90054,2026-07-03,2026-07-17,0.4316,16.6,0.61,EUR,ESL,"Red Bull Sea Blue Edition sells with Leergut 0,25 EUR at 1.84x lift, and that is one of this customer's regular buys.",OPEN
NBO-000281,CUST00170,WDF02,AR90018,2026-07-03,2026-07-17,0.4315,15,0.72,EUR,ESL,"DPG Vitamin Well Reload sells with Leergut 0,25 EUR at 1.86x lift, and that is one of this customer's regular buys.",OPEN
NBO-000290,CUST00174,STR01,AR90004,2026-07-03,2026-07-17,0.4315,8,0.1,EUR,ESL,"Buys Leergut 0,25 EUR about every 37.3 days and is 51 days on from the last one.",OPEN
NBO-000579,CUST00328,HAM01,AR90054,2026-07-03,2026-07-17,0.4313,15,0.62,EUR,ESL,"Red Bull Sea Blue Edition sells with Leergut 0,25 EUR at 1.84x lift, and that is one of this customer's regular buys.",OPEN
NBO-000097,CUST00054,MUC01,AR90054,2026-07-03,2026-07-17,0.4282,16.6,0.61,EUR,ESL,"Red Bull Sea Blue Edition sells with Leergut 0,25 EUR at 1.84x lift, and that is one of this customer's regular buys.",OPEN
NBO-000282,CUST00170,WDF02,AR90054,2026-07-03,2026-07-17,0.4273,15,0.62,EUR,ESL,"Red Bull Sea Blue Edition sells with Leergut 0,25 EUR at 1.84x lift, and that is one of this customer's regular buys.",OPEN
NBO-000823,CUST00468,WDF01,AR90054,2026-07-03,2026-07-17,0.4265,15,0.62,EUR,ESL,"Red Bull Sea Blue Edition sells with Leergut 0,25 EUR at 1.84x lift, and that is one of this customer's regular buys.",OPEN
NBO-000435,CUST00245,WDF01,AR90018,2026-07-03,2026-07-17,0.426,15,0.71,EUR,ESL,"DPG Vitamin Well Reload sells with Leergut 0,25 EUR at 1.86x lift, and that is one of this customer's regular buys.",OPEN
NBO-000709,CUST00400,WDF01,AR90054,2026-07-03,2026-07-17,0.424,16.6,0.6,EUR,ESL,"Red Bull Sea Blue Edition sells with Leergut 0,25 EUR at 1.84x lift, and that is one of this customer's regular buys.",OPEN
NBO-000173,CUST00106,BLN01,AR90054,2026-07-03,2026-07-17,0.4238,15,0.61,EUR,ESL,"Red Bull Sea Blue Edition sells with Leergut 0,25 EUR at 1.84x lift, and that is one of this customer's regular buys.",OPEN
NBO-000216,CUST00132,STR01,AR00241,2026-07-03,2026-07-17,0.4236,11.2,0.94,EUR,ESL,Buys HOMEMADE BUN HAM about every 39.5 days and is 51 days on from the last one.,OPEN
NBO-000227,CUST00136,WDF02,AR90054,2026-07-03,2026-07-17,0.422,15,0.61,EUR,ESL,"Red Bull Sea Blue Edition sells with Leergut 0,25 EUR at 1.84x lift, and that is one of this customer's regular buys.",OPEN
NBO-000521,CUST00287,STR01,AR90004,2026-07-03,2026-07-17,0.4217,8,0.1,EUR,ESL,"Buys Leergut 0,25 EUR about every 29.5 days and is 59 days on from the last one.",OPEN
NBO-000422,CUST00239,MUC01,AR90054,2026-07-03,2026-07-17,0.4204,19.8,0.57,EUR,ESL,"Red Bull Sea Blue Edition sells with Leergut 0,25 EUR at 1.84x lift, and that is one of this customer's regular buys.",OPEN
NBO-000357,CUST00199,STR01,AR90054,2026-07-03,2026-07-17,0.4183,16.6,0.59,EUR,ESL,"Red Bull Sea Blue Edition sells with Leergut 0,25 EUR at 1.84x lift, and that is one of this customer's regular buys.",OPEN
NBO-000560,CUST00317,WDF01,AR90054,2026-07-03,2026-07-17,0.4163,15,0.6,EUR,ESL,"Red Bull Sea Blue Edition sells with Leergut 0,25 EUR at 1.84x lift, and that is one of this customer's regular buys.",OPEN
NBO-000283,CUST00170,WDF02,AR90013,2026-07-03,2026-07-17,0.4156,15,0.6,EUR,ESL,"Red Bull 0,25 sells with Leergut 0,25 EUR at 1.79x lift, and that is one of this customer's regular buys.",OPEN
NBO-000425,CUST00240,BLN01,AR90019,2026-07-03,2026-07-17,0.414,15,0.69,EUR,ESL,"DPG Vitamin Well Hydrate sells with Red Bull 0,25 at 2.5x lift, and that is one of this customer's regular buys.",OPEN
NBO-000730,CUST00411,WDF02,AR90019,2026-07-03,2026-07-17,0.413,15,0.68,EUR,ESL,"DPG Vitamin Well Hydrate sells with Red Bull 0,25 at 2.5x lift, and that is one of this customer's regular buys.",OPEN
NBO-000217,CUST00132,STR01,AR90054,2026-07-03,2026-07-17,0.4126,18.2,0.57,EUR,ESL,"Red Bull Sea Blue Edition sells with Leergut 0,25 EUR at 1.84x lift, and that is one of this customer's regular buys.",OPEN
NBO-000006,CUST00002,STR01,AR90018,2026-07-03,2026-07-17,0.4112,15,0.68,EUR,ESL,"DPG Vitamin Well Reload sells with Leergut 0,25 EUR at 1.86x lift, and that is one of this customer's regular buys.",OPEN
NBO-000607,CUST00344,WDF01,AR90054,2026-07-03,2026-07-17,0.4104,15,0.59,EUR,ESL,"Red Bull Sea Blue Edition sells with Leergut 0,25 EUR at 1.84x lift, and that is one of this customer's regular buys.",OPEN
NBO-000807,CUST00456,WDF01,AR90054,2026-07-03,2026-07-17,0.4104,15,0.59,EUR,ESL,"Red Bull Sea Blue Edition sells with Leergut 0,25 EUR at 1.84x lift, and that is one of this customer's regular buys.",OPEN
NBO-000228,CUST00136,WDF02,AR90013,2026-07-03,2026-07-17,0.4103,15,0.59,EUR,ESL,"Red Bull 0,25 sells with Leergut 0,25 EUR at 1.79x lift, and that is one of this customer's regular buys.",OPEN
NBO-000404,CUST00227,STR01,AR90019,2026-07-03,2026-07-17,0.4076,15,0.68,EUR,ESL,"DPG Vitamin Well Hydrate sells with Red Bull 0,25 at 2.5x lift, and that is one of this customer's regular buys.",OPEN
NBO-000567,CUST00321,BLN01,AR90054,2026-07-03,2026-07-17,0.4069,15,0.59,EUR,ESL,"Red Bull Sea Blue Edition sells with Leergut 0,25 EUR at 1.84x lift, and that is one of this customer's regular buys.",OPEN
NBO-000211,CUST00130,STR01,AR90018,2026-07-03,2026-07-17,0.4052,15,0.67,EUR,ESL,"DPG Vitamin Well Reload sells with Leergut 0,25 EUR at 1.86x lift, and that is one of this customer's regular buys.",OPEN
NBO-000363,CUST00202,HAM01,AR90054,2026-07-03,2026-07-17,0.3968,15,0.57,EUR,ESL,"Red Bull Sea Blue Edition sells with Leergut 0,25 EUR at 1.84x lift, and that is one of this customer's regular buys.",OPEN
NBO-000223,CUST00134,HAM01,AR90018,2026-07-03,2026-07-17,0.3966,16.6,0.64,EUR,ESL,"DPG Vitamin Well Reload sells with Leergut 0,25 EUR at 1.86x lift, and that is one of this customer's regular buys.",OPEN
NBO-000568,CUST00321,BLN01,AR90013,2026-07-03,2026-07-17,0.3947,15,0.57,EUR,ESL,"Red Bull 0,25 sells with Leergut 0,25 EUR at 1.79x lift, and that is one of this customer's regular buys.",OPEN
NBO-000663,CUST00376,MUC01,AR90019,2026-07-03,2026-07-17,0.3913,15,0.65,EUR,ESL,"DPG Vitamin Well Hydrate sells with Red Bull 0,25 at 2.5x lift, and that is one of this customer's regular buys.",OPEN
NBO-000770,CUST00438,STR01,AR90018,2026-07-03,2026-07-17,0.3898,15,0.65,EUR,ESL,"DPG Vitamin Well Reload sells with Leergut 0,25 EUR at 1.86x lift, and that is one of this customer's regular buys.",OPEN
NBO-000589,CUST00336,MUC01,AR90018,2026-07-03,2026-07-17,0.3885,15,0.64,EUR,ESL,"DPG Vitamin Well Reload sells with Leergut 0,25 EUR at 1.86x lift, and that is one of this customer's regular buys.",OPEN
NBO-000083,CUST00047,BLN01,AR90004,2026-07-03,2026-07-17,0.3882,8,0.09,EUR,ESL,"Buys Leergut 0,25 EUR about every 40 days and is 79 days on from the last one.",OPEN
NBO-000771,CUST00438,STR01,AR90054,2026-07-03,2026-07-17,0.3859,15,0.56,EUR,ESL,"Red Bull Sea Blue Edition sells with Leergut 0,25 EUR at 1.84x lift, and that is one of this customer's regular buys.",OPEN
NBO-000685,CUST00387,WDF01,AR90018,2026-07-03,2026-07-17,0.3852,15,0.64,EUR,ESL,"DPG Vitamin Well Reload sells with Leergut 0,25 EUR at 1.86x lift, and that is one of this customer's regular buys.",OPEN
NBO-000510,CUST00282,STR01,AR90004,2026-07-03,2026-07-17,0.385,8,0.09,EUR,ESL,"Buys Leergut 0,25 EUR about every 16.7 days and is 36 days on from the last one.",OPEN
NBO-000590,CUST00336,MUC01,AR90054,2026-07-03,2026-07-17,0.3845,15,0.56,EUR,ESL,"Red Bull Sea Blue Edition sells with Leergut 0,25 EUR at 1.84x lift, and that is one of this customer's regular buys.",OPEN
NBO-000644,CUST00366,HAM01,AR00394,2026-07-03,2026-07-17,0.3838,8,1.02,EUR,ESL,Buys Koro Protein Bar Pistachio about every 48 days and is 80 days on from the last one.,OPEN
NBO-000040,CUST00017,BLN01,AR90015,2026-07-03,2026-07-17,0.3817,8,0.6,EUR,ESL,Buys Red Bull Zero about every 51 days and is 53 days on from the last one.,OPEN
NBO-000742,CUST00419,BLN01,AR90013,2026-07-03,2026-07-17,0.381,8,0.6,EUR,ESL,"Buys Red Bull 0,25 about every 33.3 days and is 37 days on from the last one.",OPEN
NBO-000020,CUST00011,STR01,AR90040,2026-07-03,2026-07-17,0.38,15,0.55,EUR,ESL,"FUZE T PFIRSICH sells with Leergut 0,15 EUR at 3.69x lift, and that is one of this customer's regular buys.",OPEN
NBO-000021,CUST00011,STR01,AR90030,2026-07-03,2026-07-17,0.38,15,0.52,EUR,ESL,"Teinacher Apfelschorle sells with Leergut 0,15 EUR at 3.5x lift, and that is one of this customer's regular buys.",OPEN
NBO-000048,CUST00023,BLN01,AR90018,2026-07-03,2026-07-17,0.3788,15,0.63,EUR,ESL,"DPG Vitamin Well Reload sells with Leergut 0,25 EUR at 1.86x lift, and that is one of this customer's regular buys.",OPEN
NBO-000306,CUST00180,STR01,AR90018,2026-07-03,2026-07-17,0.3781,16.6,0.61,EUR,ESL,"DPG Vitamin Well Reload sells with Leergut 0,25 EUR at 1.86x lift, and that is one of this customer's regular buys.",OPEN
NBO-000489,CUST00271,MUC01,AR90054,2026-07-03,2026-07-17,0.3757,15,0.54,EUR,ESL,"Red Bull Sea Blue Edition sells with Leergut 0,25 EUR at 1.84x lift, and that is one of this customer's regular buys.",OPEN
NBO-000456,CUST00253,STR01,AR90054,2026-07-03,2026-07-17,0.3755,18.2,0.52,EUR,ESL,"Red Bull Sea Blue Edition sells with Leergut 0,25 EUR at 1.84x lift, and that is one of this customer's regular buys.",OPEN
NBO-000049,CUST00023,BLN01,AR90054,2026-07-03,2026-07-17,0.375,15,0.54,EUR,ESL,"Red Bull Sea Blue Edition sells with Leergut 0,25 EUR at 1.84x lift, and that is one of this customer's regular buys.",OPEN
NBO-000772,CUST00438,STR01,AR90013,2026-07-03,2026-07-17,0.3749,15,0.54,EUR,ESL,"Red Bull 0,25 sells with Leergut 0,25 EUR at 1.79x lift, and that is one of this customer's regular buys.",OPEN
NBO-000307,CUST00180,STR01,AR90054,2026-07-03,2026-07-17,0.3747,16.6,0.53,EUR,ESL,"Red Bull Sea Blue Edition sells with Leergut 0,25 EUR at 1.84x lift, and that is one of this customer's regular buys.",OPEN
NBO-000010,CUST00004,HAM01,AR90035,2026-07-03,2026-07-17,0.3743,16.6,0.53,EUR,ESL,"Welde Naturradler sells with Leergut 0,08 EUR at 9.52x lift, and that is one of this customer's regular buys.",OPEN
NBO-000011,CUST00004,HAM01,AR90036,2026-07-03,2026-07-17,0.3743,16.6,0.53,EUR,ESL,"Welde Alkoholfrei sells with Leergut 0,08 EUR at 7.14x lift, and that is one of this customer's regular buys.",OPEN
NBO-000266,CUST00156,STR01,AR90019,2026-07-03,2026-07-17,0.3733,15,0.62,EUR,ESL,"DPG Vitamin Well Hydrate sells with Red Bull 0,25 at 2.5x lift, and that is one of this customer's regular buys.",OPEN
NBO-000382,CUST00215,HAM01,AR90013,2026-07-03,2026-07-17,0.3728,8,0.58,EUR,ESL,"Buys Red Bull 0,25 about every 30.7 days and is 30 days on from the last one.",OPEN
NBO-000784,CUST00444,BLN01,AR90003,2026-07-03,2026-07-17,0.3691,8,0.05,EUR,ESL,"Buys Leergut 0,15 EUR about every 52.5 days and is 50 days on from the last one.",OPEN
NBO-000202,CUST00123,WDF02,AR90054,2026-07-03,2026-07-17,0.3666,15,0.53,EUR,ESL,"Red Bull Sea Blue Edition sells with Leergut 0,25 EUR at 1.84x lift, and that is one of this customer's regular buys.",OPEN
NBO-000069,CUST00037,WDF02,AR90054,2026-07-03,2026-07-17,0.3643,16.6,0.52,EUR,ESL,"Red Bull Sea Blue Edition sells with Leergut 0,25 EUR at 1.84x lift, and that is one of this customer's regular buys.",OPEN
NBO-000496,CUST00274,WDF02,AR90019,2026-07-03,2026-07-17,0.3606,15,0.6,EUR,ESL,"DPG Vitamin Well Hydrate sells with Red Bull 0,25 at 2.5x lift, and that is one of this customer's regular buys.",OPEN
NBO-000677,CUST00384,WDF01,AR90019,2026-07-03,2026-07-17,0.3567,15,0.59,EUR,ESL,"DPG Vitamin Well Hydrate sells with Red Bull 0,25 at 2.5x lift, and that is one of this customer's regular buys.",OPEN
NBO-000034,CUST00015,BLN01,AR90018,2026-07-03,2026-07-17,0.356,18.2,0.57,EUR,ESL,"DPG Vitamin Well Reload sells with Leergut 0,25 EUR at 1.86x lift, and that is one of this customer's regular buys.",OPEN
NBO-000308,CUST00182,MUC01,AR90004,2026-07-03,2026-07-17,0.3551,8,0.08,EUR,ESL,"Buys Leergut 0,25 EUR about every 26.3 days and is 37 days on from the last one.",OPEN
NBO-000287,CUST00172,STR01,AR90003,2026-07-03,2026-07-17,0.3549,16.6,0.04,EUR,ESL,"Leergut 0,15 EUR sells with La Magnum Almond at 1.5x lift, and that is one of this customer's regular buys.",OPEN
NBO-000690,CUST00390,WDF01,AR90040,2026-07-03,2026-07-17,0.3546,16.6,0.5,EUR,ESL,"FUZE T PFIRSICH sells with Leergut 0,15 EUR at 3.69x lift, and that is one of this customer's regular buys.",OPEN
NBO-000691,CUST00390,WDF01,AR90030,2026-07-03,2026-07-17,0.3546,16.6,0.47,EUR,ESL,"Teinacher Apfelschorle sells with Leergut 0,15 EUR at 3.5x lift, and that is one of this customer's regular buys.",OPEN
NBO-000692,CUST00390,WDF01,AR90039,2026-07-03,2026-07-17,0.3546,16.6,0.44,EUR,ESL,"Coca Cola Zero 0,4L Glas Mehrweg sells with Leergut 0,15 EUR at 3.42x lift, and that is one of this customer's regular buys.",OPEN
NBO-000237,CUST00142,WDF02,AR90013,2026-07-03,2026-07-17,0.354,8,0.55,EUR,ESL,"Buys Red Bull 0,25 about every 42 days and is 37 days on from the last one.",OPEN
NBO-000190,CUST00113,BLN01,AR90054,2026-07-03,2026-07-17,0.3535,15,0.51,EUR,ESL,"Red Bull Sea Blue Edition sells with Leergut 0,25 EUR at 1.84x lift, and that is one of this customer's regular buys.",OPEN
NBO-000303,CUST00179,WDF02,AR90040,2026-07-03,2026-07-17,0.3531,16.6,0.5,EUR,ESL,"FUZE T PFIRSICH sells with Leergut 0,15 EUR at 3.69x lift, and that is one of this customer's regular buys.",OPEN
NBO-000304,CUST00179,WDF02,AR90030,2026-07-03,2026-07-17,0.3531,16.6,0.47,EUR,ESL,"Teinacher Apfelschorle sells with Leergut 0,15 EUR at 3.5x lift, and that is one of this customer's regular buys.",OPEN
NBO-000305,CUST00179,WDF02,AR90039,2026-07-03,2026-07-17,0.3531,16.6,0.44,EUR,ESL,"Coca Cola Zero 0,4L Glas Mehrweg sells with Leergut 0,15 EUR at 3.42x lift, and that is one of this customer's regular buys.",OPEN
NBO-000686,CUST00388,BLN01,AR90054,2026-07-03,2026-07-17,0.3524,15,0.51,EUR,ESL,"Red Bull Sea Blue Edition sells with Leergut 0,25 EUR at 1.84x lift, and that is one of this customer's regular buys.",OPEN
NBO-000704,CUST00399,STR01,AR90019,2026-07-03,2026-07-17,0.3478,18.2,0.55,EUR,ESL,"DPG Vitamin Well Hydrate sells with Red Bull 0,25 at 2.5x lift, and that is one of this customer's regular buys.",OPEN
NBO-000191,CUST00113,BLN01,AR90013,2026-07-03,2026-07-17,0.3439,15,0.5,EUR,ESL,"Red Bull 0,25 sells with Leergut 0,25 EUR at 1.79x lift, and that is one of this customer's regular buys.",OPEN
NBO-000743,CUST00419,BLN01,AR90054,2026-07-03,2026-07-17,0.3414,15,0.49,EUR,ESL,"Red Bull Sea Blue Edition sells with Leergut 0,25 EUR at 1.84x lift, and that is one of this customer's regular buys.",OPEN
NBO-000120,CUST00070,STR01,AR90018,2026-07-03,2026-07-17,0.341,18.2,0.54,EUR,ESL,"DPG Vitamin Well Reload sells with Leergut 0,25 EUR at 1.86x lift, and that is one of this customer's regular buys.",OPEN
NBO-000121,CUST00070,STR01,AR90054,2026-07-03,2026-07-17,0.3381,18.2,0.47,EUR,ESL,"Red Bull Sea Blue Edition sells with Leergut 0,25 EUR at 1.84x lift, and that is one of this customer's regular buys.",OPEN
NBO-000495,CUST00273,BLN01,AR90054,2026-07-03,2026-07-17,0.3381,15,0.49,EUR,ESL,"Red Bull Sea Blue Edition sells with Leergut 0,25 EUR at 1.84x lift, and that is one of this customer's regular buys.",OPEN
NBO-000016,CUST00009,MUC01,AR90004,2026-07-03,2026-07-17,0.3357,8,0.08,EUR,ESL,"Buys Leergut 0,25 EUR about every 19.3 days and is 22 days on from the last one.",OPEN
NBO-000731,CUST00413,WDF02,AR90018,2026-07-03,2026-07-17,0.3341,15,0.55,EUR,ESL,"DPG Vitamin Well Reload sells with Leergut 0,25 EUR at 1.86x lift, and that is one of this customer's regular buys.",OPEN
NBO-000794,CUST00449,STR01,AR90040,2026-07-03,2026-07-17,0.3308,15,0.48,EUR,ESL,"FUZE T PFIRSICH sells with Leergut 0,15 EUR at 3.69x lift, and that is one of this customer's regular buys.",OPEN
NBO-000795,CUST00449,STR01,AR90030,2026-07-03,2026-07-17,0.3308,15,0.45,EUR,ESL,"Teinacher Apfelschorle sells with Leergut 0,15 EUR at 3.5x lift, and that is one of this customer's regular buys.",OPEN
NBO-000796,CUST00449,STR01,AR90039,2026-07-03,2026-07-17,0.3308,15,0.42,EUR,ESL,"Coca Cola Zero 0,4L Glas Mehrweg sells with Leergut 0,15 EUR at 3.42x lift, and that is one of this customer's regular buys.",OPEN
NBO-000148,CUST00088,BLN01,AR90054,2026-07-03,2026-07-17,0.3307,15,0.48,EUR,ESL,"Red Bull Sea Blue Edition sells with Leergut 0,25 EUR at 1.84x lift, and that is one of this customer's regular buys.",OPEN
NBO-000732,CUST00413,WDF02,AR90054,2026-07-03,2026-07-17,0.3307,15,0.48,EUR,ESL,"Red Bull Sea Blue Edition sells with Leergut 0,25 EUR at 1.84x lift, and that is one of this customer's regular buys.",OPEN
NBO-000273,CUST00163,WDF02,AR90018,2026-07-03,2026-07-17,0.3298,15,0.55,EUR,ESL,"DPG Vitamin Well Reload sells with Leergut 0,25 EUR at 1.86x lift, and that is one of this customer's regular buys.",OPEN
NBO-000230,CUST00139,MUC01,AR90018,2026-07-03,2026-07-17,0.3275,16.6,0.53,EUR,ESL,"DPG Vitamin Well Reload sells with Leergut 0,25 EUR at 1.86x lift, and that is one of this customer's regular buys.",OPEN
NBO-000458,CUST00254,WDF02,AR90054,2026-07-03,2026-07-17,0.325,15,0.47,EUR,ESL,"Red Bull Sea Blue Edition sells with Leergut 0,25 EUR at 1.84x lift, and that is one of this customer's regular buys.",OPEN
NBO-000231,CUST00139,MUC01,AR90054,2026-07-03,2026-07-17,0.3245,16.6,0.46,EUR,ESL,"Red Bull Sea Blue Edition sells with Leergut 0,25 EUR at 1.84x lift, and that is one of this customer's regular buys.",OPEN
NBO-000386,CUST00220,MUC01,AR90004,2026-07-03,2026-07-17,0.324,8,0.07,EUR,ESL,"Buys Leergut 0,25 EUR about every 37.3 days and is 53 days on from the last one.",OPEN
NBO-000320,CUST00186,STR01,AR90004,2026-07-03,2026-07-17,0.3217,12.8,0.07,EUR,ESL,"Buys Leergut 0,25 EUR about every 30 days and is 72 days on from the last one.",OPEN
NBO-000192,CUST00116,HAM01,AR00138,2026-07-03,2026-07-17,0.3212,8,0.59,EUR,ESL,Buys La Cornetto Haselnuss about every 15 days and is 17 days on from the last one.,OPEN
NBO-000017,CUST00009,MUC01,AR90018,2026-07-03,2026-07-17,0.3205,15,0.53,EUR,ESL,"DPG Vitamin Well Reload sells with Leergut 0,25 EUR at 1.86x lift, and that is one of this customer's regular buys.",OPEN
NBO-000632,CUST00361,WDF01,AR90018,2026-07-03,2026-07-17,0.3183,15,0.53,EUR,ESL,"DPG Vitamin Well Reload sells with Leergut 0,25 EUR at 1.86x lift, and that is one of this customer's regular buys.",OPEN
NBO-000180,CUST00109,BLN01,AR90030,2026-07-03,2026-07-17,0.3179,15,0.43,EUR,ESL,"Teinacher Apfelschorle sells with Leergut 0,15 EUR at 3.5x lift, and that is one of this customer's regular buys.",OPEN
NBO-000181,CUST00109,BLN01,AR90039,2026-07-03,2026-07-17,0.3179,15,0.41,EUR,ESL,"Coca Cola Zero 0,4L Glas Mehrweg sells with Leergut 0,15 EUR at 3.42x lift, and that is one of this customer's regular buys.",OPEN
NBO-000018,CUST00009,MUC01,AR90054,2026-07-03,2026-07-17,0.3175,15,0.46,EUR,ESL,"Red Bull Sea Blue Edition sells with Leergut 0,25 EUR at 1.84x lift, and that is one of this customer's regular buys.",OPEN
NBO-000274,CUST00163,WDF02,AR90013,2026-07-03,2026-07-17,0.3173,15,0.46,EUR,ESL,"Red Bull 0,25 sells with Leergut 0,25 EUR at 1.79x lift, and that is one of this customer's regular buys.",OPEN
NBO-000439,CUST00247,STR01,AR90018,2026-07-03,2026-07-17,0.3171,15,0.53,EUR,ESL,"DPG Vitamin Well Reload sells with Leergut 0,25 EUR at 1.86x lift, and that is one of this customer's regular buys.",OPEN
NBO-000511,CUST00282,STR01,AR90054,2026-07-03,2026-07-17,0.3165,15,0.46,EUR,ESL,"Red Bull Sea Blue Edition sells with Leergut 0,25 EUR at 1.84x lift, and that is one of this customer's regular buys.",OPEN
NBO-000387,CUST00220,MUC01,AR90040,2026-07-03,2026-07-17,0.3143,15,0.45,EUR,ESL,"FUZE T PFIRSICH sells with Leergut 0,15 EUR at 3.69x lift, and that is one of this customer's regular buys.",OPEN
NBO-000440,CUST00247,STR01,AR90054,2026-07-03,2026-07-17,0.3139,15,0.45,EUR,ESL,"Red Bull Sea Blue Edition sells with Leergut 0,25 EUR at 1.84x lift, and that is one of this customer's regular buys.",OPEN
NBO-000722,CUST00408,MUC01,AR90018,2026-07-03,2026-07-17,0.3108,16.6,0.51,EUR,ESL,"DPG Vitamin Well Reload sells with Leergut 0,25 EUR at 1.86x lift, and that is one of this customer's regular buys.",OPEN
NBO-000723,CUST00408,MUC01,AR90054,2026-07-03,2026-07-17,0.3079,16.6,0.44,EUR,ESL,"Red Bull Sea Blue Edition sells with Leergut 0,25 EUR at 1.84x lift, and that is one of this customer's regular buys.",OPEN
NBO-000512,CUST00282,STR01,AR90013,2026-07-03,2026-07-17,0.3077,15,0.44,EUR,ESL,"Red Bull 0,25 sells with Leergut 0,25 EUR at 1.79x lift, and that is one of this customer's regular buys.",OPEN
NBO-000558,CUST00316,MUC01,AR90018,2026-07-03,2026-07-17,0.3065,15,0.51,EUR,ESL,"DPG Vitamin Well Reload sells with Leergut 0,25 EUR at 1.86x lift, and that is one of this customer's regular buys.",OPEN
NBO-000765,CUST00434,STR01,AR90018,2026-07-03,2026-07-17,0.3055,15,0.51,EUR,ESL,"DPG Vitamin Well Reload sells with Leergut 0,25 EUR at 1.86x lift, and that is one of this customer's regular buys.",OPEN
NBO-000441,CUST00247,STR01,AR90013,2026-07-03,2026-07-17,0.3051,15,0.44,EUR,ESL,"Red Bull 0,25 sells with Leergut 0,25 EUR at 1.79x lift, and that is one of this customer's regular buys.",OPEN
NBO-000559,CUST00316,MUC01,AR90054,2026-07-03,2026-07-17,0.3032,15,0.44,EUR,ESL,"Red Bull Sea Blue Edition sells with Leergut 0,25 EUR at 1.84x lift, and that is one of this customer's regular buys.",OPEN
NBO-000766,CUST00434,STR01,AR90054,2026-07-03,2026-07-17,0.3027,15,0.44,EUR,ESL,"Red Bull Sea Blue Edition sells with Leergut 0,25 EUR at 1.84x lift, and that is one of this customer's regular buys.",OPEN
NBO-000367,CUST00206,BLN01,AR90018,2026-07-03,2026-07-17,0.2998,15,0.5,EUR,ESL,"DPG Vitamin Well Reload sells with Leergut 0,25 EUR at 1.86x lift, and that is one of this customer's regular buys.",OPEN
NBO-000338,CUST00193,WDF01,AR90040,2026-07-03,2026-07-17,0.2981,15,0.43,EUR,ESL,"FUZE T PFIRSICH sells with Leergut 0,15 EUR at 3.69x lift, and that is one of this customer's regular buys.",OPEN
NBO-000339,CUST00193,WDF01,AR90030,2026-07-03,2026-07-17,0.2981,15,0.41,EUR,ESL,"Teinacher Apfelschorle sells with Leergut 0,15 EUR at 3.5x lift, and that is one of this customer's regular buys.",OPEN
NBO-000368,CUST00206,BLN01,AR90054,2026-07-03,2026-07-17,0.2968,15,0.43,EUR,ESL,"Red Bull Sea Blue Edition sells with Leergut 0,25 EUR at 1.84x lift, and that is one of this customer's regular buys.",OPEN
NBO-000405,CUST00227,STR01,AR90018,2026-07-03,2026-07-17,0.2965,15,0.49,EUR,ESL,"DPG Vitamin Well Reload sells with Leergut 0,25 EUR at 1.86x lift, and that is one of this customer's regular buys.",OPEN
NBO-000406,CUST00227,STR01,AR90054,2026-07-03,2026-07-17,0.2934,15,0.42,EUR,ESL,"Red Bull Sea Blue Edition sells with Leergut 0,25 EUR at 1.84x lift, and that is one of this customer's regular buys.",OPEN
NBO-000193,CUST00116,HAM01,AR90004,2026-07-03,2026-07-17,0.2912,8,0.07,EUR,ESL,"Buys Leergut 0,25 EUR about every 18.9 days and is 30 days on from the last one.",OPEN
NBO-000321,CUST00186,STR01,AR90018,2026-07-03,2026-07-17,0.289,19.8,0.45,EUR,ESL,"DPG Vitamin Well Reload sells with Leergut 0,25 EUR at 1.86x lift, and that is one of this customer's regular buys.",OPEN
NBO-000194,CUST00116,HAM01,AR00289,2026-07-03,2026-07-17,0.2886,15,0.54,EUR,ESL,"Shot Himbeere Ingwer 60ml sells with HOMEMADE Breakfastcup 285g at 14.68x lift, and that is one of this customer's regular buys.",OPEN
NBO-000369,CUST00206,BLN01,AR90013,2026-07-03,2026-07-17,0.2884,15,0.42,EUR,ESL,"Red Bull 0,25 sells with Leergut 0,25 EUR at 1.79x lift, and that is one of this customer's regular buys.",OPEN
NBO-000664,CUST00376,MUC01,AR90054,2026-07-03,2026-07-17,0.2874,15,0.42,EUR,ESL,"Red Bull Sea Blue Edition sells with Leergut 0,25 EUR at 1.84x lift, and that is one of this customer's regular buys.",OPEN
NBO-000322,CUST00186,STR01,AR90054,2026-07-03,2026-07-17,0.2873,19.8,0.39,EUR,ESL,"Red Bull Sea Blue Edition sells with Leergut 0,25 EUR at 1.84x lift, and that is one of this customer's regular buys.",OPEN
NBO-000429,CUST00243,STR01,AR90054,2026-07-03,2026-07-17,0.2864,15,0.41,EUR,ESL,"Red Bull Sea Blue Edition sells with Leergut 0,25 EUR at 1.84x lift, and that is one of this customer's regular buys.",OPEN
NBO-000740,CUST00416,MUC01,AR90004,2026-07-03,2026-07-17,0.2863,15,0.06,EUR,ESL,"Leergut 0,25 EUR sells with La Magnum Classic at 1.33x lift, and that is one of this customer's regular buys.",OPEN
NBO-000705,CUST00399,STR01,AR90018,2026-07-03,2026-07-17,0.2806,18.2,0.45,EUR,ESL,"DPG Vitamin Well Reload sells with Leergut 0,25 EUR at 1.86x lift, and that is one of this customer's regular buys.",OPEN
NBO-000785,CUST00445,WDF02,AR90018,2026-07-03,2026-07-17,0.2788,16.6,0.45,EUR,ESL,"DPG Vitamin Well Reload sells with Leergut 0,25 EUR at 1.86x lift, and that is one of this customer's regular buys.",OPEN
NBO-000706,CUST00399,STR01,AR90054,2026-07-03,2026-07-17,0.2785,18.2,0.39,EUR,ESL,"Red Bull Sea Blue Edition sells with Leergut 0,25 EUR at 1.84x lift, and that is one of this customer's regular buys.",OPEN
NBO-000430,CUST00243,STR01,AR90013,2026-07-03,2026-07-17,0.2784,15,0.4,EUR,ESL,"Red Bull 0,25 sells with Leergut 0,25 EUR at 1.79x lift, and that is one of this customer's regular buys.",OPEN
NBO-000724,CUST00409,STR01,AR90040,2026-07-03,2026-07-17,0.2767,15,0.4,EUR,ESL,"FUZE T PFIRSICH sells with Leergut 0,15 EUR at 3.69x lift, and that is one of this customer's regular buys.",OPEN
NBO-000725,CUST00409,STR01,AR90030,2026-07-03,2026-07-17,0.2767,15,0.38,EUR,ESL,"Teinacher Apfelschorle sells with Leergut 0,15 EUR at 3.5x lift, and that is one of this customer's regular buys.",OPEN
NBO-000786,CUST00445,WDF02,AR90054,2026-07-03,2026-07-17,0.2764,16.6,0.39,EUR,ESL,"Red Bull Sea Blue Edition sells with Leergut 0,25 EUR at 1.84x lift, and that is one of this customer's regular buys.",OPEN
NBO-000012,CUST00004,HAM01,AR90004,2026-07-03,2026-07-17,0.2748,9.6,0.06,EUR,ESL,"Buys Leergut 0,25 EUR about every 12.9 days and is 18 days on from the last one.",OPEN
NBO-000182,CUST00109,BLN01,AR90004,2026-07-03,2026-07-17,0.2671,8,0.06,EUR,ESL,"Buys Leergut 0,25 EUR about every 24.2 days and is 31 days on from the last one.",OPEN
NBO-000611,CUST00348,BLN01,AR90019,2026-07-03,2026-07-17,0.2634,15,0.44,EUR,ESL,"DPG Vitamin Well Hydrate sells with Red Bull 0,25 at 2.5x lift, and that is one of this customer's regular buys.",OPEN
NBO-000678,CUST00384,WDF01,AR90054,2026-07-03,2026-07-17,0.2626,15,0.38,EUR,ESL,"Red Bull Sea Blue Edition sells with Leergut 0,25 EUR at 1.84x lift, and that is one of this customer's regular buys.",OPEN
NBO-000407,CUST00228,MUC01,AR90004,2026-07-03,2026-07-17,0.255,8,0.06,EUR,ESL,"Buys Leergut 0,25 EUR about every 25 days and is 29 days on from the last one.",OPEN
NBO-000244,CUST00146,MUC01,AR90018,2026-07-03,2026-07-17,0.2544,16.6,0.41,EUR,ESL,"DPG Vitamin Well Reload sells with Leergut 0,25 EUR at 1.86x lift, and that is one of this customer's regular buys.",OPEN
NBO-000340,CUST00193,WDF01,AR00289,2026-07-03,2026-07-17,0.2518,8,0.51,EUR,ESL,Buys Shot Himbeere Ingwer 60ml about every 52.5 days and is 50 days on from the last one.,OPEN
NBO-000442,CUST00248,WDF02,AR90018,2026-07-03,2026-07-17,0.2477,16.6,0.4,EUR,ESL,"DPG Vitamin Well Reload sells with Leergut 0,25 EUR at 1.86x lift, and that is one of this customer's regular buys.",OPEN
NBO-000131,CUST00076,WDF02,AR90035,2026-07-03,2026-07-17,0.2475,16.6,0.35,EUR,ESL,"Welde Naturradler sells with Leergut 0,08 EUR at 9.52x lift, and that is one of this customer's regular buys.",OPEN
NBO-000132,CUST00076,WDF02,AR90034,2026-07-03,2026-07-17,0.2475,16.6,0.35,EUR,ESL,"Welde Slow sells with Leergut 0,08 EUR at 8.29x lift, and that is one of this customer's regular buys.",OPEN
NBO-000133,CUST00076,WDF02,AR90036,2026-07-03,2026-07-17,0.2475,16.6,0.35,EUR,ESL,"Welde Alkoholfrei sells with Leergut 0,08 EUR at 7.14x lift, and that is one of this customer's regular buys.",OPEN
NBO-000756,CUST00425,STR01,AR90018,2026-07-03,2026-07-17,0.2475,16.6,0.4,EUR,ESL,"DPG Vitamin Well Reload sells with Leergut 0,25 EUR at 1.86x lift, and that is one of this customer's regular buys.",OPEN
NBO-000443,CUST00248,WDF02,AR90054,2026-07-03,2026-07-17,0.2459,16.6,0.35,EUR,ESL,"Red Bull Sea Blue Edition sells with Leergut 0,25 EUR at 1.84x lift, and that is one of this customer's regular buys.",OPEN
NBO-000757,CUST00425,STR01,AR90054,2026-07-03,2026-07-17,0.2453,16.6,0.35,EUR,ESL,"Red Bull Sea Blue Edition sells with Leergut 0,25 EUR at 1.84x lift, and that is one of this customer's regular buys.",OPEN
NBO-000309,CUST00182,MUC01,AR90054,2026-07-03,2026-07-17,0.2434,15,0.35,EUR,ESL,"Red Bull Sea Blue Edition sells with Leergut 0,25 EUR at 1.84x lift, and that is one of this customer's regular buys.",OPEN
NBO-000317,CUST00185,BLN01,AR90003,2026-07-03,2026-07-17,0.2408,11.2,0.03,EUR,ESL,"Buys Leergut 0,15 EUR about every 31 days and is 64 days on from the last one.",OPEN
NBO-000444,CUST00248,WDF02,AR90013,2026-07-03,2026-07-17,0.2408,16.6,0.34,EUR,ESL,"Red Bull 0,25 sells with Leergut 0,25 EUR at 1.79x lift, and that is one of this customer's regular buys.",OPEN
NBO-000561,CUST00319,WDF02,AR90019,2026-07-03,2026-07-17,0.2401,19.8,0.38,EUR,ESL,"DPG Vitamin Well Hydrate sells with Red Bull 0,25 at 2.5x lift, and that is one of this customer's regular buys.",OPEN
NBO-000612,CUST00348,BLN01,AR90018,2026-07-03,2026-07-17,0.2392,15,0.4,EUR,ESL,"DPG Vitamin Well Reload sells with Leergut 0,25 EUR at 1.86x lift, and that is one of this customer's regular buys.",OPEN
NBO-000758,CUST00425,STR01,AR90013,2026-07-03,2026-07-17,0.239,16.6,0.34,EUR,ESL,"Red Bull 0,25 sells with Leergut 0,25 EUR at 1.79x lift, and that is one of this customer's regular buys.",OPEN
NBO-000310,CUST00182,MUC01,AR90013,2026-07-03,2026-07-17,0.2367,15,0.34,EUR,ESL,"Red Bull 0,25 sells with Leergut 0,25 EUR at 1.79x lift, and that is one of this customer's regular buys.",OPEN
NBO-000408,CUST00228,MUC01,AR90018,2026-07-03,2026-07-17,0.2248,15,0.37,EUR,ESL,"DPG Vitamin Well Reload sells with Leergut 0,25 EUR at 1.86x lift, and that is one of this customer's regular buys.",OPEN
NBO-000245,CUST00146,MUC01,AR00010,2026-07-03,2026-07-17,0.2239,9.6,0.2,EUR,ESL,Buys Protein Bar Chocolate about every 24.5 days and is 25 days on from the last one.,OPEN
NBO-000409,CUST00228,MUC01,AR90054,2026-07-03,2026-07-17,0.2227,15,0.32,EUR,ESL,"Red Bull Sea Blue Edition sells with Leergut 0,25 EUR at 1.84x lift, and that is one of this customer's regular buys.",OPEN
NBO-000574,CUST00327,STR01,AR90040,2026-07-03,2026-07-17,0.2211,18.2,0.31,EUR,ESL,"FUZE T PFIRSICH sells with Leergut 0,15 EUR at 3.69x lift, and that is one of this customer's regular buys.",OPEN
NBO-000575,CUST00327,STR01,AR90030,2026-07-03,2026-07-17,0.2211,18.2,0.29,EUR,ESL,"Teinacher Apfelschorle sells with Leergut 0,15 EUR at 3.5x lift, and that is one of this customer's regular buys.",OPEN
NBO-000576,CUST00327,STR01,AR90039,2026-07-03,2026-07-17,0.2211,18.2,0.27,EUR,ESL,"Coca Cola Zero 0,4L Glas Mehrweg sells with Leergut 0,15 EUR at 3.42x lift, and that is one of this customer's regular buys.",OPEN
NBO-000318,CUST00185,BLN01,AR90040,2026-07-03,2026-07-17,0.2175,18.2,0.3,EUR,ESL,"FUZE T PFIRSICH sells with Leergut 0,15 EUR at 3.69x lift, and that is one of this customer's regular buys.",OPEN
NBO-000319,CUST00185,BLN01,AR90030,2026-07-03,2026-07-17,0.2175,18.2,0.28,EUR,ESL,"Teinacher Apfelschorle sells with Leergut 0,15 EUR at 3.5x lift, and that is one of this customer's regular buys.",OPEN
NBO-000787,CUST00445,WDF02,AR00245,2026-07-03,2026-07-17,0.2162,16.6,0.56,EUR,ESL,"HOMEMADE Breakfastcup 285g sells with HOMEMADE BUN HAM at 1.42x lift, and that is one of this customer's regular buys.",OPEN
NBO-000767,CUST00434,STR01,AR90003,2026-07-03,2026-07-17,0.2158,15,0.03,EUR,ESL,"Leergut 0,15 EUR sells with La Magnum Almond at 1.5x lift, and that is one of this customer's regular buys.",OPEN
NBO-000753,CUST00423,WDF02,AR90018,2026-07-03,2026-07-17,0.2127,15,0.35,EUR,ESL,"DPG Vitamin Well Reload sells with Leergut 0,25 EUR at 1.86x lift, and that is one of this customer's regular buys.",OPEN
NBO-000754,CUST00423,WDF02,AR90054,2026-07-03,2026-07-17,0.2105,15,0.3,EUR,ESL,"Red Bull Sea Blue Edition sells with Leergut 0,25 EUR at 1.84x lift, and that is one of this customer's regular buys.",OPEN
NBO-000657,CUST00374,WDF02,AR90018,2026-07-03,2026-07-17,0.2095,15,0.35,EUR,ESL,"DPG Vitamin Well Reload sells with Leergut 0,25 EUR at 1.86x lift, and that is one of this customer's regular buys.",OPEN
NBO-000658,CUST00374,WDF02,AR90004,2026-07-03,2026-07-17,0.2089,8,0.05,EUR,ESL,"Buys Leergut 0,25 EUR about every 31.5 days and is 46 days on from the last one.",OPEN
NBO-000659,CUST00374,WDF02,AR90054,2026-07-03,2026-07-17,0.2075,15,0.3,EUR,ESL,"Red Bull Sea Blue Edition sells with Leergut 0,25 EUR at 1.84x lift, and that is one of this customer's regular buys.",OPEN
NBO-000269,CUST00159,WDF02,AR90054,2026-07-03,2026-07-17,0.2052,15,0.3,EUR,ESL,"Red Bull Sea Blue Edition sells with Leergut 0,25 EUR at 1.84x lift, and that is one of this customer's regular buys.",OPEN
NBO-000755,CUST00423,WDF02,AR90013,2026-07-03,2026-07-17,0.2042,15,0.3,EUR,ESL,"Red Bull 0,25 sells with Leergut 0,25 EUR at 1.79x lift, and that is one of this customer's regular buys.",OPEN
NBO-000070,CUST00040,BLN01,AR90054,2026-07-03,2026-07-17,0.2035,19.8,0.28,EUR,ESL,"Red Bull Sea Blue Edition sells with Leergut 0,25 EUR at 1.84x lift, and that is one of this customer's regular buys.",OPEN
NBO-000071,CUST00040,BLN01,AR90013,2026-07-03,2026-07-17,0.201,19.8,0.27,EUR,ESL,"Red Bull 0,25 sells with Leergut 0,25 EUR at 1.79x lift, and that is one of this customer's regular buys.",OPEN
NBO-000270,CUST00159,WDF02,AR90013,2026-07-03,2026-07-17,0.1993,15,0.29,EUR,ESL,"Red Bull 0,25 sells with Leergut 0,25 EUR at 1.79x lift, and that is one of this customer's regular buys.",OPEN
NBO-000029,CUST00014,WDF02,AR90018,2026-07-03,2026-07-17,0.1985,15,0.33,EUR,ESL,"DPG Vitamin Well Reload sells with Leergut 0,25 EUR at 1.86x lift, and that is one of this customer's regular buys.",OPEN
NBO-000388,CUST00220,MUC01,AR90003,2026-07-03,2026-07-17,0.1985,8,0.03,EUR,ESL,"Buys Leergut 0,15 EUR about every 42.5 days and is 50 days on from the last one.",OPEN
NBO-000030,CUST00014,WDF02,AR90054,2026-07-03,2026-07-17,0.1964,15,0.28,EUR,ESL,"Red Bull Sea Blue Edition sells with Leergut 0,25 EUR at 1.84x lift, and that is one of this customer's regular buys.",OPEN
NBO-000562,CUST00319,WDF02,AR90004,2026-07-03,2026-07-17,0.1964,19.8,0.04,EUR,ESL,"Leergut 0,25 EUR sells with La Magnum Almond at 1.53x lift, and that is one of this customer's regular buys.",OPEN
NBO-000563,CUST00319,WDF02,AR90003,2026-07-03,2026-07-17,0.1948,19.8,0.02,EUR,ESL,"Leergut 0,15 EUR sells with La Magnum Almond at 1.5x lift, and that is one of this customer's regular buys.",OPEN
NBO-000031,CUST00014,WDF02,AR90013,2026-07-03,2026-07-17,0.1906,15,0.28,EUR,ESL,"Red Bull 0,25 sells with Leergut 0,25 EUR at 1.79x lift, and that is one of this customer's regular buys.",OPEN
NBO-000271,CUST00160,MUC01,AR90004,2026-07-03,2026-07-17,0.1804,8,0.04,EUR,ESL,"Buys Leergut 0,25 EUR about every 32 days and is 58 days on from the last one.",OPEN
NBO-000613,CUST00348,BLN01,AR90004,2026-07-03,2026-07-17,0.1801,8,0.04,EUR,ESL,"Buys Leergut 0,25 EUR about every 18.4 days and is 18 days on from the last one.",OPEN
NBO-000504,CUST00279,WDF02,AR90035,2026-07-03,2026-07-17,0.1794,15,0.26,EUR,ESL,"Welde Naturradler sells with Leergut 0,08 EUR at 9.52x lift, and that is one of this customer's regular buys.",OPEN
NBO-000505,CUST00279,WDF02,AR90034,2026-07-03,2026-07-17,0.1794,15,0.26,EUR,ESL,"Welde Slow sells with Leergut 0,08 EUR at 8.29x lift, and that is one of this customer's regular buys.",OPEN
NBO-000506,CUST00279,WDF02,AR90036,2026-07-03,2026-07-17,0.1794,15,0.26,EUR,ESL,"Welde Alkoholfrei sells with Leergut 0,08 EUR at 7.14x lift, and that is one of this customer's regular buys.",OPEN
NBO-000636,CUST00363,BLN01,AR90040,2026-07-03,2026-07-17,0.1771,16.6,0.25,EUR,ESL,"FUZE T PFIRSICH sells with Leergut 0,15 EUR at 3.69x lift, and that is one of this customer's regular buys.",OPEN
NBO-000098,CUST00055,MUC01,AR90040,2026-07-03,2026-07-17,0.1759,16.6,0.25,EUR,ESL,"FUZE T PFIRSICH sells with Leergut 0,15 EUR at 3.69x lift, and that is one of this customer's regular buys.",OPEN
NBO-000099,CUST00055,MUC01,AR90030,2026-07-03,2026-07-17,0.1759,16.6,0.23,EUR,ESL,"Teinacher Apfelschorle sells with Leergut 0,15 EUR at 3.5x lift, and that is one of this customer's regular buys.",OPEN
NBO-000100,CUST00055,MUC01,AR90039,2026-07-03,2026-07-17,0.1759,16.6,0.22,EUR,ESL,"Coca Cola Zero 0,4L Glas Mehrweg sells with Leergut 0,15 EUR at 3.42x lift, and that is one of this customer's regular buys.",OPEN
NBO-000062,CUST00033,BLN01,AR90040,2026-07-03,2026-07-17,0.1742,16.6,0.25,EUR,ESL,"FUZE T PFIRSICH sells with Leergut 0,15 EUR at 3.69x lift, and that is one of this customer's regular buys.",OPEN
NBO-000063,CUST00033,BLN01,AR90030,2026-07-03,2026-07-17,0.1742,16.6,0.23,EUR,ESL,"Teinacher Apfelschorle sells with Leergut 0,15 EUR at 3.5x lift, and that is one of this customer's regular buys.",OPEN
NBO-000473,CUST00260,STR01,AR90040,2026-07-03,2026-07-17,0.1738,16.6,0.25,EUR,ESL,"FUZE T PFIRSICH sells with Leergut 0,15 EUR at 3.69x lift, and that is one of this customer's regular buys.",OPEN
NBO-000474,CUST00260,STR01,AR90030,2026-07-03,2026-07-17,0.1738,16.6,0.23,EUR,ESL,"Teinacher Apfelschorle sells with Leergut 0,15 EUR at 3.5x lift, and that is one of this customer's regular buys.",OPEN
NBO-000475,CUST00260,STR01,AR90039,2026-07-03,2026-07-17,0.1738,16.6,0.22,EUR,ESL,"Coca Cola Zero 0,4L Glas Mehrweg sells with Leergut 0,15 EUR at 3.42x lift, and that is one of this customer's regular buys.",OPEN
NBO-000041,CUST00018,WDF02,AR90035,2026-07-03,2026-07-17,0.1736,16.6,0.25,EUR,ESL,"Welde Naturradler sells with Leergut 0,08 EUR at 9.52x lift, and that is one of this customer's regular buys.",OPEN
NBO-000042,CUST00018,WDF02,AR90034,2026-07-03,2026-07-17,0.1736,16.6,0.25,EUR,ESL,"Welde Slow sells with Leergut 0,08 EUR at 8.29x lift, and that is one of this customer's regular buys.",OPEN
NBO-000043,CUST00018,WDF02,AR90036,2026-07-03,2026-07-17,0.1736,16.6,0.25,EUR,ESL,"Welde Alkoholfrei sells with Leergut 0,08 EUR at 7.14x lift, and that is one of this customer's regular buys.",OPEN
NBO-000733,CUST00414,STR01,AR90054,2026-07-03,2026-07-17,0.1692,15,0.24,EUR,ESL,"Red Bull Sea Blue Edition sells with Leergut 0,25 EUR at 1.84x lift, and that is one of this customer's regular buys.",OPEN
NBO-000734,CUST00414,STR01,AR90013,2026-07-03,2026-07-17,0.1642,15,0.24,EUR,ESL,"Red Bull 0,25 sells with Leergut 0,25 EUR at 1.79x lift, and that is one of this customer's regular buys.",OPEN
NBO-000022,CUST00011,STR01,AR90004,2026-07-03,2026-07-17,0.1623,15,0.03,EUR,ESL,"Leergut 0,25 EUR sells with La Magnum Classic at 1.33x lift, and that is one of this customer's regular buys.",OPEN
NBO-000267,CUST00158,WDF02,AR90019,2026-07-03,2026-07-17,0.1567,16.6,0.25,EUR,ESL,"DPG Vitamin Well Hydrate sells with Red Bull 0,25 at 2.5x lift, and that is one of this customer's regular buys.",OPEN
NBO-000201,CUST00122,WDF02,AR90019,2026-07-03,2026-07-17,0.156,16.6,0.25,EUR,ESL,"DPG Vitamin Well Hydrate sells with Red Bull 0,25 at 2.5x lift, and that is one of this customer's regular buys.",OPEN
NBO-000064,CUST00033,BLN01,AR90019,2026-07-03,2026-07-17,0.1539,16.6,0.25,EUR,ESL,"DPG Vitamin Well Hydrate sells with Red Bull 0,25 at 2.5x lift, and that is one of this customer's regular buys.",OPEN
NBO-000168,CUST00103,WDF02,AR90004,2026-07-03,2026-07-17,0.1502,8,0.03,EUR,ESL,"Buys Leergut 0,25 EUR about every 52 days and is 44 days on from the last one.",OPEN
NBO-000152,CUST00095,STR01,AR90054,2026-07-03,2026-07-17,0.1419,15,0.21,EUR,ESL,"Red Bull Sea Blue Edition sells with Leergut 0,25 EUR at 1.84x lift, and that is one of this customer's regular buys.",OPEN
NBO-000125,CUST00073,WDF02,AR90040,2026-07-03,2026-07-17,0.14,15,0.2,EUR,ESL,"FUZE T PFIRSICH sells with Leergut 0,15 EUR at 3.69x lift, and that is one of this customer's regular buys.",OPEN
NBO-000126,CUST00073,WDF02,AR90030,2026-07-03,2026-07-17,0.14,15,0.19,EUR,ESL,"Teinacher Apfelschorle sells with Leergut 0,15 EUR at 3.5x lift, and that is one of this customer's regular buys.",OPEN
NBO-000268,CUST00158,WDF02,AR90018,2026-07-03,2026-07-17,0.1383,16.6,0.22,EUR,ESL,"DPG Vitamin Well Reload sells with Koro Protein Bar Schoko Brownie at 2.19x lift, and that is one of this customer's regular buys.",OPEN
NBO-000153,CUST00095,STR01,AR90013,2026-07-03,2026-07-17,0.1381,15,0.2,EUR,ESL,"Red Bull 0,25 sells with Leergut 0,25 EUR at 1.79x lift, and that is one of this customer's regular buys.",OPEN
NBO-000840,CUST00478,BLN01,AR90004,2026-07-03,2026-07-17,0.137,9.6,0.03,EUR,ESL,"Buys Leergut 0,25 EUR about every 33.5 days and is 45 days on from the last one.",OPEN
NBO-000116,CUST00068,STR01,AR90040,2026-07-03,2026-07-17,0.1367,15,0.2,EUR,ESL,"FUZE T PFIRSICH sells with Leergut 0,15 EUR at 3.69x lift, and that is one of this customer's regular buys.",OPEN
NBO-000117,CUST00068,STR01,AR90030,2026-07-03,2026-07-17,0.1367,15,0.19,EUR,ESL,"Teinacher Apfelschorle sells with Leergut 0,15 EUR at 3.5x lift, and that is one of this customer's regular buys.",OPEN
NBO-000615,CUST00351,WDF02,AR90040,2026-07-03,2026-07-17,0.1345,15,0.19,EUR,ESL,"FUZE T PFIRSICH sells with Leergut 0,15 EUR at 3.69x lift, and that is one of this customer's regular buys.",OPEN
NBO-000616,CUST00351,WDF02,AR90030,2026-07-03,2026-07-17,0.1345,15,0.18,EUR,ESL,"Teinacher Apfelschorle sells with Leergut 0,15 EUR at 3.5x lift, and that is one of this customer's regular buys.",OPEN
NBO-000535,CUST00302,STR01,AR90040,2026-07-03,2026-07-17,0.1342,15,0.19,EUR,ESL,"FUZE T PFIRSICH sells with Leergut 0,15 EUR at 3.69x lift, and that is one of this customer's regular buys.",OPEN
NBO-000536,CUST00302,STR01,AR90030,2026-07-03,2026-07-17,0.1342,15,0.18,EUR,ESL,"Teinacher Apfelschorle sells with Leergut 0,15 EUR at 3.5x lift, and that is one of this customer's regular buys.",OPEN
NBO-000134,CUST00079,STR01,AR90018,2026-07-03,2026-07-17,0.1338,16.6,0.22,EUR,ESL,"DPG Vitamin Well Reload sells with Leergut 0,25 EUR at 1.86x lift, and that is one of this customer's regular buys.",OPEN
NBO-000841,CUST00478,BLN01,AR90018,2026-07-03,2026-07-17,0.1335,16.6,0.22,EUR,ESL,"DPG Vitamin Well Reload sells with Leergut 0,25 EUR at 1.86x lift, and that is one of this customer's regular buys.",OPEN
NBO-000135,CUST00079,STR01,AR90054,2026-07-03,2026-07-17,0.1329,16.6,0.19,EUR,ESL,"Red Bull Sea Blue Edition sells with Leergut 0,25 EUR at 1.84x lift, and that is one of this customer's regular buys.",OPEN
NBO-000842,CUST00478,BLN01,AR90054,2026-07-03,2026-07-17,0.1326,16.6,0.19,EUR,ESL,"Red Bull Sea Blue Edition sells with Leergut 0,25 EUR at 1.84x lift, and that is one of this customer's regular buys.",OPEN
NBO-000019,CUST00010,WDF02,AR90018,2026-07-03,2026-07-17,0.1313,16.6,0.21,EUR,ESL,"DPG Vitamin Well Reload sells with Leergut 0,25 EUR at 1.86x lift, and that is one of this customer's regular buys.",OPEN
NBO-000136,CUST00079,STR01,AR90013,2026-07-03,2026-07-17,0.1304,16.6,0.18,EUR,ESL,"Red Bull 0,25 sells with Leergut 0,25 EUR at 1.79x lift, and that is one of this customer's regular buys.",OPEN
NBO-000637,CUST00363,BLN01,AR90004,2026-07-03,2026-07-17,0.1303,9.6,0.03,EUR,ESL,"Buys Leergut 0,25 EUR about every 26.8 days and is 35 days on from the last one.",OPEN
NBO-000638,CUST00363,BLN01,AR90013,2026-07-03,2026-07-17,0.1273,16.6,0.18,EUR,ESL,"Red Bull 0,25 sells with Leergut 0,25 EUR at 1.79x lift, and that is one of this customer's regular buys.",OPEN
NBO-000169,CUST00103,WDF02,AR90018,2026-07-03,2026-07-17,0.1218,15,0.2,EUR,ESL,"DPG Vitamin Well Reload sells with Leergut 0,25 EUR at 1.86x lift, and that is one of this customer's regular buys.",OPEN
NBO-000170,CUST00103,WDF02,AR90054,2026-07-03,2026-07-17,0.1206,15,0.17,EUR,ESL,"Red Bull Sea Blue Edition sells with Leergut 0,25 EUR at 1.84x lift, and that is one of this customer's regular buys.",OPEN
NBO-000537,CUST00302,STR01,AR90019,2026-07-03,2026-07-17,0.1201,15,0.2,EUR,ESL,"DPG Vitamin Well Hydrate sells with Red Bull 0,25 at 2.5x lift, and that is one of this customer's regular buys.",OPEN
NBO-000413,CUST00232,WDF02,AR90019,2026-07-03,2026-07-17,0.116,15,0.19,EUR,ESL,"DPG Vitamin Well Hydrate sells with Red Bull 0,25 at 2.5x lift, and that is one of this customer's regular buys.",OPEN
NBO-000127,CUST00073,WDF02,AR90018,2026-07-03,2026-07-17,0.0938,15,0.16,EUR,ESL,"DPG Vitamin Well Reload sells with Leergut 0,25 EUR at 1.86x lift, and that is one of this customer's regular buys.",OPEN
NBO-000414,CUST00232,WDF02,AR90018,2026-07-03,2026-07-17,0.0872,15,0.14,EUR,ESL,"DPG Vitamin Well Reload sells with Leergut 0,25 EUR at 1.86x lift, and that is one of this customer's regular buys.",OPEN
NBO-000415,CUST00232,WDF02,AR90054,2026-07-03,2026-07-17,0.0863,15,0.12,EUR,ESL,"Red Bull Sea Blue Edition sells with Leergut 0,25 EUR at 1.84x lift, and that is one of this customer's regular buys.",OPEN
NBO-000118,CUST00068,STR01,AR90018,2026-07-03,2026-07-17,0.0855,15,0.14,EUR,ESL,"DPG Vitamin Well Reload sells with Leergut 0,25 EUR at 1.86x lift, and that is one of this customer's regular buys.",OPEN
NBO-000272,CUST00160,MUC01,AR00245,2026-07-03,2026-07-17,0.0727,15,0.19,EUR,ESL,"HOMEMADE Breakfastcup 285g sells with HOMEMADE BUN HAM at 1.42x lift, and that is one of this customer's regular buys.",OPEN
