ID,store_ID,posSystem_ID,article_ID,cashier,businessDate,cancellationCount,cancelledQuantity,cancelledAmount,currency_code
CN-WDF01-000000,WDF01,PF02,SM0014,payfree,2026-02-26,4,10.0,317.97,EUR
CN-WDF01-000001,WDF01,PF02,SM0014,payfree,2026-05-31,3,10.0,317.97,EUR
CN-WDF01-000002,WDF01,PF02,AR90018,payfree,2026-01-01,4,3.065,5.98,EUR
CN-WDF01-000003,WDF01,PF02,AR90018,payfree,2026-01-04,4,3.065,5.98,EUR
CN-WDF01-000004,WDF01,PF02,AR90018,payfree,2026-01-12,3,3.065,5.98,EUR
CN-WDF01-000005,WDF01,PF02,AR90018,payfree,2026-01-15,3,3.065,5.98,EUR
CN-WDF01-000006,WDF01,PF02,AR90018,payfree,2026-01-25,3,3.065,5.98,EUR
CN-WDF01-000007,WDF01,PF02,AR90018,payfree,2026-01-28,3,3.065,5.98,EUR
CN-WDF01-000008,WDF01,PF02,AR90018,payfree,2026-02-09,3,3.065,5.98,EUR
CN-WDF01-000009,WDF01,PF02,AR90018,payfree,2026-02-12,3,3.065,5.98,EUR
CN-WDF01-000010,WDF01,PF02,AR90018,payfree,2026-02-15,3,3.065,5.98,EUR
CN-WDF01-000011,WDF01,PF02,AR90018,payfree,2026-02-20,3,3.065,5.98,EUR
CN-WDF01-000012,WDF01,PF02,AR90018,payfree,2026-03-03,3,3.065,5.98,EUR
CN-WDF01-000013,WDF01,PF02,AR90018,payfree,2026-03-13,3,3.065,5.98,EUR
CN-WDF01-000014,WDF01,PF02,AR90018,payfree,2026-03-23,3,3.065,5.98,EUR
CN-WDF01-000015,WDF01,PF02,AR90018,payfree,2026-04-02,3,3.065,5.98,EUR
CN-WDF01-000016,WDF01,PF02,AR90018,payfree,2026-04-08,3,3.065,5.98,EUR
CN-WDF01-000017,WDF01,PF02,AR90018,payfree,2026-04-09,3,3.065,5.98,EUR
CN-WDF01-000018,WDF01,PF02,AR90018,payfree,2026-04-10,3,3.065,5.98,EUR
CN-WDF01-000019,WDF01,PF02,AR90018,payfree,2026-04-13,3,3.065,5.98,EUR
CN-WDF01-000020,WDF01,PF02,AR90018,payfree,2026-04-19,3,3.065,5.98,EUR
CN-WDF01-000021,WDF01,PF02,AR90018,payfree,2026-04-21,3,3.065,5.98,EUR
CN-WDF01-000022,WDF01,PF02,AR90018,payfree,2026-04-27,3,3.065,5.98,EUR
CN-WDF01-000023,WDF01,PF02,AR90018,payfree,2026-04-28,3,3.065,5.98,EUR
CN-WDF01-000024,WDF01,PF02,AR90018,payfree,2026-05-08,3,3.065,5.98,EUR
CN-WDF01-000025,WDF01,PF02,AR90018,payfree,2026-05-11,3,3.065,5.98,EUR
CN-WDF01-000026,WDF01,PF02,AR90018,payfree,2026-05-19,3,3.065,5.98,EUR
CN-WDF01-000027,WDF01,PF02,AR90018,payfree,2026-06-04,3,3.065,5.98,EUR
CN-WDF01-000028,WDF01,PF02,AR90018,payfree,2026-06-10,3,3.065,5.98,EUR
CN-WDF01-000029,WDF01,PF02,AR90018,payfree,2026-06-12,3,3.065,5.98,EUR
CN-WDF01-000030,WDF01,PF02,AR90018,payfree,2026-06-17,3,3.065,5.98,EUR
CN-WDF01-000031,WDF01,PF02,AR90018,payfree,2026-06-18,3,3.065,5.98,EUR
CN-WDF01-000032,WDF01,PF02,AR90018,payfree,2026-06-28,3,3.065,5.98,EUR
CN-WDF01-000033,WDF01,PF02,AR90013,payfree,2026-01-02,3,3.0,3.17,EUR
CN-WDF01-000034,WDF01,PF02,AR90013,payfree,2026-01-06,3,3.0,3.17,EUR
CN-WDF01-000035,WDF01,PF02,AR90013,payfree,2026-01-15,3,3.0,3.17,EUR
CN-WDF01-000036,WDF01,PF02,AR90013,payfree,2026-01-17,3,3.0,3.17,EUR
CN-WDF01-000037,WDF01,PF02,AR90013,payfree,2026-01-25,3,3.0,3.17,EUR
CN-WDF01-000038,WDF01,PF02,AR90013,payfree,2026-01-29,3,3.0,3.17,EUR
CN-WDF01-000039,WDF01,PF02,AR90013,payfree,2026-01-30,3,3.0,3.17,EUR
CN-WDF01-000040,WDF01,PF02,AR90013,payfree,2026-02-04,3,3.0,3.17,EUR
CN-WDF01-000041,WDF01,PF02,AR90013,payfree,2026-02-06,3,3.0,3.17,EUR
CN-WDF01-000042,WDF01,PF02,AR90013,payfree,2026-02-14,3,3.0,3.17,EUR
CN-WDF01-000043,WDF01,PF02,AR90013,payfree,2026-02-16,3,3.0,3.17,EUR
CN-WDF01-000044,WDF01,PF02,AR90013,payfree,2026-02-19,3,3.0,3.17,EUR
CN-WDF01-000045,WDF01,PF02,AR90013,payfree,2026-03-01,3,3.0,3.17,EUR
CN-WDF01-000046,WDF01,PF02,AR90013,payfree,2026-03-11,3,3.0,3.17,EUR
CN-WDF01-000047,WDF01,PF02,AR90013,payfree,2026-03-13,3,3.0,3.17,EUR
CN-WDF01-000048,WDF01,PF02,AR90013,payfree,2026-03-14,3,3.0,3.17,EUR
CN-WDF01-000049,WDF01,PF02,AR90013,payfree,2026-03-21,3,3.0,3.17,EUR
CN-WDF01-000050,WDF01,PF02,AR90013,payfree,2026-03-26,3,3.0,3.17,EUR
CN-WDF01-000051,WDF01,PF02,AR90013,payfree,2026-03-30,3,3.0,3.17,EUR
CN-WDF01-000052,WDF01,PF02,AR90013,payfree,2026-04-01,3,3.0,3.17,EUR
CN-WDF01-000053,WDF01,PF02,AR90013,payfree,2026-04-07,3,3.0,3.17,EUR
CN-WDF01-000054,WDF01,PF02,AR90013,payfree,2026-04-08,3,3.0,3.17,EUR
CN-WDF01-000055,WDF01,PF02,AR90013,payfree,2026-04-11,3,3.0,3.17,EUR
CN-WDF01-000056,WDF01,PF02,AR90013,payfree,2026-04-12,3,3.0,3.17,EUR
CN-WDF01-000057,WDF01,PF02,AR90013,payfree,2026-04-14,3,3.0,3.17,EUR
CN-WDF01-000058,WDF01,PF02,AR90013,payfree,2026-04-17,3,3.0,3.17,EUR
CN-WDF01-000059,WDF01,PF02,AR90013,payfree,2026-04-19,3,3.0,3.17,EUR
CN-WDF01-000060,WDF01,PF02,AR90013,payfree,2026-04-23,3,3.0,3.17,EUR
CN-WDF01-000061,WDF01,PF02,AR90013,payfree,2026-04-24,3,3.0,3.17,EUR
CN-WDF01-000062,WDF01,PF02,AR90013,payfree,2026-05-03,3,3.0,3.17,EUR
CN-WDF01-000063,WDF01,PF02,AR90013,payfree,2026-05-04,3,3.0,3.17,EUR
CN-WDF01-000064,WDF01,PF02,AR90013,payfree,2026-05-05,3,3.0,3.17,EUR
CN-WDF01-000065,WDF01,PF02,AR90013,payfree,2026-05-12,3,3.0,3.17,EUR
CN-WDF01-000066,WDF01,PF02,AR90013,payfree,2026-05-17,3,3.0,3.17,EUR
CN-WDF01-000067,WDF01,PF02,AR90013,payfree,2026-05-28,3,3.0,3.17,EUR
CN-WDF01-000068,WDF01,PF02,AR90013,payfree,2026-05-29,3,3.0,3.17,EUR
CN-WDF01-000069,WDF01,PF02,AR90013,payfree,2026-05-31,3,3.0,3.17,EUR
CN-WDF01-000070,WDF01,PF02,AR90013,payfree,2026-06-02,3,3.0,3.17,EUR
CN-WDF01-000071,WDF01,PF02,AR90013,payfree,2026-06-13,3,3.0,3.17,EUR
CN-WDF01-000072,WDF01,PF02,AR90013,payfree,2026-06-15,3,3.0,3.17,EUR
CN-WDF01-000073,WDF01,PF02,AR90013,payfree,2026-06-17,3,3.0,3.17,EUR
CN-WDF01-000074,WDF01,PF02,AR90013,payfree,2026-06-22,3,3.0,3.17,EUR
CN-WDF01-000075,WDF01,PF02,AR90013,payfree,2026-06-24,3,3.0,3.17,EUR
CN-WDF01-000076,WDF01,PF02,AR90013,payfree,2026-06-27,3,3.0,3.17,EUR
CN-WDF01-000077,WDF01,PF02,AR90013,payfree,2026-07-01,3,3.0,3.17,EUR
CN-WDF01-000078,WDF01,PF02,AR00419,payfree,2026-01-05,3,3.0,132.0,EUR
CN-WDF01-000079,WDF01,PF02,AR90004,payfree,2026-01-01,12,11.289,2.82,EUR
CN-WDF01-000080,WDF01,PF02,AR90004,payfree,2026-01-03,12,11.289,2.82,EUR
CN-WDF01-000081,WDF01,PF02,AR90004,payfree,2026-01-09,12,11.289,2.82,EUR
CN-WDF01-000082,WDF01,PF02,AR90004,payfree,2026-01-15,12,11.289,2.82,EUR
CN-WDF01-000083,WDF01,PF02,AR90004,payfree,2026-01-20,12,11.289,2.82,EUR
CN-WDF01-000084,WDF01,PF02,AR90004,payfree,2026-01-21,12,11.289,2.82,EUR
CN-WDF01-000085,WDF01,PF02,AR90004,payfree,2026-01-26,12,11.289,2.82,EUR
CN-WDF01-000086,WDF01,PF02,AR90004,payfree,2026-02-02,12,11.289,2.82,EUR
CN-WDF01-000087,WDF01,PF02,AR90004,payfree,2026-02-03,12,11.289,2.82,EUR
CN-WDF01-000088,WDF01,PF02,AR90004,payfree,2026-02-05,12,11.289,2.82,EUR
CN-WDF01-000089,WDF01,PF02,AR90004,payfree,2026-02-13,12,11.289,2.82,EUR
CN-WDF01-000090,WDF01,PF02,AR90004,payfree,2026-02-14,12,11.289,2.82,EUR
CN-WDF01-000091,WDF01,PF02,AR90004,payfree,2026-02-17,12,11.289,2.82,EUR
CN-WDF01-000092,WDF01,PF02,AR90004,payfree,2026-02-18,11,11.289,2.82,EUR
CN-WDF01-000093,WDF01,PF02,AR90004,payfree,2026-02-20,11,11.289,2.82,EUR
CN-WDF01-000094,WDF01,PF02,AR90004,payfree,2026-02-25,11,11.289,2.82,EUR
CN-WDF01-000095,WDF01,PF02,AR90004,payfree,2026-03-02,11,11.289,2.82,EUR
CN-WDF01-000096,WDF01,PF02,AR90004,payfree,2026-03-06,11,11.289,2.82,EUR
CN-WDF01-000097,WDF01,PF02,AR90004,payfree,2026-03-14,11,11.289,2.82,EUR
CN-WDF01-000098,WDF01,PF02,AR90004,payfree,2026-03-21,11,11.289,2.82,EUR
CN-WDF01-000099,WDF01,PF02,AR90004,payfree,2026-03-23,11,11.289,2.82,EUR
CN-WDF01-000100,WDF01,PF02,AR90004,payfree,2026-03-29,11,11.289,2.82,EUR
CN-WDF01-000101,WDF01,PF02,AR90004,payfree,2026-03-31,11,11.289,2.82,EUR
CN-WDF01-000102,WDF01,PF02,AR90004,payfree,2026-04-01,11,11.289,2.82,EUR
CN-WDF01-000103,WDF01,PF02,AR90004,payfree,2026-04-03,11,11.289,2.82,EUR
CN-WDF01-000104,WDF01,PF02,AR90004,payfree,2026-04-07,11,11.289,2.82,EUR
CN-WDF01-000105,WDF01,PF02,AR90004,payfree,2026-04-08,11,11.289,2.82,EUR
CN-WDF01-000106,WDF01,PF02,AR90004,payfree,2026-04-09,11,11.289,2.82,EUR
CN-WDF01-000107,WDF01,PF02,AR90004,payfree,2026-04-10,11,11.289,2.82,EUR
CN-WDF01-000108,WDF01,PF02,AR90004,payfree,2026-04-12,11,11.289,2.82,EUR
CN-WDF01-000109,WDF01,PF02,AR90004,payfree,2026-04-23,11,11.289,2.82,EUR
CN-WDF01-000110,WDF01,PF02,AR90004,payfree,2026-04-28,11,11.289,2.82,EUR
CN-WDF01-000111,WDF01,PF02,AR90004,payfree,2026-05-03,11,11.289,2.82,EUR
CN-WDF01-000112,WDF01,PF02,AR90004,payfree,2026-05-06,11,11.289,2.82,EUR
CN-WDF01-000113,WDF01,PF02,AR90004,payfree,2026-05-12,11,11.289,2.82,EUR
CN-WDF01-000114,WDF01,PF02,AR90004,payfree,2026-05-15,11,11.289,2.82,EUR
CN-WDF01-000115,WDF01,PF02,AR90004,payfree,2026-05-22,11,11.289,2.82,EUR
CN-WDF01-000116,WDF01,PF02,AR90004,payfree,2026-05-31,11,11.289,2.82,EUR
CN-WDF01-000117,WDF01,PF02,AR90004,payfree,2026-06-02,11,11.289,2.82,EUR
CN-WDF01-000118,WDF01,PF02,AR90004,payfree,2026-06-09,11,11.289,2.82,EUR
CN-WDF01-000119,WDF01,PF02,AR90004,payfree,2026-06-13,11,11.289,2.82,EUR
CN-WDF01-000120,WDF01,PF02,AR90004,payfree,2026-06-17,11,11.289,2.82,EUR
CN-WDF01-000121,WDF01,PF02,AR90004,payfree,2026-06-25,11,11.289,2.82,EUR
CN-WDF01-000122,WDF01,PF02,AR90004,payfree,2026-06-30,11,11.289,2.82,EUR
CN-WDF01-000123,WDF01,PF02,AR90004,payfree,2026-07-03,11,11.289,2.82,EUR
CN-WDF01-000124,WDF01,PF02,AR00094,payfree,2026-01-02,4,8.707,2.61,EUR
CN-WDF01-000125,WDF01,PF02,AR00094,payfree,2026-01-03,3,8.707,2.61,EUR
CN-WDF01-000126,WDF01,PF02,AR00094,payfree,2026-01-04,3,8.707,2.61,EUR
CN-WDF01-000127,WDF01,PF02,AR00094,payfree,2026-01-06,3,8.707,2.61,EUR
CN-WDF01-000128,WDF01,PF02,AR00094,payfree,2026-01-09,3,8.707,2.61,EUR
CN-WDF01-000129,WDF01,PF02,AR00094,payfree,2026-01-16,3,8.707,2.61,EUR
CN-WDF01-000130,WDF01,PF02,AR00094,payfree,2026-01-18,3,8.707,2.61,EUR
CN-WDF01-000131,WDF01,PF02,AR00094,payfree,2026-01-19,3,8.707,2.61,EUR
CN-WDF01-000132,WDF01,PF02,AR00094,payfree,2026-01-23,3,8.707,2.61,EUR
CN-WDF01-000133,WDF01,PF02,AR00094,payfree,2026-01-24,3,8.707,2.61,EUR
CN-WDF01-000134,WDF01,PF02,AR00094,payfree,2026-01-27,3,8.707,2.61,EUR
CN-WDF01-000135,WDF01,PF02,AR00094,payfree,2026-02-10,3,8.707,2.61,EUR
CN-WDF01-000136,WDF01,PF02,AR00094,payfree,2026-02-12,3,8.707,2.61,EUR
CN-WDF01-000137,WDF01,PF02,AR00094,payfree,2026-02-17,3,8.707,2.61,EUR
CN-WDF01-000138,WDF01,PF02,AR00094,payfree,2026-02-18,3,8.707,2.61,EUR
CN-WDF01-000139,WDF01,PF02,AR00094,payfree,2026-02-19,3,8.707,2.61,EUR
CN-WDF01-000140,WDF01,PF02,AR00094,payfree,2026-02-23,3,8.707,2.61,EUR
CN-WDF01-000141,WDF01,PF02,AR00094,payfree,2026-02-25,3,8.707,2.61,EUR
CN-WDF01-000142,WDF01,PF02,AR00094,payfree,2026-02-27,3,8.707,2.61,EUR
CN-WDF01-000143,WDF01,PF02,AR00094,payfree,2026-03-06,3,8.707,2.61,EUR
CN-WDF01-000144,WDF01,PF02,AR00094,payfree,2026-03-11,3,8.707,2.61,EUR
CN-WDF01-000145,WDF01,PF02,AR00094,payfree,2026-03-20,3,8.707,2.61,EUR
CN-WDF01-000146,WDF01,PF02,AR00094,payfree,2026-04-03,3,8.707,2.61,EUR
CN-WDF01-000147,WDF01,PF02,AR00094,payfree,2026-04-17,3,8.707,2.61,EUR
CN-WDF01-000148,WDF01,PF02,AR00094,payfree,2026-04-19,3,8.707,2.61,EUR
CN-WDF01-000149,WDF01,PF02,AR00094,payfree,2026-05-08,3,8.707,2.61,EUR
CN-WDF01-000150,WDF01,PF02,AR00094,payfree,2026-05-15,3,8.707,2.61,EUR
CN-WDF01-000151,WDF01,PF02,AR00094,payfree,2026-05-24,3,8.707,2.61,EUR
CN-WDF01-000152,WDF01,PF02,AR00094,payfree,2026-05-26,3,8.707,2.61,EUR
CN-WDF01-000153,WDF01,PF02,AR00094,payfree,2026-05-27,3,8.707,2.61,EUR
CN-WDF01-000154,WDF01,PF02,AR00094,payfree,2026-06-03,3,8.707,2.61,EUR
CN-WDF01-000155,WDF01,PF02,AR00094,payfree,2026-06-05,3,8.707,2.61,EUR
CN-WDF01-000156,WDF01,PF02,AR00094,payfree,2026-06-07,3,8.707,2.61,EUR
CN-WDF01-000157,WDF01,PF02,AR00094,payfree,2026-06-09,3,8.707,2.61,EUR
CN-WDF01-000158,WDF01,PF02,AR00094,payfree,2026-06-16,3,8.707,2.61,EUR
CN-WDF01-000159,WDF01,PF02,AR00094,payfree,2026-06-23,3,8.707,2.61,EUR
CN-WDF01-000160,WDF01,PF02,AR00094,payfree,2026-06-25,3,8.707,2.61,EUR
CN-WDF01-000161,WDF01,PF02,AR00094,payfree,2026-06-26,3,8.707,2.61,EUR
CN-WDF01-000162,WDF01,PF02,AR00094,payfree,2026-06-30,3,8.707,2.61,EUR
CN-WDF01-000163,WDF01,PF02,AR00094,payfree,2026-07-01,3,8.707,2.61,EUR
CN-WDF01-000164,WDF01,PF02,AR00094,payfree,2026-07-03,3,8.707,2.61,EUR
CN-WDF01-000165,WDF01,PF02,AR00241,payfree,2026-01-05,4,3.222,8.06,EUR
CN-WDF01-000166,WDF01,PF02,AR00241,payfree,2026-02-27,3,3.222,8.06,EUR
CN-WDF01-000167,WDF01,PF02,AR00241,payfree,2026-03-24,3,3.222,8.06,EUR
CN-WDF01-000168,WDF01,PF02,AR00241,payfree,2026-04-11,3,3.222,8.06,EUR
CN-WDF01-000169,WDF01,PF02,AR00241,payfree,2026-04-22,3,3.222,8.06,EUR
CN-WDF01-000170,WDF01,PF02,AR00241,payfree,2026-05-21,3,3.222,8.06,EUR
CN-WDF01-000171,WDF01,PF02,AR00241,payfree,2026-06-03,3,3.222,8.06,EUR
CN-WDF01-000172,WDF01,PF02,AR00241,payfree,2026-06-22,3,3.222,8.06,EUR
CN-WDF01-000173,WDF01,PF02,AR00241,payfree,2026-06-28,3,3.222,8.06,EUR
CN-WDF01-000174,WDF01,PF02,AR90019,payfree,2026-01-08,4,3.182,6.2,EUR
CN-WDF01-000175,WDF01,PF02,AR90019,payfree,2026-01-30,4,3.182,6.2,EUR
CN-WDF01-000176,WDF01,PF02,AR90019,payfree,2026-03-23,3,3.182,6.2,EUR
CN-WDF01-000177,WDF01,PF02,AR90019,payfree,2026-04-05,3,3.182,6.2,EUR
CN-WDF01-000178,WDF01,PF02,AR90019,payfree,2026-04-07,3,3.182,6.2,EUR
CN-WDF01-000179,WDF01,PF02,AR90019,payfree,2026-05-01,3,3.182,6.2,EUR
CN-WDF01-000180,WDF01,PF02,AR90019,payfree,2026-05-11,3,3.182,6.2,EUR
CN-WDF01-000181,WDF01,PF02,AR90019,payfree,2026-06-02,3,3.182,6.2,EUR
CN-WDF01-000182,WDF01,PF02,AR90019,payfree,2026-06-10,3,3.182,6.2,EUR
CN-WDF01-000183,WDF01,PF02,AR90019,payfree,2026-06-24,3,3.182,6.2,EUR
CN-WDF01-000184,WDF01,PF02,AR90019,payfree,2026-06-27,3,3.182,6.2,EUR
CN-WDF01-000185,WDF01,PF02,AR90034,payfree,2026-01-05,4,3.077,5.23,EUR
CN-WDF01-000186,WDF01,PF02,AR90034,payfree,2026-01-07,3,3.077,5.23,EUR
CN-WDF01-000187,WDF01,PF02,AR90034,payfree,2026-02-09,3,3.077,5.23,EUR
CN-WDF01-000188,WDF01,PF02,AR90034,payfree,2026-02-24,3,3.077,5.23,EUR
CN-WDF01-000189,WDF01,PF02,AR90034,payfree,2026-03-07,3,3.077,5.23,EUR
CN-WDF01-000190,WDF01,PF02,AR90034,payfree,2026-03-29,3,3.077,5.23,EUR
CN-WDF01-000191,WDF01,PF02,AR90034,payfree,2026-04-24,3,3.077,5.23,EUR
CN-WDF01-000192,WDF01,PF02,AR90034,payfree,2026-04-26,3,3.077,5.23,EUR
CN-WDF01-000193,WDF01,PF02,AR90034,payfree,2026-05-01,3,3.077,5.23,EUR
CN-WDF01-000194,WDF01,PF02,AR90034,payfree,2026-06-11,3,3.077,5.23,EUR
CN-WDF01-000195,WDF01,PF02,AR90034,payfree,2026-06-13,3,3.077,5.23,EUR
CN-WDF01-000196,WDF01,PF02,AR90034,payfree,2026-06-16,3,3.077,5.23,EUR
CN-WDF01-000197,WDF01,PF02,AR90034,payfree,2026-06-29,3,3.077,5.23,EUR
CN-WDF01-000198,WDF01,PF02,AR00088,payfree,2026-01-10,4,4.833,10.63,EUR
CN-WDF01-000199,WDF01,PF02,AR00088,payfree,2026-02-09,4,4.833,10.63,EUR
CN-WDF01-000200,WDF01,PF02,AR00088,payfree,2026-02-17,3,4.833,10.63,EUR
CN-WDF01-000201,WDF01,PF02,AR00088,payfree,2026-04-24,3,4.833,10.63,EUR
CN-WDF01-000202,WDF01,PF02,AR00088,payfree,2026-06-15,3,4.833,10.63,EUR
CN-WDF01-000203,WDF01,PF02,AR00088,payfree,2026-07-03,3,4.833,10.63,EUR
CN-WDF01-000204,WDF01,PF02,SM0017,payfree,2026-01-18,1,2.0,59.98,EUR
CN-WDF01-000205,WDF01,PF02,AR00080,payfree,2026-01-05,4,5.667,9.92,EUR
CN-WDF01-000206,WDF01,PF02,AR00080,payfree,2026-01-16,3,5.667,9.92,EUR
CN-WDF01-000207,WDF01,PF02,AR00080,payfree,2026-05-07,3,5.667,9.92,EUR
CN-WDF01-000208,WDF01,PF02,AR00080,payfree,2026-05-29,3,5.667,9.92,EUR
CN-WDF01-000209,WDF01,PF02,AR00080,payfree,2026-05-31,3,5.667,9.92,EUR
CN-WDF01-000210,WDF01,PF02,AR00080,payfree,2026-06-22,3,5.667,9.92,EUR
CN-WDF01-000211,WDF01,PF02,AR00081,payfree,2026-02-04,4,4.667,8.92,EUR
CN-WDF01-000212,WDF01,PF02,AR00081,payfree,2026-02-28,3,4.667,8.92,EUR
CN-WDF01-000213,WDF01,PF02,AR00081,payfree,2026-04-06,3,4.667,8.92,EUR
CN-WDF01-000214,WDF01,PF02,AR00081,payfree,2026-04-16,3,4.667,8.92,EUR
CN-WDF01-000215,WDF01,PF02,AR00081,payfree,2026-06-16,3,4.667,8.92,EUR
CN-WDF01-000216,WDF01,PF02,AR00081,payfree,2026-06-25,3,4.667,8.92,EUR
CN-WDF01-000217,WDF01,PF02,AR00240,payfree,2026-01-04,4,3.5,6.65,EUR
CN-WDF01-000218,WDF01,PF02,AR00240,payfree,2026-01-22,4,3.5,6.65,EUR
CN-WDF01-000219,WDF01,PF02,AR00240,payfree,2026-01-31,3,3.5,6.65,EUR
CN-WDF01-000220,WDF01,PF02,AR00240,payfree,2026-02-01,3,3.5,6.65,EUR
CN-WDF01-000221,WDF01,PF02,AR00240,payfree,2026-02-06,3,3.5,6.65,EUR
CN-WDF01-000222,WDF01,PF02,AR00240,payfree,2026-02-13,3,3.5,6.65,EUR
CN-WDF01-000223,WDF01,PF02,AR00240,payfree,2026-03-11,3,3.5,6.65,EUR
CN-WDF01-000224,WDF01,PF02,AR00240,payfree,2026-06-17,3,3.5,6.65,EUR
CN-WDF01-000225,WDF01,PF02,AR00230,payfree,2026-03-22,3,3.0,51.0,EUR
CN-WDF01-000226,WDF01,PF02,AR90020,payfree,2026-01-06,4,3.25,6.34,EUR
CN-WDF01-000227,WDF01,PF02,AR90020,payfree,2026-01-31,4,3.25,6.34,EUR
CN-WDF01-000228,WDF01,PF02,AR90020,payfree,2026-03-07,3,3.25,6.34,EUR
CN-WDF01-000229,WDF01,PF02,AR90020,payfree,2026-03-12,3,3.25,6.34,EUR
CN-WDF01-000230,WDF01,PF02,AR90020,payfree,2026-03-18,3,3.25,6.34,EUR
CN-WDF01-000231,WDF01,PF02,AR90020,payfree,2026-03-24,3,3.25,6.34,EUR
CN-WDF01-000232,WDF01,PF02,AR90020,payfree,2026-04-20,3,3.25,6.34,EUR
CN-WDF01-000233,WDF01,PF02,AR90020,payfree,2026-05-03,3,3.25,6.34,EUR
CN-WDF01-000234,WDF01,PF02,AR00039,payfree,2026-03-06,4,12.0,12.0,EUR
CN-WDF01-000235,WDF01,PF02,AR00039,payfree,2026-04-21,4,12.0,12.0,EUR
CN-WDF01-000236,WDF01,PF02,AR00039,payfree,2026-06-05,3,12.0,12.0,EUR
CN-WDF01-000237,WDF01,PF02,AR00039,payfree,2026-07-03,3,12.0,12.0,EUR
CN-WDF01-000238,WDF01,PF02,AR00278,payfree,2026-05-28,2,4.0,47.6,EUR
CN-WDF01-000239,WDF01,PF02,AR00333,payfree,2026-05-09,4,9.5,21.38,EUR
CN-WDF01-000240,WDF01,PF02,AR00333,payfree,2026-05-10,3,9.5,21.38,EUR
CN-WDF01-000241,WDF01,PF02,AR00395,payfree,2026-01-19,4,3.4,8.5,EUR
CN-WDF01-000242,WDF01,PF02,AR00395,payfree,2026-02-28,4,3.4,8.5,EUR
CN-WDF01-000243,WDF01,PF02,AR00395,payfree,2026-04-17,3,3.4,8.5,EUR
CN-WDF01-000244,WDF01,PF02,AR00395,payfree,2026-04-29,3,3.4,8.5,EUR
CN-WDF01-000245,WDF01,PF02,AR00395,payfree,2026-06-13,3,3.4,8.5,EUR
CN-WDF01-000246,WDF01,PF02,AR90012,payfree,2026-01-14,4,3.182,3.85,EUR
CN-WDF01-000247,WDF01,PF02,AR90012,payfree,2026-01-18,4,3.182,3.85,EUR
CN-WDF01-000248,WDF01,PF02,AR90012,payfree,2026-01-22,3,3.182,3.85,EUR
CN-WDF01-000249,WDF01,PF02,AR90012,payfree,2026-01-23,3,3.182,3.85,EUR
CN-WDF01-000250,WDF01,PF02,AR90012,payfree,2026-01-26,3,3.182,3.85,EUR
CN-WDF01-000251,WDF01,PF02,AR90012,payfree,2026-02-10,3,3.182,3.85,EUR
CN-WDF01-000252,WDF01,PF02,AR90012,payfree,2026-04-03,3,3.182,3.85,EUR
CN-WDF01-000253,WDF01,PF02,AR90012,payfree,2026-04-15,3,3.182,3.85,EUR
CN-WDF01-000254,WDF01,PF02,AR90012,payfree,2026-04-20,3,3.182,3.85,EUR
CN-WDF01-000255,WDF01,PF02,AR90012,payfree,2026-05-28,3,3.182,3.85,EUR
CN-WDF01-000256,WDF01,PF02,AR90012,payfree,2026-06-29,3,3.182,3.85,EUR
CN-WDF01-000257,WDF01,PF02,AR00243,payfree,2026-01-04,4,3.2,8.0,EUR
CN-WDF01-000258,WDF01,PF02,AR00243,payfree,2026-01-25,3,3.2,8.0,EUR
CN-WDF01-000259,WDF01,PF02,AR00243,payfree,2026-02-11,3,3.2,8.0,EUR
CN-WDF01-000260,WDF01,PF02,AR00243,payfree,2026-03-24,3,3.2,8.0,EUR
CN-WDF01-000261,WDF01,PF02,AR00243,payfree,2026-03-28,3,3.2,8.0,EUR
CN-WDF01-000262,WDF01,PF02,AR90014,payfree,2026-01-05,3,3.0,3.86,EUR
CN-WDF01-000263,WDF01,PF02,AR90014,payfree,2026-01-29,3,3.0,3.86,EUR
CN-WDF01-000264,WDF01,PF02,AR90014,payfree,2026-02-14,3,3.0,3.86,EUR
CN-WDF01-000265,WDF01,PF02,AR90014,payfree,2026-02-23,3,3.0,3.86,EUR
CN-WDF01-000266,WDF01,PF02,AR90014,payfree,2026-02-26,3,3.0,3.86,EUR
CN-WDF01-000267,WDF01,PF02,AR90014,payfree,2026-03-04,3,3.0,3.86,EUR
CN-WDF01-000268,WDF01,PF02,AR90014,payfree,2026-03-12,3,3.0,3.86,EUR
CN-WDF01-000269,WDF01,PF02,AR90014,payfree,2026-05-07,3,3.0,3.86,EUR
CN-WDF01-000270,WDF01,PF02,AR90014,payfree,2026-05-12,3,3.0,3.86,EUR
CN-WDF01-000271,WDF01,PF02,AR90014,payfree,2026-06-01,3,3.0,3.86,EUR
CN-WDF01-000272,WDF01,PF02,AR90015,payfree,2026-01-11,4,3.2,3.81,EUR
CN-WDF01-000273,WDF01,PF02,AR90015,payfree,2026-02-11,4,3.2,3.81,EUR
CN-WDF01-000274,WDF01,PF02,AR90015,payfree,2026-02-12,3,3.2,3.81,EUR
CN-WDF01-000275,WDF01,PF02,AR90015,payfree,2026-02-26,3,3.2,3.81,EUR
CN-WDF01-000276,WDF01,PF02,AR90015,payfree,2026-02-27,3,3.2,3.81,EUR
CN-WDF01-000277,WDF01,PF02,AR90015,payfree,2026-03-14,3,3.2,3.81,EUR
CN-WDF01-000278,WDF01,PF02,AR90015,payfree,2026-04-23,3,3.2,3.81,EUR
CN-WDF01-000279,WDF01,PF02,AR90015,payfree,2026-04-25,3,3.2,3.81,EUR
CN-WDF01-000280,WDF01,PF02,AR90015,payfree,2026-04-29,3,3.2,3.81,EUR
CN-WDF01-000281,WDF01,PF02,AR90015,payfree,2026-06-17,3,3.2,3.81,EUR
CN-WDF01-000282,WDF01,PF02,AR00220,payfree,2026-03-24,4,12.667,12.67,EUR
CN-WDF01-000283,WDF01,PF02,AR00220,payfree,2026-03-29,4,12.667,12.67,EUR
CN-WDF01-000284,WDF01,PF02,AR00220,payfree,2026-04-16,3,12.667,12.67,EUR
CN-WDF01-000285,WDF01,PF02,AR00136,payfree,2026-03-22,4,3.5,9.45,EUR
CN-WDF01-000286,WDF01,PF02,AR00136,payfree,2026-04-01,4,3.5,9.45,EUR
CN-WDF01-000287,WDF01,PF02,AR00136,payfree,2026-05-05,3,3.5,9.45,EUR
CN-WDF01-000288,WDF01,PF02,AR00136,payfree,2026-06-07,3,3.5,9.45,EUR
CN-WDF01-000289,WDF01,PF02,AR00008,payfree,2026-01-09,3,3.0,5.4,EUR
CN-WDF01-000290,WDF01,PF02,AR00008,payfree,2026-02-18,3,3.0,5.4,EUR
CN-WDF01-000291,WDF01,PF02,AR00008,payfree,2026-04-25,3,3.0,5.4,EUR
CN-WDF01-000292,WDF01,PF02,AR00008,payfree,2026-05-13,3,3.0,5.4,EUR
CN-WDF01-000293,WDF01,PF02,AR00008,payfree,2026-06-06,3,3.0,5.4,EUR
CN-WDF01-000294,WDF01,PF02,AR00008,payfree,2026-06-07,3,3.0,5.4,EUR
CN-WDF01-000295,WDF01,PF02,AR00008,payfree,2026-06-10,3,3.0,5.4,EUR
CN-WDF01-000296,WDF01,PF02,AR90054,payfree,2026-02-04,4,3.167,3.04,EUR
CN-WDF01-000297,WDF01,PF02,AR90054,payfree,2026-02-14,4,3.167,3.04,EUR
CN-WDF01-000298,WDF01,PF02,AR90054,payfree,2026-03-04,3,3.167,3.04,EUR
CN-WDF01-000299,WDF01,PF02,AR90054,payfree,2026-03-09,3,3.167,3.04,EUR
CN-WDF01-000300,WDF01,PF02,AR90054,payfree,2026-04-21,3,3.167,3.04,EUR
CN-WDF01-000301,WDF01,PF02,AR90054,payfree,2026-05-19,3,3.167,3.04,EUR
CN-WDF01-000302,WDF01,PF02,AR90054,payfree,2026-05-20,3,3.167,3.04,EUR
CN-WDF01-000303,WDF01,PF02,AR90054,payfree,2026-05-21,3,3.167,3.04,EUR
CN-WDF01-000304,WDF01,PF02,AR90054,payfree,2026-05-25,3,3.167,3.04,EUR
CN-WDF01-000305,WDF01,PF02,AR90054,payfree,2026-05-28,3,3.167,3.04,EUR
CN-WDF01-000306,WDF01,PF02,AR90054,payfree,2026-06-12,3,3.167,3.04,EUR
CN-WDF01-000307,WDF01,PF02,AR90054,payfree,2026-06-25,3,3.167,3.04,EUR
CN-WDF01-000308,WDF01,PF02,AR00157,payfree,2026-02-09,3,3.0,11.4,EUR
CN-WDF01-000309,WDF01,PF02,AR00157,payfree,2026-03-02,3,3.0,11.4,EUR
CN-WDF01-000310,WDF01,PF02,AR00157,payfree,2026-06-06,3,3.0,11.4,EUR
CN-WDF01-000311,WDF01,PF02,SM0017,payfree,2026-05-10,4,17.0,33.83,EUR
CN-WDF01-000312,WDF01,PF02,AR90055,payfree,2026-01-05,4,3.222,3.67,EUR
CN-WDF01-000313,WDF01,PF02,AR90055,payfree,2026-01-10,4,3.222,3.67,EUR
CN-WDF01-000314,WDF01,PF02,AR90055,payfree,2026-01-31,3,3.222,3.67,EUR
CN-WDF01-000315,WDF01,PF02,AR90055,payfree,2026-02-17,3,3.222,3.67,EUR
CN-WDF01-000316,WDF01,PF02,AR90055,payfree,2026-02-28,3,3.222,3.67,EUR
CN-WDF01-000317,WDF01,PF02,AR90055,payfree,2026-03-05,3,3.222,3.67,EUR
CN-WDF01-000318,WDF01,PF02,AR90055,payfree,2026-04-12,3,3.222,3.67,EUR
CN-WDF01-000319,WDF01,PF02,AR90055,payfree,2026-05-13,3,3.222,3.67,EUR
CN-WDF01-000320,WDF01,PF02,AR90055,payfree,2026-05-14,3,3.222,3.67,EUR
CN-WDF01-000321,WDF01,PF02,AR00289,payfree,2026-01-10,3,3.75,8.25,EUR
CN-WDF01-000322,WDF01,PF02,AR00289,payfree,2026-01-22,3,3.75,8.25,EUR
CN-WDF01-000323,WDF01,PF02,AR00289,payfree,2026-05-02,3,3.75,8.25,EUR
CN-WDF01-000324,WDF01,PF02,AR00289,payfree,2026-06-02,3,3.75,8.25,EUR
CN-WDF01-000325,WDF01,PF02,AR00454,payfree,2026-02-06,4,3.667,10.63,EUR
CN-WDF01-000326,WDF01,PF02,AR00454,payfree,2026-02-18,3,3.667,10.63,EUR
CN-WDF01-000327,WDF01,PF02,AR00454,payfree,2026-05-18,3,3.667,10.63,EUR
CN-WDF01-000328,WDF01,PF02,AR00294,payfree,2026-02-13,4,3.5,7.7,EUR
CN-WDF01-000329,WDF01,PF02,AR00294,payfree,2026-05-02,3,3.5,7.7,EUR
CN-WDF01-000330,WDF01,PF02,AR00294,payfree,2026-06-15,3,3.5,7.7,EUR
CN-WDF01-000331,WDF01,PF02,AR00294,payfree,2026-06-29,3,3.5,7.7,EUR
CN-WDF01-000332,WDF01,PF02,AR00438,payfree,2026-02-16,4,6.5,15.28,EUR
CN-WDF01-000333,WDF01,PF02,AR00438,payfree,2026-03-10,3,6.5,15.28,EUR
CN-WDF01-000334,WDF01,PF02,AR00159,payfree,2026-02-11,4,4.0,15.2,EUR
CN-WDF01-000335,WDF01,PF02,AR00159,payfree,2026-03-04,4,4.0,15.2,EUR
CN-WDF01-000336,WDF01,PF02,AR00137,payfree,2026-05-18,4,5.5,14.85,EUR
CN-WDF01-000337,WDF01,PF02,AR00137,payfree,2026-06-23,3,5.5,14.85,EUR
CN-WDF01-000338,WDF01,PF02,AR90041,payfree,2026-01-29,4,3.4,5.78,EUR
CN-WDF01-000339,WDF01,PF02,AR90041,payfree,2026-03-09,4,3.4,5.78,EUR
CN-WDF01-000340,WDF01,PF02,AR90041,payfree,2026-03-10,3,3.4,5.78,EUR
CN-WDF01-000341,WDF01,PF02,AR90041,payfree,2026-03-15,3,3.4,5.78,EUR
CN-WDF01-000342,WDF01,PF02,AR90041,payfree,2026-06-01,3,3.4,5.78,EUR
CN-WDF01-000343,WDF01,PF02,AR00115,payfree,2026-01-08,4,4.0,14.0,EUR
CN-WDF01-000344,WDF01,PF02,AR00115,payfree,2026-05-29,4,4.0,14.0,EUR
CN-WDF01-000345,WDF01,PF02,AR00029,payfree,2026-01-26,4,4.0,14.0,EUR
CN-WDF01-000346,WDF01,PF02,AR00029,payfree,2026-03-20,4,4.0,14.0,EUR
CN-WDF01-000347,WDF01,PF02,AR00201,payfree,2026-01-04,1,1.0,27.0,EUR
CN-WDF01-000348,WDF01,PF02,AR00160,payfree,2026-04-08,4,3.5,13.3,EUR
CN-WDF01-000349,WDF01,PF02,AR00160,payfree,2026-04-27,3,3.5,13.3,EUR
CN-WDF01-000350,WDF01,PF02,AR90008,payfree,2026-01-10,3,3.0,4.2,EUR
CN-WDF01-000351,WDF01,PF02,AR90008,payfree,2026-02-08,3,3.0,4.2,EUR
CN-WDF01-000352,WDF01,PF02,AR90008,payfree,2026-04-01,3,3.0,4.2,EUR
CN-WDF01-000353,WDF01,PF02,AR90008,payfree,2026-04-02,3,3.0,4.2,EUR
CN-WDF01-000354,WDF01,PF02,AR90008,payfree,2026-04-06,3,3.0,4.2,EUR
CN-WDF01-000355,WDF01,PF02,AR90008,payfree,2026-05-05,3,3.0,4.2,EUR
CN-WDF01-000356,WDF01,PF02,AR00242,payfree,2026-01-21,4,3.333,8.33,EUR
CN-WDF01-000357,WDF01,PF02,AR00242,payfree,2026-01-29,3,3.333,8.33,EUR
CN-WDF01-000358,WDF01,PF02,AR00242,payfree,2026-03-15,3,3.333,8.33,EUR
CN-WDF01-000359,WDF01,PF02,AR00058,payfree,2026-02-16,4,3.333,8.33,EUR
CN-WDF01-000360,WDF01,PF02,AR00058,payfree,2026-04-19,3,3.333,8.33,EUR
CN-WDF01-000361,WDF01,PF02,AR00058,payfree,2026-06-24,3,3.333,8.33,EUR
CN-WDF01-000362,WDF01,PF02,AR90039,payfree,2026-01-01,4,3.2,4.8,EUR
CN-WDF01-000363,WDF01,PF02,AR90039,payfree,2026-02-11,3,3.2,4.8,EUR
CN-WDF01-000364,WDF01,PF02,AR90039,payfree,2026-03-07,3,3.2,4.8,EUR
CN-WDF01-000365,WDF01,PF02,AR90039,payfree,2026-03-11,3,3.2,4.8,EUR
CN-WDF01-000366,WDF01,PF02,AR90039,payfree,2026-04-25,3,3.2,4.8,EUR
CN-WDF01-000367,WDF01,PF02,AR00276,payfree,2026-02-16,3,3.333,8.0,EUR
CN-WDF01-000368,WDF01,PF02,AR00276,payfree,2026-02-17,3,3.333,8.0,EUR
CN-WDF01-000369,WDF01,PF02,AR00276,payfree,2026-05-25,3,3.333,8.0,EUR
CN-WDF01-000370,WDF01,PF02,AR00275,payfree,2026-01-14,4,3.333,8.0,EUR
CN-WDF01-000371,WDF01,PF02,AR00275,payfree,2026-03-30,3,3.333,8.0,EUR
CN-WDF01-000372,WDF01,PF02,AR00275,payfree,2026-05-08,3,3.333,8.0,EUR
CN-WDF01-000373,WDF01,PF02,AR00210,payfree,2026-02-24,3,3.8,4.56,EUR
CN-WDF01-000374,WDF01,PF02,AR00210,payfree,2026-02-27,3,3.8,4.56,EUR
CN-WDF01-000375,WDF01,PF02,AR00210,payfree,2026-02-28,3,3.8,4.56,EUR
CN-WDF01-000376,WDF01,PF02,AR00210,payfree,2026-03-05,3,3.8,4.56,EUR
CN-WDF01-000377,WDF01,PF02,AR00210,payfree,2026-04-05,3,3.8,4.56,EUR
CN-WDF01-000378,WDF01,PF02,AR00065,payfree,2026-02-18,3,3.0,7.5,EUR
CN-WDF01-000379,WDF01,PF02,AR00065,payfree,2026-05-07,3,3.0,7.5,EUR
CN-WDF01-000380,WDF01,PF02,AR00065,payfree,2026-05-20,3,3.0,7.5,EUR
CN-WDF01-000381,WDF01,PF02,AR00209,payfree,2026-02-06,4,7.167,3.58,EUR
CN-WDF01-000382,WDF01,PF02,AR00209,payfree,2026-03-21,4,7.167,3.58,EUR
CN-WDF01-000383,WDF01,PF02,AR00209,payfree,2026-05-13,3,7.167,3.58,EUR
CN-WDF01-000384,WDF01,PF02,AR00209,payfree,2026-05-14,3,7.167,3.58,EUR
CN-WDF01-000385,WDF01,PF02,AR00209,payfree,2026-06-17,3,7.167,3.58,EUR
CN-WDF01-000386,WDF01,PF02,AR00209,payfree,2026-06-24,3,7.167,3.58,EUR
CN-WDF01-000387,WDF01,PF02,AR00030,payfree,2026-01-08,3,3.0,10.5,EUR
CN-WDF01-000388,WDF01,PF02,AR00030,payfree,2026-05-13,3,3.0,10.5,EUR
CN-WDF01-000389,WDF01,PF02,AR00215,payfree,2026-03-23,3,3.0,20.7,EUR
CN-WDF01-000390,WDF01,PF02,AR00244,payfree,2026-01-29,4,4.0,10.0,EUR
CN-WDF01-000391,WDF01,PF02,AR00244,payfree,2026-04-23,4,4.0,10.0,EUR
CN-WDF01-000392,WDF01,PF02,AR00187,payfree,2026-03-20,3,4.0,10.0,EUR
CN-WDF01-000393,WDF01,PF02,AR00187,payfree,2026-04-24,3,4.0,10.0,EUR
CN-WDF01-000394,WDF01,PF02,AR00084,payfree,2026-03-18,4,5.0,10.0,EUR
CN-WDF01-000395,WDF01,PF02,AR00084,payfree,2026-03-23,3,5.0,10.0,EUR
CN-WDF01-000396,WDF01,PF02,AR00188,payfree,2026-02-06,4,3.667,6.6,EUR
CN-WDF01-000397,WDF01,PF02,AR00188,payfree,2026-03-01,4,3.667,6.6,EUR
CN-WDF01-000398,WDF01,PF02,AR00188,payfree,2026-03-03,3,3.667,6.6,EUR
CN-WDF01-000399,WDF01,PF02,AR00013,payfree,2026-03-28,4,3.667,6.6,EUR
CN-WDF01-000400,WDF01,PF02,AR00013,payfree,2026-05-19,4,3.667,6.6,EUR
CN-WDF01-000401,WDF01,PF02,AR00013,payfree,2026-06-26,3,3.667,6.6,EUR
CN-WDF01-000402,WDF01,PF02,AR90027,payfree,2026-02-26,3,3.0,4.8,EUR
CN-WDF01-000403,WDF01,PF02,AR90027,payfree,2026-05-10,3,3.0,4.8,EUR
CN-WDF01-000404,WDF01,PF02,AR90027,payfree,2026-05-26,3,3.0,4.8,EUR
CN-WDF01-000405,WDF01,PF02,AR90027,payfree,2026-06-08,3,3.0,4.8,EUR
CN-WDF01-000406,WDF01,PF02,AR00154,payfree,2026-03-15,3,3.0,9.6,EUR
CN-WDF01-000407,WDF01,PF02,AR00154,payfree,2026-03-29,3,3.0,9.6,EUR
CN-WDF01-000408,WDF01,PF02,AR90036,payfree,2026-01-22,4,3.667,6.23,EUR
CN-WDF01-000409,WDF01,PF02,AR90036,payfree,2026-06-18,4,3.667,6.23,EUR
CN-WDF01-000410,WDF01,PF02,AR90036,payfree,2026-06-29,3,3.667,6.23,EUR
CN-WDF01-000411,WDF01,PF02,AR00245,payfree,2026-02-06,3,3.0,9.3,EUR
CN-WDF01-000412,WDF01,PF02,AR00245,payfree,2026-05-22,3,3.0,9.3,EUR
CN-WDF01-000413,WDF01,PF02,AR00185,payfree,2026-03-06,4,4.0,9.0,EUR
CN-WDF01-000414,WDF01,PF02,AR00185,payfree,2026-04-20,4,4.0,9.0,EUR
CN-WDF01-000415,WDF01,PF02,AR00006,payfree,2026-02-05,4,3.333,6.0,EUR
CN-WDF01-000416,WDF01,PF02,AR00006,payfree,2026-02-12,3,3.333,6.0,EUR
CN-WDF01-000417,WDF01,PF02,AR00006,payfree,2026-02-23,3,3.333,6.0,EUR
CN-WDF01-000418,WDF01,PF02,AR00394,payfree,2026-02-05,3,3.0,8.7,EUR
CN-WDF01-000419,WDF01,PF02,AR00394,payfree,2026-05-05,3,3.0,8.7,EUR
CN-WDF01-000420,WDF01,PF02,AR00378,payfree,2026-01-21,2,4.0,17.0,EUR
CN-WDF01-000421,WDF01,PF02,AR00010,payfree,2026-03-05,3,3.4,3.4,EUR
CN-WDF01-000422,WDF01,PF02,AR00010,payfree,2026-03-09,3,3.4,3.4,EUR
CN-WDF01-000423,WDF01,PF02,AR00010,payfree,2026-03-27,3,3.4,3.4,EUR
CN-WDF01-000424,WDF01,PF02,AR00010,payfree,2026-04-19,3,3.4,3.4,EUR
CN-WDF01-000425,WDF01,PF02,AR00010,payfree,2026-05-21,3,3.4,3.4,EUR
CN-WDF01-000426,WDF01,PF02,AR00331,payfree,2026-01-02,1,1.0,16.57,EUR
CN-WDF01-000427,WDF01,PF02,AR00041,payfree,2026-02-15,5,5.0,16.5,EUR
CN-WDF01-000428,WDF01,PF02,AR00040,payfree,2026-04-21,5,5.0,16.5,EUR
CN-WDF01-000429,WDF01,PF02,AR90053,payfree,2026-02-03,4,4.0,8.0,EUR
CN-WDF01-000430,WDF01,PF02,AR90053,payfree,2026-05-01,4,4.0,8.0,EUR
CN-WDF01-000431,WDF01,PF02,AR00236,payfree,2026-05-04,1,1.0,16.0,EUR
CN-WDF01-000432,WDF01,PF02,AR00009,payfree,2026-04-30,4,5.333,5.33,EUR
CN-WDF01-000433,WDF01,PF02,AR00009,payfree,2026-06-13,3,5.333,5.33,EUR
CN-WDF01-000434,WDF01,PF02,AR00009,payfree,2026-06-26,3,5.333,5.33,EUR
CN-WDF01-000435,WDF01,PF02,AR00152,payfree,2026-03-08,4,4.0,15.8,EUR
CN-WDF01-000436,WDF01,PF02,AR00151,payfree,2026-01-24,4,4.0,15.6,EUR
CN-WDF01-000437,WDF01,PF02,AR00448,payfree,2026-03-21,4,4.0,15.56,EUR
CN-WDF01-000438,WDF01,PF02,AR00054,payfree,2026-02-10,4,5.0,5.0,EUR
CN-WDF01-000439,WDF01,PF02,AR00054,payfree,2026-05-01,4,5.0,5.0,EUR
CN-WDF01-000440,WDF01,PF02,AR00054,payfree,2026-06-26,3,5.0,5.0,EUR
CN-WDF01-000441,WDF01,PF02,AR00117,payfree,2026-01-25,5,7.0,14.7,EUR
CN-WDF01-000442,WDF01,PF02,AR00274,payfree,2026-02-22,3,3.0,7.2,EUR
CN-WDF01-000443,WDF01,PF02,AR00274,payfree,2026-03-28,3,3.0,7.2,EUR
CN-WDF01-000444,WDF01,PF02,AR00129,payfree,2026-03-09,4,5.0,7.0,EUR
CN-WDF01-000445,WDF01,PF02,AR00129,payfree,2026-05-10,4,5.0,7.0,EUR
CN-WDF01-000446,WDF01,PF02,AR00002,payfree,2026-01-22,4,9.0,4.5,EUR
CN-WDF01-000447,WDF01,PF02,AR00002,payfree,2026-04-02,3,9.0,4.5,EUR
CN-WDF01-000448,WDF01,PF02,AR00002,payfree,2026-05-13,3,9.0,4.5,EUR
CN-WDF01-000449,WDF01,PF02,AR00407,payfree,2026-05-15,4,4.0,12.8,EUR
CN-WDF01-000450,WDF01,PF02,AR00056,payfree,2026-02-12,4,5.0,12.5,EUR
CN-WDF01-000451,WDF01,PF02,AR00416,payfree,2026-06-17,4,6.0,12.0,EUR
CN-WDF01-000452,WDF01,PF02,AR90040,payfree,2026-02-13,4,3.5,5.95,EUR
CN-WDF01-000453,WDF01,PF02,AR90040,payfree,2026-06-10,3,3.5,5.95,EUR
CN-WDF01-000454,WDF01,PF02,AR00280,payfree,2026-03-26,1,1.0,11.9,EUR
CN-WDF01-000455,WDF01,PF02,AR90003,payfree,2026-01-04,4,3.038,0.46,EUR
CN-WDF01-000456,WDF01,PF02,AR90003,payfree,2026-01-08,3,3.038,0.46,EUR
CN-WDF01-000457,WDF01,PF02,AR90003,payfree,2026-01-13,3,3.038,0.46,EUR
CN-WDF01-000458,WDF01,PF02,AR90003,payfree,2026-02-03,3,3.038,0.46,EUR
CN-WDF01-000459,WDF01,PF02,AR90003,payfree,2026-02-09,3,3.038,0.46,EUR
CN-WDF01-000460,WDF01,PF02,AR90003,payfree,2026-02-14,3,3.038,0.46,EUR
CN-WDF01-000461,WDF01,PF02,AR90003,payfree,2026-02-21,3,3.038,0.46,EUR
CN-WDF01-000462,WDF01,PF02,AR90003,payfree,2026-03-05,3,3.038,0.46,EUR
CN-WDF01-000463,WDF01,PF02,AR90003,payfree,2026-03-06,3,3.038,0.46,EUR
CN-WDF01-000464,WDF01,PF02,AR90003,payfree,2026-03-07,3,3.038,0.46,EUR
CN-WDF01-000465,WDF01,PF02,AR90003,payfree,2026-03-08,3,3.038,0.46,EUR
CN-WDF01-000466,WDF01,PF02,AR90003,payfree,2026-04-15,3,3.038,0.46,EUR
CN-WDF01-000467,WDF01,PF02,AR90003,payfree,2026-04-17,3,3.038,0.46,EUR
CN-WDF01-000468,WDF01,PF02,AR90003,payfree,2026-04-21,3,3.038,0.46,EUR
CN-WDF01-000469,WDF01,PF02,AR90003,payfree,2026-04-27,3,3.038,0.46,EUR
CN-WDF01-000470,WDF01,PF02,AR90003,payfree,2026-05-01,3,3.038,0.46,EUR
CN-WDF01-000471,WDF01,PF02,AR90003,payfree,2026-05-05,3,3.038,0.46,EUR
CN-WDF01-000472,WDF01,PF02,AR90003,payfree,2026-05-09,3,3.038,0.46,EUR
CN-WDF01-000473,WDF01,PF02,AR90003,payfree,2026-05-14,3,3.038,0.46,EUR
CN-WDF01-000474,WDF01,PF02,AR90003,payfree,2026-05-19,3,3.038,0.46,EUR
CN-WDF01-000475,WDF01,PF02,AR90003,payfree,2026-05-20,3,3.038,0.46,EUR
CN-WDF01-000476,WDF01,PF02,AR90003,payfree,2026-05-29,3,3.038,0.46,EUR
CN-WDF01-000477,WDF01,PF02,AR90003,payfree,2026-06-01,3,3.038,0.46,EUR
CN-WDF01-000478,WDF01,PF02,AR90003,payfree,2026-06-07,3,3.038,0.46,EUR
CN-WDF01-000479,WDF01,PF02,AR90003,payfree,2026-06-15,3,3.038,0.46,EUR
CN-WDF01-000480,WDF01,PF02,AR90003,payfree,2026-06-24,3,3.038,0.46,EUR
CN-WDF01-000481,WDF01,PF02,AR00283,payfree,2026-03-10,4,4.0,11.8,EUR
CN-WDF01-000482,WDF01,PF02,SM0016,payfree,2026-02-12,4,7.0,11.67,EUR
CN-WDF01-000483,WDF01,PF02,AR00071,payfree,2026-05-31,4,4.0,11.6,EUR
CN-WDF01-000484,WDF01,PF02,AR00158,payfree,2026-02-03,3,3.0,11.4,EUR
CN-WDF01-000485,WDF01,PF02,AR00332,payfree,2026-02-22,5,5.0,11.25,EUR
CN-WDF01-000486,WDF01,PF02,AR90009,payfree,2026-01-02,4,3.5,5.6,EUR
CN-WDF01-000487,WDF01,PF02,AR90009,payfree,2026-03-05,3,3.5,5.6,EUR
CN-WDF01-000488,WDF01,PF02,AR00290,payfree,2026-01-12,5,5.0,11.0,EUR
CN-WDF01-000489,WDF01,PF02,AR00432,payfree,2026-03-29,3,3.0,10.5,EUR
CN-WDF01-000490,WDF01,PF02,AR00031,payfree,2026-04-15,4,3.5,5.25,EUR
CN-WDF01-000491,WDF01,PF02,AR00031,payfree,2026-06-08,3,3.5,5.25,EUR
CN-WDF01-000492,WDF01,PF02,AR00397,payfree,2026-03-27,4,4.0,10.0,EUR
CN-WDF01-000493,WDF01,PF02,AR00138,payfree,2026-04-19,4,5.0,10.0,EUR
CN-WDF01-000494,WDF01,PF02,AR00109,payfree,2026-04-21,5,5.0,10.0,EUR
CN-WDF01-000495,WDF01,PF02,AR90016,payfree,2026-01-17,3,3.0,3.25,EUR
CN-WDF01-000496,WDF01,PF02,AR90016,payfree,2026-01-23,3,3.0,3.25,EUR
CN-WDF01-000497,WDF01,PF02,AR90016,payfree,2026-04-27,3,3.0,3.25,EUR
CN-WDF01-000498,WDF01,PF02,AR90011,payfree,2026-03-26,3,3.0,3.25,EUR
CN-WDF01-000499,WDF01,PF02,AR90011,payfree,2026-05-19,3,3.0,3.25,EUR
CN-WDF01-000500,WDF01,PF02,AR90011,payfree,2026-05-30,3,3.0,3.25,EUR
CN-WDF01-000501,WDF01,PF02,AR00027,payfree,2026-03-31,3,4.0,4.8,EUR
CN-WDF01-000502,WDF01,PF02,AR00027,payfree,2026-05-03,3,4.0,4.8,EUR
CN-WDF01-000503,WDF01,PF02,AR00026,payfree,2026-03-28,3,4.0,4.8,EUR
CN-WDF01-000504,WDF01,PF02,AR00026,payfree,2026-04-09,3,4.0,4.8,EUR
CN-WDF01-000505,WDF01,PF02,SM0016,payfree,2026-06-01,4,6.0,9.56,EUR
CN-WDF01-000506,WDF01,PF02,AR90037,payfree,2026-05-13,3,3.0,4.5,EUR
CN-WDF01-000507,WDF01,PF02,AR90037,payfree,2026-05-26,3,3.0,4.5,EUR
CN-WDF01-000508,WDF01,PF02,AR00011,payfree,2026-02-18,3,3.0,3.0,EUR
CN-WDF01-000509,WDF01,PF02,AR00011,payfree,2026-04-24,3,3.0,3.0,EUR
CN-WDF01-000510,WDF01,PF02,AR00011,payfree,2026-06-08,3,3.0,3.0,EUR
CN-WDF01-000511,WDF01,PF02,AR00396,payfree,2026-03-23,3,4.0,8.8,EUR
CN-WDF01-000512,WDF01,PF02,AR00293,payfree,2026-01-13,4,4.0,8.8,EUR
CN-WDF01-000513,WDF01,PF02,AR00292,payfree,2026-06-27,4,4.0,8.8,EUR
CN-WDF01-000514,WDF01,PF02,AR00165,payfree,2026-02-13,2,2.0,7.6,EUR
CN-WDF01-000515,WDF01,PF02,AR00164,payfree,2026-06-29,2,2.0,7.6,EUR
CN-WDF01-000516,WDF01,PF02,AR00126,payfree,2026-06-12,4,4.0,7.6,EUR
CN-WDF01-000517,WDF01,PF02,AR00111,payfree,2026-03-12,3,3.0,7.5,EUR
CN-WDF01-000518,WDF01,PF02,AR00066,payfree,2026-06-24,3,3.0,7.5,EUR
CN-WDF01-000519,WDF01,PF02,AR00025,payfree,2026-06-12,2,3.0,7.5,EUR
CN-WDF01-000520,WDF01,PF02,AR00321,payfree,2026-01-15,3,3.0,3.6,EUR
CN-WDF01-000521,WDF01,PF02,AR00321,payfree,2026-06-13,3,3.0,3.6,EUR
CN-WDF01-000522,WDF01,PF02,AR00194,payfree,2026-01-09,4,4.0,7.2,EUR
CN-WDF01-000523,WDF01,PF02,AR00023,payfree,2026-01-13,4,4.0,7.2,EUR
CN-WDF01-000524,WDF01,PF02,AR00131,payfree,2026-02-25,1,1.0,6.9,EUR
CN-WDF01-000525,WDF01,PF02,AR90010,payfree,2026-04-25,3,3.0,6.6,EUR
CN-WDF01-000526,WDF01,PF02,AR00291,payfree,2026-06-26,3,3.0,6.6,EUR
CN-WDF01-000527,WDF01,PF02,AR00281,payfree,2026-03-06,2,2.0,6.5,EUR
CN-WDF01-000528,WDF01,PF02,AR90038,payfree,2026-06-01,4,4.0,6.0,EUR
CN-WDF01-000529,WDF01,PF02,AR90033,payfree,2026-01-31,5,5.0,6.0,EUR
CN-WDF01-000530,WDF01,PF02,AR00213,payfree,2026-07-02,5,5.0,6.0,EUR
CN-WDF01-000531,WDF01,PF02,AR00003,payfree,2026-01-09,3,3.0,3.0,EUR
CN-WDF01-000532,WDF01,PF02,AR00003,payfree,2026-02-28,3,3.0,3.0,EUR
CN-WDF01-000533,WDF01,PF02,SM0018,payfree,2026-04-19,2,2.0,5.92,EUR
CN-WDF01-000534,WDF01,PF02,AR00285,payfree,2026-06-14,2,2.0,5.9,EUR
CN-WDF01-000535,WDF01,PF02,AR00098,payfree,2026-04-08,1,1.0,5.75,EUR
CN-WDF01-000536,WDF01,PF02,AR00193,payfree,2026-06-23,4,4.0,5.6,EUR
CN-WDF01-000537,WDF01,PF02,AR00356,payfree,2026-07-03,1,1.0,5.5,EUR
CN-WDF01-000538,WDF01,PF02,AR00420,payfree,2026-06-27,1,2.0,5.2,EUR
CN-WDF01-000539,WDF01,PF02,AR00095,payfree,2026-01-17,1,2.0,5.2,EUR
CN-WDF01-000540,WDF01,PF02,AR90035,payfree,2026-02-24,3,3.0,5.1,EUR
CN-WDF01-000541,WDF01,PF02,AR00141,payfree,2026-05-13,1,2.0,5.0,EUR
CN-WDF01-000542,WDF01,PF02,AR00122,payfree,2026-04-28,2,2.0,5.0,EUR
CN-WDF01-000543,WDF01,PF02,AR00057,payfree,2026-06-13,2,2.0,5.0,EUR
CN-WDF01-000544,WDF01,PF02,AR00024,payfree,2026-03-29,2,2.0,5.0,EUR
CN-WDF01-000545,WDF01,PF02,AR00001,payfree,2026-03-14,5,5.0,5.0,EUR
CN-WDF01-000546,WDF01,PF02,AR90002,payfree,2026-01-08,4,3.1,0.25,EUR
CN-WDF01-000547,WDF01,PF02,AR90002,payfree,2026-01-10,4,3.1,0.25,EUR
CN-WDF01-000548,WDF01,PF02,AR90002,payfree,2026-01-18,3,3.1,0.25,EUR
CN-WDF01-000549,WDF01,PF02,AR90002,payfree,2026-01-20,3,3.1,0.25,EUR
CN-WDF01-000550,WDF01,PF02,AR90002,payfree,2026-02-25,3,3.1,0.25,EUR
CN-WDF01-000551,WDF01,PF02,AR90002,payfree,2026-03-11,3,3.1,0.25,EUR
CN-WDF01-000552,WDF01,PF02,AR90002,payfree,2026-03-22,3,3.1,0.25,EUR
CN-WDF01-000553,WDF01,PF02,AR90002,payfree,2026-03-24,3,3.1,0.25,EUR
CN-WDF01-000554,WDF01,PF02,AR90002,payfree,2026-04-11,3,3.1,0.25,EUR
CN-WDF01-000555,WDF01,PF02,AR90002,payfree,2026-04-15,3,3.1,0.25,EUR
CN-WDF01-000556,WDF01,PF02,AR90002,payfree,2026-04-20,3,3.1,0.25,EUR
CN-WDF01-000557,WDF01,PF02,AR90002,payfree,2026-05-05,3,3.1,0.25,EUR
CN-WDF01-000558,WDF01,PF02,AR90002,payfree,2026-05-09,3,3.1,0.25,EUR
CN-WDF01-000559,WDF01,PF02,AR90002,payfree,2026-05-14,3,3.1,0.25,EUR
CN-WDF01-000560,WDF01,PF02,AR90002,payfree,2026-05-15,3,3.1,0.25,EUR
CN-WDF01-000561,WDF01,PF02,AR90002,payfree,2026-05-20,3,3.1,0.25,EUR
CN-WDF01-000562,WDF01,PF02,AR90002,payfree,2026-05-21,3,3.1,0.25,EUR
CN-WDF01-000563,WDF01,PF02,AR90002,payfree,2026-06-07,3,3.1,0.25,EUR
CN-WDF01-000564,WDF01,PF02,AR90002,payfree,2026-06-11,3,3.1,0.25,EUR
CN-WDF01-000565,WDF01,PF02,AR90002,payfree,2026-06-23,3,3.1,0.25,EUR
CN-WDF01-000566,WDF01,PF02,AR90031,payfree,2026-04-06,4,4.0,4.8,EUR
CN-WDF01-000567,WDF01,PF02,AR90029,payfree,2026-05-04,3,3.0,4.8,EUR
CN-WDF01-000568,WDF01,PF02,AR00320,payfree,2026-01-13,4,4.0,4.8,EUR
CN-WDF01-000569,WDF01,PF02,AR00318,payfree,2026-02-24,4,4.0,4.8,EUR
CN-WDF01-000570,WDF01,PF02,AR00306,payfree,2026-01-21,1,1.0,4.7,EUR
CN-WDF01-000571,WDF01,PF02,AR00190,payfree,2026-01-11,3,3.0,4.5,EUR
CN-WDF01-000572,WDF01,PF02,SM0015,payfree,2026-03-28,2,4.0,4.47,EUR
CN-WDF01-000573,WDF01,PF02,AR00189,payfree,2026-06-27,2,2.0,4.4,EUR
CN-WDF01-000574,WDF01,PF02,AR00436,payfree,2026-06-07,1,1.0,4.35,EUR
CN-WDF01-000575,WDF01,PF02,AR00097,payfree,2026-03-18,1,1.0,4.3,EUR
CN-WDF01-000576,WDF01,PF02,AR90007,payfree,2026-02-10,3,3.0,4.2,EUR
CN-WDF01-000577,WDF01,PF02,AR90006,payfree,2026-05-16,3,3.0,4.2,EUR
CN-WDF01-000578,WDF01,PF02,AR00128,payfree,2026-04-05,1,1.0,4.0,EUR
CN-WDF01-000579,WDF01,PF02,AR00120,payfree,2026-03-26,2,2.0,4.0,EUR
CN-WDF01-000580,WDF01,PF02,AR00171,payfree,2026-02-05,1,1.0,3.95,EUR
CN-WDF01-000581,WDF01,PF02,AR00146,payfree,2026-04-09,1,1.0,3.95,EUR
CN-WDF01-000582,WDF01,PF02,AR00022,payfree,2026-03-19,1,1.0,3.9,EUR
CN-WDF01-000583,WDF01,PF02,AR00021,payfree,2026-05-03,1,1.0,3.9,EUR
CN-WDF01-000584,WDF01,PF02,AR00017,payfree,2026-02-25,1,1.0,3.9,EUR
CN-WDF01-000585,WDF01,PF02,AR00433,payfree,2026-03-13,1,1.0,3.89,EUR
CN-WDF01-000586,WDF01,PF02,AR00076,payfree,2026-01-28,1,1.0,3.85,EUR
CN-WDF01-000587,WDF01,PF02,AR00163,payfree,2026-01-12,1,1.0,3.8,EUR
CN-WDF01-000588,WDF01,PF02,AR00161,payfree,2026-04-02,1,1.0,3.8,EUR
CN-WDF01-000589,WDF01,PF02,AR00367,payfree,2026-02-26,1,1.0,3.75,EUR
CN-WDF01-000590,WDF01,PF02,AR00365,payfree,2026-03-29,1,1.0,3.75,EUR
CN-WDF01-000591,WDF01,PF02,AR00364,payfree,2026-06-25,1,1.0,3.75,EUR
CN-WDF01-000592,WDF01,PF02,AR00400,payfree,2026-01-30,3,3.0,3.6,EUR
CN-WDF01-000593,WDF01,PF02,AR00286,payfree,2026-02-16,2,3.0,3.6,EUR
CN-WDF01-000594,WDF01,PF02,AR00211,payfree,2026-06-09,3,3.0,3.6,EUR
CN-WDF01-000595,WDF01,PF02,AR00204,payfree,2026-01-30,2,2.0,3.6,EUR
CN-WDF01-000596,WDF01,PF02,AR00135,payfree,2026-04-26,1,1.0,3.5,EUR
CN-WDF01-000597,WDF01,PF02,AR00134,payfree,2026-01-13,1,1.0,3.5,EUR
CN-WDF01-000598,WDF01,PF02,IKA003,payfree,2026-01-13,1,1.0,3.49,EUR
CN-WDF01-000599,WDF01,PF02,AR90030,payfree,2026-02-11,2,2.0,3.2,EUR
CN-WDF01-000600,WDF01,PF02,AR90023,payfree,2026-02-14,2,2.0,3.2,EUR
CN-WDF01-000601,WDF01,PF02,AR00387,payfree,2026-03-27,1,1.0,3.0,EUR
CN-WDF01-000602,WDF01,PF02,AR00222,payfree,2026-03-10,3,3.0,3.0,EUR
CN-WDF01-000603,WDF01,PF02,AR00005,payfree,2026-04-09,2,3.0,3.0,EUR
CN-WDF01-000604,WDF01,PF02,AR00118,payfree,2026-03-25,1,1.0,2.95,EUR
CN-WDF01-000605,WDF01,PF02,AR00441,payfree,2026-02-16,1,1.0,2.79,EUR
CN-WDF01-000606,WDF01,PF02,AR00104,payfree,2026-03-03,1,1.0,2.6,EUR
CN-WDF01-000607,WDF01,PF02,AR00090,payfree,2026-03-23,2,2.0,2.6,EUR
CN-WDF01-000608,WDF01,PF02,AR00317,payfree,2026-03-01,1,1.0,2.5,EUR
CN-WDF01-000609,WDF01,PF02,AR00312,payfree,2026-01-17,1,1.0,2.5,EUR
CN-WDF01-000610,WDF01,PF02,AR00208,payfree,2026-02-10,3,5.0,2.5,EUR
CN-WDF01-000611,WDF01,PF02,AR00169,payfree,2026-04-07,1,1.0,2.5,EUR
CN-WDF01-000612,WDF01,PF02,AR00068,payfree,2026-06-06,1,1.0,2.5,EUR
CN-WDF01-000613,WDF01,PF02,AR00061,payfree,2026-01-27,1,1.0,2.5,EUR
CN-WDF01-000614,WDF01,PF02,AR00055,payfree,2026-04-29,1,1.0,2.5,EUR
CN-WDF01-000615,WDF01,PF02,IKA018,payfree,2026-04-23,1,1.0,2.49,EUR
CN-WDF01-000616,WDF01,PF02,AR00086,payfree,2026-04-11,1,1.0,2.47,EUR
CN-WDF01-000617,WDF01,PF02,AR00405,payfree,2026-01-13,2,2.0,2.4,EUR
CN-WDF01-000618,WDF01,PF02,AR00403,payfree,2026-04-24,2,2.0,2.4,EUR
CN-WDF01-000619,WDF01,PF02,AR00402,payfree,2026-05-11,2,2.0,2.4,EUR
CN-WDF01-000620,WDF01,PF02,AR00322,payfree,2026-03-30,2,2.0,2.4,EUR
CN-WDF01-000621,WDF01,PF02,AR00386,payfree,2026-05-30,1,1.0,2.0,EUR
CN-WDF01-000622,WDF01,PF02,IKA011,payfree,2026-03-02,1,1.0,1.99,EUR
CN-WDF01-000623,WDF01,PF02,AR00219,payfree,2026-04-02,1,1.0,1.9,EUR
CN-WDF01-000624,WDF01,PF02,AR00101,payfree,2026-01-21,1,1.0,1.9,EUR
CN-WDF01-000625,WDF01,PF02,AR00191,payfree,2026-05-11,1,1.0,1.8,EUR
CN-WDF01-000626,WDF01,PF02,AR90051,payfree,2026-05-17,1,1.0,1.6,EUR
CN-WDF01-000627,WDF01,PF02,AR00087,payfree,2026-05-10,1,1.0,1.5,EUR
CN-WDF01-000628,WDF01,PF02,AR00223,payfree,2026-02-17,2,2.0,1.4,EUR
CN-WDF01-000629,WDF01,PF02,AR90025,payfree,2026-02-21,1,1.0,1.2,EUR
CN-WDF01-000630,WDF01,PF02,AR00404,payfree,2026-06-03,1,1.0,1.2,EUR
CN-WDF01-000631,WDF01,PF02,AR00401,payfree,2026-06-11,1,1.0,1.2,EUR
CN-WDF01-000632,WDF01,PF02,SM0015,payfree,2026-06-10,2,2.0,1.08,EUR
CN-WDF01-000633,WDF01,PF02,AR00214,payfree,2026-05-31,1,1.0,1.0,EUR
CN-WDF01-000634,WDF01,PF02,AR00004,payfree,2026-04-03,2,2.0,1.0,EUR
CN-WDF01-000635,WDF01,PF02,IKA005,payfree,2026-04-13,1,1.0,0.99,EUR
CN-WDF01-000636,WDF01,SM01,AR90013,smart,2026-01-01,4,3.031,3.23,EUR
CN-WDF01-000637,WDF01,SM01,AR90013,smart,2026-01-20,3,3.031,3.23,EUR
CN-WDF01-000638,WDF01,SM01,AR90013,smart,2026-01-22,3,3.031,3.23,EUR
CN-WDF01-000639,WDF01,SM01,AR90013,smart,2026-01-24,3,3.031,3.23,EUR
CN-WDF01-000640,WDF01,SM01,AR90013,smart,2026-01-27,3,3.031,3.23,EUR
CN-WDF01-000641,WDF01,SM01,AR90013,smart,2026-01-30,3,3.031,3.23,EUR
CN-WDF01-000642,WDF01,SM01,AR90013,smart,2026-02-05,3,3.031,3.23,EUR
CN-WDF01-000643,WDF01,SM01,AR90013,smart,2026-02-08,3,3.031,3.23,EUR
CN-WDF01-000644,WDF01,SM01,AR90013,smart,2026-02-09,3,3.031,3.23,EUR
CN-WDF01-000645,WDF01,SM01,AR90013,smart,2026-02-12,3,3.031,3.23,EUR
CN-WDF01-000646,WDF01,SM01,AR90013,smart,2026-02-22,3,3.031,3.23,EUR
CN-WDF01-000647,WDF01,SM01,AR90013,smart,2026-02-23,3,3.031,3.23,EUR
CN-WDF01-000648,WDF01,SM01,AR90013,smart,2026-02-24,3,3.031,3.23,EUR
CN-WDF01-000649,WDF01,SM01,AR90013,smart,2026-02-26,3,3.031,3.23,EUR
CN-WDF01-000650,WDF01,SM01,AR90013,smart,2026-02-28,3,3.031,3.23,EUR
CN-WDF01-000651,WDF01,SM01,AR90013,smart,2026-03-09,3,3.031,3.23,EUR
CN-WDF01-000652,WDF01,SM01,AR90013,smart,2026-03-11,3,3.031,3.23,EUR
CN-WDF01-000653,WDF01,SM01,AR90013,smart,2026-03-28,3,3.031,3.23,EUR
CN-WDF01-000654,WDF01,SM01,AR90013,smart,2026-03-30,3,3.031,3.23,EUR
CN-WDF01-000655,WDF01,SM01,AR90013,smart,2026-04-15,3,3.031,3.23,EUR
CN-WDF01-000656,WDF01,SM01,AR90013,smart,2026-04-17,3,3.031,3.23,EUR
CN-WDF01-000657,WDF01,SM01,AR90013,smart,2026-04-19,3,3.031,3.23,EUR
CN-WDF01-000658,WDF01,SM01,AR90013,smart,2026-04-20,3,3.031,3.23,EUR
CN-WDF01-000659,WDF01,SM01,AR90013,smart,2026-05-09,3,3.031,3.23,EUR
CN-WDF01-000660,WDF01,SM01,AR90013,smart,2026-05-15,3,3.031,3.23,EUR
CN-WDF01-000661,WDF01,SM01,AR90013,smart,2026-05-16,3,3.031,3.23,EUR
CN-WDF01-000662,WDF01,SM01,AR90013,smart,2026-05-21,3,3.031,3.23,EUR
CN-WDF01-000663,WDF01,SM01,AR90013,smart,2026-05-22,3,3.031,3.23,EUR
CN-WDF01-000664,WDF01,SM01,AR90013,smart,2026-06-12,3,3.031,3.23,EUR
CN-WDF01-000665,WDF01,SM01,AR90013,smart,2026-06-22,3,3.031,3.23,EUR
CN-WDF01-000666,WDF01,SM01,AR90013,smart,2026-06-23,3,3.031,3.23,EUR
CN-WDF01-000667,WDF01,SM01,AR90013,smart,2026-06-25,3,3.031,3.23,EUR
CN-WDF01-000668,WDF01,SM01,SM0018,smart,2026-06-07,3,3.0,59.7,EUR
CN-WDF01-000669,WDF01,SM01,AR90004,smart,2026-01-01,5,4.133,1.03,EUR
CN-WDF01-000670,WDF01,SM01,AR90004,smart,2026-01-13,5,4.133,1.03,EUR
CN-WDF01-000671,WDF01,SM01,AR90004,smart,2026-01-16,5,4.133,1.03,EUR
CN-WDF01-000672,WDF01,SM01,AR90004,smart,2026-01-31,5,4.133,1.03,EUR
CN-WDF01-000673,WDF01,SM01,AR90004,smart,2026-02-02,5,4.133,1.03,EUR
CN-WDF01-000674,WDF01,SM01,AR90004,smart,2026-02-07,5,4.133,1.03,EUR
CN-WDF01-000675,WDF01,SM01,AR90004,smart,2026-02-08,4,4.133,1.03,EUR
CN-WDF01-000676,WDF01,SM01,AR90004,smart,2026-02-10,4,4.133,1.03,EUR
CN-WDF01-000677,WDF01,SM01,AR90004,smart,2026-02-11,4,4.133,1.03,EUR
CN-WDF01-000678,WDF01,SM01,AR90004,smart,2026-02-12,4,4.133,1.03,EUR
CN-WDF01-000679,WDF01,SM01,AR90004,smart,2026-02-24,4,4.133,1.03,EUR
CN-WDF01-000680,WDF01,SM01,AR90004,smart,2026-02-25,4,4.133,1.03,EUR
CN-WDF01-000681,WDF01,SM01,AR90004,smart,2026-03-03,4,4.133,1.03,EUR
CN-WDF01-000682,WDF01,SM01,AR90004,smart,2026-03-09,4,4.133,1.03,EUR
CN-WDF01-000683,WDF01,SM01,AR90004,smart,2026-03-14,4,4.133,1.03,EUR
CN-WDF01-000684,WDF01,SM01,AR90004,smart,2026-03-16,4,4.133,1.03,EUR
CN-WDF01-000685,WDF01,SM01,AR90004,smart,2026-03-18,4,4.133,1.03,EUR
CN-WDF01-000686,WDF01,SM01,AR90004,smart,2026-03-20,4,4.133,1.03,EUR
CN-WDF01-000687,WDF01,SM01,AR90004,smart,2026-03-22,4,4.133,1.03,EUR
CN-WDF01-000688,WDF01,SM01,AR90004,smart,2026-03-25,4,4.133,1.03,EUR
CN-WDF01-000689,WDF01,SM01,AR90004,smart,2026-03-26,4,4.133,1.03,EUR
CN-WDF01-000690,WDF01,SM01,AR90004,smart,2026-03-29,4,4.133,1.03,EUR
CN-WDF01-000691,WDF01,SM01,AR90004,smart,2026-03-31,4,4.133,1.03,EUR
CN-WDF01-000692,WDF01,SM01,AR90004,smart,2026-04-01,4,4.133,1.03,EUR
CN-WDF01-000693,WDF01,SM01,AR90004,smart,2026-04-02,4,4.133,1.03,EUR
CN-WDF01-000694,WDF01,SM01,AR90004,smart,2026-04-03,4,4.133,1.03,EUR
CN-WDF01-000695,WDF01,SM01,AR90004,smart,2026-04-13,4,4.133,1.03,EUR
CN-WDF01-000696,WDF01,SM01,AR90004,smart,2026-04-16,4,4.133,1.03,EUR
CN-WDF01-000697,WDF01,SM01,AR90004,smart,2026-04-21,4,4.133,1.03,EUR
CN-WDF01-000698,WDF01,SM01,AR90004,smart,2026-04-24,4,4.133,1.03,EUR
CN-WDF01-000699,WDF01,SM01,AR90004,smart,2026-04-27,4,4.133,1.03,EUR
CN-WDF01-000700,WDF01,SM01,AR90004,smart,2026-05-09,4,4.133,1.03,EUR
CN-WDF01-000701,WDF01,SM01,AR90004,smart,2026-05-13,4,4.133,1.03,EUR
CN-WDF01-000702,WDF01,SM01,AR90004,smart,2026-05-16,4,4.133,1.03,EUR
CN-WDF01-000703,WDF01,SM01,AR90004,smart,2026-05-26,4,4.133,1.03,EUR
CN-WDF01-000704,WDF01,SM01,AR90004,smart,2026-05-27,4,4.133,1.03,EUR
CN-WDF01-000705,WDF01,SM01,AR90004,smart,2026-05-30,4,4.133,1.03,EUR
CN-WDF01-000706,WDF01,SM01,AR90004,smart,2026-06-09,4,4.133,1.03,EUR
CN-WDF01-000707,WDF01,SM01,AR90004,smart,2026-06-12,4,4.133,1.03,EUR
CN-WDF01-000708,WDF01,SM01,AR90004,smart,2026-06-14,4,4.133,1.03,EUR
CN-WDF01-000709,WDF01,SM01,AR90004,smart,2026-06-16,4,4.133,1.03,EUR
CN-WDF01-000710,WDF01,SM01,AR90004,smart,2026-06-22,4,4.133,1.03,EUR
CN-WDF01-000711,WDF01,SM01,AR90004,smart,2026-06-24,4,4.133,1.03,EUR
CN-WDF01-000712,WDF01,SM01,AR90004,smart,2026-06-26,4,4.133,1.03,EUR
CN-WDF01-000713,WDF01,SM01,AR90004,smart,2026-06-28,4,4.133,1.03,EUR
CN-WDF01-000714,WDF01,SM01,AR00081,smart,2026-01-12,4,3.167,6.29,EUR
CN-WDF01-000715,WDF01,SM01,AR00081,smart,2026-02-18,3,3.167,6.29,EUR
CN-WDF01-000716,WDF01,SM01,AR00081,smart,2026-02-22,3,3.167,6.29,EUR
CN-WDF01-000717,WDF01,SM01,AR00081,smart,2026-05-11,3,3.167,6.29,EUR
CN-WDF01-000718,WDF01,SM01,AR00081,smart,2026-06-07,3,3.167,6.29,EUR
CN-WDF01-000719,WDF01,SM01,AR00081,smart,2026-06-30,3,3.167,6.29,EUR
CN-WDF01-000720,WDF01,SM01,AR00080,smart,2026-01-05,3,3.0,6.3,EUR
CN-WDF01-000721,WDF01,SM01,AR00080,smart,2026-01-09,3,3.0,6.3,EUR
CN-WDF01-000722,WDF01,SM01,AR00080,smart,2026-02-20,3,3.0,6.3,EUR
CN-WDF01-000723,WDF01,SM01,AR00080,smart,2026-04-03,3,3.0,6.3,EUR
CN-WDF01-000724,WDF01,SM01,AR00080,smart,2026-04-13,3,3.0,6.3,EUR
CN-WDF01-000725,WDF01,SM01,AR00149,smart,2026-02-05,4,3.5,15.37,EUR
CN-WDF01-000726,WDF01,SM01,AR00149,smart,2026-06-17,3,3.5,15.37,EUR
CN-WDF01-000727,WDF01,SM01,SM0017,smart,2026-03-12,2,2.0,29.8,EUR
CN-WDF01-000728,WDF01,SM01,AR00115,smart,2026-03-04,4,4.0,14.0,EUR
CN-WDF01-000729,WDF01,SM01,AR00115,smart,2026-06-28,4,4.0,14.0,EUR
CN-WDF01-000730,WDF01,SM01,AR90054,smart,2026-02-19,4,3.286,3.52,EUR
CN-WDF01-000731,WDF01,SM01,AR90054,smart,2026-03-15,4,3.286,3.52,EUR
CN-WDF01-000732,WDF01,SM01,AR90054,smart,2026-03-17,3,3.286,3.52,EUR
CN-WDF01-000733,WDF01,SM01,AR90054,smart,2026-03-22,3,3.286,3.52,EUR
CN-WDF01-000734,WDF01,SM01,AR90054,smart,2026-05-04,3,3.286,3.52,EUR
CN-WDF01-000735,WDF01,SM01,AR90054,smart,2026-05-08,3,3.286,3.52,EUR
CN-WDF01-000736,WDF01,SM01,AR90054,smart,2026-06-03,3,3.286,3.52,EUR
CN-WDF01-000737,WDF01,SM01,AR00454,smart,2026-04-17,4,3.5,10.15,EUR
CN-WDF01-000738,WDF01,SM01,AR00454,smart,2026-06-26,3,3.5,10.15,EUR
CN-WDF01-000739,WDF01,SM01,AR00094,smart,2026-01-08,4,3.105,0.93,EUR
CN-WDF01-000740,WDF01,SM01,AR00094,smart,2026-01-29,4,3.105,0.93,EUR
CN-WDF01-000741,WDF01,SM01,AR00094,smart,2026-01-30,3,3.105,0.93,EUR
CN-WDF01-000742,WDF01,SM01,AR00094,smart,2026-03-01,3,3.105,0.93,EUR
CN-WDF01-000743,WDF01,SM01,AR00094,smart,2026-03-12,3,3.105,0.93,EUR
CN-WDF01-000744,WDF01,SM01,AR00094,smart,2026-03-22,3,3.105,0.93,EUR
CN-WDF01-000745,WDF01,SM01,AR00094,smart,2026-03-23,3,3.105,0.93,EUR
CN-WDF01-000746,WDF01,SM01,AR00094,smart,2026-03-27,3,3.105,0.93,EUR
CN-WDF01-000747,WDF01,SM01,AR00094,smart,2026-03-30,3,3.105,0.93,EUR
CN-WDF01-000748,WDF01,SM01,AR00094,smart,2026-04-05,3,3.105,0.93,EUR
CN-WDF01-000749,WDF01,SM01,AR00094,smart,2026-04-10,3,3.105,0.93,EUR
CN-WDF01-000750,WDF01,SM01,AR00094,smart,2026-04-29,3,3.105,0.93,EUR
CN-WDF01-000751,WDF01,SM01,AR00094,smart,2026-05-01,3,3.105,0.93,EUR
CN-WDF01-000752,WDF01,SM01,AR00094,smart,2026-05-06,3,3.105,0.93,EUR
CN-WDF01-000753,WDF01,SM01,AR00094,smart,2026-05-18,3,3.105,0.93,EUR
CN-WDF01-000754,WDF01,SM01,AR00094,smart,2026-05-26,3,3.105,0.93,EUR
CN-WDF01-000755,WDF01,SM01,AR00094,smart,2026-05-30,3,3.105,0.93,EUR
CN-WDF01-000756,WDF01,SM01,AR00094,smart,2026-06-02,3,3.105,0.93,EUR
CN-WDF01-000757,WDF01,SM01,AR00094,smart,2026-06-05,3,3.105,0.93,EUR
CN-WDF01-000758,WDF01,SM01,AR90019,smart,2026-01-20,3,3.0,5.85,EUR
CN-WDF01-000759,WDF01,SM01,AR90019,smart,2026-04-07,3,3.0,5.85,EUR
CN-WDF01-000760,WDF01,SM01,AR90019,smart,2026-04-24,3,3.0,5.85,EUR
CN-WDF01-000761,WDF01,SM01,AR00331,smart,2026-06-29,1,1.0,16.57,EUR
CN-WDF01-000762,WDF01,SM01,AR90055,smart,2026-01-10,4,3.4,3.22,EUR
CN-WDF01-000763,WDF01,SM01,AR90055,smart,2026-01-31,4,3.4,3.22,EUR
CN-WDF01-000764,WDF01,SM01,AR90055,smart,2026-03-27,3,3.4,3.22,EUR
CN-WDF01-000765,WDF01,SM01,AR90055,smart,2026-05-31,3,3.4,3.22,EUR
CN-WDF01-000766,WDF01,SM01,AR90055,smart,2026-06-16,3,3.4,3.22,EUR
CN-WDF01-000767,WDF01,SM01,AR00017,smart,2026-04-14,4,4.0,15.6,EUR
CN-WDF01-000768,WDF01,SM01,AR00448,smart,2026-06-17,4,4.0,15.56,EUR
CN-WDF01-000769,WDF01,SM01,AR00088,smart,2026-02-12,4,3.5,7.7,EUR
CN-WDF01-000770,WDF01,SM01,AR00088,smart,2026-06-23,3,3.5,7.7,EUR
CN-WDF01-000771,WDF01,SM01,AR00432,smart,2026-05-07,4,4.0,14.0,EUR
CN-WDF01-000772,WDF01,SM01,AR00025,smart,2026-03-10,5,5.0,12.5,EUR
CN-WDF01-000773,WDF01,SM01,SM0016,smart,2026-01-15,4,3.5,6.17,EUR
CN-WDF01-000774,WDF01,SM01,SM0016,smart,2026-01-22,3,3.5,6.17,EUR
CN-WDF01-000775,WDF01,SM01,AR00278,smart,2026-02-04,1,1.0,11.9,EUR
CN-WDF01-000776,WDF01,SM01,AR00394,smart,2026-01-18,4,4.0,11.6,EUR
CN-WDF01-000777,WDF01,SM01,AR90012,smart,2026-03-30,3,3.0,3.81,EUR
CN-WDF01-000778,WDF01,SM01,AR90012,smart,2026-06-16,3,3.0,3.81,EUR
CN-WDF01-000779,WDF01,SM01,AR90012,smart,2026-06-18,3,3.0,3.81,EUR
CN-WDF01-000780,WDF01,SM01,SM0015,smart,2026-02-19,4,3.5,5.32,EUR
CN-WDF01-000781,WDF01,SM01,SM0015,smart,2026-06-10,3,3.5,5.32,EUR
CN-WDF01-000782,WDF01,SM01,AR90016,smart,2026-01-17,4,4.0,5.09,EUR
CN-WDF01-000783,WDF01,SM01,AR90016,smart,2026-02-27,4,4.0,5.09,EUR
CN-WDF01-000784,WDF01,SM01,AR00147,smart,2026-03-03,2,2.0,9.31,EUR
CN-WDF01-000785,WDF01,SM01,AR90039,smart,2026-01-01,3,3.0,4.5,EUR
CN-WDF01-000786,WDF01,SM01,AR90039,smart,2026-02-08,3,3.0,4.5,EUR
CN-WDF01-000787,WDF01,SM01,AR00189,smart,2026-01-09,4,4.0,8.8,EUR
CN-WDF01-000788,WDF01,SM01,AR00453,smart,2026-03-19,4,4.0,8.4,EUR
CN-WDF01-000789,WDF01,SM01,AR90011,smart,2026-01-19,3,3.0,2.68,EUR
CN-WDF01-000790,WDF01,SM01,AR90011,smart,2026-01-27,3,3.0,2.68,EUR
CN-WDF01-000791,WDF01,SM01,AR90011,smart,2026-03-27,3,3.0,2.68,EUR
CN-WDF01-000792,WDF01,SM01,SM0017,smart,2026-03-24,4,4.0,7.96,EUR
CN-WDF01-000793,WDF01,SM01,AR00365,smart,2026-02-23,2,2.0,7.5,EUR
CN-WDF01-000794,WDF01,SM01,AR00187,smart,2026-04-12,3,3.0,7.5,EUR
CN-WDF01-000795,WDF01,SM01,AR00053,smart,2026-02-21,2,2.0,6.8,EUR
CN-WDF01-000796,WDF01,SM01,AR90014,smart,2026-05-31,5,5.0,6.79,EUR
CN-WDF01-000797,WDF01,SM01,AR00407,smart,2026-04-09,2,2.0,6.4,EUR
CN-WDF01-000798,WDF01,SM01,AR90015,smart,2026-04-17,5,5.0,6.36,EUR
CN-WDF01-000799,WDF01,SM01,AR00283,smart,2026-06-24,2,2.0,5.9,EUR
CN-WDF01-000800,WDF01,SM01,AR00188,smart,2026-03-23,3,3.0,5.4,EUR
CN-WDF01-000801,WDF01,SM01,AR00013,smart,2026-03-31,3,3.0,5.4,EUR
CN-WDF01-000802,WDF01,SM01,AR00008,smart,2026-03-04,3,3.0,5.4,EUR
CN-WDF01-000803,WDF01,SM01,AR90034,smart,2026-05-08,3,3.0,5.1,EUR
CN-WDF01-000804,WDF01,SM01,AR00241,smart,2026-02-10,2,2.0,5.0,EUR
CN-WDF01-000805,WDF01,SM01,AR00035,smart,2026-04-01,2,2.0,5.0,EUR
CN-WDF01-000806,WDF01,SM01,AR00086,smart,2026-05-20,1,1.0,4.95,EUR
CN-WDF01-000807,WDF01,SM01,AR00117,smart,2026-04-13,2,2.0,4.2,EUR
CN-WDF01-000808,WDF01,SM01,AR00128,smart,2026-06-11,1,1.0,4.0,EUR
CN-WDF01-000809,WDF01,SM01,AR00152,smart,2026-01-17,1,1.0,3.95,EUR
CN-WDF01-000810,WDF01,SM01,AR00344,smart,2026-03-19,1,1.0,3.9,EUR
CN-WDF01-000811,WDF01,SM01,AR90042,smart,2026-03-17,2,2.0,3.8,EUR
CN-WDF01-000812,WDF01,SM01,AR00219,smart,2026-05-05,2,2.0,3.8,EUR
CN-WDF01-000813,WDF01,SM01,AR00165,smart,2026-01-28,1,1.0,3.8,EUR
CN-WDF01-000814,WDF01,SM01,AR00164,smart,2026-02-14,1,1.0,3.8,EUR
CN-WDF01-000815,WDF01,SM01,AR00161,smart,2026-01-24,1,1.0,3.8,EUR
CN-WDF01-000816,WDF01,SM01,AR00062,smart,2026-07-02,2,2.0,3.8,EUR
CN-WDF01-000817,WDF01,SM01,AR00364,smart,2026-02-02,1,1.0,3.75,EUR
CN-WDF01-000818,WDF01,SM01,AR00107,smart,2026-01-05,1,1.0,3.7,EUR
CN-WDF01-000819,WDF01,SM01,AR00213,smart,2026-01-03,3,3.0,3.6,EUR
CN-WDF01-000820,WDF01,SM01,AR00119,smart,2026-05-16,1,1.0,3.5,EUR
CN-WDF01-000821,WDF01,SM01,AR90041,smart,2026-04-29,2,2.0,3.4,EUR
CN-WDF01-000822,WDF01,SM01,AR00040,smart,2026-02-25,1,1.0,3.3,EUR
CN-WDF01-000823,WDF01,SM01,AR00382,smart,2026-06-13,1,1.0,3.25,EUR
CN-WDF01-000824,WDF01,SM01,AR90029,smart,2026-05-18,2,2.0,3.2,EUR
CN-WDF01-000825,WDF01,SM01,AR00212,smart,2026-05-10,1,1.0,3.2,EUR
CN-WDF01-000826,WDF01,SM01,AR00108,smart,2026-04-15,1,1.0,3.0,EUR
CN-WDF01-000827,WDF01,SM01,AR00285,smart,2026-01-10,1,1.0,2.95,EUR
CN-WDF01-000828,WDF01,SM01,AR00282,smart,2026-02-15,1,1.0,2.95,EUR
CN-WDF01-000829,WDF01,SM01,AR00136,smart,2026-05-02,1,1.0,2.7,EUR
CN-WDF01-000830,WDF01,SM01,AR00090,smart,2026-02-03,2,2.0,2.6,EUR
CN-WDF01-000831,WDF01,SM01,AR00395,smart,2026-01-04,1,1.0,2.5,EUR
CN-WDF01-000832,WDF01,SM01,AR00244,smart,2026-04-11,1,1.0,2.5,EUR
CN-WDF01-000833,WDF01,SM01,AR00242,smart,2026-03-23,1,1.0,2.5,EUR
CN-WDF01-000834,WDF01,SM01,AR00203,smart,2026-04-17,1,1.0,2.5,EUR
CN-WDF01-000835,WDF01,SM01,AR00288,smart,2026-04-27,1,1.0,2.4,EUR
CN-WDF01-000836,WDF01,SM01,AR00438,smart,2026-05-12,1,1.0,2.35,EUR
CN-WDF01-000837,WDF01,SM01,AR00398,smart,2026-06-15,1,1.0,2.35,EUR
CN-WDF01-000838,WDF01,SM01,AR00396,smart,2026-05-25,1,1.0,2.2,EUR
CN-WDF01-000839,WDF01,SM01,AR00294,smart,2026-06-10,1,1.0,2.2,EUR
CN-WDF01-000840,WDF01,SM01,AR00291,smart,2026-05-05,1,1.0,2.2,EUR
CN-WDF01-000841,WDF01,SM01,AR90053,smart,2026-02-06,1,1.0,2.0,EUR
CN-WDF01-000842,WDF01,SM01,AR00198,smart,2026-05-20,1,1.0,2.0,EUR
CN-WDF01-000843,WDF01,SM01,AR00109,smart,2026-05-19,1,1.0,2.0,EUR
CN-WDF01-000844,WDF01,SM01,AR00084,smart,2026-04-09,1,1.0,2.0,EUR
CN-WDF01-000845,WDF01,SM01,AR00010,smart,2026-04-10,2,2.0,2.0,EUR
CN-WDF01-000846,WDF01,SM01,AR90018,smart,2026-06-02,1,1.0,1.95,EUR
CN-WDF01-000847,WDF01,SM01,AR00240,smart,2026-03-10,1,1.0,1.9,EUR
CN-WDF01-000848,WDF01,SM01,AR00126,smart,2026-05-05,1,1.0,1.9,EUR
CN-WDF01-000849,WDF01,SM01,AR00113,smart,2026-04-29,1,1.0,1.9,EUR
CN-WDF01-000850,WDF01,SM01,AR00101,smart,2026-04-02,1,1.0,1.9,EUR
CN-WDF01-000851,WDF01,SM01,AR90003,smart,2026-03-10,3,3.0,0.45,EUR
CN-WDF01-000852,WDF01,SM01,AR90003,smart,2026-03-26,3,3.0,0.45,EUR
CN-WDF01-000853,WDF01,SM01,AR90003,smart,2026-03-31,3,3.0,0.45,EUR
CN-WDF01-000854,WDF01,SM01,AR90003,smart,2026-05-20,3,3.0,0.45,EUR
CN-WDF01-000855,WDF01,SM01,AR90040,smart,2026-02-01,1,1.0,1.7,EUR
CN-WDF01-000856,WDF01,SM01,AR90035,smart,2026-05-22,1,1.0,1.7,EUR
CN-WDF01-000857,WDF01,SM01,AR90050,smart,2026-06-28,1,1.0,1.6,EUR
CN-WDF01-000858,WDF01,SM01,SM0016,smart,2026-03-24,1,1.0,1.59,EUR
CN-WDF01-000859,WDF01,SM01,AR00087,smart,2026-05-31,1,1.0,1.5,EUR
CN-WDF01-000860,WDF01,SM01,AR00004,smart,2026-01-22,3,3.0,1.5,EUR
CN-WDF01-000861,WDF01,SM01,AR90008,smart,2026-01-07,1,1.0,1.4,EUR
CN-WDF01-000862,WDF01,SM01,AR90007,smart,2026-03-01,1,1.0,1.4,EUR
CN-WDF01-000863,WDF01,SM01,AR00176,smart,2026-04-19,1,1.0,1.4,EUR
CN-WDF01-000864,WDF01,SM01,AR00129,smart,2026-03-26,1,1.0,1.4,EUR
CN-WDF01-000865,WDF01,SM01,AR00114,smart,2026-03-26,1,1.0,1.4,EUR
CN-WDF01-000866,WDF01,SM01,SM0015,smart,2026-02-26,1,1.0,1.29,EUR
CN-WDF01-000867,WDF01,SM01,AR90033,smart,2026-04-14,1,1.0,1.2,EUR
CN-WDF01-000868,WDF01,SM01,AR00401,smart,2026-06-01,1,1.0,1.2,EUR
CN-WDF01-000869,WDF01,SM01,AR00321,smart,2026-02-08,1,1.0,1.2,EUR
CN-WDF01-000870,WDF01,SM01,AR00319,smart,2026-02-06,1,1.0,1.2,EUR
CN-WDF01-000871,WDF01,SM01,AR00318,smart,2026-06-22,1,1.0,1.2,EUR
CN-WDF01-000872,WDF01,SM01,AR00211,smart,2026-03-23,1,1.0,1.2,EUR
CN-WDF01-000873,WDF01,SM01,AR00220,smart,2026-01-27,1,1.0,1.0,EUR
CN-WDF01-000874,WDF01,SM01,AR00209,smart,2026-03-01,2,2.0,1.0,EUR
CN-WDF01-000875,WDF01,SM01,AR00207,smart,2026-06-22,1,1.0,1.0,EUR
CN-WDF01-000876,WDF01,SM01,AR00039,smart,2026-03-20,1,1.0,1.0,EUR
CN-WDF01-000877,WDF01,SM01,AR00011,smart,2026-04-06,1,1.0,1.0,EUR
CN-WDF01-000878,WDF01,SM01,AR00009,smart,2026-02-18,1,1.0,1.0,EUR
CN-WDF01-000879,WDF01,SM01,SM0014,smart,2026-04-06,1,1.0,0.99,EUR
CN-WDF01-000880,WDF01,SM01,AR90002,smart,2026-02-22,4,3.5,0.28,EUR
CN-WDF01-000881,WDF01,SM01,AR90002,smart,2026-05-04,3,3.5,0.28,EUR
CN-WDF01-000882,WDF01,MOB1,AR00027,-,2026-01-06,4,3.031,3.64,EUR
CN-WDF01-000883,WDF01,MOB1,AR00027,-,2026-01-10,3,3.031,3.64,EUR
CN-WDF01-000884,WDF01,MOB1,AR00027,-,2026-01-26,3,3.031,3.64,EUR
CN-WDF01-000885,WDF01,MOB1,AR00027,-,2026-01-30,3,3.031,3.64,EUR
CN-WDF01-000886,WDF01,MOB1,AR00027,-,2026-02-04,3,3.031,3.64,EUR
CN-WDF01-000887,WDF01,MOB1,AR00027,-,2026-02-10,3,3.031,3.64,EUR
CN-WDF01-000888,WDF01,MOB1,AR00027,-,2026-02-11,3,3.031,3.64,EUR
CN-WDF01-000889,WDF01,MOB1,AR00027,-,2026-02-19,3,3.031,3.64,EUR
CN-WDF01-000890,WDF01,MOB1,AR00027,-,2026-03-01,3,3.031,3.64,EUR
CN-WDF01-000891,WDF01,MOB1,AR00027,-,2026-03-06,3,3.031,3.64,EUR
CN-WDF01-000892,WDF01,MOB1,AR00027,-,2026-03-23,3,3.031,3.64,EUR
CN-WDF01-000893,WDF01,MOB1,AR00027,-,2026-04-01,3,3.031,3.64,EUR
CN-WDF01-000894,WDF01,MOB1,AR00027,-,2026-04-10,3,3.031,3.64,EUR
CN-WDF01-000895,WDF01,MOB1,AR00027,-,2026-04-12,3,3.031,3.64,EUR
CN-WDF01-000896,WDF01,MOB1,AR00027,-,2026-04-15,3,3.031,3.64,EUR
CN-WDF01-000897,WDF01,MOB1,AR00027,-,2026-04-22,3,3.031,3.64,EUR
CN-WDF01-000898,WDF01,MOB1,AR00027,-,2026-04-25,3,3.031,3.64,EUR
CN-WDF01-000899,WDF01,MOB1,AR00027,-,2026-05-03,3,3.031,3.64,EUR
CN-WDF01-000900,WDF01,MOB1,AR00027,-,2026-05-07,3,3.031,3.64,EUR
CN-WDF01-000901,WDF01,MOB1,AR00027,-,2026-05-10,3,3.031,3.64,EUR
CN-WDF01-000902,WDF01,MOB1,AR00027,-,2026-05-17,3,3.031,3.64,EUR
CN-WDF01-000903,WDF01,MOB1,AR00027,-,2026-05-18,3,3.031,3.64,EUR
CN-WDF01-000904,WDF01,MOB1,AR00027,-,2026-05-22,3,3.031,3.64,EUR
CN-WDF01-000905,WDF01,MOB1,AR00027,-,2026-05-29,3,3.031,3.64,EUR
CN-WDF01-000906,WDF01,MOB1,AR00027,-,2026-06-01,3,3.031,3.64,EUR
CN-WDF01-000907,WDF01,MOB1,AR00027,-,2026-06-05,3,3.031,3.64,EUR
CN-WDF01-000908,WDF01,MOB1,AR00027,-,2026-06-09,3,3.031,3.64,EUR
CN-WDF01-000909,WDF01,MOB1,AR00027,-,2026-06-12,3,3.031,3.64,EUR
CN-WDF01-000910,WDF01,MOB1,AR00027,-,2026-06-15,3,3.031,3.64,EUR
CN-WDF01-000911,WDF01,MOB1,AR00027,-,2026-06-17,3,3.031,3.64,EUR
CN-WDF01-000912,WDF01,MOB1,AR00027,-,2026-06-27,3,3.031,3.64,EUR
CN-WDF01-000913,WDF01,MOB1,AR00027,-,2026-06-30,3,3.031,3.64,EUR
CN-WDF01-000914,WDF01,MOB1,AR00271,-,2026-06-17,3,3.0,81.0,EUR
CN-WDF01-000915,WDF01,MOB1,AR00160,-,2026-05-15,5,5.0,19.0,EUR
CN-WDF01-000916,WDF01,MOB1,AR90021,-,2026-03-06,3,3.0,14.7,EUR
CN-WDF01-000917,WDF01,MOB1,AR00394,-,2026-05-04,5,5.0,14.5,EUR
CN-WDF01-000918,WDF01,MOB1,AR00088,-,2026-02-09,3,3.0,6.6,EUR
CN-WDF01-000919,WDF01,MOB1,AR00088,-,2026-03-15,3,3.0,6.6,EUR
CN-WDF01-000920,WDF01,MOB1,AR00163,-,2026-02-14,3,3.0,11.4,EUR
CN-WDF01-000921,WDF01,MOB1,AR00008,-,2026-02-12,3,3.0,5.4,EUR
CN-WDF01-000922,WDF01,MOB1,AR00008,-,2026-06-10,3,3.0,5.4,EUR
CN-WDF01-000923,WDF01,MOB1,AR00080,-,2026-04-19,4,4.0,10.0,EUR
CN-WDF01-000924,WDF01,MOB1,AR00040,-,2026-06-01,3,3.0,9.9,EUR
CN-WDF01-000925,WDF01,MOB1,AR00136,-,2026-05-17,3,3.0,8.1,EUR
CN-WDF01-000926,WDF01,MOB1,AR00095,-,2026-01-07,3,3.0,7.8,EUR
CN-WDF01-000927,WDF01,MOB1,AR00165,-,2026-02-24,2,2.0,7.6,EUR
CN-WDF01-000928,WDF01,MOB1,AR00157,-,2026-07-03,2,2.0,7.6,EUR
CN-WDF01-000929,WDF01,MOB1,AR00081,-,2026-05-15,3,3.0,7.5,EUR
CN-WDF01-000930,WDF01,MOB1,AR00119,-,2026-03-01,2,2.0,7.0,EUR
CN-WDF01-000931,WDF01,MOB1,AR00115,-,2026-06-24,2,2.0,7.0,EUR
CN-WDF01-000932,WDF01,MOB1,AR90015,-,2026-01-22,4,4.0,6.8,EUR
CN-WDF01-000933,WDF01,MOB1,AR90039,-,2026-02-08,4,4.0,6.0,EUR
CN-WDF01-000934,WDF01,MOB1,AR00138,-,2026-05-10,3,3.0,6.0,EUR
CN-WDF01-000935,WDF01,MOB1,AR00304,-,2026-06-22,1,1.0,5.65,EUR
CN-WDF01-000936,WDF01,MOB1,AR90013,-,2026-01-31,3,3.0,5.1,EUR
CN-WDF01-000937,WDF01,MOB1,AR90012,-,2026-01-20,3,3.0,5.1,EUR
CN-WDF01-000938,WDF01,MOB1,AR00065,-,2026-04-13,2,2.0,5.0,EUR
CN-WDF01-000939,WDF01,MOB1,AR00061,-,2026-05-16,2,2.0,5.0,EUR
CN-WDF01-000940,WDF01,MOB1,AR00121,-,2026-05-26,2,2.0,4.4,EUR
CN-WDF01-000941,WDF01,MOB1,AR00097,-,2026-03-15,1,1.0,4.3,EUR
CN-WDF01-000942,WDF01,MOB1,AR90008,-,2026-01-31,3,3.0,4.2,EUR
CN-WDF01-000943,WDF01,MOB1,AR00117,-,2026-06-12,2,2.0,4.2,EUR
CN-WDF01-000944,WDF01,MOB1,AR00171,-,2026-05-25,1,1.0,3.95,EUR
CN-WDF01-000945,WDF01,MOB1,AR00096,-,2026-02-11,1,1.0,3.95,EUR
CN-WDF01-000946,WDF01,MOB1,AR90018,-,2026-03-05,2,2.0,3.9,EUR
CN-WDF01-000947,WDF01,MOB1,AR00020,-,2026-04-17,1,1.0,3.9,EUR
CN-WDF01-000948,WDF01,MOB1,AR00166,-,2026-05-12,1,1.0,3.8,EUR
CN-WDF01-000949,WDF01,MOB1,AR90031,-,2026-02-23,3,3.0,3.6,EUR
CN-WDF01-000950,WDF01,MOB1,AR00188,-,2026-01-06,2,2.0,3.6,EUR
CN-WDF01-000951,WDF01,MOB1,AR00013,-,2026-06-05,2,2.0,3.6,EUR
CN-WDF01-000952,WDF01,MOB1,AR00432,-,2026-03-18,1,1.0,3.5,EUR
CN-WDF01-000953,WDF01,MOB1,AR00110,-,2026-06-22,1,1.0,3.5,EUR
CN-WDF01-000954,WDF01,MOB1,AR90054,-,2026-02-13,2,2.0,3.4,EUR
CN-WDF01-000955,WDF01,MOB1,AR00041,-,2026-02-27,1,1.0,3.3,EUR
CN-WDF01-000956,WDF01,MOB1,AR90037,-,2026-06-29,2,2.0,3.0,EUR
CN-WDF01-000957,WDF01,MOB1,AR00415,-,2026-03-22,2,2.0,3.0,EUR
CN-WDF01-000958,WDF01,MOB1,AR00190,-,2026-04-26,2,2.0,3.0,EUR
CN-WDF01-000959,WDF01,MOB1,AR00005,-,2026-01-17,3,3.0,3.0,EUR
CN-WDF01-000960,WDF01,MOB1,AR00001,-,2026-01-17,3,3.0,3.0,EUR
CN-WDF01-000961,WDF01,MOB1,AR00118,-,2026-01-03,1,1.0,2.95,EUR
CN-WDF01-000962,WDF01,MOB1,AR00397,-,2026-04-26,1,1.0,2.5,EUR
CN-WDF01-000963,WDF01,MOB1,AR00395,-,2026-03-20,1,1.0,2.5,EUR
CN-WDF01-000964,WDF01,MOB1,AR00187,-,2026-07-02,1,1.0,2.5,EUR
CN-WDF01-000965,WDF01,MOB1,AR00057,-,2026-04-29,1,1.0,2.5,EUR
CN-WDF01-000966,WDF01,MOB1,AR00056,-,2026-03-29,1,1.0,2.5,EUR
CN-WDF01-000967,WDF01,MOB1,AR00055,-,2026-04-09,1,1.0,2.5,EUR
CN-WDF01-000968,WDF01,MOB1,AR00025,-,2026-03-01,1,1.0,2.5,EUR
CN-WDF01-000969,WDF01,MOB1,AR00404,-,2026-01-04,2,2.0,2.4,EUR
CN-WDF01-000970,WDF01,MOB1,AR00211,-,2026-03-10,2,2.0,2.4,EUR
CN-WDF01-000971,WDF01,MOB1,AR00210,-,2026-04-11,2,2.0,2.4,EUR
CN-WDF01-000972,WDF01,MOB1,AR00332,-,2026-03-29,1,1.0,2.25,EUR
CN-WDF01-000973,WDF01,MOB1,AR00094,-,2026-04-11,4,3.5,1.05,EUR
CN-WDF01-000974,WDF01,MOB1,AR00094,-,2026-04-18,3,3.5,1.05,EUR
CN-WDF01-000975,WDF01,MOB1,AR00074,-,2026-05-21,1,1.0,2.0,EUR
CN-WDF01-000976,WDF01,MOB1,AR90019,-,2026-01-10,1,1.0,1.95,EUR
CN-WDF01-000977,WDF01,MOB1,AR00240,-,2026-04-27,1,1.0,1.9,EUR
CN-WDF01-000978,WDF01,MOB1,AR00019,-,2026-01-15,1,1.0,1.8,EUR
CN-WDF01-000979,WDF01,MOB1,AR90009,-,2026-04-11,1,1.0,1.6,EUR
CN-WDF01-000980,WDF01,MOB1,AR00178,-,2026-06-29,1,1.0,1.4,EUR
CN-WDF01-000981,WDF01,MOB1,AR00090,-,2026-02-18,1,1.0,1.3,EUR
CN-WDF01-000982,WDF01,MOB1,AR00322,-,2026-03-12,1,1.0,1.2,EUR
CN-WDF01-000983,WDF01,MOB1,AR00320,-,2026-04-10,1,1.0,1.2,EUR
CN-WDF01-000984,WDF01,MOB1,AR00213,-,2026-04-08,1,1.0,1.2,EUR
CN-WDF01-000985,WDF01,MOB1,AR00214,-,2026-04-14,1,1.0,1.0,EUR
CN-WDF01-000986,WDF01,MOB1,AR00054,-,2026-04-10,1,1.0,1.0,EUR
CN-WDF01-000987,WDF01,MOB1,AR00010,-,2026-04-14,1,1.0,1.0,EUR
CN-WDF02-000988,WDF02,PF-WDF02,AR00033,payfree,2026-01-02,1,2.0,6.9,EUR
CN-WDF02-000989,WDF02,PF-WDF02,AR00448,payfree,2026-01-02,1,3.0,11.67,EUR
CN-WDF02-000990,WDF02,PF-WDF02,AR00141,payfree,2026-01-02,1,2.0,5.0,EUR
CN-WDF02-000991,WDF02,PF-WDF02,AR00378,payfree,2026-01-02,1,1.0,4.25,EUR
CN-WDF02-000992,WDF02,PF-WDF02,AR00213,payfree,2026-01-02,1,2.0,2.4,EUR
CN-WDF02-000993,WDF02,PF-WDF02,AR00204,payfree,2026-01-02,1,3.0,5.4,EUR
CN-WDF02-000994,WDF02,PF-WDF02,AR90036,payfree,2026-01-02,1,2.0,3.4,EUR
CN-WDF02-000995,WDF02,PF-WDF02,AR00392,payfree,2026-01-02,1,3.0,8.25,EUR
CN-WDF02-000996,WDF02,SM-WDF02,AR00033,smart,2026-01-02,1,1.0,3.45,EUR
CN-WDF02-000997,WDF02,SM-WDF02,AR00228,smart,2026-01-02,1,1.0,6.9,EUR
CN-WDF02-000998,WDF02,SM-WDF02,AR00359,smart,2026-01-02,1,2.0,15.8,EUR
CN-WDF02-000999,WDF02,PF-WDF02,AR00278,payfree,2026-01-05,1,3.0,35.7,EUR
CN-WDF02-001000,WDF02,PF-WDF02,AR00113,payfree,2026-01-05,1,3.0,5.7,EUR
CN-WDF02-001001,WDF02,PF-WDF02,AR00018,payfree,2026-01-05,1,2.0,3.6,EUR
CN-WDF02-001002,WDF02,PF-WDF02,AR00017,payfree,2026-01-05,1,1.0,3.9,EUR
CN-WDF02-001003,WDF02,PF-WDF02,AR00401,payfree,2026-01-05,1,3.0,3.6,EUR
CN-WDF02-001004,WDF02,PF-WDF02,AR00055,payfree,2026-01-05,1,2.0,5.0,EUR
CN-WDF02-001005,WDF02,SM-WDF02,AR00113,smart,2026-01-05,1,3.0,5.7,EUR
CN-WDF02-001006,WDF02,SM-WDF02,AR00001,smart,2026-01-05,1,2.0,2.0,EUR
CN-WDF02-001007,WDF02,SM-WDF02,AR00185,smart,2026-01-05,1,3.0,6.75,EUR
CN-WDF02-001008,WDF02,SM-WDF02,AR00074,smart,2026-01-05,1,2.0,4.0,EUR
CN-WDF02-001009,WDF02,PF-WDF02,AR00392,payfree,2026-01-06,1,2.0,5.5,EUR
CN-WDF02-001010,WDF02,PF-WDF02,AR00198,payfree,2026-01-06,1,1.0,2.0,EUR
CN-WDF02-001011,WDF02,PF-WDF02,AR90006,payfree,2026-01-06,1,2.0,2.8,EUR
CN-WDF02-001012,WDF02,PF-WDF02,AR00004,payfree,2026-01-06,1,3.0,1.5,EUR
CN-WDF02-001013,WDF02,PF-WDF02,AR90008,payfree,2026-01-06,1,2.0,2.8,EUR
CN-WDF02-001014,WDF02,PF-WDF02,AR00442,payfree,2026-01-06,1,2.0,4.98,EUR
CN-WDF02-001015,WDF02,PF-WDF02,AR00293,payfree,2026-01-06,1,1.0,2.2,EUR
CN-WDF02-001016,WDF02,PF-WDF02,AR00143,payfree,2026-01-06,1,1.0,2.95,EUR
CN-WDF02-001017,WDF02,PF-WDF02,AR00399,payfree,2026-01-07,1,3.0,8.25,EUR
CN-WDF02-001018,WDF02,PF-WDF02,AR00122,payfree,2026-01-07,1,2.0,5.0,EUR
CN-WDF02-001019,WDF02,PF-WDF02,AR00021,payfree,2026-01-07,1,2.0,7.8,EUR
CN-WDF02-001020,WDF02,MO-WDF02,AR00194,smart,2026-01-07,1,2.0,3.6,EUR
CN-WDF02-001021,WDF02,PF-WDF02,AR00302,payfree,2026-01-08,1,1.0,3.95,EUR
CN-WDF02-001022,WDF02,PF-WDF02,AR00020,payfree,2026-01-08,1,2.0,7.8,EUR
CN-WDF02-001023,WDF02,SM-WDF02,AR00135,smart,2026-01-08,1,2.0,7.0,EUR
CN-WDF02-001024,WDF02,PF-WDF02,AR00020,payfree,2026-01-09,1,2.0,7.8,EUR
CN-WDF02-001025,WDF02,PF-WDF02,AR00022,payfree,2026-01-09,1,1.0,3.9,EUR
CN-WDF02-001026,WDF02,PF-WDF02,AR90019,payfree,2026-01-09,1,1.0,1.95,EUR
CN-WDF02-001027,WDF02,PF-WDF02,AR00397,payfree,2026-01-09,1,3.0,7.5,EUR
CN-WDF02-001028,WDF02,SM-WDF02,AR00196,smart,2026-01-09,1,3.0,4.8,EUR
CN-WDF02-001029,WDF02,SM-WDF02,AR00275,smart,2026-01-09,1,2.0,4.8,EUR
CN-WDF02-001030,WDF02,SM-WDF02,AR00405,smart,2026-01-09,1,1.0,1.2,EUR
CN-WDF02-001031,WDF02,SM-WDF02,AR00322,smart,2026-01-09,1,2.0,2.4,EUR
CN-WDF02-001032,WDF02,PF-WDF02,AR90053,payfree,2026-01-12,1,2.0,4.0,EUR
CN-WDF02-001033,WDF02,PF-WDF02,AR00276,payfree,2026-01-12,1,1.0,2.4,EUR
CN-WDF02-001034,WDF02,PF-WDF02,AR90008,payfree,2026-01-12,1,1.0,1.4,EUR
CN-WDF02-001035,WDF02,PF-WDF02,AR00432,payfree,2026-01-12,1,2.0,7.0,EUR
CN-WDF02-001036,WDF02,PF-WDF02,AR00050,payfree,2026-01-12,1,3.0,38.7,EUR
CN-WDF02-001037,WDF02,PF-WDF02,AR00133,payfree,2026-01-12,1,3.0,10.5,EUR
CN-WDF02-001038,WDF02,PF-WDF02,AR00244,payfree,2026-01-12,1,1.0,2.5,EUR
CN-WDF02-001039,WDF02,PF-WDF02,AR00188,payfree,2026-01-12,1,2.0,3.6,EUR
CN-WDF02-001040,WDF02,PF-WDF02,AR00043,payfree,2026-01-12,1,2.0,17.8,EUR
CN-WDF02-001041,WDF02,SM-WDF02,AR00240,smart,2026-01-12,1,3.0,5.7,EUR
CN-WDF02-001042,WDF02,SM-WDF02,AR90021,smart,2026-01-12,1,3.0,14.7,EUR
CN-WDF02-001043,WDF02,PF-WDF02,AR00402,payfree,2026-01-13,1,2.0,2.4,EUR
CN-WDF02-001044,WDF02,PF-WDF02,AR00164,payfree,2026-01-13,1,1.0,3.8,EUR
CN-WDF02-001045,WDF02,PF-WDF02,AR00017,payfree,2026-01-13,1,2.0,7.8,EUR
CN-WDF02-001046,WDF02,SM-WDF02,SM0014,smart,2026-01-13,1,3.0,2.97,EUR
CN-WDF02-001047,WDF02,SM-WDF02,AR00097,smart,2026-01-13,1,3.0,12.9,EUR
CN-WDF02-001048,WDF02,SM-WDF02,AR90020,smart,2026-01-13,1,3.0,5.85,EUR
CN-WDF02-001049,WDF02,MO-WDF02,AR00302,smart,2026-01-13,1,2.0,7.9,EUR
CN-WDF02-001050,WDF02,PF-WDF02,AR90055,payfree,2026-01-14,1,2.0,3.4,EUR
CN-WDF02-001051,WDF02,PF-WDF02,AR00400,payfree,2026-01-14,1,3.0,3.6,EUR
CN-WDF02-001052,WDF02,PF-WDF02,AR00279,payfree,2026-01-14,1,2.0,23.8,EUR
CN-WDF02-001053,WDF02,MO-WDF02,AR00397,smart,2026-01-14,1,3.0,7.5,EUR
CN-WDF02-001054,WDF02,PF-WDF02,AR90029,payfree,2026-01-15,1,2.0,3.2,EUR
CN-WDF02-001055,WDF02,PF-WDF02,AR00166,payfree,2026-01-15,1,2.0,7.6,EUR
CN-WDF02-001056,WDF02,PF-WDF02,AR00160,payfree,2026-01-16,1,3.0,11.4,EUR
CN-WDF02-001057,WDF02,SM-WDF02,AR00062,smart,2026-01-16,1,1.0,1.9,EUR
CN-WDF02-001058,WDF02,SM-WDF02,AR00270,smart,2026-01-16,1,2.0,5.0,EUR
CN-WDF02-001059,WDF02,PF-WDF02,AR00039,payfree,2026-01-19,1,2.0,2.0,EUR
CN-WDF02-001060,WDF02,PF-WDF02,AR00191,payfree,2026-01-19,1,3.0,5.4,EUR
CN-WDF02-001061,WDF02,PF-WDF02,AR00383,payfree,2026-01-19,1,1.0,3.25,EUR
CN-WDF02-001062,WDF02,PF-WDF02,AR00011,payfree,2026-01-19,1,1.0,1.0,EUR
CN-WDF02-001063,WDF02,PF-WDF02,AR00113,payfree,2026-01-19,1,3.0,5.7,EUR
CN-WDF02-001064,WDF02,PF-WDF02,AR00115,payfree,2026-01-19,1,3.0,10.5,EUR
CN-WDF02-001065,WDF02,PF-WDF02,AR00293,payfree,2026-01-19,1,2.0,4.4,EUR
CN-WDF02-001066,WDF02,PF-WDF02,AR00057,payfree,2026-01-19,1,3.0,7.5,EUR
CN-WDF02-001067,WDF02,PF-WDF02,AR00396,payfree,2026-01-19,1,2.0,4.4,EUR
CN-WDF02-001068,WDF02,SM-WDF02,AR00172,smart,2026-01-19,1,1.0,3.95,EUR
CN-WDF02-001069,WDF02,SM-WDF02,AR00098,smart,2026-01-19,1,3.0,17.25,EUR
CN-WDF02-001070,WDF02,PF-WDF02,SM0014,payfree,2026-01-20,1,2.0,1.98,EUR
CN-WDF02-001071,WDF02,PF-WDF02,AR00137,payfree,2026-01-20,1,1.0,2.7,EUR
CN-WDF02-001072,WDF02,PF-WDF02,AR00204,payfree,2026-01-20,1,3.0,5.4,EUR
CN-WDF02-001073,WDF02,PF-WDF02,AR00203,payfree,2026-01-20,1,1.0,2.5,EUR
CN-WDF02-001074,WDF02,PF-WDF02,AR00163,payfree,2026-01-20,1,3.0,11.4,EUR
CN-WDF02-001075,WDF02,PF-WDF02,AR00133,payfree,2026-01-20,1,3.0,10.5,EUR
CN-WDF02-001076,WDF02,PF-WDF02,AR00242,payfree,2026-01-20,1,3.0,7.5,EUR
CN-WDF02-001077,WDF02,PF-WDF02,AR90041,payfree,2026-01-20,1,3.0,5.1,EUR
CN-WDF02-001078,WDF02,PF-WDF02,AR90009,payfree,2026-01-21,1,1.0,1.6,EUR
CN-WDF02-001079,WDF02,PF-WDF02,AR00365,payfree,2026-01-21,1,1.0,3.75,EUR
CN-WDF02-001080,WDF02,PF-WDF02,AR00441,payfree,2026-01-21,1,3.0,8.37,EUR
CN-WDF02-001081,WDF02,PF-WDF02,AR00022,payfree,2026-01-21,1,2.0,7.8,EUR
CN-WDF02-001082,WDF02,SM-WDF02,AR00034,smart,2026-01-21,1,2.0,4.0,EUR
CN-WDF02-001083,WDF02,SM-WDF02,AR90031,smart,2026-01-21,1,2.0,2.4,EUR
CN-WDF02-001084,WDF02,PF-WDF02,AR00163,payfree,2026-01-22,1,1.0,3.8,EUR
CN-WDF02-001085,WDF02,PF-WDF02,AR00390,payfree,2026-01-22,1,2.0,88.0,EUR
CN-WDF02-001086,WDF02,PF-WDF02,SM0016,payfree,2026-01-22,1,3.0,11.85,EUR
CN-WDF02-001087,WDF02,PF-WDF02,AR00365,payfree,2026-01-22,1,3.0,11.25,EUR
CN-WDF02-001088,WDF02,PF-WDF02,AR00242,payfree,2026-01-22,1,3.0,7.5,EUR
CN-WDF02-001089,WDF02,SM-WDF02,AR00441,smart,2026-01-22,1,2.0,5.58,EUR
CN-WDF02-001090,WDF02,SM-WDF02,AR00047,smart,2026-01-22,1,1.0,8.9,EUR
CN-WDF02-001091,WDF02,SM-WDF02,AR00004,smart,2026-01-22,1,3.0,1.5,EUR
CN-WDF02-001092,WDF02,PF-WDF02,AR00448,payfree,2026-01-23,1,1.0,3.89,EUR
CN-WDF02-001093,WDF02,PF-WDF02,AR00432,payfree,2026-01-23,1,1.0,3.5,EUR
CN-WDF02-001094,WDF02,PF-WDF02,AR00387,payfree,2026-01-23,1,3.0,9.0,EUR
CN-WDF02-001095,WDF02,PF-WDF02,AR00420,payfree,2026-01-23,1,3.0,7.8,EUR
CN-WDF02-001096,WDF02,SM-WDF02,AR00319,smart,2026-01-23,1,3.0,3.6,EUR
CN-WDF02-001097,WDF02,SM-WDF02,AR00153,smart,2026-01-23,1,1.0,3.5,EUR
CN-WDF02-001098,WDF02,MO-WDF02,AR00417,smart,2026-01-23,1,3.0,132.0,EUR
CN-WDF02-001099,WDF02,PF-WDF02,AR00303,payfree,2026-01-26,1,1.0,5.65,EUR
CN-WDF02-001100,WDF02,PF-WDF02,AR00365,payfree,2026-01-26,1,1.0,3.75,EUR
CN-WDF02-001101,WDF02,PF-WDF02,AR00378,payfree,2026-01-26,1,2.0,8.5,EUR
CN-WDF02-001102,WDF02,PF-WDF02,SM0015,payfree,2026-01-26,1,2.0,7.9,EUR
CN-WDF02-001103,WDF02,PF-WDF02,AR00153,payfree,2026-01-26,1,2.0,7.0,EUR
CN-WDF02-001104,WDF02,PF-WDF02,AR00053,payfree,2026-01-26,1,2.0,6.8,EUR
CN-WDF02-001105,WDF02,PF-WDF02,AR00231,payfree,2026-01-26,1,3.0,11.85,EUR
CN-WDF02-001106,WDF02,PF-WDF02,AR00291,payfree,2026-01-26,1,1.0,2.2,EUR
CN-WDF02-001107,WDF02,PF-WDF02,AR90028,payfree,2026-01-26,1,3.0,4.8,EUR
CN-WDF02-001108,WDF02,SM-WDF02,AR00327,smart,2026-01-26,1,2.0,7.9,EUR
CN-WDF02-001109,WDF02,SM-WDF02,AR00319,smart,2026-01-26,1,1.0,1.2,EUR
CN-WDF02-001110,WDF02,SM-WDF02,AR00306,smart,2026-01-26,1,1.0,4.7,EUR
CN-WDF02-001111,WDF02,SM-WDF02,AR00376,smart,2026-01-26,1,2.0,8.5,EUR
CN-WDF02-001112,WDF02,PF-WDF02,AR00005,payfree,2026-01-27,1,3.0,3.0,EUR
CN-WDF02-001113,WDF02,PF-WDF02,AR00131,payfree,2026-01-27,1,1.0,6.9,EUR
CN-WDF02-001114,WDF02,PF-WDF02,AR90037,payfree,2026-01-27,1,3.0,4.5,EUR
CN-WDF02-001115,WDF02,SM-WDF02,AR00017,smart,2026-01-27,1,1.0,3.9,EUR
CN-WDF02-001116,WDF02,SM-WDF02,AR00197,smart,2026-01-27,1,2.0,3.6,EUR
CN-WDF02-001117,WDF02,SM-WDF02,AR90020,smart,2026-01-28,1,2.0,3.9,EUR
CN-WDF02-001118,WDF02,SM-WDF02,AR00053,smart,2026-01-28,1,1.0,3.4,EUR
CN-WDF02-001119,WDF02,SM-WDF02,AR00061,smart,2026-01-28,1,2.0,5.0,EUR
CN-WDF02-001120,WDF02,SM-WDF02,AR00039,smart,2026-01-28,1,1.0,1.0,EUR
CN-WDF02-001121,WDF02,PF-WDF02,AR00115,payfree,2026-01-29,1,2.0,7.0,EUR
CN-WDF02-001122,WDF02,PF-WDF02,SM0015,payfree,2026-01-29,1,1.0,3.95,EUR
CN-WDF02-001123,WDF02,PF-WDF02,AR00294,payfree,2026-01-29,1,2.0,4.4,EUR
CN-WDF02-001124,WDF02,PF-WDF02,AR00426,payfree,2026-01-29,1,2.0,5.0,EUR
CN-WDF02-001125,WDF02,PF-WDF02,AR00154,payfree,2026-01-29,1,3.0,9.6,EUR
CN-WDF02-001126,WDF02,PF-WDF02,AR00288,payfree,2026-01-29,1,2.0,4.8,EUR
CN-WDF02-001127,WDF02,PF-WDF02,AR00434,payfree,2026-01-29,1,3.0,11.67,EUR
CN-WDF02-001128,WDF02,SM-WDF02,AR90039,smart,2026-01-29,1,1.0,1.5,EUR
CN-WDF02-001129,WDF02,SM-WDF02,AR00392,smart,2026-01-29,1,2.0,5.5,EUR
CN-WDF02-001130,WDF02,PF-WDF02,AR00187,payfree,2026-01-30,1,1.0,2.5,EUR
CN-WDF02-001131,WDF02,PF-WDF02,AR90007,payfree,2026-01-30,1,2.0,2.8,EUR
CN-WDF02-001132,WDF02,PF-WDF02,AR90014,payfree,2026-01-30,1,1.0,1.7,EUR
CN-WDF02-001133,WDF02,PF-WDF02,AR00356,payfree,2026-01-30,1,3.0,16.5,EUR
CN-WDF02-001134,WDF02,PF-WDF02,AR00017,payfree,2026-02-02,1,2.0,7.8,EUR
CN-WDF02-001135,WDF02,PF-WDF02,AR00201,payfree,2026-02-02,1,2.0,54.0,EUR
CN-WDF02-001136,WDF02,PF-WDF02,AR90051,payfree,2026-02-02,1,3.0,4.8,EUR
CN-WDF02-001137,WDF02,PF-WDF02,AR90011,payfree,2026-02-02,1,1.0,1.7,EUR
CN-WDF02-001138,WDF02,PF-WDF02,AR00064,payfree,2026-02-02,1,3.0,7.5,EUR
CN-WDF02-001139,WDF02,SM-WDF02,AR00221,smart,2026-02-02,1,1.0,1.0,EUR
CN-WDF02-001140,WDF02,SM-WDF02,AR00277,smart,2026-02-02,1,3.0,23.7,EUR
CN-WDF02-001141,WDF02,SM-WDF02,AR00325,smart,2026-02-02,1,2.0,7.9,EUR
CN-WDF02-001142,WDF02,SM-WDF02,AR00023,smart,2026-02-02,1,3.0,5.4,EUR
CN-WDF02-001143,WDF02,PF-WDF02,AR00009,payfree,2026-02-03,1,3.0,3.0,EUR
CN-WDF02-001144,WDF02,PF-WDF02,AR00318,payfree,2026-02-03,1,3.0,3.6,EUR
CN-WDF02-001145,WDF02,SM-WDF02,AR00203,smart,2026-02-03,1,2.0,5.0,EUR
CN-WDF02-001146,WDF02,SM-WDF02,AR00057,smart,2026-02-03,1,3.0,7.5,EUR
CN-WDF02-001147,WDF02,MO-WDF02,AR00160,smart,2026-02-03,1,2.0,7.6,EUR
CN-WDF02-001148,WDF02,SM-WDF02,AR90036,smart,2026-02-04,1,3.0,5.1,EUR
CN-WDF02-001149,WDF02,SM-WDF02,AR00017,smart,2026-02-04,1,3.0,11.7,EUR
CN-WDF02-001150,WDF02,PF-WDF02,AR00043,payfree,2026-02-05,1,1.0,8.9,EUR
CN-WDF02-001151,WDF02,PF-WDF02,AR00161,payfree,2026-02-05,1,3.0,11.4,EUR
CN-WDF02-001152,WDF02,PF-WDF02,AR00294,payfree,2026-02-05,1,1.0,2.2,EUR
CN-WDF02-001153,WDF02,PF-WDF02,AR00219,payfree,2026-02-05,1,1.0,1.9,EUR
CN-WDF02-001154,WDF02,SM-WDF02,AR00003,smart,2026-02-05,1,1.0,1.0,EUR
CN-WDF02-001155,WDF02,MO-WDF02,AR00089,smart,2026-02-05,1,3.0,6.6,EUR
CN-WDF02-001156,WDF02,PF-WDF02,AR90016,payfree,2026-02-06,1,3.0,5.1,EUR
CN-WDF02-001157,WDF02,PF-WDF02,AR00027,payfree,2026-02-06,1,3.0,3.6,EUR
CN-WDF02-001158,WDF02,PF-WDF02,AR00398,payfree,2026-02-06,1,2.0,4.7,EUR
CN-WDF02-001159,WDF02,PF-WDF02,AR90030,payfree,2026-02-06,1,3.0,4.8,EUR
CN-WDF02-001160,WDF02,SM-WDF02,AR00089,smart,2026-02-06,1,3.0,6.6,EUR
CN-WDF02-001161,WDF02,SM-WDF02,AR00136,smart,2026-02-06,1,3.0,8.1,EUR
CN-WDF02-001162,WDF02,PF-WDF02,AR00105,payfree,2026-02-09,1,2.0,7.9,EUR
CN-WDF02-001163,WDF02,PF-WDF02,AR00405,payfree,2026-02-09,1,2.0,2.4,EUR
CN-WDF02-001164,WDF02,SM-WDF02,AR00106,smart,2026-02-09,1,3.0,11.7,EUR
CN-WDF02-001165,WDF02,SM-WDF02,AR00047,smart,2026-02-09,1,1.0,8.9,EUR
CN-WDF02-001166,WDF02,SM-WDF02,AR00095,smart,2026-02-09,1,2.0,5.2,EUR
CN-WDF02-001167,WDF02,SM-WDF02,AR00417,smart,2026-02-09,1,2.0,88.0,EUR
CN-WDF02-001168,WDF02,PF-WDF02,AR00204,payfree,2026-02-10,1,1.0,1.8,EUR
CN-WDF02-001169,WDF02,PF-WDF02,AR00070,payfree,2026-02-10,1,1.0,2.3,EUR
CN-WDF02-001170,WDF02,PF-WDF02,AR00396,payfree,2026-02-10,1,2.0,4.4,EUR
CN-WDF02-001171,WDF02,PF-WDF02,AR90035,payfree,2026-02-10,1,1.0,1.7,EUR
CN-WDF02-001172,WDF02,PF-WDF02,AR00004,payfree,2026-02-10,1,3.0,1.5,EUR
CN-WDF02-001173,WDF02,PF-WDF02,AR00360,payfree,2026-02-10,1,1.0,14.9,EUR
CN-WDF02-001174,WDF02,PF-WDF02,AR00176,payfree,2026-02-10,1,1.0,1.4,EUR
CN-WDF02-001175,WDF02,SM-WDF02,AR90027,smart,2026-02-10,1,3.0,4.8,EUR
CN-WDF02-001176,WDF02,SM-WDF02,AR00126,smart,2026-02-10,1,3.0,5.7,EUR
CN-WDF02-001177,WDF02,SM-WDF02,AR00213,smart,2026-02-10,1,1.0,1.2,EUR
CN-WDF02-001178,WDF02,SM-WDF02,AR90053,smart,2026-02-10,1,1.0,2.0,EUR
CN-WDF02-001179,WDF02,PF-WDF02,AR00020,payfree,2026-02-11,1,1.0,3.9,EUR
CN-WDF02-001180,WDF02,SM-WDF02,AR00194,smart,2026-02-11,1,2.0,3.6,EUR
CN-WDF02-001181,WDF02,SM-WDF02,AR00094,smart,2026-02-11,1,1.0,0.3,EUR
CN-WDF02-001182,WDF02,SM-WDF02,AR00121,smart,2026-02-11,1,3.0,6.6,EUR
CN-WDF02-001183,WDF02,SM-WDF02,AR00019,smart,2026-02-11,1,2.0,3.6,EUR
CN-WDF02-001184,WDF02,PF-WDF02,AR00230,payfree,2026-02-12,1,2.0,34.0,EUR
CN-WDF02-001185,WDF02,PF-WDF02,AR00381,payfree,2026-02-12,1,2.0,7.5,EUR
CN-WDF02-001186,WDF02,PF-WDF02,AR00066,payfree,2026-02-12,1,2.0,5.0,EUR
CN-WDF02-001187,WDF02,PF-WDF02,AR00145,payfree,2026-02-12,1,2.0,2.2,EUR
CN-WDF02-001188,WDF02,PF-WDF02,AR00039,payfree,2026-02-12,1,3.0,3.0,EUR
CN-WDF02-001189,WDF02,SM-WDF02,AR00454,smart,2026-02-12,1,2.0,5.8,EUR
CN-WDF02-001190,WDF02,SM-WDF02,AR00432,smart,2026-02-12,1,1.0,3.5,EUR
CN-WDF02-001191,WDF02,PF-WDF02,AR00176,payfree,2026-02-13,1,2.0,2.8,EUR
CN-WDF02-001192,WDF02,PF-WDF02,AR90055,payfree,2026-02-13,1,1.0,1.7,EUR
CN-WDF02-001193,WDF02,PF-WDF02,AR00095,payfree,2026-02-13,1,2.0,5.2,EUR
CN-WDF02-001194,WDF02,PF-WDF02,AR00319,payfree,2026-02-13,1,1.0,1.2,EUR
CN-WDF02-001195,WDF02,PF-WDF02,AR00345,payfree,2026-02-13,1,1.0,3.9,EUR
CN-WDF02-001196,WDF02,PF-WDF02,AR00160,payfree,2026-02-13,1,2.0,7.6,EUR
CN-WDF02-001197,WDF02,PF-WDF02,AR00166,payfree,2026-02-13,1,2.0,7.6,EUR
CN-WDF02-001198,WDF02,PF-WDF02,AR00021,payfree,2026-02-13,1,3.0,11.7,EUR
CN-WDF02-001199,WDF02,PF-WDF02,AR00331,payfree,2026-02-13,1,2.0,39.0,EUR
CN-WDF02-001200,WDF02,SM-WDF02,AR00106,smart,2026-02-13,1,3.0,11.7,EUR
CN-WDF02-001201,WDF02,SM-WDF02,AR90020,smart,2026-02-13,1,2.0,3.9,EUR
CN-WDF02-001202,WDF02,SM-WDF02,AR00156,smart,2026-02-13,1,3.0,11.85,EUR
CN-WDF02-001203,WDF02,SM-WDF02,AR00017,smart,2026-02-16,1,2.0,7.8,EUR
CN-WDF02-001204,WDF02,SM-WDF02,AR00242,smart,2026-02-16,1,1.0,2.5,EUR
CN-WDF02-001205,WDF02,PF-WDF02,AR90035,payfree,2026-02-17,1,3.0,5.1,EUR
CN-WDF02-001206,WDF02,PF-WDF02,AR00106,payfree,2026-02-17,1,1.0,3.9,EUR
CN-WDF02-001207,WDF02,PF-WDF02,AR00131,payfree,2026-02-17,1,2.0,13.8,EUR
CN-WDF02-001208,WDF02,PF-WDF02,AR00031,payfree,2026-02-17,1,2.0,3.0,EUR
CN-WDF02-001209,WDF02,PF-WDF02,AR90040,payfree,2026-02-17,1,1.0,1.7,EUR
CN-WDF02-001210,WDF02,PF-WDF02,AR00104,payfree,2026-02-17,1,1.0,2.6,EUR
CN-WDF02-001211,WDF02,PF-WDF02,AR00320,payfree,2026-02-17,1,2.0,2.4,EUR
CN-WDF02-001212,WDF02,SM-WDF02,AR00022,smart,2026-02-17,1,1.0,3.9,EUR
CN-WDF02-001213,WDF02,SM-WDF02,AR90025,smart,2026-02-17,1,3.0,3.6,EUR
CN-WDF02-001214,WDF02,SM-WDF02,AR00090,smart,2026-02-17,1,2.0,2.6,EUR
CN-WDF02-001215,WDF02,SM-WDF02,AR00175,smart,2026-02-17,1,1.0,2.5,EUR
CN-WDF02-001216,WDF02,PF-WDF02,AR00107,payfree,2026-02-18,1,1.0,3.7,EUR
CN-WDF02-001217,WDF02,PF-WDF02,AR00303,payfree,2026-02-18,1,2.0,11.3,EUR
CN-WDF02-001218,WDF02,PF-WDF02,AR00087,payfree,2026-02-18,1,3.0,4.5,EUR
CN-WDF02-001219,WDF02,PF-WDF02,AR00432,payfree,2026-02-18,1,2.0,7.0,EUR
CN-WDF02-001220,WDF02,PF-WDF02,AR90034,payfree,2026-02-18,1,1.0,1.7,EUR
CN-WDF02-001221,WDF02,SM-WDF02,AR00341,smart,2026-02-18,1,3.0,11.7,EUR
CN-WDF02-001222,WDF02,SM-WDF02,AR00365,smart,2026-02-18,1,1.0,3.75,EUR
CN-WDF02-001223,WDF02,SM-WDF02,AR00131,smart,2026-02-18,1,2.0,13.8,EUR
CN-WDF02-001224,WDF02,PF-WDF02,AR00082,payfree,2026-02-19,1,2.0,5.8,EUR
CN-WDF02-001225,WDF02,PF-WDF02,AR00276,payfree,2026-02-19,1,2.0,4.8,EUR
CN-WDF02-001226,WDF02,PF-WDF02,AR90010,payfree,2026-02-20,1,2.0,4.4,EUR
CN-WDF02-001227,WDF02,SM-WDF02,AR00194,smart,2026-02-20,1,2.0,3.6,EUR
CN-WDF02-001228,WDF02,SM-WDF02,AR00288,smart,2026-02-20,1,1.0,2.4,EUR
CN-WDF02-001229,WDF02,SM-WDF02,AR90025,smart,2026-02-20,1,3.0,3.6,EUR
CN-WDF02-001230,WDF02,PF-WDF02,AR00115,payfree,2026-02-23,1,1.0,3.5,EUR
CN-WDF02-001231,WDF02,SM-WDF02,AR00126,smart,2026-02-23,1,3.0,5.7,EUR
CN-WDF02-001232,WDF02,SM-WDF02,AR00137,smart,2026-02-23,1,1.0,2.7,EUR
CN-WDF02-001233,WDF02,PF-WDF02,AR90028,payfree,2026-02-24,1,2.0,3.2,EUR
CN-WDF02-001234,WDF02,PF-WDF02,AR00019,payfree,2026-02-24,1,3.0,5.4,EUR
CN-WDF02-001235,WDF02,PF-WDF02,AR00392,payfree,2026-02-24,1,3.0,8.25,EUR
CN-WDF02-001236,WDF02,PF-WDF02,AR00288,payfree,2026-02-24,1,1.0,2.4,EUR
CN-WDF02-001237,WDF02,PF-WDF02,AR00377,payfree,2026-02-24,1,3.0,12.75,EUR
CN-WDF02-001238,WDF02,PF-WDF02,AR90038,payfree,2026-02-24,1,3.0,4.5,EUR
CN-WDF02-001239,WDF02,PF-WDF02,AR00143,payfree,2026-02-24,1,2.0,5.9,EUR
CN-WDF02-001240,WDF02,SM-WDF02,AR00009,smart,2026-02-24,1,1.0,1.0,EUR
CN-WDF02-001241,WDF02,SM-WDF02,AR90025,smart,2026-02-24,1,3.0,3.6,EUR
CN-WDF02-001242,WDF02,SM-WDF02,AR00187,smart,2026-02-24,1,2.0,5.0,EUR
CN-WDF02-001243,WDF02,SM-WDF02,AR00436,smart,2026-02-24,1,1.0,4.35,EUR
CN-WDF02-001244,WDF02,PF-WDF02,AR00018,payfree,2026-02-25,1,3.0,5.4,EUR
CN-WDF02-001245,WDF02,PF-WDF02,AR00050,payfree,2026-02-25,1,2.0,25.8,EUR
CN-WDF02-001246,WDF02,PF-WDF02,AR00356,payfree,2026-02-25,1,1.0,5.5,EUR
CN-WDF02-001247,WDF02,PF-WDF02,AR00082,payfree,2026-02-25,1,3.0,8.7,EUR
CN-WDF02-001248,WDF02,SM-WDF02,AR00066,smart,2026-02-25,1,3.0,7.5,EUR
CN-WDF02-001249,WDF02,SM-WDF02,AR00087,smart,2026-02-25,1,2.0,3.0,EUR
CN-WDF02-001250,WDF02,MO-WDF02,AR00158,smart,2026-02-25,1,2.0,7.6,EUR
CN-WDF02-001251,WDF02,PF-WDF02,AR00407,payfree,2026-02-26,1,1.0,3.2,EUR
CN-WDF02-001252,WDF02,PF-WDF02,AR00070,payfree,2026-02-26,1,1.0,2.3,EUR
CN-WDF02-001253,WDF02,PF-WDF02,AR00406,payfree,2026-02-26,1,2.0,6.4,EUR
CN-WDF02-001254,WDF02,PF-WDF02,AR00065,payfree,2026-02-26,1,2.0,5.0,EUR
CN-WDF02-001255,WDF02,SM-WDF02,AR90051,smart,2026-02-26,1,2.0,3.2,EUR
CN-WDF02-001256,WDF02,SM-WDF02,AR00197,smart,2026-02-26,1,1.0,1.8,EUR
CN-WDF02-001257,WDF02,SM-WDF02,AR00101,smart,2026-02-26,1,3.0,5.7,EUR
CN-WDF02-001258,WDF02,SM-WDF02,AR90007,smart,2026-02-26,1,3.0,4.2,EUR
CN-WDF02-001259,WDF02,PF-WDF02,AR00176,payfree,2026-02-27,1,2.0,2.8,EUR
CN-WDF02-001260,WDF02,PF-WDF02,AR00025,payfree,2026-02-27,1,1.0,2.5,EUR
CN-WDF02-001261,WDF02,PF-WDF02,AR90041,payfree,2026-02-27,1,3.0,5.1,EUR
CN-WDF02-001262,WDF02,SM-WDF02,AR00356,smart,2026-02-27,1,3.0,16.5,EUR
CN-WDF02-001263,WDF02,SM-WDF02,AR00288,smart,2026-02-27,1,1.0,2.4,EUR
CN-WDF02-001264,WDF02,SM-WDF02,AR00188,smart,2026-02-27,1,1.0,1.8,EUR
CN-WDF02-001265,WDF02,SM-WDF02,AR00157,smart,2026-02-27,1,2.0,7.6,EUR
CN-WDF02-001266,WDF02,PF-WDF02,AR00189,payfree,2026-03-02,1,2.0,4.4,EUR
CN-WDF02-001267,WDF02,PF-WDF02,AR00220,payfree,2026-03-02,1,1.0,1.0,EUR
CN-WDF02-001268,WDF02,SM-WDF02,AR00282,smart,2026-03-02,1,1.0,2.95,EUR
CN-WDF02-001269,WDF02,PF-WDF02,AR00286,payfree,2026-03-03,1,3.0,3.6,EUR
CN-WDF02-001270,WDF02,PF-WDF02,AR00064,payfree,2026-03-03,1,2.0,5.0,EUR
CN-WDF02-001271,WDF02,PF-WDF02,AR00019,payfree,2026-03-03,1,1.0,1.8,EUR
CN-WDF02-001272,WDF02,PF-WDF02,AR90009,payfree,2026-03-03,1,1.0,1.6,EUR
CN-WDF02-001273,WDF02,PF-WDF02,AR00243,payfree,2026-03-03,1,1.0,2.5,EUR
CN-WDF02-001274,WDF02,PF-WDF02,AR00301,payfree,2026-03-03,1,2.0,7.9,EUR
CN-WDF02-001275,WDF02,SM-WDF02,AR90020,smart,2026-03-03,1,1.0,1.95,EUR
CN-WDF02-001276,WDF02,SM-WDF02,AR00101,smart,2026-03-03,1,2.0,3.8,EUR
CN-WDF02-001277,WDF02,SM-WDF02,AR00157,smart,2026-03-03,1,3.0,11.4,EUR
CN-WDF02-001278,WDF02,SM-WDF02,AR00178,smart,2026-03-03,1,3.0,4.2,EUR
CN-WDF02-001279,WDF02,PF-WDF02,AR00292,payfree,2026-03-04,1,3.0,6.6,EUR
CN-WDF02-001280,WDF02,SM-WDF02,AR90034,smart,2026-03-05,1,3.0,5.1,EUR
CN-WDF02-001281,WDF02,SM-WDF02,AR90055,smart,2026-03-05,1,3.0,5.1,EUR
CN-WDF02-001282,WDF02,PF-WDF02,AR00229,payfree,2026-03-06,1,3.0,45.0,EUR
CN-WDF02-001283,WDF02,PF-WDF02,AR00191,payfree,2026-03-06,1,1.0,1.8,EUR
CN-WDF02-001284,WDF02,PF-WDF02,AR00396,payfree,2026-03-06,1,1.0,2.2,EUR
CN-WDF02-001285,WDF02,PF-WDF02,AR00280,payfree,2026-03-06,1,3.0,35.7,EUR
CN-WDF02-001286,WDF02,PF-WDF02,AR00220,payfree,2026-03-06,1,1.0,1.0,EUR
CN-WDF02-001287,WDF02,PF-WDF02,AR00053,payfree,2026-03-09,1,1.0,3.4,EUR
CN-WDF02-001288,WDF02,PF-WDF02,AR00230,payfree,2026-03-09,1,2.0,34.0,EUR
CN-WDF02-001289,WDF02,SM-WDF02,AR00087,smart,2026-03-09,1,3.0,4.5,EUR
CN-WDF02-001290,WDF02,MO-WDF02,AR00231,smart,2026-03-09,1,1.0,3.95,EUR
CN-WDF02-001291,WDF02,PF-WDF02,AR90035,payfree,2026-03-10,1,3.0,5.1,EUR
CN-WDF02-001292,WDF02,PF-WDF02,AR00141,payfree,2026-03-10,1,1.0,2.5,EUR
CN-WDF02-001293,WDF02,PF-WDF02,AR00198,payfree,2026-03-10,1,3.0,6.0,EUR
CN-WDF02-001294,WDF02,PF-WDF02,AR00095,payfree,2026-03-10,1,2.0,5.2,EUR
CN-WDF02-001295,WDF02,PF-WDF02,AR90038,payfree,2026-03-10,1,2.0,3.0,EUR
CN-WDF02-001296,WDF02,PF-WDF02,AR90025,payfree,2026-03-10,1,3.0,3.6,EUR
CN-WDF02-001297,WDF02,PF-WDF02,AR00318,payfree,2026-03-10,1,2.0,2.4,EUR
CN-WDF02-001298,WDF02,PF-WDF02,AR00056,payfree,2026-03-10,1,2.0,5.0,EUR
CN-WDF02-001299,WDF02,PF-WDF02,AR00375,payfree,2026-03-10,1,3.0,14.85,EUR
CN-WDF02-001300,WDF02,SM-WDF02,AR00270,smart,2026-03-10,1,3.0,7.5,EUR
CN-WDF02-001301,WDF02,SM-WDF02,AR00394,smart,2026-03-10,1,2.0,5.8,EUR
CN-WDF02-001302,WDF02,PF-WDF02,AR00026,payfree,2026-03-11,1,3.0,3.6,EUR
CN-WDF02-001303,WDF02,PF-WDF02,AR00204,payfree,2026-03-11,1,2.0,3.6,EUR
CN-WDF02-001304,WDF02,PF-WDF02,AR00193,payfree,2026-03-11,1,3.0,4.2,EUR
CN-WDF02-001305,WDF02,PF-WDF02,AR00394,payfree,2026-03-11,1,1.0,2.9,EUR
CN-WDF02-001306,WDF02,PF-WDF02,AR90033,payfree,2026-03-11,1,3.0,3.6,EUR
CN-WDF02-001307,WDF02,PF-WDF02,AR00164,payfree,2026-03-11,1,3.0,11.4,EUR
CN-WDF02-001308,WDF02,SM-WDF02,AR00132,smart,2026-03-11,1,2.0,13.8,EUR
CN-WDF02-001309,WDF02,SM-WDF02,AR00381,smart,2026-03-11,1,3.0,11.25,EUR
CN-WDF02-001310,WDF02,PF-WDF02,AR00285,payfree,2026-03-12,1,2.0,5.9,EUR
CN-WDF02-001311,WDF02,PF-WDF02,AR00025,payfree,2026-03-12,1,3.0,7.5,EUR
CN-WDF02-001312,WDF02,PF-WDF02,AR00161,payfree,2026-03-12,1,3.0,11.4,EUR
CN-WDF02-001313,WDF02,PF-WDF02,AR00161,payfree,2026-03-12,1,2.0,7.6,EUR
CN-WDF02-001314,WDF02,PF-WDF02,AR00117,payfree,2026-03-12,1,2.0,4.2,EUR
CN-WDF02-001315,WDF02,PF-WDF02,AR00076,payfree,2026-03-12,1,3.0,16.5,EUR
CN-WDF02-001316,WDF02,PF-WDF02,AR00290,payfree,2026-03-12,1,2.0,4.4,EUR
CN-WDF02-001317,WDF02,PF-WDF02,AR00015,payfree,2026-03-12,1,1.0,3.3,EUR
CN-WDF02-001318,WDF02,PF-WDF02,AR00143,payfree,2026-03-12,1,1.0,2.95,EUR
CN-WDF02-001319,WDF02,PF-WDF02,AR90023,payfree,2026-03-13,1,2.0,3.2,EUR
CN-WDF02-001320,WDF02,PF-WDF02,AR00066,payfree,2026-03-13,1,3.0,7.5,EUR
CN-WDF02-001321,WDF02,PF-WDF02,AR00019,payfree,2026-03-13,1,3.0,5.4,EUR
CN-WDF02-001322,WDF02,PF-WDF02,AR00389,payfree,2026-03-13,1,3.0,16.5,EUR
CN-WDF02-001323,WDF02,SM-WDF02,AR00432,smart,2026-03-13,1,3.0,10.5,EUR
CN-WDF02-001324,WDF02,SM-WDF02,AR00117,smart,2026-03-13,1,2.0,4.2,EUR
CN-WDF02-001325,WDF02,SM-WDF02,AR00325,smart,2026-03-13,1,1.0,3.95,EUR
CN-WDF02-001326,WDF02,SM-WDF02,AR00087,smart,2026-03-13,1,1.0,1.5,EUR
CN-WDF02-001327,WDF02,PF-WDF02,AR00420,payfree,2026-03-16,1,2.0,5.2,EUR
CN-WDF02-001328,WDF02,PF-WDF02,AR00367,payfree,2026-03-16,1,1.0,3.75,EUR
CN-WDF02-001329,WDF02,PF-WDF02,AR00098,payfree,2026-03-16,1,1.0,5.75,EUR
CN-WDF02-001330,WDF02,PF-WDF02,AR00390,payfree,2026-03-16,1,2.0,88.0,EUR
CN-WDF02-001331,WDF02,PF-WDF02,AR90003,payfree,2026-03-16,1,2.0,0.3,EUR
CN-WDF02-001332,WDF02,SM-WDF02,AR00135,smart,2026-03-16,1,3.0,10.5,EUR
CN-WDF02-001333,WDF02,PF-WDF02,AR00141,payfree,2026-03-17,1,3.0,7.5,EUR
CN-WDF02-001334,WDF02,PF-WDF02,AR00157,payfree,2026-03-17,1,1.0,3.8,EUR
CN-WDF02-001335,WDF02,SM-WDF02,AR00159,smart,2026-03-17,1,1.0,3.8,EUR
CN-WDF02-001336,WDF02,SM-WDF02,AR00163,smart,2026-03-17,1,1.0,3.8,EUR
CN-WDF02-001337,WDF02,SM-WDF02,AR00129,smart,2026-03-17,1,2.0,2.8,EUR
CN-WDF02-001338,WDF02,SM-WDF02,AR00068,smart,2026-03-17,1,3.0,7.5,EUR
CN-WDF02-001339,WDF02,MO-WDF02,AR00433,smart,2026-03-17,1,2.0,7.78,EUR
CN-WDF02-001340,WDF02,PF-WDF02,AR00171,payfree,2026-03-18,1,2.0,7.9,EUR
CN-WDF02-001341,WDF02,PF-WDF02,AR00244,payfree,2026-03-18,1,2.0,5.0,EUR
CN-WDF02-001342,WDF02,PF-WDF02,AR00194,payfree,2026-03-18,1,1.0,1.8,EUR
CN-WDF02-001343,WDF02,PF-WDF02,IKA018,payfree,2026-03-18,1,2.0,4.2,EUR
CN-WDF02-001344,WDF02,SM-WDF02,AR00454,smart,2026-03-18,1,2.0,5.8,EUR
CN-WDF02-001345,WDF02,PF-WDF02,AR00356,payfree,2026-03-19,1,1.0,5.5,EUR
CN-WDF02-001346,WDF02,PF-WDF02,IKA011,payfree,2026-03-19,1,2.0,4.2,EUR
CN-WDF02-001347,WDF02,PF-WDF02,IKA003,payfree,2026-03-19,1,3.0,6.6,EUR
CN-WDF02-001348,WDF02,PF-WDF02,AR00005,payfree,2026-03-19,1,2.0,2.0,EUR
CN-WDF02-001349,WDF02,PF-WDF02,AR00214,payfree,2026-03-19,1,3.0,3.0,EUR
CN-WDF02-001350,WDF02,PF-WDF02,AR00033,payfree,2026-03-19,1,1.0,3.45,EUR
CN-WDF02-001351,WDF02,PF-WDF02,AR00420,payfree,2026-03-19,1,1.0,2.6,EUR
CN-WDF02-001352,WDF02,PF-WDF02,AR00294,payfree,2026-03-19,1,1.0,2.2,EUR
CN-WDF02-001353,WDF02,PF-WDF02,AR00068,payfree,2026-03-19,1,2.0,5.0,EUR
CN-WDF02-001354,WDF02,MO-WDF02,AR00082,smart,2026-03-19,1,1.0,2.9,EUR
CN-WDF02-001355,WDF02,PF-WDF02,AR00076,payfree,2026-03-20,1,3.0,16.5,EUR
CN-WDF02-001356,WDF02,PF-WDF02,AR00010,payfree,2026-03-20,1,2.0,2.0,EUR
CN-WDF02-001357,WDF02,PF-WDF02,AR00318,payfree,2026-03-20,1,3.0,3.6,EUR
CN-WDF02-001358,WDF02,PF-WDF02,AR90042,payfree,2026-03-20,1,1.0,1.9,EUR
CN-WDF02-001359,WDF02,PF-WDF02,AR00057,payfree,2026-03-20,1,3.0,7.5,EUR
CN-WDF02-001360,WDF02,SM-WDF02,AR00356,smart,2026-03-20,1,1.0,5.5,EUR
CN-WDF02-001361,WDF02,SM-WDF02,AR00223,smart,2026-03-20,1,3.0,2.1,EUR
CN-WDF02-001362,WDF02,SM-WDF02,AR00009,smart,2026-03-20,1,3.0,3.0,EUR
CN-WDF02-001363,WDF02,SM-WDF02,AR00089,smart,2026-03-20,1,2.0,4.4,EUR
CN-WDF02-001364,WDF02,PF-WDF02,AR00346,payfree,2026-03-23,1,2.0,7.8,EUR
CN-WDF02-001365,WDF02,PF-WDF02,AR00346,payfree,2026-03-23,1,2.0,7.8,EUR
CN-WDF02-001366,WDF02,PF-WDF02,AR00221,payfree,2026-03-23,1,2.0,2.0,EUR
CN-WDF02-001367,WDF02,PF-WDF02,AR00061,payfree,2026-03-23,1,2.0,5.0,EUR
CN-WDF02-001368,WDF02,PF-WDF02,AR90053,payfree,2026-03-23,1,3.0,6.0,EUR
CN-WDF02-001369,WDF02,PF-WDF02,AR00089,payfree,2026-03-23,1,3.0,6.6,EUR
CN-WDF02-001370,WDF02,PF-WDF02,AR00087,payfree,2026-03-23,1,3.0,4.5,EUR
CN-WDF02-001371,WDF02,PF-WDF02,AR00120,payfree,2026-03-23,1,2.0,4.0,EUR
CN-WDF02-001372,WDF02,PF-WDF02,AR00399,payfree,2026-03-23,1,3.0,8.25,EUR
CN-WDF02-001373,WDF02,SM-WDF02,AR00288,smart,2026-03-23,1,1.0,2.4,EUR
CN-WDF02-001374,WDF02,SM-WDF02,AR00062,smart,2026-03-23,1,2.0,3.8,EUR
CN-WDF02-001375,WDF02,SM-WDF02,AR90055,smart,2026-03-23,1,3.0,5.1,EUR
CN-WDF02-001376,WDF02,SM-WDF02,AR00062,smart,2026-03-23,1,1.0,1.9,EUR
CN-WDF02-001377,WDF02,PF-WDF02,AR00442,payfree,2026-03-24,1,1.0,2.49,EUR
CN-WDF02-001378,WDF02,PF-WDF02,AR90027,payfree,2026-03-24,1,2.0,3.2,EUR
CN-WDF02-001379,WDF02,PF-WDF02,AR00349,payfree,2026-03-24,1,2.0,13.2,EUR
CN-WDF02-001380,WDF02,PF-WDF02,AR00119,payfree,2026-03-24,1,3.0,10.5,EUR
CN-WDF02-001381,WDF02,SM-WDF02,AR00327,smart,2026-03-24,1,1.0,3.95,EUR
CN-WDF02-001382,WDF02,SM-WDF02,AR00094,smart,2026-03-24,1,1.0,0.3,EUR
CN-WDF02-001383,WDF02,PF-WDF02,AR00088,payfree,2026-03-25,1,1.0,2.2,EUR
CN-WDF02-001384,WDF02,PF-WDF02,AR00345,payfree,2026-03-25,1,1.0,3.9,EUR
CN-WDF02-001385,WDF02,PF-WDF02,AR00270,payfree,2026-03-25,1,2.0,5.0,EUR
CN-WDF02-001386,WDF02,PF-WDF02,AR00419,payfree,2026-03-25,1,2.0,88.0,EUR
CN-WDF02-001387,WDF02,PF-WDF02,AR00241,payfree,2026-03-25,1,3.0,7.5,EUR
CN-WDF02-001388,WDF02,PF-WDF02,AR00220,payfree,2026-03-25,1,2.0,2.0,EUR
CN-WDF02-001389,WDF02,PF-WDF02,AR00190,payfree,2026-03-25,1,3.0,4.5,EUR
CN-WDF02-001390,WDF02,PF-WDF02,AR00346,payfree,2026-03-25,1,2.0,7.8,EUR
CN-WDF02-001391,WDF02,SM-WDF02,AR00096,smart,2026-03-25,1,3.0,11.85,EUR
CN-WDF02-001392,WDF02,SM-WDF02,AR00281,smart,2026-03-25,1,3.0,9.75,EUR
CN-WDF02-001393,WDF02,PF-WDF02,AR00098,payfree,2026-03-26,1,2.0,11.5,EUR
CN-WDF02-001394,WDF02,PF-WDF02,AR00303,payfree,2026-03-26,1,2.0,11.3,EUR
CN-WDF02-001395,WDF02,PF-WDF02,AR00456,payfree,2026-03-26,1,2.0,23.0,EUR
CN-WDF02-001396,WDF02,PF-WDF02,AR00216,payfree,2026-03-26,1,3.0,20.7,EUR
CN-WDF02-001397,WDF02,PF-WDF02,AR00188,payfree,2026-03-26,1,3.0,5.4,EUR
CN-WDF02-001398,WDF02,PF-WDF02,AR00319,payfree,2026-03-26,1,1.0,1.2,EUR
CN-WDF02-001399,WDF02,PF-WDF02,AR00008,payfree,2026-03-26,1,1.0,1.8,EUR
CN-WDF02-001400,WDF02,PF-WDF02,AR00021,payfree,2026-03-26,1,2.0,7.8,EUR
CN-WDF02-001401,WDF02,PF-WDF02,AR00006,payfree,2026-03-27,1,3.0,5.4,EUR
CN-WDF02-001402,WDF02,PF-WDF02,AR00129,payfree,2026-03-27,1,2.0,2.8,EUR
CN-WDF02-001403,WDF02,PF-WDF02,AR00164,payfree,2026-03-27,1,2.0,7.6,EUR
CN-WDF02-001404,WDF02,PF-WDF02,AR00143,payfree,2026-03-27,1,1.0,2.95,EUR
CN-WDF02-001405,WDF02,PF-WDF02,AR00356,payfree,2026-03-27,1,1.0,5.5,EUR
CN-WDF02-001406,WDF02,PF-WDF02,AR00006,payfree,2026-03-27,1,1.0,1.8,EUR
CN-WDF02-001407,WDF02,PF-WDF02,AR00201,payfree,2026-03-27,1,1.0,27.0,EUR
CN-WDF02-001408,WDF02,PF-WDF02,AR00153,payfree,2026-03-27,1,1.0,3.5,EUR
CN-WDF02-001409,WDF02,SM-WDF02,AR00189,smart,2026-03-27,1,2.0,4.4,EUR
CN-WDF02-001410,WDF02,SM-WDF02,AR00317,smart,2026-03-27,1,2.0,5.0,EUR
CN-WDF02-001411,WDF02,SM-WDF02,AR00203,smart,2026-03-27,1,3.0,7.5,EUR
CN-WDF02-001412,WDF02,SM-WDF02,AR00011,smart,2026-03-27,1,3.0,3.0,EUR
CN-WDF02-001413,WDF02,PF-WDF02,AR00453,payfree,2026-03-30,1,2.0,4.2,EUR
CN-WDF02-001414,WDF02,PF-WDF02,IKA003,payfree,2026-03-30,1,3.0,6.6,EUR
CN-WDF02-001415,WDF02,PF-WDF02,AR00074,payfree,2026-03-30,1,1.0,2.0,EUR
CN-WDF02-001416,WDF02,PF-WDF02,SM0016,payfree,2026-03-30,1,3.0,11.85,EUR
CN-WDF02-001417,WDF02,PF-WDF02,AR00017,payfree,2026-03-31,1,1.0,3.9,EUR
CN-WDF02-001418,WDF02,PF-WDF02,AR00441,payfree,2026-03-31,1,3.0,8.37,EUR
CN-WDF02-001419,WDF02,PF-WDF02,AR00294,payfree,2026-03-31,1,2.0,4.4,EUR
CN-WDF02-001420,WDF02,PF-WDF02,AR00063,payfree,2026-03-31,1,1.0,3.2,EUR
CN-WDF02-001421,WDF02,PF-WDF02,AR90016,payfree,2026-03-31,1,1.0,1.7,EUR
CN-WDF02-001422,WDF02,PF-WDF02,AR00314,payfree,2026-03-31,1,2.0,5.0,EUR
CN-WDF02-001423,WDF02,PF-WDF02,AR90035,payfree,2026-03-31,1,3.0,5.1,EUR
CN-WDF02-001424,WDF02,PF-WDF02,AR00008,payfree,2026-03-31,1,2.0,3.6,EUR
CN-WDF02-001425,WDF02,SM-WDF02,AR00098,smart,2026-03-31,1,2.0,11.5,EUR
CN-WDF02-001426,WDF02,SM-WDF02,AR00158,smart,2026-03-31,1,2.0,7.6,EUR
CN-WDF02-001427,WDF02,PF-WDF02,AR00274,payfree,2026-04-01,1,2.0,4.8,EUR
CN-WDF02-001428,WDF02,PF-WDF02,AR00303,payfree,2026-04-01,1,2.0,11.3,EUR
CN-WDF02-001429,WDF02,PF-WDF02,AR00107,payfree,2026-04-01,1,3.0,11.1,EUR
CN-WDF02-001430,WDF02,SM-WDF02,AR00038,smart,2026-04-01,1,2.0,9.9,EUR
CN-WDF02-001431,WDF02,SM-WDF02,AR00141,smart,2026-04-01,1,3.0,7.5,EUR
CN-WDF02-001432,WDF02,SM-WDF02,AR00196,smart,2026-04-01,1,1.0,1.6,EUR
CN-WDF02-001433,WDF02,SM-WDF02,AR00360,smart,2026-04-01,1,3.0,44.7,EUR
CN-WDF02-001434,WDF02,PF-WDF02,AR00377,payfree,2026-04-02,1,3.0,12.75,EUR
CN-WDF02-001435,WDF02,SM-WDF02,AR00161,smart,2026-04-02,1,2.0,7.6,EUR
CN-WDF02-001436,WDF02,SM-WDF02,AR00084,smart,2026-04-02,1,2.0,4.0,EUR
CN-WDF02-001437,WDF02,SM-WDF02,AR00025,smart,2026-04-02,1,3.0,7.5,EUR
CN-WDF02-001438,WDF02,SM-WDF02,AR90053,smart,2026-04-02,1,3.0,6.0,EUR
CN-WDF02-001439,WDF02,PF-WDF02,AR00141,payfree,2026-04-03,1,2.0,5.0,EUR
CN-WDF02-001440,WDF02,PF-WDF02,AR00121,payfree,2026-04-03,1,1.0,2.2,EUR
CN-WDF02-001441,WDF02,PF-WDF02,AR00289,payfree,2026-04-03,1,3.0,6.6,EUR
CN-WDF02-001442,WDF02,PF-WDF02,AR00060,payfree,2026-04-03,1,3.0,7.5,EUR
CN-WDF02-001443,WDF02,SM-WDF02,AR00109,smart,2026-04-03,1,2.0,4.0,EUR
CN-WDF02-001444,WDF02,SM-WDF02,AR00275,smart,2026-04-03,1,3.0,7.2,EUR
CN-WDF02-001445,WDF02,SM-WDF02,AR00274,smart,2026-04-03,1,1.0,2.4,EUR
CN-WDF02-001446,WDF02,MO-WDF02,AR00137,smart,2026-04-03,1,3.0,8.1,EUR
CN-WDF02-001447,WDF02,PF-WDF02,AR00066,payfree,2026-04-06,1,2.0,5.0,EUR
CN-WDF02-001448,WDF02,PF-WDF02,AR00146,payfree,2026-04-06,1,1.0,3.95,EUR
CN-WDF02-001449,WDF02,PF-WDF02,AR00054,payfree,2026-04-06,1,1.0,1.0,EUR
CN-WDF02-001450,WDF02,PF-WDF02,AR00131,payfree,2026-04-06,1,1.0,6.9,EUR
CN-WDF02-001451,WDF02,PF-WDF02,AR00119,payfree,2026-04-06,1,2.0,7.0,EUR
CN-WDF02-001452,WDF02,PF-WDF02,AR00018,payfree,2026-04-06,1,2.0,3.6,EUR
CN-WDF02-001453,WDF02,PF-WDF02,AR00019,payfree,2026-04-06,1,2.0,3.6,EUR
CN-WDF02-001454,WDF02,PF-WDF02,AR00312,payfree,2026-04-06,1,2.0,5.0,EUR
CN-WDF02-001455,WDF02,SM-WDF02,AR00122,smart,2026-04-06,1,2.0,5.0,EUR
CN-WDF02-001456,WDF02,SM-WDF02,AR00005,smart,2026-04-06,1,2.0,2.0,EUR
CN-WDF02-001457,WDF02,SM-WDF02,AR90035,smart,2026-04-06,1,2.0,3.4,EUR
CN-WDF02-001458,WDF02,PF-WDF02,IKA011,payfree,2026-04-07,1,3.0,6.3,EUR
CN-WDF02-001459,WDF02,PF-WDF02,AR00153,payfree,2026-04-07,1,1.0,3.5,EUR
CN-WDF02-001460,WDF02,SM-WDF02,AR00121,smart,2026-04-07,1,2.0,4.4,EUR
CN-WDF02-001461,WDF02,SM-WDF02,AR00135,smart,2026-04-07,1,2.0,7.0,EUR
CN-WDF02-001462,WDF02,PF-WDF02,AR00134,payfree,2026-04-08,1,3.0,10.5,EUR
CN-WDF02-001463,WDF02,PF-WDF02,AR00371,payfree,2026-04-08,1,2.0,9.9,EUR
CN-WDF02-001464,WDF02,PF-WDF02,AR00169,payfree,2026-04-08,1,2.0,5.0,EUR
CN-WDF02-001465,WDF02,PF-WDF02,AR00377,payfree,2026-04-08,1,1.0,4.25,EUR
CN-WDF02-001466,WDF02,PF-WDF02,AR00220,payfree,2026-04-08,1,2.0,2.0,EUR
CN-WDF02-001467,WDF02,PF-WDF02,AR00456,payfree,2026-04-08,1,3.0,34.5,EUR
CN-WDF02-001468,WDF02,PF-WDF02,AR90014,payfree,2026-04-08,1,3.0,5.1,EUR
CN-WDF02-001469,WDF02,PF-WDF02,AR00098,payfree,2026-04-08,1,1.0,5.75,EUR
CN-WDF02-001470,WDF02,PF-WDF02,AR00274,payfree,2026-04-08,1,2.0,4.8,EUR
CN-WDF02-001471,WDF02,PF-WDF02,AR00010,payfree,2026-04-09,1,3.0,3.0,EUR
CN-WDF02-001472,WDF02,PF-WDF02,AR90013,payfree,2026-04-09,1,3.0,5.1,EUR
CN-WDF02-001473,WDF02,PF-WDF02,AR00371,payfree,2026-04-09,1,1.0,4.95,EUR
CN-WDF02-001474,WDF02,PF-WDF02,AR00056,payfree,2026-04-09,1,1.0,2.5,EUR
CN-WDF02-001475,WDF02,PF-WDF02,AR00119,payfree,2026-04-09,1,2.0,7.0,EUR
CN-WDF02-001476,WDF02,PF-WDF02,AR00324,payfree,2026-04-09,1,2.0,6.6,EUR
CN-WDF02-001477,WDF02,PF-WDF02,AR00364,payfree,2026-04-09,1,1.0,3.75,EUR
CN-WDF02-001478,WDF02,PF-WDF02,AR00119,payfree,2026-04-10,1,2.0,7.0,EUR
CN-WDF02-001479,WDF02,PF-WDF02,AR00010,payfree,2026-04-10,1,1.0,1.0,EUR
CN-WDF02-001480,WDF02,PF-WDF02,AR00064,payfree,2026-04-10,1,3.0,7.5,EUR
CN-WDF02-001481,WDF02,PF-WDF02,AR00165,payfree,2026-04-10,1,1.0,3.8,EUR
CN-WDF02-001482,WDF02,PF-WDF02,AR00026,payfree,2026-04-10,1,3.0,3.6,EUR
CN-WDF02-001483,WDF02,PF-WDF02,AR00159,payfree,2026-04-10,1,2.0,7.6,EUR
CN-WDF02-001484,WDF02,PF-WDF02,AR00301,payfree,2026-04-10,1,3.0,11.85,EUR
CN-WDF02-001485,WDF02,PF-WDF02,AR00291,payfree,2026-04-10,1,3.0,6.6,EUR
CN-WDF02-001486,WDF02,SM-WDF02,AR00220,smart,2026-04-10,1,3.0,3.0,EUR
CN-WDF02-001487,WDF02,PF-WDF02,AR00137,payfree,2026-04-13,1,1.0,2.7,EUR
CN-WDF02-001488,WDF02,SM-WDF02,AR00105,smart,2026-04-13,1,2.0,7.9,EUR
CN-WDF02-001489,WDF02,SM-WDF02,AR00284,smart,2026-04-13,1,2.0,4.7,EUR
CN-WDF02-001490,WDF02,SM-WDF02,AR00321,smart,2026-04-13,1,3.0,3.6,EUR
CN-WDF02-001491,WDF02,PF-WDF02,AR00405,payfree,2026-04-14,1,1.0,1.2,EUR
CN-WDF02-001492,WDF02,PF-WDF02,AR00065,payfree,2026-04-14,1,2.0,5.0,EUR
CN-WDF02-001493,WDF02,PF-WDF02,AR00056,payfree,2026-04-14,1,2.0,5.0,EUR
CN-WDF02-001494,WDF02,PF-WDF02,AR00280,payfree,2026-04-14,1,2.0,23.8,EUR
CN-WDF02-001495,WDF02,PF-WDF02,AR90050,payfree,2026-04-14,1,2.0,3.2,EUR
CN-WDF02-001496,WDF02,PF-WDF02,AR00162,payfree,2026-04-14,1,1.0,3.8,EUR
CN-WDF02-001497,WDF02,PF-WDF02,AR00188,payfree,2026-04-14,1,2.0,3.6,EUR
CN-WDF02-001498,WDF02,PF-WDF02,AR00169,payfree,2026-04-14,1,3.0,7.5,EUR
CN-WDF02-001499,WDF02,SM-WDF02,AR00096,smart,2026-04-14,1,3.0,11.85,EUR
CN-WDF02-001500,WDF02,SM-WDF02,AR00114,smart,2026-04-15,1,2.0,2.8,EUR
CN-WDF02-001501,WDF02,SM-WDF02,AR00029,smart,2026-04-15,1,1.0,3.5,EUR
CN-WDF02-001502,WDF02,PF-WDF02,AR00157,payfree,2026-04-16,1,1.0,3.8,EUR
CN-WDF02-001503,WDF02,PF-WDF02,AR00119,payfree,2026-04-16,1,1.0,3.5,EUR
CN-WDF02-001504,WDF02,PF-WDF02,AR00210,payfree,2026-04-16,1,3.0,3.6,EUR
CN-WDF02-001505,WDF02,PF-WDF02,AR00271,payfree,2026-04-16,1,3.0,81.0,EUR
CN-WDF02-001506,WDF02,PF-WDF02,AR00213,payfree,2026-04-16,1,2.0,2.4,EUR
CN-WDF02-001507,WDF02,SM-WDF02,AR00059,smart,2026-04-16,1,3.0,7.5,EUR
CN-WDF02-001508,WDF02,SM-WDF02,AR00240,smart,2026-04-16,1,2.0,3.8,EUR
CN-WDF02-001509,WDF02,SM-WDF02,AR00194,smart,2026-04-16,1,3.0,5.4,EUR
CN-WDF02-001510,WDF02,SM-WDF02,AR90013,smart,2026-04-16,1,3.0,5.1,EUR
CN-WDF02-001511,WDF02,PF-WDF02,AR00359,payfree,2026-04-17,1,3.0,23.7,EUR
CN-WDF02-001512,WDF02,PF-WDF02,AR00203,payfree,2026-04-17,1,2.0,5.0,EUR
CN-WDF02-001513,WDF02,PF-WDF02,AR00301,payfree,2026-04-17,1,3.0,11.85,EUR
CN-WDF02-001514,WDF02,PF-WDF02,AR90014,payfree,2026-04-17,1,2.0,3.4,EUR
CN-WDF02-001515,WDF02,PF-WDF02,AR00331,payfree,2026-04-17,1,2.0,39.0,EUR
CN-WDF02-001516,WDF02,PF-WDF02,AR00064,payfree,2026-04-17,1,3.0,7.5,EUR
CN-WDF02-001517,WDF02,SM-WDF02,AR00009,smart,2026-04-17,1,2.0,2.0,EUR
CN-WDF02-001518,WDF02,PF-WDF02,AR00419,payfree,2026-04-21,1,2.0,88.0,EUR
CN-WDF02-001519,WDF02,PF-WDF02,AR00162,payfree,2026-04-21,1,1.0,3.8,EUR
CN-WDF02-001520,WDF02,PF-WDF02,AR00284,payfree,2026-04-21,1,1.0,2.35,EUR
CN-WDF02-001521,WDF02,PF-WDF02,AR00134,payfree,2026-04-21,1,1.0,3.5,EUR
CN-WDF02-001522,WDF02,PF-WDF02,AR00039,payfree,2026-04-21,1,1.0,1.0,EUR
CN-WDF02-001523,WDF02,PF-WDF02,AR00284,payfree,2026-04-21,1,3.0,7.05,EUR
CN-WDF02-001524,WDF02,SM-WDF02,AR00111,smart,2026-04-22,1,1.0,2.5,EUR
CN-WDF02-001525,WDF02,MO-WDF02,AR00089,smart,2026-04-22,1,3.0,6.6,EUR
CN-WDF02-001526,WDF02,PF-WDF02,AR90054,payfree,2026-04-23,1,1.0,1.7,EUR
CN-WDF02-001527,WDF02,PF-WDF02,AR00055,payfree,2026-04-23,1,2.0,5.0,EUR
CN-WDF02-001528,WDF02,PF-WDF02,AR00416,payfree,2026-04-23,1,3.0,6.0,EUR
CN-WDF02-001529,WDF02,PF-WDF02,AR00275,payfree,2026-04-23,1,1.0,2.4,EUR
CN-WDF02-001530,WDF02,PF-WDF02,AR00221,payfree,2026-04-23,1,1.0,1.0,EUR
CN-WDF02-001531,WDF02,SM-WDF02,AR00274,smart,2026-04-23,1,3.0,7.2,EUR
CN-WDF02-001532,WDF02,SM-WDF02,AR00289,smart,2026-04-23,1,3.0,6.6,EUR
CN-WDF02-001533,WDF02,PF-WDF02,AR00089,payfree,2026-04-24,1,1.0,2.2,EUR
CN-WDF02-001534,WDF02,PF-WDF02,AR00089,payfree,2026-04-24,1,3.0,6.6,EUR
CN-WDF02-001535,WDF02,PF-WDF02,AR00291,payfree,2026-04-24,1,3.0,6.6,EUR
CN-WDF02-001536,WDF02,PF-WDF02,SM0014,payfree,2026-04-24,1,1.0,0.99,EUR
CN-WDF02-001537,WDF02,PF-WDF02,AR00230,payfree,2026-04-24,1,2.0,34.0,EUR
CN-WDF02-001538,WDF02,PF-WDF02,AR00111,payfree,2026-04-24,1,3.0,7.5,EUR
CN-WDF02-001539,WDF02,SM-WDF02,AR00284,smart,2026-04-24,1,2.0,4.7,EUR
CN-WDF02-001540,WDF02,SM-WDF02,AR00141,smart,2026-04-24,1,2.0,5.0,EUR
CN-WDF02-001541,WDF02,SM-WDF02,AR00420,smart,2026-04-24,1,2.0,5.2,EUR
CN-WDF02-001542,WDF02,PF-WDF02,AR00117,payfree,2026-04-27,1,2.0,4.2,EUR
CN-WDF02-001543,WDF02,PF-WDF02,AR00384,payfree,2026-04-27,1,2.0,7.9,EUR
CN-WDF02-001544,WDF02,PF-WDF02,AR90034,payfree,2026-04-27,1,2.0,3.4,EUR
CN-WDF02-001545,WDF02,PF-WDF02,AR00306,payfree,2026-04-27,1,2.0,9.4,EUR
CN-WDF02-001546,WDF02,PF-WDF02,AR90030,payfree,2026-04-27,1,1.0,1.6,EUR
CN-WDF02-001547,WDF02,PF-WDF02,AR00154,payfree,2026-04-27,1,3.0,9.6,EUR
CN-WDF02-001548,WDF02,PF-WDF02,AR00132,payfree,2026-04-27,1,2.0,13.8,EUR
CN-WDF02-001549,WDF02,PF-WDF02,AR00087,payfree,2026-04-28,1,2.0,3.0,EUR
CN-WDF02-001550,WDF02,PF-WDF02,AR00406,payfree,2026-04-28,1,3.0,9.6,EUR
CN-WDF02-001551,WDF02,PF-WDF02,AR00401,payfree,2026-04-28,1,2.0,2.4,EUR
CN-WDF02-001552,WDF02,PF-WDF02,SM0015,payfree,2026-04-28,1,2.0,7.9,EUR
CN-WDF02-001553,WDF02,PF-WDF02,SM0017,payfree,2026-04-28,1,1.0,1.99,EUR
CN-WDF02-001554,WDF02,PF-WDF02,AR00035,payfree,2026-04-28,1,2.0,5.0,EUR
CN-WDF02-001555,WDF02,PF-WDF02,AR00190,payfree,2026-04-28,1,2.0,3.0,EUR
CN-WDF02-001556,WDF02,PF-WDF02,AR00384,payfree,2026-04-28,1,1.0,3.95,EUR
CN-WDF02-001557,WDF02,PF-WDF02,AR00104,payfree,2026-04-28,1,1.0,2.6,EUR
CN-WDF02-001558,WDF02,MO-WDF02,AR90019,smart,2026-04-28,1,1.0,1.95,EUR
CN-WDF02-001559,WDF02,SM-WDF02,AR00280,smart,2026-04-29,1,3.0,35.7,EUR
CN-WDF02-001560,WDF02,SM-WDF02,AR90002,smart,2026-04-29,1,2.0,0.16,EUR
CN-WDF02-001561,WDF02,MO-WDF02,AR00213,smart,2026-04-29,1,1.0,1.2,EUR
CN-WDF02-001562,WDF02,PF-WDF02,AR00090,payfree,2026-04-30,1,1.0,1.3,EUR
CN-WDF02-001563,WDF02,PF-WDF02,AR00043,payfree,2026-04-30,1,2.0,17.8,EUR
CN-WDF02-001564,WDF02,PF-WDF02,AR00005,payfree,2026-04-30,1,2.0,2.0,EUR
CN-WDF02-001565,WDF02,PF-WDF02,AR00013,payfree,2026-04-30,1,2.0,3.6,EUR
CN-WDF02-001566,WDF02,SM-WDF02,AR00024,smart,2026-04-30,1,3.0,7.5,EUR
CN-WDF02-001567,WDF02,SM-WDF02,AR90042,smart,2026-04-30,1,3.0,5.7,EUR
CN-WDF02-001568,WDF02,PF-WDF02,AR00398,payfree,2026-05-01,1,2.0,4.7,EUR
CN-WDF02-001569,WDF02,PF-WDF02,AR00289,payfree,2026-05-01,1,1.0,2.2,EUR
CN-WDF02-001570,WDF02,PF-WDF02,AR00441,payfree,2026-05-01,1,3.0,8.37,EUR
CN-WDF02-001571,WDF02,PF-WDF02,AR00163,payfree,2026-05-01,1,2.0,7.6,EUR
CN-WDF02-001572,WDF02,PF-WDF02,SM0018,payfree,2026-05-01,1,3.0,11.85,EUR
CN-WDF02-001573,WDF02,PF-WDF02,AR00043,payfree,2026-05-01,1,3.0,26.7,EUR
CN-WDF02-001574,WDF02,PF-WDF02,AR00207,payfree,2026-05-01,1,1.0,1.0,EUR
CN-WDF02-001575,WDF02,SM-WDF02,AR00221,smart,2026-05-01,1,1.0,1.0,EUR
CN-WDF02-001576,WDF02,PF-WDF02,AR00058,payfree,2026-05-04,1,1.0,2.5,EUR
CN-WDF02-001577,WDF02,PF-WDF02,AR00002,payfree,2026-05-04,1,2.0,1.0,EUR
CN-WDF02-001578,WDF02,PF-WDF02,AR00098,payfree,2026-05-04,1,3.0,17.25,EUR
CN-WDF02-001579,WDF02,PF-WDF02,AR00349,payfree,2026-05-04,1,1.0,6.6,EUR
CN-WDF02-001580,WDF02,SM-WDF02,AR00405,smart,2026-05-04,1,1.0,1.2,EUR
CN-WDF02-001581,WDF02,SM-WDF02,AR00069,smart,2026-05-04,1,2.0,5.0,EUR
CN-WDF02-001582,WDF02,SM-WDF02,AR00034,smart,2026-05-04,1,2.0,4.0,EUR
CN-WDF02-001583,WDF02,SM-WDF02,AR00151,smart,2026-05-04,1,2.0,7.8,EUR
CN-WDF02-001584,WDF02,PF-WDF02,AR00001,payfree,2026-05-05,1,3.0,3.0,EUR
CN-WDF02-001585,WDF02,PF-WDF02,AR90012,payfree,2026-05-05,1,3.0,5.1,EUR
CN-WDF02-001586,WDF02,PF-WDF02,AR00004,payfree,2026-05-05,1,2.0,1.0,EUR
CN-WDF02-001587,WDF02,PF-WDF02,AR00096,payfree,2026-05-05,1,2.0,7.9,EUR
CN-WDF02-001588,WDF02,PF-WDF02,AR00176,payfree,2026-05-05,1,3.0,4.2,EUR
CN-WDF02-001589,WDF02,PF-WDF02,AR00104,payfree,2026-05-05,1,1.0,2.6,EUR
CN-WDF02-001590,WDF02,PF-WDF02,AR00344,payfree,2026-05-05,1,1.0,3.9,EUR
CN-WDF02-001591,WDF02,PF-WDF02,AR00065,payfree,2026-05-05,1,3.0,7.5,EUR
CN-WDF02-001592,WDF02,SM-WDF02,AR00034,smart,2026-05-05,1,3.0,6.0,EUR
CN-WDF02-001593,WDF02,SM-WDF02,AR00210,smart,2026-05-05,1,2.0,2.4,EUR
CN-WDF02-001594,WDF02,SM-WDF02,AR00291,smart,2026-05-05,1,3.0,6.6,EUR
CN-WDF02-001595,WDF02,MO-WDF02,AR90035,smart,2026-05-05,1,2.0,3.4,EUR
CN-WDF02-001596,WDF02,PF-WDF02,AR00055,payfree,2026-05-06,1,3.0,7.5,EUR
CN-WDF02-001597,WDF02,PF-WDF02,AR00061,payfree,2026-05-06,1,2.0,5.0,EUR
CN-WDF02-001598,WDF02,PF-WDF02,AR00178,payfree,2026-05-06,1,2.0,2.8,EUR
CN-WDF02-001599,WDF02,PF-WDF02,AR00203,payfree,2026-05-06,1,3.0,7.5,EUR
CN-WDF02-001600,WDF02,PF-WDF02,AR00204,payfree,2026-05-06,1,1.0,1.8,EUR
CN-WDF02-001601,WDF02,PF-WDF02,AR00436,payfree,2026-05-06,1,1.0,4.35,EUR
CN-WDF02-001602,WDF02,PF-WDF02,AR00365,payfree,2026-05-06,1,2.0,7.5,EUR
CN-WDF02-001603,WDF02,SM-WDF02,AR90039,smart,2026-05-06,1,1.0,1.5,EUR
CN-WDF02-001604,WDF02,PF-WDF02,AR00172,payfree,2026-05-07,1,1.0,3.95,EUR
CN-WDF02-001605,WDF02,PF-WDF02,AR00320,payfree,2026-05-07,1,1.0,1.2,EUR
CN-WDF02-001606,WDF02,PF-WDF02,AR00047,payfree,2026-05-07,1,1.0,8.9,EUR
CN-WDF02-001607,WDF02,PF-WDF02,AR00106,payfree,2026-05-07,1,1.0,3.9,EUR
CN-WDF02-001608,WDF02,PF-WDF02,AR00020,payfree,2026-05-07,1,2.0,7.8,EUR
CN-WDF02-001609,WDF02,PF-WDF02,AR00132,payfree,2026-05-07,1,3.0,20.7,EUR
CN-WDF02-001610,WDF02,PF-WDF02,AR00194,payfree,2026-05-08,1,3.0,5.4,EUR
CN-WDF02-001611,WDF02,PF-WDF02,AR90019,payfree,2026-05-08,1,2.0,3.9,EUR
CN-WDF02-001612,WDF02,PF-WDF02,AR00345,payfree,2026-05-08,1,2.0,7.8,EUR
CN-WDF02-001613,WDF02,PF-WDF02,AR00201,payfree,2026-05-08,1,2.0,54.0,EUR
CN-WDF02-001614,WDF02,PF-WDF02,AR00056,payfree,2026-05-08,1,2.0,5.0,EUR
CN-WDF02-001615,WDF02,PF-WDF02,AR00377,payfree,2026-05-08,1,3.0,12.75,EUR
CN-WDF02-001616,WDF02,PF-WDF02,AR00382,payfree,2026-05-08,1,2.0,6.5,EUR
CN-WDF02-001617,WDF02,PF-WDF02,AR00434,payfree,2026-05-08,1,1.0,3.89,EUR
CN-WDF02-001618,WDF02,SM-WDF02,AR90008,smart,2026-05-08,1,2.0,2.8,EUR
CN-WDF02-001619,WDF02,SM-WDF02,AR00400,smart,2026-05-08,1,2.0,2.4,EUR
CN-WDF02-001620,WDF02,PF-WDF02,AR00244,payfree,2026-05-11,1,2.0,5.0,EUR
CN-WDF02-001621,WDF02,PF-WDF02,AR00142,payfree,2026-05-11,1,1.0,1.8,EUR
CN-WDF02-001622,WDF02,PF-WDF02,AR00149,payfree,2026-05-11,1,3.0,16.8,EUR
CN-WDF02-001623,WDF02,PF-WDF02,AR00403,payfree,2026-05-11,1,1.0,1.2,EUR
CN-WDF02-001624,WDF02,PF-WDF02,AR90031,payfree,2026-05-11,1,2.0,2.4,EUR
CN-WDF02-001625,WDF02,PF-WDF02,AR90016,payfree,2026-05-11,1,3.0,5.1,EUR
CN-WDF02-001626,WDF02,PF-WDF02,AR00187,payfree,2026-05-11,1,3.0,7.5,EUR
CN-WDF02-001627,WDF02,PF-WDF02,AR90009,payfree,2026-05-11,1,2.0,3.2,EUR
CN-WDF02-001628,WDF02,PF-WDF02,AR90002,payfree,2026-05-11,1,1.0,0.08,EUR
CN-WDF02-001629,WDF02,PF-WDF02,AR00415,payfree,2026-05-12,1,1.0,1.5,EUR
CN-WDF02-001630,WDF02,PF-WDF02,AR00318,payfree,2026-05-12,1,3.0,3.6,EUR
CN-WDF02-001631,WDF02,PF-WDF02,AR00185,payfree,2026-05-12,1,2.0,4.5,EUR
CN-WDF02-001632,WDF02,PF-WDF02,AR00186,payfree,2026-05-12,1,1.0,2.5,EUR
CN-WDF02-001633,WDF02,MO-WDF02,AR00433,smart,2026-05-12,1,2.0,7.78,EUR
CN-WDF02-001634,WDF02,PF-WDF02,AR00364,payfree,2026-05-13,1,3.0,11.25,EUR
CN-WDF02-001635,WDF02,PF-WDF02,AR00426,payfree,2026-05-13,1,2.0,5.0,EUR
CN-WDF02-001636,WDF02,PF-WDF02,AR90040,payfree,2026-05-13,1,3.0,5.1,EUR
CN-WDF02-001637,WDF02,PF-WDF02,AR00189,payfree,2026-05-13,1,3.0,6.6,EUR
CN-WDF02-001638,WDF02,PF-WDF02,AR90037,payfree,2026-05-13,1,2.0,3.0,EUR
CN-WDF02-001639,WDF02,PF-WDF02,AR90027,payfree,2026-05-13,1,2.0,3.2,EUR
CN-WDF02-001640,WDF02,PF-WDF02,AR90010,payfree,2026-05-13,1,3.0,6.6,EUR
CN-WDF02-001641,WDF02,PF-WDF02,AR00433,payfree,2026-05-13,1,3.0,11.67,EUR
CN-WDF02-001642,WDF02,PF-WDF02,AR00076,payfree,2026-05-13,1,3.0,16.5,EUR
CN-WDF02-001643,WDF02,SM-WDF02,AR90009,smart,2026-05-13,1,1.0,1.6,EUR
CN-WDF02-001644,WDF02,SM-WDF02,AR00158,smart,2026-05-13,1,3.0,11.4,EUR
CN-WDF02-001645,WDF02,SM-WDF02,IKA018,smart,2026-05-13,1,3.0,6.3,EUR
CN-WDF02-001646,WDF02,SM-WDF02,AR90054,smart,2026-05-13,1,1.0,1.7,EUR
CN-WDF02-001647,WDF02,PF-WDF02,AR00346,payfree,2026-05-14,1,1.0,3.9,EUR
CN-WDF02-001648,WDF02,PF-WDF02,AR00121,payfree,2026-05-14,1,2.0,4.4,EUR
CN-WDF02-001649,WDF02,PF-WDF02,AR00317,payfree,2026-05-14,1,2.0,5.0,EUR
CN-WDF02-001650,WDF02,PF-WDF02,AR00061,payfree,2026-05-14,1,1.0,2.5,EUR
CN-WDF02-001651,WDF02,SM-WDF02,AR00008,smart,2026-05-14,1,3.0,5.4,EUR
CN-WDF02-001652,WDF02,SM-WDF02,AR90012,smart,2026-05-14,1,1.0,1.7,EUR
CN-WDF02-001653,WDF02,PF-WDF02,AR00281,payfree,2026-05-15,1,3.0,9.75,EUR
CN-WDF02-001654,WDF02,PF-WDF02,AR00288,payfree,2026-05-18,1,1.0,2.4,EUR
CN-WDF02-001655,WDF02,PF-WDF02,AR00166,payfree,2026-05-18,1,1.0,3.8,EUR
CN-WDF02-001656,WDF02,SM-WDF02,AR00022,smart,2026-05-18,1,1.0,3.9,EUR
CN-WDF02-001657,WDF02,SM-WDF02,IKA018,smart,2026-05-18,1,1.0,2.1,EUR
CN-WDF02-001658,WDF02,SM-WDF02,AR00026,smart,2026-05-18,1,1.0,1.2,EUR
CN-WDF02-001659,WDF02,PF-WDF02,AR00383,payfree,2026-05-19,1,1.0,3.25,EUR
CN-WDF02-001660,WDF02,PF-WDF02,AR00009,payfree,2026-05-19,1,3.0,3.0,EUR
CN-WDF02-001661,WDF02,PF-WDF02,AR00081,payfree,2026-05-19,1,3.0,7.5,EUR
CN-WDF02-001662,WDF02,PF-WDF02,AR00359,payfree,2026-05-19,1,1.0,7.9,EUR
CN-WDF02-001663,WDF02,PF-WDF02,AR00393,payfree,2026-05-19,1,2.0,5.5,EUR
CN-WDF02-001664,WDF02,SM-WDF02,AR00011,smart,2026-05-19,1,3.0,3.0,EUR
CN-WDF02-001665,WDF02,SM-WDF02,AR00274,smart,2026-05-19,1,2.0,4.8,EUR
CN-WDF02-001666,WDF02,SM-WDF02,AR00208,smart,2026-05-19,1,2.0,1.0,EUR
CN-WDF02-001667,WDF02,SM-WDF02,AR90034,smart,2026-05-19,1,2.0,3.4,EUR
CN-WDF02-001668,WDF02,PF-WDF02,AR00030,payfree,2026-05-20,1,1.0,3.5,EUR
CN-WDF02-001669,WDF02,PF-WDF02,AR00402,payfree,2026-05-20,1,2.0,2.4,EUR
CN-WDF02-001670,WDF02,PF-WDF02,AR00050,payfree,2026-05-20,1,1.0,12.9,EUR
CN-WDF02-001671,WDF02,SM-WDF02,AR00005,smart,2026-05-20,1,3.0,3.0,EUR
CN-WDF02-001672,WDF02,SM-WDF02,AR00015,smart,2026-05-20,1,1.0,3.3,EUR
CN-WDF02-001673,WDF02,PF-WDF02,AR00132,payfree,2026-05-21,1,3.0,20.7,EUR
CN-WDF02-001674,WDF02,PF-WDF02,AR90018,payfree,2026-05-21,1,1.0,1.95,EUR
CN-WDF02-001675,WDF02,PF-WDF02,AR00114,payfree,2026-05-21,1,2.0,2.8,EUR
CN-WDF02-001676,WDF02,PF-WDF02,AR00082,payfree,2026-05-21,1,1.0,2.9,EUR
CN-WDF02-001677,WDF02,PF-WDF02,AR00456,payfree,2026-05-21,1,2.0,23.0,EUR
CN-WDF02-001678,WDF02,PF-WDF02,AR00134,payfree,2026-05-21,1,3.0,10.5,EUR
CN-WDF02-001679,WDF02,SM-WDF02,AR00129,smart,2026-05-21,1,1.0,1.4,EUR
CN-WDF02-001680,WDF02,SM-WDF02,AR00049,smart,2026-05-21,1,2.0,17.8,EUR
CN-WDF02-001681,WDF02,SM-WDF02,AR00071,smart,2026-05-21,1,3.0,8.7,EUR
CN-WDF02-001682,WDF02,PF-WDF02,AR00096,payfree,2026-05-22,1,2.0,7.9,EUR
CN-WDF02-001683,WDF02,PF-WDF02,AR90011,payfree,2026-05-25,1,2.0,3.4,EUR
CN-WDF02-001684,WDF02,PF-WDF02,AR00288,payfree,2026-05-25,1,3.0,7.2,EUR
CN-WDF02-001685,WDF02,PF-WDF02,AR00401,payfree,2026-05-25,1,3.0,3.6,EUR
CN-WDF02-001686,WDF02,SM-WDF02,AR00230,smart,2026-05-25,1,2.0,34.0,EUR
CN-WDF02-001687,WDF02,SM-WDF02,AR90054,smart,2026-05-25,1,3.0,5.1,EUR
CN-WDF02-001688,WDF02,MO-WDF02,AR00063,smart,2026-05-25,1,2.0,6.4,EUR
CN-WDF02-001689,WDF02,PF-WDF02,AR90004,payfree,2026-05-26,1,2.0,0.5,EUR
CN-WDF02-001690,WDF02,PF-WDF02,AR00228,payfree,2026-05-26,1,1.0,6.9,EUR
CN-WDF02-001691,WDF02,PF-WDF02,AR00151,payfree,2026-05-26,1,2.0,7.8,EUR
CN-WDF02-001692,WDF02,SM-WDF02,AR90003,smart,2026-05-26,1,3.0,0.45,EUR
CN-WDF02-001693,WDF02,SM-WDF02,AR00193,smart,2026-05-26,1,2.0,2.8,EUR
CN-WDF02-001694,WDF02,SM-WDF02,AR00049,smart,2026-05-26,1,1.0,8.9,EUR
CN-WDF02-001695,WDF02,PF-WDF02,AR00197,payfree,2026-05-27,1,1.0,1.8,EUR
CN-WDF02-001696,WDF02,PF-WDF02,AR00209,payfree,2026-05-27,1,1.0,0.5,EUR
CN-WDF02-001697,WDF02,PF-WDF02,SM0014,payfree,2026-05-27,1,1.0,0.99,EUR
CN-WDF02-001698,WDF02,PF-WDF02,AR00097,payfree,2026-05-27,1,1.0,4.3,EUR
CN-WDF02-001699,WDF02,SM-WDF02,AR90015,smart,2026-05-27,1,2.0,3.4,EUR
CN-WDF02-001700,WDF02,SM-WDF02,AR00270,smart,2026-05-27,1,3.0,7.5,EUR
CN-WDF02-001701,WDF02,SM-WDF02,AR00104,smart,2026-05-27,1,1.0,2.6,EUR
CN-WDF02-001702,WDF02,PF-WDF02,AR00306,payfree,2026-05-28,1,2.0,9.4,EUR
CN-WDF02-001703,WDF02,PF-WDF02,AR00154,payfree,2026-05-28,1,3.0,9.6,EUR
CN-WDF02-001704,WDF02,PF-WDF02,AR00271,payfree,2026-05-28,1,2.0,54.0,EUR
CN-WDF02-001705,WDF02,PF-WDF02,AR00346,payfree,2026-05-28,1,3.0,11.7,EUR
CN-WDF02-001706,WDF02,PF-WDF02,AR00076,payfree,2026-05-28,1,3.0,16.5,EUR
CN-WDF02-001707,WDF02,PF-WDF02,AR00376,payfree,2026-05-28,1,2.0,8.5,EUR
CN-WDF02-001708,WDF02,PF-WDF02,AR90018,payfree,2026-05-28,1,2.0,3.9,EUR
CN-WDF02-001709,WDF02,SM-WDF02,AR00356,smart,2026-05-28,1,1.0,5.5,EUR
CN-WDF02-001710,WDF02,SM-WDF02,AR00121,smart,2026-05-28,1,3.0,6.6,EUR
CN-WDF02-001711,WDF02,PF-WDF02,AR00094,payfree,2026-05-29,1,2.0,0.6,EUR
CN-WDF02-001712,WDF02,PF-WDF02,AR00063,payfree,2026-05-29,1,3.0,9.6,EUR
CN-WDF02-001713,WDF02,SM-WDF02,AR00022,smart,2026-05-29,1,1.0,3.9,EUR
CN-WDF02-001714,WDF02,SM-WDF02,AR00113,smart,2026-05-29,1,2.0,3.8,EUR
CN-WDF02-001715,WDF02,SM-WDF02,AR00327,smart,2026-05-29,1,2.0,7.9,EUR
CN-WDF02-001716,WDF02,MO-WDF02,AR00453,smart,2026-05-29,1,2.0,4.2,EUR
CN-WDF02-001717,WDF02,PF-WDF02,AR00089,payfree,2026-06-01,1,1.0,2.2,EUR
CN-WDF02-001718,WDF02,PF-WDF02,AR00132,payfree,2026-06-01,1,1.0,6.9,EUR
CN-WDF02-001719,WDF02,PF-WDF02,AR00403,payfree,2026-06-01,1,2.0,2.4,EUR
CN-WDF02-001720,WDF02,PF-WDF02,AR00138,payfree,2026-06-01,1,3.0,6.0,EUR
CN-WDF02-001721,WDF02,PF-WDF02,AR00057,payfree,2026-06-01,1,3.0,7.5,EUR
CN-WDF02-001722,WDF02,SM-WDF02,AR00011,smart,2026-06-01,1,3.0,3.0,EUR
CN-WDF02-001723,WDF02,PF-WDF02,AR00302,payfree,2026-06-02,1,2.0,7.9,EUR
CN-WDF02-001724,WDF02,PF-WDF02,AR00283,payfree,2026-06-02,1,3.0,8.85,EUR
CN-WDF02-001725,WDF02,PF-WDF02,AR00030,payfree,2026-06-02,1,1.0,3.5,EUR
CN-WDF02-001726,WDF02,SM-WDF02,AR00021,smart,2026-06-02,1,2.0,7.8,EUR
CN-WDF02-001727,WDF02,SM-WDF02,AR00294,smart,2026-06-02,1,3.0,6.6,EUR
CN-WDF02-001728,WDF02,SM-WDF02,AR00286,smart,2026-06-03,1,2.0,2.4,EUR
CN-WDF02-001729,WDF02,SM-WDF02,AR00186,smart,2026-06-03,1,3.0,7.5,EUR
CN-WDF02-001730,WDF02,SM-WDF02,AR00020,smart,2026-06-03,1,3.0,11.7,EUR
CN-WDF02-001731,WDF02,SM-WDF02,AR00126,smart,2026-06-03,1,3.0,5.7,EUR
CN-WDF02-001732,WDF02,PF-WDF02,AR00211,payfree,2026-06-04,1,3.0,3.6,EUR
CN-WDF02-001733,WDF02,SM-WDF02,AR00416,smart,2026-06-04,1,1.0,2.0,EUR
CN-WDF02-001734,WDF02,SM-WDF02,AR00084,smart,2026-06-04,1,1.0,2.0,EUR
CN-WDF02-001735,WDF02,PF-WDF02,AR00113,payfree,2026-06-05,1,3.0,5.7,EUR
CN-WDF02-001736,WDF02,PF-WDF02,AR00133,payfree,2026-06-05,1,1.0,3.5,EUR
CN-WDF02-001737,WDF02,PF-WDF02,AR00393,payfree,2026-06-05,1,3.0,8.25,EUR
CN-WDF02-001738,WDF02,PF-WDF02,AR00346,payfree,2026-06-05,1,3.0,11.7,EUR
CN-WDF02-001739,WDF02,PF-WDF02,AR00407,payfree,2026-06-05,1,2.0,6.4,EUR
CN-WDF02-001740,WDF02,PF-WDF02,AR00223,payfree,2026-06-05,1,3.0,2.1,EUR
CN-WDF02-001741,WDF02,PF-WDF02,AR00018,payfree,2026-06-05,1,3.0,5.4,EUR
CN-WDF02-001742,WDF02,PF-WDF02,AR00303,payfree,2026-06-05,1,2.0,11.3,EUR
CN-WDF02-001743,WDF02,SM-WDF02,AR00366,smart,2026-06-05,1,3.0,11.25,EUR
CN-WDF02-001744,WDF02,SM-WDF02,AR00207,smart,2026-06-05,1,2.0,2.0,EUR
CN-WDF02-001745,WDF02,PF-WDF02,AR00003,payfree,2026-06-08,1,1.0,1.0,EUR
CN-WDF02-001746,WDF02,PF-WDF02,AR00278,payfree,2026-06-08,1,3.0,35.7,EUR
CN-WDF02-001747,WDF02,PF-WDF02,AR00332,payfree,2026-06-08,1,1.0,2.25,EUR
CN-WDF02-001748,WDF02,SM-WDF02,AR90030,smart,2026-06-08,1,3.0,4.8,EUR
CN-WDF02-001749,WDF02,PF-WDF02,AR00228,payfree,2026-06-09,1,2.0,13.8,EUR
CN-WDF02-001750,WDF02,PF-WDF02,AR00290,payfree,2026-06-09,1,3.0,6.6,EUR
CN-WDF02-001751,WDF02,SM-WDF02,AR00359,smart,2026-06-09,1,3.0,23.7,EUR
CN-WDF02-001752,WDF02,PF-WDF02,AR00432,payfree,2026-06-10,1,1.0,3.5,EUR
CN-WDF02-001753,WDF02,PF-WDF02,AR00344,payfree,2026-06-10,1,3.0,11.7,EUR
CN-WDF02-001754,WDF02,PF-WDF02,AR00193,payfree,2026-06-10,1,3.0,4.2,EUR
CN-WDF02-001755,WDF02,PF-WDF02,AR00023,payfree,2026-06-10,1,3.0,5.4,EUR
CN-WDF02-001756,WDF02,PF-WDF02,AR00001,payfree,2026-06-10,1,2.0,2.0,EUR
CN-WDF02-001757,WDF02,SM-WDF02,AR00207,smart,2026-06-10,1,2.0,2.0,EUR
CN-WDF02-001758,WDF02,SM-WDF02,AR90003,smart,2026-06-10,1,3.0,0.45,EUR
CN-WDF02-001759,WDF02,SM-WDF02,AR00285,smart,2026-06-10,1,3.0,8.85,EUR
CN-WDF02-001760,WDF02,PF-WDF02,AR00185,payfree,2026-06-11,1,3.0,6.75,EUR
CN-WDF02-001761,WDF02,PF-WDF02,AR00156,payfree,2026-06-11,1,2.0,7.9,EUR
CN-WDF02-001762,WDF02,PF-WDF02,AR00033,payfree,2026-06-11,1,3.0,10.35,EUR
CN-WDF02-001763,WDF02,PF-WDF02,AR00094,payfree,2026-06-11,1,1.0,0.3,EUR
CN-WDF02-001764,WDF02,PF-WDF02,AR00069,payfree,2026-06-11,1,2.0,5.0,EUR
CN-WDF02-001765,WDF02,PF-WDF02,AR00392,payfree,2026-06-11,1,1.0,2.75,EUR
CN-WDF02-001766,WDF02,PF-WDF02,AR00105,payfree,2026-06-11,1,3.0,11.85,EUR
CN-WDF02-001767,WDF02,SM-WDF02,AR00240,smart,2026-06-11,1,1.0,1.9,EUR
CN-WDF02-001768,WDF02,SM-WDF02,AR00433,smart,2026-06-11,1,3.0,11.67,EUR
CN-WDF02-001769,WDF02,SM-WDF02,AR00010,smart,2026-06-11,1,1.0,1.0,EUR
CN-WDF02-001770,WDF02,PF-WDF02,AR00285,payfree,2026-06-12,1,2.0,5.9,EUR
CN-WDF02-001771,WDF02,PF-WDF02,AR90018,payfree,2026-06-12,1,1.0,1.95,EUR
CN-WDF02-001772,WDF02,PF-WDF02,AR00056,payfree,2026-06-12,1,2.0,5.0,EUR
CN-WDF02-001773,WDF02,SM-WDF02,AR00390,smart,2026-06-12,1,2.0,88.0,EUR
CN-WDF02-001774,WDF02,PF-WDF02,AR00333,payfree,2026-06-15,1,1.0,2.25,EUR
CN-WDF02-001775,WDF02,PF-WDF02,AR00376,payfree,2026-06-15,1,1.0,4.25,EUR
CN-WDF02-001776,WDF02,PF-WDF02,AR00312,payfree,2026-06-15,1,3.0,7.5,EUR
CN-WDF02-001777,WDF02,SM-WDF02,AR00113,smart,2026-06-15,1,1.0,1.9,EUR
CN-WDF02-001778,WDF02,SM-WDF02,AR00175,smart,2026-06-15,1,1.0,2.5,EUR
CN-WDF02-001779,WDF02,PF-WDF02,AR00054,payfree,2026-06-16,1,3.0,3.0,EUR
CN-WDF02-001780,WDF02,PF-WDF02,AR00236,payfree,2026-06-16,1,1.0,16.0,EUR
CN-WDF02-001781,WDF02,PF-WDF02,AR00288,payfree,2026-06-16,1,1.0,2.4,EUR
CN-WDF02-001782,WDF02,PF-WDF02,AR00106,payfree,2026-06-16,1,1.0,3.9,EUR
CN-WDF02-001783,WDF02,PF-WDF02,AR00023,payfree,2026-06-16,1,2.0,3.6,EUR
CN-WDF02-001784,WDF02,PF-WDF02,AR00281,payfree,2026-06-16,1,1.0,3.25,EUR
CN-WDF02-001785,WDF02,PF-WDF02,AR00219,payfree,2026-06-16,1,3.0,5.7,EUR
CN-WDF02-001786,WDF02,SM-WDF02,AR00031,smart,2026-06-16,1,3.0,4.5,EUR
CN-WDF02-001787,WDF02,PF-WDF02,AR00145,payfree,2026-06-17,1,1.0,1.1,EUR
CN-WDF02-001788,WDF02,PF-WDF02,AR00154,payfree,2026-06-17,1,3.0,9.6,EUR
CN-WDF02-001789,WDF02,PF-WDF02,AR00331,payfree,2026-06-18,1,1.0,19.5,EUR
CN-WDF02-001790,WDF02,PF-WDF02,AR00057,payfree,2026-06-18,1,3.0,7.5,EUR
CN-WDF02-001791,WDF02,PF-WDF02,AR00154,payfree,2026-06-18,1,3.0,9.6,EUR
CN-WDF02-001792,WDF02,PF-WDF02,AR00201,payfree,2026-06-18,1,2.0,54.0,EUR
CN-WDF02-001793,WDF02,PF-WDF02,AR00377,payfree,2026-06-18,1,3.0,12.75,EUR
CN-WDF02-001794,WDF02,PF-WDF02,AR00105,payfree,2026-06-18,1,3.0,11.85,EUR
CN-WDF02-001795,WDF02,PF-WDF02,AR00186,payfree,2026-06-18,1,2.0,5.0,EUR
CN-WDF02-001796,WDF02,PF-WDF02,IKA018,payfree,2026-06-18,1,3.0,6.3,EUR
CN-WDF02-001797,WDF02,PF-WDF02,AR00151,payfree,2026-06-18,1,3.0,11.7,EUR
CN-WDF02-001798,WDF02,SM-WDF02,AR00415,smart,2026-06-18,1,3.0,4.5,EUR
CN-WDF02-001799,WDF02,MO-WDF02,AR00191,smart,2026-06-18,1,1.0,1.8,EUR
CN-WDF02-001800,WDF02,PF-WDF02,AR00142,payfree,2026-06-19,1,3.0,5.4,EUR
CN-WDF02-001801,WDF02,PF-WDF02,AR00378,payfree,2026-06-19,1,2.0,8.5,EUR
CN-WDF02-001802,WDF02,PF-WDF02,AR00187,payfree,2026-06-19,1,1.0,2.5,EUR
CN-WDF02-001803,WDF02,PF-WDF02,AR00156,payfree,2026-06-19,1,3.0,11.85,EUR
CN-WDF02-001804,WDF02,PF-WDF02,AR00151,payfree,2026-06-19,1,3.0,11.7,EUR
CN-WDF02-001805,WDF02,PF-WDF02,AR00404,payfree,2026-06-19,1,1.0,1.2,EUR
CN-WDF02-001806,WDF02,PF-WDF02,AR00152,payfree,2026-06-19,1,3.0,11.85,EUR
CN-WDF02-001807,WDF02,PF-WDF02,AR00398,payfree,2026-06-19,1,2.0,4.7,EUR
CN-WDF02-001808,WDF02,SM-WDF02,AR00154,smart,2026-06-19,1,2.0,6.4,EUR
CN-WDF02-001809,WDF02,SM-WDF02,AR00151,smart,2026-06-19,1,2.0,7.8,EUR
CN-WDF02-001810,WDF02,PF-WDF02,AR00281,payfree,2026-06-22,1,2.0,6.5,EUR
CN-WDF02-001811,WDF02,PF-WDF02,AR00417,payfree,2026-06-22,1,3.0,132.0,EUR
CN-WDF02-001812,WDF02,PF-WDF02,AR00383,payfree,2026-06-22,1,3.0,9.75,EUR
CN-WDF02-001813,WDF02,PF-WDF02,AR90023,payfree,2026-06-22,1,3.0,4.8,EUR
CN-WDF02-001814,WDF02,SM-WDF02,AR90035,smart,2026-06-22,1,2.0,3.4,EUR
CN-WDF02-001815,WDF02,SM-WDF02,AR00327,smart,2026-06-22,1,3.0,11.85,EUR
CN-WDF02-001816,WDF02,SM-WDF02,AR00152,smart,2026-06-22,1,3.0,11.85,EUR
CN-WDF02-001817,WDF02,PF-WDF02,SM0015,payfree,2026-06-23,1,1.0,3.95,EUR
CN-WDF02-001818,WDF02,PF-WDF02,AR00161,payfree,2026-06-23,1,1.0,3.8,EUR
CN-WDF02-001819,WDF02,PF-WDF02,SM0016,payfree,2026-06-23,1,2.0,7.9,EUR
CN-WDF02-001820,WDF02,PF-WDF02,AR00004,payfree,2026-06-23,1,2.0,1.0,EUR
CN-WDF02-001821,WDF02,PF-WDF02,AR00219,payfree,2026-06-23,1,1.0,1.9,EUR
CN-WDF02-001822,WDF02,PF-WDF02,AR00325,payfree,2026-06-23,1,2.0,7.9,EUR
CN-WDF02-001823,WDF02,PF-WDF02,AR00222,payfree,2026-06-23,1,2.0,2.0,EUR
CN-WDF02-001824,WDF02,PF-WDF02,AR00236,payfree,2026-06-23,1,1.0,16.0,EUR
CN-WDF02-001825,WDF02,SM-WDF02,AR00406,smart,2026-06-23,1,3.0,9.6,EUR
CN-WDF02-001826,WDF02,SM-WDF02,AR00096,smart,2026-06-23,1,1.0,3.95,EUR
CN-WDF02-001827,WDF02,MO-WDF02,AR00277,smart,2026-06-23,1,2.0,15.8,EUR
CN-WDF02-001828,WDF02,PF-WDF02,AR00159,payfree,2026-06-24,1,3.0,11.4,EUR
CN-WDF02-001829,WDF02,PF-WDF02,AR00154,payfree,2026-06-24,1,2.0,6.4,EUR
CN-WDF02-001830,WDF02,PF-WDF02,AR00229,payfree,2026-06-24,1,3.0,45.0,EUR
CN-WDF02-001831,WDF02,SM-WDF02,AR00219,smart,2026-06-24,1,1.0,1.9,EUR
CN-WDF02-001832,WDF02,SM-WDF02,AR00380,smart,2026-06-24,1,3.0,11.25,EUR
CN-WDF02-001833,WDF02,SM-WDF02,AR90053,smart,2026-06-24,1,1.0,2.0,EUR
CN-WDF02-001834,WDF02,SM-WDF02,AR00157,smart,2026-06-24,1,2.0,7.6,EUR
CN-WDF02-001835,WDF02,PF-WDF02,AR00006,payfree,2026-06-25,1,3.0,5.4,EUR
CN-WDF02-001836,WDF02,SM-WDF02,AR00397,smart,2026-06-25,1,3.0,7.5,EUR
CN-WDF02-001837,WDF02,PF-WDF02,AR00135,payfree,2026-06-26,1,1.0,3.5,EUR
CN-WDF02-001838,WDF02,PF-WDF02,AR00066,payfree,2026-06-26,1,2.0,5.0,EUR
CN-WDF02-001839,WDF02,PF-WDF02,AR00110,payfree,2026-06-26,1,2.0,7.0,EUR
CN-WDF02-001840,WDF02,PF-WDF02,AR00113,payfree,2026-06-26,1,2.0,3.8,EUR
CN-WDF02-001841,WDF02,SM-WDF02,AR00147,smart,2026-06-26,1,1.0,4.9,EUR
CN-WDF02-001842,WDF02,PF-WDF02,AR00323,payfree,2026-06-29,1,1.0,3.3,EUR
CN-WDF02-001843,WDF02,SM-WDF02,AR00400,smart,2026-06-29,1,1.0,1.2,EUR
CN-WDF02-001844,WDF02,SM-WDF02,AR00185,smart,2026-06-29,1,3.0,6.75,EUR
CN-WDF02-001845,WDF02,PF-WDF02,AR00456,payfree,2026-06-30,1,2.0,23.0,EUR
CN-WDF02-001846,WDF02,PF-WDF02,AR00204,payfree,2026-06-30,1,2.0,3.6,EUR
CN-WDF02-001847,WDF02,PF-WDF02,AR00041,payfree,2026-06-30,1,1.0,3.3,EUR
CN-WDF02-001848,WDF02,PF-WDF02,AR00359,payfree,2026-06-30,1,2.0,15.8,EUR
CN-WDF02-001849,WDF02,PF-WDF02,AR00061,payfree,2026-06-30,1,3.0,7.5,EUR
CN-WDF02-001850,WDF02,PF-WDF02,AR90050,payfree,2026-06-30,1,1.0,1.6,EUR
CN-WDF02-001851,WDF02,SM-WDF02,AR00089,smart,2026-06-30,1,2.0,4.4,EUR
CN-WDF02-001852,WDF02,SM-WDF02,AR00004,smart,2026-06-30,1,1.0,0.5,EUR
CN-WDF02-001853,WDF02,SM-WDF02,AR00138,smart,2026-06-30,1,2.0,4.0,EUR
CN-WDF02-001854,WDF02,SM-WDF02,AR00280,smart,2026-06-30,1,1.0,11.9,EUR
CN-WDF02-001855,WDF02,PF-WDF02,AR00027,payfree,2026-07-01,1,2.0,2.4,EUR
CN-WDF02-001856,WDF02,SM-WDF02,AR00359,smart,2026-07-01,1,1.0,7.9,EUR
CN-WDF02-001857,WDF02,SM-WDF02,AR00027,smart,2026-07-01,1,2.0,2.4,EUR
CN-WDF02-001858,WDF02,SM-WDF02,AR00319,smart,2026-07-01,1,1.0,1.2,EUR
CN-WDF02-001859,WDF02,SM-WDF02,AR00154,smart,2026-07-01,1,2.0,6.4,EUR
CN-WDF02-001860,WDF02,PF-WDF02,AR00157,payfree,2026-07-02,1,3.0,11.4,EUR
CN-WDF02-001861,WDF02,PF-WDF02,AR00190,payfree,2026-07-02,1,3.0,4.5,EUR
CN-WDF02-001862,WDF02,PF-WDF02,AR00008,payfree,2026-07-02,1,2.0,3.6,EUR
CN-WDF02-001863,WDF02,SM-WDF02,AR00133,smart,2026-07-02,1,3.0,10.5,EUR
CN-WDF02-001864,WDF02,PF-WDF02,AR00365,payfree,2026-07-03,1,1.0,3.75,EUR
CN-WDF02-001865,WDF02,PF-WDF02,AR00216,payfree,2026-07-03,1,1.0,6.9,EUR
CN-WDF02-001866,WDF02,PF-WDF02,AR00165,payfree,2026-07-03,1,2.0,7.6,EUR
CN-WDF02-001867,WDF02,PF-WDF02,AR00324,payfree,2026-07-03,1,2.0,6.6,EUR
CN-WDF02-001868,WDF02,PF-WDF02,AR00024,payfree,2026-07-03,1,1.0,2.5,EUR
CN-WDF02-001869,WDF02,PF-WDF02,AR00029,payfree,2026-07-03,1,2.0,7.0,EUR
CN-WDF02-001870,WDF02,PF-WDF02,AR00087,payfree,2026-07-03,1,1.0,1.5,EUR
CN-WDF02-001871,WDF02,PF-WDF02,AR00129,payfree,2026-07-03,1,2.0,2.8,EUR
CN-WDF02-001872,WDF02,PF-WDF02,AR90039,payfree,2026-07-03,1,2.0,3.0,EUR
CN-WDF02-001873,WDF02,SM-WDF02,AR00317,smart,2026-07-03,1,2.0,5.0,EUR
CN-STR01-001874,STR01,PF-STR01,AR00380,payfree,2026-01-01,1,2.0,7.5,EUR
CN-STR01-001875,STR01,PF-STR01,AR00105,payfree,2026-01-02,1,1.0,3.95,EUR
CN-STR01-001876,STR01,PF-STR01,AR00021,payfree,2026-01-02,1,3.0,11.7,EUR
CN-STR01-001877,STR01,PF-STR01,AR00276,payfree,2026-01-02,1,2.0,4.8,EUR
CN-STR01-001878,STR01,PF-STR01,AR00177,payfree,2026-01-02,1,3.0,4.2,EUR
CN-STR01-001879,STR01,SM-STR01,AR00177,smart,2026-01-02,1,1.0,1.4,EUR
CN-STR01-001880,STR01,SM-STR01,AR00375,smart,2026-01-02,1,1.0,4.95,EUR
CN-STR01-001881,STR01,SM-STR01,AR00373,smart,2026-01-02,1,2.0,9.9,EUR
CN-STR01-001882,STR01,PF-STR01,AR00319,payfree,2026-01-05,1,3.0,3.6,EUR
CN-STR01-001883,STR01,PF-STR01,AR00381,payfree,2026-01-05,1,2.0,7.5,EUR
CN-STR01-001884,STR01,PF-STR01,AR00401,payfree,2026-01-05,1,1.0,1.2,EUR
CN-STR01-001885,STR01,PF-STR01,AR90050,payfree,2026-01-05,1,1.0,1.6,EUR
CN-STR01-001886,STR01,PF-STR01,AR00040,payfree,2026-01-05,1,2.0,6.6,EUR
CN-STR01-001887,STR01,PF-STR01,AR00349,payfree,2026-01-05,1,3.0,19.8,EUR
CN-STR01-001888,STR01,MO-STR01,AR00271,smart,2026-01-05,1,3.0,81.0,EUR
CN-STR01-001889,STR01,PF-STR01,AR00146,payfree,2026-01-06,1,2.0,7.9,EUR
CN-STR01-001890,STR01,PF-STR01,AR00454,payfree,2026-01-06,1,2.0,5.8,EUR
CN-STR01-001891,STR01,PF-STR01,AR00106,payfree,2026-01-06,1,3.0,11.7,EUR
CN-STR01-001892,STR01,PF-STR01,AR00115,payfree,2026-01-06,1,3.0,10.5,EUR
CN-STR01-001893,STR01,PF-STR01,AR90010,payfree,2026-01-07,1,3.0,6.6,EUR
CN-STR01-001894,STR01,PF-STR01,AR90030,payfree,2026-01-07,1,3.0,4.8,EUR
CN-STR01-001895,STR01,SM-STR01,AR00038,smart,2026-01-07,1,1.0,4.95,EUR
CN-STR01-001896,STR01,SM-STR01,AR00098,smart,2026-01-07,1,1.0,5.75,EUR
CN-STR01-001897,STR01,SM-STR01,AR00387,smart,2026-01-07,1,3.0,9.0,EUR
CN-STR01-001898,STR01,SM-STR01,AR00360,smart,2026-01-07,1,3.0,44.7,EUR
CN-STR01-001899,STR01,PF-STR01,AR00325,payfree,2026-01-08,1,3.0,11.85,EUR
CN-STR01-001900,STR01,PF-STR01,AR00301,payfree,2026-01-08,1,3.0,11.85,EUR
CN-STR01-001901,STR01,PF-STR01,AR00066,payfree,2026-01-08,1,3.0,7.5,EUR
CN-STR01-001902,STR01,SM-STR01,AR00165,smart,2026-01-08,1,3.0,11.4,EUR
CN-STR01-001903,STR01,SM-STR01,AR00270,smart,2026-01-08,1,3.0,7.5,EUR
CN-STR01-001904,STR01,SM-STR01,AR00114,smart,2026-01-08,1,3.0,4.2,EUR
CN-STR01-001905,STR01,SM-STR01,AR00331,smart,2026-01-08,1,1.0,19.5,EUR
CN-STR01-001906,STR01,PF-STR01,AR00158,payfree,2026-01-09,1,2.0,7.6,EUR
CN-STR01-001907,STR01,PF-STR01,AR00020,payfree,2026-01-09,1,3.0,11.7,EUR
CN-STR01-001908,STR01,PF-STR01,AR00278,payfree,2026-01-09,1,3.0,35.7,EUR
CN-STR01-001909,STR01,SM-STR01,AR90051,smart,2026-01-09,1,1.0,1.6,EUR
CN-STR01-001910,STR01,SM-STR01,AR00327,smart,2026-01-09,1,3.0,11.85,EUR
CN-STR01-001911,STR01,SM-STR01,AR00415,smart,2026-01-09,1,1.0,1.5,EUR
CN-STR01-001912,STR01,SM-STR01,AR00197,smart,2026-01-09,1,3.0,5.4,EUR
CN-STR01-001913,STR01,PF-STR01,AR00022,payfree,2026-01-12,1,3.0,11.7,EUR
CN-STR01-001914,STR01,PF-STR01,AR00031,payfree,2026-01-12,1,2.0,3.0,EUR
CN-STR01-001915,STR01,PF-STR01,AR00169,payfree,2026-01-12,1,1.0,2.5,EUR
CN-STR01-001916,STR01,PF-STR01,AR00373,payfree,2026-01-12,1,2.0,9.9,EUR
CN-STR01-001917,STR01,PF-STR01,AR00080,payfree,2026-01-12,1,1.0,2.5,EUR
CN-STR01-001918,STR01,PF-STR01,AR00383,payfree,2026-01-12,1,3.0,9.75,EUR
CN-STR01-001919,STR01,PF-STR01,AR00059,payfree,2026-01-12,1,3.0,7.5,EUR
CN-STR01-001920,STR01,SM-STR01,AR00025,smart,2026-01-12,1,3.0,7.5,EUR
CN-STR01-001921,STR01,SM-STR01,AR00441,smart,2026-01-12,1,1.0,2.79,EUR
CN-STR01-001922,STR01,SM-STR01,SM0018,smart,2026-01-12,1,1.0,3.95,EUR
CN-STR01-001923,STR01,SM-STR01,AR00013,smart,2026-01-12,1,2.0,3.6,EUR
CN-STR01-001924,STR01,PF-STR01,AR00216,payfree,2026-01-13,1,3.0,20.7,EUR
CN-STR01-001925,STR01,PF-STR01,AR00159,payfree,2026-01-14,1,1.0,3.8,EUR
CN-STR01-001926,STR01,PF-STR01,AR00319,payfree,2026-01-14,1,2.0,2.4,EUR
CN-STR01-001927,STR01,PF-STR01,AR00366,payfree,2026-01-14,1,3.0,11.25,EUR
CN-STR01-001928,STR01,PF-STR01,AR00416,payfree,2026-01-15,1,1.0,2.0,EUR
CN-STR01-001929,STR01,PF-STR01,AR00128,payfree,2026-01-15,1,2.0,8.0,EUR
CN-STR01-001930,STR01,PF-STR01,AR00398,payfree,2026-01-15,1,1.0,2.35,EUR
CN-STR01-001931,STR01,PF-STR01,AR00190,payfree,2026-01-15,1,3.0,4.5,EUR
CN-STR01-001932,STR01,PF-STR01,AR00151,payfree,2026-01-15,1,3.0,11.7,EUR
CN-STR01-001933,STR01,PF-STR01,AR00219,payfree,2026-01-15,1,1.0,1.9,EUR
CN-STR01-001934,STR01,PF-STR01,AR00080,payfree,2026-01-15,1,2.0,5.0,EUR
CN-STR01-001935,STR01,PF-STR01,AR00245,payfree,2026-01-16,1,3.0,9.3,EUR
CN-STR01-001936,STR01,PF-STR01,AR00120,payfree,2026-01-16,1,2.0,4.0,EUR
CN-STR01-001937,STR01,PF-STR01,AR00018,payfree,2026-01-16,1,2.0,3.6,EUR
CN-STR01-001938,STR01,PF-STR01,AR00349,payfree,2026-01-16,1,2.0,13.2,EUR
CN-STR01-001939,STR01,SM-STR01,AR00010,smart,2026-01-16,1,1.0,1.0,EUR
CN-STR01-001940,STR01,SM-STR01,AR90006,smart,2026-01-16,1,1.0,1.4,EUR
CN-STR01-001941,STR01,SM-STR01,AR00223,smart,2026-01-16,1,3.0,2.1,EUR
CN-STR01-001942,STR01,PF-STR01,AR00321,payfree,2026-01-19,1,2.0,2.4,EUR
CN-STR01-001943,STR01,PF-STR01,AR00164,payfree,2026-01-19,1,1.0,3.8,EUR
CN-STR01-001944,STR01,PF-STR01,AR00053,payfree,2026-01-19,1,1.0,3.4,EUR
CN-STR01-001945,STR01,PF-STR01,AR90051,payfree,2026-01-19,1,2.0,3.2,EUR
CN-STR01-001946,STR01,PF-STR01,AR00164,payfree,2026-01-19,1,2.0,7.6,EUR
CN-STR01-001947,STR01,PF-STR01,AR00417,payfree,2026-01-19,1,2.0,88.0,EUR
CN-STR01-001948,STR01,SM-STR01,AR00230,smart,2026-01-19,1,1.0,17.0,EUR
CN-STR01-001949,STR01,PF-STR01,AR00024,payfree,2026-01-20,1,2.0,5.0,EUR
CN-STR01-001950,STR01,PF-STR01,AR00274,payfree,2026-01-20,1,2.0,4.8,EUR
CN-STR01-001951,STR01,PF-STR01,AR00087,payfree,2026-01-20,1,2.0,3.0,EUR
CN-STR01-001952,STR01,PF-STR01,AR00060,payfree,2026-01-20,1,3.0,7.5,EUR
CN-STR01-001953,STR01,PF-STR01,AR00453,payfree,2026-01-20,1,2.0,4.2,EUR
CN-STR01-001954,STR01,PF-STR01,AR00323,payfree,2026-01-21,1,1.0,3.3,EUR
CN-STR01-001955,STR01,PF-STR01,AR00013,payfree,2026-01-21,1,1.0,1.8,EUR
CN-STR01-001956,STR01,PF-STR01,AR00118,payfree,2026-01-21,1,3.0,8.85,EUR
CN-STR01-001957,STR01,PF-STR01,AR90041,payfree,2026-01-21,1,3.0,5.1,EUR
CN-STR01-001958,STR01,PF-STR01,AR00047,payfree,2026-01-21,1,1.0,8.9,EUR
CN-STR01-001959,STR01,PF-STR01,AR00294,payfree,2026-01-21,1,3.0,6.6,EUR
CN-STR01-001960,STR01,PF-STR01,AR00194,payfree,2026-01-21,1,1.0,1.8,EUR
CN-STR01-001961,STR01,SM-STR01,AR90039,smart,2026-01-21,1,3.0,4.5,EUR
CN-STR01-001962,STR01,SM-STR01,AR00115,smart,2026-01-21,1,2.0,7.0,EUR
CN-STR01-001963,STR01,PF-STR01,AR00207,payfree,2026-01-22,1,3.0,3.0,EUR
CN-STR01-001964,STR01,PF-STR01,AR90012,payfree,2026-01-22,1,3.0,5.1,EUR
CN-STR01-001965,STR01,PF-STR01,AR00197,payfree,2026-01-22,1,3.0,5.4,EUR
CN-STR01-001966,STR01,PF-STR01,AR00071,payfree,2026-01-22,1,3.0,8.7,EUR
CN-STR01-001967,STR01,PF-STR01,AR00161,payfree,2026-01-22,1,1.0,3.8,EUR
CN-STR01-001968,STR01,PF-STR01,AR90040,payfree,2026-01-22,1,1.0,1.7,EUR
CN-STR01-001969,STR01,PF-STR01,AR00136,payfree,2026-01-22,1,3.0,8.1,EUR
CN-STR01-001970,STR01,SM-STR01,AR00289,smart,2026-01-22,1,1.0,2.2,EUR
CN-STR01-001971,STR01,SM-STR01,AR00198,smart,2026-01-22,1,3.0,6.0,EUR
CN-STR01-001972,STR01,SM-STR01,AR90040,smart,2026-01-22,1,2.0,3.4,EUR
CN-STR01-001973,STR01,SM-STR01,AR00294,smart,2026-01-22,1,2.0,4.4,EUR
CN-STR01-001974,STR01,MO-STR01,AR00033,smart,2026-01-22,1,2.0,6.9,EUR
CN-STR01-001975,STR01,PF-STR01,AR90031,payfree,2026-01-23,1,1.0,1.2,EUR
CN-STR01-001976,STR01,PF-STR01,AR00375,payfree,2026-01-23,1,1.0,4.95,EUR
CN-STR01-001977,STR01,PF-STR01,AR00289,payfree,2026-01-23,1,1.0,2.2,EUR
CN-STR01-001978,STR01,PF-STR01,AR00221,payfree,2026-01-23,1,1.0,1.0,EUR
CN-STR01-001979,STR01,PF-STR01,AR00104,payfree,2026-01-23,1,3.0,7.8,EUR
CN-STR01-001980,STR01,PF-STR01,AR90014,payfree,2026-01-23,1,1.0,1.7,EUR
CN-STR01-001981,STR01,PF-STR01,AR00071,payfree,2026-01-23,1,1.0,2.9,EUR
CN-STR01-001982,STR01,PF-STR01,AR00322,payfree,2026-01-23,1,3.0,3.6,EUR
CN-STR01-001983,STR01,PF-STR01,AR00082,payfree,2026-01-23,1,2.0,5.8,EUR
CN-STR01-001984,STR01,SM-STR01,AR00026,smart,2026-01-23,1,2.0,2.4,EUR
CN-STR01-001985,STR01,SM-STR01,AR00059,smart,2026-01-23,1,3.0,7.5,EUR
CN-STR01-001986,STR01,SM-STR01,AR00104,smart,2026-01-23,1,3.0,7.8,EUR
CN-STR01-001987,STR01,PF-STR01,AR90030,payfree,2026-01-26,1,1.0,1.6,EUR
CN-STR01-001988,STR01,PF-STR01,AR90042,payfree,2026-01-26,1,1.0,1.9,EUR
CN-STR01-001989,STR01,PF-STR01,AR00332,payfree,2026-01-26,1,2.0,4.5,EUR
CN-STR01-001990,STR01,PF-STR01,AR90034,payfree,2026-01-26,1,3.0,5.1,EUR
CN-STR01-001991,STR01,PF-STR01,AR00059,payfree,2026-01-26,1,2.0,5.0,EUR
CN-STR01-001992,STR01,SM-STR01,AR00153,smart,2026-01-26,1,1.0,3.5,EUR
CN-STR01-001993,STR01,SM-STR01,AR00027,smart,2026-01-26,1,1.0,1.2,EUR
CN-STR01-001994,STR01,SM-STR01,AR00390,smart,2026-01-27,1,2.0,88.0,EUR
CN-STR01-001995,STR01,PF-STR01,AR00344,payfree,2026-01-28,1,3.0,11.7,EUR
CN-STR01-001996,STR01,PF-STR01,AR00434,payfree,2026-01-28,1,2.0,7.78,EUR
CN-STR01-001997,STR01,PF-STR01,AR00062,payfree,2026-01-28,1,1.0,1.9,EUR
CN-STR01-001998,STR01,PF-STR01,AR00283,payfree,2026-01-28,1,1.0,2.95,EUR
CN-STR01-001999,STR01,PF-STR01,AR00396,payfree,2026-01-28,1,2.0,4.4,EUR
CN-STR01-002000,STR01,PF-STR01,AR00303,payfree,2026-01-28,1,2.0,11.3,EUR
CN-STR01-002001,STR01,PF-STR01,AR90042,payfree,2026-01-28,1,1.0,1.9,EUR
CN-STR01-002002,STR01,PF-STR01,AR00147,payfree,2026-01-30,1,3.0,14.7,EUR
CN-STR01-002003,STR01,PF-STR01,AR00448,payfree,2026-01-30,1,3.0,11.67,EUR
CN-STR01-002004,STR01,SM-STR01,AR00236,smart,2026-01-30,1,2.0,32.0,EUR
CN-STR01-002005,STR01,PF-STR01,AR00274,payfree,2026-02-02,1,1.0,2.4,EUR
CN-STR01-002006,STR01,PF-STR01,AR90023,payfree,2026-02-02,1,1.0,1.6,EUR
CN-STR01-002007,STR01,PF-STR01,AR90015,payfree,2026-02-02,1,3.0,5.1,EUR
CN-STR01-002008,STR01,PF-STR01,AR00400,payfree,2026-02-03,1,2.0,2.4,EUR
CN-STR01-002009,STR01,PF-STR01,AR00141,payfree,2026-02-03,1,2.0,5.0,EUR
CN-STR01-002010,STR01,PF-STR01,AR90013,payfree,2026-02-03,1,3.0,5.1,EUR
CN-STR01-002011,STR01,PF-STR01,AR00405,payfree,2026-02-03,1,3.0,3.6,EUR
CN-STR01-002012,STR01,PF-STR01,AR00210,payfree,2026-02-03,1,2.0,2.4,EUR
CN-STR01-002013,STR01,PF-STR01,SM0017,payfree,2026-02-03,1,3.0,5.97,EUR
CN-STR01-002014,STR01,SM-STR01,AR00284,smart,2026-02-03,1,3.0,7.05,EUR
CN-STR01-002015,STR01,SM-STR01,AR00132,smart,2026-02-03,1,1.0,6.9,EUR
CN-STR01-002016,STR01,SM-STR01,AR00171,smart,2026-02-03,1,3.0,11.85,EUR
CN-STR01-002017,STR01,SM-STR01,AR00064,smart,2026-02-03,1,2.0,5.0,EUR
CN-STR01-002018,STR01,PF-STR01,AR00001,payfree,2026-02-04,1,2.0,2.0,EUR
CN-STR01-002019,STR01,PF-STR01,AR00171,payfree,2026-02-04,1,1.0,3.95,EUR
CN-STR01-002020,STR01,SM-STR01,AR00301,smart,2026-02-04,1,1.0,3.95,EUR
CN-STR01-002021,STR01,SM-STR01,AR00282,smart,2026-02-04,1,2.0,5.9,EUR
CN-STR01-002022,STR01,SM-STR01,AR00147,smart,2026-02-04,1,1.0,4.9,EUR
CN-STR01-002023,STR01,PF-STR01,IKA018,payfree,2026-02-05,1,1.0,2.1,EUR
CN-STR01-002024,STR01,PF-STR01,SM0014,payfree,2026-02-05,1,3.0,2.97,EUR
CN-STR01-002025,STR01,PF-STR01,AR00097,payfree,2026-02-05,1,3.0,12.9,EUR
CN-STR01-002026,STR01,PF-STR01,AR00054,payfree,2026-02-05,1,3.0,3.0,EUR
CN-STR01-002027,STR01,PF-STR01,AR00282,payfree,2026-02-05,1,2.0,5.9,EUR
CN-STR01-002028,STR01,PF-STR01,AR00214,payfree,2026-02-05,1,1.0,1.0,EUR
CN-STR01-002029,STR01,PF-STR01,AR00149,payfree,2026-02-05,1,3.0,16.8,EUR
CN-STR01-002030,STR01,PF-STR01,AR00056,payfree,2026-02-05,1,3.0,7.5,EUR
CN-STR01-002031,STR01,PF-STR01,AR00129,payfree,2026-02-05,1,2.0,2.8,EUR
CN-STR01-002032,STR01,SM-STR01,AR00303,smart,2026-02-05,1,2.0,11.3,EUR
CN-STR01-002033,STR01,SM-STR01,AR90018,smart,2026-02-05,1,2.0,3.9,EUR
CN-STR01-002034,STR01,SM-STR01,AR00404,smart,2026-02-05,1,1.0,1.2,EUR
CN-STR01-002035,STR01,PF-STR01,AR90040,payfree,2026-02-06,1,1.0,1.7,EUR
CN-STR01-002036,STR01,PF-STR01,AR00241,payfree,2026-02-06,1,1.0,2.5,EUR
CN-STR01-002037,STR01,PF-STR01,AR00055,payfree,2026-02-06,1,2.0,5.0,EUR
CN-STR01-002038,STR01,PF-STR01,AR00330,payfree,2026-02-06,1,1.0,19.5,EUR
CN-STR01-002039,STR01,PF-STR01,AR00324,payfree,2026-02-06,1,2.0,6.6,EUR
CN-STR01-002040,STR01,PF-STR01,AR00047,payfree,2026-02-06,1,2.0,17.8,EUR
CN-STR01-002041,STR01,PF-STR01,AR00142,payfree,2026-02-06,1,1.0,1.8,EUR
CN-STR01-002042,STR01,PF-STR01,AR00207,payfree,2026-02-06,1,3.0,3.0,EUR
CN-STR01-002043,STR01,PF-STR01,AR00416,payfree,2026-02-06,1,3.0,6.0,EUR
CN-STR01-002044,STR01,SM-STR01,AR00404,smart,2026-02-06,1,1.0,1.2,EUR
CN-STR01-002045,STR01,SM-STR01,AR00131,smart,2026-02-06,1,2.0,13.8,EUR
CN-STR01-002046,STR01,SM-STR01,AR90003,smart,2026-02-06,1,3.0,0.45,EUR
CN-STR01-002047,STR01,PF-STR01,AR00068,payfree,2026-02-09,1,1.0,2.5,EUR
CN-STR01-002048,STR01,PF-STR01,AR00008,payfree,2026-02-09,1,2.0,3.6,EUR
CN-STR01-002049,STR01,PF-STR01,AR00064,payfree,2026-02-09,1,1.0,2.5,EUR
CN-STR01-002050,STR01,PF-STR01,AR00098,payfree,2026-02-09,1,3.0,17.25,EUR
CN-STR01-002051,STR01,PF-STR01,AR00403,payfree,2026-02-09,1,2.0,2.4,EUR
CN-STR01-002052,STR01,PF-STR01,AR00069,payfree,2026-02-09,1,2.0,5.0,EUR
CN-STR01-002053,STR01,PF-STR01,AR00212,payfree,2026-02-09,1,2.0,6.4,EUR
CN-STR01-002054,STR01,PF-STR01,AR00146,payfree,2026-02-09,1,1.0,3.95,EUR
CN-STR01-002055,STR01,PF-STR01,AR00157,payfree,2026-02-09,1,1.0,3.8,EUR
CN-STR01-002056,STR01,SM-STR01,AR00227,smart,2026-02-09,1,2.0,23.8,EUR
CN-STR01-002057,STR01,MO-STR01,AR00210,smart,2026-02-09,1,3.0,3.6,EUR
CN-STR01-002058,STR01,PF-STR01,AR00291,payfree,2026-02-10,1,1.0,2.2,EUR
CN-STR01-002059,STR01,PF-STR01,AR00030,payfree,2026-02-10,1,1.0,3.5,EUR
CN-STR01-002060,STR01,PF-STR01,AR00433,payfree,2026-02-10,1,1.0,3.89,EUR
CN-STR01-002061,STR01,PF-STR01,AR00110,payfree,2026-02-11,1,3.0,10.5,EUR
CN-STR01-002062,STR01,PF-STR01,AR00323,payfree,2026-02-11,1,3.0,9.9,EUR
CN-STR01-002063,STR01,PF-STR01,AR00387,payfree,2026-02-11,1,1.0,3.0,EUR
CN-STR01-002064,STR01,PF-STR01,AR00171,payfree,2026-02-11,1,3.0,11.85,EUR
CN-STR01-002065,STR01,SM-STR01,AR00176,smart,2026-02-11,1,3.0,4.2,EUR
CN-STR01-002066,STR01,SM-STR01,AR00319,smart,2026-02-11,1,2.0,2.4,EUR
CN-STR01-002067,STR01,SM-STR01,AR00366,smart,2026-02-11,1,1.0,3.75,EUR
CN-STR01-002068,STR01,SM-STR01,AR00137,smart,2026-02-11,1,3.0,8.1,EUR
CN-STR01-002069,STR01,PF-STR01,AR00301,payfree,2026-02-12,1,2.0,7.9,EUR
CN-STR01-002070,STR01,SM-STR01,AR00090,smart,2026-02-12,1,2.0,2.6,EUR
CN-STR01-002071,STR01,SM-STR01,AR00188,smart,2026-02-12,1,1.0,1.8,EUR
CN-STR01-002072,STR01,PF-STR01,AR00031,payfree,2026-02-13,1,3.0,4.5,EUR
CN-STR01-002073,STR01,PF-STR01,AR00146,payfree,2026-02-13,1,2.0,7.9,EUR
CN-STR01-002074,STR01,PF-STR01,AR00060,payfree,2026-02-13,1,2.0,5.0,EUR
CN-STR01-002075,STR01,PF-STR01,AR00219,payfree,2026-02-13,1,2.0,3.8,EUR
CN-STR01-002076,STR01,PF-STR01,AR00118,payfree,2026-02-13,1,1.0,2.95,EUR
CN-STR01-002077,STR01,PF-STR01,AR00214,payfree,2026-02-13,1,1.0,1.0,EUR
CN-STR01-002078,STR01,PF-STR01,AR00198,payfree,2026-02-13,1,1.0,2.0,EUR
CN-STR01-002079,STR01,PF-STR01,AR00210,payfree,2026-02-13,1,2.0,2.4,EUR
CN-STR01-002080,STR01,PF-STR01,AR00208,payfree,2026-02-13,1,2.0,1.0,EUR
CN-STR01-002081,STR01,PF-STR01,AR90035,payfree,2026-02-17,1,2.0,3.4,EUR
CN-STR01-002082,STR01,PF-STR01,AR00022,payfree,2026-02-17,1,1.0,3.9,EUR
CN-STR01-002083,STR01,PF-STR01,AR00285,payfree,2026-02-17,1,3.0,8.85,EUR
CN-STR01-002084,STR01,PF-STR01,AR00134,payfree,2026-02-17,1,3.0,10.5,EUR
CN-STR01-002085,STR01,PF-STR01,AR00441,payfree,2026-02-17,1,1.0,2.79,EUR
CN-STR01-002086,STR01,PF-STR01,AR90018,payfree,2026-02-17,1,3.0,5.85,EUR
CN-STR01-002087,STR01,PF-STR01,AR00069,payfree,2026-02-17,1,2.0,5.0,EUR
CN-STR01-002088,STR01,PF-STR01,AR00018,payfree,2026-02-17,1,3.0,5.4,EUR
CN-STR01-002089,STR01,PF-STR01,AR00236,payfree,2026-02-17,1,3.0,48.0,EUR
CN-STR01-002090,STR01,SM-STR01,AR00115,smart,2026-02-17,1,3.0,10.5,EUR
CN-STR01-002091,STR01,MO-STR01,AR90018,smart,2026-02-17,1,2.0,3.9,EUR
CN-STR01-002092,STR01,PF-STR01,AR00377,payfree,2026-02-18,1,1.0,4.25,EUR
CN-STR01-002093,STR01,PF-STR01,AR00188,payfree,2026-02-18,1,3.0,5.4,EUR
CN-STR01-002094,STR01,PF-STR01,AR00147,payfree,2026-02-18,1,2.0,9.8,EUR
CN-STR01-002095,STR01,MO-STR01,AR00081,smart,2026-02-18,1,3.0,7.5,EUR
CN-STR01-002096,STR01,PF-STR01,AR00024,payfree,2026-02-19,1,2.0,5.0,EUR
CN-STR01-002097,STR01,PF-STR01,AR00402,payfree,2026-02-19,1,2.0,2.4,EUR
CN-STR01-002098,STR01,PF-STR01,AR00304,payfree,2026-02-19,1,3.0,16.95,EUR
CN-STR01-002099,STR01,PF-STR01,AR00129,payfree,2026-02-19,1,1.0,1.4,EUR
CN-STR01-002100,STR01,PF-STR01,AR00024,payfree,2026-02-20,1,3.0,7.5,EUR
CN-STR01-002101,STR01,PF-STR01,AR90020,payfree,2026-02-20,1,3.0,5.85,EUR
CN-STR01-002102,STR01,PF-STR01,AR00074,payfree,2026-02-20,1,1.0,2.0,EUR
CN-STR01-002103,STR01,PF-STR01,AR00400,payfree,2026-02-20,1,2.0,2.4,EUR
CN-STR01-002104,STR01,PF-STR01,AR00129,payfree,2026-02-20,1,1.0,1.4,EUR
CN-STR01-002105,STR01,PF-STR01,SM0018,payfree,2026-02-23,1,3.0,11.85,EUR
CN-STR01-002106,STR01,SM-STR01,AR00317,smart,2026-02-23,1,1.0,2.5,EUR
CN-STR01-002107,STR01,SM-STR01,AR00291,smart,2026-02-23,1,1.0,2.2,EUR
CN-STR01-002108,STR01,SM-STR01,AR00282,smart,2026-02-23,1,2.0,5.9,EUR
CN-STR01-002109,STR01,SM-STR01,AR00294,smart,2026-02-23,1,2.0,4.4,EUR
CN-STR01-002110,STR01,PF-STR01,AR00203,payfree,2026-02-24,1,2.0,5.0,EUR
CN-STR01-002111,STR01,PF-STR01,AR00087,payfree,2026-02-24,1,3.0,4.5,EUR
CN-STR01-002112,STR01,PF-STR01,AR00314,payfree,2026-02-24,1,2.0,5.0,EUR
CN-STR01-002113,STR01,PF-STR01,SM0017,payfree,2026-02-24,1,2.0,3.98,EUR
CN-STR01-002114,STR01,PF-STR01,AR00319,payfree,2026-02-24,1,2.0,2.4,EUR
CN-STR01-002115,STR01,SM-STR01,AR00331,smart,2026-02-24,1,3.0,58.5,EUR
CN-STR01-002116,STR01,SM-STR01,AR00294,smart,2026-02-24,1,1.0,2.2,EUR
CN-STR01-002117,STR01,PF-STR01,AR00141,payfree,2026-02-25,1,1.0,2.5,EUR
CN-STR01-002118,STR01,PF-STR01,AR00204,payfree,2026-02-25,1,3.0,5.4,EUR
CN-STR01-002119,STR01,PF-STR01,AR00023,payfree,2026-02-25,1,1.0,1.8,EUR
CN-STR01-002120,STR01,PF-STR01,AR00294,payfree,2026-02-25,1,2.0,4.4,EUR
CN-STR01-002121,STR01,PF-STR01,AR00230,payfree,2026-02-25,1,1.0,17.0,EUR
CN-STR01-002122,STR01,PF-STR01,AR00136,payfree,2026-02-25,1,2.0,5.4,EUR
CN-STR01-002123,STR01,PF-STR01,AR00022,payfree,2026-02-25,1,2.0,7.8,EUR
CN-STR01-002124,STR01,PF-STR01,AR00080,payfree,2026-02-25,1,2.0,5.0,EUR
CN-STR01-002125,STR01,SM-STR01,AR00211,smart,2026-02-25,1,1.0,1.2,EUR
CN-STR01-002126,STR01,PF-STR01,AR00040,payfree,2026-02-26,1,1.0,3.3,EUR
CN-STR01-002127,STR01,PF-STR01,AR00175,payfree,2026-02-26,1,3.0,7.5,EUR
CN-STR01-002128,STR01,PF-STR01,AR00281,payfree,2026-02-26,1,3.0,9.75,EUR
CN-STR01-002129,STR01,PF-STR01,AR00027,payfree,2026-02-26,1,2.0,2.4,EUR
CN-STR01-002130,STR01,PF-STR01,AR00005,payfree,2026-02-26,1,3.0,3.0,EUR
CN-STR01-002131,STR01,PF-STR01,AR00188,payfree,2026-02-26,1,2.0,3.6,EUR
CN-STR01-002132,STR01,PF-STR01,AR00317,payfree,2026-02-26,1,2.0,5.0,EUR
CN-STR01-002133,STR01,PF-STR01,AR00069,payfree,2026-02-26,1,2.0,5.0,EUR
CN-STR01-002134,STR01,SM-STR01,AR00212,smart,2026-02-26,1,3.0,9.6,EUR
CN-STR01-002135,STR01,SM-STR01,AR00090,smart,2026-02-26,1,2.0,2.6,EUR
CN-STR01-002136,STR01,SM-STR01,AR00365,smart,2026-02-26,1,1.0,3.75,EUR
CN-STR01-002137,STR01,PF-STR01,AR00081,payfree,2026-02-27,1,3.0,7.5,EUR
CN-STR01-002138,STR01,PF-STR01,AR00397,payfree,2026-02-27,1,1.0,2.5,EUR
CN-STR01-002139,STR01,PF-STR01,AR90019,payfree,2026-02-27,1,1.0,1.95,EUR
CN-STR01-002140,STR01,PF-STR01,AR00157,payfree,2026-02-27,1,1.0,3.8,EUR
CN-STR01-002141,STR01,PF-STR01,AR00293,payfree,2026-02-27,1,1.0,2.2,EUR
CN-STR01-002142,STR01,SM-STR01,AR00270,smart,2026-02-27,1,3.0,7.5,EUR
CN-STR01-002143,STR01,SM-STR01,AR90010,smart,2026-02-27,1,2.0,4.4,EUR
CN-STR01-002144,STR01,SM-STR01,AR00194,smart,2026-02-27,1,3.0,5.4,EUR
CN-STR01-002145,STR01,SM-STR01,AR00271,smart,2026-02-27,1,2.0,54.0,EUR
CN-STR01-002146,STR01,PF-STR01,AR00156,payfree,2026-03-02,1,3.0,11.85,EUR
CN-STR01-002147,STR01,PF-STR01,AR00098,payfree,2026-03-02,1,1.0,5.75,EUR
CN-STR01-002148,STR01,PF-STR01,AR00009,payfree,2026-03-02,1,1.0,1.0,EUR
CN-STR01-002149,STR01,PF-STR01,AR00228,payfree,2026-03-02,1,2.0,13.8,EUR
CN-STR01-002150,STR01,PF-STR01,AR00245,payfree,2026-03-02,1,1.0,3.1,EUR
CN-STR01-002151,STR01,SM-STR01,AR00204,smart,2026-03-02,1,2.0,3.6,EUR
CN-STR01-002152,STR01,SM-STR01,AR00020,smart,2026-03-02,1,1.0,3.9,EUR
CN-STR01-002153,STR01,PF-STR01,AR00158,payfree,2026-03-03,1,1.0,3.8,EUR
CN-STR01-002154,STR01,PF-STR01,AR00454,payfree,2026-03-03,1,2.0,5.8,EUR
CN-STR01-002155,STR01,PF-STR01,AR00137,payfree,2026-03-03,1,3.0,8.1,EUR
CN-STR01-002156,STR01,PF-STR01,AR00220,payfree,2026-03-03,1,3.0,3.0,EUR
CN-STR01-002157,STR01,PF-STR01,AR00301,payfree,2026-03-03,1,2.0,7.9,EUR
CN-STR01-002158,STR01,SM-STR01,AR00118,smart,2026-03-03,1,2.0,5.9,EUR
CN-STR01-002159,STR01,SM-STR01,AR00022,smart,2026-03-03,1,1.0,3.9,EUR
CN-STR01-002160,STR01,SM-STR01,AR90029,smart,2026-03-03,1,2.0,3.2,EUR
CN-STR01-002161,STR01,SM-STR01,AR00278,smart,2026-03-04,1,2.0,23.8,EUR
CN-STR01-002162,STR01,SM-STR01,AR00141,smart,2026-03-04,1,1.0,2.5,EUR
CN-STR01-002163,STR01,PF-STR01,AR00120,payfree,2026-03-05,1,1.0,2.0,EUR
CN-STR01-002164,STR01,PF-STR01,AR00096,payfree,2026-03-06,1,2.0,7.9,EUR
CN-STR01-002165,STR01,PF-STR01,AR00131,payfree,2026-03-06,1,2.0,13.8,EUR
CN-STR01-002166,STR01,SM-STR01,AR00118,smart,2026-03-06,1,1.0,2.95,EUR
CN-STR01-002167,STR01,SM-STR01,AR90033,smart,2026-03-06,1,3.0,3.6,EUR
CN-STR01-002168,STR01,PF-STR01,AR90051,payfree,2026-03-08,1,2.0,3.2,EUR
CN-STR01-002169,STR01,PF-STR01,AR00160,payfree,2026-03-08,1,3.0,11.4,EUR
CN-STR01-002170,STR01,PF-STR01,AR00061,payfree,2026-03-08,1,3.0,7.5,EUR
CN-STR01-002171,STR01,PF-STR01,AR00053,payfree,2026-03-09,1,3.0,10.2,EUR
CN-STR01-002172,STR01,PF-STR01,AR00330,payfree,2026-03-09,1,2.0,39.0,EUR
CN-STR01-002173,STR01,PF-STR01,AR00198,payfree,2026-03-09,1,1.0,2.0,EUR
CN-STR01-002174,STR01,PF-STR01,AR00145,payfree,2026-03-09,1,3.0,3.3,EUR
CN-STR01-002175,STR01,PF-STR01,AR00122,payfree,2026-03-09,1,2.0,5.0,EUR
CN-STR01-002176,STR01,PF-STR01,AR00275,payfree,2026-03-09,1,3.0,7.2,EUR
CN-STR01-002177,STR01,SM-STR01,AR00434,smart,2026-03-09,1,1.0,3.89,EUR
CN-STR01-002178,STR01,SM-STR01,AR00020,smart,2026-03-09,1,2.0,7.8,EUR
CN-STR01-002179,STR01,SM-STR01,AR00136,smart,2026-03-09,1,1.0,2.7,EUR
CN-STR01-002180,STR01,PF-STR01,AR00193,payfree,2026-03-10,1,1.0,1.4,EUR
CN-STR01-002181,STR01,SM-STR01,AR00333,smart,2026-03-10,1,2.0,4.5,EUR
CN-STR01-002182,STR01,PF-STR01,AR00317,payfree,2026-03-11,1,1.0,2.5,EUR
CN-STR01-002183,STR01,PF-STR01,AR00384,payfree,2026-03-11,1,3.0,11.85,EUR
CN-STR01-002184,STR01,PF-STR01,AR00023,payfree,2026-03-11,1,3.0,5.4,EUR
CN-STR01-002185,STR01,SM-STR01,AR00285,smart,2026-03-12,1,2.0,5.9,EUR
CN-STR01-002186,STR01,SM-STR01,AR90040,smart,2026-03-12,1,1.0,1.7,EUR
CN-STR01-002187,STR01,SM-STR01,AR90004,smart,2026-03-12,1,3.0,0.75,EUR
CN-STR01-002188,STR01,MO-STR01,AR00074,smart,2026-03-12,1,2.0,4.0,EUR
CN-STR01-002189,STR01,PF-STR01,AR00345,payfree,2026-03-13,1,3.0,11.7,EUR
CN-STR01-002190,STR01,PF-STR01,SM0014,payfree,2026-03-13,1,2.0,1.98,EUR
CN-STR01-002191,STR01,SM-STR01,AR00027,smart,2026-03-13,1,1.0,1.2,EUR
CN-STR01-002192,STR01,SM-STR01,AR00027,smart,2026-03-13,1,3.0,3.6,EUR
CN-STR01-002193,STR01,PF-STR01,AR00095,payfree,2026-03-16,1,3.0,7.8,EUR
CN-STR01-002194,STR01,PF-STR01,AR00178,payfree,2026-03-16,1,2.0,2.8,EUR
CN-STR01-002195,STR01,SM-STR01,AR00176,smart,2026-03-16,1,2.0,2.8,EUR
CN-STR01-002196,STR01,PF-STR01,AR00203,payfree,2026-03-17,1,1.0,2.5,EUR
CN-STR01-002197,STR01,PF-STR01,AR90013,payfree,2026-03-17,1,2.0,3.4,EUR
CN-STR01-002198,STR01,PF-STR01,AR00210,payfree,2026-03-17,1,2.0,2.4,EUR
CN-STR01-002199,STR01,PF-STR01,AR00393,payfree,2026-03-17,1,1.0,2.75,EUR
CN-STR01-002200,STR01,PF-STR01,AR00386,payfree,2026-03-17,1,2.0,4.0,EUR
CN-STR01-002201,STR01,PF-STR01,AR00401,payfree,2026-03-17,1,3.0,3.6,EUR
CN-STR01-002202,STR01,PF-STR01,AR00156,payfree,2026-03-17,1,1.0,3.95,EUR
CN-STR01-002203,STR01,PF-STR01,AR00405,payfree,2026-03-17,1,1.0,1.2,EUR
CN-STR01-002204,STR01,SM-STR01,AR00376,smart,2026-03-17,1,1.0,4.25,EUR
CN-STR01-002205,STR01,SM-STR01,AR00106,smart,2026-03-17,1,3.0,11.7,EUR
CN-STR01-002206,STR01,PF-STR01,AR00076,payfree,2026-03-18,1,1.0,5.5,EUR
CN-STR01-002207,STR01,PF-STR01,AR00330,payfree,2026-03-18,1,3.0,58.5,EUR
CN-STR01-002208,STR01,PF-STR01,AR90033,payfree,2026-03-18,1,1.0,1.2,EUR
CN-STR01-002209,STR01,PF-STR01,AR00416,payfree,2026-03-18,1,2.0,4.0,EUR
CN-STR01-002210,STR01,PF-STR01,AR00204,payfree,2026-03-18,1,3.0,5.4,EUR
CN-STR01-002211,STR01,PF-STR01,AR00332,payfree,2026-03-18,1,3.0,6.75,EUR
CN-STR01-002212,STR01,PF-STR01,AR00317,payfree,2026-03-18,1,2.0,5.0,EUR
CN-STR01-002213,STR01,PF-STR01,AR00144,payfree,2026-03-18,1,2.0,3.8,EUR
CN-STR01-002214,STR01,PF-STR01,AR00089,payfree,2026-03-18,1,1.0,2.2,EUR
CN-STR01-002215,STR01,SM-STR01,AR00097,smart,2026-03-18,1,3.0,12.9,EUR
CN-STR01-002216,STR01,SM-STR01,AR00005,smart,2026-03-18,1,3.0,3.0,EUR
CN-STR01-002217,STR01,SM-STR01,AR00151,smart,2026-03-18,1,3.0,11.7,EUR
CN-STR01-002218,STR01,PF-STR01,AR00284,payfree,2026-03-19,1,1.0,2.35,EUR
CN-STR01-002219,STR01,PF-STR01,SM0016,payfree,2026-03-19,1,2.0,7.9,EUR
CN-STR01-002220,STR01,PF-STR01,AR00035,payfree,2026-03-19,1,3.0,7.5,EUR
CN-STR01-002221,STR01,PF-STR01,AR00034,payfree,2026-03-19,1,2.0,4.0,EUR
CN-STR01-002222,STR01,PF-STR01,AR00244,payfree,2026-03-19,1,1.0,2.5,EUR
CN-STR01-002223,STR01,PF-STR01,AR00396,payfree,2026-03-19,1,3.0,6.6,EUR
CN-STR01-002224,STR01,PF-STR01,AR00322,payfree,2026-03-19,1,1.0,1.2,EUR
CN-STR01-002225,STR01,SM-STR01,AR00003,smart,2026-03-19,1,3.0,3.0,EUR
CN-STR01-002226,STR01,SM-STR01,AR00143,smart,2026-03-19,1,2.0,5.9,EUR
CN-STR01-002227,STR01,SM-STR01,AR00241,smart,2026-03-19,1,1.0,2.5,EUR
CN-STR01-002228,STR01,SM-STR01,AR00086,smart,2026-03-19,1,2.0,9.9,EUR
CN-STR01-002229,STR01,PF-STR01,AR90020,payfree,2026-03-20,1,1.0,1.95,EUR
CN-STR01-002230,STR01,PF-STR01,AR00146,payfree,2026-03-20,1,2.0,7.9,EUR
CN-STR01-002231,STR01,PF-STR01,AR00229,payfree,2026-03-20,1,2.0,30.0,EUR
CN-STR01-002232,STR01,PF-STR01,AR00331,payfree,2026-03-20,1,1.0,19.5,EUR
CN-STR01-002233,STR01,PF-STR01,AR90011,payfree,2026-03-20,1,3.0,5.1,EUR
CN-STR01-002234,STR01,PF-STR01,AR00002,payfree,2026-03-22,1,2.0,1.0,EUR
CN-STR01-002235,STR01,PF-STR01,AR00162,payfree,2026-03-22,1,3.0,11.4,EUR
CN-STR01-002236,STR01,PF-STR01,AR00209,payfree,2026-03-22,1,3.0,1.5,EUR
CN-STR01-002237,STR01,PF-STR01,AR00407,payfree,2026-03-22,1,2.0,6.4,EUR
CN-STR01-002238,STR01,SM-STR01,AR00134,smart,2026-03-22,1,3.0,10.5,EUR
CN-STR01-002239,STR01,SM-STR01,AR00301,smart,2026-03-22,1,1.0,3.95,EUR
CN-STR01-002240,STR01,SM-STR01,AR00129,smart,2026-03-22,1,1.0,1.4,EUR
CN-STR01-002241,STR01,PF-STR01,AR00095,payfree,2026-03-23,1,2.0,5.2,EUR
CN-STR01-002242,STR01,PF-STR01,AR00033,payfree,2026-03-23,1,2.0,6.9,EUR
CN-STR01-002243,STR01,PF-STR01,AR00324,payfree,2026-03-23,1,1.0,3.3,EUR
CN-STR01-002244,STR01,PF-STR01,AR00023,payfree,2026-03-23,1,2.0,3.6,EUR
CN-STR01-002245,STR01,PF-STR01,AR00055,payfree,2026-03-23,1,3.0,7.5,EUR
CN-STR01-002246,STR01,PF-STR01,AR00325,payfree,2026-03-24,1,3.0,11.85,EUR
CN-STR01-002247,STR01,PF-STR01,AR00047,payfree,2026-03-24,1,2.0,17.8,EUR
CN-STR01-002248,STR01,PF-STR01,AR00177,payfree,2026-03-24,1,3.0,4.2,EUR
CN-STR01-002249,STR01,PF-STR01,AR00281,payfree,2026-03-24,1,1.0,3.25,EUR
CN-STR01-002250,STR01,PF-STR01,AR00019,payfree,2026-03-24,1,1.0,1.8,EUR
CN-STR01-002251,STR01,PF-STR01,AR00185,payfree,2026-03-24,1,1.0,2.25,EUR
CN-STR01-002252,STR01,PF-STR01,AR00208,payfree,2026-03-24,1,2.0,1.0,EUR
CN-STR01-002253,STR01,PF-STR01,AR00303,payfree,2026-03-24,1,2.0,11.3,EUR
CN-STR01-002254,STR01,PF-STR01,AR00017,payfree,2026-03-24,1,3.0,11.7,EUR
CN-STR01-002255,STR01,PF-STR01,AR00128,payfree,2026-03-25,1,1.0,4.0,EUR
CN-STR01-002256,STR01,SM-STR01,AR90030,smart,2026-03-25,1,3.0,4.8,EUR
CN-STR01-002257,STR01,SM-STR01,AR00398,smart,2026-03-25,1,2.0,4.7,EUR
CN-STR01-002258,STR01,SM-STR01,AR00143,smart,2026-03-25,1,1.0,2.95,EUR
CN-STR01-002259,STR01,PF-STR01,IKA003,payfree,2026-03-26,1,2.0,4.4,EUR
CN-STR01-002260,STR01,PF-STR01,AR00323,payfree,2026-03-26,1,2.0,6.6,EUR
CN-STR01-002261,STR01,PF-STR01,AR00325,payfree,2026-03-26,1,1.0,3.95,EUR
CN-STR01-002262,STR01,PF-STR01,IKA005,payfree,2026-03-26,1,3.0,2.97,EUR
CN-STR01-002263,STR01,SM-STR01,AR00290,smart,2026-03-26,1,1.0,2.2,EUR
CN-STR01-002264,STR01,SM-STR01,AR00436,smart,2026-03-26,1,1.0,4.35,EUR
CN-STR01-002265,STR01,SM-STR01,AR90055,smart,2026-03-26,1,1.0,1.7,EUR
CN-STR01-002266,STR01,SM-STR01,AR00049,smart,2026-03-26,1,2.0,17.8,EUR
CN-STR01-002267,STR01,PF-STR01,AR00291,payfree,2026-03-27,1,1.0,2.2,EUR
CN-STR01-002268,STR01,PF-STR01,AR00040,payfree,2026-03-27,1,1.0,3.3,EUR
CN-STR01-002269,STR01,PF-STR01,AR00009,payfree,2026-03-27,1,2.0,2.0,EUR
CN-STR01-002270,STR01,SM-STR01,AR00454,smart,2026-03-27,1,2.0,5.8,EUR
CN-STR01-002271,STR01,SM-STR01,AR90029,smart,2026-03-27,1,1.0,1.6,EUR
CN-STR01-002272,STR01,PF-STR01,AR90012,payfree,2026-03-30,1,2.0,3.4,EUR
CN-STR01-002273,STR01,PF-STR01,AR00159,payfree,2026-03-30,1,2.0,7.6,EUR
CN-STR01-002274,STR01,PF-STR01,AR00220,payfree,2026-03-30,1,3.0,3.0,EUR
CN-STR01-002275,STR01,PF-STR01,AR90041,payfree,2026-03-30,1,2.0,3.4,EUR
CN-STR01-002276,STR01,PF-STR01,AR00043,payfree,2026-03-30,1,2.0,17.8,EUR
CN-STR01-002277,STR01,PF-STR01,AR90014,payfree,2026-03-30,1,2.0,3.4,EUR
CN-STR01-002278,STR01,PF-STR01,AR00137,payfree,2026-03-30,1,1.0,2.7,EUR
CN-STR01-002279,STR01,PF-STR01,AR00049,payfree,2026-03-30,1,1.0,8.9,EUR
CN-STR01-002280,STR01,SM-STR01,AR00416,smart,2026-03-30,1,1.0,2.0,EUR
CN-STR01-002281,STR01,SM-STR01,AR00284,smart,2026-03-30,1,3.0,7.05,EUR
CN-STR01-002282,STR01,SM-STR01,AR00228,smart,2026-03-30,1,2.0,13.8,EUR
CN-STR01-002283,STR01,SM-STR01,AR00109,smart,2026-03-30,1,1.0,2.0,EUR
CN-STR01-002284,STR01,PF-STR01,AR00364,payfree,2026-03-31,1,1.0,3.75,EUR
CN-STR01-002285,STR01,PF-STR01,AR00144,payfree,2026-03-31,1,3.0,5.7,EUR
CN-STR01-002286,STR01,PF-STR01,AR00054,payfree,2026-03-31,1,2.0,2.0,EUR
CN-STR01-002287,STR01,PF-STR01,AR00330,payfree,2026-03-31,1,2.0,39.0,EUR
CN-STR01-002288,STR01,PF-STR01,AR00009,payfree,2026-03-31,1,3.0,3.0,EUR
CN-STR01-002289,STR01,SM-STR01,AR00211,smart,2026-03-31,1,1.0,1.2,EUR
CN-STR01-002290,STR01,SM-STR01,AR00118,smart,2026-03-31,1,3.0,8.85,EUR
CN-STR01-002291,STR01,SM-STR01,AR90012,smart,2026-03-31,1,2.0,3.4,EUR
CN-STR01-002292,STR01,PF-STR01,AR00386,payfree,2026-04-01,1,1.0,2.0,EUR
CN-STR01-002293,STR01,PF-STR01,AR00366,payfree,2026-04-01,1,3.0,11.25,EUR
CN-STR01-002294,STR01,PF-STR01,AR00377,payfree,2026-04-01,1,1.0,4.25,EUR
CN-STR01-002295,STR01,PF-STR01,AR00330,payfree,2026-04-01,1,1.0,19.5,EUR
CN-STR01-002296,STR01,PF-STR01,AR90053,payfree,2026-04-01,1,3.0,6.0,EUR
CN-STR01-002297,STR01,PF-STR01,AR00381,payfree,2026-04-01,1,3.0,11.25,EUR
CN-STR01-002298,STR01,PF-STR01,AR00386,payfree,2026-04-01,1,1.0,2.0,EUR
CN-STR01-002299,STR01,SM-STR01,AR00136,smart,2026-04-01,1,1.0,2.7,EUR
CN-STR01-002300,STR01,SM-STR01,AR00327,smart,2026-04-01,1,1.0,3.95,EUR
CN-STR01-002301,STR01,SM-STR01,AR00106,smart,2026-04-01,1,2.0,7.8,EUR
CN-STR01-002302,STR01,PF-STR01,AR00271,payfree,2026-04-02,1,1.0,27.0,EUR
CN-STR01-002303,STR01,PF-STR01,AR00108,payfree,2026-04-03,1,3.0,9.0,EUR
CN-STR01-002304,STR01,PF-STR01,AR00082,payfree,2026-04-03,1,2.0,5.8,EUR
CN-STR01-002305,STR01,PF-STR01,AR00090,payfree,2026-04-03,1,3.0,3.9,EUR
CN-STR01-002306,STR01,PF-STR01,AR00110,payfree,2026-04-03,1,1.0,3.5,EUR
CN-STR01-002307,STR01,PF-STR01,AR00419,payfree,2026-04-03,1,3.0,132.0,EUR
CN-STR01-002308,STR01,PF-STR01,AR00283,payfree,2026-04-03,1,3.0,8.85,EUR
CN-STR01-002309,STR01,PF-STR01,AR00220,payfree,2026-04-03,1,1.0,1.0,EUR
CN-STR01-002310,STR01,PF-STR01,AR00364,payfree,2026-04-03,1,2.0,7.5,EUR
CN-STR01-002311,STR01,PF-STR01,AR00117,payfree,2026-04-03,1,3.0,6.3,EUR
CN-STR01-002312,STR01,SM-STR01,AR00330,smart,2026-04-03,1,1.0,19.5,EUR
CN-STR01-002313,STR01,PF-STR01,AR90004,payfree,2026-04-05,1,3.0,0.75,EUR
CN-STR01-002314,STR01,PF-STR01,AR00122,payfree,2026-04-05,1,1.0,2.5,EUR
CN-STR01-002315,STR01,PF-STR01,AR00190,payfree,2026-04-05,1,2.0,3.0,EUR
CN-STR01-002316,STR01,PF-STR01,AR00426,payfree,2026-04-05,1,3.0,7.5,EUR
CN-STR01-002317,STR01,PF-STR01,AR00228,payfree,2026-04-05,1,3.0,20.7,EUR
CN-STR01-002318,STR01,PF-STR01,AR00359,payfree,2026-04-05,1,2.0,15.8,EUR
CN-STR01-002319,STR01,PF-STR01,AR00013,payfree,2026-04-05,1,1.0,1.8,EUR
CN-STR01-002320,STR01,PF-STR01,AR00064,payfree,2026-04-05,1,2.0,5.0,EUR
CN-STR01-002321,STR01,PF-STR01,AR00380,payfree,2026-04-05,1,1.0,3.75,EUR
CN-STR01-002322,STR01,SM-STR01,AR00396,smart,2026-04-05,1,2.0,4.4,EUR
CN-STR01-002323,STR01,SM-STR01,AR00378,smart,2026-04-05,1,3.0,12.75,EUR
CN-STR01-002324,STR01,PF-STR01,AR00332,payfree,2026-04-06,1,1.0,2.25,EUR
CN-STR01-002325,STR01,PF-STR01,AR00306,payfree,2026-04-06,1,1.0,4.7,EUR
CN-STR01-002326,STR01,PF-STR01,AR90033,payfree,2026-04-06,1,1.0,1.2,EUR
CN-STR01-002327,STR01,PF-STR01,AR00120,payfree,2026-04-07,1,2.0,4.0,EUR
CN-STR01-002328,STR01,SM-STR01,IKA005,smart,2026-04-07,1,1.0,0.99,EUR
CN-STR01-002329,STR01,SM-STR01,AR00138,smart,2026-04-07,1,3.0,6.0,EUR
CN-STR01-002330,STR01,SM-STR01,AR00047,smart,2026-04-07,1,1.0,8.9,EUR
CN-STR01-002331,STR01,SM-STR01,AR00285,smart,2026-04-07,1,1.0,2.95,EUR
CN-STR01-002332,STR01,PF-STR01,AR90050,payfree,2026-04-08,1,1.0,1.6,EUR
CN-STR01-002333,STR01,PF-STR01,AR00193,payfree,2026-04-08,1,1.0,1.4,EUR
CN-STR01-002334,STR01,PF-STR01,AR00236,payfree,2026-04-08,1,1.0,16.0,EUR
CN-STR01-002335,STR01,PF-STR01,AR00178,payfree,2026-04-08,1,1.0,1.4,EUR
CN-STR01-002336,STR01,PF-STR01,AR00222,payfree,2026-04-08,1,1.0,1.0,EUR
CN-STR01-002337,STR01,PF-STR01,AR00321,payfree,2026-04-08,1,1.0,1.2,EUR
CN-STR01-002338,STR01,PF-STR01,AR90023,payfree,2026-04-08,1,3.0,4.8,EUR
CN-STR01-002339,STR01,PF-STR01,AR00243,payfree,2026-04-08,1,3.0,7.5,EUR
CN-STR01-002340,STR01,PF-STR01,AR00289,payfree,2026-04-08,1,3.0,6.6,EUR
CN-STR01-002341,STR01,SM-STR01,AR00043,smart,2026-04-08,1,3.0,26.7,EUR
CN-STR01-002342,STR01,PF-STR01,AR00011,payfree,2026-04-09,1,3.0,3.0,EUR
CN-STR01-002343,STR01,PF-STR01,AR00302,payfree,2026-04-09,1,2.0,7.9,EUR
CN-STR01-002344,STR01,PF-STR01,AR00049,payfree,2026-04-09,1,3.0,26.7,EUR
CN-STR01-002345,STR01,PF-STR01,AR00319,payfree,2026-04-09,1,1.0,1.2,EUR
CN-STR01-002346,STR01,PF-STR01,AR00231,payfree,2026-04-09,1,2.0,7.9,EUR
CN-STR01-002347,STR01,SM-STR01,AR00324,smart,2026-04-09,1,3.0,9.9,EUR
CN-STR01-002348,STR01,SM-STR01,AR00114,smart,2026-04-09,1,3.0,4.2,EUR
CN-STR01-002349,STR01,PF-STR01,AR00292,payfree,2026-04-10,1,2.0,4.4,EUR
CN-STR01-002350,STR01,PF-STR01,AR00441,payfree,2026-04-10,1,2.0,5.58,EUR
CN-STR01-002351,STR01,PF-STR01,AR00058,payfree,2026-04-10,1,3.0,7.5,EUR
CN-STR01-002352,STR01,PF-STR01,AR00126,payfree,2026-04-10,1,1.0,1.9,EUR
CN-STR01-002353,STR01,SM-STR01,AR90014,smart,2026-04-10,1,2.0,3.4,EUR
CN-STR01-002354,STR01,SM-STR01,AR00407,smart,2026-04-10,1,1.0,3.2,EUR
CN-STR01-002355,STR01,PF-STR01,AR00276,payfree,2026-04-13,1,3.0,7.2,EUR
CN-STR01-002356,STR01,PF-STR01,AR00152,payfree,2026-04-13,1,1.0,3.95,EUR
CN-STR01-002357,STR01,PF-STR01,AR00227,payfree,2026-04-13,1,2.0,23.8,EUR
CN-STR01-002358,STR01,PF-STR01,AR00317,payfree,2026-04-13,1,3.0,7.5,EUR
CN-STR01-002359,STR01,PF-STR01,AR00140,payfree,2026-04-13,1,2.0,5.8,EUR
CN-STR01-002360,STR01,PF-STR01,AR00015,payfree,2026-04-13,1,2.0,6.6,EUR
CN-STR01-002361,STR01,SM-STR01,AR00281,smart,2026-04-13,1,2.0,6.5,EUR
CN-STR01-002362,STR01,SM-STR01,AR00384,smart,2026-04-13,1,3.0,11.85,EUR
CN-STR01-002363,STR01,PF-STR01,AR00396,payfree,2026-04-14,1,3.0,6.6,EUR
CN-STR01-002364,STR01,PF-STR01,AR00035,payfree,2026-04-14,1,3.0,7.5,EUR
CN-STR01-002365,STR01,PF-STR01,AR90053,payfree,2026-04-14,1,1.0,2.0,EUR
CN-STR01-002366,STR01,PF-STR01,AR00034,payfree,2026-04-14,1,1.0,2.0,EUR
CN-STR01-002367,STR01,PF-STR01,AR00135,payfree,2026-04-14,1,2.0,7.0,EUR
CN-STR01-002368,STR01,PF-STR01,AR00111,payfree,2026-04-14,1,3.0,7.5,EUR
CN-STR01-002369,STR01,PF-STR01,AR00415,payfree,2026-04-14,1,3.0,4.5,EUR
CN-STR01-002370,STR01,SM-STR01,AR00066,smart,2026-04-14,1,1.0,2.5,EUR
CN-STR01-002371,STR01,SM-STR01,AR00068,smart,2026-04-14,1,2.0,5.0,EUR
CN-STR01-002372,STR01,SM-STR01,AR00151,smart,2026-04-15,1,3.0,11.7,EUR
CN-STR01-002373,STR01,SM-STR01,AR00020,smart,2026-04-15,1,2.0,7.8,EUR
CN-STR01-002374,STR01,SM-STR01,AR00121,smart,2026-04-15,1,2.0,4.4,EUR
CN-STR01-002375,STR01,PF-STR01,AR00356,payfree,2026-04-16,1,3.0,16.5,EUR
CN-STR01-002376,STR01,SM-STR01,AR00389,smart,2026-04-16,1,2.0,11.0,EUR
CN-STR01-002377,STR01,SM-STR01,AR00380,smart,2026-04-16,1,1.0,3.75,EUR
CN-STR01-002378,STR01,SM-STR01,SM0018,smart,2026-04-16,1,3.0,11.85,EUR
CN-STR01-002379,STR01,SM-STR01,AR00137,smart,2026-04-16,1,1.0,2.7,EUR
CN-STR01-002380,STR01,PF-STR01,AR00398,payfree,2026-04-17,1,2.0,4.7,EUR
CN-STR01-002381,STR01,SM-STR01,AR00030,smart,2026-04-17,1,3.0,10.5,EUR
CN-STR01-002382,STR01,PF-STR01,AR90034,payfree,2026-04-20,1,3.0,5.1,EUR
CN-STR01-002383,STR01,PF-STR01,IKA003,payfree,2026-04-20,1,1.0,2.2,EUR
CN-STR01-002384,STR01,PF-STR01,AR00289,payfree,2026-04-20,1,3.0,6.6,EUR
CN-STR01-002385,STR01,PF-STR01,AR00324,payfree,2026-04-20,1,1.0,3.3,EUR
CN-STR01-002386,STR01,PF-STR01,AR00040,payfree,2026-04-20,1,1.0,3.3,EUR
CN-STR01-002387,STR01,PF-STR01,AR00404,payfree,2026-04-20,1,2.0,2.4,EUR
CN-STR01-002388,STR01,PF-STR01,AR00317,payfree,2026-04-20,1,2.0,5.0,EUR
CN-STR01-002389,STR01,SM-STR01,AR00138,smart,2026-04-20,1,1.0,2.0,EUR
CN-STR01-002390,STR01,SM-STR01,AR00113,smart,2026-04-20,1,1.0,1.9,EUR
CN-STR01-002391,STR01,PF-STR01,AR90013,payfree,2026-04-21,1,3.0,5.1,EUR
CN-STR01-002392,STR01,PF-STR01,AR00281,payfree,2026-04-21,1,3.0,9.75,EUR
CN-STR01-002393,STR01,PF-STR01,AR00400,payfree,2026-04-21,1,3.0,3.6,EUR
CN-STR01-002394,STR01,PF-STR01,AR00076,payfree,2026-04-21,1,1.0,5.5,EUR
CN-STR01-002395,STR01,PF-STR01,AR00013,payfree,2026-04-21,1,2.0,3.6,EUR
CN-STR01-002396,STR01,PF-STR01,AR00274,payfree,2026-04-21,1,1.0,2.4,EUR
CN-STR01-002397,STR01,PF-STR01,AR90018,payfree,2026-04-21,1,1.0,1.95,EUR
CN-STR01-002398,STR01,SM-STR01,AR00030,smart,2026-04-21,1,2.0,7.0,EUR
CN-STR01-002399,STR01,SM-STR01,AR00419,smart,2026-04-21,1,3.0,132.0,EUR
CN-STR01-002400,STR01,SM-STR01,AR00201,smart,2026-04-21,1,1.0,27.0,EUR
CN-STR01-002401,STR01,PF-STR01,AR90030,payfree,2026-04-22,1,3.0,4.8,EUR
CN-STR01-002402,STR01,PF-STR01,AR00090,payfree,2026-04-22,1,2.0,2.6,EUR
CN-STR01-002403,STR01,PF-STR01,AR00026,payfree,2026-04-22,1,3.0,3.6,EUR
CN-STR01-002404,STR01,PF-STR01,AR90031,payfree,2026-04-22,1,1.0,1.2,EUR
CN-STR01-002405,STR01,PF-STR01,AR00177,payfree,2026-04-22,1,3.0,4.2,EUR
CN-STR01-002406,STR01,PF-STR01,AR00242,payfree,2026-04-22,1,2.0,5.0,EUR
CN-STR01-002407,STR01,PF-STR01,AR00222,payfree,2026-04-22,1,3.0,3.0,EUR
CN-STR01-002408,STR01,PF-STR01,AR00001,payfree,2026-04-22,1,2.0,2.0,EUR
CN-STR01-002409,STR01,SM-STR01,AR00398,smart,2026-04-22,1,3.0,7.05,EUR
CN-STR01-002410,STR01,SM-STR01,AR00197,smart,2026-04-22,1,2.0,3.6,EUR
CN-STR01-002411,STR01,SM-STR01,AR00371,smart,2026-04-22,1,1.0,4.95,EUR
CN-STR01-002412,STR01,PF-STR01,AR00419,payfree,2026-04-23,1,2.0,88.0,EUR
CN-STR01-002413,STR01,PF-STR01,AR90020,payfree,2026-04-23,1,1.0,1.95,EUR
CN-STR01-002414,STR01,PF-STR01,AR00146,payfree,2026-04-23,1,2.0,7.9,EUR
CN-STR01-002415,STR01,PF-STR01,AR90040,payfree,2026-04-23,1,2.0,3.4,EUR
CN-STR01-002416,STR01,PF-STR01,AR00304,payfree,2026-04-23,1,2.0,11.3,EUR
CN-STR01-002417,STR01,SM-STR01,AR00291,smart,2026-04-23,1,1.0,2.2,EUR
CN-STR01-002418,STR01,PF-STR01,AR00076,payfree,2026-04-24,1,2.0,11.0,EUR
CN-STR01-002419,STR01,PF-STR01,AR00381,payfree,2026-04-24,1,3.0,11.25,EUR
CN-STR01-002420,STR01,SM-STR01,AR00417,smart,2026-04-24,1,3.0,132.0,EUR
CN-STR01-002421,STR01,SM-STR01,AR00177,smart,2026-04-24,1,1.0,1.4,EUR
CN-STR01-002422,STR01,SM-STR01,AR00244,smart,2026-04-24,1,3.0,7.5,EUR
CN-STR01-002423,STR01,PF-STR01,AR00134,payfree,2026-04-27,1,1.0,3.5,EUR
CN-STR01-002424,STR01,PF-STR01,AR00436,payfree,2026-04-27,1,3.0,13.05,EUR
CN-STR01-002425,STR01,PF-STR01,AR00074,payfree,2026-04-27,1,2.0,4.0,EUR
CN-STR01-002426,STR01,PF-STR01,AR00441,payfree,2026-04-27,1,3.0,8.37,EUR
CN-STR01-002427,STR01,PF-STR01,AR00302,payfree,2026-04-27,1,3.0,11.85,EUR
CN-STR01-002428,STR01,SM-STR01,AR00416,smart,2026-04-27,1,1.0,2.0,EUR
CN-STR01-002429,STR01,SM-STR01,AR00082,smart,2026-04-28,1,1.0,2.9,EUR
CN-STR01-002430,STR01,MO-STR01,AR00220,smart,2026-04-28,1,2.0,2.0,EUR
CN-STR01-002431,STR01,PF-STR01,AR90016,payfree,2026-04-29,1,3.0,5.1,EUR
CN-STR01-002432,STR01,PF-STR01,IKA003,payfree,2026-04-30,1,3.0,6.6,EUR
CN-STR01-002433,STR01,PF-STR01,AR00009,payfree,2026-04-30,1,1.0,1.0,EUR
CN-STR01-002434,STR01,PF-STR01,AR00027,payfree,2026-04-30,1,3.0,3.6,EUR
CN-STR01-002435,STR01,PF-STR01,AR00146,payfree,2026-04-30,1,1.0,3.95,EUR
CN-STR01-002436,STR01,PF-STR01,AR00400,payfree,2026-04-30,1,3.0,3.6,EUR
CN-STR01-002437,STR01,PF-STR01,AR00106,payfree,2026-04-30,1,3.0,11.7,EUR
CN-STR01-002438,STR01,SM-STR01,AR00035,smart,2026-04-30,1,1.0,2.5,EUR
CN-STR01-002439,STR01,SM-STR01,AR00126,smart,2026-04-30,1,1.0,1.9,EUR
CN-STR01-002440,STR01,SM-STR01,AR00344,smart,2026-04-30,1,3.0,11.7,EUR
CN-STR01-002441,STR01,PF-STR01,AR00137,payfree,2026-05-01,1,3.0,8.1,EUR
CN-STR01-002442,STR01,PF-STR01,AR00043,payfree,2026-05-01,1,3.0,26.7,EUR
CN-STR01-002443,STR01,PF-STR01,AR00221,payfree,2026-05-01,1,1.0,1.0,EUR
CN-STR01-002444,STR01,PF-STR01,AR00129,payfree,2026-05-04,1,1.0,1.4,EUR
CN-STR01-002445,STR01,PF-STR01,AR90010,payfree,2026-05-04,1,1.0,2.2,EUR
CN-STR01-002446,STR01,PF-STR01,AR00147,payfree,2026-05-04,1,3.0,14.7,EUR
CN-STR01-002447,STR01,PF-STR01,AR00177,payfree,2026-05-05,1,1.0,1.4,EUR
CN-STR01-002448,STR01,PF-STR01,AR00141,payfree,2026-05-05,1,1.0,2.5,EUR
CN-STR01-002449,STR01,PF-STR01,AR00158,payfree,2026-05-05,1,1.0,3.8,EUR
CN-STR01-002450,STR01,PF-STR01,AR00365,payfree,2026-05-05,1,3.0,11.25,EUR
CN-STR01-002451,STR01,PF-STR01,AR00064,payfree,2026-05-05,1,2.0,5.0,EUR
CN-STR01-002452,STR01,PF-STR01,AR00378,payfree,2026-05-05,1,2.0,8.5,EUR
CN-STR01-002453,STR01,PF-STR01,AR00405,payfree,2026-05-05,1,1.0,1.2,EUR
CN-STR01-002454,STR01,SM-STR01,AR90027,smart,2026-05-05,1,2.0,3.2,EUR
CN-STR01-002455,STR01,SM-STR01,AR00283,smart,2026-05-05,1,1.0,2.95,EUR
CN-STR01-002456,STR01,SM-STR01,AR00288,smart,2026-05-05,1,1.0,2.4,EUR
CN-STR01-002457,STR01,MO-STR01,AR00270,smart,2026-05-05,1,3.0,7.5,EUR
CN-STR01-002458,STR01,PF-STR01,AR00365,payfree,2026-05-06,1,1.0,3.75,EUR
CN-STR01-002459,STR01,PF-STR01,AR00015,payfree,2026-05-06,1,2.0,6.6,EUR
CN-STR01-002460,STR01,SM-STR01,AR00230,smart,2026-05-06,1,3.0,51.0,EUR
CN-STR01-002461,STR01,SM-STR01,AR00204,smart,2026-05-06,1,3.0,5.4,EUR
CN-STR01-002462,STR01,PF-STR01,AR00341,payfree,2026-05-08,1,3.0,11.7,EUR
CN-STR01-002463,STR01,PF-STR01,AR00067,payfree,2026-05-08,1,2.0,5.0,EUR
CN-STR01-002464,STR01,PF-STR01,AR00197,payfree,2026-05-08,1,3.0,5.4,EUR
CN-STR01-002465,STR01,PF-STR01,AR00146,payfree,2026-05-08,1,2.0,7.9,EUR
CN-STR01-002466,STR01,PF-STR01,AR00331,payfree,2026-05-08,1,2.0,39.0,EUR
CN-STR01-002467,STR01,SM-STR01,AR90011,smart,2026-05-08,1,2.0,3.4,EUR
CN-STR01-002468,STR01,MO-STR01,AR00399,smart,2026-05-08,1,2.0,5.5,EUR
CN-STR01-002469,STR01,PF-STR01,AR00162,payfree,2026-05-11,1,2.0,7.6,EUR
CN-STR01-002470,STR01,PF-STR01,AR00360,payfree,2026-05-11,1,2.0,29.8,EUR
CN-STR01-002471,STR01,PF-STR01,AR00143,payfree,2026-05-11,1,2.0,5.9,EUR
CN-STR01-002472,STR01,PF-STR01,AR00241,payfree,2026-05-11,1,3.0,7.5,EUR
CN-STR01-002473,STR01,PF-STR01,AR00109,payfree,2026-05-11,1,2.0,4.0,EUR
CN-STR01-002474,STR01,PF-STR01,AR00244,payfree,2026-05-11,1,1.0,2.5,EUR
CN-STR01-002475,STR01,PF-STR01,AR00025,payfree,2026-05-11,1,1.0,2.5,EUR
CN-STR01-002476,STR01,PF-STR01,AR00021,payfree,2026-05-11,1,3.0,11.7,EUR
CN-STR01-002477,STR01,SM-STR01,AR00027,smart,2026-05-11,1,2.0,2.4,EUR
CN-STR01-002478,STR01,SM-STR01,AR00129,smart,2026-05-11,1,1.0,1.4,EUR
CN-STR01-002479,STR01,SM-STR01,AR00190,smart,2026-05-11,1,3.0,4.5,EUR
CN-STR01-002480,STR01,PF-STR01,AR00231,payfree,2026-05-12,1,1.0,3.95,EUR
CN-STR01-002481,STR01,PF-STR01,AR00303,payfree,2026-05-12,1,1.0,5.65,EUR
CN-STR01-002482,STR01,PF-STR01,AR00087,payfree,2026-05-12,1,1.0,1.5,EUR
CN-STR01-002483,STR01,SM-STR01,AR00371,smart,2026-05-12,1,3.0,14.85,EUR
CN-STR01-002484,STR01,SM-STR01,AR00322,smart,2026-05-12,1,3.0,3.6,EUR
CN-STR01-002485,STR01,PF-STR01,IKA018,payfree,2026-05-13,1,2.0,4.2,EUR
CN-STR01-002486,STR01,PF-STR01,AR00207,payfree,2026-05-13,1,1.0,1.0,EUR
CN-STR01-002487,STR01,SM-STR01,AR00227,smart,2026-05-13,1,3.0,35.7,EUR
CN-STR01-002488,STR01,SM-STR01,AR00001,smart,2026-05-13,1,1.0,1.0,EUR
CN-STR01-002489,STR01,SM-STR01,AR00220,smart,2026-05-13,1,3.0,3.0,EUR
CN-STR01-002490,STR01,SM-STR01,AR90010,smart,2026-05-13,1,1.0,2.2,EUR
CN-STR01-002491,STR01,PF-STR01,AR00143,payfree,2026-05-14,1,1.0,2.95,EUR
CN-STR01-002492,STR01,PF-STR01,AR00053,payfree,2026-05-14,1,3.0,10.2,EUR
CN-STR01-002493,STR01,PF-STR01,AR00420,payfree,2026-05-14,1,3.0,7.8,EUR
CN-STR01-002494,STR01,PF-STR01,AR00145,payfree,2026-05-14,1,2.0,2.2,EUR
CN-STR01-002495,STR01,PF-STR01,AR00417,payfree,2026-05-14,1,2.0,88.0,EUR
CN-STR01-002496,STR01,PF-STR01,AR00323,payfree,2026-05-14,1,2.0,6.6,EUR
CN-STR01-002497,STR01,SM-STR01,AR00131,smart,2026-05-14,1,2.0,13.8,EUR
CN-STR01-002498,STR01,PF-STR01,AR00240,payfree,2026-05-15,1,1.0,1.9,EUR
CN-STR01-002499,STR01,PF-STR01,AR00063,payfree,2026-05-15,1,1.0,3.2,EUR
CN-STR01-002500,STR01,SM-STR01,AR00213,smart,2026-05-15,1,2.0,2.4,EUR
CN-STR01-002501,STR01,PF-STR01,AR00426,payfree,2026-05-18,1,3.0,7.5,EUR
CN-STR01-002502,STR01,PF-STR01,AR00294,payfree,2026-05-18,1,1.0,2.2,EUR
CN-STR01-002503,STR01,PF-STR01,AR00001,payfree,2026-05-18,1,3.0,3.0,EUR
CN-STR01-002504,STR01,PF-STR01,AR00207,payfree,2026-05-18,1,2.0,2.0,EUR
CN-STR01-002505,STR01,SM-STR01,AR00241,smart,2026-05-18,1,3.0,7.5,EUR
CN-STR01-002506,STR01,SM-STR01,IKA005,smart,2026-05-18,1,2.0,1.98,EUR
CN-STR01-002507,STR01,SM-STR01,AR00327,smart,2026-05-18,1,2.0,7.9,EUR
CN-STR01-002508,STR01,SM-STR01,AR00164,smart,2026-05-18,1,1.0,3.8,EUR
CN-STR01-002509,STR01,SM-STR01,AR00156,smart,2026-05-19,1,2.0,7.9,EUR
CN-STR01-002510,STR01,SM-STR01,AR00403,smart,2026-05-19,1,1.0,1.2,EUR
CN-STR01-002511,STR01,PF-STR01,AR00163,payfree,2026-05-20,1,2.0,7.6,EUR
CN-STR01-002512,STR01,PF-STR01,AR00286,payfree,2026-05-20,1,3.0,3.6,EUR
CN-STR01-002513,STR01,PF-STR01,AR00438,payfree,2026-05-21,1,1.0,2.35,EUR
CN-STR01-002514,STR01,PF-STR01,AR90041,payfree,2026-05-21,1,2.0,3.4,EUR
CN-STR01-002515,STR01,SM-STR01,SM0017,smart,2026-05-21,1,3.0,5.97,EUR
CN-STR01-002516,STR01,SM-STR01,AR00301,smart,2026-05-21,1,1.0,3.95,EUR
CN-STR01-002517,STR01,SM-STR01,AR00397,smart,2026-05-21,1,1.0,2.5,EUR
CN-STR01-002518,STR01,SM-STR01,AR00402,smart,2026-05-21,1,1.0,1.2,EUR
CN-STR01-002519,STR01,PF-STR01,AR00209,payfree,2026-05-22,1,1.0,0.5,EUR
CN-STR01-002520,STR01,PF-STR01,AR90054,payfree,2026-05-22,1,1.0,1.7,EUR
CN-STR01-002521,STR01,PF-STR01,AR90002,payfree,2026-05-22,1,1.0,0.08,EUR
CN-STR01-002522,STR01,PF-STR01,AR00053,payfree,2026-05-22,1,2.0,6.8,EUR
CN-STR01-002523,STR01,PF-STR01,AR00063,payfree,2026-05-22,1,3.0,9.6,EUR
CN-STR01-002524,STR01,PF-STR01,AR00218,payfree,2026-05-24,1,2.0,3.8,EUR
CN-STR01-002525,STR01,PF-STR01,AR00244,payfree,2026-05-24,1,2.0,5.0,EUR
CN-STR01-002526,STR01,PF-STR01,AR00292,payfree,2026-05-24,1,3.0,6.6,EUR
CN-STR01-002527,STR01,PF-STR01,AR00221,payfree,2026-05-24,1,1.0,1.0,EUR
CN-STR01-002528,STR01,SM-STR01,AR00397,smart,2026-05-24,1,2.0,5.0,EUR
CN-STR01-002529,STR01,PF-STR01,AR00387,payfree,2026-05-25,1,3.0,9.0,EUR
CN-STR01-002530,STR01,SM-STR01,AR00064,smart,2026-05-25,1,2.0,5.0,EUR
CN-STR01-002531,STR01,MO-STR01,AR00106,smart,2026-05-25,1,2.0,7.8,EUR
CN-STR01-002532,STR01,PF-STR01,AR00406,payfree,2026-05-26,1,1.0,3.2,EUR
CN-STR01-002533,STR01,PF-STR01,AR00106,payfree,2026-05-26,1,1.0,3.9,EUR
CN-STR01-002534,STR01,PF-STR01,AR00229,payfree,2026-05-26,1,3.0,45.0,EUR
CN-STR01-002535,STR01,PF-STR01,AR00009,payfree,2026-05-27,1,3.0,3.0,EUR
CN-STR01-002536,STR01,PF-STR01,SM0017,payfree,2026-05-27,1,3.0,5.97,EUR
CN-STR01-002537,STR01,PF-STR01,AR90038,payfree,2026-05-27,1,2.0,3.0,EUR
CN-STR01-002538,STR01,PF-STR01,AR00131,payfree,2026-05-27,1,1.0,6.9,EUR
CN-STR01-002539,STR01,PF-STR01,AR00417,payfree,2026-05-27,1,1.0,44.0,EUR
CN-STR01-002540,STR01,PF-STR01,SM0014,payfree,2026-05-27,1,1.0,0.99,EUR
CN-STR01-002541,STR01,PF-STR01,AR00035,payfree,2026-05-27,1,2.0,5.0,EUR
CN-STR01-002542,STR01,PF-STR01,AR00380,payfree,2026-05-27,1,1.0,3.75,EUR
CN-STR01-002543,STR01,SM-STR01,AR00110,smart,2026-05-27,1,2.0,7.0,EUR
CN-STR01-002544,STR01,SM-STR01,AR90004,smart,2026-05-27,1,3.0,0.75,EUR
CN-STR01-002545,STR01,SM-STR01,AR00034,smart,2026-05-27,1,2.0,4.0,EUR
CN-STR01-002546,STR01,SM-STR01,AR00110,smart,2026-05-27,1,3.0,10.5,EUR
CN-STR01-002547,STR01,PF-STR01,AR90011,payfree,2026-05-28,1,2.0,3.4,EUR
CN-STR01-002548,STR01,PF-STR01,AR00156,payfree,2026-05-28,1,2.0,7.9,EUR
CN-STR01-002549,STR01,PF-STR01,AR00086,payfree,2026-05-28,1,2.0,9.9,EUR
CN-STR01-002550,STR01,PF-STR01,SM0014,payfree,2026-05-28,1,1.0,0.99,EUR
CN-STR01-002551,STR01,PF-STR01,AR00212,payfree,2026-05-28,1,3.0,9.6,EUR
CN-STR01-002552,STR01,PF-STR01,AR00066,payfree,2026-05-28,1,3.0,7.5,EUR
CN-STR01-002553,STR01,PF-STR01,AR00321,payfree,2026-05-28,1,2.0,2.4,EUR
CN-STR01-002554,STR01,SM-STR01,AR00434,smart,2026-05-28,1,2.0,7.78,EUR
CN-STR01-002555,STR01,SM-STR01,AR00285,smart,2026-05-28,1,3.0,8.85,EUR
CN-STR01-002556,STR01,PF-STR01,AR00191,payfree,2026-05-29,1,3.0,5.4,EUR
CN-STR01-002557,STR01,PF-STR01,AR00453,payfree,2026-05-29,1,1.0,2.1,EUR
CN-STR01-002558,STR01,PF-STR01,AR90004,payfree,2026-05-29,1,1.0,0.25,EUR
CN-STR01-002559,STR01,PF-STR01,AR00380,payfree,2026-05-29,1,1.0,3.75,EUR
CN-STR01-002560,STR01,PF-STR01,AR00197,payfree,2026-05-29,1,3.0,5.4,EUR
CN-STR01-002561,STR01,SM-STR01,AR00322,smart,2026-05-29,1,3.0,3.6,EUR
CN-STR01-002562,STR01,SM-STR01,AR00157,smart,2026-05-29,1,2.0,7.6,EUR
CN-STR01-002563,STR01,SM-STR01,AR00159,smart,2026-05-29,1,1.0,3.8,EUR
CN-STR01-002564,STR01,PF-STR01,AR00131,payfree,2026-05-31,1,1.0,6.9,EUR
CN-STR01-002565,STR01,PF-STR01,AR00214,payfree,2026-05-31,1,1.0,1.0,EUR
CN-STR01-002566,STR01,PF-STR01,AR00065,payfree,2026-05-31,1,3.0,7.5,EUR
CN-STR01-002567,STR01,SM-STR01,AR00274,smart,2026-05-31,1,3.0,7.2,EUR
CN-STR01-002568,STR01,SM-STR01,AR90003,smart,2026-05-31,1,2.0,0.3,EUR
CN-STR01-002569,STR01,SM-STR01,AR00207,smart,2026-05-31,1,1.0,1.0,EUR
CN-STR01-002570,STR01,PF-STR01,AR00302,payfree,2026-06-01,1,3.0,11.85,EUR
CN-STR01-002571,STR01,PF-STR01,AR00122,payfree,2026-06-01,1,2.0,5.0,EUR
CN-STR01-002572,STR01,PF-STR01,AR00109,payfree,2026-06-01,1,2.0,4.0,EUR
CN-STR01-002573,STR01,PF-STR01,AR00088,payfree,2026-06-01,1,2.0,4.4,EUR
CN-STR01-002574,STR01,PF-STR01,AR00086,payfree,2026-06-01,1,3.0,14.85,EUR
CN-STR01-002575,STR01,PF-STR01,AR00215,payfree,2026-06-01,1,2.0,13.8,EUR
CN-STR01-002576,STR01,PF-STR01,AR00143,payfree,2026-06-01,1,1.0,2.95,EUR
CN-STR01-002577,STR01,PF-STR01,AR00270,payfree,2026-06-01,1,1.0,2.5,EUR
CN-STR01-002578,STR01,PF-STR01,AR00212,payfree,2026-06-01,1,3.0,9.6,EUR
CN-STR01-002579,STR01,SM-STR01,AR00068,smart,2026-06-01,1,1.0,2.5,EUR
CN-STR01-002580,STR01,SM-STR01,AR00215,smart,2026-06-01,1,2.0,13.8,EUR
CN-STR01-002581,STR01,SM-STR01,AR90036,smart,2026-06-01,1,2.0,3.4,EUR
CN-STR01-002582,STR01,PF-STR01,AR00061,payfree,2026-06-02,1,1.0,2.5,EUR
CN-STR01-002583,STR01,PF-STR01,AR00356,payfree,2026-06-02,1,1.0,5.5,EUR
CN-STR01-002584,STR01,PF-STR01,AR00245,payfree,2026-06-02,1,2.0,6.2,EUR
CN-STR01-002585,STR01,PF-STR01,AR00208,payfree,2026-06-02,1,1.0,0.5,EUR
CN-STR01-002586,STR01,PF-STR01,AR00382,payfree,2026-06-02,1,1.0,3.25,EUR
CN-STR01-002587,STR01,PF-STR01,AR00286,payfree,2026-06-02,1,2.0,2.4,EUR
CN-STR01-002588,STR01,SM-STR01,IKA011,smart,2026-06-02,1,2.0,4.2,EUR
CN-STR01-002589,STR01,SM-STR01,AR00138,smart,2026-06-02,1,2.0,4.0,EUR
CN-STR01-002590,STR01,PF-STR01,AR00066,payfree,2026-06-03,1,3.0,7.5,EUR
CN-STR01-002591,STR01,PF-STR01,AR00403,payfree,2026-06-03,1,2.0,2.4,EUR
CN-STR01-002592,STR01,PF-STR01,AR00088,payfree,2026-06-03,1,1.0,2.2,EUR
CN-STR01-002593,STR01,PF-STR01,AR00271,payfree,2026-06-03,1,3.0,81.0,EUR
CN-STR01-002594,STR01,PF-STR01,AR00400,payfree,2026-06-03,1,3.0,3.6,EUR
CN-STR01-002595,STR01,PF-STR01,AR00433,payfree,2026-06-03,1,3.0,11.67,EUR
CN-STR01-002596,STR01,PF-STR01,AR00098,payfree,2026-06-03,1,1.0,5.75,EUR
CN-STR01-002597,STR01,SM-STR01,AR00157,smart,2026-06-03,1,1.0,3.8,EUR
CN-STR01-002598,STR01,MO-STR01,AR00236,smart,2026-06-03,1,2.0,32.0,EUR
CN-STR01-002599,STR01,PF-STR01,AR00119,payfree,2026-06-05,1,2.0,7.0,EUR
CN-STR01-002600,STR01,PF-STR01,AR00448,payfree,2026-06-05,1,2.0,7.78,EUR
CN-STR01-002601,STR01,PF-STR01,AR00108,payfree,2026-06-05,1,3.0,9.0,EUR
CN-STR01-002602,STR01,PF-STR01,AR00432,payfree,2026-06-05,1,1.0,3.5,EUR
CN-STR01-002603,STR01,PF-STR01,AR90014,payfree,2026-06-05,1,1.0,1.7,EUR
CN-STR01-002604,STR01,PF-STR01,AR00089,payfree,2026-06-05,1,3.0,6.6,EUR
CN-STR01-002605,STR01,PF-STR01,AR90039,payfree,2026-06-05,1,1.0,1.5,EUR
CN-STR01-002606,STR01,SM-STR01,AR90018,smart,2026-06-05,1,3.0,5.85,EUR
CN-STR01-002607,STR01,SM-STR01,AR00436,smart,2026-06-05,1,2.0,8.7,EUR
CN-STR01-002608,STR01,PF-STR01,AR00280,payfree,2026-06-08,1,2.0,23.8,EUR
CN-STR01-002609,STR01,PF-STR01,AR00381,payfree,2026-06-08,1,3.0,11.25,EUR
CN-STR01-002610,STR01,PF-STR01,AR90033,payfree,2026-06-08,1,2.0,2.4,EUR
CN-STR01-002611,STR01,PF-STR01,AR00406,payfree,2026-06-08,1,2.0,6.4,EUR
CN-STR01-002612,STR01,PF-STR01,AR00373,payfree,2026-06-08,1,3.0,14.85,EUR
CN-STR01-002613,STR01,PF-STR01,AR00023,payfree,2026-06-08,1,3.0,5.4,EUR
CN-STR01-002614,STR01,PF-STR01,AR00401,payfree,2026-06-08,1,3.0,3.6,EUR
CN-STR01-002615,STR01,SM-STR01,AR00270,smart,2026-06-08,1,3.0,7.5,EUR
CN-STR01-002616,STR01,SM-STR01,AR00109,smart,2026-06-08,1,1.0,2.0,EUR
CN-STR01-002617,STR01,SM-STR01,AR00389,smart,2026-06-08,1,3.0,16.5,EUR
CN-STR01-002618,STR01,PF-STR01,AR00278,payfree,2026-06-09,1,3.0,35.7,EUR
CN-STR01-002619,STR01,PF-STR01,AR00367,payfree,2026-06-09,1,2.0,7.5,EUR
CN-STR01-002620,STR01,PF-STR01,AR00161,payfree,2026-06-09,1,1.0,3.8,EUR
CN-STR01-002621,STR01,SM-STR01,AR00218,smart,2026-06-09,1,3.0,5.7,EUR
CN-STR01-002622,STR01,SM-STR01,AR00288,smart,2026-06-09,1,3.0,7.2,EUR
CN-STR01-002623,STR01,SM-STR01,AR90007,smart,2026-06-09,1,2.0,2.8,EUR
CN-STR01-002624,STR01,PF-STR01,AR00196,payfree,2026-06-10,1,1.0,1.6,EUR
CN-STR01-002625,STR01,PF-STR01,AR00187,payfree,2026-06-10,1,1.0,2.5,EUR
CN-STR01-002626,STR01,PF-STR01,AR00161,payfree,2026-06-10,1,2.0,7.6,EUR
CN-STR01-002627,STR01,PF-STR01,AR00047,payfree,2026-06-10,1,3.0,26.7,EUR
CN-STR01-002628,STR01,PF-STR01,AR00114,payfree,2026-06-10,1,3.0,4.2,EUR
CN-STR01-002629,STR01,PF-STR01,AR90020,payfree,2026-06-10,1,3.0,5.85,EUR
CN-STR01-002630,STR01,PF-STR01,AR00064,payfree,2026-06-10,1,2.0,5.0,EUR
CN-STR01-002631,STR01,SM-STR01,AR00111,smart,2026-06-10,1,2.0,5.0,EUR
CN-STR01-002632,STR01,PF-STR01,AR00294,payfree,2026-06-11,1,1.0,2.2,EUR
CN-STR01-002633,STR01,SM-STR01,IKA003,smart,2026-06-11,1,1.0,2.2,EUR
CN-STR01-002634,STR01,SM-STR01,AR00169,smart,2026-06-11,1,1.0,2.5,EUR
CN-STR01-002635,STR01,PF-STR01,AR00366,payfree,2026-06-12,1,3.0,11.25,EUR
CN-STR01-002636,STR01,PF-STR01,AR00063,payfree,2026-06-12,1,3.0,9.6,EUR
CN-STR01-002637,STR01,SM-STR01,AR90014,smart,2026-06-12,1,2.0,3.4,EUR
CN-STR01-002638,STR01,SM-STR01,AR00056,smart,2026-06-12,1,1.0,2.5,EUR
CN-STR01-002639,STR01,SM-STR01,AR90034,smart,2026-06-12,1,1.0,1.7,EUR
CN-STR01-002640,STR01,MO-STR01,AR00275,smart,2026-06-12,1,2.0,4.8,EUR
CN-STR01-002641,STR01,PF-STR01,AR00187,payfree,2026-06-14,1,2.0,5.0,EUR
CN-STR01-002642,STR01,PF-STR01,AR00026,payfree,2026-06-14,1,3.0,3.6,EUR
CN-STR01-002643,STR01,SM-STR01,AR00389,smart,2026-06-14,1,3.0,16.5,EUR
CN-STR01-002644,STR01,SM-STR01,AR00349,smart,2026-06-14,1,3.0,19.8,EUR
CN-STR01-002645,STR01,SM-STR01,AR00332,smart,2026-06-14,1,3.0,6.75,EUR
CN-STR01-002646,STR01,SM-STR01,AR90021,smart,2026-06-14,1,3.0,14.7,EUR
CN-STR01-002647,STR01,PF-STR01,AR00400,payfree,2026-06-16,1,1.0,1.2,EUR
CN-STR01-002648,STR01,PF-STR01,AR00331,payfree,2026-06-16,1,1.0,19.5,EUR
CN-STR01-002649,STR01,PF-STR01,AR00026,payfree,2026-06-16,1,3.0,3.6,EUR
CN-STR01-002650,STR01,PF-STR01,AR00031,payfree,2026-06-16,1,3.0,4.5,EUR
CN-STR01-002651,STR01,PF-STR01,AR00396,payfree,2026-06-16,1,1.0,2.2,EUR
CN-STR01-002652,STR01,PF-STR01,AR00395,payfree,2026-06-16,1,1.0,2.5,EUR
CN-STR01-002653,STR01,SM-STR01,AR00327,smart,2026-06-16,1,1.0,3.95,EUR
CN-STR01-002654,STR01,PF-STR01,AR00384,payfree,2026-06-17,1,3.0,11.85,EUR
CN-STR01-002655,STR01,PF-STR01,AR00113,payfree,2026-06-17,1,1.0,1.9,EUR
CN-STR01-002656,STR01,PF-STR01,AR00193,payfree,2026-06-17,1,1.0,1.4,EUR
CN-STR01-002657,STR01,PF-STR01,AR00188,payfree,2026-06-17,1,2.0,3.6,EUR
CN-STR01-002658,STR01,PF-STR01,AR00356,payfree,2026-06-17,1,2.0,11.0,EUR
CN-STR01-002659,STR01,PF-STR01,AR00147,payfree,2026-06-17,1,3.0,14.7,EUR
CN-STR01-002660,STR01,PF-STR01,AR00364,payfree,2026-06-17,1,1.0,3.75,EUR
CN-STR01-002661,STR01,SM-STR01,AR00087,smart,2026-06-17,1,3.0,4.5,EUR
CN-STR01-002662,STR01,SM-STR01,AR00071,smart,2026-06-17,1,3.0,8.7,EUR
CN-STR01-002663,STR01,SM-STR01,AR90002,smart,2026-06-17,1,3.0,0.24,EUR
CN-STR01-002664,STR01,PF-STR01,AR00033,payfree,2026-06-18,1,1.0,3.45,EUR
CN-STR01-002665,STR01,PF-STR01,AR00019,payfree,2026-06-18,1,1.0,1.8,EUR
CN-STR01-002666,STR01,PF-STR01,AR90030,payfree,2026-06-18,1,2.0,3.2,EUR
CN-STR01-002667,STR01,PF-STR01,AR90007,payfree,2026-06-18,1,1.0,1.4,EUR
CN-STR01-002668,STR01,PF-STR01,AR00228,payfree,2026-06-18,1,2.0,13.8,EUR
CN-STR01-002669,STR01,PF-STR01,AR00193,payfree,2026-06-18,1,3.0,4.2,EUR
CN-STR01-002670,STR01,PF-STR01,AR00154,payfree,2026-06-18,1,1.0,3.2,EUR
CN-STR01-002671,STR01,PF-STR01,AR90007,payfree,2026-06-18,1,3.0,4.2,EUR
CN-STR01-002672,STR01,PF-STR01,AR00407,payfree,2026-06-18,1,3.0,9.6,EUR
CN-STR01-002673,STR01,SM-STR01,AR90025,smart,2026-06-18,1,1.0,1.2,EUR
CN-STR01-002674,STR01,SM-STR01,AR00142,smart,2026-06-18,1,1.0,1.8,EUR
CN-STR01-002675,STR01,MO-STR01,AR00005,smart,2026-06-18,1,3.0,3.0,EUR
CN-STR01-002676,STR01,PF-STR01,AR00133,payfree,2026-06-19,1,2.0,7.0,EUR
CN-STR01-002677,STR01,PF-STR01,AR00208,payfree,2026-06-19,1,1.0,0.5,EUR
CN-STR01-002678,STR01,PF-STR01,AR00071,payfree,2026-06-19,1,1.0,2.9,EUR
CN-STR01-002679,STR01,PF-STR01,AR00165,payfree,2026-06-19,1,3.0,11.4,EUR
CN-STR01-002680,STR01,PF-STR01,AR90051,payfree,2026-06-19,1,1.0,1.6,EUR
CN-STR01-002681,STR01,PF-STR01,AR00003,payfree,2026-06-19,1,3.0,3.0,EUR
CN-STR01-002682,STR01,PF-STR01,AR00023,payfree,2026-06-19,1,3.0,5.4,EUR
CN-STR01-002683,STR01,PF-STR01,AR00055,payfree,2026-06-19,1,3.0,7.5,EUR
CN-STR01-002684,STR01,PF-STR01,AR00029,payfree,2026-06-19,1,1.0,3.5,EUR
CN-STR01-002685,STR01,SM-STR01,AR90015,smart,2026-06-19,1,1.0,1.7,EUR
CN-STR01-002686,STR01,SM-STR01,AR00159,smart,2026-06-19,1,1.0,3.8,EUR
CN-STR01-002687,STR01,SM-STR01,AR00053,smart,2026-06-19,1,3.0,10.2,EUR
CN-STR01-002688,STR01,PF-STR01,AR00057,payfree,2026-06-22,1,3.0,7.5,EUR
CN-STR01-002689,STR01,PF-STR01,AR00095,payfree,2026-06-22,1,2.0,5.2,EUR
CN-STR01-002690,STR01,PF-STR01,AR00064,payfree,2026-06-23,1,1.0,2.5,EUR
CN-STR01-002691,STR01,PF-STR01,AR00306,payfree,2026-06-23,1,1.0,4.7,EUR
CN-STR01-002692,STR01,PF-STR01,AR00384,payfree,2026-06-23,1,2.0,7.9,EUR
CN-STR01-002693,STR01,PF-STR01,AR00406,payfree,2026-06-23,1,2.0,6.4,EUR
CN-STR01-002694,STR01,SM-STR01,AR00284,smart,2026-06-23,1,1.0,2.35,EUR
CN-STR01-002695,STR01,SM-STR01,AR00392,smart,2026-06-23,1,2.0,5.5,EUR
CN-STR01-002696,STR01,SM-STR01,AR00059,smart,2026-06-23,1,1.0,2.5,EUR
CN-STR01-002697,STR01,SM-STR01,SM0014,smart,2026-06-23,1,3.0,2.97,EUR
CN-STR01-002698,STR01,PF-STR01,AR90004,payfree,2026-06-24,1,3.0,0.75,EUR
CN-STR01-002699,STR01,PF-STR01,AR00119,payfree,2026-06-24,1,2.0,7.0,EUR
CN-STR01-002700,STR01,PF-STR01,AR00144,payfree,2026-06-24,1,3.0,5.7,EUR
CN-STR01-002701,STR01,PF-STR01,AR00392,payfree,2026-06-24,1,2.0,5.5,EUR
CN-STR01-002702,STR01,PF-STR01,AR00419,payfree,2026-06-24,1,1.0,44.0,EUR
CN-STR01-002703,STR01,PF-STR01,AR00137,payfree,2026-06-24,1,2.0,5.4,EUR
CN-STR01-002704,STR01,SM-STR01,AR00383,smart,2026-06-24,1,2.0,6.5,EUR
CN-STR01-002705,STR01,SM-STR01,AR00284,smart,2026-06-24,1,2.0,4.7,EUR
CN-STR01-002706,STR01,SM-STR01,AR90040,smart,2026-06-24,1,1.0,1.7,EUR
CN-STR01-002707,STR01,SM-STR01,AR00086,smart,2026-06-24,1,2.0,9.9,EUR
CN-STR01-002708,STR01,PF-STR01,AR00137,payfree,2026-06-25,1,1.0,2.7,EUR
CN-STR01-002709,STR01,PF-STR01,AR00400,payfree,2026-06-25,1,1.0,1.2,EUR
CN-STR01-002710,STR01,PF-STR01,AR00218,payfree,2026-06-26,1,2.0,3.8,EUR
CN-STR01-002711,STR01,PF-STR01,AR00349,payfree,2026-06-26,1,3.0,19.8,EUR
CN-STR01-002712,STR01,PF-STR01,AR00282,payfree,2026-06-26,1,3.0,8.85,EUR
CN-STR01-002713,STR01,PF-STR01,AR00081,payfree,2026-06-26,1,1.0,2.5,EUR
CN-STR01-002714,STR01,PF-STR01,AR00367,payfree,2026-06-26,1,3.0,11.25,EUR
CN-STR01-002715,STR01,PF-STR01,AR00131,payfree,2026-06-26,1,2.0,13.8,EUR
CN-STR01-002716,STR01,PF-STR01,AR00108,payfree,2026-06-26,1,3.0,9.0,EUR
CN-STR01-002717,STR01,PF-STR01,AR00031,payfree,2026-06-26,1,3.0,4.5,EUR
CN-STR01-002718,STR01,PF-STR01,AR00172,payfree,2026-06-26,1,1.0,3.95,EUR
CN-STR01-002719,STR01,PF-STR01,AR00306,payfree,2026-06-29,1,1.0,4.7,EUR
CN-STR01-002720,STR01,PF-STR01,AR90038,payfree,2026-06-29,1,3.0,4.5,EUR
CN-STR01-002721,STR01,PF-STR01,AR00054,payfree,2026-06-29,1,2.0,2.0,EUR
CN-STR01-002722,STR01,PF-STR01,AR00271,payfree,2026-06-29,1,2.0,54.0,EUR
CN-STR01-002723,STR01,PF-STR01,AR00081,payfree,2026-06-29,1,2.0,5.0,EUR
CN-STR01-002724,STR01,PF-STR01,AR00383,payfree,2026-06-29,1,2.0,6.5,EUR
CN-STR01-002725,STR01,PF-STR01,AR00141,payfree,2026-06-29,1,3.0,7.5,EUR
CN-STR01-002726,STR01,PF-STR01,AR90003,payfree,2026-06-29,1,1.0,0.15,EUR
CN-STR01-002727,STR01,PF-STR01,AR90028,payfree,2026-06-29,1,2.0,3.2,EUR
CN-STR01-002728,STR01,SM-STR01,IKA018,smart,2026-06-29,1,3.0,6.3,EUR
CN-STR01-002729,STR01,SM-STR01,AR00365,smart,2026-06-29,1,2.0,7.5,EUR
CN-STR01-002730,STR01,SM-STR01,AR00303,smart,2026-06-29,1,2.0,11.3,EUR
CN-STR01-002731,STR01,PF-STR01,AR00177,payfree,2026-06-30,1,1.0,1.4,EUR
CN-STR01-002732,STR01,PF-STR01,AR00141,payfree,2026-06-30,1,2.0,5.0,EUR
CN-STR01-002733,STR01,PF-STR01,AR00159,payfree,2026-06-30,1,3.0,11.4,EUR
CN-STR01-002734,STR01,PF-STR01,AR00108,payfree,2026-06-30,1,3.0,9.0,EUR
CN-STR01-002735,STR01,PF-STR01,AR00371,payfree,2026-06-30,1,1.0,4.95,EUR
CN-STR01-002736,STR01,PF-STR01,AR90014,payfree,2026-06-30,1,2.0,3.4,EUR
CN-STR01-002737,STR01,PF-STR01,AR00395,payfree,2026-06-30,1,3.0,7.5,EUR
CN-STR01-002738,STR01,PF-STR01,AR00004,payfree,2026-06-30,1,2.0,1.0,EUR
CN-STR01-002739,STR01,PF-STR01,AR00104,payfree,2026-06-30,1,3.0,7.8,EUR
CN-STR01-002740,STR01,SM-STR01,AR00097,smart,2026-06-30,1,1.0,4.3,EUR
CN-STR01-002741,STR01,MO-STR01,AR00401,smart,2026-06-30,1,1.0,1.2,EUR
CN-STR01-002742,STR01,PF-STR01,AR90030,payfree,2026-07-01,1,1.0,1.6,EUR
CN-STR01-002743,STR01,PF-STR01,AR00290,payfree,2026-07-01,1,1.0,2.2,EUR
CN-STR01-002744,STR01,PF-STR01,AR00317,payfree,2026-07-01,1,1.0,2.5,EUR
CN-STR01-002745,STR01,PF-STR01,AR00193,payfree,2026-07-01,1,1.0,1.4,EUR
CN-STR01-002746,STR01,PF-STR01,AR00306,payfree,2026-07-01,1,2.0,9.4,EUR
CN-STR01-002747,STR01,PF-STR01,AR90010,payfree,2026-07-01,1,1.0,2.2,EUR
CN-STR01-002748,STR01,PF-STR01,AR90013,payfree,2026-07-01,1,1.0,1.7,EUR
CN-STR01-002749,STR01,PF-STR01,AR00136,payfree,2026-07-01,1,2.0,5.4,EUR
CN-STR01-002750,STR01,PF-STR01,AR00314,payfree,2026-07-02,1,3.0,7.5,EUR
CN-STR01-002751,STR01,PF-STR01,AR00193,payfree,2026-07-02,1,3.0,4.2,EUR
CN-STR01-002752,STR01,PF-STR01,AR00185,payfree,2026-07-02,1,1.0,2.25,EUR
CN-STR01-002753,STR01,PF-STR01,AR00185,payfree,2026-07-02,1,3.0,6.75,EUR
CN-STR01-002754,STR01,PF-STR01,AR90051,payfree,2026-07-02,1,3.0,4.8,EUR
CN-STR01-002755,STR01,SM-STR01,AR00098,smart,2026-07-02,1,1.0,5.75,EUR
CN-STR01-002756,STR01,SM-STR01,AR00301,smart,2026-07-02,1,1.0,3.95,EUR
CN-STR01-002757,STR01,PF-STR01,AR00321,payfree,2026-07-03,1,2.0,2.4,EUR
CN-STR01-002758,STR01,PF-STR01,AR00228,payfree,2026-07-03,1,3.0,20.7,EUR
CN-STR01-002759,STR01,SM-STR01,AR00386,smart,2026-07-03,1,3.0,6.0,EUR
CN-STR01-002760,STR01,SM-STR01,AR00436,smart,2026-07-03,1,1.0,4.35,EUR
CN-STR01-002761,STR01,SM-STR01,AR00406,smart,2026-07-03,1,1.0,3.2,EUR
CN-BLN01-002762,BLN01,SM-BLN01,AR00211,smart,2026-01-01,1,2.0,2.4,EUR
CN-BLN01-002763,BLN01,SM-BLN01,AR00163,smart,2026-01-02,1,3.0,11.4,EUR
CN-BLN01-002764,BLN01,SM-BLN01,AR00344,smart,2026-01-02,1,3.0,11.7,EUR
CN-BLN01-002765,BLN01,SM-BLN01,AR00419,smart,2026-01-03,1,1.0,44.0,EUR
CN-BLN01-002766,BLN01,SM-BLN01,AR00360,smart,2026-01-03,1,2.0,29.8,EUR
CN-BLN01-002767,BLN01,SM-BLN01,AR00113,smart,2026-01-03,1,1.0,1.9,EUR
CN-BLN01-002768,BLN01,SM-BLN01,AR00399,smart,2026-01-04,1,2.0,5.5,EUR
CN-BLN01-002769,BLN01,SM-BLN01,AR00069,smart,2026-01-04,1,3.0,7.5,EUR
CN-BLN01-002770,BLN01,SM-BLN01,AR00211,smart,2026-01-04,1,3.0,3.6,EUR
CN-BLN01-002771,BLN01,SM-BLN01,AR00284,smart,2026-01-04,1,1.0,2.35,EUR
CN-BLN01-002772,BLN01,SM-BLN01,AR90042,smart,2026-01-05,1,2.0,3.8,EUR
CN-BLN01-002773,BLN01,SM-BLN01,AR00031,smart,2026-01-06,1,2.0,3.0,EUR
CN-BLN01-002774,BLN01,SM-BLN01,AR00376,smart,2026-01-06,1,2.0,8.5,EUR
CN-BLN01-002775,BLN01,SM-BLN01,AR00290,smart,2026-01-07,1,1.0,2.2,EUR
CN-BLN01-002776,BLN01,SM-BLN01,AR90055,smart,2026-01-07,1,3.0,5.1,EUR
CN-BLN01-002777,BLN01,SM-BLN01,AR00245,smart,2026-01-08,1,1.0,3.1,EUR
CN-BLN01-002778,BLN01,SM-BLN01,AR00035,smart,2026-01-08,1,1.0,2.5,EUR
CN-BLN01-002779,BLN01,SM-BLN01,IKA011,smart,2026-01-10,1,2.0,4.2,EUR
CN-BLN01-002780,BLN01,SM-BLN01,AR00131,smart,2026-01-10,1,1.0,6.9,EUR
CN-BLN01-002781,BLN01,SM-BLN01,AR00420,smart,2026-01-12,1,2.0,5.2,EUR
CN-BLN01-002782,BLN01,SM-BLN01,AR00062,smart,2026-01-13,1,2.0,3.8,EUR
CN-BLN01-002783,BLN01,SM-BLN01,AR00346,smart,2026-01-13,1,3.0,11.7,EUR
CN-BLN01-002784,BLN01,SM-BLN01,AR00004,smart,2026-01-14,1,3.0,1.5,EUR
CN-BLN01-002785,BLN01,SM-BLN01,AR00384,smart,2026-01-14,1,2.0,7.9,EUR
CN-BLN01-002786,BLN01,SM-BLN01,AR90025,smart,2026-01-14,1,3.0,3.6,EUR
CN-BLN01-002787,BLN01,SM-BLN01,AR00156,smart,2026-01-15,1,1.0,3.95,EUR
CN-BLN01-002788,BLN01,SM-BLN01,AR90033,smart,2026-01-16,1,3.0,3.6,EUR
CN-BLN01-002789,BLN01,SM-BLN01,AR00015,smart,2026-01-16,1,3.0,9.9,EUR
CN-BLN01-002790,BLN01,SM-BLN01,AR00448,smart,2026-01-17,1,2.0,7.78,EUR
CN-BLN01-002791,BLN01,SM-BLN01,AR00137,smart,2026-01-17,1,2.0,5.4,EUR
CN-BLN01-002792,BLN01,SM-BLN01,AR00107,smart,2026-01-17,1,2.0,7.4,EUR
CN-BLN01-002793,BLN01,SM-BLN01,AR00371,smart,2026-01-17,1,2.0,9.9,EUR
CN-BLN01-002794,BLN01,SM-BLN01,AR00284,smart,2026-01-18,1,2.0,4.7,EUR
CN-BLN01-002795,BLN01,SM-BLN01,AR00383,smart,2026-01-19,1,2.0,6.5,EUR
CN-BLN01-002796,BLN01,SM-BLN01,AR90036,smart,2026-01-19,1,3.0,5.1,EUR
CN-BLN01-002797,BLN01,SM-BLN01,AR00333,smart,2026-01-19,1,3.0,6.75,EUR
CN-BLN01-002798,BLN01,SM-BLN01,AR90027,smart,2026-01-20,1,1.0,1.6,EUR
CN-BLN01-002799,BLN01,SM-BLN01,AR00141,smart,2026-01-21,1,1.0,2.5,EUR
CN-BLN01-002800,BLN01,SM-BLN01,AR00018,smart,2026-01-21,1,3.0,5.4,EUR
CN-BLN01-002801,BLN01,SM-BLN01,AR00133,smart,2026-01-22,1,3.0,10.5,EUR
CN-BLN01-002802,BLN01,SM-BLN01,AR00026,smart,2026-01-22,1,2.0,2.4,EUR
CN-BLN01-002803,BLN01,SM-BLN01,AR00314,smart,2026-01-22,1,2.0,5.0,EUR
CN-BLN01-002804,BLN01,SM-BLN01,AR00050,smart,2026-01-23,1,3.0,38.7,EUR
CN-BLN01-002805,BLN01,SM-BLN01,AR90030,smart,2026-01-23,1,2.0,3.2,EUR
CN-BLN01-002806,BLN01,SM-BLN01,AR00438,smart,2026-01-23,1,1.0,2.35,EUR
CN-BLN01-002807,BLN01,MO-BLN01,AR00359,smart,2026-01-23,1,2.0,15.8,EUR
CN-BLN01-002808,BLN01,SM-BLN01,AR00240,smart,2026-01-24,1,2.0,3.8,EUR
CN-BLN01-002809,BLN01,SM-BLN01,AR00126,smart,2026-01-24,1,3.0,5.7,EUR
CN-BLN01-002810,BLN01,SM-BLN01,AR00378,smart,2026-01-24,1,3.0,12.75,EUR
CN-BLN01-002811,BLN01,SM-BLN01,AR00033,smart,2026-01-24,1,3.0,10.35,EUR
CN-BLN01-002812,BLN01,SM-BLN01,AR00321,smart,2026-01-25,1,1.0,1.2,EUR
CN-BLN01-002813,BLN01,SM-BLN01,AR00405,smart,2026-01-25,1,1.0,1.2,EUR
CN-BLN01-002814,BLN01,SM-BLN01,AR00187,smart,2026-01-25,1,1.0,2.5,EUR
CN-BLN01-002815,BLN01,SM-BLN01,AR00387,smart,2026-01-26,1,2.0,6.0,EUR
CN-BLN01-002816,BLN01,SM-BLN01,AR00172,smart,2026-01-26,1,3.0,11.85,EUR
CN-BLN01-002817,BLN01,SM-BLN01,AR90006,smart,2026-01-27,1,2.0,2.8,EUR
CN-BLN01-002818,BLN01,SM-BLN01,AR90013,smart,2026-01-27,1,3.0,5.1,EUR
CN-BLN01-002819,BLN01,SM-BLN01,AR00122,smart,2026-01-27,1,2.0,5.0,EUR
CN-BLN01-002820,BLN01,SM-BLN01,AR90020,smart,2026-01-27,1,2.0,3.9,EUR
CN-BLN01-002821,BLN01,SM-BLN01,AR00210,smart,2026-01-28,1,1.0,1.2,EUR
CN-BLN01-002822,BLN01,SM-BLN01,AR00080,smart,2026-01-30,1,3.0,7.5,EUR
CN-BLN01-002823,BLN01,SM-BLN01,AR00283,smart,2026-01-31,1,1.0,2.95,EUR
CN-BLN01-002824,BLN01,MO-BLN01,AR00384,smart,2026-01-31,1,2.0,7.9,EUR
CN-BLN01-002825,BLN01,SM-BLN01,AR00420,smart,2026-02-01,1,1.0,2.6,EUR
CN-BLN01-002826,BLN01,SM-BLN01,AR00033,smart,2026-02-02,1,2.0,6.9,EUR
CN-BLN01-002827,BLN01,SM-BLN01,AR00416,smart,2026-02-02,1,3.0,6.0,EUR
CN-BLN01-002828,BLN01,SM-BLN01,AR00021,smart,2026-02-03,1,3.0,11.7,EUR
CN-BLN01-002829,BLN01,SM-BLN01,AR90037,smart,2026-02-03,1,2.0,3.0,EUR
CN-BLN01-002830,BLN01,SM-BLN01,AR00101,smart,2026-02-03,1,3.0,5.7,EUR
CN-BLN01-002831,BLN01,SM-BLN01,AR00317,smart,2026-02-03,1,1.0,2.5,EUR
CN-BLN01-002832,BLN01,SM-BLN01,AR00293,smart,2026-02-04,1,1.0,2.2,EUR
CN-BLN01-002833,BLN01,SM-BLN01,AR00416,smart,2026-02-04,1,1.0,2.0,EUR
CN-BLN01-002834,BLN01,SM-BLN01,AR00325,smart,2026-02-04,1,2.0,7.9,EUR
CN-BLN01-002835,BLN01,SM-BLN01,AR00371,smart,2026-02-05,1,1.0,4.95,EUR
CN-BLN01-002836,BLN01,SM-BLN01,AR00006,smart,2026-02-06,1,2.0,3.6,EUR
CN-BLN01-002837,BLN01,SM-BLN01,AR90013,smart,2026-02-06,1,3.0,5.1,EUR
CN-BLN01-002838,BLN01,SM-BLN01,AR90020,smart,2026-02-06,1,2.0,3.9,EUR
CN-BLN01-002839,BLN01,SM-BLN01,AR90003,smart,2026-02-06,1,1.0,0.15,EUR
CN-BLN01-002840,BLN01,SM-BLN01,AR00057,smart,2026-02-07,1,3.0,7.5,EUR
CN-BLN01-002841,BLN01,SM-BLN01,AR90004,smart,2026-02-07,1,1.0,0.25,EUR
CN-BLN01-002842,BLN01,SM-BLN01,AR00397,smart,2026-02-07,1,1.0,2.5,EUR
CN-BLN01-002843,BLN01,SM-BLN01,AR00172,smart,2026-02-08,1,2.0,7.9,EUR
CN-BLN01-002844,BLN01,SM-BLN01,AR00341,smart,2026-02-09,1,3.0,11.7,EUR
CN-BLN01-002845,BLN01,SM-BLN01,AR00364,smart,2026-02-09,1,3.0,11.25,EUR
CN-BLN01-002846,BLN01,SM-BLN01,AR00152,smart,2026-02-09,1,3.0,11.85,EUR
CN-BLN01-002847,BLN01,SM-BLN01,AR90034,smart,2026-02-09,1,2.0,3.4,EUR
CN-BLN01-002848,BLN01,SM-BLN01,AR00211,smart,2026-02-10,1,2.0,2.4,EUR
CN-BLN01-002849,BLN01,SM-BLN01,AR00010,smart,2026-02-11,1,1.0,1.0,EUR
CN-BLN01-002850,BLN01,SM-BLN01,AR00162,smart,2026-02-11,1,3.0,11.4,EUR
CN-BLN01-002851,BLN01,MO-BLN01,AR00034,smart,2026-02-12,1,1.0,2.0,EUR
CN-BLN01-002852,BLN01,SM-BLN01,AR00021,smart,2026-02-13,1,3.0,11.7,EUR
CN-BLN01-002853,BLN01,SM-BLN01,AR00331,smart,2026-02-14,1,3.0,58.5,EUR
CN-BLN01-002854,BLN01,SM-BLN01,IKA011,smart,2026-02-15,1,2.0,4.2,EUR
CN-BLN01-002855,BLN01,SM-BLN01,AR00111,smart,2026-02-15,1,3.0,7.5,EUR
CN-BLN01-002856,BLN01,SM-BLN01,SM0018,smart,2026-02-16,1,3.0,11.85,EUR
CN-BLN01-002857,BLN01,SM-BLN01,AR00453,smart,2026-02-16,1,3.0,6.3,EUR
CN-BLN01-002858,BLN01,MO-BLN01,AR00023,smart,2026-02-16,1,2.0,3.6,EUR
CN-BLN01-002859,BLN01,SM-BLN01,AR00169,smart,2026-02-17,1,3.0,7.5,EUR
CN-BLN01-002860,BLN01,SM-BLN01,AR00153,smart,2026-02-17,1,2.0,7.0,EUR
CN-BLN01-002861,BLN01,SM-BLN01,AR00074,smart,2026-02-17,1,1.0,2.0,EUR
CN-BLN01-002862,BLN01,MO-BLN01,AR00106,smart,2026-02-17,1,2.0,7.8,EUR
CN-BLN01-002863,BLN01,SM-BLN01,AR90003,smart,2026-02-18,1,1.0,0.15,EUR
CN-BLN01-002864,BLN01,SM-BLN01,AR00060,smart,2026-02-19,1,2.0,5.0,EUR
CN-BLN01-002865,BLN01,SM-BLN01,AR00169,smart,2026-02-19,1,1.0,2.5,EUR
CN-BLN01-002866,BLN01,SM-BLN01,AR90042,smart,2026-02-19,1,1.0,1.9,EUR
CN-BLN01-002867,BLN01,SM-BLN01,AR90013,smart,2026-02-20,1,2.0,3.4,EUR
CN-BLN01-002868,BLN01,SM-BLN01,AR00040,smart,2026-02-20,1,3.0,9.9,EUR
CN-BLN01-002869,BLN01,SM-BLN01,AR00063,smart,2026-02-20,1,2.0,6.4,EUR
CN-BLN01-002870,BLN01,SM-BLN01,AR90016,smart,2026-02-21,1,1.0,1.7,EUR
CN-BLN01-002871,BLN01,MO-BLN01,AR00321,smart,2026-02-21,1,1.0,1.2,EUR
CN-BLN01-002872,BLN01,SM-BLN01,AR00420,smart,2026-02-22,1,1.0,2.6,EUR
CN-BLN01-002873,BLN01,SM-BLN01,AR00213,smart,2026-02-22,1,1.0,1.2,EUR
CN-BLN01-002874,BLN01,SM-BLN01,AR00302,smart,2026-02-23,1,3.0,11.85,EUR
CN-BLN01-002875,BLN01,SM-BLN01,AR90003,smart,2026-02-23,1,3.0,0.45,EUR
CN-BLN01-002876,BLN01,SM-BLN01,AR90023,smart,2026-02-23,1,2.0,3.2,EUR
CN-BLN01-002877,BLN01,SM-BLN01,AR00453,smart,2026-02-23,1,3.0,6.3,EUR
CN-BLN01-002878,BLN01,SM-BLN01,AR00242,smart,2026-02-24,1,1.0,2.5,EUR
CN-BLN01-002879,BLN01,SM-BLN01,AR00214,smart,2026-02-24,1,1.0,1.0,EUR
CN-BLN01-002880,BLN01,SM-BLN01,AR00312,smart,2026-02-24,1,1.0,2.5,EUR
CN-BLN01-002881,BLN01,SM-BLN01,IKA018,smart,2026-02-24,1,2.0,4.2,EUR
CN-BLN01-002882,BLN01,SM-BLN01,AR00030,smart,2026-02-26,1,3.0,10.5,EUR
CN-BLN01-002883,BLN01,SM-BLN01,AR00279,smart,2026-02-26,1,1.0,11.9,EUR
CN-BLN01-002884,BLN01,SM-BLN01,AR00364,smart,2026-02-27,1,1.0,3.75,EUR
CN-BLN01-002885,BLN01,SM-BLN01,AR00070,smart,2026-02-27,1,1.0,2.3,EUR
CN-BLN01-002886,BLN01,SM-BLN01,AR00211,smart,2026-02-27,1,1.0,1.2,EUR
CN-BLN01-002887,BLN01,SM-BLN01,AR00227,smart,2026-02-28,1,2.0,23.8,EUR
CN-BLN01-002888,BLN01,SM-BLN01,AR00367,smart,2026-02-28,1,2.0,7.5,EUR
CN-BLN01-002889,BLN01,SM-BLN01,AR00346,smart,2026-02-28,1,3.0,11.7,EUR
CN-BLN01-002890,BLN01,SM-BLN01,AR00074,smart,2026-03-01,1,2.0,4.0,EUR
CN-BLN01-002891,BLN01,SM-BLN01,AR90027,smart,2026-03-01,1,3.0,4.8,EUR
CN-BLN01-002892,BLN01,SM-BLN01,AR00213,smart,2026-03-01,1,1.0,1.2,EUR
CN-BLN01-002893,BLN01,SM-BLN01,AR00209,smart,2026-03-01,1,2.0,1.0,EUR
CN-BLN01-002894,BLN01,SM-BLN01,AR00088,smart,2026-03-02,1,3.0,6.6,EUR
CN-BLN01-002895,BLN01,SM-BLN01,AR90030,smart,2026-03-02,1,1.0,1.6,EUR
CN-BLN01-002896,BLN01,SM-BLN01,AR00276,smart,2026-03-02,1,1.0,2.4,EUR
CN-BLN01-002897,BLN01,SM-BLN01,AR00274,smart,2026-03-02,1,2.0,4.8,EUR
CN-BLN01-002898,BLN01,MO-BLN01,AR00152,smart,2026-03-02,1,2.0,7.9,EUR
CN-BLN01-002899,BLN01,SM-BLN01,AR00055,smart,2026-03-03,1,1.0,2.5,EUR
CN-BLN01-002900,BLN01,SM-BLN01,AR00292,smart,2026-03-03,1,2.0,4.4,EUR
CN-BLN01-002901,BLN01,SM-BLN01,AR00066,smart,2026-03-05,1,2.0,5.0,EUR
CN-BLN01-002902,BLN01,SM-BLN01,AR90030,smart,2026-03-05,1,2.0,3.2,EUR
CN-BLN01-002903,BLN01,SM-BLN01,AR00002,smart,2026-03-07,1,2.0,1.0,EUR
CN-BLN01-002904,BLN01,SM-BLN01,AR00322,smart,2026-03-08,1,3.0,3.6,EUR
CN-BLN01-002905,BLN01,SM-BLN01,AR00395,smart,2026-03-08,1,2.0,5.0,EUR
CN-BLN01-002906,BLN01,SM-BLN01,AR00438,smart,2026-03-08,1,3.0,7.05,EUR
CN-BLN01-002907,BLN01,SM-BLN01,AR00005,smart,2026-03-09,1,2.0,2.0,EUR
CN-BLN01-002908,BLN01,SM-BLN01,AR00270,smart,2026-03-09,1,2.0,5.0,EUR
CN-BLN01-002909,BLN01,SM-BLN01,AR00111,smart,2026-03-10,1,2.0,5.0,EUR
CN-BLN01-002910,BLN01,SM-BLN01,AR00419,smart,2026-03-10,1,3.0,132.0,EUR
CN-BLN01-002911,BLN01,SM-BLN01,AR00282,smart,2026-03-11,1,2.0,5.9,EUR
CN-BLN01-002912,BLN01,SM-BLN01,AR00143,smart,2026-03-12,1,3.0,8.85,EUR
CN-BLN01-002913,BLN01,SM-BLN01,AR00375,smart,2026-03-12,1,2.0,9.9,EUR
CN-BLN01-002914,BLN01,SM-BLN01,AR90006,smart,2026-03-12,1,3.0,4.2,EUR
CN-BLN01-002915,BLN01,MO-BLN01,AR00178,smart,2026-03-12,1,2.0,2.8,EUR
CN-BLN01-002916,BLN01,SM-BLN01,IKA011,smart,2026-03-13,1,2.0,4.2,EUR
CN-BLN01-002917,BLN01,SM-BLN01,AR00432,smart,2026-03-13,1,2.0,7.0,EUR
CN-BLN01-002918,BLN01,MO-BLN01,AR00005,smart,2026-03-13,1,1.0,1.0,EUR
CN-BLN01-002919,BLN01,SM-BLN01,AR00040,smart,2026-03-14,1,3.0,9.9,EUR
CN-BLN01-002920,BLN01,SM-BLN01,AR00245,smart,2026-03-15,1,1.0,3.1,EUR
CN-BLN01-002921,BLN01,SM-BLN01,AR00187,smart,2026-03-17,1,3.0,7.5,EUR
CN-BLN01-002922,BLN01,SM-BLN01,AR00096,smart,2026-03-17,1,3.0,11.85,EUR
CN-BLN01-002923,BLN01,SM-BLN01,AR90051,smart,2026-03-18,1,2.0,3.2,EUR
CN-BLN01-002924,BLN01,SM-BLN01,AR00151,smart,2026-03-19,1,3.0,11.7,EUR
CN-BLN01-002925,BLN01,SM-BLN01,AR00221,smart,2026-03-19,1,2.0,2.0,EUR
CN-BLN01-002926,BLN01,SM-BLN01,AR00178,smart,2026-03-19,1,3.0,4.2,EUR
CN-BLN01-002927,BLN01,SM-BLN01,AR00293,smart,2026-03-19,1,2.0,4.4,EUR
CN-BLN01-002928,BLN01,MO-BLN01,AR00157,smart,2026-03-20,1,1.0,3.8,EUR
CN-BLN01-002929,BLN01,SM-BLN01,AR00453,smart,2026-03-21,1,1.0,2.1,EUR
CN-BLN01-002930,BLN01,SM-BLN01,AR00090,smart,2026-03-21,1,1.0,1.3,EUR
CN-BLN01-002931,BLN01,SM-BLN01,AR00420,smart,2026-03-22,1,2.0,5.2,EUR
CN-BLN01-002932,BLN01,SM-BLN01,AR00231,smart,2026-03-22,1,3.0,11.85,EUR
CN-BLN01-002933,BLN01,SM-BLN01,AR00029,smart,2026-03-22,1,2.0,7.0,EUR
CN-BLN01-002934,BLN01,SM-BLN01,AR00290,smart,2026-03-22,1,2.0,4.4,EUR
CN-BLN01-002935,BLN01,SM-BLN01,AR00276,smart,2026-03-23,1,3.0,7.2,EUR
CN-BLN01-002936,BLN01,SM-BLN01,AR00021,smart,2026-03-23,1,3.0,11.7,EUR
CN-BLN01-002937,BLN01,SM-BLN01,AR00327,smart,2026-03-23,1,1.0,3.95,EUR
CN-BLN01-002938,BLN01,SM-BLN01,AR00304,smart,2026-03-23,1,3.0,16.95,EUR
CN-BLN01-002939,BLN01,MO-BLN01,AR00047,smart,2026-03-23,1,2.0,17.8,EUR
CN-BLN01-002940,BLN01,SM-BLN01,AR00024,smart,2026-03-24,1,1.0,2.5,EUR
CN-BLN01-002941,BLN01,SM-BLN01,AR00050,smart,2026-03-24,1,1.0,12.9,EUR
CN-BLN01-002942,BLN01,SM-BLN01,AR00419,smart,2026-03-25,1,1.0,44.0,EUR
CN-BLN01-002943,BLN01,SM-BLN01,AR00276,smart,2026-03-25,1,1.0,2.4,EUR
CN-BLN01-002944,BLN01,SM-BLN01,AR90033,smart,2026-03-25,1,2.0,2.4,EUR
CN-BLN01-002945,BLN01,SM-BLN01,AR00396,smart,2026-03-27,1,2.0,4.4,EUR
CN-BLN01-002946,BLN01,SM-BLN01,AR00359,smart,2026-03-27,1,1.0,7.9,EUR
CN-BLN01-002947,BLN01,SM-BLN01,AR00043,smart,2026-03-28,1,2.0,17.8,EUR
CN-BLN01-002948,BLN01,MO-BLN01,AR00270,smart,2026-03-28,1,3.0,7.5,EUR
CN-BLN01-002949,BLN01,SM-BLN01,AR00216,smart,2026-03-29,1,1.0,6.9,EUR
CN-BLN01-002950,BLN01,SM-BLN01,AR00063,smart,2026-03-29,1,1.0,3.2,EUR
CN-BLN01-002951,BLN01,SM-BLN01,AR90008,smart,2026-03-29,1,3.0,4.2,EUR
CN-BLN01-002952,BLN01,SM-BLN01,AR00111,smart,2026-03-30,1,2.0,5.0,EUR
CN-BLN01-002953,BLN01,SM-BLN01,AR00117,smart,2026-03-31,1,3.0,6.3,EUR
CN-BLN01-002954,BLN01,SM-BLN01,AR00241,smart,2026-03-31,1,1.0,2.5,EUR
CN-BLN01-002955,BLN01,SM-BLN01,AR00022,smart,2026-03-31,1,2.0,7.8,EUR
CN-BLN01-002956,BLN01,SM-BLN01,AR00208,smart,2026-03-31,1,1.0,0.5,EUR
CN-BLN01-002957,BLN01,MO-BLN01,AR00143,smart,2026-03-31,1,1.0,2.95,EUR
CN-BLN01-002958,BLN01,SM-BLN01,AR90036,smart,2026-04-01,1,3.0,5.1,EUR
CN-BLN01-002959,BLN01,SM-BLN01,AR00314,smart,2026-04-01,1,2.0,5.0,EUR
CN-BLN01-002960,BLN01,SM-BLN01,AR00399,smart,2026-04-01,1,2.0,5.5,EUR
CN-BLN01-002961,BLN01,SM-BLN01,AR00178,smart,2026-04-02,1,2.0,2.8,EUR
CN-BLN01-002962,BLN01,SM-BLN01,AR00004,smart,2026-04-02,1,3.0,1.5,EUR
CN-BLN01-002963,BLN01,SM-BLN01,AR00341,smart,2026-04-02,1,1.0,3.9,EUR
CN-BLN01-002964,BLN01,SM-BLN01,AR00169,smart,2026-04-03,1,1.0,2.5,EUR
CN-BLN01-002965,BLN01,SM-BLN01,AR00166,smart,2026-04-04,1,2.0,7.6,EUR
CN-BLN01-002966,BLN01,SM-BLN01,AR00186,smart,2026-04-04,1,3.0,7.5,EUR
CN-BLN01-002967,BLN01,SM-BLN01,AR90009,smart,2026-04-04,1,1.0,1.6,EUR
CN-BLN01-002968,BLN01,SM-BLN01,AR00442,smart,2026-04-04,1,2.0,4.98,EUR
CN-BLN01-002969,BLN01,SM-BLN01,AR90038,smart,2026-04-06,1,1.0,1.5,EUR
CN-BLN01-002970,BLN01,SM-BLN01,AR00106,smart,2026-04-09,1,2.0,7.8,EUR
CN-BLN01-002971,BLN01,SM-BLN01,AR00390,smart,2026-04-09,1,3.0,132.0,EUR
CN-BLN01-002972,BLN01,SM-BLN01,AR00108,smart,2026-04-09,1,2.0,6.0,EUR
CN-BLN01-002973,BLN01,SM-BLN01,AR00312,smart,2026-04-10,1,2.0,5.0,EUR
CN-BLN01-002974,BLN01,SM-BLN01,AR00067,smart,2026-04-10,1,2.0,5.0,EUR
CN-BLN01-002975,BLN01,SM-BLN01,AR00082,smart,2026-04-10,1,2.0,5.8,EUR
CN-BLN01-002976,BLN01,SM-BLN01,AR90010,smart,2026-04-10,1,3.0,6.6,EUR
CN-BLN01-002977,BLN01,SM-BLN01,AR00386,smart,2026-04-11,1,2.0,4.0,EUR
CN-BLN01-002978,BLN01,SM-BLN01,AR00382,smart,2026-04-13,1,1.0,3.25,EUR
CN-BLN01-002979,BLN01,SM-BLN01,AR00330,smart,2026-04-13,1,3.0,58.5,EUR
CN-BLN01-002980,BLN01,SM-BLN01,AR00346,smart,2026-04-14,1,2.0,7.8,EUR
CN-BLN01-002981,BLN01,SM-BLN01,AR00332,smart,2026-04-14,1,1.0,2.25,EUR
CN-BLN01-002982,BLN01,SM-BLN01,AR00281,smart,2026-04-14,1,3.0,9.75,EUR
CN-BLN01-002983,BLN01,SM-BLN01,AR00330,smart,2026-04-14,1,2.0,39.0,EUR
CN-BLN01-002984,BLN01,MO-BLN01,AR00171,smart,2026-04-15,1,3.0,11.85,EUR
CN-BLN01-002985,BLN01,SM-BLN01,AR90037,smart,2026-04-16,1,2.0,3.0,EUR
CN-BLN01-002986,BLN01,MO-BLN01,AR00040,smart,2026-04-16,1,3.0,9.9,EUR
CN-BLN01-002987,BLN01,SM-BLN01,AR90038,smart,2026-04-17,1,3.0,4.5,EUR
CN-BLN01-002988,BLN01,SM-BLN01,AR00215,smart,2026-04-17,1,1.0,6.9,EUR
CN-BLN01-002989,BLN01,SM-BLN01,AR00090,smart,2026-04-18,1,2.0,2.6,EUR
CN-BLN01-002990,BLN01,SM-BLN01,AR00171,smart,2026-04-18,1,3.0,11.85,EUR
CN-BLN01-002991,BLN01,SM-BLN01,AR00325,smart,2026-04-18,1,1.0,3.95,EUR
CN-BLN01-002992,BLN01,SM-BLN01,AR00365,smart,2026-04-19,1,1.0,3.75,EUR
CN-BLN01-002993,BLN01,SM-BLN01,AR00402,smart,2026-04-19,1,3.0,3.6,EUR
CN-BLN01-002994,BLN01,MO-BLN01,AR00063,smart,2026-04-19,1,1.0,3.2,EUR
CN-BLN01-002995,BLN01,SM-BLN01,AR00223,smart,2026-04-20,1,3.0,2.1,EUR
CN-BLN01-002996,BLN01,SM-BLN01,AR00376,smart,2026-04-20,1,1.0,4.25,EUR
CN-BLN01-002997,BLN01,SM-BLN01,AR90023,smart,2026-04-20,1,2.0,3.2,EUR
CN-BLN01-002998,BLN01,SM-BLN01,AR00448,smart,2026-04-20,1,1.0,3.89,EUR
CN-BLN01-002999,BLN01,SM-BLN01,AR00397,smart,2026-04-21,1,2.0,5.0,EUR
CN-BLN01-003000,BLN01,SM-BLN01,AR00438,smart,2026-04-21,1,1.0,2.35,EUR
CN-BLN01-003001,BLN01,SM-BLN01,AR00405,smart,2026-04-21,1,1.0,1.2,EUR
CN-BLN01-003002,BLN01,SM-BLN01,AR00290,smart,2026-04-21,1,3.0,6.6,EUR
CN-BLN01-003003,BLN01,SM-BLN01,AR00301,smart,2026-04-22,1,1.0,3.95,EUR
CN-BLN01-003004,BLN01,SM-BLN01,AR00278,smart,2026-04-22,1,1.0,11.9,EUR
CN-BLN01-003005,BLN01,SM-BLN01,AR00228,smart,2026-04-23,1,3.0,20.7,EUR
CN-BLN01-003006,BLN01,SM-BLN01,AR90015,smart,2026-04-24,1,3.0,5.1,EUR
CN-BLN01-003007,BLN01,SM-BLN01,AR00146,smart,2026-04-24,1,2.0,7.9,EUR
CN-BLN01-003008,BLN01,SM-BLN01,AR00366,smart,2026-04-24,1,1.0,3.75,EUR
CN-BLN01-003009,BLN01,SM-BLN01,AR00415,smart,2026-04-24,1,3.0,4.5,EUR
CN-BLN01-003010,BLN01,SM-BLN01,AR00213,smart,2026-04-25,1,2.0,2.4,EUR
CN-BLN01-003011,BLN01,SM-BLN01,AR90038,smart,2026-04-25,1,1.0,1.5,EUR
CN-BLN01-003012,BLN01,SM-BLN01,AR00063,smart,2026-04-25,1,3.0,9.6,EUR
CN-BLN01-003013,BLN01,SM-BLN01,IKA005,smart,2026-04-26,1,1.0,0.99,EUR
CN-BLN01-003014,BLN01,SM-BLN01,AR00280,smart,2026-04-26,1,1.0,11.9,EUR
CN-BLN01-003015,BLN01,SM-BLN01,AR00201,smart,2026-04-26,1,1.0,27.0,EUR
CN-BLN01-003016,BLN01,SM-BLN01,AR00005,smart,2026-04-27,1,3.0,3.0,EUR
CN-BLN01-003017,BLN01,SM-BLN01,AR00243,smart,2026-04-28,1,1.0,2.5,EUR
CN-BLN01-003018,BLN01,SM-BLN01,AR90013,smart,2026-04-28,1,3.0,5.1,EUR
CN-BLN01-003019,BLN01,SM-BLN01,AR00029,smart,2026-04-29,1,1.0,3.5,EUR
CN-BLN01-003020,BLN01,SM-BLN01,AR00373,smart,2026-04-29,1,3.0,14.85,EUR
CN-BLN01-003021,BLN01,SM-BLN01,AR00177,smart,2026-04-30,1,2.0,2.8,EUR
CN-BLN01-003022,BLN01,SM-BLN01,AR00141,smart,2026-04-30,1,3.0,7.5,EUR
CN-BLN01-003023,BLN01,SM-BLN01,AR00274,smart,2026-04-30,1,2.0,4.8,EUR
CN-BLN01-003024,BLN01,SM-BLN01,AR00166,smart,2026-04-30,1,3.0,11.4,EUR
CN-BLN01-003025,BLN01,SM-BLN01,AR00448,smart,2026-05-01,1,3.0,11.67,EUR
CN-BLN01-003026,BLN01,SM-BLN01,AR00010,smart,2026-05-01,1,1.0,1.0,EUR
CN-BLN01-003027,BLN01,SM-BLN01,AR90003,smart,2026-05-01,1,3.0,0.45,EUR
CN-BLN01-003028,BLN01,SM-BLN01,AR90004,smart,2026-05-01,1,3.0,0.75,EUR
CN-BLN01-003029,BLN01,SM-BLN01,AR00038,smart,2026-05-02,1,2.0,9.9,EUR
CN-BLN01-003030,BLN01,SM-BLN01,AR00359,smart,2026-05-02,1,2.0,15.8,EUR
CN-BLN01-003031,BLN01,MO-BLN01,AR00356,smart,2026-05-02,1,3.0,16.5,EUR
CN-BLN01-003032,BLN01,SM-BLN01,AR90029,smart,2026-05-03,1,1.0,1.6,EUR
CN-BLN01-003033,BLN01,SM-BLN01,AR90015,smart,2026-05-03,1,2.0,3.4,EUR
CN-BLN01-003034,BLN01,SM-BLN01,AR00117,smart,2026-05-03,1,2.0,4.2,EUR
CN-BLN01-003035,BLN01,MO-BLN01,AR00117,smart,2026-05-03,1,3.0,6.3,EUR
CN-BLN01-003036,BLN01,SM-BLN01,AR00345,smart,2026-05-04,1,3.0,11.7,EUR
CN-BLN01-003037,BLN01,SM-BLN01,SM0017,smart,2026-05-04,1,2.0,3.98,EUR
CN-BLN01-003038,BLN01,SM-BLN01,AR90019,smart,2026-05-04,1,1.0,1.95,EUR
CN-BLN01-003039,BLN01,SM-BLN01,AR00030,smart,2026-05-04,1,1.0,3.5,EUR
CN-BLN01-003040,BLN01,SM-BLN01,AR00009,smart,2026-05-05,1,1.0,1.0,EUR
CN-BLN01-003041,BLN01,SM-BLN01,AR00024,smart,2026-05-05,1,3.0,7.5,EUR
CN-BLN01-003042,BLN01,SM-BLN01,AR90012,smart,2026-05-05,1,3.0,5.1,EUR
CN-BLN01-003043,BLN01,SM-BLN01,AR00002,smart,2026-05-06,1,3.0,1.5,EUR
CN-BLN01-003044,BLN01,SM-BLN01,AR00387,smart,2026-05-06,1,1.0,3.0,EUR
CN-BLN01-003045,BLN01,SM-BLN01,AR00165,smart,2026-05-07,1,2.0,7.6,EUR
CN-BLN01-003046,BLN01,SM-BLN01,AR00063,smart,2026-05-07,1,2.0,6.4,EUR
CN-BLN01-003047,BLN01,SM-BLN01,AR00386,smart,2026-05-08,1,1.0,2.0,EUR
CN-BLN01-003048,BLN01,SM-BLN01,AR00050,smart,2026-05-08,1,3.0,38.7,EUR
CN-BLN01-003049,BLN01,SM-BLN01,AR00346,smart,2026-05-08,1,2.0,7.8,EUR
CN-BLN01-003050,BLN01,SM-BLN01,AR00142,smart,2026-05-08,1,1.0,1.8,EUR
CN-BLN01-003051,BLN01,SM-BLN01,AR00359,smart,2026-05-09,1,2.0,15.8,EUR
CN-BLN01-003052,BLN01,SM-BLN01,AR00064,smart,2026-05-09,1,3.0,7.5,EUR
CN-BLN01-003053,BLN01,SM-BLN01,AR00106,smart,2026-05-11,1,3.0,11.7,EUR
CN-BLN01-003054,BLN01,SM-BLN01,AR00114,smart,2026-05-11,1,3.0,4.2,EUR
CN-BLN01-003055,BLN01,SM-BLN01,AR00371,smart,2026-05-11,1,2.0,9.9,EUR
CN-BLN01-003056,BLN01,SM-BLN01,AR00053,smart,2026-05-12,1,3.0,10.2,EUR
CN-BLN01-003057,BLN01,SM-BLN01,AR00231,smart,2026-05-14,1,1.0,3.95,EUR
CN-BLN01-003058,BLN01,SM-BLN01,AR90038,smart,2026-05-14,1,2.0,3.0,EUR
CN-BLN01-003059,BLN01,SM-BLN01,AR00207,smart,2026-05-14,1,1.0,1.0,EUR
CN-BLN01-003060,BLN01,SM-BLN01,AR00456,smart,2026-05-17,1,2.0,23.0,EUR
CN-BLN01-003061,BLN01,SM-BLN01,AR00097,smart,2026-05-17,1,2.0,8.6,EUR
CN-BLN01-003062,BLN01,SM-BLN01,AR00062,smart,2026-05-17,1,2.0,3.8,EUR
CN-BLN01-003063,BLN01,SM-BLN01,AR90040,smart,2026-05-17,1,3.0,5.1,EUR
CN-BLN01-003064,BLN01,SM-BLN01,AR90040,smart,2026-05-18,1,3.0,5.1,EUR
CN-BLN01-003065,BLN01,SM-BLN01,AR90025,smart,2026-05-19,1,2.0,2.4,EUR
CN-BLN01-003066,BLN01,SM-BLN01,AR00163,smart,2026-05-19,1,3.0,11.4,EUR
CN-BLN01-003067,BLN01,SM-BLN01,AR00131,smart,2026-05-19,1,2.0,13.8,EUR
CN-BLN01-003068,BLN01,SM-BLN01,AR90027,smart,2026-05-20,1,2.0,3.2,EUR
CN-BLN01-003069,BLN01,SM-BLN01,AR00132,smart,2026-05-20,1,1.0,6.9,EUR
CN-BLN01-003070,BLN01,SM-BLN01,AR90036,smart,2026-05-21,1,3.0,5.1,EUR
CN-BLN01-003071,BLN01,SM-BLN01,AR00441,smart,2026-05-22,1,2.0,5.58,EUR
CN-BLN01-003072,BLN01,SM-BLN01,AR90011,smart,2026-05-22,1,1.0,1.7,EUR
CN-BLN01-003073,BLN01,SM-BLN01,AR90019,smart,2026-05-24,1,3.0,5.85,EUR
CN-BLN01-003074,BLN01,SM-BLN01,AR90021,smart,2026-05-25,1,2.0,9.8,EUR
CN-BLN01-003075,BLN01,SM-BLN01,AR90013,smart,2026-05-25,1,1.0,1.7,EUR
CN-BLN01-003076,BLN01,SM-BLN01,AR00204,smart,2026-05-25,1,2.0,3.6,EUR
CN-BLN01-003077,BLN01,SM-BLN01,AR90040,smart,2026-05-26,1,2.0,3.4,EUR
CN-BLN01-003078,BLN01,SM-BLN01,AR00159,smart,2026-05-26,1,1.0,3.8,EUR
CN-BLN01-003079,BLN01,SM-BLN01,AR00448,smart,2026-05-27,1,2.0,7.78,EUR
CN-BLN01-003080,BLN01,SM-BLN01,AR00117,smart,2026-05-27,1,2.0,4.2,EUR
CN-BLN01-003081,BLN01,SM-BLN01,AR00304,smart,2026-05-29,1,2.0,11.3,EUR
CN-BLN01-003082,BLN01,SM-BLN01,AR00405,smart,2026-05-29,1,3.0,3.6,EUR
CN-BLN01-003083,BLN01,SM-BLN01,AR00327,smart,2026-05-30,1,3.0,11.85,EUR
CN-BLN01-003084,BLN01,SM-BLN01,AR00218,smart,2026-05-30,1,3.0,5.7,EUR
CN-BLN01-003085,BLN01,SM-BLN01,AR00415,smart,2026-05-30,1,1.0,1.5,EUR
CN-BLN01-003086,BLN01,SM-BLN01,AR00024,smart,2026-05-31,1,2.0,5.0,EUR
CN-BLN01-003087,BLN01,SM-BLN01,AR00214,smart,2026-05-31,1,1.0,1.0,EUR
CN-BLN01-003088,BLN01,SM-BLN01,AR90012,smart,2026-06-01,1,3.0,5.1,EUR
CN-BLN01-003089,BLN01,SM-BLN01,AR90033,smart,2026-06-03,1,3.0,3.6,EUR
CN-BLN01-003090,BLN01,SM-BLN01,AR90039,smart,2026-06-04,1,1.0,1.5,EUR
CN-BLN01-003091,BLN01,SM-BLN01,AR00404,smart,2026-06-04,1,1.0,1.2,EUR
CN-BLN01-003092,BLN01,SM-BLN01,AR00076,smart,2026-06-04,1,1.0,5.5,EUR
CN-BLN01-003093,BLN01,SM-BLN01,AR00397,smart,2026-06-06,1,1.0,2.5,EUR
CN-BLN01-003094,BLN01,SM-BLN01,AR00197,smart,2026-06-06,1,2.0,3.6,EUR
CN-BLN01-003095,BLN01,SM-BLN01,AR00194,smart,2026-06-06,1,3.0,5.4,EUR
CN-BLN01-003096,BLN01,MO-BLN01,AR00275,smart,2026-06-06,1,1.0,2.4,EUR
CN-BLN01-003097,BLN01,SM-BLN01,AR00095,smart,2026-06-07,1,3.0,7.8,EUR
CN-BLN01-003098,BLN01,SM-BLN01,AR00087,smart,2026-06-07,1,2.0,3.0,EUR
CN-BLN01-003099,BLN01,SM-BLN01,AR00011,smart,2026-06-08,1,2.0,2.0,EUR
CN-BLN01-003100,BLN01,SM-BLN01,AR90030,smart,2026-06-09,1,3.0,4.8,EUR
CN-BLN01-003101,BLN01,SM-BLN01,AR00231,smart,2026-06-09,1,3.0,11.85,EUR
CN-BLN01-003102,BLN01,SM-BLN01,AR00204,smart,2026-06-12,1,3.0,5.4,EUR
CN-BLN01-003103,BLN01,SM-BLN01,AR00040,smart,2026-06-12,1,2.0,6.6,EUR
CN-BLN01-003104,BLN01,SM-BLN01,AR00406,smart,2026-06-12,1,1.0,3.2,EUR
CN-BLN01-003105,BLN01,SM-BLN01,AR00387,smart,2026-06-13,1,3.0,9.0,EUR
CN-BLN01-003106,BLN01,SM-BLN01,AR00009,smart,2026-06-13,1,2.0,2.0,EUR
CN-BLN01-003107,BLN01,SM-BLN01,AR00284,smart,2026-06-13,1,3.0,7.05,EUR
CN-BLN01-003108,BLN01,SM-BLN01,AR00104,smart,2026-06-13,1,1.0,2.6,EUR
CN-BLN01-003109,BLN01,SM-BLN01,AR00069,smart,2026-06-14,1,3.0,7.5,EUR
CN-BLN01-003110,BLN01,SM-BLN01,AR00002,smart,2026-06-14,1,2.0,1.0,EUR
CN-BLN01-003111,BLN01,SM-BLN01,AR00301,smart,2026-06-15,1,1.0,3.95,EUR
CN-BLN01-003112,BLN01,SM-BLN01,AR00053,smart,2026-06-15,1,2.0,6.8,EUR
CN-BLN01-003113,BLN01,SM-BLN01,AR00223,smart,2026-06-16,1,3.0,2.1,EUR
CN-BLN01-003114,BLN01,SM-BLN01,AR00280,smart,2026-06-16,1,1.0,11.9,EUR
CN-BLN01-003115,BLN01,SM-BLN01,AR00367,smart,2026-06-16,1,2.0,7.5,EUR
CN-BLN01-003116,BLN01,SM-BLN01,AR00013,smart,2026-06-16,1,2.0,3.6,EUR
CN-BLN01-003117,BLN01,SM-BLN01,AR00212,smart,2026-06-17,1,3.0,9.6,EUR
CN-BLN01-003118,BLN01,SM-BLN01,AR00025,smart,2026-06-18,1,3.0,7.5,EUR
CN-BLN01-003119,BLN01,SM-BLN01,AR00120,smart,2026-06-18,1,1.0,2.0,EUR
CN-BLN01-003120,BLN01,SM-BLN01,AR00219,smart,2026-06-19,1,2.0,3.8,EUR
CN-BLN01-003121,BLN01,SM-BLN01,AR00241,smart,2026-06-19,1,1.0,2.5,EUR
CN-BLN01-003122,BLN01,SM-BLN01,AR00004,smart,2026-06-22,1,1.0,0.5,EUR
CN-BLN01-003123,BLN01,SM-BLN01,AR00068,smart,2026-06-22,1,3.0,7.5,EUR
CN-BLN01-003124,BLN01,SM-BLN01,AR00332,smart,2026-06-22,1,1.0,2.25,EUR
CN-BLN01-003125,BLN01,SM-BLN01,AR90008,smart,2026-06-22,1,3.0,4.2,EUR
CN-BLN01-003126,BLN01,SM-BLN01,AR00286,smart,2026-06-24,1,2.0,2.4,EUR
CN-BLN01-003127,BLN01,SM-BLN01,AR00211,smart,2026-06-24,1,1.0,1.2,EUR
CN-BLN01-003128,BLN01,MO-BLN01,AR00090,smart,2026-06-24,1,2.0,2.6,EUR
CN-BLN01-003129,BLN01,SM-BLN01,AR00426,smart,2026-06-26,1,1.0,2.5,EUR
CN-BLN01-003130,BLN01,MO-BLN01,AR00208,smart,2026-06-26,1,1.0,0.5,EUR
CN-BLN01-003131,BLN01,SM-BLN01,AR00122,smart,2026-06-27,1,3.0,7.5,EUR
CN-BLN01-003132,BLN01,SM-BLN01,AR00090,smart,2026-06-27,1,3.0,3.9,EUR
CN-BLN01-003133,BLN01,MO-BLN01,AR00221,smart,2026-06-27,1,2.0,2.0,EUR
CN-BLN01-003134,BLN01,SM-BLN01,AR00288,smart,2026-06-28,1,3.0,7.2,EUR
CN-BLN01-003135,BLN01,SM-BLN01,IKA011,smart,2026-06-29,1,1.0,2.1,EUR
CN-BLN01-003136,BLN01,MO-BLN01,AR90002,smart,2026-06-29,1,3.0,0.24,EUR
CN-BLN01-003137,BLN01,SM-BLN01,AR00215,smart,2026-06-30,1,2.0,13.8,EUR
CN-BLN01-003138,BLN01,SM-BLN01,AR00140,smart,2026-06-30,1,1.0,2.9,EUR
CN-BLN01-003139,BLN01,SM-BLN01,AR00025,smart,2026-06-30,1,3.0,7.5,EUR
CN-BLN01-003140,BLN01,SM-BLN01,AR00214,smart,2026-06-30,1,1.0,1.0,EUR
CN-BLN01-003141,BLN01,MO-BLN01,AR90012,smart,2026-06-30,1,1.0,1.7,EUR
CN-BLN01-003142,BLN01,SM-BLN01,AR00216,smart,2026-07-01,1,3.0,20.7,EUR
CN-BLN01-003143,BLN01,SM-BLN01,AR00282,smart,2026-07-02,1,1.0,2.95,EUR
CN-BLN01-003144,BLN01,SM-BLN01,AR00090,smart,2026-07-02,1,3.0,3.9,EUR
CN-BLN01-003145,BLN01,SM-BLN01,AR00064,smart,2026-07-02,1,2.0,5.0,EUR
CN-BLN01-003146,BLN01,MO-BLN01,AR00175,smart,2026-07-02,1,3.0,7.5,EUR
CN-BLN01-003147,BLN01,SM-BLN01,AR00349,smart,2026-07-03,1,1.0,6.6,EUR
CN-MUC01-003148,MUC01,PF-MUC01,AR00398,payfree,2026-01-01,1,3.0,7.05,EUR
CN-MUC01-003149,MUC01,PF-MUC01,AR90008,payfree,2026-01-01,1,3.0,4.2,EUR
CN-MUC01-003150,MUC01,PF-MUC01,AR90004,payfree,2026-01-01,1,3.0,0.75,EUR
CN-MUC01-003151,MUC01,PF-MUC01,AR00147,payfree,2026-01-01,1,3.0,14.7,EUR
CN-MUC01-003152,MUC01,SM-MUC01,AR90039,smart,2026-01-01,1,1.0,1.5,EUR
CN-MUC01-003153,MUC01,SM-MUC01,AR00080,smart,2026-01-01,1,2.0,5.0,EUR
CN-MUC01-003154,MUC01,SM-MUC01,AR90009,smart,2026-01-01,1,1.0,1.6,EUR
CN-MUC01-003155,MUC01,SM-MUC01,AR00384,smart,2026-01-01,1,2.0,7.9,EUR
CN-MUC01-003156,MUC01,PF-MUC01,AR00201,payfree,2026-01-02,1,2.0,54.0,EUR
CN-MUC01-003157,MUC01,PF-MUC01,AR00382,payfree,2026-01-02,1,1.0,3.25,EUR
CN-MUC01-003158,MUC01,PF-MUC01,AR00029,payfree,2026-01-02,1,2.0,7.0,EUR
CN-MUC01-003159,MUC01,PF-MUC01,AR90055,payfree,2026-01-02,1,3.0,5.1,EUR
CN-MUC01-003160,MUC01,PF-MUC01,AR00213,payfree,2026-01-02,1,3.0,3.6,EUR
CN-MUC01-003161,MUC01,PF-MUC01,AR00109,payfree,2026-01-02,1,3.0,6.0,EUR
CN-MUC01-003162,MUC01,PF-MUC01,AR00050,payfree,2026-01-02,1,3.0,38.7,EUR
CN-MUC01-003163,MUC01,PF-MUC01,AR00367,payfree,2026-01-02,1,1.0,3.75,EUR
CN-MUC01-003164,MUC01,SM-MUC01,AR00333,smart,2026-01-02,1,1.0,2.25,EUR
CN-MUC01-003165,MUC01,PF-MUC01,AR00065,payfree,2026-01-05,1,3.0,7.5,EUR
CN-MUC01-003166,MUC01,PF-MUC01,AR00024,payfree,2026-01-05,1,1.0,2.5,EUR
CN-MUC01-003167,MUC01,SM-MUC01,AR00169,smart,2026-01-05,1,1.0,2.5,EUR
CN-MUC01-003168,MUC01,SM-MUC01,AR00322,smart,2026-01-05,1,1.0,1.2,EUR
CN-MUC01-003169,MUC01,PF-MUC01,AR00067,payfree,2026-01-06,1,2.0,5.0,EUR
CN-MUC01-003170,MUC01,PF-MUC01,AR00097,payfree,2026-01-06,1,1.0,4.3,EUR
CN-MUC01-003171,MUC01,PF-MUC01,AR00144,payfree,2026-01-06,1,3.0,5.7,EUR
CN-MUC01-003172,MUC01,PF-MUC01,AR00432,payfree,2026-01-06,1,2.0,7.0,EUR
CN-MUC01-003173,MUC01,PF-MUC01,AR00290,payfree,2026-01-06,1,2.0,4.4,EUR
CN-MUC01-003174,MUC01,SM-MUC01,AR00033,smart,2026-01-06,1,3.0,10.35,EUR
CN-MUC01-003175,MUC01,SM-MUC01,AR00080,smart,2026-01-06,1,1.0,2.5,EUR
CN-MUC01-003176,MUC01,PF-MUC01,AR00153,payfree,2026-01-07,1,2.0,7.0,EUR
CN-MUC01-003177,MUC01,PF-MUC01,AR00151,payfree,2026-01-07,1,2.0,7.8,EUR
CN-MUC01-003178,MUC01,PF-MUC01,AR90020,payfree,2026-01-07,1,1.0,1.95,EUR
CN-MUC01-003179,MUC01,PF-MUC01,AR00056,payfree,2026-01-07,1,2.0,5.0,EUR
CN-MUC01-003180,MUC01,PF-MUC01,AR00218,payfree,2026-01-07,1,3.0,5.7,EUR
CN-MUC01-003181,MUC01,PF-MUC01,AR00279,payfree,2026-01-07,1,2.0,23.8,EUR
CN-MUC01-003182,MUC01,PF-MUC01,AR00294,payfree,2026-01-07,1,1.0,2.2,EUR
CN-MUC01-003183,MUC01,PF-MUC01,AR00442,payfree,2026-01-07,1,1.0,2.49,EUR
CN-MUC01-003184,MUC01,PF-MUC01,AR00135,payfree,2026-01-07,1,2.0,7.0,EUR
CN-MUC01-003185,MUC01,SM-MUC01,AR00397,smart,2026-01-07,1,2.0,5.0,EUR
CN-MUC01-003186,MUC01,SM-MUC01,AR00025,smart,2026-01-07,1,2.0,5.0,EUR
CN-MUC01-003187,MUC01,SM-MUC01,AR00400,smart,2026-01-07,1,1.0,1.2,EUR
CN-MUC01-003188,MUC01,MO-MUC01,AR00204,smart,2026-01-07,1,1.0,1.8,EUR
CN-MUC01-003189,MUC01,PF-MUC01,AR00010,payfree,2026-01-08,1,1.0,1.0,EUR
CN-MUC01-003190,MUC01,PF-MUC01,AR00223,payfree,2026-01-08,1,2.0,1.4,EUR
CN-MUC01-003191,MUC01,PF-MUC01,AR00177,payfree,2026-01-08,1,1.0,1.4,EUR
CN-MUC01-003192,MUC01,PF-MUC01,AR00081,payfree,2026-01-08,1,1.0,2.5,EUR
CN-MUC01-003193,MUC01,PF-MUC01,AR00191,payfree,2026-01-08,1,2.0,3.6,EUR
CN-MUC01-003194,MUC01,PF-MUC01,AR00324,payfree,2026-01-08,1,3.0,9.9,EUR
CN-MUC01-003195,MUC01,PF-MUC01,AR00185,payfree,2026-01-08,1,3.0,6.75,EUR
CN-MUC01-003196,MUC01,PF-MUC01,AR00024,payfree,2026-01-08,1,1.0,2.5,EUR
CN-MUC01-003197,MUC01,SM-MUC01,AR00151,smart,2026-01-08,1,1.0,3.9,EUR
CN-MUC01-003198,MUC01,SM-MUC01,AR00165,smart,2026-01-08,1,2.0,7.6,EUR
CN-MUC01-003199,MUC01,PF-MUC01,AR00293,payfree,2026-01-09,1,3.0,6.6,EUR
CN-MUC01-003200,MUC01,PF-MUC01,AR00159,payfree,2026-01-09,1,3.0,11.4,EUR
CN-MUC01-003201,MUC01,PF-MUC01,AR00144,payfree,2026-01-09,1,2.0,3.8,EUR
CN-MUC01-003202,MUC01,PF-MUC01,AR00432,payfree,2026-01-09,1,1.0,3.5,EUR
CN-MUC01-003203,MUC01,PF-MUC01,AR00023,payfree,2026-01-09,1,1.0,1.8,EUR
CN-MUC01-003204,MUC01,PF-MUC01,AR00095,payfree,2026-01-09,1,1.0,2.6,EUR
CN-MUC01-003205,MUC01,PF-MUC01,AR00244,payfree,2026-01-09,1,1.0,2.5,EUR
CN-MUC01-003206,MUC01,PF-MUC01,AR00004,payfree,2026-01-09,1,2.0,1.0,EUR
CN-MUC01-003207,MUC01,PF-MUC01,AR00193,payfree,2026-01-09,1,3.0,4.2,EUR
CN-MUC01-003208,MUC01,SM-MUC01,AR00161,smart,2026-01-09,1,3.0,11.4,EUR
CN-MUC01-003209,MUC01,SM-MUC01,AR00054,smart,2026-01-09,1,2.0,2.0,EUR
CN-MUC01-003210,MUC01,SM-MUC01,AR00416,smart,2026-01-09,1,2.0,4.0,EUR
CN-MUC01-003211,MUC01,SM-MUC01,AR00019,smart,2026-01-09,1,2.0,3.6,EUR
CN-MUC01-003212,MUC01,PF-MUC01,AR00066,payfree,2026-01-11,1,1.0,2.5,EUR
CN-MUC01-003213,MUC01,PF-MUC01,AR00365,payfree,2026-01-11,1,2.0,7.5,EUR
CN-MUC01-003214,MUC01,PF-MUC01,AR00403,payfree,2026-01-11,1,2.0,2.4,EUR
CN-MUC01-003215,MUC01,PF-MUC01,AR90012,payfree,2026-01-11,1,1.0,1.7,EUR
CN-MUC01-003216,MUC01,PF-MUC01,AR00135,payfree,2026-01-11,1,2.0,7.0,EUR
CN-MUC01-003217,MUC01,PF-MUC01,AR00288,payfree,2026-01-11,1,3.0,7.2,EUR
CN-MUC01-003218,MUC01,PF-MUC01,AR90011,payfree,2026-01-11,1,3.0,5.1,EUR
CN-MUC01-003219,MUC01,SM-MUC01,AR00122,smart,2026-01-11,1,3.0,7.5,EUR
CN-MUC01-003220,MUC01,SM-MUC01,AR90039,smart,2026-01-11,1,1.0,1.5,EUR
CN-MUC01-003221,MUC01,SM-MUC01,AR00054,smart,2026-01-11,1,2.0,2.0,EUR
CN-MUC01-003222,MUC01,PF-MUC01,AR00101,payfree,2026-01-12,1,3.0,5.7,EUR
CN-MUC01-003223,MUC01,PF-MUC01,AR00454,payfree,2026-01-12,1,2.0,5.8,EUR
CN-MUC01-003224,MUC01,PF-MUC01,AR00441,payfree,2026-01-12,1,2.0,5.58,EUR
CN-MUC01-003225,MUC01,PF-MUC01,AR00055,payfree,2026-01-12,1,1.0,2.5,EUR
CN-MUC01-003226,MUC01,PF-MUC01,AR00089,payfree,2026-01-12,1,2.0,4.4,EUR
CN-MUC01-003227,MUC01,PF-MUC01,AR00070,payfree,2026-01-12,1,3.0,6.9,EUR
CN-MUC01-003228,MUC01,SM-MUC01,AR00222,smart,2026-01-12,1,1.0,1.0,EUR
CN-MUC01-003229,MUC01,PF-MUC01,AR00301,payfree,2026-01-13,1,2.0,7.9,EUR
CN-MUC01-003230,MUC01,PF-MUC01,AR00398,payfree,2026-01-13,1,3.0,7.05,EUR
CN-MUC01-003231,MUC01,SM-MUC01,AR00115,smart,2026-01-13,1,2.0,7.0,EUR
CN-MUC01-003232,MUC01,SM-MUC01,AR00389,smart,2026-01-13,1,1.0,5.5,EUR
CN-MUC01-003233,MUC01,SM-MUC01,AR00282,smart,2026-01-13,1,3.0,8.85,EUR
CN-MUC01-003234,MUC01,PF-MUC01,AR00314,payfree,2026-01-14,1,1.0,2.5,EUR
CN-MUC01-003235,MUC01,PF-MUC01,AR00436,payfree,2026-01-14,1,1.0,4.35,EUR
CN-MUC01-003236,MUC01,PF-MUC01,AR00132,payfree,2026-01-14,1,1.0,6.9,EUR
CN-MUC01-003237,MUC01,PF-MUC01,AR00011,payfree,2026-01-14,1,3.0,3.0,EUR
CN-MUC01-003238,MUC01,SM-MUC01,SM0015,smart,2026-01-14,1,2.0,7.9,EUR
CN-MUC01-003239,MUC01,PF-MUC01,AR00306,payfree,2026-01-15,1,2.0,9.4,EUR
CN-MUC01-003240,MUC01,PF-MUC01,AR00207,payfree,2026-01-15,1,1.0,1.0,EUR
CN-MUC01-003241,MUC01,PF-MUC01,AR00175,payfree,2026-01-15,1,1.0,2.5,EUR
CN-MUC01-003242,MUC01,SM-MUC01,AR00156,smart,2026-01-15,1,2.0,7.9,EUR
CN-MUC01-003243,MUC01,SM-MUC01,AR00203,smart,2026-01-15,1,2.0,5.0,EUR
CN-MUC01-003244,MUC01,PF-MUC01,AR00432,payfree,2026-01-16,1,3.0,10.5,EUR
CN-MUC01-003245,MUC01,PF-MUC01,AR00134,payfree,2026-01-16,1,1.0,3.5,EUR
CN-MUC01-003246,MUC01,PF-MUC01,AR90031,payfree,2026-01-16,1,2.0,2.4,EUR
CN-MUC01-003247,MUC01,PF-MUC01,AR00070,payfree,2026-01-16,1,3.0,6.9,EUR
CN-MUC01-003248,MUC01,PF-MUC01,AR00244,payfree,2026-01-16,1,2.0,5.0,EUR
CN-MUC01-003249,MUC01,PF-MUC01,AR00159,payfree,2026-01-16,1,1.0,3.8,EUR
CN-MUC01-003250,MUC01,PF-MUC01,AR00040,payfree,2026-01-16,1,2.0,6.6,EUR
CN-MUC01-003251,MUC01,PF-MUC01,AR00169,payfree,2026-01-16,1,1.0,2.5,EUR
CN-MUC01-003252,MUC01,PF-MUC01,AR00378,payfree,2026-01-18,1,2.0,8.5,EUR
CN-MUC01-003253,MUC01,SM-MUC01,AR00076,smart,2026-01-18,1,1.0,5.5,EUR
CN-MUC01-003254,MUC01,SM-MUC01,AR00119,smart,2026-01-18,1,3.0,10.5,EUR
CN-MUC01-003255,MUC01,SM-MUC01,SM0014,smart,2026-01-18,1,2.0,1.98,EUR
CN-MUC01-003256,MUC01,SM-MUC01,AR00236,smart,2026-01-18,1,3.0,48.0,EUR
CN-MUC01-003257,MUC01,SM-MUC01,AR00104,smart,2026-01-19,1,2.0,5.2,EUR
CN-MUC01-003258,MUC01,SM-MUC01,AR00096,smart,2026-01-19,1,3.0,11.85,EUR
CN-MUC01-003259,MUC01,SM-MUC01,AR00138,smart,2026-01-19,1,1.0,2.0,EUR
CN-MUC01-003260,MUC01,SM-MUC01,IKA005,smart,2026-01-19,1,1.0,0.99,EUR
CN-MUC01-003261,MUC01,MO-MUC01,AR00193,smart,2026-01-19,1,1.0,1.4,EUR
CN-MUC01-003262,MUC01,PF-MUC01,AR00274,payfree,2026-01-20,1,1.0,2.4,EUR
CN-MUC01-003263,MUC01,PF-MUC01,SM0015,payfree,2026-01-20,1,2.0,7.9,EUR
CN-MUC01-003264,MUC01,PF-MUC01,AR00221,payfree,2026-01-20,1,3.0,3.0,EUR
CN-MUC01-003265,MUC01,PF-MUC01,AR00108,payfree,2026-01-20,1,2.0,6.0,EUR
CN-MUC01-003266,MUC01,PF-MUC01,AR90016,payfree,2026-01-20,1,2.0,3.4,EUR
CN-MUC01-003267,MUC01,PF-MUC01,AR90002,payfree,2026-01-21,1,2.0,0.16,EUR
CN-MUC01-003268,MUC01,PF-MUC01,AR00207,payfree,2026-01-21,1,3.0,3.0,EUR
CN-MUC01-003269,MUC01,PF-MUC01,AR00438,payfree,2026-01-21,1,2.0,4.7,EUR
CN-MUC01-003270,MUC01,PF-MUC01,AR00323,payfree,2026-01-21,1,1.0,3.3,EUR
CN-MUC01-003271,MUC01,PF-MUC01,AR00442,payfree,2026-01-21,1,1.0,2.49,EUR
CN-MUC01-003272,MUC01,SM-MUC01,AR00062,smart,2026-01-21,1,2.0,3.8,EUR
CN-MUC01-003273,MUC01,SM-MUC01,AR00383,smart,2026-01-21,1,3.0,9.75,EUR
CN-MUC01-003274,MUC01,SM-MUC01,AR00290,smart,2026-01-21,1,3.0,6.6,EUR
CN-MUC01-003275,MUC01,SM-MUC01,AR00084,smart,2026-01-21,1,3.0,6.0,EUR
CN-MUC01-003276,MUC01,MO-MUC01,AR00035,smart,2026-01-21,1,2.0,5.0,EUR
CN-MUC01-003277,MUC01,PF-MUC01,AR00118,payfree,2026-01-22,1,2.0,5.9,EUR
CN-MUC01-003278,MUC01,PF-MUC01,AR00158,payfree,2026-01-22,1,3.0,11.4,EUR
CN-MUC01-003279,MUC01,PF-MUC01,AR90012,payfree,2026-01-22,1,3.0,5.1,EUR
CN-MUC01-003280,MUC01,PF-MUC01,AR00331,payfree,2026-01-22,1,2.0,39.0,EUR
CN-MUC01-003281,MUC01,PF-MUC01,AR00331,payfree,2026-01-22,1,3.0,58.5,EUR
CN-MUC01-003282,MUC01,PF-MUC01,AR90055,payfree,2026-01-22,1,1.0,1.7,EUR
CN-MUC01-003283,MUC01,PF-MUC01,AR00153,payfree,2026-01-22,1,3.0,10.5,EUR
CN-MUC01-003284,MUC01,PF-MUC01,AR00117,payfree,2026-01-22,1,3.0,6.3,EUR
CN-MUC01-003285,MUC01,SM-MUC01,AR00043,smart,2026-01-22,1,1.0,8.9,EUR
CN-MUC01-003286,MUC01,SM-MUC01,AR90039,smart,2026-01-22,1,2.0,3.0,EUR
CN-MUC01-003287,MUC01,SM-MUC01,AR00384,smart,2026-01-22,1,2.0,7.9,EUR
CN-MUC01-003288,MUC01,SM-MUC01,AR00212,smart,2026-01-22,1,1.0,3.2,EUR
CN-MUC01-003289,MUC01,MO-MUC01,SM0014,smart,2026-01-22,1,3.0,2.97,EUR
CN-MUC01-003290,MUC01,PF-MUC01,AR00456,payfree,2026-01-23,1,3.0,34.5,EUR
CN-MUC01-003291,MUC01,SM-MUC01,AR00293,smart,2026-01-23,1,1.0,2.2,EUR
CN-MUC01-003292,MUC01,SM-MUC01,AR90013,smart,2026-01-23,1,1.0,1.7,EUR
CN-MUC01-003293,MUC01,PF-MUC01,AR00383,payfree,2026-01-25,1,3.0,9.75,EUR
CN-MUC01-003294,MUC01,PF-MUC01,AR00069,payfree,2026-01-25,1,2.0,5.0,EUR
CN-MUC01-003295,MUC01,MO-MUC01,AR00231,smart,2026-01-25,1,2.0,7.9,EUR
CN-MUC01-003296,MUC01,SM-MUC01,AR90053,smart,2026-01-26,1,3.0,6.0,EUR
CN-MUC01-003297,MUC01,SM-MUC01,AR00327,smart,2026-01-26,1,3.0,11.85,EUR
CN-MUC01-003298,MUC01,SM-MUC01,AR00061,smart,2026-01-26,1,1.0,2.5,EUR
CN-MUC01-003299,MUC01,MO-MUC01,AR00086,smart,2026-01-26,1,1.0,4.95,EUR
CN-MUC01-003300,MUC01,PF-MUC01,AR00204,payfree,2026-01-27,1,3.0,5.4,EUR
CN-MUC01-003301,MUC01,PF-MUC01,AR00147,payfree,2026-01-27,1,1.0,4.9,EUR
CN-MUC01-003302,MUC01,PF-MUC01,AR00008,payfree,2026-01-27,1,3.0,5.4,EUR
CN-MUC01-003303,MUC01,PF-MUC01,AR90013,payfree,2026-01-27,1,2.0,3.4,EUR
CN-MUC01-003304,MUC01,PF-MUC01,AR90053,payfree,2026-01-27,1,3.0,6.0,EUR
CN-MUC01-003305,MUC01,PF-MUC01,AR00098,payfree,2026-01-27,1,2.0,11.5,EUR
CN-MUC01-003306,MUC01,PF-MUC01,AR00018,payfree,2026-01-27,1,1.0,1.8,EUR
CN-MUC01-003307,MUC01,PF-MUC01,AR00013,payfree,2026-01-27,1,1.0,1.8,EUR
CN-MUC01-003308,MUC01,SM-MUC01,AR00278,smart,2026-01-27,1,1.0,11.9,EUR
CN-MUC01-003309,MUC01,SM-MUC01,AR00166,smart,2026-01-27,1,2.0,7.6,EUR
CN-MUC01-003310,MUC01,SM-MUC01,AR00003,smart,2026-01-27,1,1.0,1.0,EUR
CN-MUC01-003311,MUC01,SM-MUC01,AR00188,smart,2026-01-27,1,3.0,5.4,EUR
CN-MUC01-003312,MUC01,MO-MUC01,AR00400,smart,2026-01-27,1,1.0,1.2,EUR
CN-MUC01-003313,MUC01,PF-MUC01,AR00367,payfree,2026-01-28,1,2.0,7.5,EUR
CN-MUC01-003314,MUC01,PF-MUC01,AR00018,payfree,2026-01-28,1,2.0,3.6,EUR
CN-MUC01-003315,MUC01,PF-MUC01,AR00024,payfree,2026-01-28,1,3.0,7.5,EUR
CN-MUC01-003316,MUC01,PF-MUC01,AR00229,payfree,2026-01-28,1,3.0,45.0,EUR
CN-MUC01-003317,MUC01,PF-MUC01,AR00330,payfree,2026-01-28,1,2.0,39.0,EUR
CN-MUC01-003318,MUC01,SM-MUC01,AR00142,smart,2026-01-28,1,2.0,3.6,EUR
CN-MUC01-003319,MUC01,SM-MUC01,AR00171,smart,2026-01-28,1,1.0,3.95,EUR
CN-MUC01-003320,MUC01,PF-MUC01,AR00071,payfree,2026-01-29,1,3.0,8.7,EUR
CN-MUC01-003321,MUC01,PF-MUC01,AR00040,payfree,2026-01-29,1,1.0,3.3,EUR
CN-MUC01-003322,MUC01,PF-MUC01,AR00162,payfree,2026-01-29,1,3.0,11.4,EUR
CN-MUC01-003323,MUC01,SM-MUC01,AR90015,smart,2026-01-29,1,1.0,1.7,EUR
CN-MUC01-003324,MUC01,PF-MUC01,AR90007,payfree,2026-01-30,1,3.0,4.2,EUR
CN-MUC01-003325,MUC01,PF-MUC01,AR00321,payfree,2026-01-30,1,1.0,1.2,EUR
CN-MUC01-003326,MUC01,PF-MUC01,AR00162,payfree,2026-01-30,1,1.0,3.8,EUR
CN-MUC01-003327,MUC01,PF-MUC01,AR00004,payfree,2026-01-30,1,1.0,0.5,EUR
CN-MUC01-003328,MUC01,PF-MUC01,AR00111,payfree,2026-01-30,1,2.0,5.0,EUR
CN-MUC01-003329,MUC01,PF-MUC01,AR90004,payfree,2026-01-30,1,1.0,0.25,EUR
CN-MUC01-003330,MUC01,PF-MUC01,AR00278,payfree,2026-02-01,1,3.0,35.7,EUR
CN-MUC01-003331,MUC01,PF-MUC01,AR00227,payfree,2026-02-01,1,1.0,11.9,EUR
CN-MUC01-003332,MUC01,SM-MUC01,AR00055,smart,2026-02-01,1,2.0,5.0,EUR
CN-MUC01-003333,MUC01,SM-MUC01,AR00433,smart,2026-02-01,1,1.0,3.89,EUR
CN-MUC01-003334,MUC01,SM-MUC01,AR00301,smart,2026-02-01,1,3.0,11.85,EUR
CN-MUC01-003335,MUC01,SM-MUC01,AR90013,smart,2026-02-01,1,3.0,5.1,EUR
CN-MUC01-003336,MUC01,PF-MUC01,AR00094,payfree,2026-02-02,1,1.0,0.3,EUR
CN-MUC01-003337,MUC01,PF-MUC01,AR00001,payfree,2026-02-02,1,1.0,1.0,EUR
CN-MUC01-003338,MUC01,PF-MUC01,AR00096,payfree,2026-02-02,1,2.0,7.9,EUR
CN-MUC01-003339,MUC01,PF-MUC01,AR90042,payfree,2026-02-02,1,3.0,5.7,EUR
CN-MUC01-003340,MUC01,PF-MUC01,AR00448,payfree,2026-02-02,1,3.0,11.67,EUR
CN-MUC01-003341,MUC01,PF-MUC01,AR00210,payfree,2026-02-02,1,1.0,1.2,EUR
CN-MUC01-003342,MUC01,PF-MUC01,AR00110,payfree,2026-02-02,1,2.0,7.0,EUR
CN-MUC01-003343,MUC01,SM-MUC01,AR00096,smart,2026-02-02,1,2.0,7.9,EUR
CN-MUC01-003344,MUC01,SM-MUC01,AR00187,smart,2026-02-02,1,1.0,2.5,EUR
CN-MUC01-003345,MUC01,PF-MUC01,AR00137,payfree,2026-02-03,1,3.0,8.1,EUR
CN-MUC01-003346,MUC01,PF-MUC01,AR00378,payfree,2026-02-03,1,2.0,8.5,EUR
CN-MUC01-003347,MUC01,PF-MUC01,AR00160,payfree,2026-02-03,1,1.0,3.8,EUR
CN-MUC01-003348,MUC01,PF-MUC01,AR00149,payfree,2026-02-03,1,1.0,5.6,EUR
CN-MUC01-003349,MUC01,PF-MUC01,AR90053,payfree,2026-02-03,1,2.0,4.0,EUR
CN-MUC01-003350,MUC01,PF-MUC01,AR00069,payfree,2026-02-03,1,3.0,7.5,EUR
CN-MUC01-003351,MUC01,PF-MUC01,AR00204,payfree,2026-02-03,1,1.0,1.8,EUR
CN-MUC01-003352,MUC01,PF-MUC01,AR90031,payfree,2026-02-03,1,1.0,1.2,EUR
CN-MUC01-003353,MUC01,PF-MUC01,AR90025,payfree,2026-02-03,1,1.0,1.2,EUR
CN-MUC01-003354,MUC01,SM-MUC01,AR00405,smart,2026-02-03,1,3.0,3.6,EUR
CN-MUC01-003355,MUC01,SM-MUC01,AR00115,smart,2026-02-03,1,1.0,3.5,EUR
CN-MUC01-003356,MUC01,SM-MUC01,AR00090,smart,2026-02-03,1,3.0,3.9,EUR
CN-MUC01-003357,MUC01,SM-MUC01,AR00322,smart,2026-02-03,1,1.0,1.2,EUR
CN-MUC01-003358,MUC01,PF-MUC01,AR00111,payfree,2026-02-04,1,1.0,2.5,EUR
CN-MUC01-003359,MUC01,PF-MUC01,AR00319,payfree,2026-02-04,1,2.0,2.4,EUR
CN-MUC01-003360,MUC01,SM-MUC01,AR90009,smart,2026-02-04,1,3.0,4.8,EUR
CN-MUC01-003361,MUC01,SM-MUC01,AR00371,smart,2026-02-04,1,3.0,14.85,EUR
CN-MUC01-003362,MUC01,SM-MUC01,AR00035,smart,2026-02-04,1,2.0,5.0,EUR
CN-MUC01-003363,MUC01,SM-MUC01,AR90054,smart,2026-02-04,1,3.0,5.1,EUR
CN-MUC01-003364,MUC01,PF-MUC01,AR00317,payfree,2026-02-05,1,1.0,2.5,EUR
CN-MUC01-003365,MUC01,PF-MUC01,AR00323,payfree,2026-02-05,1,2.0,6.6,EUR
CN-MUC01-003366,MUC01,PF-MUC01,AR00063,payfree,2026-02-05,1,2.0,6.4,EUR
CN-MUC01-003367,MUC01,PF-MUC01,AR00378,payfree,2026-02-06,1,1.0,4.25,EUR
CN-MUC01-003368,MUC01,PF-MUC01,AR00109,payfree,2026-02-06,1,2.0,4.0,EUR
CN-MUC01-003369,MUC01,PF-MUC01,AR00419,payfree,2026-02-06,1,3.0,132.0,EUR
CN-MUC01-003370,MUC01,PF-MUC01,AR00322,payfree,2026-02-06,1,1.0,1.2,EUR
CN-MUC01-003371,MUC01,PF-MUC01,AR00018,payfree,2026-02-06,1,3.0,5.4,EUR
CN-MUC01-003372,MUC01,PF-MUC01,AR00240,payfree,2026-02-06,1,3.0,5.7,EUR
CN-MUC01-003373,MUC01,PF-MUC01,AR00395,payfree,2026-02-06,1,3.0,7.5,EUR
CN-MUC01-003374,MUC01,PF-MUC01,AR90035,payfree,2026-02-06,1,2.0,3.4,EUR
CN-MUC01-003375,MUC01,SM-MUC01,AR90014,smart,2026-02-06,1,3.0,5.1,EUR
CN-MUC01-003376,MUC01,SM-MUC01,AR00055,smart,2026-02-06,1,3.0,7.5,EUR
CN-MUC01-003377,MUC01,SM-MUC01,AR00344,smart,2026-02-06,1,2.0,7.8,EUR
CN-MUC01-003378,MUC01,PF-MUC01,AR00274,payfree,2026-02-08,1,3.0,7.2,EUR
CN-MUC01-003379,MUC01,PF-MUC01,AR00208,payfree,2026-02-08,1,1.0,0.5,EUR
CN-MUC01-003380,MUC01,PF-MUC01,AR00366,payfree,2026-02-08,1,2.0,7.5,EUR
CN-MUC01-003381,MUC01,PF-MUC01,AR00106,payfree,2026-02-08,1,2.0,7.8,EUR
CN-MUC01-003382,MUC01,PF-MUC01,AR90051,payfree,2026-02-08,1,2.0,3.2,EUR
CN-MUC01-003383,MUC01,PF-MUC01,AR00175,payfree,2026-02-08,1,1.0,2.5,EUR
CN-MUC01-003384,MUC01,SM-MUC01,AR00366,smart,2026-02-08,1,3.0,11.25,EUR
CN-MUC01-003385,MUC01,SM-MUC01,AR00145,smart,2026-02-08,1,1.0,1.1,EUR
CN-MUC01-003386,MUC01,SM-MUC01,AR00003,smart,2026-02-08,1,3.0,3.0,EUR
CN-MUC01-003387,MUC01,SM-MUC01,AR00201,smart,2026-02-08,1,3.0,81.0,EUR
CN-MUC01-003388,MUC01,PF-MUC01,AR00027,payfree,2026-02-09,1,2.0,2.4,EUR
CN-MUC01-003389,MUC01,PF-MUC01,AR00056,payfree,2026-02-09,1,1.0,2.5,EUR
CN-MUC01-003390,MUC01,PF-MUC01,AR00096,payfree,2026-02-09,1,2.0,7.9,EUR
CN-MUC01-003391,MUC01,PF-MUC01,AR00366,payfree,2026-02-09,1,1.0,3.75,EUR
CN-MUC01-003392,MUC01,PF-MUC01,AR00203,payfree,2026-02-09,1,2.0,5.0,EUR
CN-MUC01-003393,MUC01,SM-MUC01,AR00058,smart,2026-02-09,1,2.0,5.0,EUR
CN-MUC01-003394,MUC01,SM-MUC01,AR00135,smart,2026-02-09,1,2.0,7.0,EUR
CN-MUC01-003395,MUC01,SM-MUC01,SM0014,smart,2026-02-09,1,3.0,2.97,EUR
CN-MUC01-003396,MUC01,MO-MUC01,AR00149,smart,2026-02-09,1,3.0,16.8,EUR
CN-MUC01-003397,MUC01,PF-MUC01,AR00398,payfree,2026-02-10,1,2.0,4.7,EUR
CN-MUC01-003398,MUC01,PF-MUC01,AR90014,payfree,2026-02-10,1,3.0,5.1,EUR
CN-MUC01-003399,MUC01,PF-MUC01,AR90002,payfree,2026-02-10,1,1.0,0.08,EUR
CN-MUC01-003400,MUC01,SM-MUC01,AR00022,smart,2026-02-10,1,3.0,11.7,EUR
CN-MUC01-003401,MUC01,SM-MUC01,AR00426,smart,2026-02-10,1,3.0,7.5,EUR
CN-MUC01-003402,MUC01,SM-MUC01,AR00138,smart,2026-02-10,1,3.0,6.0,EUR
CN-MUC01-003403,MUC01,PF-MUC01,AR00076,payfree,2026-02-11,1,3.0,16.5,EUR
CN-MUC01-003404,MUC01,PF-MUC01,AR90007,payfree,2026-02-11,1,3.0,4.2,EUR
CN-MUC01-003405,MUC01,PF-MUC01,AR90019,payfree,2026-02-11,1,3.0,5.85,EUR
CN-MUC01-003406,MUC01,PF-MUC01,AR00396,payfree,2026-02-11,1,2.0,4.4,EUR
CN-MUC01-003407,MUC01,PF-MUC01,AR90050,payfree,2026-02-11,1,1.0,1.6,EUR
CN-MUC01-003408,MUC01,PF-MUC01,AR90025,payfree,2026-02-11,1,3.0,3.6,EUR
CN-MUC01-003409,MUC01,SM-MUC01,AR00006,smart,2026-02-11,1,3.0,5.4,EUR
CN-MUC01-003410,MUC01,SM-MUC01,AR00090,smart,2026-02-11,1,2.0,2.6,EUR
CN-MUC01-003411,MUC01,SM-MUC01,AR00209,smart,2026-02-11,1,1.0,0.5,EUR
CN-MUC01-003412,MUC01,SM-MUC01,AR00145,smart,2026-02-11,1,3.0,3.3,EUR
CN-MUC01-003413,MUC01,PF-MUC01,AR00126,payfree,2026-02-12,1,3.0,5.7,EUR
CN-MUC01-003414,MUC01,PF-MUC01,AR00187,payfree,2026-02-12,1,2.0,5.0,EUR
CN-MUC01-003415,MUC01,PF-MUC01,AR00218,payfree,2026-02-12,1,1.0,1.9,EUR
CN-MUC01-003416,MUC01,PF-MUC01,AR90011,payfree,2026-02-12,1,1.0,1.7,EUR
CN-MUC01-003417,MUC01,PF-MUC01,AR00147,payfree,2026-02-12,1,2.0,9.8,EUR
CN-MUC01-003418,MUC01,PF-MUC01,AR00055,payfree,2026-02-12,1,1.0,2.5,EUR
CN-MUC01-003419,MUC01,PF-MUC01,AR90035,payfree,2026-02-12,1,1.0,1.7,EUR
CN-MUC01-003420,MUC01,SM-MUC01,AR00318,smart,2026-02-13,1,3.0,3.6,EUR
CN-MUC01-003421,MUC01,SM-MUC01,AR00153,smart,2026-02-13,1,3.0,10.5,EUR
CN-MUC01-003422,MUC01,SM-MUC01,AR00243,smart,2026-02-13,1,1.0,2.5,EUR
CN-MUC01-003423,MUC01,MO-MUC01,AR00283,smart,2026-02-13,1,2.0,5.9,EUR
CN-MUC01-003424,MUC01,PF-MUC01,AR90029,payfree,2026-02-15,1,1.0,1.6,EUR
CN-MUC01-003425,MUC01,PF-MUC01,AR00407,payfree,2026-02-15,1,3.0,9.6,EUR
CN-MUC01-003426,MUC01,PF-MUC01,AR00018,payfree,2026-02-15,1,2.0,3.6,EUR
CN-MUC01-003427,MUC01,PF-MUC01,AR00365,payfree,2026-02-15,1,1.0,3.75,EUR
CN-MUC01-003428,MUC01,PF-MUC01,AR90004,payfree,2026-02-15,1,3.0,0.75,EUR
CN-MUC01-003429,MUC01,PF-MUC01,AR00419,payfree,2026-02-15,1,1.0,44.0,EUR
CN-MUC01-003430,MUC01,PF-MUC01,AR90055,payfree,2026-02-15,1,1.0,1.7,EUR
CN-MUC01-003431,MUC01,MO-MUC01,AR00158,smart,2026-02-15,1,1.0,3.8,EUR
CN-MUC01-003432,MUC01,PF-MUC01,AR90040,payfree,2026-02-16,1,3.0,5.1,EUR
CN-MUC01-003433,MUC01,PF-MUC01,AR00333,payfree,2026-02-16,1,2.0,4.5,EUR
CN-MUC01-003434,MUC01,PF-MUC01,SM0014,payfree,2026-02-16,1,1.0,0.99,EUR
CN-MUC01-003435,MUC01,PF-MUC01,AR00023,payfree,2026-02-16,1,2.0,3.6,EUR
CN-MUC01-003436,MUC01,SM-MUC01,AR00327,smart,2026-02-16,1,1.0,3.95,EUR
CN-MUC01-003437,MUC01,SM-MUC01,AR00271,smart,2026-02-16,1,1.0,27.0,EUR
CN-MUC01-003438,MUC01,PF-MUC01,AR90020,payfree,2026-02-17,1,1.0,1.95,EUR
CN-MUC01-003439,MUC01,PF-MUC01,AR00027,payfree,2026-02-17,1,2.0,2.4,EUR
CN-MUC01-003440,MUC01,SM-MUC01,AR90013,smart,2026-02-17,1,3.0,5.1,EUR
CN-MUC01-003441,MUC01,SM-MUC01,AR90020,smart,2026-02-17,1,3.0,5.85,EUR
CN-MUC01-003442,MUC01,SM-MUC01,AR00290,smart,2026-02-17,1,3.0,6.6,EUR
CN-MUC01-003443,MUC01,SM-MUC01,AR00432,smart,2026-02-17,1,2.0,7.0,EUR
CN-MUC01-003444,MUC01,PF-MUC01,AR00050,payfree,2026-02-18,1,2.0,25.8,EUR
CN-MUC01-003445,MUC01,SM-MUC01,AR00356,smart,2026-02-18,1,2.0,11.0,EUR
CN-MUC01-003446,MUC01,SM-MUC01,AR00401,smart,2026-02-18,1,2.0,2.4,EUR
CN-MUC01-003447,MUC01,SM-MUC01,AR00040,smart,2026-02-18,1,1.0,3.3,EUR
CN-MUC01-003448,MUC01,SM-MUC01,AR90002,smart,2026-02-18,1,1.0,0.08,EUR
CN-MUC01-003449,MUC01,PF-MUC01,AR00401,payfree,2026-02-19,1,1.0,1.2,EUR
CN-MUC01-003450,MUC01,PF-MUC01,AR00050,payfree,2026-02-19,1,1.0,12.9,EUR
CN-MUC01-003451,MUC01,PF-MUC01,AR00389,payfree,2026-02-19,1,2.0,11.0,EUR
CN-MUC01-003452,MUC01,PF-MUC01,AR00081,payfree,2026-02-19,1,3.0,7.5,EUR
CN-MUC01-003453,MUC01,PF-MUC01,AR00033,payfree,2026-02-19,1,3.0,10.35,EUR
CN-MUC01-003454,MUC01,PF-MUC01,AR00186,payfree,2026-02-19,1,1.0,2.5,EUR
CN-MUC01-003455,MUC01,PF-MUC01,AR90014,payfree,2026-02-19,1,2.0,3.4,EUR
CN-MUC01-003456,MUC01,PF-MUC01,AR00084,payfree,2026-02-19,1,1.0,2.0,EUR
CN-MUC01-003457,MUC01,SM-MUC01,AR00242,smart,2026-02-19,1,2.0,5.0,EUR
CN-MUC01-003458,MUC01,SM-MUC01,AR00151,smart,2026-02-19,1,3.0,11.7,EUR
CN-MUC01-003459,MUC01,PF-MUC01,AR00332,payfree,2026-02-20,1,2.0,4.5,EUR
CN-MUC01-003460,MUC01,PF-MUC01,AR00010,payfree,2026-02-20,1,2.0,2.0,EUR
CN-MUC01-003461,MUC01,PF-MUC01,AR90014,payfree,2026-02-20,1,3.0,5.1,EUR
CN-MUC01-003462,MUC01,PF-MUC01,AR00126,payfree,2026-02-20,1,3.0,5.7,EUR
CN-MUC01-003463,MUC01,SM-MUC01,AR00025,smart,2026-02-20,1,3.0,7.5,EUR
CN-MUC01-003464,MUC01,SM-MUC01,AR90054,smart,2026-02-20,1,2.0,3.4,EUR
CN-MUC01-003465,MUC01,PF-MUC01,AR90031,payfree,2026-02-22,1,1.0,1.2,EUR
CN-MUC01-003466,MUC01,PF-MUC01,AR00022,payfree,2026-02-22,1,2.0,7.8,EUR
CN-MUC01-003467,MUC01,PF-MUC01,AR00406,payfree,2026-02-22,1,2.0,6.4,EUR
CN-MUC01-003468,MUC01,SM-MUC01,IKA005,smart,2026-02-22,1,1.0,0.99,EUR
CN-MUC01-003469,MUC01,SM-MUC01,AR00275,smart,2026-02-22,1,3.0,7.2,EUR
CN-MUC01-003470,MUC01,PF-MUC01,AR00118,payfree,2026-02-23,1,2.0,5.9,EUR
CN-MUC01-003471,MUC01,PF-MUC01,AR00306,payfree,2026-02-23,1,1.0,4.7,EUR
CN-MUC01-003472,MUC01,PF-MUC01,AR00111,payfree,2026-02-23,1,1.0,2.5,EUR
CN-MUC01-003473,MUC01,PF-MUC01,AR00095,payfree,2026-02-23,1,1.0,2.6,EUR
CN-MUC01-003474,MUC01,PF-MUC01,AR00400,payfree,2026-02-23,1,2.0,2.4,EUR
CN-MUC01-003475,MUC01,PF-MUC01,AR00281,payfree,2026-02-23,1,2.0,6.5,EUR
CN-MUC01-003476,MUC01,PF-MUC01,AR00301,payfree,2026-02-23,1,3.0,11.85,EUR
CN-MUC01-003477,MUC01,PF-MUC01,AR00151,payfree,2026-02-23,1,1.0,3.9,EUR
CN-MUC01-003478,MUC01,SM-MUC01,AR90009,smart,2026-02-23,1,2.0,3.2,EUR
CN-MUC01-003479,MUC01,SM-MUC01,AR00039,smart,2026-02-23,1,2.0,2.0,EUR
CN-MUC01-003480,MUC01,MO-MUC01,AR00002,smart,2026-02-23,1,2.0,1.0,EUR
CN-MUC01-003481,MUC01,PF-MUC01,AR00105,payfree,2026-02-24,1,2.0,7.9,EUR
CN-MUC01-003482,MUC01,PF-MUC01,AR00023,payfree,2026-02-24,1,2.0,3.6,EUR
CN-MUC01-003483,MUC01,PF-MUC01,AR00162,payfree,2026-02-24,1,2.0,7.6,EUR
CN-MUC01-003484,MUC01,PF-MUC01,AR00220,payfree,2026-02-24,1,3.0,3.0,EUR
CN-MUC01-003485,MUC01,SM-MUC01,AR90038,smart,2026-02-24,1,3.0,4.5,EUR
CN-MUC01-003486,MUC01,PF-MUC01,AR00432,payfree,2026-02-25,1,2.0,7.0,EUR
CN-MUC01-003487,MUC01,PF-MUC01,AR00106,payfree,2026-02-25,1,1.0,3.9,EUR
CN-MUC01-003488,MUC01,PF-MUC01,AR00346,payfree,2026-02-25,1,1.0,3.9,EUR
CN-MUC01-003489,MUC01,PF-MUC01,AR00359,payfree,2026-02-25,1,2.0,15.8,EUR
CN-MUC01-003490,MUC01,PF-MUC01,AR00231,payfree,2026-02-25,1,2.0,7.9,EUR
CN-MUC01-003491,MUC01,PF-MUC01,AR00236,payfree,2026-02-25,1,2.0,32.0,EUR
CN-MUC01-003492,MUC01,SM-MUC01,AR90016,smart,2026-02-25,1,2.0,3.4,EUR
CN-MUC01-003493,MUC01,SM-MUC01,AR00229,smart,2026-02-25,1,2.0,30.0,EUR
CN-MUC01-003494,MUC01,PF-MUC01,AR00403,payfree,2026-02-26,1,3.0,3.6,EUR
CN-MUC01-003495,MUC01,PF-MUC01,AR00306,payfree,2026-02-26,1,3.0,14.1,EUR
CN-MUC01-003496,MUC01,PF-MUC01,AR00383,payfree,2026-02-26,1,2.0,6.5,EUR
CN-MUC01-003497,MUC01,SM-MUC01,AR00043,smart,2026-02-26,1,2.0,17.8,EUR
CN-MUC01-003498,MUC01,SM-MUC01,AR00064,smart,2026-02-26,1,1.0,2.5,EUR
CN-MUC01-003499,MUC01,SM-MUC01,AR90027,smart,2026-02-26,1,2.0,3.2,EUR
CN-MUC01-003500,MUC01,SM-MUC01,AR90031,smart,2026-02-26,1,1.0,1.2,EUR
CN-MUC01-003501,MUC01,SM-MUC01,AR00152,smart,2026-02-27,1,3.0,11.85,EUR
CN-MUC01-003502,MUC01,SM-MUC01,AR00426,smart,2026-02-27,1,3.0,7.5,EUR
CN-MUC01-003503,MUC01,SM-MUC01,AR00292,smart,2026-02-27,1,2.0,4.4,EUR
CN-MUC01-003504,MUC01,SM-MUC01,AR90027,smart,2026-02-27,1,2.0,3.2,EUR
CN-MUC01-003505,MUC01,PF-MUC01,SM0015,payfree,2026-03-01,1,3.0,11.85,EUR
CN-MUC01-003506,MUC01,PF-MUC01,AR90029,payfree,2026-03-01,1,1.0,1.6,EUR
CN-MUC01-003507,MUC01,PF-MUC01,AR00122,payfree,2026-03-01,1,3.0,7.5,EUR
CN-MUC01-003508,MUC01,PF-MUC01,AR00344,payfree,2026-03-01,1,1.0,3.9,EUR
CN-MUC01-003509,MUC01,PF-MUC01,AR00438,payfree,2026-03-01,1,2.0,4.7,EUR
CN-MUC01-003510,MUC01,PF-MUC01,AR00132,payfree,2026-03-01,1,1.0,6.9,EUR
CN-MUC01-003511,MUC01,PF-MUC01,AR00417,payfree,2026-03-01,1,3.0,132.0,EUR
CN-MUC01-003512,MUC01,PF-MUC01,AR00141,payfree,2026-03-01,1,2.0,5.0,EUR
CN-MUC01-003513,MUC01,PF-MUC01,AR00171,payfree,2026-03-02,1,1.0,3.95,EUR
CN-MUC01-003514,MUC01,PF-MUC01,AR00286,payfree,2026-03-02,1,1.0,1.2,EUR
CN-MUC01-003515,MUC01,SM-MUC01,AR00121,smart,2026-03-02,1,2.0,4.4,EUR
CN-MUC01-003516,MUC01,SM-MUC01,AR00101,smart,2026-03-02,1,3.0,5.7,EUR
CN-MUC01-003517,MUC01,SM-MUC01,AR00356,smart,2026-03-02,1,2.0,11.0,EUR
CN-MUC01-003518,MUC01,SM-MUC01,AR00157,smart,2026-03-02,1,3.0,11.4,EUR
CN-MUC01-003519,MUC01,PF-MUC01,AR00434,payfree,2026-03-03,1,1.0,3.89,EUR
CN-MUC01-003520,MUC01,PF-MUC01,AR00057,payfree,2026-03-03,1,1.0,2.5,EUR
CN-MUC01-003521,MUC01,PF-MUC01,AR00029,payfree,2026-03-03,1,1.0,3.5,EUR
CN-MUC01-003522,MUC01,PF-MUC01,AR00146,payfree,2026-03-03,1,3.0,11.85,EUR
CN-MUC01-003523,MUC01,PF-MUC01,AR90015,payfree,2026-03-03,1,3.0,5.1,EUR
CN-MUC01-003524,MUC01,SM-MUC01,AR00145,smart,2026-03-03,1,3.0,3.3,EUR
CN-MUC01-003525,MUC01,SM-MUC01,AR00301,smart,2026-03-03,1,1.0,3.95,EUR
CN-MUC01-003526,MUC01,SM-MUC01,AR00152,smart,2026-03-03,1,2.0,7.9,EUR
CN-MUC01-003527,MUC01,PF-MUC01,AR00145,payfree,2026-03-04,1,1.0,1.1,EUR
CN-MUC01-003528,MUC01,PF-MUC01,AR00158,payfree,2026-03-04,1,1.0,3.8,EUR
CN-MUC01-003529,MUC01,SM-MUC01,AR00288,smart,2026-03-04,1,3.0,7.2,EUR
CN-MUC01-003530,MUC01,SM-MUC01,AR00172,smart,2026-03-04,1,2.0,7.9,EUR
CN-MUC01-003531,MUC01,PF-MUC01,AR00436,payfree,2026-03-05,1,2.0,8.7,EUR
CN-MUC01-003532,MUC01,PF-MUC01,AR00156,payfree,2026-03-05,1,2.0,7.9,EUR
CN-MUC01-003533,MUC01,PF-MUC01,AR00084,payfree,2026-03-05,1,3.0,6.0,EUR
CN-MUC01-003534,MUC01,PF-MUC01,AR00027,payfree,2026-03-05,1,1.0,1.2,EUR
CN-MUC01-003535,MUC01,PF-MUC01,AR00366,payfree,2026-03-05,1,2.0,7.5,EUR
CN-MUC01-003536,MUC01,PF-MUC01,AR00303,payfree,2026-03-05,1,3.0,16.95,EUR
CN-MUC01-003537,MUC01,PF-MUC01,AR00050,payfree,2026-03-05,1,1.0,12.9,EUR
CN-MUC01-003538,MUC01,PF-MUC01,AR00320,payfree,2026-03-05,1,2.0,2.4,EUR
CN-MUC01-003539,MUC01,SM-MUC01,AR00134,smart,2026-03-05,1,1.0,3.5,EUR
CN-MUC01-003540,MUC01,SM-MUC01,AR00320,smart,2026-03-05,1,3.0,3.6,EUR
CN-MUC01-003541,MUC01,PF-MUC01,AR00280,payfree,2026-03-06,1,3.0,35.7,EUR
CN-MUC01-003542,MUC01,SM-MUC01,AR00043,smart,2026-03-06,1,3.0,26.7,EUR
CN-MUC01-003543,MUC01,MO-MUC01,AR00323,smart,2026-03-06,1,2.0,6.6,EUR
CN-MUC01-003544,MUC01,PF-MUC01,AR90035,payfree,2026-03-08,1,2.0,3.4,EUR
CN-MUC01-003545,MUC01,PF-MUC01,AR00407,payfree,2026-03-08,1,3.0,9.6,EUR
CN-MUC01-003546,MUC01,PF-MUC01,AR00153,payfree,2026-03-08,1,1.0,3.5,EUR
CN-MUC01-003547,MUC01,PF-MUC01,AR00187,payfree,2026-03-08,1,3.0,7.5,EUR
CN-MUC01-003548,MUC01,PF-MUC01,AR00378,payfree,2026-03-08,1,2.0,8.5,EUR
CN-MUC01-003549,MUC01,PF-MUC01,AR00082,payfree,2026-03-08,1,1.0,2.9,EUR
CN-MUC01-003550,MUC01,PF-MUC01,AR00360,payfree,2026-03-08,1,1.0,14.9,EUR
CN-MUC01-003551,MUC01,PF-MUC01,AR00242,payfree,2026-03-08,1,2.0,5.0,EUR
CN-MUC01-003552,MUC01,PF-MUC01,AR00090,payfree,2026-03-08,1,3.0,3.9,EUR
CN-MUC01-003553,MUC01,SM-MUC01,AR00290,smart,2026-03-08,1,2.0,4.4,EUR
CN-MUC01-003554,MUC01,SM-MUC01,AR00419,smart,2026-03-08,1,1.0,44.0,EUR
CN-MUC01-003555,MUC01,SM-MUC01,AR00015,smart,2026-03-08,1,2.0,6.6,EUR
CN-MUC01-003556,MUC01,SM-MUC01,IKA003,smart,2026-03-08,1,2.0,4.4,EUR
CN-MUC01-003557,MUC01,PF-MUC01,AR00320,payfree,2026-03-09,1,1.0,1.2,EUR
CN-MUC01-003558,MUC01,PF-MUC01,AR00094,payfree,2026-03-09,1,1.0,0.3,EUR
CN-MUC01-003559,MUC01,PF-MUC01,AR00135,payfree,2026-03-09,1,3.0,10.5,EUR
CN-MUC01-003560,MUC01,PF-MUC01,AR90011,payfree,2026-03-09,1,1.0,1.7,EUR
CN-MUC01-003561,MUC01,PF-MUC01,AR00074,payfree,2026-03-09,1,2.0,4.0,EUR
CN-MUC01-003562,MUC01,PF-MUC01,AR00025,payfree,2026-03-09,1,2.0,5.0,EUR
CN-MUC01-003563,MUC01,PF-MUC01,AR00275,payfree,2026-03-09,1,3.0,7.2,EUR
CN-MUC01-003564,MUC01,PF-MUC01,AR00071,payfree,2026-03-09,1,3.0,8.7,EUR
CN-MUC01-003565,MUC01,PF-MUC01,AR00015,payfree,2026-03-09,1,2.0,6.6,EUR
CN-MUC01-003566,MUC01,MO-MUC01,AR00314,smart,2026-03-09,1,1.0,2.5,EUR
CN-MUC01-003567,MUC01,SM-MUC01,AR90011,smart,2026-03-10,1,2.0,3.4,EUR
CN-MUC01-003568,MUC01,SM-MUC01,AR00432,smart,2026-03-10,1,3.0,10.5,EUR
CN-MUC01-003569,MUC01,SM-MUC01,AR00022,smart,2026-03-10,1,1.0,3.9,EUR
CN-MUC01-003570,MUC01,SM-MUC01,AR00345,smart,2026-03-10,1,1.0,3.9,EUR
CN-MUC01-003571,MUC01,MO-MUC01,AR00417,smart,2026-03-10,1,3.0,132.0,EUR
CN-MUC01-003572,MUC01,PF-MUC01,AR00054,payfree,2026-03-11,1,2.0,2.0,EUR
CN-MUC01-003573,MUC01,PF-MUC01,AR00185,payfree,2026-03-11,1,3.0,6.75,EUR
CN-MUC01-003574,MUC01,PF-MUC01,AR00080,payfree,2026-03-11,1,2.0,5.0,EUR
CN-MUC01-003575,MUC01,PF-MUC01,AR00453,payfree,2026-03-11,1,3.0,6.3,EUR
CN-MUC01-003576,MUC01,SM-MUC01,AR00138,smart,2026-03-11,1,3.0,6.0,EUR
CN-MUC01-003577,MUC01,SM-MUC01,SM0014,smart,2026-03-11,1,3.0,2.97,EUR
CN-MUC01-003578,MUC01,MO-MUC01,AR00280,smart,2026-03-11,1,1.0,11.9,EUR
CN-MUC01-003579,MUC01,PF-MUC01,AR00196,payfree,2026-03-12,1,3.0,4.8,EUR
CN-MUC01-003580,MUC01,PF-MUC01,AR00401,payfree,2026-03-12,1,2.0,2.4,EUR
CN-MUC01-003581,MUC01,PF-MUC01,AR00166,payfree,2026-03-12,1,3.0,11.4,EUR
CN-MUC01-003582,MUC01,PF-MUC01,AR00289,payfree,2026-03-12,1,3.0,6.6,EUR
CN-MUC01-003583,MUC01,PF-MUC01,AR00027,payfree,2026-03-12,1,3.0,3.6,EUR
CN-MUC01-003584,MUC01,PF-MUC01,AR00147,payfree,2026-03-12,1,1.0,4.9,EUR
CN-MUC01-003585,MUC01,PF-MUC01,AR00121,payfree,2026-03-12,1,2.0,4.4,EUR
CN-MUC01-003586,MUC01,PF-MUC01,AR00031,payfree,2026-03-12,1,2.0,3.0,EUR
CN-MUC01-003587,MUC01,PF-MUC01,AR00143,payfree,2026-03-12,1,3.0,8.85,EUR
CN-MUC01-003588,MUC01,SM-MUC01,AR00318,smart,2026-03-12,1,2.0,2.4,EUR
CN-MUC01-003589,MUC01,PF-MUC01,AR00096,payfree,2026-03-13,1,2.0,7.9,EUR
CN-MUC01-003590,MUC01,PF-MUC01,AR00280,payfree,2026-03-13,1,1.0,11.9,EUR
CN-MUC01-003591,MUC01,PF-MUC01,IKA011,payfree,2026-03-13,1,1.0,2.1,EUR
CN-MUC01-003592,MUC01,PF-MUC01,AR00456,payfree,2026-03-13,1,1.0,11.5,EUR
CN-MUC01-003593,MUC01,PF-MUC01,AR00163,payfree,2026-03-13,1,1.0,3.8,EUR
CN-MUC01-003594,MUC01,PF-MUC01,AR00022,payfree,2026-03-15,1,3.0,11.7,EUR
CN-MUC01-003595,MUC01,PF-MUC01,AR00110,payfree,2026-03-15,1,3.0,10.5,EUR
CN-MUC01-003596,MUC01,PF-MUC01,AR00082,payfree,2026-03-15,1,3.0,8.7,EUR
CN-MUC01-003597,MUC01,PF-MUC01,AR00345,payfree,2026-03-15,1,2.0,7.8,EUR
CN-MUC01-003598,MUC01,PF-MUC01,AR90007,payfree,2026-03-15,1,3.0,4.2,EUR
CN-MUC01-003599,MUC01,PF-MUC01,AR90035,payfree,2026-03-15,1,1.0,1.7,EUR
CN-MUC01-003600,MUC01,SM-MUC01,AR00164,smart,2026-03-15,1,1.0,3.8,EUR
CN-MUC01-003601,MUC01,PF-MUC01,AR00061,payfree,2026-03-16,1,1.0,2.5,EUR
CN-MUC01-003602,MUC01,PF-MUC01,AR90031,payfree,2026-03-16,1,3.0,3.6,EUR
CN-MUC01-003603,MUC01,SM-MUC01,AR00244,smart,2026-03-16,1,3.0,7.5,EUR
CN-MUC01-003604,MUC01,MO-MUC01,AR90014,smart,2026-03-16,1,3.0,5.1,EUR
CN-MUC01-003605,MUC01,PF-MUC01,AR00314,payfree,2026-03-17,1,2.0,5.0,EUR
CN-MUC01-003606,MUC01,PF-MUC01,AR00211,payfree,2026-03-17,1,3.0,3.6,EUR
CN-MUC01-003607,MUC01,PF-MUC01,AR00081,payfree,2026-03-18,1,1.0,2.5,EUR
CN-MUC01-003608,MUC01,SM-MUC01,AR00229,smart,2026-03-18,1,3.0,45.0,EUR
CN-MUC01-003609,MUC01,SM-MUC01,AR00161,smart,2026-03-18,1,2.0,7.6,EUR
CN-MUC01-003610,MUC01,SM-MUC01,AR00137,smart,2026-03-18,1,3.0,8.1,EUR
CN-MUC01-003611,MUC01,PF-MUC01,AR00322,payfree,2026-03-19,1,2.0,2.4,EUR
CN-MUC01-003612,MUC01,PF-MUC01,AR00057,payfree,2026-03-19,1,2.0,5.0,EUR
CN-MUC01-003613,MUC01,PF-MUC01,AR00203,payfree,2026-03-19,1,2.0,5.0,EUR
CN-MUC01-003614,MUC01,PF-MUC01,AR00289,payfree,2026-03-19,1,1.0,2.2,EUR
CN-MUC01-003615,MUC01,PF-MUC01,AR00330,payfree,2026-03-19,1,3.0,58.5,EUR
CN-MUC01-003616,MUC01,PF-MUC01,AR00063,payfree,2026-03-19,1,3.0,9.6,EUR
CN-MUC01-003617,MUC01,PF-MUC01,AR00403,payfree,2026-03-19,1,2.0,2.4,EUR
CN-MUC01-003618,MUC01,SM-MUC01,AR00105,smart,2026-03-19,1,1.0,3.95,EUR
CN-MUC01-003619,MUC01,PF-MUC01,AR00442,payfree,2026-03-20,1,1.0,2.49,EUR
CN-MUC01-003620,MUC01,PF-MUC01,AR90014,payfree,2026-03-20,1,1.0,1.7,EUR
CN-MUC01-003621,MUC01,PF-MUC01,AR00029,payfree,2026-03-20,1,1.0,3.5,EUR
CN-MUC01-003622,MUC01,PF-MUC01,AR00323,payfree,2026-03-20,1,1.0,3.3,EUR
CN-MUC01-003623,MUC01,PF-MUC01,AR00432,payfree,2026-03-20,1,2.0,7.0,EUR
CN-MUC01-003624,MUC01,PF-MUC01,AR00056,payfree,2026-03-20,1,1.0,2.5,EUR
CN-MUC01-003625,MUC01,SM-MUC01,AR00376,smart,2026-03-22,1,1.0,4.25,EUR
CN-MUC01-003626,MUC01,SM-MUC01,AR90019,smart,2026-03-22,1,3.0,5.85,EUR
CN-MUC01-003627,MUC01,PF-MUC01,AR00436,payfree,2026-03-23,1,2.0,8.7,EUR
CN-MUC01-003628,MUC01,PF-MUC01,AR00387,payfree,2026-03-23,1,2.0,6.0,EUR
CN-MUC01-003629,MUC01,PF-MUC01,AR90010,payfree,2026-03-23,1,2.0,4.4,EUR
CN-MUC01-003630,MUC01,SM-MUC01,AR00009,smart,2026-03-23,1,2.0,2.0,EUR
CN-MUC01-003631,MUC01,SM-MUC01,AR00004,smart,2026-03-23,1,3.0,1.5,EUR
CN-MUC01-003632,MUC01,SM-MUC01,SM0016,smart,2026-03-23,1,3.0,11.85,EUR
CN-MUC01-003633,MUC01,SM-MUC01,AR00456,smart,2026-03-23,1,1.0,11.5,EUR
CN-MUC01-003634,MUC01,PF-MUC01,AR00142,payfree,2026-03-24,1,2.0,3.6,EUR
CN-MUC01-003635,MUC01,PF-MUC01,AR90004,payfree,2026-03-24,1,2.0,0.5,EUR
CN-MUC01-003636,MUC01,PF-MUC01,AR00105,payfree,2026-03-24,1,3.0,11.85,EUR
CN-MUC01-003637,MUC01,PF-MUC01,AR00208,payfree,2026-03-24,1,2.0,1.0,EUR
CN-MUC01-003638,MUC01,PF-MUC01,AR00138,payfree,2026-03-24,1,1.0,2.0,EUR
CN-MUC01-003639,MUC01,PF-MUC01,AR00319,payfree,2026-03-24,1,1.0,1.2,EUR
CN-MUC01-003640,MUC01,PF-MUC01,AR00274,payfree,2026-03-24,1,1.0,2.4,EUR
CN-MUC01-003641,MUC01,PF-MUC01,AR00018,payfree,2026-03-24,1,2.0,3.6,EUR
CN-MUC01-003642,MUC01,SM-MUC01,AR00279,smart,2026-03-24,1,3.0,35.7,EUR
CN-MUC01-003643,MUC01,SM-MUC01,AR00382,smart,2026-03-24,1,1.0,3.25,EUR
CN-MUC01-003644,MUC01,SM-MUC01,AR00401,smart,2026-03-24,1,3.0,3.6,EUR
CN-MUC01-003645,MUC01,SM-MUC01,AR00147,smart,2026-03-24,1,2.0,9.8,EUR
CN-MUC01-003646,MUC01,MO-MUC01,AR00119,smart,2026-03-24,1,1.0,3.5,EUR
CN-MUC01-003647,MUC01,PF-MUC01,AR00054,payfree,2026-03-25,1,1.0,1.0,EUR
CN-MUC01-003648,MUC01,PF-MUC01,AR00284,payfree,2026-03-25,1,3.0,7.05,EUR
CN-MUC01-003649,MUC01,PF-MUC01,AR00068,payfree,2026-03-25,1,1.0,2.5,EUR
CN-MUC01-003650,MUC01,PF-MUC01,AR00321,payfree,2026-03-25,1,3.0,3.6,EUR
CN-MUC01-003651,MUC01,PF-MUC01,SM0015,payfree,2026-03-25,1,1.0,3.95,EUR
CN-MUC01-003652,MUC01,PF-MUC01,AR00067,payfree,2026-03-25,1,1.0,2.5,EUR
CN-MUC01-003653,MUC01,PF-MUC01,AR00186,payfree,2026-03-25,1,3.0,7.5,EUR
CN-MUC01-003654,MUC01,PF-MUC01,AR00306,payfree,2026-03-25,1,3.0,14.1,EUR
CN-MUC01-003655,MUC01,PF-MUC01,AR00280,payfree,2026-03-25,1,1.0,11.9,EUR
CN-MUC01-003656,MUC01,PF-MUC01,AR00420,payfree,2026-03-26,1,2.0,5.2,EUR
CN-MUC01-003657,MUC01,SM-MUC01,AR00404,smart,2026-03-26,1,1.0,1.2,EUR
CN-MUC01-003658,MUC01,SM-MUC01,IKA018,smart,2026-03-26,1,3.0,6.3,EUR
CN-MUC01-003659,MUC01,PF-MUC01,AR00105,payfree,2026-03-27,1,3.0,11.85,EUR
CN-MUC01-003660,MUC01,PF-MUC01,AR00008,payfree,2026-03-27,1,1.0,1.8,EUR
CN-MUC01-003661,MUC01,PF-MUC01,SM0018,payfree,2026-03-27,1,2.0,7.9,EUR
CN-MUC01-003662,MUC01,PF-MUC01,AR00196,payfree,2026-03-27,1,1.0,1.6,EUR
CN-MUC01-003663,MUC01,SM-MUC01,AR00096,smart,2026-03-27,1,1.0,3.95,EUR
CN-MUC01-003664,MUC01,SM-MUC01,AR00360,smart,2026-03-27,1,1.0,14.9,EUR
CN-MUC01-003665,MUC01,SM-MUC01,AR00143,smart,2026-03-27,1,2.0,5.9,EUR
CN-MUC01-003666,MUC01,SM-MUC01,AR00341,smart,2026-03-27,1,2.0,7.8,EUR
CN-MUC01-003667,MUC01,PF-MUC01,AR00271,payfree,2026-03-29,1,1.0,27.0,EUR
CN-MUC01-003668,MUC01,PF-MUC01,AR00104,payfree,2026-03-29,1,1.0,2.6,EUR
CN-MUC01-003669,MUC01,PF-MUC01,AR90050,payfree,2026-03-29,1,2.0,3.2,EUR
CN-MUC01-003670,MUC01,PF-MUC01,AR00378,payfree,2026-03-29,1,3.0,12.75,EUR
CN-MUC01-003671,MUC01,PF-MUC01,AR90053,payfree,2026-03-29,1,3.0,6.0,EUR
CN-MUC01-003672,MUC01,PF-MUC01,AR90039,payfree,2026-03-29,1,1.0,1.5,EUR
CN-MUC01-003673,MUC01,SM-MUC01,AR90020,smart,2026-03-29,1,1.0,1.95,EUR
CN-MUC01-003674,MUC01,SM-MUC01,AR00398,smart,2026-03-29,1,3.0,7.05,EUR
CN-MUC01-003675,MUC01,PF-MUC01,AR00436,payfree,2026-03-30,1,3.0,13.05,EUR
CN-MUC01-003676,MUC01,PF-MUC01,AR00302,payfree,2026-03-30,1,1.0,3.95,EUR
CN-MUC01-003677,MUC01,PF-MUC01,AR90007,payfree,2026-03-30,1,3.0,4.2,EUR
CN-MUC01-003678,MUC01,PF-MUC01,AR00270,payfree,2026-03-30,1,2.0,5.0,EUR
CN-MUC01-003679,MUC01,PF-MUC01,AR00240,payfree,2026-03-30,1,3.0,5.7,EUR
CN-MUC01-003680,MUC01,PF-MUC01,AR00426,payfree,2026-03-30,1,3.0,7.5,EUR
CN-MUC01-003681,MUC01,PF-MUC01,AR90029,payfree,2026-03-30,1,2.0,3.2,EUR
CN-MUC01-003682,MUC01,PF-MUC01,AR00341,payfree,2026-03-30,1,2.0,7.8,EUR
CN-MUC01-003683,MUC01,PF-MUC01,AR90025,payfree,2026-03-30,1,2.0,2.4,EUR
CN-MUC01-003684,MUC01,PF-MUC01,AR00080,payfree,2026-03-31,1,1.0,2.5,EUR
CN-MUC01-003685,MUC01,PF-MUC01,AR00303,payfree,2026-03-31,1,2.0,11.3,EUR
CN-MUC01-003686,MUC01,PF-MUC01,AR90055,payfree,2026-03-31,1,2.0,3.4,EUR
CN-MUC01-003687,MUC01,PF-MUC01,AR00172,payfree,2026-03-31,1,2.0,7.9,EUR
CN-MUC01-003688,MUC01,PF-MUC01,AR00158,payfree,2026-03-31,1,1.0,3.8,EUR
CN-MUC01-003689,MUC01,PF-MUC01,IKA005,payfree,2026-03-31,1,3.0,2.97,EUR
CN-MUC01-003690,MUC01,PF-MUC01,AR00061,payfree,2026-03-31,1,1.0,2.5,EUR
CN-MUC01-003691,MUC01,PF-MUC01,AR00142,payfree,2026-03-31,1,1.0,1.8,EUR
CN-MUC01-003692,MUC01,PF-MUC01,AR00442,payfree,2026-03-31,1,2.0,4.98,EUR
CN-MUC01-003693,MUC01,SM-MUC01,AR00001,smart,2026-03-31,1,3.0,3.0,EUR
CN-MUC01-003694,MUC01,SM-MUC01,AR00145,smart,2026-03-31,1,2.0,2.2,EUR
CN-MUC01-003695,MUC01,MO-MUC01,SM0015,smart,2026-03-31,1,2.0,7.9,EUR
CN-MUC01-003696,MUC01,PF-MUC01,AR90012,payfree,2026-04-01,1,2.0,3.4,EUR
CN-MUC01-003697,MUC01,SM-MUC01,AR90037,smart,2026-04-01,1,3.0,4.5,EUR
CN-MUC01-003698,MUC01,SM-MUC01,AR00030,smart,2026-04-01,1,2.0,7.0,EUR
CN-MUC01-003699,MUC01,SM-MUC01,AR00284,smart,2026-04-01,1,3.0,7.05,EUR
CN-MUC01-003700,MUC01,PF-MUC01,AR00143,payfree,2026-04-02,1,2.0,5.9,EUR
CN-MUC01-003701,MUC01,PF-MUC01,AR00041,payfree,2026-04-02,1,3.0,9.9,EUR
CN-MUC01-003702,MUC01,PF-MUC01,AR00417,payfree,2026-04-02,1,1.0,44.0,EUR
CN-MUC01-003703,MUC01,PF-MUC01,AR00230,payfree,2026-04-02,1,2.0,34.0,EUR
CN-MUC01-003704,MUC01,SM-MUC01,AR00288,smart,2026-04-02,1,1.0,2.4,EUR
CN-MUC01-003705,MUC01,SM-MUC01,AR00144,smart,2026-04-02,1,3.0,5.7,EUR
CN-MUC01-003706,MUC01,PF-MUC01,AR90015,payfree,2026-04-03,1,3.0,5.1,EUR
CN-MUC01-003707,MUC01,PF-MUC01,AR00416,payfree,2026-04-03,1,1.0,2.0,EUR
CN-MUC01-003708,MUC01,PF-MUC01,AR00453,payfree,2026-04-03,1,3.0,6.3,EUR
CN-MUC01-003709,MUC01,PF-MUC01,AR00147,payfree,2026-04-03,1,2.0,9.8,EUR
CN-MUC01-003710,MUC01,PF-MUC01,AR00193,payfree,2026-04-03,1,3.0,4.2,EUR
CN-MUC01-003711,MUC01,PF-MUC01,AR00162,payfree,2026-04-03,1,3.0,11.4,EUR
CN-MUC01-003712,MUC01,SM-MUC01,AR00378,smart,2026-04-03,1,1.0,4.25,EUR
CN-MUC01-003713,MUC01,SM-MUC01,AR00397,smart,2026-04-03,1,1.0,2.5,EUR
CN-MUC01-003714,MUC01,SM-MUC01,AR00426,smart,2026-04-03,1,1.0,2.5,EUR
CN-MUC01-003715,MUC01,PF-MUC01,AR00019,payfree,2026-04-06,1,3.0,5.4,EUR
CN-MUC01-003716,MUC01,PF-MUC01,AR00096,payfree,2026-04-06,1,1.0,3.95,EUR
CN-MUC01-003717,MUC01,PF-MUC01,AR00288,payfree,2026-04-06,1,2.0,4.8,EUR
CN-MUC01-003718,MUC01,PF-MUC01,IKA011,payfree,2026-04-06,1,3.0,6.3,EUR
CN-MUC01-003719,MUC01,PF-MUC01,AR00367,payfree,2026-04-06,1,2.0,7.5,EUR
CN-MUC01-003720,MUC01,PF-MUC01,AR00318,payfree,2026-04-06,1,1.0,1.2,EUR
CN-MUC01-003721,MUC01,SM-MUC01,AR00382,smart,2026-04-06,1,3.0,9.75,EUR
CN-MUC01-003722,MUC01,SM-MUC01,AR00069,smart,2026-04-06,1,2.0,5.0,EUR
CN-MUC01-003723,MUC01,MO-MUC01,AR00053,smart,2026-04-06,1,2.0,6.8,EUR
CN-MUC01-003724,MUC01,PF-MUC01,AR00406,payfree,2026-04-07,1,3.0,9.6,EUR
CN-MUC01-003725,MUC01,PF-MUC01,AR00175,payfree,2026-04-07,1,1.0,2.5,EUR
CN-MUC01-003726,MUC01,SM-MUC01,AR90006,smart,2026-04-07,1,1.0,1.4,EUR
CN-MUC01-003727,MUC01,PF-MUC01,AR00394,payfree,2026-04-08,1,3.0,8.7,EUR
CN-MUC01-003728,MUC01,PF-MUC01,AR00398,payfree,2026-04-08,1,2.0,4.7,EUR
CN-MUC01-003729,MUC01,PF-MUC01,AR00399,payfree,2026-04-08,1,2.0,5.5,EUR
CN-MUC01-003730,MUC01,PF-MUC01,AR00185,payfree,2026-04-08,1,3.0,6.75,EUR
CN-MUC01-003731,MUC01,PF-MUC01,AR00152,payfree,2026-04-08,1,2.0,7.9,EUR
CN-MUC01-003732,MUC01,SM-MUC01,AR00209,smart,2026-04-08,1,2.0,1.0,EUR
CN-MUC01-003733,MUC01,SM-MUC01,AR00158,smart,2026-04-08,1,3.0,11.4,EUR
CN-MUC01-003734,MUC01,PF-MUC01,AR00068,payfree,2026-04-09,1,1.0,2.5,EUR
CN-MUC01-003735,MUC01,PF-MUC01,AR90042,payfree,2026-04-09,1,3.0,5.7,EUR
CN-MUC01-003736,MUC01,PF-MUC01,AR00319,payfree,2026-04-09,1,3.0,3.6,EUR
CN-MUC01-003737,MUC01,PF-MUC01,AR00106,payfree,2026-04-09,1,1.0,3.9,EUR
CN-MUC01-003738,MUC01,SM-MUC01,AR00314,smart,2026-04-09,1,2.0,5.0,EUR
CN-MUC01-003739,MUC01,SM-MUC01,AR00109,smart,2026-04-09,1,3.0,6.0,EUR
CN-MUC01-003740,MUC01,SM-MUC01,AR00285,smart,2026-04-09,1,2.0,5.9,EUR
CN-MUC01-003741,MUC01,SM-MUC01,AR00322,smart,2026-04-09,1,1.0,1.2,EUR
CN-MUC01-003742,MUC01,PF-MUC01,AR00323,payfree,2026-04-10,1,2.0,6.6,EUR
CN-MUC01-003743,MUC01,PF-MUC01,IKA005,payfree,2026-04-10,1,3.0,2.97,EUR
CN-MUC01-003744,MUC01,PF-MUC01,AR00013,payfree,2026-04-10,1,2.0,3.6,EUR
CN-MUC01-003745,MUC01,PF-MUC01,AR00403,payfree,2026-04-10,1,1.0,1.2,EUR
CN-MUC01-003746,MUC01,SM-MUC01,AR00120,smart,2026-04-10,1,2.0,4.0,EUR
CN-MUC01-003747,MUC01,SM-MUC01,AR00376,smart,2026-04-10,1,3.0,12.75,EUR
CN-MUC01-003748,MUC01,SM-MUC01,AR00230,smart,2026-04-10,1,2.0,34.0,EUR
CN-MUC01-003749,MUC01,MO-MUC01,AR90012,smart,2026-04-10,1,2.0,3.4,EUR
CN-MUC01-003750,MUC01,PF-MUC01,AR90010,payfree,2026-04-12,1,2.0,4.4,EUR
CN-MUC01-003751,MUC01,PF-MUC01,AR00064,payfree,2026-04-12,1,3.0,7.5,EUR
CN-MUC01-003752,MUC01,SM-MUC01,AR00026,smart,2026-04-12,1,2.0,2.4,EUR
CN-MUC01-003753,MUC01,SM-MUC01,AR00212,smart,2026-04-12,1,1.0,3.2,EUR
CN-MUC01-003754,MUC01,SM-MUC01,AR00137,smart,2026-04-12,1,3.0,8.1,EUR
CN-MUC01-003755,MUC01,PF-MUC01,AR00387,payfree,2026-04-13,1,2.0,6.0,EUR
CN-MUC01-003756,MUC01,PF-MUC01,AR00277,payfree,2026-04-14,1,3.0,23.7,EUR
CN-MUC01-003757,MUC01,PF-MUC01,AR00333,payfree,2026-04-14,1,1.0,2.25,EUR
CN-MUC01-003758,MUC01,PF-MUC01,AR00323,payfree,2026-04-14,1,1.0,3.3,EUR
CN-MUC01-003759,MUC01,PF-MUC01,AR90030,payfree,2026-04-14,1,2.0,3.2,EUR
CN-MUC01-003760,MUC01,PF-MUC01,AR00034,payfree,2026-04-14,1,2.0,4.0,EUR
CN-MUC01-003761,MUC01,PF-MUC01,AR00365,payfree,2026-04-14,1,3.0,11.25,EUR
CN-MUC01-003762,MUC01,PF-MUC01,AR90042,payfree,2026-04-14,1,1.0,1.9,EUR
CN-MUC01-003763,MUC01,PF-MUC01,AR00400,payfree,2026-04-14,1,2.0,2.4,EUR
CN-MUC01-003764,MUC01,SM-MUC01,AR00236,smart,2026-04-14,1,1.0,16.0,EUR
CN-MUC01-003765,MUC01,SM-MUC01,AR00132,smart,2026-04-14,1,1.0,6.9,EUR
CN-MUC01-003766,MUC01,SM-MUC01,AR00057,smart,2026-04-14,1,1.0,2.5,EUR
CN-MUC01-003767,MUC01,PF-MUC01,AR00040,payfree,2026-04-15,1,2.0,6.6,EUR
CN-MUC01-003768,MUC01,PF-MUC01,AR00378,payfree,2026-04-15,1,3.0,12.75,EUR
CN-MUC01-003769,MUC01,PF-MUC01,AR00240,payfree,2026-04-15,1,2.0,3.8,EUR
CN-MUC01-003770,MUC01,PF-MUC01,AR00056,payfree,2026-04-15,1,2.0,5.0,EUR
CN-MUC01-003771,MUC01,PF-MUC01,AR00109,payfree,2026-04-15,1,2.0,4.0,EUR
CN-MUC01-003772,MUC01,PF-MUC01,AR00196,payfree,2026-04-15,1,1.0,1.6,EUR
CN-MUC01-003773,MUC01,PF-MUC01,AR00215,payfree,2026-04-15,1,3.0,20.7,EUR
CN-MUC01-003774,MUC01,SM-MUC01,AR00118,smart,2026-04-15,1,2.0,5.9,EUR
CN-MUC01-003775,MUC01,SM-MUC01,AR00283,smart,2026-04-15,1,2.0,5.9,EUR
CN-MUC01-003776,MUC01,MO-MUC01,AR00162,smart,2026-04-15,1,3.0,11.4,EUR
CN-MUC01-003777,MUC01,PF-MUC01,AR00196,payfree,2026-04-16,1,1.0,1.6,EUR
CN-MUC01-003778,MUC01,PF-MUC01,AR00043,payfree,2026-04-16,1,3.0,26.7,EUR
CN-MUC01-003779,MUC01,PF-MUC01,AR00054,payfree,2026-04-16,1,2.0,2.0,EUR
CN-MUC01-003780,MUC01,SM-MUC01,AR00373,smart,2026-04-16,1,1.0,4.95,EUR
CN-MUC01-003781,MUC01,SM-MUC01,AR00152,smart,2026-04-16,1,1.0,3.95,EUR
CN-MUC01-003782,MUC01,PF-MUC01,AR00094,payfree,2026-04-17,1,1.0,0.3,EUR
CN-MUC01-003783,MUC01,PF-MUC01,AR00404,payfree,2026-04-17,1,1.0,1.2,EUR
CN-MUC01-003784,MUC01,PF-MUC01,AR90004,payfree,2026-04-19,1,2.0,0.5,EUR
CN-MUC01-003785,MUC01,PF-MUC01,AR00156,payfree,2026-04-19,1,2.0,7.9,EUR
CN-MUC01-003786,MUC01,PF-MUC01,AR00169,payfree,2026-04-19,1,2.0,5.0,EUR
CN-MUC01-003787,MUC01,SM-MUC01,AR00419,smart,2026-04-19,1,1.0,44.0,EUR
CN-MUC01-003788,MUC01,SM-MUC01,AR00304,smart,2026-04-19,1,1.0,5.65,EUR
CN-MUC01-003789,MUC01,SM-MUC01,AR00211,smart,2026-04-19,1,2.0,2.4,EUR
CN-MUC01-003790,MUC01,SM-MUC01,AR00147,smart,2026-04-19,1,3.0,14.7,EUR
CN-MUC01-003791,MUC01,PF-MUC01,AR90039,payfree,2026-04-20,1,1.0,1.5,EUR
CN-MUC01-003792,MUC01,PF-MUC01,AR00107,payfree,2026-04-20,1,2.0,7.4,EUR
CN-MUC01-003793,MUC01,PF-MUC01,AR00245,payfree,2026-04-20,1,2.0,6.2,EUR
CN-MUC01-003794,MUC01,PF-MUC01,AR00212,payfree,2026-04-20,1,3.0,9.6,EUR
CN-MUC01-003795,MUC01,PF-MUC01,AR00227,payfree,2026-04-20,1,1.0,11.9,EUR
CN-MUC01-003796,MUC01,SM-MUC01,SM0017,smart,2026-04-20,1,1.0,1.99,EUR
CN-MUC01-003797,MUC01,SM-MUC01,AR00404,smart,2026-04-20,1,1.0,1.2,EUR
CN-MUC01-003798,MUC01,SM-MUC01,AR00142,smart,2026-04-20,1,2.0,3.6,EUR
CN-MUC01-003799,MUC01,SM-MUC01,AR00371,smart,2026-04-20,1,2.0,9.9,EUR
CN-MUC01-003800,MUC01,PF-MUC01,AR00456,payfree,2026-04-21,1,2.0,23.0,EUR
CN-MUC01-003801,MUC01,PF-MUC01,AR00399,payfree,2026-04-21,1,2.0,5.5,EUR
CN-MUC01-003802,MUC01,PF-MUC01,AR00122,payfree,2026-04-21,1,3.0,7.5,EUR
CN-MUC01-003803,MUC01,PF-MUC01,AR00197,payfree,2026-04-21,1,3.0,5.4,EUR
CN-MUC01-003804,MUC01,PF-MUC01,AR00185,payfree,2026-04-21,1,3.0,6.75,EUR
CN-MUC01-003805,MUC01,PF-MUC01,AR00120,payfree,2026-04-21,1,2.0,4.0,EUR
CN-MUC01-003806,MUC01,PF-MUC01,AR00303,payfree,2026-04-21,1,3.0,16.95,EUR
CN-MUC01-003807,MUC01,SM-MUC01,AR00365,smart,2026-04-21,1,1.0,3.75,EUR
CN-MUC01-003808,MUC01,SM-MUC01,AR00108,smart,2026-04-21,1,1.0,3.0,EUR
CN-MUC01-003809,MUC01,PF-MUC01,AR00448,payfree,2026-04-22,1,3.0,11.67,EUR
CN-MUC01-003810,MUC01,PF-MUC01,AR00289,payfree,2026-04-22,1,3.0,6.6,EUR
CN-MUC01-003811,MUC01,SM-MUC01,AR00056,smart,2026-04-22,1,1.0,2.5,EUR
CN-MUC01-003812,MUC01,SM-MUC01,AR00394,smart,2026-04-22,1,3.0,8.7,EUR
CN-MUC01-003813,MUC01,SM-MUC01,AR00324,smart,2026-04-22,1,1.0,3.3,EUR
CN-MUC01-003814,MUC01,PF-MUC01,AR00278,payfree,2026-04-23,1,1.0,11.9,EUR
CN-MUC01-003815,MUC01,PF-MUC01,AR00108,payfree,2026-04-23,1,2.0,6.0,EUR
CN-MUC01-003816,MUC01,PF-MUC01,AR00009,payfree,2026-04-23,1,3.0,3.0,EUR
CN-MUC01-003817,MUC01,PF-MUC01,AR00442,payfree,2026-04-23,1,3.0,7.47,EUR
CN-MUC01-003818,MUC01,PF-MUC01,AR90003,payfree,2026-04-23,1,3.0,0.45,EUR
CN-MUC01-003819,MUC01,PF-MUC01,AR00001,payfree,2026-04-23,1,1.0,1.0,EUR
CN-MUC01-003820,MUC01,PF-MUC01,SM0016,payfree,2026-04-23,1,3.0,11.85,EUR
CN-MUC01-003821,MUC01,PF-MUC01,AR00282,payfree,2026-04-23,1,1.0,2.95,EUR
CN-MUC01-003822,MUC01,SM-MUC01,AR00133,smart,2026-04-23,1,2.0,7.0,EUR
CN-MUC01-003823,MUC01,SM-MUC01,AR00400,smart,2026-04-23,1,2.0,2.4,EUR
CN-MUC01-003824,MUC01,PF-MUC01,AR00126,payfree,2026-04-24,1,2.0,3.8,EUR
CN-MUC01-003825,MUC01,PF-MUC01,AR00131,payfree,2026-04-24,1,3.0,20.7,EUR
CN-MUC01-003826,MUC01,PF-MUC01,AR00373,payfree,2026-04-24,1,2.0,9.9,EUR
CN-MUC01-003827,MUC01,PF-MUC01,AR00087,payfree,2026-04-24,1,1.0,1.5,EUR
CN-MUC01-003828,MUC01,PF-MUC01,AR00027,payfree,2026-04-24,1,3.0,3.6,EUR
CN-MUC01-003829,MUC01,PF-MUC01,AR00063,payfree,2026-04-24,1,3.0,9.6,EUR
CN-MUC01-003830,MUC01,SM-MUC01,AR00153,smart,2026-04-24,1,2.0,7.0,EUR
CN-MUC01-003831,MUC01,SM-MUC01,AR00023,smart,2026-04-24,1,1.0,1.8,EUR
CN-MUC01-003832,MUC01,SM-MUC01,AR00366,smart,2026-04-24,1,3.0,11.25,EUR
CN-MUC01-003833,MUC01,SM-MUC01,AR00074,smart,2026-04-24,1,1.0,2.0,EUR
CN-MUC01-003834,MUC01,PF-MUC01,AR00194,payfree,2026-04-26,1,1.0,1.8,EUR
CN-MUC01-003835,MUC01,PF-MUC01,AR00142,payfree,2026-04-26,1,3.0,5.4,EUR
CN-MUC01-003836,MUC01,PF-MUC01,AR00069,payfree,2026-04-26,1,3.0,7.5,EUR
CN-MUC01-003837,MUC01,SM-MUC01,AR00146,smart,2026-04-26,1,3.0,11.85,EUR
CN-MUC01-003838,MUC01,SM-MUC01,AR00402,smart,2026-04-26,1,2.0,2.4,EUR
CN-MUC01-003839,MUC01,SM-MUC01,AR00149,smart,2026-04-26,1,2.0,11.2,EUR
CN-MUC01-003840,MUC01,PF-MUC01,AR00433,payfree,2026-04-27,1,1.0,3.89,EUR
CN-MUC01-003841,MUC01,PF-MUC01,AR90034,payfree,2026-04-27,1,3.0,5.1,EUR
CN-MUC01-003842,MUC01,PF-MUC01,AR00129,payfree,2026-04-27,1,1.0,1.4,EUR
CN-MUC01-003843,MUC01,SM-MUC01,AR00454,smart,2026-04-27,1,1.0,2.9,EUR
CN-MUC01-003844,MUC01,PF-MUC01,AR00034,payfree,2026-04-28,1,2.0,4.0,EUR
CN-MUC01-003845,MUC01,SM-MUC01,AR00038,smart,2026-04-28,1,2.0,9.9,EUR
CN-MUC01-003846,MUC01,SM-MUC01,AR00088,smart,2026-04-28,1,2.0,4.4,EUR
CN-MUC01-003847,MUC01,SM-MUC01,AR90055,smart,2026-04-28,1,2.0,3.4,EUR
CN-MUC01-003848,MUC01,SM-MUC01,AR00175,smart,2026-04-28,1,1.0,2.5,EUR
CN-MUC01-003849,MUC01,PF-MUC01,AR00402,payfree,2026-04-29,1,3.0,3.6,EUR
CN-MUC01-003850,MUC01,SM-MUC01,AR00189,smart,2026-04-29,1,2.0,4.4,EUR
CN-MUC01-003851,MUC01,SM-MUC01,AR00145,smart,2026-04-29,1,2.0,2.2,EUR
CN-MUC01-003852,MUC01,SM-MUC01,AR00312,smart,2026-04-29,1,1.0,2.5,EUR
CN-MUC01-003853,MUC01,PF-MUC01,AR90054,payfree,2026-04-30,1,3.0,5.1,EUR
CN-MUC01-003854,MUC01,PF-MUC01,AR00066,payfree,2026-04-30,1,1.0,2.5,EUR
CN-MUC01-003855,MUC01,PF-MUC01,AR00129,payfree,2026-04-30,1,3.0,4.2,EUR
CN-MUC01-003856,MUC01,PF-MUC01,AR00371,payfree,2026-04-30,1,1.0,4.95,EUR
CN-MUC01-003857,MUC01,PF-MUC01,AR00060,payfree,2026-04-30,1,1.0,2.5,EUR
CN-MUC01-003858,MUC01,PF-MUC01,AR00143,payfree,2026-04-30,1,1.0,2.95,EUR
CN-MUC01-003859,MUC01,PF-MUC01,AR90012,payfree,2026-04-30,1,1.0,1.7,EUR
CN-MUC01-003860,MUC01,SM-MUC01,AR00005,smart,2026-04-30,1,1.0,1.0,EUR
CN-MUC01-003861,MUC01,PF-MUC01,AR00141,payfree,2026-05-01,1,3.0,7.5,EUR
CN-MUC01-003862,MUC01,PF-MUC01,AR00117,payfree,2026-05-01,1,2.0,4.2,EUR
CN-MUC01-003863,MUC01,PF-MUC01,AR90013,payfree,2026-05-01,1,2.0,3.4,EUR
CN-MUC01-003864,MUC01,PF-MUC01,AR00433,payfree,2026-05-01,1,3.0,11.67,EUR
CN-MUC01-003865,MUC01,PF-MUC01,AR00395,payfree,2026-05-01,1,2.0,5.0,EUR
CN-MUC01-003866,MUC01,PF-MUC01,AR00198,payfree,2026-05-01,1,3.0,6.0,EUR
CN-MUC01-003867,MUC01,PF-MUC01,AR00216,payfree,2026-05-01,1,2.0,13.8,EUR
CN-MUC01-003868,MUC01,SM-MUC01,AR00325,smart,2026-05-01,1,1.0,3.95,EUR
CN-MUC01-003869,MUC01,SM-MUC01,AR00132,smart,2026-05-01,1,2.0,13.8,EUR
CN-MUC01-003870,MUC01,PF-MUC01,AR00120,payfree,2026-05-03,1,3.0,6.0,EUR
CN-MUC01-003871,MUC01,PF-MUC01,AR00060,payfree,2026-05-03,1,1.0,2.5,EUR
CN-MUC01-003872,MUC01,SM-MUC01,AR00213,smart,2026-05-03,1,3.0,3.6,EUR
CN-MUC01-003873,MUC01,SM-MUC01,AR00001,smart,2026-05-03,1,2.0,2.0,EUR
CN-MUC01-003874,MUC01,SM-MUC01,AR00318,smart,2026-05-03,1,2.0,2.4,EUR
CN-MUC01-003875,MUC01,SM-MUC01,AR00218,smart,2026-05-03,1,1.0,1.9,EUR
CN-MUC01-003876,MUC01,MO-MUC01,AR00274,smart,2026-05-03,1,2.0,4.8,EUR
CN-MUC01-003877,MUC01,PF-MUC01,AR00375,payfree,2026-05-04,1,1.0,4.95,EUR
CN-MUC01-003878,MUC01,PF-MUC01,AR00349,payfree,2026-05-04,1,1.0,6.6,EUR
CN-MUC01-003879,MUC01,PF-MUC01,AR00221,payfree,2026-05-04,1,1.0,1.0,EUR
CN-MUC01-003880,MUC01,PF-MUC01,AR00438,payfree,2026-05-04,1,2.0,4.7,EUR
CN-MUC01-003881,MUC01,PF-MUC01,AR00137,payfree,2026-05-04,1,3.0,8.1,EUR
CN-MUC01-003882,MUC01,PF-MUC01,IKA018,payfree,2026-05-04,1,3.0,6.3,EUR
CN-MUC01-003883,MUC01,PF-MUC01,AR00193,payfree,2026-05-04,1,1.0,1.4,EUR
CN-MUC01-003884,MUC01,SM-MUC01,AR00209,smart,2026-05-04,1,2.0,1.0,EUR
CN-MUC01-003885,MUC01,SM-MUC01,AR00244,smart,2026-05-04,1,3.0,7.5,EUR
CN-MUC01-003886,MUC01,SM-MUC01,AR00433,smart,2026-05-04,1,1.0,3.89,EUR
CN-MUC01-003887,MUC01,SM-MUC01,AR90031,smart,2026-05-04,1,2.0,2.4,EUR
CN-MUC01-003888,MUC01,MO-MUC01,AR00001,smart,2026-05-04,1,1.0,1.0,EUR
CN-MUC01-003889,MUC01,PF-MUC01,AR00404,payfree,2026-05-05,1,3.0,3.6,EUR
CN-MUC01-003890,MUC01,PF-MUC01,AR00135,payfree,2026-05-05,1,1.0,3.5,EUR
CN-MUC01-003891,MUC01,SM-MUC01,AR00281,smart,2026-05-05,1,2.0,6.5,EUR
CN-MUC01-003892,MUC01,PF-MUC01,AR00210,payfree,2026-05-06,1,2.0,2.4,EUR
CN-MUC01-003893,MUC01,PF-MUC01,AR00117,payfree,2026-05-06,1,3.0,6.3,EUR
CN-MUC01-003894,MUC01,PF-MUC01,AR00004,payfree,2026-05-06,1,3.0,1.5,EUR
CN-MUC01-003895,MUC01,PF-MUC01,AR00114,payfree,2026-05-06,1,1.0,1.4,EUR
CN-MUC01-003896,MUC01,PF-MUC01,AR00302,payfree,2026-05-06,1,3.0,11.85,EUR
CN-MUC01-003897,MUC01,PF-MUC01,AR00276,payfree,2026-05-06,1,2.0,4.8,EUR
CN-MUC01-003898,MUC01,SM-MUC01,AR00121,smart,2026-05-06,1,1.0,2.2,EUR
CN-MUC01-003899,MUC01,SM-MUC01,AR90055,smart,2026-05-06,1,2.0,3.4,EUR
CN-MUC01-003900,MUC01,SM-MUC01,AR00172,smart,2026-05-06,1,2.0,7.9,EUR
CN-MUC01-003901,MUC01,MO-MUC01,AR00277,smart,2026-05-06,1,3.0,23.7,EUR
CN-MUC01-003902,MUC01,PF-MUC01,AR90002,payfree,2026-05-07,1,3.0,0.24,EUR
CN-MUC01-003903,MUC01,PF-MUC01,AR00067,payfree,2026-05-07,1,1.0,2.5,EUR
CN-MUC01-003904,MUC01,PF-MUC01,AR90031,payfree,2026-05-07,1,1.0,1.2,EUR
CN-MUC01-003905,MUC01,SM-MUC01,AR00057,smart,2026-05-07,1,3.0,7.5,EUR
CN-MUC01-003906,MUC01,MO-MUC01,AR00098,smart,2026-05-07,1,3.0,17.25,EUR
CN-MUC01-003907,MUC01,PF-MUC01,AR90033,payfree,2026-05-08,1,3.0,3.6,EUR
CN-MUC01-003908,MUC01,PF-MUC01,AR00194,payfree,2026-05-08,1,2.0,3.6,EUR
CN-MUC01-003909,MUC01,SM-MUC01,SM0014,smart,2026-05-08,1,1.0,0.99,EUR
CN-MUC01-003910,MUC01,SM-MUC01,AR00153,smart,2026-05-08,1,1.0,3.5,EUR
CN-MUC01-003911,MUC01,SM-MUC01,AR90055,smart,2026-05-08,1,2.0,3.4,EUR
CN-MUC01-003912,MUC01,PF-MUC01,AR90040,payfree,2026-05-11,1,2.0,3.4,EUR
CN-MUC01-003913,MUC01,PF-MUC01,AR00204,payfree,2026-05-11,1,1.0,1.8,EUR
CN-MUC01-003914,MUC01,PF-MUC01,AR00312,payfree,2026-05-11,1,1.0,2.5,EUR
CN-MUC01-003915,MUC01,PF-MUC01,AR00344,payfree,2026-05-11,1,3.0,11.7,EUR
CN-MUC01-003916,MUC01,SM-MUC01,AR00280,smart,2026-05-11,1,1.0,11.9,EUR
CN-MUC01-003917,MUC01,SM-MUC01,AR00426,smart,2026-05-11,1,1.0,2.5,EUR
CN-MUC01-003918,MUC01,PF-MUC01,AR00178,payfree,2026-05-12,1,2.0,2.8,EUR
CN-MUC01-003919,MUC01,PF-MUC01,AR00189,payfree,2026-05-12,1,3.0,6.6,EUR
CN-MUC01-003920,MUC01,PF-MUC01,AR00317,payfree,2026-05-12,1,3.0,7.5,EUR
CN-MUC01-003921,MUC01,PF-MUC01,AR00387,payfree,2026-05-12,1,3.0,9.0,EUR
CN-MUC01-003922,MUC01,PF-MUC01,AR90036,payfree,2026-05-12,1,2.0,3.4,EUR
CN-MUC01-003923,MUC01,PF-MUC01,AR00290,payfree,2026-05-12,1,3.0,6.6,EUR
CN-MUC01-003924,MUC01,PF-MUC01,AR90054,payfree,2026-05-12,1,3.0,5.1,EUR
CN-MUC01-003925,MUC01,SM-MUC01,AR00141,smart,2026-05-12,1,2.0,5.0,EUR
CN-MUC01-003926,MUC01,SM-MUC01,AR90011,smart,2026-05-12,1,2.0,3.4,EUR
CN-MUC01-003927,MUC01,PF-MUC01,AR00023,payfree,2026-05-13,1,1.0,1.8,EUR
CN-MUC01-003928,MUC01,PF-MUC01,AR00188,payfree,2026-05-13,1,1.0,1.8,EUR
CN-MUC01-003929,MUC01,PF-MUC01,AR00405,payfree,2026-05-13,1,3.0,3.6,EUR
CN-MUC01-003930,MUC01,PF-MUC01,AR00068,payfree,2026-05-13,1,1.0,2.5,EUR
CN-MUC01-003931,MUC01,PF-MUC01,AR00400,payfree,2026-05-13,1,3.0,3.6,EUR
CN-MUC01-003932,MUC01,PF-MUC01,AR00405,payfree,2026-05-13,1,1.0,1.2,EUR
CN-MUC01-003933,MUC01,PF-MUC01,AR00345,payfree,2026-05-13,1,2.0,7.8,EUR
CN-MUC01-003934,MUC01,PF-MUC01,IKA018,payfree,2026-05-13,1,1.0,2.1,EUR
CN-MUC01-003935,MUC01,SM-MUC01,AR00377,smart,2026-05-13,1,2.0,8.5,EUR
CN-MUC01-003936,MUC01,PF-MUC01,AR00160,payfree,2026-05-14,1,2.0,7.6,EUR
CN-MUC01-003937,MUC01,PF-MUC01,AR00066,payfree,2026-05-14,1,3.0,7.5,EUR
CN-MUC01-003938,MUC01,PF-MUC01,AR00096,payfree,2026-05-14,1,2.0,7.9,EUR
CN-MUC01-003939,MUC01,SM-MUC01,AR00209,smart,2026-05-14,1,3.0,1.5,EUR
CN-MUC01-003940,MUC01,SM-MUC01,AR00070,smart,2026-05-14,1,3.0,6.9,EUR
CN-MUC01-003941,MUC01,MO-MUC01,AR00024,smart,2026-05-14,1,2.0,5.0,EUR
CN-MUC01-003942,MUC01,PF-MUC01,AR90014,payfree,2026-05-15,1,3.0,5.1,EUR
CN-MUC01-003943,MUC01,SM-MUC01,AR00364,smart,2026-05-15,1,1.0,3.75,EUR
CN-MUC01-003944,MUC01,SM-MUC01,SM0017,smart,2026-05-15,1,1.0,1.99,EUR
CN-MUC01-003945,MUC01,PF-MUC01,AR00222,payfree,2026-05-17,1,1.0,1.0,EUR
CN-MUC01-003946,MUC01,PF-MUC01,AR00321,payfree,2026-05-17,1,3.0,3.6,EUR
CN-MUC01-003947,MUC01,PF-MUC01,AR00356,payfree,2026-05-17,1,3.0,16.5,EUR
CN-MUC01-003948,MUC01,PF-MUC01,AR00407,payfree,2026-05-17,1,1.0,3.2,EUR
CN-MUC01-003949,MUC01,PF-MUC01,AR00019,payfree,2026-05-17,1,3.0,5.4,EUR
CN-MUC01-003950,MUC01,PF-MUC01,AR00289,payfree,2026-05-17,1,2.0,4.4,EUR
CN-MUC01-003951,MUC01,PF-MUC01,AR00136,payfree,2026-05-18,1,3.0,8.1,EUR
CN-MUC01-003952,MUC01,PF-MUC01,AR00288,payfree,2026-05-18,1,1.0,2.4,EUR
CN-MUC01-003953,MUC01,PF-MUC01,AR00276,payfree,2026-05-18,1,1.0,2.4,EUR
CN-MUC01-003954,MUC01,PF-MUC01,AR00276,payfree,2026-05-18,1,1.0,2.4,EUR
CN-MUC01-003955,MUC01,PF-MUC01,AR00210,payfree,2026-05-18,1,2.0,2.4,EUR
CN-MUC01-003956,MUC01,PF-MUC01,SM0018,payfree,2026-05-18,1,1.0,3.95,EUR
CN-MUC01-003957,MUC01,PF-MUC01,AR00004,payfree,2026-05-18,1,3.0,1.5,EUR
CN-MUC01-003958,MUC01,PF-MUC01,AR00323,payfree,2026-05-18,1,2.0,6.6,EUR
CN-MUC01-003959,MUC01,PF-MUC01,AR00096,payfree,2026-05-18,1,3.0,11.85,EUR
CN-MUC01-003960,MUC01,SM-MUC01,AR00302,smart,2026-05-18,1,3.0,11.85,EUR
CN-MUC01-003961,MUC01,SM-MUC01,AR90012,smart,2026-05-18,1,1.0,1.7,EUR
CN-MUC01-003962,MUC01,SM-MUC01,AR00041,smart,2026-05-18,1,2.0,6.6,EUR
CN-MUC01-003963,MUC01,SM-MUC01,AR00068,smart,2026-05-18,1,2.0,5.0,EUR
CN-MUC01-003964,MUC01,PF-MUC01,AR00213,payfree,2026-05-19,1,3.0,3.6,EUR
CN-MUC01-003965,MUC01,PF-MUC01,AR00286,payfree,2026-05-19,1,2.0,2.4,EUR
CN-MUC01-003966,MUC01,PF-MUC01,AR00053,payfree,2026-05-19,1,2.0,6.8,EUR
CN-MUC01-003967,MUC01,PF-MUC01,AR00381,payfree,2026-05-19,1,3.0,11.25,EUR
CN-MUC01-003968,MUC01,SM-MUC01,AR00213,smart,2026-05-19,1,3.0,3.6,EUR
CN-MUC01-003969,MUC01,SM-MUC01,AR00081,smart,2026-05-19,1,1.0,2.5,EUR
CN-MUC01-003970,MUC01,PF-MUC01,AR00236,payfree,2026-05-20,1,2.0,32.0,EUR
CN-MUC01-003971,MUC01,PF-MUC01,AR00178,payfree,2026-05-20,1,2.0,2.8,EUR
CN-MUC01-003972,MUC01,PF-MUC01,AR00240,payfree,2026-05-20,1,2.0,3.8,EUR
CN-MUC01-003973,MUC01,PF-MUC01,AR00419,payfree,2026-05-20,1,1.0,44.0,EUR
CN-MUC01-003974,MUC01,PF-MUC01,AR00058,payfree,2026-05-20,1,2.0,5.0,EUR
CN-MUC01-003975,MUC01,SM-MUC01,AR00113,smart,2026-05-20,1,2.0,3.8,EUR
CN-MUC01-003976,MUC01,SM-MUC01,AR90031,smart,2026-05-20,1,3.0,3.6,EUR
CN-MUC01-003977,MUC01,MO-MUC01,AR00365,smart,2026-05-20,1,3.0,11.25,EUR
CN-MUC01-003978,MUC01,PF-MUC01,AR00098,payfree,2026-05-21,1,1.0,5.75,EUR
CN-MUC01-003979,MUC01,PF-MUC01,AR00214,payfree,2026-05-21,1,2.0,2.0,EUR
CN-MUC01-003980,MUC01,PF-MUC01,AR00438,payfree,2026-05-21,1,2.0,4.7,EUR
CN-MUC01-003981,MUC01,SM-MUC01,AR00066,smart,2026-05-21,1,1.0,2.5,EUR
CN-MUC01-003982,MUC01,SM-MUC01,AR00394,smart,2026-05-21,1,2.0,5.8,EUR
CN-MUC01-003983,MUC01,PF-MUC01,AR00005,payfree,2026-05-22,1,1.0,1.0,EUR
CN-MUC01-003984,MUC01,SM-MUC01,SM0018,smart,2026-05-22,1,2.0,7.9,EUR
CN-MUC01-003985,MUC01,PF-MUC01,AR00105,payfree,2026-05-24,1,3.0,11.85,EUR
CN-MUC01-003986,MUC01,PF-MUC01,AR00145,payfree,2026-05-24,1,3.0,3.3,EUR
CN-MUC01-003987,MUC01,SM-MUC01,AR00332,smart,2026-05-24,1,2.0,4.5,EUR
CN-MUC01-003988,MUC01,SM-MUC01,AR00320,smart,2026-05-24,1,3.0,3.6,EUR
CN-MUC01-003989,MUC01,PF-MUC01,AR00088,payfree,2026-05-25,1,2.0,4.4,EUR
CN-MUC01-003990,MUC01,PF-MUC01,AR00373,payfree,2026-05-25,1,2.0,9.9,EUR
CN-MUC01-003991,MUC01,SM-MUC01,AR00221,smart,2026-05-25,1,1.0,1.0,EUR
CN-MUC01-003992,MUC01,PF-MUC01,AR00303,payfree,2026-05-26,1,2.0,11.3,EUR
CN-MUC01-003993,MUC01,PF-MUC01,AR90002,payfree,2026-05-26,1,3.0,0.24,EUR
CN-MUC01-003994,MUC01,PF-MUC01,AR00188,payfree,2026-05-26,1,1.0,1.8,EUR
CN-MUC01-003995,MUC01,PF-MUC01,AR00057,payfree,2026-05-26,1,2.0,5.0,EUR
CN-MUC01-003996,MUC01,PF-MUC01,AR00387,payfree,2026-05-26,1,2.0,6.0,EUR
CN-MUC01-003997,MUC01,PF-MUC01,AR00063,payfree,2026-05-26,1,1.0,3.2,EUR
CN-MUC01-003998,MUC01,PF-MUC01,AR00271,payfree,2026-05-26,1,3.0,81.0,EUR
CN-MUC01-003999,MUC01,SM-MUC01,AR00203,smart,2026-05-26,1,2.0,5.0,EUR
CN-MUC01-004000,MUC01,MO-MUC01,AR00087,smart,2026-05-26,1,2.0,3.0,EUR
CN-MUC01-004001,MUC01,PF-MUC01,AR00303,payfree,2026-05-27,1,3.0,16.95,EUR
CN-MUC01-004002,MUC01,PF-MUC01,AR00109,payfree,2026-05-27,1,1.0,2.0,EUR
CN-MUC01-004003,MUC01,PF-MUC01,AR00191,payfree,2026-05-27,1,2.0,3.6,EUR
CN-MUC01-004004,MUC01,PF-MUC01,AR00218,payfree,2026-05-27,1,1.0,1.9,EUR
CN-MUC01-004005,MUC01,PF-MUC01,AR00126,payfree,2026-05-27,1,1.0,1.9,EUR
CN-MUC01-004006,MUC01,PF-MUC01,AR00152,payfree,2026-05-27,1,1.0,3.95,EUR
CN-MUC01-004007,MUC01,PF-MUC01,AR00196,payfree,2026-05-27,1,1.0,1.6,EUR
CN-MUC01-004008,MUC01,PF-MUC01,AR00172,payfree,2026-05-27,1,1.0,3.95,EUR
CN-MUC01-004009,MUC01,PF-MUC01,AR00166,payfree,2026-05-27,1,1.0,3.8,EUR
CN-MUC01-004010,MUC01,SM-MUC01,AR00187,smart,2026-05-27,1,2.0,5.0,EUR
CN-MUC01-004011,MUC01,SM-MUC01,AR00118,smart,2026-05-27,1,1.0,2.95,EUR
CN-MUC01-004012,MUC01,SM-MUC01,AR00216,smart,2026-05-27,1,1.0,6.9,EUR
CN-MUC01-004013,MUC01,PF-MUC01,AR00314,payfree,2026-05-28,1,2.0,5.0,EUR
CN-MUC01-004014,MUC01,PF-MUC01,AR00288,payfree,2026-05-28,1,3.0,7.2,EUR
CN-MUC01-004015,MUC01,PF-MUC01,AR00223,payfree,2026-05-28,1,2.0,1.4,EUR
CN-MUC01-004016,MUC01,PF-MUC01,AR00280,payfree,2026-05-28,1,1.0,11.9,EUR
CN-MUC01-004017,MUC01,PF-MUC01,AR00193,payfree,2026-05-28,1,2.0,2.8,EUR
CN-MUC01-004018,MUC01,PF-MUC01,AR00094,payfree,2026-05-28,1,2.0,0.6,EUR
CN-MUC01-004019,MUC01,PF-MUC01,AR00405,payfree,2026-05-28,1,3.0,3.6,EUR
CN-MUC01-004020,MUC01,PF-MUC01,AR90002,payfree,2026-05-28,1,2.0,0.16,EUR
CN-MUC01-004021,MUC01,SM-MUC01,AR00221,smart,2026-05-28,1,2.0,2.0,EUR
CN-MUC01-004022,MUC01,SM-MUC01,AR00434,smart,2026-05-28,1,1.0,3.89,EUR
CN-MUC01-004023,MUC01,SM-MUC01,AR00109,smart,2026-05-28,1,1.0,2.0,EUR
CN-MUC01-004024,MUC01,PF-MUC01,AR00454,payfree,2026-05-29,1,1.0,2.9,EUR
CN-MUC01-004025,MUC01,PF-MUC01,AR90014,payfree,2026-05-29,1,3.0,5.1,EUR
CN-MUC01-004026,MUC01,PF-MUC01,AR00011,payfree,2026-05-29,1,2.0,2.0,EUR
CN-MUC01-004027,MUC01,PF-MUC01,AR00304,payfree,2026-05-29,1,3.0,16.95,EUR
CN-MUC01-004028,MUC01,PF-MUC01,AR00171,payfree,2026-05-29,1,3.0,11.85,EUR
CN-MUC01-004029,MUC01,PF-MUC01,SM0017,payfree,2026-05-29,1,2.0,3.98,EUR
CN-MUC01-004030,MUC01,PF-MUC01,AR00191,payfree,2026-05-29,1,2.0,3.6,EUR
CN-MUC01-004031,MUC01,PF-MUC01,AR00050,payfree,2026-05-29,1,1.0,12.9,EUR
CN-MUC01-004032,MUC01,SM-MUC01,AR00399,smart,2026-05-29,1,3.0,8.25,EUR
CN-MUC01-004033,MUC01,PF-MUC01,AR00094,payfree,2026-05-31,1,2.0,0.6,EUR
CN-MUC01-004034,MUC01,PF-MUC01,AR00228,payfree,2026-05-31,1,1.0,6.9,EUR
CN-MUC01-004035,MUC01,PF-MUC01,AR90004,payfree,2026-05-31,1,3.0,0.75,EUR
CN-MUC01-004036,MUC01,PF-MUC01,AR00378,payfree,2026-05-31,1,3.0,12.75,EUR
CN-MUC01-004037,MUC01,PF-MUC01,AR00153,payfree,2026-05-31,1,3.0,10.5,EUR
CN-MUC01-004038,MUC01,PF-MUC01,AR00017,payfree,2026-05-31,1,1.0,3.9,EUR
CN-MUC01-004039,MUC01,PF-MUC01,AR90003,payfree,2026-05-31,1,3.0,0.45,EUR
CN-MUC01-004040,MUC01,SM-MUC01,AR00375,smart,2026-05-31,1,3.0,14.85,EUR
CN-MUC01-004041,MUC01,SM-MUC01,AR00156,smart,2026-05-31,1,1.0,3.95,EUR
CN-MUC01-004042,MUC01,SM-MUC01,AR00390,smart,2026-05-31,1,1.0,44.0,EUR
CN-MUC01-004043,MUC01,SM-MUC01,AR00360,smart,2026-05-31,1,1.0,14.9,EUR
CN-MUC01-004044,MUC01,MO-MUC01,AR90029,smart,2026-05-31,1,2.0,3.2,EUR
CN-MUC01-004045,MUC01,PF-MUC01,AR00005,payfree,2026-06-01,1,3.0,3.0,EUR
CN-MUC01-004046,MUC01,PF-MUC01,AR00197,payfree,2026-06-01,1,2.0,3.6,EUR
CN-MUC01-004047,MUC01,PF-MUC01,AR00376,payfree,2026-06-01,1,1.0,4.25,EUR
CN-MUC01-004048,MUC01,PF-MUC01,AR00090,payfree,2026-06-01,1,2.0,2.6,EUR
CN-MUC01-004049,MUC01,PF-MUC01,AR00111,payfree,2026-06-01,1,3.0,7.5,EUR
CN-MUC01-004050,MUC01,PF-MUC01,AR00089,payfree,2026-06-01,1,2.0,4.4,EUR
CN-MUC01-004051,MUC01,SM-MUC01,AR00419,smart,2026-06-01,1,1.0,44.0,EUR
CN-MUC01-004052,MUC01,SM-MUC01,AR00381,smart,2026-06-01,1,2.0,7.5,EUR
CN-MUC01-004053,MUC01,PF-MUC01,AR00330,payfree,2026-06-02,1,3.0,58.5,EUR
CN-MUC01-004054,MUC01,PF-MUC01,AR00026,payfree,2026-06-02,1,3.0,3.6,EUR
CN-MUC01-004055,MUC01,PF-MUC01,AR00420,payfree,2026-06-02,1,1.0,2.6,EUR
CN-MUC01-004056,MUC01,PF-MUC01,AR00095,payfree,2026-06-02,1,3.0,7.8,EUR
CN-MUC01-004057,MUC01,PF-MUC01,AR00243,payfree,2026-06-02,1,1.0,2.5,EUR
CN-MUC01-004058,MUC01,SM-MUC01,AR00004,smart,2026-06-02,1,3.0,1.5,EUR
CN-MUC01-004059,MUC01,SM-MUC01,AR00229,smart,2026-06-02,1,2.0,30.0,EUR
CN-MUC01-004060,MUC01,SM-MUC01,AR00080,smart,2026-06-02,1,3.0,7.5,EUR
CN-MUC01-004061,MUC01,SM-MUC01,AR00033,smart,2026-06-02,1,3.0,10.35,EUR
CN-MUC01-004062,MUC01,PF-MUC01,AR00062,payfree,2026-06-03,1,3.0,5.7,EUR
CN-MUC01-004063,MUC01,PF-MUC01,AR90040,payfree,2026-06-03,1,3.0,5.1,EUR
CN-MUC01-004064,MUC01,PF-MUC01,AR00001,payfree,2026-06-03,1,3.0,3.0,EUR
CN-MUC01-004065,MUC01,PF-MUC01,AR00219,payfree,2026-06-03,1,1.0,1.9,EUR
CN-MUC01-004066,MUC01,PF-MUC01,AR00006,payfree,2026-06-03,1,1.0,1.8,EUR
CN-MUC01-004067,MUC01,PF-MUC01,IKA005,payfree,2026-06-03,1,3.0,2.97,EUR
CN-MUC01-004068,MUC01,PF-MUC01,AR00211,payfree,2026-06-03,1,3.0,3.6,EUR
CN-MUC01-004069,MUC01,PF-MUC01,AR90054,payfree,2026-06-03,1,1.0,1.7,EUR
CN-MUC01-004070,MUC01,SM-MUC01,IKA011,smart,2026-06-03,1,2.0,4.2,EUR
CN-MUC01-004071,MUC01,SM-MUC01,AR00020,smart,2026-06-03,1,3.0,11.7,EUR
CN-MUC01-004072,MUC01,SM-MUC01,AR90025,smart,2026-06-03,1,1.0,1.2,EUR
CN-MUC01-004073,MUC01,SM-MUC01,AR00215,smart,2026-06-03,1,3.0,20.7,EUR
CN-MUC01-004074,MUC01,MO-MUC01,AR00056,smart,2026-06-03,1,3.0,7.5,EUR
CN-MUC01-004075,MUC01,PF-MUC01,AR00140,payfree,2026-06-04,1,1.0,2.9,EUR
CN-MUC01-004076,MUC01,PF-MUC01,AR00208,payfree,2026-06-04,1,3.0,1.5,EUR
CN-MUC01-004077,MUC01,PF-MUC01,AR00115,payfree,2026-06-04,1,3.0,10.5,EUR
CN-MUC01-004078,MUC01,SM-MUC01,AR00392,smart,2026-06-04,1,1.0,2.75,EUR
CN-MUC01-004079,MUC01,SM-MUC01,AR00229,smart,2026-06-04,1,1.0,15.0,EUR
CN-MUC01-004080,MUC01,PF-MUC01,AR00227,payfree,2026-06-05,1,1.0,11.9,EUR
CN-MUC01-004081,MUC01,PF-MUC01,AR00017,payfree,2026-06-05,1,2.0,7.8,EUR
CN-MUC01-004082,MUC01,PF-MUC01,AR00280,payfree,2026-06-05,1,3.0,35.7,EUR
CN-MUC01-004083,MUC01,PF-MUC01,AR00107,payfree,2026-06-05,1,3.0,11.1,EUR
CN-MUC01-004084,MUC01,PF-MUC01,AR90031,payfree,2026-06-05,1,1.0,1.2,EUR
CN-MUC01-004085,MUC01,PF-MUC01,AR90015,payfree,2026-06-05,1,3.0,5.1,EUR
CN-MUC01-004086,MUC01,PF-MUC01,AR00162,payfree,2026-06-05,1,1.0,3.8,EUR
CN-MUC01-004087,MUC01,SM-MUC01,AR00070,smart,2026-06-05,1,2.0,4.6,EUR
CN-MUC01-004088,MUC01,PF-MUC01,AR00454,payfree,2026-06-07,1,3.0,8.7,EUR
CN-MUC01-004089,MUC01,SM-MUC01,AR00401,smart,2026-06-07,1,3.0,3.6,EUR
CN-MUC01-004090,MUC01,SM-MUC01,AR00404,smart,2026-06-07,1,1.0,1.2,EUR
CN-MUC01-004091,MUC01,SM-MUC01,AR90042,smart,2026-06-07,1,2.0,3.8,EUR
CN-MUC01-004092,MUC01,SM-MUC01,AR00209,smart,2026-06-07,1,2.0,1.0,EUR
CN-MUC01-004093,MUC01,PF-MUC01,AR00306,payfree,2026-06-08,1,3.0,14.1,EUR
CN-MUC01-004094,MUC01,PF-MUC01,AR90023,payfree,2026-06-08,1,3.0,4.8,EUR
CN-MUC01-004095,MUC01,PF-MUC01,AR00114,payfree,2026-06-08,1,2.0,2.8,EUR
CN-MUC01-004096,MUC01,SM-MUC01,AR00381,smart,2026-06-08,1,1.0,3.75,EUR
CN-MUC01-004097,MUC01,SM-MUC01,AR00285,smart,2026-06-08,1,1.0,2.95,EUR
CN-MUC01-004098,MUC01,SM-MUC01,AR00398,smart,2026-06-08,1,2.0,4.7,EUR
CN-MUC01-004099,MUC01,MO-MUC01,AR00398,smart,2026-06-08,1,1.0,2.35,EUR
CN-MUC01-004100,MUC01,PF-MUC01,AR00383,payfree,2026-06-09,1,1.0,3.25,EUR
CN-MUC01-004101,MUC01,PF-MUC01,IKA005,payfree,2026-06-09,1,3.0,2.97,EUR
CN-MUC01-004102,MUC01,PF-MUC01,AR00380,payfree,2026-06-09,1,1.0,3.75,EUR
CN-MUC01-004103,MUC01,PF-MUC01,AR00140,payfree,2026-06-09,1,2.0,5.8,EUR
CN-MUC01-004104,MUC01,PF-MUC01,AR00018,payfree,2026-06-09,1,3.0,5.4,EUR
CN-MUC01-004105,MUC01,SM-MUC01,AR00059,smart,2026-06-10,1,3.0,7.5,EUR
CN-MUC01-004106,MUC01,SM-MUC01,AR00376,smart,2026-06-10,1,1.0,4.25,EUR
CN-MUC01-004107,MUC01,SM-MUC01,AR00171,smart,2026-06-10,1,1.0,3.95,EUR
CN-MUC01-004108,MUC01,SM-MUC01,AR00156,smart,2026-06-10,1,2.0,7.9,EUR
CN-MUC01-004109,MUC01,PF-MUC01,AR90019,payfree,2026-06-11,1,2.0,3.9,EUR
CN-MUC01-004110,MUC01,PF-MUC01,AR00047,payfree,2026-06-12,1,1.0,8.9,EUR
CN-MUC01-004111,MUC01,PF-MUC01,AR00389,payfree,2026-06-12,1,3.0,16.5,EUR
CN-MUC01-004112,MUC01,PF-MUC01,AR00441,payfree,2026-06-12,1,3.0,8.37,EUR
CN-MUC01-004113,MUC01,PF-MUC01,AR00306,payfree,2026-06-12,1,2.0,9.4,EUR
CN-MUC01-004114,MUC01,PF-MUC01,AR00013,payfree,2026-06-12,1,2.0,3.6,EUR
CN-MUC01-004115,MUC01,PF-MUC01,AR00380,payfree,2026-06-12,1,2.0,7.5,EUR
CN-MUC01-004116,MUC01,PF-MUC01,AR00383,payfree,2026-06-12,1,2.0,6.5,EUR
CN-MUC01-004117,MUC01,PF-MUC01,AR00280,payfree,2026-06-12,1,2.0,23.8,EUR
CN-MUC01-004118,MUC01,SM-MUC01,AR00190,smart,2026-06-12,1,2.0,3.0,EUR
CN-MUC01-004119,MUC01,SM-MUC01,AR00074,smart,2026-06-12,1,2.0,4.0,EUR
CN-MUC01-004120,MUC01,SM-MUC01,AR00137,smart,2026-06-12,1,1.0,2.7,EUR
CN-MUC01-004121,MUC01,PF-MUC01,AR90014,payfree,2026-06-14,1,2.0,3.4,EUR
CN-MUC01-004122,MUC01,PF-MUC01,AR00216,payfree,2026-06-14,1,3.0,20.7,EUR
CN-MUC01-004123,MUC01,SM-MUC01,AR00209,smart,2026-06-14,1,1.0,0.5,EUR
CN-MUC01-004124,MUC01,MO-MUC01,AR00119,smart,2026-06-14,1,1.0,3.5,EUR
CN-MUC01-004125,MUC01,SM-MUC01,AR00109,smart,2026-06-15,1,1.0,2.0,EUR
CN-MUC01-004126,MUC01,SM-MUC01,AR00047,smart,2026-06-15,1,1.0,8.9,EUR
CN-MUC01-004127,MUC01,SM-MUC01,AR00031,smart,2026-06-15,1,3.0,4.5,EUR
CN-MUC01-004128,MUC01,SM-MUC01,AR00015,smart,2026-06-15,1,3.0,9.9,EUR
CN-MUC01-004129,MUC01,MO-MUC01,AR00149,smart,2026-06-15,1,3.0,16.8,EUR
CN-MUC01-004130,MUC01,PF-MUC01,AR00397,payfree,2026-06-16,1,2.0,5.0,EUR
CN-MUC01-004131,MUC01,PF-MUC01,AR00356,payfree,2026-06-16,1,1.0,5.5,EUR
CN-MUC01-004132,MUC01,PF-MUC01,AR00197,payfree,2026-06-16,1,2.0,3.6,EUR
CN-MUC01-004133,MUC01,PF-MUC01,AR00169,payfree,2026-06-16,1,1.0,2.5,EUR
CN-MUC01-004134,MUC01,PF-MUC01,AR90016,payfree,2026-06-16,1,2.0,3.4,EUR
CN-MUC01-004135,MUC01,PF-MUC01,AR00415,payfree,2026-06-16,1,1.0,1.5,EUR
CN-MUC01-004136,MUC01,SM-MUC01,AR90033,smart,2026-06-16,1,3.0,3.6,EUR
CN-MUC01-004137,MUC01,SM-MUC01,AR00001,smart,2026-06-16,1,3.0,3.0,EUR
CN-MUC01-004138,MUC01,SM-MUC01,AR00188,smart,2026-06-16,1,2.0,3.6,EUR
CN-MUC01-004139,MUC01,PF-MUC01,AR00317,payfree,2026-06-17,1,1.0,2.5,EUR
CN-MUC01-004140,MUC01,PF-MUC01,AR90007,payfree,2026-06-17,1,3.0,4.2,EUR
CN-MUC01-004141,MUC01,PF-MUC01,AR00074,payfree,2026-06-17,1,3.0,6.0,EUR
CN-MUC01-004142,MUC01,SM-MUC01,AR00110,smart,2026-06-17,1,2.0,7.0,EUR
CN-MUC01-004143,MUC01,SM-MUC01,SM0016,smart,2026-06-17,1,2.0,7.9,EUR
CN-MUC01-004144,MUC01,SM-MUC01,AR00107,smart,2026-06-17,1,2.0,7.4,EUR
CN-MUC01-004145,MUC01,MO-MUC01,AR00153,smart,2026-06-17,1,1.0,3.5,EUR
CN-MUC01-004146,MUC01,PF-MUC01,AR00159,payfree,2026-06-18,1,3.0,11.4,EUR
CN-MUC01-004147,MUC01,PF-MUC01,AR00327,payfree,2026-06-18,1,3.0,11.85,EUR
CN-MUC01-004148,MUC01,PF-MUC01,AR00333,payfree,2026-06-18,1,3.0,6.75,EUR
CN-MUC01-004149,MUC01,PF-MUC01,AR00033,payfree,2026-06-18,1,1.0,3.45,EUR
CN-MUC01-004150,MUC01,PF-MUC01,AR90004,payfree,2026-06-18,1,3.0,0.75,EUR
CN-MUC01-004151,MUC01,PF-MUC01,AR00158,payfree,2026-06-18,1,1.0,3.8,EUR
CN-MUC01-004152,MUC01,PF-MUC01,AR00018,payfree,2026-06-18,1,2.0,3.6,EUR
CN-MUC01-004153,MUC01,PF-MUC01,AR00271,payfree,2026-06-18,1,1.0,27.0,EUR
CN-MUC01-004154,MUC01,PF-MUC01,AR00274,payfree,2026-06-18,1,2.0,4.8,EUR
CN-MUC01-004155,MUC01,SM-MUC01,AR00285,smart,2026-06-18,1,1.0,2.95,EUR
CN-MUC01-004156,MUC01,SM-MUC01,AR00293,smart,2026-06-18,1,2.0,4.4,EUR
CN-MUC01-004157,MUC01,SM-MUC01,AR00096,smart,2026-06-18,1,3.0,11.85,EUR
CN-MUC01-004158,MUC01,SM-MUC01,AR00187,smart,2026-06-18,1,2.0,5.0,EUR
CN-MUC01-004159,MUC01,MO-MUC01,AR00204,smart,2026-06-18,1,2.0,3.6,EUR
CN-MUC01-004160,MUC01,PF-MUC01,AR90040,payfree,2026-06-19,1,3.0,5.1,EUR
CN-MUC01-004161,MUC01,PF-MUC01,AR00111,payfree,2026-06-19,1,1.0,2.5,EUR
CN-MUC01-004162,MUC01,PF-MUC01,AR00286,payfree,2026-06-19,1,2.0,2.4,EUR
CN-MUC01-004163,MUC01,SM-MUC01,AR90055,smart,2026-06-19,1,2.0,3.4,EUR
CN-MUC01-004164,MUC01,SM-MUC01,AR00312,smart,2026-06-22,1,3.0,7.5,EUR
CN-MUC01-004165,MUC01,SM-MUC01,AR00002,smart,2026-06-22,1,3.0,1.5,EUR
CN-MUC01-004166,MUC01,PF-MUC01,AR00008,payfree,2026-06-23,1,2.0,3.6,EUR
CN-MUC01-004167,MUC01,PF-MUC01,AR90051,payfree,2026-06-24,1,3.0,4.8,EUR
CN-MUC01-004168,MUC01,PF-MUC01,AR00219,payfree,2026-06-24,1,3.0,5.7,EUR
CN-MUC01-004169,MUC01,PF-MUC01,AR00070,payfree,2026-06-24,1,3.0,6.9,EUR
CN-MUC01-004170,MUC01,PF-MUC01,AR00416,payfree,2026-06-24,1,2.0,4.0,EUR
CN-MUC01-004171,MUC01,PF-MUC01,AR90020,payfree,2026-06-24,1,2.0,3.9,EUR
CN-MUC01-004172,MUC01,PF-MUC01,AR00441,payfree,2026-06-24,1,2.0,5.58,EUR
CN-MUC01-004173,MUC01,PF-MUC01,AR00432,payfree,2026-06-24,1,1.0,3.5,EUR
CN-MUC01-004174,MUC01,SM-MUC01,AR00196,smart,2026-06-24,1,2.0,3.2,EUR
CN-MUC01-004175,MUC01,SM-MUC01,AR00333,smart,2026-06-24,1,2.0,4.5,EUR
CN-MUC01-004176,MUC01,SM-MUC01,AR00055,smart,2026-06-24,1,1.0,2.5,EUR
CN-MUC01-004177,MUC01,PF-MUC01,AR00416,payfree,2026-06-25,1,2.0,4.0,EUR
CN-MUC01-004178,MUC01,SM-MUC01,AR00038,smart,2026-06-25,1,2.0,9.9,EUR
CN-MUC01-004179,MUC01,PF-MUC01,AR00098,payfree,2026-06-28,1,1.0,5.75,EUR
CN-MUC01-004180,MUC01,SM-MUC01,AR00207,smart,2026-06-28,1,1.0,1.0,EUR
CN-MUC01-004181,MUC01,SM-MUC01,AR00193,smart,2026-06-28,1,1.0,1.4,EUR
CN-MUC01-004182,MUC01,PF-MUC01,AR00438,payfree,2026-06-29,1,3.0,7.05,EUR
CN-MUC01-004183,MUC01,PF-MUC01,AR90007,payfree,2026-06-29,1,2.0,2.8,EUR
CN-MUC01-004184,MUC01,PF-MUC01,AR00278,payfree,2026-06-29,1,2.0,23.8,EUR
CN-MUC01-004185,MUC01,PF-MUC01,AR90028,payfree,2026-06-29,1,1.0,1.6,EUR
CN-MUC01-004186,MUC01,PF-MUC01,AR00025,payfree,2026-06-29,1,1.0,2.5,EUR
CN-MUC01-004187,MUC01,PF-MUC01,AR00165,payfree,2026-06-29,1,3.0,11.4,EUR
CN-MUC01-004188,MUC01,PF-MUC01,AR00126,payfree,2026-06-29,1,2.0,3.8,EUR
CN-MUC01-004189,MUC01,PF-MUC01,AR00286,payfree,2026-06-29,1,2.0,2.4,EUR
CN-MUC01-004190,MUC01,PF-MUC01,AR00134,payfree,2026-06-29,1,1.0,3.5,EUR
CN-MUC01-004191,MUC01,SM-MUC01,AR00222,smart,2026-06-29,1,3.0,3.0,EUR
CN-MUC01-004192,MUC01,MO-MUC01,IKA005,smart,2026-06-29,1,2.0,1.98,EUR
CN-MUC01-004193,MUC01,PF-MUC01,AR00270,payfree,2026-06-30,1,1.0,2.5,EUR
CN-MUC01-004194,MUC01,PF-MUC01,AR00345,payfree,2026-06-30,1,1.0,3.9,EUR
CN-MUC01-004195,MUC01,PF-MUC01,AR00405,payfree,2026-06-30,1,3.0,3.6,EUR
CN-MUC01-004196,MUC01,PF-MUC01,AR00317,payfree,2026-06-30,1,3.0,7.5,EUR
CN-MUC01-004197,MUC01,PF-MUC01,AR00080,payfree,2026-06-30,1,1.0,2.5,EUR
CN-MUC01-004198,MUC01,SM-MUC01,AR00279,smart,2026-06-30,1,2.0,23.8,EUR
CN-MUC01-004199,MUC01,SM-MUC01,AR00333,smart,2026-06-30,1,3.0,6.75,EUR
CN-MUC01-004200,MUC01,SM-MUC01,AR90037,smart,2026-06-30,1,3.0,4.5,EUR
CN-MUC01-004201,MUC01,PF-MUC01,AR00277,payfree,2026-07-01,1,1.0,7.9,EUR
CN-MUC01-004202,MUC01,PF-MUC01,AR00128,payfree,2026-07-01,1,3.0,12.0,EUR
CN-MUC01-004203,MUC01,PF-MUC01,AR00359,payfree,2026-07-01,1,3.0,23.7,EUR
CN-MUC01-004204,MUC01,PF-MUC01,AR00087,payfree,2026-07-01,1,1.0,1.5,EUR
CN-MUC01-004205,MUC01,PF-MUC01,AR00057,payfree,2026-07-01,1,3.0,7.5,EUR
CN-MUC01-004206,MUC01,SM-MUC01,IKA005,smart,2026-07-01,1,3.0,2.97,EUR
CN-MUC01-004207,MUC01,SM-MUC01,AR00389,smart,2026-07-01,1,3.0,16.5,EUR
CN-MUC01-004208,MUC01,SM-MUC01,AR00387,smart,2026-07-01,1,2.0,6.0,EUR
CN-MUC01-004209,MUC01,SM-MUC01,AR00128,smart,2026-07-01,1,2.0,8.0,EUR
CN-MUC01-004210,MUC01,PF-MUC01,AR00227,payfree,2026-07-02,1,3.0,35.7,EUR
CN-MUC01-004211,MUC01,PF-MUC01,AR90007,payfree,2026-07-02,1,3.0,4.2,EUR
CN-MUC01-004212,MUC01,SM-MUC01,AR00050,smart,2026-07-02,1,1.0,12.9,EUR
CN-MUC01-004213,MUC01,PF-MUC01,AR90023,payfree,2026-07-03,1,2.0,3.2,EUR
CN-MUC01-004214,MUC01,PF-MUC01,AR90051,payfree,2026-07-03,1,1.0,1.6,EUR
CN-MUC01-004215,MUC01,PF-MUC01,AR90027,payfree,2026-07-03,1,3.0,4.8,EUR
CN-MUC01-004216,MUC01,PF-MUC01,AR00098,payfree,2026-07-03,1,2.0,11.5,EUR
CN-MUC01-004217,MUC01,PF-MUC01,AR00008,payfree,2026-07-03,1,3.0,5.4,EUR
CN-MUC01-004218,MUC01,SM-MUC01,AR00314,smart,2026-07-03,1,2.0,5.0,EUR
CN-MUC01-004219,MUC01,SM-MUC01,AR00087,smart,2026-07-03,1,1.0,1.5,EUR
CN-HAM01-004220,HAM01,PF-HAM01,AR00289,payfree,2026-01-01,1,1.0,2.2,EUR
CN-HAM01-004221,HAM01,PF-HAM01,AR00282,payfree,2026-01-01,1,1.0,2.95,EUR
CN-HAM01-004222,HAM01,PF-HAM01,AR00138,payfree,2026-01-01,1,3.0,6.0,EUR
CN-HAM01-004223,HAM01,PF-HAM01,AR00284,payfree,2026-01-01,1,2.0,4.7,EUR
CN-HAM01-004224,HAM01,PF-HAM01,AR00187,payfree,2026-01-01,1,3.0,7.5,EUR
CN-HAM01-004225,HAM01,SM-HAM01,AR00382,smart,2026-01-01,1,2.0,6.5,EUR
CN-HAM01-004226,HAM01,SM-HAM01,AR00003,smart,2026-01-01,1,2.0,2.0,EUR
CN-HAM01-004227,HAM01,SM-HAM01,AR00128,smart,2026-01-01,1,2.0,8.0,EUR
CN-HAM01-004228,HAM01,MO-HAM01,AR00133,smart,2026-01-01,1,3.0,10.5,EUR
CN-HAM01-004229,HAM01,PF-HAM01,AR00271,payfree,2026-01-02,1,2.0,54.0,EUR
CN-HAM01-004230,HAM01,PF-HAM01,AR00285,payfree,2026-01-02,1,1.0,2.95,EUR
CN-HAM01-004231,HAM01,PF-HAM01,AR00029,payfree,2026-01-02,1,2.0,7.0,EUR
CN-HAM01-004232,HAM01,PF-HAM01,AR00003,payfree,2026-01-02,1,3.0,3.0,EUR
CN-HAM01-004233,HAM01,PF-HAM01,AR00407,payfree,2026-01-02,1,2.0,6.4,EUR
CN-HAM01-004234,HAM01,PF-HAM01,AR00157,payfree,2026-01-02,1,3.0,11.4,EUR
CN-HAM01-004235,HAM01,PF-HAM01,AR90041,payfree,2026-01-02,1,2.0,3.4,EUR
CN-HAM01-004236,HAM01,PF-HAM01,AR00039,payfree,2026-01-03,1,2.0,2.0,EUR
CN-HAM01-004237,HAM01,PF-HAM01,AR00366,payfree,2026-01-03,1,2.0,7.5,EUR
CN-HAM01-004238,HAM01,PF-HAM01,AR00001,payfree,2026-01-03,1,1.0,1.0,EUR
CN-HAM01-004239,HAM01,PF-HAM01,IKA018,payfree,2026-01-03,1,1.0,2.1,EUR
CN-HAM01-004240,HAM01,PF-HAM01,AR00030,payfree,2026-01-03,1,2.0,7.0,EUR
CN-HAM01-004241,HAM01,PF-HAM01,AR00403,payfree,2026-01-03,1,3.0,3.6,EUR
CN-HAM01-004242,HAM01,PF-HAM01,AR00151,payfree,2026-01-03,1,3.0,11.7,EUR
CN-HAM01-004243,HAM01,PF-HAM01,AR00058,payfree,2026-01-04,1,2.0,5.0,EUR
CN-HAM01-004244,HAM01,PF-HAM01,AR00389,payfree,2026-01-04,1,1.0,5.5,EUR
CN-HAM01-004245,HAM01,PF-HAM01,AR00129,payfree,2026-01-04,1,3.0,4.2,EUR
CN-HAM01-004246,HAM01,PF-HAM01,AR00402,payfree,2026-01-04,1,3.0,3.6,EUR
CN-HAM01-004247,HAM01,PF-HAM01,AR00140,payfree,2026-01-04,1,3.0,8.7,EUR
CN-HAM01-004248,HAM01,PF-HAM01,AR00333,payfree,2026-01-04,1,2.0,4.5,EUR
CN-HAM01-004249,HAM01,PF-HAM01,AR00383,payfree,2026-01-05,1,1.0,3.25,EUR
CN-HAM01-004250,HAM01,PF-HAM01,AR90054,payfree,2026-01-05,1,2.0,3.4,EUR
CN-HAM01-004251,HAM01,PF-HAM01,AR00128,payfree,2026-01-05,1,3.0,12.0,EUR
CN-HAM01-004252,HAM01,PF-HAM01,AR90008,payfree,2026-01-06,1,1.0,1.4,EUR
CN-HAM01-004253,HAM01,PF-HAM01,SM0018,payfree,2026-01-06,1,1.0,3.95,EUR
CN-HAM01-004254,HAM01,PF-HAM01,AR00407,payfree,2026-01-06,1,1.0,3.2,EUR
CN-HAM01-004255,HAM01,PF-HAM01,AR90014,payfree,2026-01-06,1,1.0,1.7,EUR
CN-HAM01-004256,HAM01,PF-HAM01,AR00120,payfree,2026-01-06,1,1.0,2.0,EUR
CN-HAM01-004257,HAM01,PF-HAM01,AR00003,payfree,2026-01-06,1,2.0,2.0,EUR
CN-HAM01-004258,HAM01,PF-HAM01,AR00220,payfree,2026-01-06,1,1.0,1.0,EUR
CN-HAM01-004259,HAM01,PF-HAM01,AR00090,payfree,2026-01-06,1,2.0,2.6,EUR
CN-HAM01-004260,HAM01,SM-HAM01,AR00396,smart,2026-01-06,1,3.0,6.6,EUR
CN-HAM01-004261,HAM01,SM-HAM01,AR00114,smart,2026-01-06,1,1.0,1.4,EUR
CN-HAM01-004262,HAM01,SM-HAM01,AR90038,smart,2026-01-06,1,1.0,1.5,EUR
CN-HAM01-004263,HAM01,SM-HAM01,AR00420,smart,2026-01-06,1,1.0,2.6,EUR
CN-HAM01-004264,HAM01,PF-HAM01,AR00154,payfree,2026-01-07,1,1.0,3.2,EUR
CN-HAM01-004265,HAM01,PF-HAM01,AR00122,payfree,2026-01-08,1,1.0,2.5,EUR
CN-HAM01-004266,HAM01,SM-HAM01,AR00158,smart,2026-01-08,1,3.0,11.4,EUR
CN-HAM01-004267,HAM01,SM-HAM01,AR00088,smart,2026-01-08,1,1.0,2.2,EUR
CN-HAM01-004268,HAM01,PF-HAM01,AR00088,payfree,2026-01-09,1,3.0,6.6,EUR
CN-HAM01-004269,HAM01,PF-HAM01,AR00392,payfree,2026-01-09,1,2.0,5.5,EUR
CN-HAM01-004270,HAM01,PF-HAM01,AR00161,payfree,2026-01-09,1,2.0,7.6,EUR
CN-HAM01-004271,HAM01,SM-HAM01,AR00290,smart,2026-01-09,1,2.0,4.4,EUR
CN-HAM01-004272,HAM01,SM-HAM01,AR00190,smart,2026-01-09,1,1.0,1.5,EUR
CN-HAM01-004273,HAM01,SM-HAM01,AR00080,smart,2026-01-09,1,1.0,2.5,EUR
CN-HAM01-004274,HAM01,PF-HAM01,AR00122,payfree,2026-01-10,1,1.0,2.5,EUR
CN-HAM01-004275,HAM01,PF-HAM01,AR00366,payfree,2026-01-10,1,2.0,7.5,EUR
CN-HAM01-004276,HAM01,PF-HAM01,AR90030,payfree,2026-01-10,1,1.0,1.6,EUR
CN-HAM01-004277,HAM01,PF-HAM01,AR00157,payfree,2026-01-10,1,3.0,11.4,EUR
CN-HAM01-004278,HAM01,PF-HAM01,AR00344,payfree,2026-01-10,1,3.0,11.7,EUR
CN-HAM01-004279,HAM01,PF-HAM01,AR00024,payfree,2026-01-10,1,1.0,2.5,EUR
CN-HAM01-004280,HAM01,SM-HAM01,AR00227,smart,2026-01-10,1,2.0,23.8,EUR
CN-HAM01-004281,HAM01,SM-HAM01,AR00149,smart,2026-01-10,1,2.0,11.2,EUR
CN-HAM01-004282,HAM01,SM-HAM01,AR00089,smart,2026-01-10,1,3.0,6.6,EUR
CN-HAM01-004283,HAM01,PF-HAM01,SM0018,payfree,2026-01-11,1,2.0,7.9,EUR
CN-HAM01-004284,HAM01,PF-HAM01,AR00039,payfree,2026-01-11,1,3.0,3.0,EUR
CN-HAM01-004285,HAM01,PF-HAM01,AR00080,payfree,2026-01-11,1,3.0,7.5,EUR
CN-HAM01-004286,HAM01,PF-HAM01,AR00344,payfree,2026-01-11,1,3.0,11.7,EUR
CN-HAM01-004287,HAM01,PF-HAM01,AR00349,payfree,2026-01-11,1,3.0,19.8,EUR
CN-HAM01-004288,HAM01,PF-HAM01,AR00081,payfree,2026-01-11,1,3.0,7.5,EUR
CN-HAM01-004289,HAM01,PF-HAM01,AR00390,payfree,2026-01-11,1,1.0,44.0,EUR
CN-HAM01-004290,HAM01,SM-HAM01,AR90053,smart,2026-01-11,1,3.0,6.0,EUR
CN-HAM01-004291,HAM01,SM-HAM01,AR90028,smart,2026-01-11,1,1.0,1.6,EUR
CN-HAM01-004292,HAM01,PF-HAM01,AR00068,payfree,2026-01-12,1,2.0,5.0,EUR
CN-HAM01-004293,HAM01,PF-HAM01,AR00082,payfree,2026-01-12,1,2.0,5.8,EUR
CN-HAM01-004294,HAM01,PF-HAM01,AR00279,payfree,2026-01-12,1,2.0,23.8,EUR
CN-HAM01-004295,HAM01,PF-HAM01,AR90036,payfree,2026-01-12,1,1.0,1.7,EUR
CN-HAM01-004296,HAM01,PF-HAM01,AR00289,payfree,2026-01-12,1,2.0,4.4,EUR
CN-HAM01-004297,HAM01,PF-HAM01,AR00006,payfree,2026-01-12,1,1.0,1.8,EUR
CN-HAM01-004298,HAM01,PF-HAM01,AR00066,payfree,2026-01-12,1,1.0,2.5,EUR
CN-HAM01-004299,HAM01,PF-HAM01,AR00279,payfree,2026-01-12,1,3.0,35.7,EUR
CN-HAM01-004300,HAM01,SM-HAM01,AR00160,smart,2026-01-12,1,2.0,7.6,EUR
CN-HAM01-004301,HAM01,SM-HAM01,AR00158,smart,2026-01-12,1,3.0,11.4,EUR
CN-HAM01-004302,HAM01,PF-HAM01,AR90030,payfree,2026-01-13,1,1.0,1.6,EUR
CN-HAM01-004303,HAM01,PF-HAM01,AR00415,payfree,2026-01-14,1,1.0,1.5,EUR
CN-HAM01-004304,HAM01,SM-HAM01,AR00021,smart,2026-01-14,1,2.0,7.8,EUR
CN-HAM01-004305,HAM01,SM-HAM01,AR00056,smart,2026-01-14,1,1.0,2.5,EUR
CN-HAM01-004306,HAM01,SM-HAM01,AR00122,smart,2026-01-14,1,3.0,7.5,EUR
CN-HAM01-004307,HAM01,PF-HAM01,AR00132,payfree,2026-01-15,1,1.0,6.9,EUR
CN-HAM01-004308,HAM01,PF-HAM01,AR00162,payfree,2026-01-15,1,3.0,11.4,EUR
CN-HAM01-004309,HAM01,PF-HAM01,AR90031,payfree,2026-01-15,1,1.0,1.2,EUR
CN-HAM01-004310,HAM01,PF-HAM01,AR00005,payfree,2026-01-15,1,2.0,2.0,EUR
CN-HAM01-004311,HAM01,SM-HAM01,AR00133,smart,2026-01-15,1,1.0,3.5,EUR
CN-HAM01-004312,HAM01,SM-HAM01,AR00158,smart,2026-01-15,1,1.0,3.8,EUR
CN-HAM01-004313,HAM01,PF-HAM01,SM0014,payfree,2026-01-16,1,3.0,2.97,EUR
CN-HAM01-004314,HAM01,PF-HAM01,AR00080,payfree,2026-01-16,1,2.0,5.0,EUR
CN-HAM01-004315,HAM01,PF-HAM01,AR00231,payfree,2026-01-16,1,3.0,11.85,EUR
CN-HAM01-004316,HAM01,PF-HAM01,AR00279,payfree,2026-01-17,1,3.0,35.7,EUR
CN-HAM01-004317,HAM01,PF-HAM01,AR90018,payfree,2026-01-17,1,3.0,5.85,EUR
CN-HAM01-004318,HAM01,PF-HAM01,AR00278,payfree,2026-01-17,1,2.0,23.8,EUR
CN-HAM01-004319,HAM01,PF-HAM01,AR00284,payfree,2026-01-17,1,3.0,7.05,EUR
CN-HAM01-004320,HAM01,PF-HAM01,SM0018,payfree,2026-01-17,1,2.0,7.9,EUR
CN-HAM01-004321,HAM01,PF-HAM01,AR00178,payfree,2026-01-17,1,3.0,4.2,EUR
CN-HAM01-004322,HAM01,PF-HAM01,AR00146,payfree,2026-01-17,1,1.0,3.95,EUR
CN-HAM01-004323,HAM01,PF-HAM01,AR00454,payfree,2026-01-17,1,3.0,8.7,EUR
CN-HAM01-004324,HAM01,PF-HAM01,AR00106,payfree,2026-01-18,1,1.0,3.9,EUR
CN-HAM01-004325,HAM01,PF-HAM01,AR00333,payfree,2026-01-18,1,2.0,4.5,EUR
CN-HAM01-004326,HAM01,PF-HAM01,AR90016,payfree,2026-01-18,1,2.0,3.4,EUR
CN-HAM01-004327,HAM01,PF-HAM01,AR00066,payfree,2026-01-18,1,3.0,7.5,EUR
CN-HAM01-004328,HAM01,PF-HAM01,AR00389,payfree,2026-01-18,1,3.0,16.5,EUR
CN-HAM01-004329,HAM01,SM-HAM01,AR00210,smart,2026-01-18,1,2.0,2.4,EUR
CN-HAM01-004330,HAM01,SM-HAM01,AR90023,smart,2026-01-18,1,1.0,1.6,EUR
CN-HAM01-004331,HAM01,PF-HAM01,AR00218,payfree,2026-01-19,1,3.0,5.7,EUR
CN-HAM01-004332,HAM01,SM-HAM01,AR00208,smart,2026-01-19,1,3.0,1.5,EUR
CN-HAM01-004333,HAM01,SM-HAM01,AR00284,smart,2026-01-19,1,3.0,7.05,EUR
CN-HAM01-004334,HAM01,SM-HAM01,AR00064,smart,2026-01-19,1,1.0,2.5,EUR
CN-HAM01-004335,HAM01,SM-HAM01,AR00291,smart,2026-01-19,1,2.0,4.4,EUR
CN-HAM01-004336,HAM01,PF-HAM01,AR00034,payfree,2026-01-20,1,2.0,4.0,EUR
CN-HAM01-004337,HAM01,PF-HAM01,AR00024,payfree,2026-01-20,1,1.0,2.5,EUR
CN-HAM01-004338,HAM01,PF-HAM01,AR00119,payfree,2026-01-20,1,2.0,7.0,EUR
CN-HAM01-004339,HAM01,PF-HAM01,AR00290,payfree,2026-01-20,1,2.0,4.4,EUR
CN-HAM01-004340,HAM01,PF-HAM01,AR00294,payfree,2026-01-20,1,3.0,6.6,EUR
CN-HAM01-004341,HAM01,PF-HAM01,AR00290,payfree,2026-01-20,1,2.0,4.4,EUR
CN-HAM01-004342,HAM01,PF-HAM01,AR00331,payfree,2026-01-20,1,3.0,58.5,EUR
CN-HAM01-004343,HAM01,PF-HAM01,AR00021,payfree,2026-01-20,1,3.0,11.7,EUR
CN-HAM01-004344,HAM01,SM-HAM01,AR00221,smart,2026-01-20,1,3.0,3.0,EUR
CN-HAM01-004345,HAM01,SM-HAM01,AR00325,smart,2026-01-20,1,2.0,7.9,EUR
CN-HAM01-004346,HAM01,PF-HAM01,AR90023,payfree,2026-01-21,1,3.0,4.8,EUR
CN-HAM01-004347,HAM01,PF-HAM01,AR00375,payfree,2026-01-22,1,1.0,4.95,EUR
CN-HAM01-004348,HAM01,PF-HAM01,AR00101,payfree,2026-01-22,1,2.0,3.8,EUR
CN-HAM01-004349,HAM01,PF-HAM01,AR90050,payfree,2026-01-22,1,1.0,1.6,EUR
CN-HAM01-004350,HAM01,PF-HAM01,AR00121,payfree,2026-01-22,1,1.0,2.2,EUR
CN-HAM01-004351,HAM01,PF-HAM01,AR00110,payfree,2026-01-22,1,1.0,3.5,EUR
CN-HAM01-004352,HAM01,PF-HAM01,AR90011,payfree,2026-01-22,1,3.0,5.1,EUR
CN-HAM01-004353,HAM01,PF-HAM01,AR00056,payfree,2026-01-22,1,2.0,5.0,EUR
CN-HAM01-004354,HAM01,PF-HAM01,AR00198,payfree,2026-01-22,1,2.0,4.0,EUR
CN-HAM01-004355,HAM01,SM-HAM01,AR90053,smart,2026-01-22,1,3.0,6.0,EUR
CN-HAM01-004356,HAM01,SM-HAM01,AR90020,smart,2026-01-22,1,3.0,5.85,EUR
CN-HAM01-004357,HAM01,SM-HAM01,AR90008,smart,2026-01-22,1,2.0,2.8,EUR
CN-HAM01-004358,HAM01,SM-HAM01,AR00117,smart,2026-01-22,1,2.0,4.2,EUR
CN-HAM01-004359,HAM01,PF-HAM01,AR00169,payfree,2026-01-23,1,2.0,5.0,EUR
CN-HAM01-004360,HAM01,PF-HAM01,AR00271,payfree,2026-01-23,1,1.0,27.0,EUR
CN-HAM01-004361,HAM01,SM-HAM01,IKA005,smart,2026-01-23,1,3.0,2.97,EUR
CN-HAM01-004362,HAM01,SM-HAM01,AR00132,smart,2026-01-23,1,3.0,20.7,EUR
CN-HAM01-004363,HAM01,SM-HAM01,AR00196,smart,2026-01-23,1,3.0,4.8,EUR
CN-HAM01-004364,HAM01,SM-HAM01,AR00397,smart,2026-01-23,1,1.0,2.5,EUR
CN-HAM01-004365,HAM01,PF-HAM01,AR00138,payfree,2026-01-24,1,3.0,6.0,EUR
CN-HAM01-004366,HAM01,PF-HAM01,AR00406,payfree,2026-01-24,1,3.0,9.6,EUR
CN-HAM01-004367,HAM01,PF-HAM01,AR00082,payfree,2026-01-24,1,3.0,8.7,EUR
CN-HAM01-004368,HAM01,PF-HAM01,AR00054,payfree,2026-01-24,1,2.0,2.0,EUR
CN-HAM01-004369,HAM01,SM-HAM01,AR90011,smart,2026-01-24,1,1.0,1.7,EUR
CN-HAM01-004370,HAM01,SM-HAM01,AR00020,smart,2026-01-24,1,2.0,7.8,EUR
CN-HAM01-004371,HAM01,SM-HAM01,AR90023,smart,2026-01-25,1,3.0,4.8,EUR
CN-HAM01-004372,HAM01,SM-HAM01,AR90025,smart,2026-01-25,1,2.0,2.4,EUR
CN-HAM01-004373,HAM01,PF-HAM01,AR00373,payfree,2026-01-26,1,3.0,14.85,EUR
CN-HAM01-004374,HAM01,PF-HAM01,AR00026,payfree,2026-01-26,1,1.0,1.2,EUR
CN-HAM01-004375,HAM01,PF-HAM01,AR00106,payfree,2026-01-26,1,2.0,7.8,EUR
CN-HAM01-004376,HAM01,PF-HAM01,AR00378,payfree,2026-01-26,1,3.0,12.75,EUR
CN-HAM01-004377,HAM01,PF-HAM01,IKA018,payfree,2026-01-26,1,2.0,4.2,EUR
CN-HAM01-004378,HAM01,PF-HAM01,AR00101,payfree,2026-01-26,1,2.0,3.8,EUR
CN-HAM01-004379,HAM01,PF-HAM01,AR00022,payfree,2026-01-26,1,1.0,3.9,EUR
CN-HAM01-004380,HAM01,PF-HAM01,AR90003,payfree,2026-01-26,1,1.0,0.15,EUR
CN-HAM01-004381,HAM01,SM-HAM01,AR00059,smart,2026-01-26,1,1.0,2.5,EUR
CN-HAM01-004382,HAM01,SM-HAM01,AR90039,smart,2026-01-26,1,1.0,1.5,EUR
CN-HAM01-004383,HAM01,SM-HAM01,AR00176,smart,2026-01-26,1,1.0,1.4,EUR
CN-HAM01-004384,HAM01,SM-HAM01,AR00040,smart,2026-01-26,1,1.0,3.3,EUR
CN-HAM01-004385,HAM01,MO-HAM01,AR00067,smart,2026-01-26,1,3.0,7.5,EUR
CN-HAM01-004386,HAM01,PF-HAM01,AR90004,payfree,2026-01-27,1,1.0,0.25,EUR
CN-HAM01-004387,HAM01,PF-HAM01,AR00025,payfree,2026-01-27,1,3.0,7.5,EUR
CN-HAM01-004388,HAM01,PF-HAM01,AR00395,payfree,2026-01-27,1,3.0,7.5,EUR
CN-HAM01-004389,HAM01,PF-HAM01,AR00403,payfree,2026-01-27,1,1.0,1.2,EUR
CN-HAM01-004390,HAM01,PF-HAM01,AR00066,payfree,2026-01-27,1,3.0,7.5,EUR
CN-HAM01-004391,HAM01,PF-HAM01,AR00227,payfree,2026-01-27,1,1.0,11.9,EUR
CN-HAM01-004392,HAM01,SM-HAM01,AR00407,smart,2026-01-27,1,3.0,9.6,EUR
CN-HAM01-004393,HAM01,SM-HAM01,AR00147,smart,2026-01-27,1,2.0,9.8,EUR
CN-HAM01-004394,HAM01,SM-HAM01,AR00433,smart,2026-01-27,1,1.0,3.89,EUR
CN-HAM01-004395,HAM01,SM-HAM01,AR00189,smart,2026-01-27,1,2.0,4.4,EUR
CN-HAM01-004396,HAM01,PF-HAM01,AR00117,payfree,2026-01-28,1,2.0,4.2,EUR
CN-HAM01-004397,HAM01,SM-HAM01,AR00061,smart,2026-01-28,1,2.0,5.0,EUR
CN-HAM01-004398,HAM01,SM-HAM01,AR00161,smart,2026-01-28,1,2.0,7.6,EUR
CN-HAM01-004399,HAM01,SM-HAM01,AR90033,smart,2026-01-28,1,3.0,3.6,EUR
CN-HAM01-004400,HAM01,SM-HAM01,AR00185,smart,2026-01-28,1,2.0,4.5,EUR
CN-HAM01-004401,HAM01,PF-HAM01,AR90028,payfree,2026-01-29,1,3.0,4.8,EUR
CN-HAM01-004402,HAM01,PF-HAM01,AR00404,payfree,2026-01-29,1,3.0,3.6,EUR
CN-HAM01-004403,HAM01,SM-HAM01,AR00220,smart,2026-01-29,1,1.0,1.0,EUR
CN-HAM01-004404,HAM01,SM-HAM01,AR90010,smart,2026-01-29,1,1.0,2.2,EUR
CN-HAM01-004405,HAM01,PF-HAM01,AR00312,payfree,2026-01-30,1,3.0,7.5,EUR
CN-HAM01-004406,HAM01,PF-HAM01,AR00405,payfree,2026-01-30,1,1.0,1.2,EUR
CN-HAM01-004407,HAM01,PF-HAM01,AR00327,payfree,2026-01-30,1,3.0,11.85,EUR
CN-HAM01-004408,HAM01,PF-HAM01,AR00442,payfree,2026-01-30,1,2.0,4.98,EUR
CN-HAM01-004409,HAM01,PF-HAM01,AR00211,payfree,2026-01-30,1,1.0,1.2,EUR
CN-HAM01-004410,HAM01,PF-HAM01,AR00395,payfree,2026-01-30,1,1.0,2.5,EUR
CN-HAM01-004411,HAM01,PF-HAM01,AR00132,payfree,2026-01-30,1,2.0,13.8,EUR
CN-HAM01-004412,HAM01,PF-HAM01,AR00360,payfree,2026-01-30,1,3.0,44.7,EUR
CN-HAM01-004413,HAM01,PF-HAM01,AR00304,payfree,2026-01-30,1,3.0,16.95,EUR
CN-HAM01-004414,HAM01,SM-HAM01,AR00222,smart,2026-01-30,1,1.0,1.0,EUR
CN-HAM01-004415,HAM01,SM-HAM01,AR90029,smart,2026-01-30,1,2.0,3.2,EUR
CN-HAM01-004416,HAM01,PF-HAM01,SM0016,payfree,2026-01-31,1,1.0,3.95,EUR
CN-HAM01-004417,HAM01,PF-HAM01,AR00165,payfree,2026-01-31,1,2.0,7.6,EUR
CN-HAM01-004418,HAM01,PF-HAM01,AR00005,payfree,2026-01-31,1,3.0,3.0,EUR
CN-HAM01-004419,HAM01,PF-HAM01,AR00277,payfree,2026-01-31,1,3.0,23.7,EUR
CN-HAM01-004420,HAM01,PF-HAM01,AR00006,payfree,2026-01-31,1,1.0,1.8,EUR
CN-HAM01-004421,HAM01,PF-HAM01,AR00240,payfree,2026-01-31,1,3.0,5.7,EUR
CN-HAM01-004422,HAM01,SM-HAM01,AR00026,smart,2026-02-01,1,2.0,2.4,EUR
CN-HAM01-004423,HAM01,SM-HAM01,AR00082,smart,2026-02-01,1,2.0,5.8,EUR
CN-HAM01-004424,HAM01,PF-HAM01,AR90030,payfree,2026-02-02,1,1.0,1.6,EUR
CN-HAM01-004425,HAM01,PF-HAM01,AR00019,payfree,2026-02-02,1,3.0,5.4,EUR
CN-HAM01-004426,HAM01,PF-HAM01,AR00017,payfree,2026-02-02,1,2.0,7.8,EUR
CN-HAM01-004427,HAM01,PF-HAM01,AR90027,payfree,2026-02-02,1,1.0,1.6,EUR
CN-HAM01-004428,HAM01,PF-HAM01,AR00002,payfree,2026-02-02,1,2.0,1.0,EUR
CN-HAM01-004429,HAM01,PF-HAM01,AR00161,payfree,2026-02-02,1,2.0,7.6,EUR
CN-HAM01-004430,HAM01,PF-HAM01,AR00030,payfree,2026-02-02,1,2.0,7.0,EUR
CN-HAM01-004431,HAM01,PF-HAM01,AR00378,payfree,2026-02-02,1,2.0,8.5,EUR
CN-HAM01-004432,HAM01,SM-HAM01,AR00453,smart,2026-02-02,1,3.0,6.3,EUR
CN-HAM01-004433,HAM01,PF-HAM01,AR00132,payfree,2026-02-03,1,1.0,6.9,EUR
CN-HAM01-004434,HAM01,PF-HAM01,AR00420,payfree,2026-02-03,1,1.0,2.6,EUR
CN-HAM01-004435,HAM01,PF-HAM01,AR00106,payfree,2026-02-03,1,2.0,7.8,EUR
CN-HAM01-004436,HAM01,PF-HAM01,AR00041,payfree,2026-02-03,1,1.0,3.3,EUR
CN-HAM01-004437,HAM01,SM-HAM01,AR00242,smart,2026-02-03,1,1.0,2.5,EUR
CN-HAM01-004438,HAM01,PF-HAM01,AR00196,payfree,2026-02-04,1,2.0,3.2,EUR
CN-HAM01-004439,HAM01,PF-HAM01,AR00204,payfree,2026-02-04,1,1.0,1.8,EUR
CN-HAM01-004440,HAM01,PF-HAM01,AR00005,payfree,2026-02-04,1,1.0,1.0,EUR
CN-HAM01-004441,HAM01,PF-HAM01,AR00323,payfree,2026-02-04,1,2.0,6.6,EUR
CN-HAM01-004442,HAM01,PF-HAM01,AR00377,payfree,2026-02-04,1,3.0,12.75,EUR
CN-HAM01-004443,HAM01,PF-HAM01,AR00387,payfree,2026-02-04,1,2.0,6.0,EUR
CN-HAM01-004444,HAM01,SM-HAM01,SM0015,smart,2026-02-04,1,3.0,11.85,EUR
CN-HAM01-004445,HAM01,SM-HAM01,AR00171,smart,2026-02-04,1,3.0,11.85,EUR
CN-HAM01-004446,HAM01,SM-HAM01,AR00081,smart,2026-02-04,1,2.0,5.0,EUR
CN-HAM01-004447,HAM01,SM-HAM01,AR00415,smart,2026-02-04,1,1.0,1.5,EUR
CN-HAM01-004448,HAM01,PF-HAM01,AR90035,payfree,2026-02-05,1,3.0,5.1,EUR
CN-HAM01-004449,HAM01,PF-HAM01,AR00138,payfree,2026-02-05,1,1.0,2.0,EUR
CN-HAM01-004450,HAM01,PF-HAM01,AR00021,payfree,2026-02-05,1,1.0,3.9,EUR
CN-HAM01-004451,HAM01,PF-HAM01,AR00279,payfree,2026-02-05,1,3.0,35.7,EUR
CN-HAM01-004452,HAM01,SM-HAM01,AR00185,smart,2026-02-05,1,3.0,6.75,EUR
CN-HAM01-004453,HAM01,SM-HAM01,AR00404,smart,2026-02-05,1,2.0,2.4,EUR
CN-HAM01-004454,HAM01,PF-HAM01,AR90020,payfree,2026-02-06,1,2.0,3.9,EUR
CN-HAM01-004455,HAM01,PF-HAM01,AR00113,payfree,2026-02-06,1,1.0,1.9,EUR
CN-HAM01-004456,HAM01,SM-HAM01,AR00456,smart,2026-02-06,1,1.0,11.5,EUR
CN-HAM01-004457,HAM01,MO-HAM01,AR00008,smart,2026-02-06,1,3.0,5.4,EUR
CN-HAM01-004458,HAM01,PF-HAM01,AR00271,payfree,2026-02-07,1,2.0,54.0,EUR
CN-HAM01-004459,HAM01,PF-HAM01,AR00178,payfree,2026-02-07,1,1.0,1.4,EUR
CN-HAM01-004460,HAM01,PF-HAM01,AR90008,payfree,2026-02-07,1,1.0,1.4,EUR
CN-HAM01-004461,HAM01,PF-HAM01,AR00415,payfree,2026-02-07,1,3.0,4.5,EUR
CN-HAM01-004462,HAM01,PF-HAM01,AR00098,payfree,2026-02-08,1,2.0,11.5,EUR
CN-HAM01-004463,HAM01,PF-HAM01,AR00120,payfree,2026-02-08,1,2.0,4.0,EUR
CN-HAM01-004464,HAM01,PF-HAM01,AR00061,payfree,2026-02-08,1,3.0,7.5,EUR
CN-HAM01-004465,HAM01,PF-HAM01,AR00371,payfree,2026-02-08,1,2.0,9.9,EUR
CN-HAM01-004466,HAM01,PF-HAM01,AR00090,payfree,2026-02-08,1,3.0,3.9,EUR
CN-HAM01-004467,HAM01,PF-HAM01,AR90002,payfree,2026-02-08,1,3.0,0.24,EUR
CN-HAM01-004468,HAM01,PF-HAM01,AR00417,payfree,2026-02-08,1,1.0,44.0,EUR
CN-HAM01-004469,HAM01,SM-HAM01,AR00317,smart,2026-02-08,1,1.0,2.5,EUR
CN-HAM01-004470,HAM01,SM-HAM01,AR90003,smart,2026-02-08,1,1.0,0.15,EUR
CN-HAM01-004471,HAM01,SM-HAM01,AR00420,smart,2026-02-08,1,3.0,7.8,EUR
CN-HAM01-004472,HAM01,PF-HAM01,AR00031,payfree,2026-02-09,1,1.0,1.5,EUR
CN-HAM01-004473,HAM01,PF-HAM01,AR00244,payfree,2026-02-09,1,1.0,2.5,EUR
CN-HAM01-004474,HAM01,PF-HAM01,AR00356,payfree,2026-02-09,1,3.0,16.5,EUR
CN-HAM01-004475,HAM01,PF-HAM01,AR00389,payfree,2026-02-09,1,2.0,11.0,EUR
CN-HAM01-004476,HAM01,PF-HAM01,AR00228,payfree,2026-02-09,1,1.0,6.9,EUR
CN-HAM01-004477,HAM01,PF-HAM01,AR00024,payfree,2026-02-09,1,2.0,5.0,EUR
CN-HAM01-004478,HAM01,SM-HAM01,AR00292,smart,2026-02-09,1,1.0,2.2,EUR
CN-HAM01-004479,HAM01,SM-HAM01,AR00038,smart,2026-02-09,1,1.0,4.95,EUR
CN-HAM01-004480,HAM01,SM-HAM01,AR00068,smart,2026-02-09,1,3.0,7.5,EUR
CN-HAM01-004481,HAM01,SM-HAM01,AR00194,smart,2026-02-09,1,1.0,1.8,EUR
CN-HAM01-004482,HAM01,PF-HAM01,AR00009,payfree,2026-02-10,1,2.0,2.0,EUR
CN-HAM01-004483,HAM01,PF-HAM01,AR00291,payfree,2026-02-10,1,1.0,2.2,EUR
CN-HAM01-004484,HAM01,PF-HAM01,AR00214,payfree,2026-02-10,1,1.0,1.0,EUR
CN-HAM01-004485,HAM01,PF-HAM01,AR00138,payfree,2026-02-10,1,2.0,4.0,EUR
CN-HAM01-004486,HAM01,PF-HAM01,AR00286,payfree,2026-02-10,1,2.0,2.4,EUR
CN-HAM01-004487,HAM01,PF-HAM01,AR00049,payfree,2026-02-10,1,1.0,8.9,EUR
CN-HAM01-004488,HAM01,SM-HAM01,AR00136,smart,2026-02-10,1,3.0,8.1,EUR
CN-HAM01-004489,HAM01,PF-HAM01,AR00059,payfree,2026-02-11,1,2.0,5.0,EUR
CN-HAM01-004490,HAM01,PF-HAM01,AR00383,payfree,2026-02-11,1,1.0,3.25,EUR
CN-HAM01-004491,HAM01,PF-HAM01,AR00038,payfree,2026-02-11,1,1.0,4.95,EUR
CN-HAM01-004492,HAM01,PF-HAM01,AR90021,payfree,2026-02-11,1,2.0,9.8,EUR
CN-HAM01-004493,HAM01,SM-HAM01,AR00157,smart,2026-02-11,1,2.0,7.6,EUR
CN-HAM01-004494,HAM01,PF-HAM01,AR00140,payfree,2026-02-12,1,3.0,8.7,EUR
CN-HAM01-004495,HAM01,PF-HAM01,SM0015,payfree,2026-02-12,1,3.0,11.85,EUR
CN-HAM01-004496,HAM01,PF-HAM01,AR00356,payfree,2026-02-12,1,1.0,5.5,EUR
CN-HAM01-004497,HAM01,PF-HAM01,AR00375,payfree,2026-02-12,1,2.0,9.9,EUR
CN-HAM01-004498,HAM01,PF-HAM01,AR00129,payfree,2026-02-12,1,3.0,4.2,EUR
CN-HAM01-004499,HAM01,PF-HAM01,AR00157,payfree,2026-02-12,1,3.0,11.4,EUR
CN-HAM01-004500,HAM01,PF-HAM01,AR00221,payfree,2026-02-12,1,2.0,2.0,EUR
CN-HAM01-004501,HAM01,PF-HAM01,AR00067,payfree,2026-02-12,1,1.0,2.5,EUR
CN-HAM01-004502,HAM01,PF-HAM01,AR00332,payfree,2026-02-12,1,1.0,2.25,EUR
CN-HAM01-004503,HAM01,SM-HAM01,AR00149,smart,2026-02-12,1,3.0,16.8,EUR
CN-HAM01-004504,HAM01,PF-HAM01,AR00289,payfree,2026-02-13,1,3.0,6.6,EUR
CN-HAM01-004505,HAM01,SM-HAM01,AR00165,smart,2026-02-13,1,2.0,7.6,EUR
CN-HAM01-004506,HAM01,SM-HAM01,AR00169,smart,2026-02-13,1,3.0,7.5,EUR
CN-HAM01-004507,HAM01,SM-HAM01,AR00381,smart,2026-02-13,1,3.0,11.25,EUR
CN-HAM01-004508,HAM01,SM-HAM01,AR00070,smart,2026-02-13,1,1.0,2.3,EUR
CN-HAM01-004509,HAM01,PF-HAM01,AR00126,payfree,2026-02-14,1,3.0,5.7,EUR
CN-HAM01-004510,HAM01,PF-HAM01,AR00389,payfree,2026-02-14,1,1.0,5.5,EUR
CN-HAM01-004511,HAM01,SM-HAM01,AR00403,smart,2026-02-14,1,2.0,2.4,EUR
CN-HAM01-004512,HAM01,SM-HAM01,AR00176,smart,2026-02-14,1,1.0,1.4,EUR
CN-HAM01-004513,HAM01,SM-HAM01,AR00332,smart,2026-02-14,1,3.0,6.75,EUR
CN-HAM01-004514,HAM01,SM-HAM01,AR00360,smart,2026-02-14,1,2.0,29.8,EUR
CN-HAM01-004515,HAM01,PF-HAM01,AR00018,payfree,2026-02-15,1,2.0,3.6,EUR
CN-HAM01-004516,HAM01,PF-HAM01,AR00301,payfree,2026-02-15,1,1.0,3.95,EUR
CN-HAM01-004517,HAM01,PF-HAM01,AR00059,payfree,2026-02-15,1,1.0,2.5,EUR
CN-HAM01-004518,HAM01,PF-HAM01,AR00417,payfree,2026-02-15,1,3.0,132.0,EUR
CN-HAM01-004519,HAM01,PF-HAM01,AR00166,payfree,2026-02-15,1,1.0,3.8,EUR
CN-HAM01-004520,HAM01,PF-HAM01,AR00306,payfree,2026-02-15,1,3.0,14.1,EUR
CN-HAM01-004521,HAM01,PF-HAM01,AR00282,payfree,2026-02-15,1,3.0,8.85,EUR
CN-HAM01-004522,HAM01,PF-HAM01,AR90033,payfree,2026-02-15,1,1.0,1.2,EUR
CN-HAM01-004523,HAM01,PF-HAM01,AR00001,payfree,2026-02-15,1,1.0,1.0,EUR
CN-HAM01-004524,HAM01,SM-HAM01,AR00390,smart,2026-02-15,1,3.0,132.0,EUR
CN-HAM01-004525,HAM01,MO-HAM01,AR00360,smart,2026-02-15,1,3.0,44.7,EUR
CN-HAM01-004526,HAM01,PF-HAM01,AR00015,payfree,2026-02-16,1,2.0,6.6,EUR
CN-HAM01-004527,HAM01,PF-HAM01,AR90040,payfree,2026-02-16,1,3.0,5.1,EUR
CN-HAM01-004528,HAM01,PF-HAM01,AR00285,payfree,2026-02-16,1,1.0,2.95,EUR
CN-HAM01-004529,HAM01,PF-HAM01,AR00397,payfree,2026-02-16,1,1.0,2.5,EUR
CN-HAM01-004530,HAM01,PF-HAM01,AR00280,payfree,2026-02-16,1,1.0,11.9,EUR
CN-HAM01-004531,HAM01,PF-HAM01,AR00213,payfree,2026-02-16,1,3.0,3.6,EUR
CN-HAM01-004532,HAM01,PF-HAM01,AR00021,payfree,2026-02-16,1,1.0,3.9,EUR
CN-HAM01-004533,HAM01,SM-HAM01,AR00002,smart,2026-02-16,1,1.0,0.5,EUR
CN-HAM01-004534,HAM01,SM-HAM01,AR90019,smart,2026-02-16,1,2.0,3.9,EUR
CN-HAM01-004535,HAM01,PF-HAM01,AR00134,payfree,2026-02-17,1,2.0,7.0,EUR
CN-HAM01-004536,HAM01,PF-HAM01,AR00306,payfree,2026-02-17,1,3.0,14.1,EUR
CN-HAM01-004537,HAM01,SM-HAM01,AR00442,smart,2026-02-17,1,3.0,7.47,EUR
CN-HAM01-004538,HAM01,SM-HAM01,AR00169,smart,2026-02-17,1,3.0,7.5,EUR
CN-HAM01-004539,HAM01,SM-HAM01,AR00033,smart,2026-02-17,1,1.0,3.45,EUR
CN-HAM01-004540,HAM01,PF-HAM01,AR00131,payfree,2026-02-18,1,2.0,13.8,EUR
CN-HAM01-004541,HAM01,PF-HAM01,AR00172,payfree,2026-02-18,1,3.0,11.85,EUR
CN-HAM01-004542,HAM01,SM-HAM01,AR00386,smart,2026-02-18,1,1.0,2.0,EUR
CN-HAM01-004543,HAM01,PF-HAM01,AR00212,payfree,2026-02-19,1,1.0,3.2,EUR
CN-HAM01-004544,HAM01,PF-HAM01,IKA011,payfree,2026-02-19,1,3.0,6.3,EUR
CN-HAM01-004545,HAM01,PF-HAM01,AR00011,payfree,2026-02-19,1,1.0,1.0,EUR
CN-HAM01-004546,HAM01,SM-HAM01,AR00082,smart,2026-02-19,1,2.0,5.8,EUR
CN-HAM01-004547,HAM01,PF-HAM01,AR90021,payfree,2026-02-20,1,2.0,9.8,EUR
CN-HAM01-004548,HAM01,PF-HAM01,AR90031,payfree,2026-02-20,1,2.0,2.4,EUR
CN-HAM01-004549,HAM01,PF-HAM01,AR00035,payfree,2026-02-20,1,2.0,5.0,EUR
CN-HAM01-004550,HAM01,SM-HAM01,AR90015,smart,2026-02-20,1,1.0,1.7,EUR
CN-HAM01-004551,HAM01,PF-HAM01,AR00186,payfree,2026-02-21,1,2.0,5.0,EUR
CN-HAM01-004552,HAM01,PF-HAM01,AR00220,payfree,2026-02-21,1,3.0,3.0,EUR
CN-HAM01-004553,HAM01,PF-HAM01,AR00119,payfree,2026-02-21,1,1.0,3.5,EUR
CN-HAM01-004554,HAM01,PF-HAM01,AR00013,payfree,2026-02-21,1,3.0,5.4,EUR
CN-HAM01-004555,HAM01,PF-HAM01,AR90030,payfree,2026-02-21,1,2.0,3.2,EUR
CN-HAM01-004556,HAM01,PF-HAM01,AR00178,payfree,2026-02-21,1,1.0,1.4,EUR
CN-HAM01-004557,HAM01,PF-HAM01,AR90053,payfree,2026-02-22,1,2.0,4.0,EUR
CN-HAM01-004558,HAM01,PF-HAM01,AR00163,payfree,2026-02-22,1,2.0,7.6,EUR
CN-HAM01-004559,HAM01,PF-HAM01,AR90055,payfree,2026-02-22,1,2.0,3.4,EUR
CN-HAM01-004560,HAM01,PF-HAM01,AR00376,payfree,2026-02-22,1,2.0,8.5,EUR
CN-HAM01-004561,HAM01,SM-HAM01,AR00186,smart,2026-02-22,1,2.0,5.0,EUR
CN-HAM01-004562,HAM01,SM-HAM01,AR00010,smart,2026-02-22,1,2.0,2.0,EUR
CN-HAM01-004563,HAM01,SM-HAM01,AR00185,smart,2026-02-22,1,3.0,6.75,EUR
CN-HAM01-004564,HAM01,PF-HAM01,AR00222,payfree,2026-02-23,1,1.0,1.0,EUR
CN-HAM01-004565,HAM01,PF-HAM01,AR90012,payfree,2026-02-23,1,2.0,3.4,EUR
CN-HAM01-004566,HAM01,PF-HAM01,AR00221,payfree,2026-02-23,1,3.0,3.0,EUR
CN-HAM01-004567,HAM01,PF-HAM01,AR00154,payfree,2026-02-23,1,1.0,3.2,EUR
CN-HAM01-004568,HAM01,SM-HAM01,SM0017,smart,2026-02-23,1,3.0,5.97,EUR
CN-HAM01-004569,HAM01,SM-HAM01,AR00331,smart,2026-02-23,1,2.0,39.0,EUR
CN-HAM01-004570,HAM01,SM-HAM01,AR00275,smart,2026-02-23,1,3.0,7.2,EUR
CN-HAM01-004571,HAM01,SM-HAM01,AR00074,smart,2026-02-23,1,3.0,6.0,EUR
CN-HAM01-004572,HAM01,PF-HAM01,AR00110,payfree,2026-02-24,1,2.0,7.0,EUR
CN-HAM01-004573,HAM01,MO-HAM01,AR00197,smart,2026-02-24,1,3.0,5.4,EUR
CN-HAM01-004574,HAM01,PF-HAM01,AR00066,payfree,2026-02-25,1,1.0,2.5,EUR
CN-HAM01-004575,HAM01,PF-HAM01,AR00243,payfree,2026-02-25,1,1.0,2.5,EUR
CN-HAM01-004576,HAM01,PF-HAM01,AR00018,payfree,2026-02-25,1,1.0,1.8,EUR
CN-HAM01-004577,HAM01,PF-HAM01,AR00175,payfree,2026-02-25,1,1.0,2.5,EUR
CN-HAM01-004578,HAM01,PF-HAM01,AR00050,payfree,2026-02-25,1,1.0,12.9,EUR
CN-HAM01-004579,HAM01,MO-HAM01,AR00198,smart,2026-02-25,1,3.0,6.0,EUR
CN-HAM01-004580,HAM01,PF-HAM01,AR90011,payfree,2026-02-26,1,2.0,3.4,EUR
CN-HAM01-004581,HAM01,PF-HAM01,AR90040,payfree,2026-02-26,1,2.0,3.4,EUR
CN-HAM01-004582,HAM01,PF-HAM01,AR00140,payfree,2026-02-26,1,2.0,5.8,EUR
CN-HAM01-004583,HAM01,PF-HAM01,AR00022,payfree,2026-02-26,1,2.0,7.8,EUR
CN-HAM01-004584,HAM01,PF-HAM01,AR00331,payfree,2026-02-26,1,3.0,58.5,EUR
CN-HAM01-004585,HAM01,PF-HAM01,AR00331,payfree,2026-02-26,1,3.0,58.5,EUR
CN-HAM01-004586,HAM01,PF-HAM01,IKA003,payfree,2026-02-27,1,3.0,6.6,EUR
CN-HAM01-004587,HAM01,PF-HAM01,AR00194,payfree,2026-02-27,1,2.0,3.6,EUR
CN-HAM01-004588,HAM01,SM-HAM01,AR00333,smart,2026-02-27,1,1.0,2.25,EUR
CN-HAM01-004589,HAM01,PF-HAM01,AR00010,payfree,2026-02-28,1,2.0,2.0,EUR
CN-HAM01-004590,HAM01,PF-HAM01,AR00053,payfree,2026-02-28,1,1.0,3.4,EUR
CN-HAM01-004591,HAM01,PF-HAM01,AR00271,payfree,2026-02-28,1,2.0,54.0,EUR
CN-HAM01-004592,HAM01,PF-HAM01,AR00024,payfree,2026-02-28,1,2.0,5.0,EUR
CN-HAM01-004593,HAM01,PF-HAM01,AR00070,payfree,2026-02-28,1,3.0,6.9,EUR
CN-HAM01-004594,HAM01,MO-HAM01,AR00074,smart,2026-02-28,1,3.0,6.0,EUR
CN-HAM01-004595,HAM01,PF-HAM01,AR00074,payfree,2026-03-01,1,1.0,2.0,EUR
CN-HAM01-004596,HAM01,PF-HAM01,AR00094,payfree,2026-03-01,1,1.0,0.3,EUR
CN-HAM01-004597,HAM01,PF-HAM01,AR00095,payfree,2026-03-01,1,3.0,7.8,EUR
CN-HAM01-004598,HAM01,SM-HAM01,SM0017,smart,2026-03-01,1,1.0,1.99,EUR
CN-HAM01-004599,HAM01,PF-HAM01,AR00203,payfree,2026-03-02,1,2.0,5.0,EUR
CN-HAM01-004600,HAM01,PF-HAM01,AR00060,payfree,2026-03-02,1,1.0,2.5,EUR
CN-HAM01-004601,HAM01,PF-HAM01,AR00365,payfree,2026-03-02,1,3.0,11.25,EUR
CN-HAM01-004602,HAM01,PF-HAM01,AR00070,payfree,2026-03-02,1,1.0,2.3,EUR
CN-HAM01-004603,HAM01,PF-HAM01,AR90025,payfree,2026-03-02,1,1.0,1.2,EUR
CN-HAM01-004604,HAM01,SM-HAM01,AR00070,smart,2026-03-02,1,3.0,6.9,EUR
CN-HAM01-004605,HAM01,SM-HAM01,AR00081,smart,2026-03-02,1,2.0,5.0,EUR
CN-HAM01-004606,HAM01,SM-HAM01,AR00002,smart,2026-03-02,1,1.0,0.5,EUR
CN-HAM01-004607,HAM01,PF-HAM01,AR00376,payfree,2026-03-03,1,1.0,4.25,EUR
CN-HAM01-004608,HAM01,PF-HAM01,AR00219,payfree,2026-03-03,1,2.0,3.8,EUR
CN-HAM01-004609,HAM01,PF-HAM01,AR00346,payfree,2026-03-03,1,1.0,3.9,EUR
CN-HAM01-004610,HAM01,PF-HAM01,SM0015,payfree,2026-03-03,1,3.0,11.85,EUR
CN-HAM01-004611,HAM01,PF-HAM01,AR00029,payfree,2026-03-03,1,3.0,10.5,EUR
CN-HAM01-004612,HAM01,PF-HAM01,AR00147,payfree,2026-03-03,1,2.0,9.8,EUR
CN-HAM01-004613,HAM01,PF-HAM01,AR00376,payfree,2026-03-03,1,2.0,8.5,EUR
CN-HAM01-004614,HAM01,SM-HAM01,AR00006,smart,2026-03-03,1,3.0,5.4,EUR
CN-HAM01-004615,HAM01,SM-HAM01,AR00013,smart,2026-03-03,1,1.0,1.8,EUR
CN-HAM01-004616,HAM01,SM-HAM01,AR00306,smart,2026-03-03,1,3.0,14.1,EUR
CN-HAM01-004617,HAM01,SM-HAM01,AR00406,smart,2026-03-03,1,2.0,6.4,EUR
CN-HAM01-004618,HAM01,PF-HAM01,AR00210,payfree,2026-03-04,1,2.0,2.4,EUR
CN-HAM01-004619,HAM01,PF-HAM01,AR00397,payfree,2026-03-04,1,2.0,5.0,EUR
CN-HAM01-004620,HAM01,PF-HAM01,AR90012,payfree,2026-03-04,1,1.0,1.7,EUR
CN-HAM01-004621,HAM01,PF-HAM01,AR00419,payfree,2026-03-04,1,3.0,132.0,EUR
CN-HAM01-004622,HAM01,PF-HAM01,AR00166,payfree,2026-03-04,1,1.0,3.8,EUR
CN-HAM01-004623,HAM01,SM-HAM01,AR00005,smart,2026-03-04,1,3.0,3.0,EUR
CN-HAM01-004624,HAM01,PF-HAM01,AR90027,payfree,2026-03-05,1,1.0,1.6,EUR
CN-HAM01-004625,HAM01,PF-HAM01,AR00096,payfree,2026-03-05,1,3.0,11.85,EUR
CN-HAM01-004626,HAM01,PF-HAM01,AR00135,payfree,2026-03-06,1,1.0,3.5,EUR
CN-HAM01-004627,HAM01,PF-HAM01,AR00006,payfree,2026-03-06,1,3.0,5.4,EUR
CN-HAM01-004628,HAM01,PF-HAM01,AR00002,payfree,2026-03-06,1,2.0,1.0,EUR
CN-HAM01-004629,HAM01,PF-HAM01,AR90019,payfree,2026-03-06,1,2.0,3.9,EUR
CN-HAM01-004630,HAM01,PF-HAM01,AR00397,payfree,2026-03-06,1,2.0,5.0,EUR
CN-HAM01-004631,HAM01,PF-HAM01,AR00169,payfree,2026-03-06,1,2.0,5.0,EUR
CN-HAM01-004632,HAM01,PF-HAM01,AR00056,payfree,2026-03-06,1,1.0,2.5,EUR
CN-HAM01-004633,HAM01,PF-HAM01,AR00220,payfree,2026-03-06,1,3.0,3.0,EUR
CN-HAM01-004634,HAM01,PF-HAM01,AR00214,payfree,2026-03-07,1,3.0,3.0,EUR
CN-HAM01-004635,HAM01,PF-HAM01,AR00331,payfree,2026-03-07,1,3.0,58.5,EUR
CN-HAM01-004636,HAM01,PF-HAM01,AR00349,payfree,2026-03-07,1,3.0,19.8,EUR
CN-HAM01-004637,HAM01,SM-HAM01,AR00104,smart,2026-03-07,1,1.0,2.6,EUR
CN-HAM01-004638,HAM01,SM-HAM01,AR00114,smart,2026-03-07,1,3.0,4.2,EUR
CN-HAM01-004639,HAM01,SM-HAM01,AR00065,smart,2026-03-07,1,2.0,5.0,EUR
CN-HAM01-004640,HAM01,PF-HAM01,AR00270,payfree,2026-03-08,1,1.0,2.5,EUR
CN-HAM01-004641,HAM01,PF-HAM01,AR90029,payfree,2026-03-08,1,3.0,4.8,EUR
CN-HAM01-004642,HAM01,SM-HAM01,AR00071,smart,2026-03-09,1,2.0,5.8,EUR
CN-HAM01-004643,HAM01,SM-HAM01,AR00033,smart,2026-03-09,1,1.0,3.45,EUR
CN-HAM01-004644,HAM01,SM-HAM01,AR00049,smart,2026-03-10,1,3.0,26.7,EUR
CN-HAM01-004645,HAM01,SM-HAM01,AR00080,smart,2026-03-10,1,2.0,5.0,EUR
CN-HAM01-004646,HAM01,PF-HAM01,AR00019,payfree,2026-03-11,1,3.0,5.4,EUR
CN-HAM01-004647,HAM01,PF-HAM01,AR00022,payfree,2026-03-11,1,1.0,3.9,EUR
CN-HAM01-004648,HAM01,SM-HAM01,AR00322,smart,2026-03-11,1,3.0,3.6,EUR
CN-HAM01-004649,HAM01,SM-HAM01,AR00394,smart,2026-03-11,1,3.0,8.7,EUR
CN-HAM01-004650,HAM01,PF-HAM01,AR00068,payfree,2026-03-12,1,2.0,5.0,EUR
CN-HAM01-004651,HAM01,PF-HAM01,AR90050,payfree,2026-03-12,1,2.0,3.2,EUR
CN-HAM01-004652,HAM01,SM-HAM01,AR00133,smart,2026-03-12,1,2.0,7.0,EUR
CN-HAM01-004653,HAM01,SM-HAM01,AR00392,smart,2026-03-13,1,3.0,8.25,EUR
CN-HAM01-004654,HAM01,SM-HAM01,AR00049,smart,2026-03-13,1,3.0,26.7,EUR
CN-HAM01-004655,HAM01,SM-HAM01,AR00154,smart,2026-03-13,1,3.0,9.6,EUR
CN-HAM01-004656,HAM01,SM-HAM01,AR00086,smart,2026-03-13,1,2.0,9.9,EUR
CN-HAM01-004657,HAM01,PF-HAM01,AR00188,payfree,2026-03-14,1,2.0,3.6,EUR
CN-HAM01-004658,HAM01,PF-HAM01,SM0015,payfree,2026-03-14,1,1.0,3.95,EUR
CN-HAM01-004659,HAM01,PF-HAM01,AR00402,payfree,2026-03-14,1,1.0,1.2,EUR
CN-HAM01-004660,HAM01,PF-HAM01,AR00081,payfree,2026-03-14,1,3.0,7.5,EUR
CN-HAM01-004661,HAM01,PF-HAM01,AR00090,payfree,2026-03-14,1,1.0,1.3,EUR
CN-HAM01-004662,HAM01,PF-HAM01,AR00274,payfree,2026-03-14,1,2.0,4.8,EUR
CN-HAM01-004663,HAM01,SM-HAM01,AR00010,smart,2026-03-14,1,1.0,1.0,EUR
CN-HAM01-004664,HAM01,SM-HAM01,AR00213,smart,2026-03-14,1,2.0,2.4,EUR
CN-HAM01-004665,HAM01,SM-HAM01,AR00236,smart,2026-03-14,1,2.0,32.0,EUR
CN-HAM01-004666,HAM01,MO-HAM01,AR00229,smart,2026-03-14,1,1.0,15.0,EUR
CN-HAM01-004667,HAM01,PF-HAM01,AR00143,payfree,2026-03-15,1,2.0,5.9,EUR
CN-HAM01-004668,HAM01,PF-HAM01,AR00365,payfree,2026-03-15,1,3.0,11.25,EUR
CN-HAM01-004669,HAM01,SM-HAM01,AR00230,smart,2026-03-15,1,2.0,34.0,EUR
CN-HAM01-004670,HAM01,PF-HAM01,AR00056,payfree,2026-03-16,1,3.0,7.5,EUR
CN-HAM01-004671,HAM01,PF-HAM01,AR00201,payfree,2026-03-16,1,3.0,81.0,EUR
CN-HAM01-004672,HAM01,PF-HAM01,AR00291,payfree,2026-03-16,1,3.0,6.6,EUR
CN-HAM01-004673,HAM01,PF-HAM01,AR00185,payfree,2026-03-16,1,3.0,6.75,EUR
CN-HAM01-004674,HAM01,SM-HAM01,AR90036,smart,2026-03-16,1,1.0,1.7,EUR
CN-HAM01-004675,HAM01,SM-HAM01,AR00059,smart,2026-03-16,1,2.0,5.0,EUR
CN-HAM01-004676,HAM01,SM-HAM01,AR00218,smart,2026-03-16,1,1.0,1.9,EUR
CN-HAM01-004677,HAM01,PF-HAM01,AR90050,payfree,2026-03-17,1,2.0,3.2,EUR
CN-HAM01-004678,HAM01,PF-HAM01,AR00088,payfree,2026-03-17,1,1.0,2.2,EUR
CN-HAM01-004679,HAM01,PF-HAM01,AR00060,payfree,2026-03-17,1,2.0,5.0,EUR
CN-HAM01-004680,HAM01,PF-HAM01,AR00271,payfree,2026-03-17,1,3.0,81.0,EUR
CN-HAM01-004681,HAM01,SM-HAM01,AR00303,smart,2026-03-17,1,2.0,11.3,EUR
CN-HAM01-004682,HAM01,SM-HAM01,AR00242,smart,2026-03-17,1,2.0,5.0,EUR
CN-HAM01-004683,HAM01,SM-HAM01,AR00133,smart,2026-03-17,1,1.0,3.5,EUR
CN-HAM01-004684,HAM01,SM-HAM01,AR00454,smart,2026-03-17,1,1.0,2.9,EUR
CN-HAM01-004685,HAM01,MO-HAM01,AR00406,smart,2026-03-17,1,2.0,6.4,EUR
CN-HAM01-004686,HAM01,PF-HAM01,AR00158,payfree,2026-03-18,1,1.0,3.8,EUR
CN-HAM01-004687,HAM01,PF-HAM01,AR00076,payfree,2026-03-18,1,3.0,16.5,EUR
CN-HAM01-004688,HAM01,SM-HAM01,AR00398,smart,2026-03-18,1,2.0,4.7,EUR
CN-HAM01-004689,HAM01,SM-HAM01,AR00143,smart,2026-03-18,1,2.0,5.9,EUR
CN-HAM01-004690,HAM01,SM-HAM01,AR00053,smart,2026-03-18,1,2.0,6.8,EUR
CN-HAM01-004691,HAM01,PF-HAM01,AR00390,payfree,2026-03-19,1,3.0,132.0,EUR
CN-HAM01-004692,HAM01,PF-HAM01,AR00177,payfree,2026-03-19,1,1.0,1.4,EUR
CN-HAM01-004693,HAM01,PF-HAM01,AR00416,payfree,2026-03-19,1,3.0,6.0,EUR
CN-HAM01-004694,HAM01,PF-HAM01,AR00008,payfree,2026-03-19,1,3.0,5.4,EUR
CN-HAM01-004695,HAM01,PF-HAM01,AR00070,payfree,2026-03-19,1,1.0,2.3,EUR
CN-HAM01-004696,HAM01,PF-HAM01,AR00244,payfree,2026-03-19,1,1.0,2.5,EUR
CN-HAM01-004697,HAM01,PF-HAM01,AR90055,payfree,2026-03-19,1,3.0,5.1,EUR
CN-HAM01-004698,HAM01,PF-HAM01,AR00113,payfree,2026-03-19,1,3.0,5.7,EUR
CN-HAM01-004699,HAM01,SM-HAM01,AR00154,smart,2026-03-19,1,2.0,6.4,EUR
CN-HAM01-004700,HAM01,PF-HAM01,AR00132,payfree,2026-03-20,1,2.0,13.8,EUR
CN-HAM01-004701,HAM01,PF-HAM01,AR00236,payfree,2026-03-20,1,2.0,32.0,EUR
CN-HAM01-004702,HAM01,PF-HAM01,AR00194,payfree,2026-03-20,1,1.0,1.8,EUR
CN-HAM01-004703,HAM01,PF-HAM01,AR00069,payfree,2026-03-20,1,2.0,5.0,EUR
CN-HAM01-004704,HAM01,PF-HAM01,AR00242,payfree,2026-03-20,1,1.0,2.5,EUR
CN-HAM01-004705,HAM01,SM-HAM01,AR90028,smart,2026-03-20,1,2.0,3.2,EUR
CN-HAM01-004706,HAM01,SM-HAM01,AR90041,smart,2026-03-20,1,1.0,1.7,EUR
CN-HAM01-004707,HAM01,PF-HAM01,AR00069,payfree,2026-03-21,1,3.0,7.5,EUR
CN-HAM01-004708,HAM01,PF-HAM01,AR90004,payfree,2026-03-21,1,2.0,0.5,EUR
CN-HAM01-004709,HAM01,PF-HAM01,AR00243,payfree,2026-03-21,1,1.0,2.5,EUR
CN-HAM01-004710,HAM01,PF-HAM01,AR00333,payfree,2026-03-21,1,1.0,2.25,EUR
CN-HAM01-004711,HAM01,SM-HAM01,AR00395,smart,2026-03-21,1,2.0,5.0,EUR
CN-HAM01-004712,HAM01,PF-HAM01,AR00018,payfree,2026-03-22,1,3.0,5.4,EUR
CN-HAM01-004713,HAM01,PF-HAM01,AR90012,payfree,2026-03-23,1,3.0,5.1,EUR
CN-HAM01-004714,HAM01,PF-HAM01,AR00098,payfree,2026-03-23,1,1.0,5.75,EUR
CN-HAM01-004715,HAM01,PF-HAM01,AR00021,payfree,2026-03-23,1,2.0,7.8,EUR
CN-HAM01-004716,HAM01,SM-HAM01,AR00285,smart,2026-03-23,1,2.0,5.9,EUR
CN-HAM01-004717,HAM01,SM-HAM01,AR00376,smart,2026-03-23,1,2.0,8.5,EUR
CN-HAM01-004718,HAM01,SM-HAM01,AR00231,smart,2026-03-23,1,2.0,7.9,EUR
CN-HAM01-004719,HAM01,PF-HAM01,AR00015,payfree,2026-03-24,1,1.0,3.3,EUR
CN-HAM01-004720,HAM01,PF-HAM01,AR90037,payfree,2026-03-24,1,1.0,1.5,EUR
CN-HAM01-004721,HAM01,PF-HAM01,AR00010,payfree,2026-03-24,1,2.0,2.0,EUR
CN-HAM01-004722,HAM01,PF-HAM01,AR00053,payfree,2026-03-24,1,3.0,10.2,EUR
CN-HAM01-004723,HAM01,PF-HAM01,AR00278,payfree,2026-03-24,1,2.0,23.8,EUR
CN-HAM01-004724,HAM01,PF-HAM01,AR00275,payfree,2026-03-24,1,1.0,2.4,EUR
CN-HAM01-004725,HAM01,PF-HAM01,AR00214,payfree,2026-03-24,1,1.0,1.0,EUR
CN-HAM01-004726,HAM01,SM-HAM01,AR00280,smart,2026-03-25,1,1.0,11.9,EUR
CN-HAM01-004727,HAM01,PF-HAM01,AR00441,payfree,2026-03-26,1,1.0,2.79,EUR
CN-HAM01-004728,HAM01,PF-HAM01,AR00319,payfree,2026-03-26,1,1.0,1.2,EUR
CN-HAM01-004729,HAM01,PF-HAM01,AR00015,payfree,2026-03-26,1,2.0,6.6,EUR
CN-HAM01-004730,HAM01,PF-HAM01,AR00373,payfree,2026-03-26,1,1.0,4.95,EUR
CN-HAM01-004731,HAM01,SM-HAM01,AR00018,smart,2026-03-26,1,3.0,5.4,EUR
CN-HAM01-004732,HAM01,SM-HAM01,AR00376,smart,2026-03-26,1,3.0,12.75,EUR
CN-HAM01-004733,HAM01,PF-HAM01,AR00403,payfree,2026-03-27,1,3.0,3.6,EUR
CN-HAM01-004734,HAM01,PF-HAM01,AR00187,payfree,2026-03-27,1,3.0,7.5,EUR
CN-HAM01-004735,HAM01,PF-HAM01,AR00196,payfree,2026-03-27,1,1.0,1.6,EUR
CN-HAM01-004736,HAM01,PF-HAM01,AR00203,payfree,2026-03-27,1,1.0,2.5,EUR
CN-HAM01-004737,HAM01,PF-HAM01,AR00054,payfree,2026-03-27,1,1.0,1.0,EUR
CN-HAM01-004738,HAM01,SM-HAM01,AR00454,smart,2026-03-27,1,3.0,8.7,EUR
CN-HAM01-004739,HAM01,SM-HAM01,AR90015,smart,2026-03-27,1,1.0,1.7,EUR
CN-HAM01-004740,HAM01,MO-HAM01,AR00190,smart,2026-03-27,1,2.0,3.0,EUR
CN-HAM01-004741,HAM01,PF-HAM01,AR90019,payfree,2026-03-28,1,2.0,3.9,EUR
CN-HAM01-004742,HAM01,PF-HAM01,AR00188,payfree,2026-03-28,1,1.0,1.8,EUR
CN-HAM01-004743,HAM01,PF-HAM01,AR00434,payfree,2026-03-28,1,2.0,7.78,EUR
CN-HAM01-004744,HAM01,PF-HAM01,AR00060,payfree,2026-03-28,1,2.0,5.0,EUR
CN-HAM01-004745,HAM01,PF-HAM01,AR00055,payfree,2026-03-28,1,1.0,2.5,EUR
CN-HAM01-004746,HAM01,PF-HAM01,AR00070,payfree,2026-03-28,1,2.0,4.6,EUR
CN-HAM01-004747,HAM01,SM-HAM01,AR00398,smart,2026-03-28,1,1.0,2.35,EUR
CN-HAM01-004748,HAM01,SM-HAM01,AR00117,smart,2026-03-28,1,3.0,6.3,EUR
CN-HAM01-004749,HAM01,PF-HAM01,AR00108,payfree,2026-03-29,1,1.0,3.0,EUR
CN-HAM01-004750,HAM01,PF-HAM01,AR00229,payfree,2026-03-29,1,2.0,30.0,EUR
CN-HAM01-004751,HAM01,PF-HAM01,AR00064,payfree,2026-03-29,1,3.0,7.5,EUR
CN-HAM01-004752,HAM01,PF-HAM01,AR00349,payfree,2026-03-29,1,2.0,13.2,EUR
CN-HAM01-004753,HAM01,SM-HAM01,AR00142,smart,2026-03-29,1,3.0,5.4,EUR
CN-HAM01-004754,HAM01,SM-HAM01,AR00153,smart,2026-03-29,1,3.0,10.5,EUR
CN-HAM01-004755,HAM01,PF-HAM01,AR00289,payfree,2026-03-30,1,2.0,4.4,EUR
CN-HAM01-004756,HAM01,PF-HAM01,AR00321,payfree,2026-03-30,1,1.0,1.2,EUR
CN-HAM01-004757,HAM01,PF-HAM01,AR00221,payfree,2026-03-31,1,1.0,1.0,EUR
CN-HAM01-004758,HAM01,PF-HAM01,AR00086,payfree,2026-03-31,1,3.0,14.85,EUR
CN-HAM01-004759,HAM01,PF-HAM01,AR00147,payfree,2026-04-01,1,2.0,9.8,EUR
CN-HAM01-004760,HAM01,PF-HAM01,AR90003,payfree,2026-04-01,1,1.0,0.15,EUR
CN-HAM01-004761,HAM01,PF-HAM01,AR00088,payfree,2026-04-01,1,1.0,2.2,EUR
CN-HAM01-004762,HAM01,PF-HAM01,AR90018,payfree,2026-04-01,1,3.0,5.85,EUR
CN-HAM01-004763,HAM01,PF-HAM01,AR00222,payfree,2026-04-01,1,3.0,3.0,EUR
CN-HAM01-004764,HAM01,PF-HAM01,AR90021,payfree,2026-04-01,1,1.0,4.9,EUR
CN-HAM01-004765,HAM01,PF-HAM01,AR00376,payfree,2026-04-01,1,1.0,4.25,EUR
CN-HAM01-004766,HAM01,PF-HAM01,AR90029,payfree,2026-04-02,1,3.0,4.8,EUR
CN-HAM01-004767,HAM01,PF-HAM01,AR90014,payfree,2026-04-02,1,3.0,5.1,EUR
CN-HAM01-004768,HAM01,PF-HAM01,AR00120,payfree,2026-04-02,1,1.0,2.0,EUR
CN-HAM01-004769,HAM01,SM-HAM01,AR00360,smart,2026-04-02,1,2.0,29.8,EUR
CN-HAM01-004770,HAM01,SM-HAM01,AR00004,smart,2026-04-02,1,2.0,1.0,EUR
CN-HAM01-004771,HAM01,PF-HAM01,AR00373,payfree,2026-04-04,1,3.0,14.85,EUR
CN-HAM01-004772,HAM01,PF-HAM01,AR00166,payfree,2026-04-04,1,3.0,11.4,EUR
CN-HAM01-004773,HAM01,PF-HAM01,AR00146,payfree,2026-04-04,1,1.0,3.95,EUR
CN-HAM01-004774,HAM01,PF-HAM01,AR90016,payfree,2026-04-04,1,2.0,3.4,EUR
CN-HAM01-004775,HAM01,PF-HAM01,AR90031,payfree,2026-04-04,1,2.0,2.4,EUR
CN-HAM01-004776,HAM01,PF-HAM01,AR00011,payfree,2026-04-04,1,1.0,1.0,EUR
CN-HAM01-004777,HAM01,PF-HAM01,AR00392,payfree,2026-04-04,1,3.0,8.25,EUR
CN-HAM01-004778,HAM01,PF-HAM01,AR00332,payfree,2026-04-04,1,2.0,4.5,EUR
CN-HAM01-004779,HAM01,PF-HAM01,AR00222,payfree,2026-04-04,1,1.0,1.0,EUR
CN-HAM01-004780,HAM01,SM-HAM01,AR00399,smart,2026-04-04,1,2.0,5.5,EUR
CN-HAM01-004781,HAM01,PF-HAM01,AR00022,payfree,2026-04-05,1,2.0,7.8,EUR
CN-HAM01-004782,HAM01,PF-HAM01,AR00098,payfree,2026-04-05,1,2.0,11.5,EUR
CN-HAM01-004783,HAM01,PF-HAM01,AR00071,payfree,2026-04-05,1,2.0,5.8,EUR
CN-HAM01-004784,HAM01,SM-HAM01,AR90002,smart,2026-04-05,1,3.0,0.24,EUR
CN-HAM01-004785,HAM01,SM-HAM01,AR00203,smart,2026-04-05,1,3.0,7.5,EUR
CN-HAM01-004786,HAM01,PF-HAM01,AR00024,payfree,2026-04-06,1,2.0,5.0,EUR
CN-HAM01-004787,HAM01,PF-HAM01,AR00070,payfree,2026-04-06,1,3.0,6.9,EUR
CN-HAM01-004788,HAM01,PF-HAM01,AR00397,payfree,2026-04-06,1,2.0,5.0,EUR
CN-HAM01-004789,HAM01,PF-HAM01,AR90002,payfree,2026-04-06,1,3.0,0.24,EUR
CN-HAM01-004790,HAM01,PF-HAM01,AR00164,payfree,2026-04-06,1,1.0,3.8,EUR
CN-HAM01-004791,HAM01,PF-HAM01,AR00188,payfree,2026-04-06,1,1.0,1.8,EUR
CN-HAM01-004792,HAM01,PF-HAM01,AR00271,payfree,2026-04-06,1,2.0,54.0,EUR
CN-HAM01-004793,HAM01,PF-HAM01,AR00381,payfree,2026-04-06,1,1.0,3.75,EUR
CN-HAM01-004794,HAM01,SM-HAM01,AR00271,smart,2026-04-06,1,2.0,54.0,EUR
CN-HAM01-004795,HAM01,SM-HAM01,AR00137,smart,2026-04-06,1,2.0,5.4,EUR
CN-HAM01-004796,HAM01,PF-HAM01,AR00288,payfree,2026-04-07,1,2.0,4.8,EUR
CN-HAM01-004797,HAM01,PF-HAM01,AR00146,payfree,2026-04-07,1,1.0,3.95,EUR
CN-HAM01-004798,HAM01,PF-HAM01,AR00118,payfree,2026-04-07,1,2.0,5.9,EUR
CN-HAM01-004799,HAM01,PF-HAM01,AR00108,payfree,2026-04-07,1,2.0,6.0,EUR
CN-HAM01-004800,HAM01,PF-HAM01,AR00399,payfree,2026-04-07,1,2.0,5.5,EUR
CN-HAM01-004801,HAM01,SM-HAM01,AR00061,smart,2026-04-07,1,3.0,7.5,EUR
CN-HAM01-004802,HAM01,PF-HAM01,AR00156,payfree,2026-04-08,1,2.0,7.9,EUR
CN-HAM01-004803,HAM01,PF-HAM01,AR00059,payfree,2026-04-08,1,1.0,2.5,EUR
CN-HAM01-004804,HAM01,PF-HAM01,AR00019,payfree,2026-04-08,1,3.0,5.4,EUR
CN-HAM01-004805,HAM01,PF-HAM01,AR00056,payfree,2026-04-08,1,3.0,7.5,EUR
CN-HAM01-004806,HAM01,PF-HAM01,AR00229,payfree,2026-04-08,1,1.0,15.0,EUR
CN-HAM01-004807,HAM01,PF-HAM01,SM0014,payfree,2026-04-08,1,2.0,1.98,EUR
CN-HAM01-004808,HAM01,PF-HAM01,AR90006,payfree,2026-04-08,1,2.0,2.8,EUR
CN-HAM01-004809,HAM01,PF-HAM01,AR00288,payfree,2026-04-08,1,2.0,4.8,EUR
CN-HAM01-004810,HAM01,SM-HAM01,AR00064,smart,2026-04-08,1,3.0,7.5,EUR
CN-HAM01-004811,HAM01,SM-HAM01,AR00280,smart,2026-04-08,1,2.0,23.8,EUR
CN-HAM01-004812,HAM01,SM-HAM01,AR90028,smart,2026-04-08,1,2.0,3.2,EUR
CN-HAM01-004813,HAM01,SM-HAM01,AR00035,smart,2026-04-08,1,1.0,2.5,EUR
CN-HAM01-004814,HAM01,MO-HAM01,AR00081,smart,2026-04-08,1,1.0,2.5,EUR
CN-HAM01-004815,HAM01,PF-HAM01,AR00163,payfree,2026-04-09,1,3.0,11.4,EUR
CN-HAM01-004816,HAM01,PF-HAM01,AR00386,payfree,2026-04-09,1,1.0,2.0,EUR
CN-HAM01-004817,HAM01,SM-HAM01,AR00178,smart,2026-04-09,1,2.0,2.8,EUR
CN-HAM01-004818,HAM01,SM-HAM01,AR00010,smart,2026-04-09,1,3.0,3.0,EUR
CN-HAM01-004819,HAM01,SM-HAM01,AR00188,smart,2026-04-09,1,3.0,5.4,EUR
CN-HAM01-004820,HAM01,SM-HAM01,AR00142,smart,2026-04-09,1,3.0,5.4,EUR
CN-HAM01-004821,HAM01,MO-HAM01,AR00356,smart,2026-04-09,1,1.0,5.5,EUR
CN-HAM01-004822,HAM01,PF-HAM01,AR00426,payfree,2026-04-10,1,1.0,2.5,EUR
CN-HAM01-004823,HAM01,PF-HAM01,AR00006,payfree,2026-04-10,1,3.0,5.4,EUR
CN-HAM01-004824,HAM01,PF-HAM01,AR00008,payfree,2026-04-10,1,2.0,3.6,EUR
CN-HAM01-004825,HAM01,PF-HAM01,AR00069,payfree,2026-04-10,1,1.0,2.5,EUR
CN-HAM01-004826,HAM01,PF-HAM01,AR90054,payfree,2026-04-10,1,3.0,5.1,EUR
CN-HAM01-004827,HAM01,PF-HAM01,AR00109,payfree,2026-04-10,1,3.0,6.0,EUR
CN-HAM01-004828,HAM01,PF-HAM01,AR00219,payfree,2026-04-10,1,2.0,3.8,EUR
CN-HAM01-004829,HAM01,PF-HAM01,AR00417,payfree,2026-04-10,1,1.0,44.0,EUR
CN-HAM01-004830,HAM01,PF-HAM01,AR00177,payfree,2026-04-10,1,1.0,1.4,EUR
CN-HAM01-004831,HAM01,SM-HAM01,AR90054,smart,2026-04-10,1,1.0,1.7,EUR
CN-HAM01-004832,HAM01,SM-HAM01,AR00448,smart,2026-04-10,1,2.0,7.78,EUR
CN-HAM01-004833,HAM01,SM-HAM01,AR90003,smart,2026-04-10,1,3.0,0.45,EUR
CN-HAM01-004834,HAM01,SM-HAM01,AR00331,smart,2026-04-10,1,1.0,19.5,EUR
CN-HAM01-004835,HAM01,SM-HAM01,AR90037,smart,2026-04-11,1,1.0,1.5,EUR
CN-HAM01-004836,HAM01,SM-HAM01,AR90034,smart,2026-04-11,1,1.0,1.7,EUR
CN-HAM01-004837,HAM01,SM-HAM01,AR00094,smart,2026-04-11,1,3.0,0.9,EUR
CN-HAM01-004838,HAM01,PF-HAM01,SM0018,payfree,2026-04-12,1,3.0,11.85,EUR
CN-HAM01-004839,HAM01,PF-HAM01,AR00088,payfree,2026-04-12,1,1.0,2.2,EUR
CN-HAM01-004840,HAM01,PF-HAM01,AR00158,payfree,2026-04-12,1,1.0,3.8,EUR
CN-HAM01-004841,HAM01,PF-HAM01,AR00001,payfree,2026-04-12,1,2.0,2.0,EUR
CN-HAM01-004842,HAM01,PF-HAM01,AR00134,payfree,2026-04-12,1,1.0,3.5,EUR
CN-HAM01-004843,HAM01,PF-HAM01,AR00084,payfree,2026-04-12,1,2.0,4.0,EUR
CN-HAM01-004844,HAM01,PF-HAM01,AR00163,payfree,2026-04-12,1,3.0,11.4,EUR
CN-HAM01-004845,HAM01,PF-HAM01,AR00419,payfree,2026-04-12,1,3.0,132.0,EUR
CN-HAM01-004846,HAM01,SM-HAM01,AR00104,smart,2026-04-12,1,3.0,7.8,EUR
CN-HAM01-004847,HAM01,SM-HAM01,AR00219,smart,2026-04-12,1,3.0,5.7,EUR
CN-HAM01-004848,HAM01,PF-HAM01,AR00113,payfree,2026-04-13,1,3.0,5.7,EUR
CN-HAM01-004849,HAM01,PF-HAM01,AR00394,payfree,2026-04-13,1,2.0,5.8,EUR
CN-HAM01-004850,HAM01,PF-HAM01,AR00027,payfree,2026-04-13,1,2.0,2.4,EUR
CN-HAM01-004851,HAM01,PF-HAM01,AR90051,payfree,2026-04-13,1,1.0,1.6,EUR
CN-HAM01-004852,HAM01,PF-HAM01,AR00401,payfree,2026-04-13,1,2.0,2.4,EUR
CN-HAM01-004853,HAM01,PF-HAM01,AR00190,payfree,2026-04-13,1,3.0,4.5,EUR
CN-HAM01-004854,HAM01,PF-HAM01,AR00023,payfree,2026-04-13,1,1.0,1.8,EUR
CN-HAM01-004855,HAM01,PF-HAM01,AR00212,payfree,2026-04-13,1,1.0,3.2,EUR
CN-HAM01-004856,HAM01,PF-HAM01,AR00324,payfree,2026-04-13,1,1.0,3.3,EUR
CN-HAM01-004857,HAM01,PF-HAM01,AR00290,payfree,2026-04-14,1,2.0,4.4,EUR
CN-HAM01-004858,HAM01,PF-HAM01,AR00406,payfree,2026-04-14,1,3.0,9.6,EUR
CN-HAM01-004859,HAM01,PF-HAM01,AR00101,payfree,2026-04-14,1,2.0,3.8,EUR
CN-HAM01-004860,HAM01,PF-HAM01,AR00090,payfree,2026-04-14,1,2.0,2.6,EUR
CN-HAM01-004861,HAM01,PF-HAM01,AR00434,payfree,2026-04-14,1,1.0,3.89,EUR
CN-HAM01-004862,HAM01,PF-HAM01,AR00454,payfree,2026-04-14,1,3.0,8.7,EUR
CN-HAM01-004863,HAM01,PF-HAM01,AR00076,payfree,2026-04-14,1,2.0,11.0,EUR
CN-HAM01-004864,HAM01,SM-HAM01,AR00062,smart,2026-04-14,1,3.0,5.7,EUR
CN-HAM01-004865,HAM01,SM-HAM01,AR00407,smart,2026-04-14,1,1.0,3.2,EUR
CN-HAM01-004866,HAM01,SM-HAM01,AR90042,smart,2026-04-14,1,3.0,5.7,EUR
CN-HAM01-004867,HAM01,SM-HAM01,AR00228,smart,2026-04-14,1,1.0,6.9,EUR
CN-HAM01-004868,HAM01,PF-HAM01,AR00386,payfree,2026-04-15,1,2.0,4.0,EUR
CN-HAM01-004869,HAM01,PF-HAM01,AR00010,payfree,2026-04-15,1,2.0,2.0,EUR
CN-HAM01-004870,HAM01,PF-HAM01,AR00132,payfree,2026-04-15,1,2.0,13.8,EUR
CN-HAM01-004871,HAM01,PF-HAM01,AR90011,payfree,2026-04-15,1,3.0,5.1,EUR
CN-HAM01-004872,HAM01,PF-HAM01,AR00135,payfree,2026-04-15,1,1.0,3.5,EUR
CN-HAM01-004873,HAM01,PF-HAM01,AR00432,payfree,2026-04-15,1,1.0,3.5,EUR
CN-HAM01-004874,HAM01,PF-HAM01,AR00039,payfree,2026-04-15,1,2.0,2.0,EUR
CN-HAM01-004875,HAM01,PF-HAM01,AR00279,payfree,2026-04-15,1,1.0,11.9,EUR
CN-HAM01-004876,HAM01,SM-HAM01,AR00241,smart,2026-04-15,1,1.0,2.5,EUR
CN-HAM01-004877,HAM01,PF-HAM01,AR00333,payfree,2026-04-16,1,2.0,4.5,EUR
CN-HAM01-004878,HAM01,PF-HAM01,AR00136,payfree,2026-04-16,1,3.0,8.1,EUR
CN-HAM01-004879,HAM01,PF-HAM01,AR00294,payfree,2026-04-16,1,3.0,6.6,EUR
CN-HAM01-004880,HAM01,PF-HAM01,AR00400,payfree,2026-04-16,1,1.0,1.2,EUR
CN-HAM01-004881,HAM01,PF-HAM01,AR00057,payfree,2026-04-16,1,1.0,2.5,EUR
CN-HAM01-004882,HAM01,PF-HAM01,AR00312,payfree,2026-04-16,1,1.0,2.5,EUR
CN-HAM01-004883,HAM01,PF-HAM01,AR00063,payfree,2026-04-16,1,1.0,3.2,EUR
CN-HAM01-004884,HAM01,PF-HAM01,AR00441,payfree,2026-04-16,1,2.0,5.58,EUR
CN-HAM01-004885,HAM01,SM-HAM01,AR00141,smart,2026-04-16,1,3.0,7.5,EUR
CN-HAM01-004886,HAM01,PF-HAM01,AR00088,payfree,2026-04-17,1,3.0,6.6,EUR
CN-HAM01-004887,HAM01,PF-HAM01,AR00049,payfree,2026-04-17,1,3.0,26.7,EUR
CN-HAM01-004888,HAM01,PF-HAM01,AR00064,payfree,2026-04-17,1,2.0,5.0,EUR
CN-HAM01-004889,HAM01,PF-HAM01,AR00165,payfree,2026-04-17,1,1.0,3.8,EUR
CN-HAM01-004890,HAM01,PF-HAM01,AR00454,payfree,2026-04-17,1,1.0,2.9,EUR
CN-HAM01-004891,HAM01,PF-HAM01,AR00322,payfree,2026-04-17,1,3.0,3.6,EUR
CN-HAM01-004892,HAM01,PF-HAM01,AR00049,payfree,2026-04-18,1,1.0,8.9,EUR
CN-HAM01-004893,HAM01,SM-HAM01,AR00096,smart,2026-04-18,1,1.0,3.95,EUR
CN-HAM01-004894,HAM01,SM-HAM01,AR00442,smart,2026-04-18,1,3.0,7.47,EUR
CN-HAM01-004895,HAM01,PF-HAM01,AR90004,payfree,2026-04-19,1,2.0,0.5,EUR
CN-HAM01-004896,HAM01,PF-HAM01,AR00109,payfree,2026-04-19,1,1.0,2.0,EUR
CN-HAM01-004897,HAM01,PF-HAM01,AR00364,payfree,2026-04-19,1,3.0,11.25,EUR
CN-HAM01-004898,HAM01,SM-HAM01,AR00068,smart,2026-04-19,1,2.0,5.0,EUR
CN-HAM01-004899,HAM01,PF-HAM01,AR00030,payfree,2026-04-20,1,2.0,7.0,EUR
CN-HAM01-004900,HAM01,PF-HAM01,AR00030,payfree,2026-04-20,1,3.0,10.5,EUR
CN-HAM01-004901,HAM01,PF-HAM01,AR00071,payfree,2026-04-20,1,1.0,2.9,EUR
CN-HAM01-004902,HAM01,PF-HAM01,AR90040,payfree,2026-04-20,1,1.0,1.7,EUR
CN-HAM01-004903,HAM01,PF-HAM01,AR00050,payfree,2026-04-20,1,1.0,12.9,EUR
CN-HAM01-004904,HAM01,PF-HAM01,AR00314,payfree,2026-04-20,1,1.0,2.5,EUR
CN-HAM01-004905,HAM01,PF-HAM01,AR00436,payfree,2026-04-20,1,3.0,13.05,EUR
CN-HAM01-004906,HAM01,PF-HAM01,AR00420,payfree,2026-04-20,1,2.0,5.2,EUR
CN-HAM01-004907,HAM01,PF-HAM01,AR00401,payfree,2026-04-21,1,3.0,3.6,EUR
CN-HAM01-004908,HAM01,PF-HAM01,AR00060,payfree,2026-04-21,1,2.0,5.0,EUR
CN-HAM01-004909,HAM01,PF-HAM01,AR00089,payfree,2026-04-21,1,2.0,4.4,EUR
CN-HAM01-004910,HAM01,PF-HAM01,AR00276,payfree,2026-04-22,1,2.0,4.8,EUR
CN-HAM01-004911,HAM01,PF-HAM01,AR00286,payfree,2026-04-22,1,3.0,3.6,EUR
CN-HAM01-004912,HAM01,PF-HAM01,AR00022,payfree,2026-04-22,1,3.0,11.7,EUR
CN-HAM01-004913,HAM01,PF-HAM01,AR00144,payfree,2026-04-22,1,1.0,1.9,EUR
CN-HAM01-004914,HAM01,PF-HAM01,AR00111,payfree,2026-04-22,1,1.0,2.5,EUR
CN-HAM01-004915,HAM01,PF-HAM01,AR00223,payfree,2026-04-22,1,1.0,0.7,EUR
CN-HAM01-004916,HAM01,PF-HAM01,AR00070,payfree,2026-04-22,1,1.0,2.3,EUR
CN-HAM01-004917,HAM01,PF-HAM01,AR00314,payfree,2026-04-22,1,1.0,2.5,EUR
CN-HAM01-004918,HAM01,PF-HAM01,AR00387,payfree,2026-04-23,1,1.0,3.0,EUR
CN-HAM01-004919,HAM01,PF-HAM01,AR00089,payfree,2026-04-24,1,2.0,4.4,EUR
CN-HAM01-004920,HAM01,PF-HAM01,AR00291,payfree,2026-04-24,1,2.0,4.4,EUR
CN-HAM01-004921,HAM01,PF-HAM01,AR00188,payfree,2026-04-24,1,2.0,3.6,EUR
CN-HAM01-004922,HAM01,PF-HAM01,AR00166,payfree,2026-04-24,1,3.0,11.4,EUR
CN-HAM01-004923,HAM01,PF-HAM01,AR00243,payfree,2026-04-24,1,3.0,7.5,EUR
CN-HAM01-004924,HAM01,PF-HAM01,AR00094,payfree,2026-04-24,1,3.0,0.9,EUR
CN-HAM01-004925,HAM01,PF-HAM01,AR00286,payfree,2026-04-24,1,2.0,2.4,EUR
CN-HAM01-004926,HAM01,PF-HAM01,AR00019,payfree,2026-04-24,1,2.0,3.6,EUR
CN-HAM01-004927,HAM01,PF-HAM01,SM0017,payfree,2026-04-24,1,3.0,5.97,EUR
CN-HAM01-004928,HAM01,SM-HAM01,AR00187,smart,2026-04-24,1,1.0,2.5,EUR
CN-HAM01-004929,HAM01,PF-HAM01,AR00117,payfree,2026-04-25,1,2.0,4.2,EUR
CN-HAM01-004930,HAM01,PF-HAM01,AR00129,payfree,2026-04-25,1,1.0,1.4,EUR
CN-HAM01-004931,HAM01,PF-HAM01,SM0015,payfree,2026-04-25,1,3.0,11.85,EUR
CN-HAM01-004932,HAM01,SM-HAM01,AR00314,smart,2026-04-25,1,1.0,2.5,EUR
CN-HAM01-004933,HAM01,SM-HAM01,AR90002,smart,2026-04-25,1,3.0,0.24,EUR
CN-HAM01-004934,HAM01,SM-HAM01,AR00281,smart,2026-04-25,1,3.0,9.75,EUR
CN-HAM01-004935,HAM01,SM-HAM01,AR00236,smart,2026-04-25,1,1.0,16.0,EUR
CN-HAM01-004936,HAM01,MO-HAM01,AR00090,smart,2026-04-26,1,3.0,3.9,EUR
CN-HAM01-004937,HAM01,PF-HAM01,AR00158,payfree,2026-04-27,1,3.0,11.4,EUR
CN-HAM01-004938,HAM01,PF-HAM01,AR00097,payfree,2026-04-27,1,2.0,8.6,EUR
CN-HAM01-004939,HAM01,PF-HAM01,AR00055,payfree,2026-04-27,1,3.0,7.5,EUR
CN-HAM01-004940,HAM01,PF-HAM01,AR00157,payfree,2026-04-27,1,3.0,11.4,EUR
CN-HAM01-004941,HAM01,PF-HAM01,AR00114,payfree,2026-04-27,1,3.0,4.2,EUR
CN-HAM01-004942,HAM01,PF-HAM01,AR00039,payfree,2026-04-27,1,2.0,2.0,EUR
CN-HAM01-004943,HAM01,PF-HAM01,IKA018,payfree,2026-04-27,1,2.0,4.2,EUR
CN-HAM01-004944,HAM01,SM-HAM01,AR00140,smart,2026-04-27,1,1.0,2.9,EUR
CN-HAM01-004945,HAM01,SM-HAM01,AR00285,smart,2026-04-27,1,2.0,5.9,EUR
CN-HAM01-004946,HAM01,PF-HAM01,AR00097,payfree,2026-04-28,1,3.0,12.9,EUR
CN-HAM01-004947,HAM01,PF-HAM01,AR00069,payfree,2026-04-28,1,1.0,2.5,EUR
CN-HAM01-004948,HAM01,PF-HAM01,AR00212,payfree,2026-04-28,1,1.0,3.2,EUR
CN-HAM01-004949,HAM01,PF-HAM01,AR90034,payfree,2026-04-28,1,1.0,1.7,EUR
CN-HAM01-004950,HAM01,PF-HAM01,AR00151,payfree,2026-04-28,1,1.0,3.9,EUR
CN-HAM01-004951,HAM01,PF-HAM01,AR00312,payfree,2026-04-28,1,3.0,7.5,EUR
CN-HAM01-004952,HAM01,PF-HAM01,AR00143,payfree,2026-04-28,1,3.0,8.85,EUR
CN-HAM01-004953,HAM01,SM-HAM01,AR00017,smart,2026-04-28,1,3.0,11.7,EUR
CN-HAM01-004954,HAM01,PF-HAM01,AR00214,payfree,2026-04-29,1,3.0,3.0,EUR
CN-HAM01-004955,HAM01,PF-HAM01,AR00359,payfree,2026-04-29,1,2.0,15.8,EUR
CN-HAM01-004956,HAM01,PF-HAM01,AR00047,payfree,2026-04-29,1,1.0,8.9,EUR
CN-HAM01-004957,HAM01,PF-HAM01,AR90050,payfree,2026-04-29,1,2.0,3.2,EUR
CN-HAM01-004958,HAM01,PF-HAM01,AR00158,payfree,2026-04-29,1,1.0,3.8,EUR
CN-HAM01-004959,HAM01,SM-HAM01,AR90015,smart,2026-04-29,1,1.0,1.7,EUR
CN-HAM01-004960,HAM01,SM-HAM01,AR00018,smart,2026-04-29,1,3.0,5.4,EUR
CN-HAM01-004961,HAM01,SM-HAM01,AR00058,smart,2026-04-29,1,2.0,5.0,EUR
CN-HAM01-004962,HAM01,SM-HAM01,AR90039,smart,2026-04-29,1,1.0,1.5,EUR
CN-HAM01-004963,HAM01,PF-HAM01,AR00442,payfree,2026-04-30,1,1.0,2.49,EUR
CN-HAM01-004964,HAM01,PF-HAM01,AR00143,payfree,2026-04-30,1,3.0,8.85,EUR
CN-HAM01-004965,HAM01,PF-HAM01,AR00432,payfree,2026-04-30,1,1.0,3.5,EUR
CN-HAM01-004966,HAM01,SM-HAM01,AR00096,smart,2026-04-30,1,2.0,7.9,EUR
CN-HAM01-004967,HAM01,PF-HAM01,AR00285,payfree,2026-05-01,1,2.0,5.9,EUR
CN-HAM01-004968,HAM01,PF-HAM01,AR90029,payfree,2026-05-01,1,2.0,3.2,EUR
CN-HAM01-004969,HAM01,SM-HAM01,AR90004,smart,2026-05-01,1,3.0,0.75,EUR
CN-HAM01-004970,HAM01,SM-HAM01,AR00218,smart,2026-05-01,1,2.0,3.8,EUR
CN-HAM01-004971,HAM01,PF-HAM01,AR00084,payfree,2026-05-02,1,3.0,6.0,EUR
CN-HAM01-004972,HAM01,PF-HAM01,AR00320,payfree,2026-05-02,1,2.0,2.4,EUR
CN-HAM01-004973,HAM01,PF-HAM01,AR90023,payfree,2026-05-03,1,3.0,4.8,EUR
CN-HAM01-004974,HAM01,PF-HAM01,AR90055,payfree,2026-05-03,1,2.0,3.4,EUR
CN-HAM01-004975,HAM01,PF-HAM01,AR00149,payfree,2026-05-03,1,1.0,5.6,EUR
CN-HAM01-004976,HAM01,PF-HAM01,AR00240,payfree,2026-05-03,1,2.0,3.8,EUR
CN-HAM01-004977,HAM01,SM-HAM01,AR00392,smart,2026-05-03,1,2.0,5.5,EUR
CN-HAM01-004978,HAM01,MO-HAM01,AR00005,smart,2026-05-03,1,3.0,3.0,EUR
CN-HAM01-004979,HAM01,SM-HAM01,AR00373,smart,2026-05-04,1,3.0,14.85,EUR
CN-HAM01-004980,HAM01,PF-HAM01,AR00407,payfree,2026-05-05,1,1.0,3.2,EUR
CN-HAM01-004981,HAM01,PF-HAM01,AR00089,payfree,2026-05-05,1,1.0,2.2,EUR
CN-HAM01-004982,HAM01,PF-HAM01,AR00047,payfree,2026-05-05,1,2.0,17.8,EUR
CN-HAM01-004983,HAM01,PF-HAM01,AR00210,payfree,2026-05-05,1,3.0,3.6,EUR
CN-HAM01-004984,HAM01,PF-HAM01,AR90055,payfree,2026-05-05,1,3.0,5.1,EUR
CN-HAM01-004985,HAM01,PF-HAM01,AR00276,payfree,2026-05-05,1,1.0,2.4,EUR
CN-HAM01-004986,HAM01,PF-HAM01,AR00094,payfree,2026-05-05,1,3.0,0.9,EUR
CN-HAM01-004987,HAM01,PF-HAM01,AR90038,payfree,2026-05-05,1,1.0,1.5,EUR
CN-HAM01-004988,HAM01,PF-HAM01,AR00404,payfree,2026-05-05,1,2.0,2.4,EUR
CN-HAM01-004989,HAM01,SM-HAM01,AR00304,smart,2026-05-05,1,1.0,5.65,EUR
CN-HAM01-004990,HAM01,SM-HAM01,AR00033,smart,2026-05-05,1,3.0,10.35,EUR
CN-HAM01-004991,HAM01,PF-HAM01,AR00434,payfree,2026-05-06,1,2.0,7.78,EUR
CN-HAM01-004992,HAM01,PF-HAM01,AR00049,payfree,2026-05-06,1,3.0,26.7,EUR
CN-HAM01-004993,HAM01,PF-HAM01,AR00456,payfree,2026-05-06,1,1.0,11.5,EUR
CN-HAM01-004994,HAM01,PF-HAM01,AR00322,payfree,2026-05-06,1,2.0,2.4,EUR
CN-HAM01-004995,HAM01,PF-HAM01,AR00071,payfree,2026-05-06,1,1.0,2.9,EUR
CN-HAM01-004996,HAM01,PF-HAM01,AR00276,payfree,2026-05-06,1,1.0,2.4,EUR
CN-HAM01-004997,HAM01,PF-HAM01,AR00319,payfree,2026-05-06,1,1.0,1.2,EUR
CN-HAM01-004998,HAM01,PF-HAM01,AR00071,payfree,2026-05-06,1,2.0,5.8,EUR
CN-HAM01-004999,HAM01,SM-HAM01,AR00152,smart,2026-05-06,1,3.0,11.85,EUR
CN-HAM01-005000,HAM01,SM-HAM01,AR00104,smart,2026-05-06,1,1.0,2.6,EUR
CN-HAM01-005001,HAM01,SM-HAM01,AR00145,smart,2026-05-06,1,2.0,2.2,EUR
CN-HAM01-005002,HAM01,SM-HAM01,AR00324,smart,2026-05-06,1,3.0,9.9,EUR
CN-HAM01-005003,HAM01,MO-HAM01,AR00158,smart,2026-05-06,1,1.0,3.8,EUR
CN-HAM01-005004,HAM01,PF-HAM01,AR00040,payfree,2026-05-07,1,3.0,9.9,EUR
CN-HAM01-005005,HAM01,PF-HAM01,AR00274,payfree,2026-05-07,1,2.0,4.8,EUR
CN-HAM01-005006,HAM01,PF-HAM01,AR00109,payfree,2026-05-08,1,1.0,2.0,EUR
CN-HAM01-005007,HAM01,PF-HAM01,AR00027,payfree,2026-05-08,1,1.0,1.2,EUR
CN-HAM01-005008,HAM01,PF-HAM01,AR00153,payfree,2026-05-08,1,1.0,3.5,EUR
CN-HAM01-005009,HAM01,PF-HAM01,AR00322,payfree,2026-05-08,1,3.0,3.6,EUR
CN-HAM01-005010,HAM01,SM-HAM01,AR00146,smart,2026-05-08,1,1.0,3.95,EUR
CN-HAM01-005011,HAM01,SM-HAM01,AR00188,smart,2026-05-08,1,3.0,5.4,EUR
CN-HAM01-005012,HAM01,SM-HAM01,AR00317,smart,2026-05-08,1,2.0,5.0,EUR
CN-HAM01-005013,HAM01,PF-HAM01,AR00288,payfree,2026-05-09,1,1.0,2.4,EUR
CN-HAM01-005014,HAM01,PF-HAM01,AR00067,payfree,2026-05-09,1,1.0,2.5,EUR
CN-HAM01-005015,HAM01,PF-HAM01,AR00096,payfree,2026-05-09,1,2.0,7.9,EUR
CN-HAM01-005016,HAM01,PF-HAM01,SM0016,payfree,2026-05-09,1,3.0,11.85,EUR
CN-HAM01-005017,HAM01,SM-HAM01,AR90011,smart,2026-05-09,1,3.0,5.1,EUR
CN-HAM01-005018,HAM01,SM-HAM01,AR00241,smart,2026-05-09,1,1.0,2.5,EUR
CN-HAM01-005019,HAM01,PF-HAM01,AR00107,payfree,2026-05-10,1,3.0,11.1,EUR
CN-HAM01-005020,HAM01,PF-HAM01,AR00312,payfree,2026-05-10,1,3.0,7.5,EUR
CN-HAM01-005021,HAM01,PF-HAM01,AR00030,payfree,2026-05-10,1,1.0,3.5,EUR
CN-HAM01-005022,HAM01,PF-HAM01,AR00402,payfree,2026-05-10,1,2.0,2.4,EUR
CN-HAM01-005023,HAM01,PF-HAM01,AR00136,payfree,2026-05-10,1,1.0,2.7,EUR
CN-HAM01-005024,HAM01,SM-HAM01,AR00040,smart,2026-05-10,1,1.0,3.3,EUR
CN-HAM01-005025,HAM01,SM-HAM01,AR00121,smart,2026-05-10,1,1.0,2.2,EUR
CN-HAM01-005026,HAM01,SM-HAM01,AR00145,smart,2026-05-10,1,2.0,2.2,EUR
CN-HAM01-005027,HAM01,PF-HAM01,AR00071,payfree,2026-05-11,1,2.0,5.8,EUR
CN-HAM01-005028,HAM01,PF-HAM01,AR00111,payfree,2026-05-11,1,3.0,7.5,EUR
CN-HAM01-005029,HAM01,PF-HAM01,AR00015,payfree,2026-05-11,1,1.0,3.3,EUR
CN-HAM01-005030,HAM01,PF-HAM01,AR00131,payfree,2026-05-11,1,2.0,13.8,EUR
CN-HAM01-005031,HAM01,PF-HAM01,AR00026,payfree,2026-05-11,1,3.0,3.6,EUR
CN-HAM01-005032,HAM01,PF-HAM01,AR00214,payfree,2026-05-11,1,1.0,1.0,EUR
CN-HAM01-005033,HAM01,PF-HAM01,AR00158,payfree,2026-05-11,1,1.0,3.8,EUR
CN-HAM01-005034,HAM01,SM-HAM01,AR00284,smart,2026-05-11,1,2.0,4.7,EUR
CN-HAM01-005035,HAM01,SM-HAM01,AR00386,smart,2026-05-11,1,2.0,4.0,EUR
CN-HAM01-005036,HAM01,SM-HAM01,AR00285,smart,2026-05-11,1,2.0,5.9,EUR
CN-HAM01-005037,HAM01,SM-HAM01,AR00302,smart,2026-05-11,1,2.0,7.9,EUR
CN-HAM01-005038,HAM01,PF-HAM01,AR00149,payfree,2026-05-12,1,2.0,11.2,EUR
CN-HAM01-005039,HAM01,PF-HAM01,AR00438,payfree,2026-05-12,1,2.0,4.7,EUR
CN-HAM01-005040,HAM01,PF-HAM01,AR00278,payfree,2026-05-12,1,3.0,35.7,EUR
CN-HAM01-005041,HAM01,PF-HAM01,AR00321,payfree,2026-05-12,1,3.0,3.6,EUR
CN-HAM01-005042,HAM01,PF-HAM01,AR00376,payfree,2026-05-12,1,2.0,8.5,EUR
CN-HAM01-005043,HAM01,PF-HAM01,AR00203,payfree,2026-05-12,1,1.0,2.5,EUR
CN-HAM01-005044,HAM01,PF-HAM01,AR00101,payfree,2026-05-12,1,3.0,5.7,EUR
CN-HAM01-005045,HAM01,PF-HAM01,AR00154,payfree,2026-05-12,1,2.0,6.4,EUR
CN-HAM01-005046,HAM01,SM-HAM01,AR00177,smart,2026-05-12,1,3.0,4.2,EUR
CN-HAM01-005047,HAM01,PF-HAM01,AR90009,payfree,2026-05-13,1,1.0,1.6,EUR
CN-HAM01-005048,HAM01,PF-HAM01,AR00240,payfree,2026-05-13,1,1.0,1.9,EUR
CN-HAM01-005049,HAM01,PF-HAM01,AR00230,payfree,2026-05-13,1,2.0,34.0,EUR
CN-HAM01-005050,HAM01,PF-HAM01,AR00375,payfree,2026-05-13,1,2.0,9.9,EUR
CN-HAM01-005051,HAM01,SM-HAM01,AR90042,smart,2026-05-13,1,2.0,3.8,EUR
CN-HAM01-005052,HAM01,SM-HAM01,AR00095,smart,2026-05-14,1,1.0,2.6,EUR
CN-HAM01-005053,HAM01,SM-HAM01,AR00080,smart,2026-05-14,1,2.0,5.0,EUR
CN-HAM01-005054,HAM01,SM-HAM01,AR00147,smart,2026-05-14,1,1.0,4.9,EUR
CN-HAM01-005055,HAM01,SM-HAM01,AR00086,smart,2026-05-14,1,1.0,4.95,EUR
CN-HAM01-005056,HAM01,PF-HAM01,IKA005,payfree,2026-05-15,1,3.0,2.97,EUR
CN-HAM01-005057,HAM01,PF-HAM01,AR00108,payfree,2026-05-15,1,1.0,3.0,EUR
CN-HAM01-005058,HAM01,PF-HAM01,IKA011,payfree,2026-05-15,1,2.0,4.2,EUR
CN-HAM01-005059,HAM01,PF-HAM01,AR00106,payfree,2026-05-15,1,2.0,7.8,EUR
CN-HAM01-005060,HAM01,PF-HAM01,AR00006,payfree,2026-05-15,1,1.0,1.8,EUR
CN-HAM01-005061,HAM01,PF-HAM01,AR00054,payfree,2026-05-15,1,3.0,3.0,EUR
CN-HAM01-005062,HAM01,PF-HAM01,AR00231,payfree,2026-05-15,1,1.0,3.95,EUR
CN-HAM01-005063,HAM01,PF-HAM01,AR00332,payfree,2026-05-16,1,1.0,2.25,EUR
CN-HAM01-005064,HAM01,PF-HAM01,SM0018,payfree,2026-05-16,1,1.0,3.95,EUR
CN-HAM01-005065,HAM01,PF-HAM01,IKA018,payfree,2026-05-16,1,3.0,6.3,EUR
CN-HAM01-005066,HAM01,PF-HAM01,AR00276,payfree,2026-05-16,1,2.0,4.8,EUR
CN-HAM01-005067,HAM01,PF-HAM01,AR90013,payfree,2026-05-16,1,2.0,3.4,EUR
CN-HAM01-005068,HAM01,PF-HAM01,AR90010,payfree,2026-05-16,1,3.0,6.6,EUR
CN-HAM01-005069,HAM01,PF-HAM01,AR00176,payfree,2026-05-16,1,3.0,4.2,EUR
CN-HAM01-005070,HAM01,PF-HAM01,AR00080,payfree,2026-05-16,1,3.0,7.5,EUR
CN-HAM01-005071,HAM01,PF-HAM01,AR00405,payfree,2026-05-16,1,1.0,1.2,EUR
CN-HAM01-005072,HAM01,SM-HAM01,AR00111,smart,2026-05-16,1,3.0,7.5,EUR
CN-HAM01-005073,HAM01,SM-HAM01,AR00212,smart,2026-05-16,1,3.0,9.6,EUR
CN-HAM01-005074,HAM01,SM-HAM01,AR00390,smart,2026-05-16,1,2.0,88.0,EUR
CN-HAM01-005075,HAM01,SM-HAM01,AR00208,smart,2026-05-16,1,2.0,1.0,EUR
CN-HAM01-005076,HAM01,MO-HAM01,AR00432,smart,2026-05-16,1,1.0,3.5,EUR
CN-HAM01-005077,HAM01,PF-HAM01,AR00197,payfree,2026-05-17,1,2.0,3.6,EUR
CN-HAM01-005078,HAM01,PF-HAM01,AR00221,payfree,2026-05-17,1,3.0,3.0,EUR
CN-HAM01-005079,HAM01,PF-HAM01,AR00207,payfree,2026-05-17,1,1.0,1.0,EUR
CN-HAM01-005080,HAM01,PF-HAM01,AR00420,payfree,2026-05-17,1,1.0,2.6,EUR
CN-HAM01-005081,HAM01,SM-HAM01,AR00021,smart,2026-05-17,1,3.0,11.7,EUR
CN-HAM01-005082,HAM01,PF-HAM01,AR90010,payfree,2026-05-18,1,2.0,4.4,EUR
CN-HAM01-005083,HAM01,PF-HAM01,AR00144,payfree,2026-05-18,1,1.0,1.9,EUR
CN-HAM01-005084,HAM01,PF-HAM01,AR00214,payfree,2026-05-18,1,3.0,3.0,EUR
CN-HAM01-005085,HAM01,PF-HAM01,AR00159,payfree,2026-05-18,1,1.0,3.8,EUR
CN-HAM01-005086,HAM01,PF-HAM01,AR00135,payfree,2026-05-18,1,1.0,3.5,EUR
CN-HAM01-005087,HAM01,PF-HAM01,AR00304,payfree,2026-05-18,1,2.0,11.3,EUR
CN-HAM01-005088,HAM01,SM-HAM01,IKA011,smart,2026-05-18,1,2.0,4.2,EUR
CN-HAM01-005089,HAM01,SM-HAM01,AR00089,smart,2026-05-18,1,2.0,4.4,EUR
CN-HAM01-005090,HAM01,SM-HAM01,AR00204,smart,2026-05-18,1,3.0,5.4,EUR
CN-HAM01-005091,HAM01,PF-HAM01,AR00376,payfree,2026-05-19,1,1.0,4.25,EUR
CN-HAM01-005092,HAM01,PF-HAM01,AR00275,payfree,2026-05-19,1,3.0,7.2,EUR
CN-HAM01-005093,HAM01,PF-HAM01,AR00242,payfree,2026-05-19,1,1.0,2.5,EUR
CN-HAM01-005094,HAM01,PF-HAM01,AR00230,payfree,2026-05-19,1,2.0,34.0,EUR
CN-HAM01-005095,HAM01,PF-HAM01,AR00069,payfree,2026-05-19,1,2.0,5.0,EUR
CN-HAM01-005096,HAM01,PF-HAM01,AR90015,payfree,2026-05-19,1,1.0,1.7,EUR
CN-HAM01-005097,HAM01,PF-HAM01,AR00186,payfree,2026-05-19,1,1.0,2.5,EUR
CN-HAM01-005098,HAM01,PF-HAM01,AR00322,payfree,2026-05-19,1,2.0,2.4,EUR
CN-HAM01-005099,HAM01,SM-HAM01,AR00377,smart,2026-05-19,1,3.0,12.75,EUR
CN-HAM01-005100,HAM01,SM-HAM01,AR00059,smart,2026-05-19,1,2.0,5.0,EUR
CN-HAM01-005101,HAM01,SM-HAM01,AR00053,smart,2026-05-19,1,1.0,3.4,EUR
CN-HAM01-005102,HAM01,SM-HAM01,AR00098,smart,2026-05-20,1,1.0,5.75,EUR
CN-HAM01-005103,HAM01,SM-HAM01,AR00330,smart,2026-05-20,1,2.0,39.0,EUR
CN-HAM01-005104,HAM01,SM-HAM01,AR00380,smart,2026-05-20,1,3.0,11.25,EUR
CN-HAM01-005105,HAM01,PF-HAM01,AR00140,payfree,2026-05-21,1,2.0,5.8,EUR
CN-HAM01-005106,HAM01,PF-HAM01,AR00080,payfree,2026-05-21,1,2.0,5.0,EUR
CN-HAM01-005107,HAM01,PF-HAM01,AR00110,payfree,2026-05-22,1,3.0,10.5,EUR
CN-HAM01-005108,HAM01,PF-HAM01,AR90038,payfree,2026-05-22,1,2.0,3.0,EUR
CN-HAM01-005109,HAM01,PF-HAM01,AR00040,payfree,2026-05-22,1,2.0,6.6,EUR
CN-HAM01-005110,HAM01,PF-HAM01,AR00456,payfree,2026-05-22,1,2.0,23.0,EUR
CN-HAM01-005111,HAM01,PF-HAM01,AR00432,payfree,2026-05-22,1,1.0,3.5,EUR
CN-HAM01-005112,HAM01,PF-HAM01,AR90054,payfree,2026-05-22,1,3.0,5.1,EUR
CN-HAM01-005113,HAM01,PF-HAM01,AR00090,payfree,2026-05-22,1,2.0,2.6,EUR
CN-HAM01-005114,HAM01,PF-HAM01,AR00003,payfree,2026-05-22,1,1.0,1.0,EUR
CN-HAM01-005115,HAM01,SM-HAM01,AR00344,smart,2026-05-22,1,2.0,7.8,EUR
CN-HAM01-005116,HAM01,PF-HAM01,AR00196,payfree,2026-05-23,1,1.0,1.6,EUR
CN-HAM01-005117,HAM01,PF-HAM01,AR00245,payfree,2026-05-23,1,3.0,9.3,EUR
CN-HAM01-005118,HAM01,PF-HAM01,IKA005,payfree,2026-05-23,1,1.0,0.99,EUR
CN-HAM01-005119,HAM01,PF-HAM01,AR00171,payfree,2026-05-23,1,3.0,11.85,EUR
CN-HAM01-005120,HAM01,PF-HAM01,AR00135,payfree,2026-05-23,1,2.0,7.0,EUR
CN-HAM01-005121,HAM01,PF-HAM01,AR00088,payfree,2026-05-23,1,2.0,4.4,EUR
CN-HAM01-005122,HAM01,PF-HAM01,AR00069,payfree,2026-05-23,1,3.0,7.5,EUR
CN-HAM01-005123,HAM01,PF-HAM01,AR00011,payfree,2026-05-23,1,3.0,3.0,EUR
CN-HAM01-005124,HAM01,SM-HAM01,AR00314,smart,2026-05-23,1,2.0,5.0,EUR
CN-HAM01-005125,HAM01,SM-HAM01,AR00188,smart,2026-05-23,1,1.0,1.8,EUR
CN-HAM01-005126,HAM01,SM-HAM01,AR00344,smart,2026-05-23,1,3.0,11.7,EUR
CN-HAM01-005127,HAM01,PF-HAM01,AR00129,payfree,2026-05-24,1,1.0,1.4,EUR
CN-HAM01-005128,HAM01,PF-HAM01,AR00022,payfree,2026-05-24,1,1.0,3.9,EUR
CN-HAM01-005129,HAM01,SM-HAM01,AR00330,smart,2026-05-24,1,2.0,39.0,EUR
CN-HAM01-005130,HAM01,SM-HAM01,AR00094,smart,2026-05-24,1,3.0,0.9,EUR
CN-HAM01-005131,HAM01,SM-HAM01,AR00188,smart,2026-05-24,1,2.0,3.6,EUR
CN-HAM01-005132,HAM01,PF-HAM01,AR00129,payfree,2026-05-25,1,3.0,4.2,EUR
CN-HAM01-005133,HAM01,SM-HAM01,AR90036,smart,2026-05-25,1,1.0,1.7,EUR
CN-HAM01-005134,HAM01,PF-HAM01,AR00118,payfree,2026-05-26,1,3.0,8.85,EUR
CN-HAM01-005135,HAM01,PF-HAM01,SM0017,payfree,2026-05-26,1,3.0,5.97,EUR
CN-HAM01-005136,HAM01,PF-HAM01,AR00006,payfree,2026-05-26,1,3.0,5.4,EUR
CN-HAM01-005137,HAM01,PF-HAM01,AR00319,payfree,2026-05-26,1,3.0,3.6,EUR
CN-HAM01-005138,HAM01,PF-HAM01,AR00274,payfree,2026-05-26,1,1.0,2.4,EUR
CN-HAM01-005139,HAM01,PF-HAM01,AR00008,payfree,2026-05-26,1,1.0,1.8,EUR
CN-HAM01-005140,HAM01,PF-HAM01,AR00063,payfree,2026-05-27,1,2.0,6.4,EUR
CN-HAM01-005141,HAM01,PF-HAM01,AR00274,payfree,2026-05-27,1,2.0,4.8,EUR
CN-HAM01-005142,HAM01,PF-HAM01,AR00197,payfree,2026-05-27,1,3.0,5.4,EUR
CN-HAM01-005143,HAM01,SM-HAM01,AR00384,smart,2026-05-27,1,1.0,3.95,EUR
CN-HAM01-005144,HAM01,PF-HAM01,AR00324,payfree,2026-05-28,1,2.0,6.6,EUR
CN-HAM01-005145,HAM01,PF-HAM01,AR00107,payfree,2026-05-28,1,2.0,7.4,EUR
CN-HAM01-005146,HAM01,SM-HAM01,AR90053,smart,2026-05-28,1,3.0,6.0,EUR
CN-HAM01-005147,HAM01,PF-HAM01,AR00178,payfree,2026-05-29,1,3.0,4.2,EUR
CN-HAM01-005148,HAM01,PF-HAM01,AR00406,payfree,2026-05-29,1,2.0,6.4,EUR
CN-HAM01-005149,HAM01,PF-HAM01,AR00029,payfree,2026-05-29,1,1.0,3.5,EUR
CN-HAM01-005150,HAM01,PF-HAM01,AR00373,payfree,2026-05-29,1,2.0,9.9,EUR
CN-HAM01-005151,HAM01,PF-HAM01,AR00178,payfree,2026-05-29,1,2.0,2.8,EUR
CN-HAM01-005152,HAM01,PF-HAM01,AR00209,payfree,2026-05-29,1,2.0,1.0,EUR
CN-HAM01-005153,HAM01,PF-HAM01,IKA003,payfree,2026-05-29,1,2.0,4.4,EUR
CN-HAM01-005154,HAM01,PF-HAM01,AR00034,payfree,2026-05-29,1,2.0,4.0,EUR
CN-HAM01-005155,HAM01,PF-HAM01,AR00013,payfree,2026-05-30,1,2.0,3.6,EUR
CN-HAM01-005156,HAM01,PF-HAM01,AR00333,payfree,2026-05-30,1,3.0,6.75,EUR
CN-HAM01-005157,HAM01,PF-HAM01,SM0015,payfree,2026-05-30,1,1.0,3.95,EUR
CN-HAM01-005158,HAM01,PF-HAM01,AR90053,payfree,2026-05-30,1,2.0,4.0,EUR
CN-HAM01-005159,HAM01,PF-HAM01,AR00285,payfree,2026-05-30,1,3.0,8.85,EUR
CN-HAM01-005160,HAM01,PF-HAM01,AR00209,payfree,2026-05-30,1,1.0,0.5,EUR
CN-HAM01-005161,HAM01,PF-HAM01,AR00119,payfree,2026-05-30,1,2.0,7.0,EUR
CN-HAM01-005162,HAM01,SM-HAM01,AR00293,smart,2026-05-30,1,1.0,2.2,EUR
CN-HAM01-005163,HAM01,MO-HAM01,AR00383,smart,2026-05-30,1,1.0,3.25,EUR
CN-HAM01-005164,HAM01,SM-HAM01,AR00188,smart,2026-05-31,1,3.0,5.4,EUR
CN-HAM01-005165,HAM01,SM-HAM01,AR00033,smart,2026-05-31,1,2.0,6.9,EUR
CN-HAM01-005166,HAM01,SM-HAM01,AR00288,smart,2026-05-31,1,2.0,4.8,EUR
CN-HAM01-005167,HAM01,SM-HAM01,AR00293,smart,2026-05-31,1,1.0,2.2,EUR
CN-HAM01-005168,HAM01,MO-HAM01,AR00324,smart,2026-05-31,1,2.0,6.6,EUR
CN-HAM01-005169,HAM01,PF-HAM01,AR00039,payfree,2026-06-01,1,3.0,3.0,EUR
CN-HAM01-005170,HAM01,PF-HAM01,AR00438,payfree,2026-06-01,1,2.0,4.7,EUR
CN-HAM01-005171,HAM01,PF-HAM01,AR00404,payfree,2026-06-01,1,2.0,2.4,EUR
CN-HAM01-005172,HAM01,PF-HAM01,AR00095,payfree,2026-06-01,1,3.0,7.8,EUR
CN-HAM01-005173,HAM01,SM-HAM01,AR00126,smart,2026-06-01,1,3.0,5.7,EUR
CN-HAM01-005174,HAM01,SM-HAM01,AR00407,smart,2026-06-01,1,1.0,3.2,EUR
CN-HAM01-005175,HAM01,SM-HAM01,AR90036,smart,2026-06-01,1,3.0,5.1,EUR
CN-HAM01-005176,HAM01,SM-HAM01,AR00377,smart,2026-06-01,1,3.0,12.75,EUR
CN-HAM01-005177,HAM01,PF-HAM01,AR00419,payfree,2026-06-02,1,2.0,88.0,EUR
CN-HAM01-005178,HAM01,SM-HAM01,AR00029,smart,2026-06-02,1,2.0,7.0,EUR
CN-HAM01-005179,HAM01,SM-HAM01,AR00189,smart,2026-06-02,1,2.0,4.4,EUR
CN-HAM01-005180,HAM01,SM-HAM01,AR00236,smart,2026-06-02,1,3.0,48.0,EUR
CN-HAM01-005181,HAM01,MO-HAM01,AR00319,smart,2026-06-02,1,2.0,2.4,EUR
CN-HAM01-005182,HAM01,PF-HAM01,AR00055,payfree,2026-06-03,1,3.0,7.5,EUR
CN-HAM01-005183,HAM01,PF-HAM01,AR00386,payfree,2026-06-03,1,1.0,2.0,EUR
CN-HAM01-005184,HAM01,PF-HAM01,AR00161,payfree,2026-06-03,1,3.0,11.4,EUR
CN-HAM01-005185,HAM01,PF-HAM01,AR00270,payfree,2026-06-03,1,2.0,5.0,EUR
CN-HAM01-005186,HAM01,SM-HAM01,AR00244,smart,2026-06-03,1,2.0,5.0,EUR
CN-HAM01-005187,HAM01,SM-HAM01,AR00067,smart,2026-06-03,1,3.0,7.5,EUR
CN-HAM01-005188,HAM01,MO-HAM01,AR00166,smart,2026-06-03,1,2.0,7.6,EUR
CN-HAM01-005189,HAM01,PF-HAM01,AR00456,payfree,2026-06-04,1,2.0,23.0,EUR
CN-HAM01-005190,HAM01,SM-HAM01,AR00213,smart,2026-06-04,1,3.0,3.6,EUR
CN-HAM01-005191,HAM01,SM-HAM01,AR00019,smart,2026-06-04,1,1.0,1.8,EUR
CN-HAM01-005192,HAM01,PF-HAM01,AR00321,payfree,2026-06-05,1,1.0,1.2,EUR
CN-HAM01-005193,HAM01,PF-HAM01,AR00323,payfree,2026-06-05,1,1.0,3.3,EUR
CN-HAM01-005194,HAM01,PF-HAM01,AR00456,payfree,2026-06-05,1,2.0,23.0,EUR
CN-HAM01-005195,HAM01,PF-HAM01,AR00434,payfree,2026-06-05,1,1.0,3.89,EUR
CN-HAM01-005196,HAM01,PF-HAM01,AR00144,payfree,2026-06-05,1,2.0,3.8,EUR
CN-HAM01-005197,HAM01,PF-HAM01,AR00219,payfree,2026-06-05,1,1.0,1.9,EUR
CN-HAM01-005198,HAM01,PF-HAM01,AR00087,payfree,2026-06-05,1,2.0,3.0,EUR
CN-HAM01-005199,HAM01,PF-HAM01,SM0014,payfree,2026-06-05,1,1.0,0.99,EUR
CN-HAM01-005200,HAM01,SM-HAM01,AR00002,smart,2026-06-05,1,1.0,0.5,EUR
CN-HAM01-005201,HAM01,PF-HAM01,AR00118,payfree,2026-06-06,1,1.0,2.95,EUR
CN-HAM01-005202,HAM01,PF-HAM01,IKA011,payfree,2026-06-06,1,3.0,6.3,EUR
CN-HAM01-005203,HAM01,PF-HAM01,AR00203,payfree,2026-06-06,1,3.0,7.5,EUR
CN-HAM01-005204,HAM01,PF-HAM01,AR90019,payfree,2026-06-06,1,2.0,3.9,EUR
CN-HAM01-005205,HAM01,PF-HAM01,AR00144,payfree,2026-06-06,1,1.0,1.9,EUR
CN-HAM01-005206,HAM01,PF-HAM01,AR00318,payfree,2026-06-06,1,2.0,2.4,EUR
CN-HAM01-005207,HAM01,PF-HAM01,AR90012,payfree,2026-06-06,1,2.0,3.4,EUR
CN-HAM01-005208,HAM01,PF-HAM01,AR00041,payfree,2026-06-06,1,3.0,9.9,EUR
CN-HAM01-005209,HAM01,PF-HAM01,AR00198,payfree,2026-06-06,1,1.0,2.0,EUR
CN-HAM01-005210,HAM01,SM-HAM01,AR00165,smart,2026-06-06,1,3.0,11.4,EUR
CN-HAM01-005211,HAM01,SM-HAM01,AR00453,smart,2026-06-06,1,2.0,4.2,EUR
CN-HAM01-005212,HAM01,SM-HAM01,AR00189,smart,2026-06-06,1,1.0,2.2,EUR
CN-HAM01-005213,HAM01,PF-HAM01,AR00118,payfree,2026-06-07,1,1.0,2.95,EUR
CN-HAM01-005214,HAM01,PF-HAM01,AR00400,payfree,2026-06-07,1,1.0,1.2,EUR
CN-HAM01-005215,HAM01,PF-HAM01,AR00327,payfree,2026-06-08,1,2.0,7.9,EUR
CN-HAM01-005216,HAM01,PF-HAM01,AR00132,payfree,2026-06-08,1,3.0,20.7,EUR
CN-HAM01-005217,HAM01,PF-HAM01,AR00027,payfree,2026-06-08,1,3.0,3.6,EUR
CN-HAM01-005218,HAM01,PF-HAM01,AR00060,payfree,2026-06-08,1,2.0,5.0,EUR
CN-HAM01-005219,HAM01,PF-HAM01,AR00114,payfree,2026-06-08,1,3.0,4.2,EUR
CN-HAM01-005220,HAM01,SM-HAM01,AR00070,smart,2026-06-08,1,1.0,2.3,EUR
CN-HAM01-005221,HAM01,PF-HAM01,AR00040,payfree,2026-06-09,1,3.0,9.9,EUR
CN-HAM01-005222,HAM01,PF-HAM01,AR00454,payfree,2026-06-09,1,3.0,8.7,EUR
CN-HAM01-005223,HAM01,PF-HAM01,AR00322,payfree,2026-06-09,1,2.0,2.4,EUR
CN-HAM01-005224,HAM01,SM-HAM01,AR00024,smart,2026-06-09,1,1.0,2.5,EUR
CN-HAM01-005225,HAM01,SM-HAM01,AR00240,smart,2026-06-09,1,2.0,3.8,EUR
CN-HAM01-005226,HAM01,SM-HAM01,AR00120,smart,2026-06-09,1,1.0,2.0,EUR
CN-HAM01-005227,HAM01,PF-HAM01,AR00164,payfree,2026-06-10,1,3.0,11.4,EUR
CN-HAM01-005228,HAM01,PF-HAM01,AR00198,payfree,2026-06-10,1,1.0,2.0,EUR
CN-HAM01-005229,HAM01,SM-HAM01,AR90033,smart,2026-06-10,1,1.0,1.2,EUR
CN-HAM01-005230,HAM01,SM-HAM01,AR00193,smart,2026-06-10,1,1.0,1.4,EUR
CN-HAM01-005231,HAM01,SM-HAM01,AR00367,smart,2026-06-10,1,2.0,7.5,EUR
CN-HAM01-005232,HAM01,SM-HAM01,AR90002,smart,2026-06-10,1,1.0,0.08,EUR
CN-HAM01-005233,HAM01,MO-HAM01,AR90054,smart,2026-06-10,1,3.0,5.1,EUR
CN-HAM01-005234,HAM01,PF-HAM01,AR00381,payfree,2026-06-11,1,1.0,3.75,EUR
CN-HAM01-005235,HAM01,PF-HAM01,AR00066,payfree,2026-06-11,1,3.0,7.5,EUR
CN-HAM01-005236,HAM01,PF-HAM01,AR00280,payfree,2026-06-11,1,3.0,35.7,EUR
CN-HAM01-005237,HAM01,PF-HAM01,AR00208,payfree,2026-06-11,1,2.0,1.0,EUR
CN-HAM01-005238,HAM01,PF-HAM01,AR00203,payfree,2026-06-11,1,1.0,2.5,EUR
CN-HAM01-005239,HAM01,SM-HAM01,AR00055,smart,2026-06-11,1,2.0,5.0,EUR
CN-HAM01-005240,HAM01,SM-HAM01,AR00333,smart,2026-06-11,1,3.0,6.75,EUR
CN-HAM01-005241,HAM01,PF-HAM01,AR90050,payfree,2026-06-12,1,2.0,3.2,EUR
CN-HAM01-005242,HAM01,PF-HAM01,IKA018,payfree,2026-06-12,1,3.0,6.3,EUR
CN-HAM01-005243,HAM01,PF-HAM01,AR00126,payfree,2026-06-12,1,1.0,1.9,EUR
CN-HAM01-005244,HAM01,PF-HAM01,AR90007,payfree,2026-06-12,1,3.0,4.2,EUR
CN-HAM01-005245,HAM01,PF-HAM01,AR00244,payfree,2026-06-12,1,3.0,7.5,EUR
CN-HAM01-005246,HAM01,PF-HAM01,AR00122,payfree,2026-06-12,1,1.0,2.5,EUR
CN-HAM01-005247,HAM01,PF-HAM01,AR00302,payfree,2026-06-12,1,1.0,3.95,EUR
CN-HAM01-005248,HAM01,PF-HAM01,AR00284,payfree,2026-06-12,1,1.0,2.35,EUR
CN-HAM01-005249,HAM01,PF-HAM01,AR00189,payfree,2026-06-12,1,3.0,6.6,EUR
CN-HAM01-005250,HAM01,PF-HAM01,AR00080,payfree,2026-06-13,1,2.0,5.0,EUR
CN-HAM01-005251,HAM01,PF-HAM01,AR00222,payfree,2026-06-13,1,2.0,2.0,EUR
CN-HAM01-005252,HAM01,PF-HAM01,IKA011,payfree,2026-06-13,1,1.0,2.1,EUR
CN-HAM01-005253,HAM01,PF-HAM01,AR00196,payfree,2026-06-13,1,3.0,4.8,EUR
CN-HAM01-005254,HAM01,PF-HAM01,AR00096,payfree,2026-06-13,1,3.0,11.85,EUR
CN-HAM01-005255,HAM01,PF-HAM01,AR00106,payfree,2026-06-13,1,3.0,11.7,EUR
CN-HAM01-005256,HAM01,PF-HAM01,AR00008,payfree,2026-06-13,1,3.0,5.4,EUR
CN-HAM01-005257,HAM01,PF-HAM01,AR00376,payfree,2026-06-13,1,1.0,4.25,EUR
CN-HAM01-005258,HAM01,PF-HAM01,AR00210,payfree,2026-06-14,1,3.0,3.6,EUR
CN-HAM01-005259,HAM01,PF-HAM01,AR00058,payfree,2026-06-14,1,1.0,2.5,EUR
CN-HAM01-005260,HAM01,SM-HAM01,AR00291,smart,2026-06-14,1,2.0,4.4,EUR
CN-HAM01-005261,HAM01,SM-HAM01,AR00436,smart,2026-06-14,1,3.0,13.05,EUR
CN-HAM01-005262,HAM01,PF-HAM01,AR00156,payfree,2026-06-15,1,1.0,3.95,EUR
CN-HAM01-005263,HAM01,PF-HAM01,AR00010,payfree,2026-06-15,1,3.0,3.0,EUR
CN-HAM01-005264,HAM01,PF-HAM01,AR00196,payfree,2026-06-15,1,2.0,3.2,EUR
CN-HAM01-005265,HAM01,SM-HAM01,AR00003,smart,2026-06-15,1,2.0,2.0,EUR
CN-HAM01-005266,HAM01,SM-HAM01,AR00106,smart,2026-06-15,1,2.0,7.8,EUR
CN-HAM01-005267,HAM01,SM-HAM01,AR00068,smart,2026-06-15,1,2.0,5.0,EUR
CN-HAM01-005268,HAM01,PF-HAM01,AR00009,payfree,2026-06-16,1,1.0,1.0,EUR
CN-HAM01-005269,HAM01,PF-HAM01,AR00110,payfree,2026-06-16,1,2.0,7.0,EUR
CN-HAM01-005270,HAM01,PF-HAM01,AR90030,payfree,2026-06-16,1,1.0,1.6,EUR
CN-HAM01-005271,HAM01,PF-HAM01,AR00302,payfree,2026-06-16,1,3.0,11.85,EUR
CN-HAM01-005272,HAM01,PF-HAM01,AR00209,payfree,2026-06-16,1,2.0,1.0,EUR
CN-HAM01-005273,HAM01,PF-HAM01,AR00228,payfree,2026-06-16,1,3.0,20.7,EUR
CN-HAM01-005274,HAM01,PF-HAM01,AR00402,payfree,2026-06-16,1,2.0,2.4,EUR
CN-HAM01-005275,HAM01,PF-HAM01,AR90004,payfree,2026-06-16,1,2.0,0.5,EUR
CN-HAM01-005276,HAM01,PF-HAM01,AR00070,payfree,2026-06-17,1,3.0,6.9,EUR
CN-HAM01-005277,HAM01,PF-HAM01,AR00394,payfree,2026-06-17,1,2.0,5.8,EUR
CN-HAM01-005278,HAM01,PF-HAM01,AR00059,payfree,2026-06-17,1,1.0,2.5,EUR
CN-HAM01-005279,HAM01,PF-HAM01,AR90011,payfree,2026-06-17,1,1.0,1.7,EUR
CN-HAM01-005280,HAM01,PF-HAM01,AR00293,payfree,2026-06-17,1,1.0,2.2,EUR
CN-HAM01-005281,HAM01,PF-HAM01,AR00055,payfree,2026-06-17,1,3.0,7.5,EUR
CN-HAM01-005282,HAM01,PF-HAM01,AR00376,payfree,2026-06-17,1,3.0,12.75,EUR
CN-HAM01-005283,HAM01,SM-HAM01,AR00419,smart,2026-06-17,1,1.0,44.0,EUR
CN-HAM01-005284,HAM01,PF-HAM01,AR90051,payfree,2026-06-18,1,1.0,1.6,EUR
CN-HAM01-005285,HAM01,PF-HAM01,AR00360,payfree,2026-06-18,1,2.0,29.8,EUR
CN-HAM01-005286,HAM01,PF-HAM01,AR90040,payfree,2026-06-18,1,2.0,3.4,EUR
CN-HAM01-005287,HAM01,PF-HAM01,AR00188,payfree,2026-06-18,1,3.0,5.4,EUR
CN-HAM01-005288,HAM01,PF-HAM01,AR00380,payfree,2026-06-18,1,1.0,3.75,EUR
CN-HAM01-005289,HAM01,SM-HAM01,SM0017,smart,2026-06-18,1,1.0,1.99,EUR
CN-HAM01-005290,HAM01,SM-HAM01,AR90009,smart,2026-06-18,1,3.0,4.8,EUR
CN-HAM01-005291,HAM01,SM-HAM01,AR00076,smart,2026-06-18,1,3.0,16.5,EUR
CN-HAM01-005292,HAM01,SM-HAM01,AR00061,smart,2026-06-18,1,3.0,7.5,EUR
CN-HAM01-005293,HAM01,PF-HAM01,AR00314,payfree,2026-06-19,1,1.0,2.5,EUR
CN-HAM01-005294,HAM01,PF-HAM01,AR00218,payfree,2026-06-19,1,1.0,1.9,EUR
CN-HAM01-005295,HAM01,PF-HAM01,AR00286,payfree,2026-06-19,1,2.0,2.4,EUR
CN-HAM01-005296,HAM01,PF-HAM01,AR00008,payfree,2026-06-19,1,1.0,1.8,EUR
CN-HAM01-005297,HAM01,SM-HAM01,AR00024,smart,2026-06-19,1,2.0,5.0,EUR
CN-HAM01-005298,HAM01,SM-HAM01,AR00198,smart,2026-06-19,1,1.0,2.0,EUR
CN-HAM01-005299,HAM01,SM-HAM01,AR00219,smart,2026-06-19,1,3.0,5.7,EUR
CN-HAM01-005300,HAM01,PF-HAM01,SM0016,payfree,2026-06-20,1,3.0,11.85,EUR
CN-HAM01-005301,HAM01,PF-HAM01,AR00188,payfree,2026-06-20,1,2.0,3.6,EUR
CN-HAM01-005302,HAM01,PF-HAM01,AR00356,payfree,2026-06-20,1,3.0,16.5,EUR
CN-HAM01-005303,HAM01,PF-HAM01,AR90002,payfree,2026-06-20,1,3.0,0.24,EUR
CN-HAM01-005304,HAM01,PF-HAM01,AR00121,payfree,2026-06-20,1,2.0,4.4,EUR
CN-HAM01-005305,HAM01,SM-HAM01,SM0018,smart,2026-06-20,1,1.0,3.95,EUR
CN-HAM01-005306,HAM01,SM-HAM01,AR00286,smart,2026-06-20,1,1.0,1.2,EUR
CN-HAM01-005307,HAM01,PF-HAM01,AR00394,payfree,2026-06-21,1,3.0,8.7,EUR
CN-HAM01-005308,HAM01,PF-HAM01,AR00035,payfree,2026-06-21,1,3.0,7.5,EUR
CN-HAM01-005309,HAM01,PF-HAM01,AR90039,payfree,2026-06-21,1,2.0,3.0,EUR
CN-HAM01-005310,HAM01,PF-HAM01,AR00283,payfree,2026-06-21,1,1.0,2.95,EUR
CN-HAM01-005311,HAM01,PF-HAM01,AR00151,payfree,2026-06-21,1,1.0,3.9,EUR
CN-HAM01-005312,HAM01,PF-HAM01,AR00270,payfree,2026-06-21,1,3.0,7.5,EUR
CN-HAM01-005313,HAM01,PF-HAM01,AR00149,payfree,2026-06-21,1,2.0,11.2,EUR
CN-HAM01-005314,HAM01,PF-HAM01,AR00301,payfree,2026-06-21,1,3.0,11.85,EUR
CN-HAM01-005315,HAM01,SM-HAM01,AR00393,smart,2026-06-21,1,2.0,5.5,EUR
CN-HAM01-005316,HAM01,SM-HAM01,AR90038,smart,2026-06-21,1,1.0,1.5,EUR
CN-HAM01-005317,HAM01,SM-HAM01,AR00380,smart,2026-06-21,1,2.0,7.5,EUR
CN-HAM01-005318,HAM01,SM-HAM01,AR00011,smart,2026-06-21,1,2.0,2.0,EUR
CN-HAM01-005319,HAM01,MO-HAM01,AR00109,smart,2026-06-21,1,2.0,4.0,EUR
CN-HAM01-005320,HAM01,PF-HAM01,AR00145,payfree,2026-06-22,1,1.0,1.1,EUR
CN-HAM01-005321,HAM01,PF-HAM01,AR00161,payfree,2026-06-22,1,3.0,11.4,EUR
CN-HAM01-005322,HAM01,PF-HAM01,AR00126,payfree,2026-06-22,1,1.0,1.9,EUR
CN-HAM01-005323,HAM01,PF-HAM01,AR00345,payfree,2026-06-22,1,1.0,3.9,EUR
CN-HAM01-005324,HAM01,PF-HAM01,AR00011,payfree,2026-06-22,1,1.0,1.0,EUR
CN-HAM01-005325,HAM01,PF-HAM01,AR00143,payfree,2026-06-22,1,2.0,5.9,EUR
CN-HAM01-005326,HAM01,PF-HAM01,AR00114,payfree,2026-06-22,1,2.0,2.8,EUR
CN-HAM01-005327,HAM01,PF-HAM01,AR00031,payfree,2026-06-22,1,1.0,1.5,EUR
CN-HAM01-005328,HAM01,SM-HAM01,AR00359,smart,2026-06-22,1,1.0,7.9,EUR
CN-HAM01-005329,HAM01,PF-HAM01,AR00330,payfree,2026-06-23,1,2.0,39.0,EUR
CN-HAM01-005330,HAM01,PF-HAM01,AR00373,payfree,2026-06-23,1,3.0,14.85,EUR
CN-HAM01-005331,HAM01,PF-HAM01,AR00381,payfree,2026-06-23,1,1.0,3.75,EUR
CN-HAM01-005332,HAM01,SM-HAM01,AR00303,smart,2026-06-23,1,1.0,5.65,EUR
CN-HAM01-005333,HAM01,SM-HAM01,AR00402,smart,2026-06-23,1,1.0,1.2,EUR
CN-HAM01-005334,HAM01,SM-HAM01,AR00274,smart,2026-06-23,1,3.0,7.2,EUR
CN-HAM01-005335,HAM01,SM-HAM01,AR00223,smart,2026-06-23,1,1.0,0.7,EUR
CN-HAM01-005336,HAM01,PF-HAM01,AR00095,payfree,2026-06-24,1,3.0,7.8,EUR
CN-HAM01-005337,HAM01,PF-HAM01,AR00322,payfree,2026-06-24,1,1.0,1.2,EUR
CN-HAM01-005338,HAM01,PF-HAM01,AR00172,payfree,2026-06-24,1,2.0,7.9,EUR
CN-HAM01-005339,HAM01,PF-HAM01,AR00403,payfree,2026-06-24,1,2.0,2.4,EUR
CN-HAM01-005340,HAM01,PF-HAM01,AR00371,payfree,2026-06-25,1,2.0,9.9,EUR
CN-HAM01-005341,HAM01,PF-HAM01,AR00319,payfree,2026-06-25,1,3.0,3.6,EUR
CN-HAM01-005342,HAM01,PF-HAM01,AR00009,payfree,2026-06-25,1,1.0,1.0,EUR
CN-HAM01-005343,HAM01,PF-HAM01,AR00026,payfree,2026-06-25,1,1.0,1.2,EUR
CN-HAM01-005344,HAM01,PF-HAM01,AR00242,payfree,2026-06-25,1,1.0,2.5,EUR
CN-HAM01-005345,HAM01,PF-HAM01,AR00221,payfree,2026-06-25,1,2.0,2.0,EUR
CN-HAM01-005346,HAM01,PF-HAM01,AR00240,payfree,2026-06-25,1,3.0,5.7,EUR
CN-HAM01-005347,HAM01,PF-HAM01,AR00038,payfree,2026-06-25,1,2.0,9.9,EUR
CN-HAM01-005348,HAM01,PF-HAM01,AR00025,payfree,2026-06-25,1,3.0,7.5,EUR
CN-HAM01-005349,HAM01,PF-HAM01,AR00055,payfree,2026-06-26,1,3.0,7.5,EUR
CN-HAM01-005350,HAM01,PF-HAM01,AR00023,payfree,2026-06-26,1,3.0,5.4,EUR
CN-HAM01-005351,HAM01,PF-HAM01,AR00201,payfree,2026-06-26,1,3.0,81.0,EUR
CN-HAM01-005352,HAM01,PF-HAM01,AR00231,payfree,2026-06-26,1,2.0,7.9,EUR
CN-HAM01-005353,HAM01,PF-HAM01,AR00454,payfree,2026-06-26,1,1.0,2.9,EUR
CN-HAM01-005354,HAM01,PF-HAM01,AR00162,payfree,2026-06-26,1,3.0,11.4,EUR
CN-HAM01-005355,HAM01,PF-HAM01,AR00050,payfree,2026-06-26,1,1.0,12.9,EUR
CN-HAM01-005356,HAM01,PF-HAM01,AR00035,payfree,2026-06-26,1,1.0,2.5,EUR
CN-HAM01-005357,HAM01,SM-HAM01,AR00159,smart,2026-06-26,1,2.0,7.6,EUR
CN-HAM01-005358,HAM01,PF-HAM01,AR00158,payfree,2026-06-27,1,1.0,3.8,EUR
CN-HAM01-005359,HAM01,PF-HAM01,AR00245,payfree,2026-06-27,1,2.0,6.2,EUR
CN-HAM01-005360,HAM01,PF-HAM01,AR00211,payfree,2026-06-27,1,2.0,2.4,EUR
CN-HAM01-005361,HAM01,PF-HAM01,AR00386,payfree,2026-06-27,1,2.0,4.0,EUR
CN-HAM01-005362,HAM01,PF-HAM01,AR00162,payfree,2026-06-27,1,1.0,3.8,EUR
CN-HAM01-005363,HAM01,PF-HAM01,AR00324,payfree,2026-06-27,1,3.0,9.9,EUR
CN-HAM01-005364,HAM01,PF-HAM01,AR00356,payfree,2026-06-27,1,2.0,11.0,EUR
CN-HAM01-005365,HAM01,SM-HAM01,AR00068,smart,2026-06-27,1,3.0,7.5,EUR
CN-HAM01-005366,HAM01,SM-HAM01,AR00034,smart,2026-06-27,1,2.0,4.0,EUR
CN-HAM01-005367,HAM01,PF-HAM01,AR90025,payfree,2026-06-28,1,1.0,1.2,EUR
CN-HAM01-005368,HAM01,PF-HAM01,AR90023,payfree,2026-06-28,1,3.0,4.8,EUR
CN-HAM01-005369,HAM01,PF-HAM01,AR00096,payfree,2026-06-28,1,3.0,11.85,EUR
CN-HAM01-005370,HAM01,PF-HAM01,IKA003,payfree,2026-06-29,1,3.0,6.6,EUR
CN-HAM01-005371,HAM01,PF-HAM01,AR00398,payfree,2026-06-29,1,2.0,4.7,EUR
CN-HAM01-005372,HAM01,PF-HAM01,AR00110,payfree,2026-06-29,1,1.0,3.5,EUR
CN-HAM01-005373,HAM01,PF-HAM01,AR00030,payfree,2026-06-29,1,1.0,3.5,EUR
CN-HAM01-005374,HAM01,SM-HAM01,AR00404,smart,2026-06-29,1,2.0,2.4,EUR
CN-HAM01-005375,HAM01,SM-HAM01,AR00332,smart,2026-06-29,1,2.0,4.5,EUR
CN-HAM01-005376,HAM01,SM-HAM01,AR90019,smart,2026-06-29,1,2.0,3.9,EUR
CN-HAM01-005377,HAM01,PF-HAM01,AR00417,payfree,2026-06-30,1,3.0,132.0,EUR
CN-HAM01-005378,HAM01,PF-HAM01,AR00209,payfree,2026-06-30,1,3.0,1.5,EUR
CN-HAM01-005379,HAM01,SM-HAM01,AR00189,smart,2026-06-30,1,3.0,6.6,EUR
CN-HAM01-005380,HAM01,SM-HAM01,AR00018,smart,2026-06-30,1,2.0,3.6,EUR
CN-HAM01-005381,HAM01,SM-HAM01,AR00324,smart,2026-06-30,1,1.0,3.3,EUR
CN-HAM01-005382,HAM01,SM-HAM01,AR00286,smart,2026-06-30,1,1.0,1.2,EUR
CN-HAM01-005383,HAM01,PF-HAM01,AR00304,payfree,2026-07-01,1,1.0,5.65,EUR
CN-HAM01-005384,HAM01,PF-HAM01,AR00137,payfree,2026-07-01,1,1.0,2.7,EUR
CN-HAM01-005385,HAM01,PF-HAM01,AR00008,payfree,2026-07-01,1,2.0,3.6,EUR
CN-HAM01-005386,HAM01,PF-HAM01,AR00169,payfree,2026-07-01,1,3.0,7.5,EUR
CN-HAM01-005387,HAM01,PF-HAM01,AR00066,payfree,2026-07-01,1,3.0,7.5,EUR
CN-HAM01-005388,HAM01,PF-HAM01,AR00366,payfree,2026-07-01,1,3.0,11.25,EUR
CN-HAM01-005389,HAM01,PF-HAM01,AR00284,payfree,2026-07-01,1,2.0,4.7,EUR
CN-HAM01-005390,HAM01,PF-HAM01,AR00207,payfree,2026-07-01,1,2.0,2.0,EUR
CN-HAM01-005391,HAM01,SM-HAM01,AR00211,smart,2026-07-01,1,3.0,3.6,EUR
CN-HAM01-005392,HAM01,PF-HAM01,SM0017,payfree,2026-07-02,1,3.0,5.97,EUR
CN-HAM01-005393,HAM01,PF-HAM01,SM0018,payfree,2026-07-02,1,3.0,11.85,EUR
CN-HAM01-005394,HAM01,PF-HAM01,AR00371,payfree,2026-07-02,1,3.0,14.85,EUR
CN-HAM01-005395,HAM01,PF-HAM01,AR00113,payfree,2026-07-02,1,1.0,1.9,EUR
CN-HAM01-005396,HAM01,PF-HAM01,AR00115,payfree,2026-07-02,1,2.0,7.0,EUR
CN-HAM01-005397,HAM01,PF-HAM01,AR00380,payfree,2026-07-02,1,2.0,7.5,EUR
CN-HAM01-005398,HAM01,PF-HAM01,AR00386,payfree,2026-07-02,1,1.0,2.0,EUR
CN-HAM01-005399,HAM01,PF-HAM01,AR00040,payfree,2026-07-02,1,1.0,3.3,EUR
CN-HAM01-005400,HAM01,SM-HAM01,AR00346,smart,2026-07-02,1,3.0,11.7,EUR
CN-HAM01-005401,HAM01,SM-HAM01,AR00364,smart,2026-07-02,1,2.0,7.5,EUR
CN-HAM01-005402,HAM01,SM-HAM01,AR00319,smart,2026-07-02,1,3.0,3.6,EUR
CN-HAM01-005403,HAM01,PF-HAM01,AR00070,payfree,2026-07-03,1,1.0,2.3,EUR
CN-HAM01-005404,HAM01,PF-HAM01,AR00394,payfree,2026-07-03,1,1.0,2.9,EUR
CN-HAM01-005405,HAM01,PF-HAM01,AR00207,payfree,2026-07-03,1,1.0,1.0,EUR
CN-HAM01-005406,HAM01,PF-HAM01,AR00101,payfree,2026-07-03,1,1.0,1.9,EUR
CN-HAM01-005407,HAM01,PF-HAM01,AR00043,payfree,2026-07-03,1,1.0,8.9,EUR
CN-HAM01-005408,HAM01,SM-HAM01,AR00345,smart,2026-07-03,1,1.0,3.9,EUR
CN-HAM01-005409,HAM01,SM-HAM01,AR00157,smart,2026-07-03,1,2.0,7.6,EUR
CN-HAM01-005410,HAM01,MO-HAM01,AR00019,smart,2026-07-03,1,2.0,3.6,EUR
